bearing_id,step_id,normalized_lifetime,level
Bearing3_1,0,0.0,
Bearing3_1,1,0.00039416633819471815,
Bearing3_1,2,0.0007883326763894363,
Bearing3_1,3,0.0011824990145841545,
Bearing3_1,4,0.0015766653527788726,
Bearing3_1,5,0.001970831690973591,
Bearing3_1,6,0.002364998029168309,
Bearing3_1,7,0.0027591643673630273,
Bearing3_1,8,0.0031533307055577452,
Bearing3_1,9,0.0035474970437524636,
Bearing3_1,10,0.003941663381947182,
Bearing3_1,11,0.0043358297201418995,
Bearing3_1,12,0.004729996058336618,
Bearing3_1,13,0.005124162396531336,
Bearing3_1,14,0.005518328734726055,
Bearing3_1,15,0.005912495072920773,0.30258497647434657
Bearing3_1,16,0.0063066614111154905,0.3712907498065841
Bearing3_1,17,0.006700827749310209,0.38943070263697965
Bearing3_1,18,0.007094994087504927,0.406775724118699
Bearing3_1,19,0.007489160425699646,0.36512239200408303
Bearing3_1,20,0.007883326763894364,0.37711847432998
Bearing3_1,21,0.008277493102089082,0.3634015229361009
Bearing3_1,22,0.008671659440283799,0.36618856818269363
Bearing3_1,23,0.009065825778478517,0.38123865485050934
Bearing3_1,24,0.009459992116673236,0.3767262744520867
Bearing3_1,25,0.009854158454867954,0.3713918966748258
Bearing3_1,26,0.010248324793062672,0.37871497316593383
Bearing3_1,27,0.01064249113125739,0.3697976498806436
Bearing3_1,28,0.01103665746945211,0.3181560285114392
Bearing3_1,29,0.011430823807646828,0.333963282486992
Bearing3_1,30,0.011824990145841546,0.30047172441732717
Bearing3_1,31,0.012219156484036263,0.28139861378785547
Bearing3_1,32,0.012613322822230981,0.2620668766633458
Bearing3_1,33,0.0130074891604257,0.21464895245779955
Bearing3_1,34,0.013401655498620418,0.1789789518050154
Bearing3_1,35,0.013795821836815136,0.13803986523911002
Bearing3_1,36,0.014189988175009854,0.045411179764706544
Bearing3_1,37,0.014584154513204573,-0.033331124452730676
Bearing3_1,38,0.014978320851399291,-0.06848467574237778
Bearing3_1,39,0.015372487189594008,-0.16850145573538672
Bearing3_1,40,0.015766653527788728,-0.1751838125441981
Bearing3_1,41,0.016160819865983445,-0.18056549810764294
Bearing3_1,42,0.016554986204178165,-0.21135649272380436
Bearing3_1,43,0.01694915254237288,-0.2328883062733758
Bearing3_1,44,0.017343318880567598,-0.2647776730343925
Bearing3_1,45,0.017737485218762318,-0.28571074377996464
Bearing3_1,46,0.018131651556957035,-0.29974947425903514
Bearing3_1,47,0.018525817895151755,-0.2824444726830419
Bearing3_1,48,0.01891998423334647,-0.26754091556988857
Bearing3_1,49,0.01931415057154119,-0.22601931598024372
Bearing3_1,50,0.019708316909735908,-0.2737974858469791
Bearing3_1,51,0.02010248324793063,-0.3283827931942088
Bearing3_1,52,0.020496649586125345,-0.3285313923654048
Bearing3_1,53,0.02089081592432006,-0.3441278656594434
Bearing3_1,54,0.02128498226251478,-0.33418068082447344
Bearing3_1,55,0.0216791486007095,-0.3446979662826563
Bearing3_1,56,0.02207331493890422,-0.33616020457085793
Bearing3_1,57,0.022467481277098935,-0.365391112494
Bearing3_1,58,0.022861647615293655,-0.4106091784177603
Bearing3_1,59,0.023255813953488372,-0.4218965270831269
Bearing3_1,60,0.023649980291683092,-0.4155552708788252
Bearing3_1,61,0.02404414662987781,-0.41523270468482265
Bearing3_1,62,0.024438312968072525,-0.4640214266240207
Bearing3_1,63,0.024832479306267245,-0.46814152087445526
Bearing3_1,64,0.025226645644461962,-0.4834234098175273
Bearing3_1,65,0.025620811982656682,-0.45662804691897285
Bearing3_1,66,0.0260149783208514,-0.44390095158510634
Bearing3_1,67,0.02640914465904612,-0.40678413122549706
Bearing3_1,68,0.026803310997240835,-0.36543229953715006
Bearing3_1,69,0.027197477335435555,-0.350566961474115
Bearing3_1,70,0.027591643673630272,-0.33355409139837744
Bearing3_1,71,0.02798581001182499,-0.31103161036729354
Bearing3_1,72,0.02837997635001971,-0.2873333184350732
Bearing3_1,73,0.028774142688214426,-0.258559814061052
Bearing3_1,74,0.029168309026409146,-0.2523107213256351
Bearing3_1,75,0.029562475364603862,-0.2459217242363599
Bearing3_1,76,0.029956641702798582,-0.24709801743291576
Bearing3_1,77,0.0303508080409933,-0.2642523734705042
Bearing3_1,78,0.030744974379188016,-0.2809896672607151
Bearing3_1,79,0.031139140717382736,-0.3259838968045138
Bearing3_1,80,0.031533307055577456,-0.3913442536409019
Bearing3_1,81,0.03192747339377217,-0.40000103420825195
Bearing3_1,82,0.03232163973196689,-0.393152866551322
Bearing3_1,83,0.032715806070161606,-0.41822652231017965
Bearing3_1,84,0.03310997240835633,-0.42191851922082685
Bearing3_1,85,0.033504138746551046,-0.432424171420245
Bearing3_1,86,0.03389830508474576,-0.4575729965545234
Bearing3_1,87,0.03429247142294048,-0.4819496771625477
Bearing3_1,88,0.034686637761135196,-0.47434964395195606
Bearing3_1,89,0.03508080409932992,-0.45249425971658963
Bearing3_1,90,0.035474970437524636,-0.38969513302793723
Bearing3_1,91,0.03586913677571935,-0.38979432564263994
Bearing3_1,92,0.03626330311391407,-0.41346820456813466
Bearing3_1,93,0.03665746945210879,-0.4218690338379515
Bearing3_1,94,0.03705163579030351,-0.4302063363876999
Bearing3_1,95,0.037445802128498226,-0.44363500052076077
Bearing3_1,96,0.03783996846669294,-0.4391006508041418
Bearing3_1,97,0.03823413480488766,-0.4332512248334786
Bearing3_1,98,0.03862830114308238,-0.4739683963234619
Bearing3_1,99,0.0390224674812771,-0.523090621182596
Bearing3_1,100,0.039416633819471816,-0.5188018969027679
Bearing3_1,101,0.03981080015766653,-0.4908133324307509
Bearing3_1,102,0.04020496649586126,-0.4392408727964182
Bearing3_1,103,0.04059913283405597,-0.38476734141934027
Bearing3_1,104,0.04099329917225069,-0.29291861416864295
Bearing3_1,105,0.041387465510445406,-0.19929369703620964
Bearing3_1,106,0.04178163184864012,-0.12557324111465495
Bearing3_1,107,0.04217579818683485,-0.052576976953836674
Bearing3_1,108,0.04256996452502956,0.04480045563930956
Bearing3_1,109,0.04296413086322428,0.13898258581774398
Bearing3_1,110,0.043358297201419,0.18224471586095586
Bearing3_1,111,0.04375246353961372,0.18760561336586157
Bearing3_1,112,0.04414662987780844,0.1709264065037435
Bearing3_1,113,0.04454079621600315,0.12415571088951183
Bearing3_1,114,0.04493496255419787,0.06379265909711121
Bearing3_1,115,0.04532912889239259,-0.013862203249540465
Bearing3_1,116,0.04572329523058731,-0.1088777205982618
Bearing3_1,117,0.04611746156878203,-0.18235927194623475
Bearing3_1,118,0.046511627906976744,-0.25246222726250156
Bearing3_1,119,0.04690579424517146,-0.2804842660922106
Bearing3_1,120,0.047299960583366184,-0.37673911396821336
Bearing3_1,121,0.0476941269215609,-0.44154169473981303
Bearing3_1,122,0.04808829325975562,-0.5435662455665092
Bearing3_1,123,0.048482459597950334,-0.584042551461234
Bearing3_1,124,0.04887662593614505,-0.6513619997321639
Bearing3_1,125,0.049270792274339774,-0.7057647722838042
Bearing3_1,126,0.04966495861253449,-0.7038539591199264
Bearing3_1,127,0.05005912495072921,-0.80496023524674
Bearing3_1,128,0.050453291288923924,-0.8470360828671618
Bearing3_1,129,0.05084745762711865,-0.89061636461521
Bearing3_1,130,0.051241623965313364,-0.9210862713597854
Bearing3_1,131,0.05163579030350808,-0.9472928784389814
Bearing3_1,132,0.0520299566417028,-0.8218109279067989
Bearing3_1,133,0.052424122979897514,-0.7216715236330339
Bearing3_1,134,0.05281828931809224,-0.5999293245125005
Bearing3_1,135,0.053212455656286954,-0.518597294842143
Bearing3_1,136,0.05360662199448167,-0.49222327369794855
Bearing3_1,137,0.05400078833267639,-0.3455871452781104
Bearing3_1,138,0.05439495467087111,-0.23478352651103576
Bearing3_1,139,0.05478912100906583,-0.14719701398466684
Bearing3_1,140,0.055183287347260544,-0.008852562647720209
Bearing3_1,141,0.05557745368545526,0.1024101869382735
Bearing3_1,142,0.05597162002364998,0.11914408761099593
Bearing3_1,143,0.0563657863618447,0.1304201646136161
Bearing3_1,144,0.05675995270003942,0.08929532078667439
Bearing3_1,145,0.057154119038234134,0.08130503579118978
Bearing3_1,146,0.05754828537642885,0.08156686507785957
Bearing3_1,147,0.057942451714623575,0.07535058331065243
Bearing3_1,148,0.05833661805281829,0.012454867458395635
Bearing3_1,149,0.05873078439101301,-0.04140975920505028
Bearing3_1,150,0.059124950729207724,-0.0769316196061339
Bearing3_1,151,0.05951911706740244,-0.11477202788765684
Bearing3_1,152,0.059913283405597165,-0.14814864048282145
Bearing3_1,153,0.06030744974379188,-0.19528000036453275
Bearing3_1,154,0.0607016160819866,-0.2414643094318712
Bearing3_1,155,0.061095782420181315,-0.2614566947892928
Bearing3_1,156,0.06148994875837603,-0.21317835899190607
Bearing3_1,157,0.061884115096570755,-0.15818105790958092
Bearing3_1,158,0.06227828143476547,-0.07731418429057417
Bearing3_1,159,0.06267244777296019,0.03550430185851562
Bearing3_1,160,0.06306661411115491,0.12460373350880465
Bearing3_1,161,0.06346078044934962,0.21502829381020447
Bearing3_1,162,0.06385494678754434,0.2747201432582444
Bearing3_1,163,0.06424911312573907,0.3324816894331307
Bearing3_1,164,0.06464327946393378,0.4027718621000992
Bearing3_1,165,0.0650374458021285,0.41999299330199785
Bearing3_1,166,0.06543161214032321,0.40030359737729376
Bearing3_1,167,0.06582577847851794,0.3727739636112513
Bearing3_1,168,0.06621994481671266,0.3898446728007493
Bearing3_1,169,0.06661411115490737,0.3195725366948356
Bearing3_1,170,0.06700827749310209,0.21654327185123087
Bearing3_1,171,0.0674024438312968,0.19065677573960946
Bearing3_1,172,0.06779661016949153,0.19358267686485822
Bearing3_1,173,0.06819077650768625,0.14713422255629266
Bearing3_1,174,0.06858494284588096,0.12649270738621848
Bearing3_1,175,0.06897910918407568,0.1283154482417451
Bearing3_1,176,0.06937327552227039,0.14878262830987957
Bearing3_1,177,0.06976744186046512,0.14239472734904365
Bearing3_1,178,0.07016160819865984,0.10120412540780643
Bearing3_1,179,0.07055577453685455,0.11380540754980635
Bearing3_1,180,0.07094994087504927,0.10842980066602119
Bearing3_1,181,0.071344107213244,0.04067974772015696
Bearing3_1,182,0.0717382735514387,-0.059382102850863316
Bearing3_1,183,0.07213243988963343,-0.1023555770383697
Bearing3_1,184,0.07252660622782814,-0.10704952118124549
Bearing3_1,185,0.07292077256602286,-0.11853837229251503
Bearing3_1,186,0.07331493890421759,-0.12927411819162485
Bearing3_1,187,0.0737091052424123,-0.12321237232939838
Bearing3_1,188,0.07410327158060702,-0.12565703352893737
Bearing3_1,189,0.07449743791880173,-0.163266813128241
Bearing3_1,190,0.07489160425699645,-0.15369164253338344
Bearing3_1,191,0.07528577059519118,-0.1632276139300793
Bearing3_1,192,0.07567993693338589,-0.15566545593646028
Bearing3_1,193,0.07607410327158061,-0.18427828378138175
Bearing3_1,194,0.07646826960977532,-0.1742971075456771
Bearing3_1,195,0.07686243594797004,-0.11208615141300386
Bearing3_1,196,0.07725660228616477,-0.05696350235157153
Bearing3_1,197,0.07765076862435948,-0.07044352204615488
Bearing3_1,198,0.0780449349625542,-0.05702599387009614
Bearing3_1,199,0.07843910130074892,-0.05262190400788106
Bearing3_1,200,0.07883326763894363,-0.05066167676033258
Bearing3_1,201,0.07922743397713836,-0.03584370259239391
Bearing3_1,202,0.07962160031533307,-0.0038555438201115177
Bearing3_1,203,0.08001576665352779,0.025734959129214707
Bearing3_1,204,0.08040993299172251,-0.02288505370822048
Bearing3_1,205,0.08080409932991722,-0.11942265158421976
Bearing3_1,206,0.08119826566811195,-0.23401994416950783
Bearing3_1,207,0.08159243200630666,-0.2918792033361851
Bearing3_1,208,0.08198659834450138,-0.3861689672236377
Bearing3_1,209,0.0823807646826961,-0.4624452461112245
Bearing3_1,210,0.08277493102089081,-0.5478528047427519
Bearing3_1,211,0.08316909735908554,-0.6206928888514864
Bearing3_1,212,0.08356326369728025,-0.7196997827035672
Bearing3_1,213,0.08395743003547497,-0.7672076707648914
Bearing3_1,214,0.0843515963736697,-0.8446951035666148
Bearing3_1,215,0.0847457627118644,-0.9015960262127433
Bearing3_1,216,0.08513992905005913,-0.9511050434422075
Bearing3_1,217,0.08553409538825384,-1.0154250842090549
Bearing3_1,218,0.08592826172644856,-1.066142686446287
Bearing3_1,219,0.08632242806464328,-0.9707782291757239
Bearing3_1,220,0.086716594402838,-0.8794084292762132
Bearing3_1,221,0.08711076074103272,-0.7931815624694135
Bearing3_1,222,0.08750492707922744,-0.7013066383458897
Bearing3_1,223,0.08789909341742215,-0.6287342810142972
Bearing3_1,224,0.08829325975561687,-0.5388469419740887
Bearing3_1,225,0.08868742609381158,-0.440248437902774
Bearing3_1,226,0.0890815924320063,-0.35159461807533376
Bearing3_1,227,0.08947575877020103,-0.1954646104423427
Bearing3_1,228,0.08986992510839574,-0.06109092321836275
Bearing3_1,229,0.09026409144659046,-0.07078942829442414
Bearing3_1,230,0.09065825778478517,-0.09751131905465113
Bearing3_1,231,0.0910524241229799,-0.14452648368629112
Bearing3_1,232,0.09144659046117462,-0.17175902601069964
Bearing3_1,233,0.09184075679936933,-0.21931422537169948
Bearing3_1,234,0.09223492313756405,-0.23814784458175345
Bearing3_1,235,0.09262908947575876,-0.26265062814912066
Bearing3_1,236,0.09302325581395349,-0.27114769631026386
Bearing3_1,237,0.09341742215214821,-0.3250720260883418
Bearing3_1,238,0.09381158849034292,-0.3765213539547026
Bearing3_1,239,0.09420575482853764,-0.4342552680136742
Bearing3_1,240,0.09459992116673237,-0.4714089077474405
Bearing3_1,241,0.09499408750492708,-0.4961458914516664
Bearing3_1,242,0.0953882538431218,-0.5352783795442725
Bearing3_1,243,0.09578242018131651,-0.5630526730438357
Bearing3_1,244,0.09617658651951123,-0.6104320275393209
Bearing3_1,245,0.09657075285770596,-0.632356362988688
Bearing3_1,246,0.09696491919590067,-0.6291566968412756
Bearing3_1,247,0.09735908553409539,-0.6765776609479828
Bearing3_1,248,0.0977532518722901,-0.637393560766842
Bearing3_1,249,0.09814741821048482,-0.5573089540456271
Bearing3_1,250,0.09854158454867955,-0.48528035629810623
Bearing3_1,251,0.09893575088687426,-0.3930131473829024
Bearing3_1,252,0.09932991722506898,-0.35499699947889296
Bearing3_1,253,0.09972408356326369,-0.2630484130670844
Bearing3_1,254,0.10011824990145841,-0.17842784243562074
Bearing3_1,255,0.10051241623965314,-0.11687068556083302
Bearing3_1,256,0.10090658257784785,-0.09171442095825712
Bearing3_1,257,0.10130074891604257,-0.030311315723496247
Bearing3_1,258,0.1016949152542373,-0.0032625774464085434
Bearing3_1,259,0.102089081592432,0.0016833286039424967
Bearing3_1,260,0.10248324793062673,0.008369653975784735
Bearing3_1,261,0.10287741426882144,0.03685025265675766
Bearing3_1,262,0.10327158060701616,0.11632293301890309
Bearing3_1,263,0.10366574694521088,0.14722174820144157
Bearing3_1,264,0.1040599132834056,0.1825305063670258
Bearing3_1,265,0.10445407962160032,0.17992658200527675
Bearing3_1,266,0.10484824595979503,0.20740025142990995
Bearing3_1,267,0.10524241229798975,0.21152632878611125
Bearing3_1,268,0.10563657863618447,0.17382184550276258
Bearing3_1,269,0.10603074497437918,0.14880809275671614
Bearing3_1,270,0.10642491131257391,0.06451377452592161
Bearing3_1,271,0.10681907765076862,0.0026968741451328325
Bearing3_1,272,0.10721324398896334,0.0003212709792361934
Bearing3_1,273,0.10760741032715807,-0.016585548485643708
Bearing3_1,274,0.10800157666535277,-0.0009776715705283657
Bearing3_1,275,0.1083957430035475,0.031586320409899574
Bearing3_1,276,0.10878990934174222,0.047550531183842455
Bearing3_1,277,0.10918407567993693,0.08537239149386798
Bearing3_1,278,0.10957824201813166,0.1417421663259725
Bearing3_1,279,0.10997240835632636,0.16426474933392202
Bearing3_1,280,0.11036657469452109,0.2536533558604003
Bearing3_1,281,0.11076074103271581,0.3037411084158178
Bearing3_1,282,0.11115490737091052,0.2929600222537445
Bearing3_1,283,0.11154907370910525,0.3219270864826084
Bearing3_1,284,0.11194324004729996,0.29847292598693187
Bearing3_1,285,0.11233740638549468,0.2815832796243677
Bearing3_1,286,0.1127315727236894,0.26032049418950765
Bearing3_1,287,0.11312573906188411,0.225129214089037
Bearing3_1,288,0.11351990540007884,0.17366815657330273
Bearing3_1,289,0.11391407173827355,0.18110714776357933
Bearing3_1,290,0.11430823807646827,0.19009239532997216
Bearing3_1,291,0.11470240441466299,0.17254360393009255
Bearing3_1,292,0.1150965707528577,0.1664705330505692
Bearing3_1,293,0.11549073709105243,0.1245553400937079
Bearing3_1,294,0.11588490342924715,0.09073868386424659
Bearing3_1,295,0.11627906976744186,0.11195132367078242
Bearing3_1,296,0.11667323610563658,0.14251482390716594
Bearing3_1,297,0.11706740244383129,0.18033420348470305
Bearing3_1,298,0.11746156878202602,0.22552768630193293
Bearing3_1,299,0.11785573512022074,0.23731364682592035
Bearing3_1,300,0.11824990145841545,0.22730424081242143
Bearing3_1,301,0.11864406779661017,0.2271694983834383
Bearing3_1,302,0.11903823413480488,0.21262227311181703
Bearing3_1,303,0.1194324004729996,0.22076434442290416
Bearing3_1,304,0.11982656681119433,0.2442758831156857
Bearing3_1,305,0.12022073314938904,0.19670101786851651
Bearing3_1,306,0.12061489948758376,0.1375202170492255
Bearing3_1,307,0.12100906582577847,0.13696808848710865
Bearing3_1,308,0.1214032321639732,0.12317888687849392
Bearing3_1,309,0.12179739850216792,0.1303567562306302
Bearing3_1,310,0.12219156484036263,0.14779223467764746
Bearing3_1,311,0.12258573117855735,0.15137808282963033
Bearing3_1,312,0.12297989751675206,0.16004671604947063
Bearing3_1,313,0.12337406385494679,0.15375856231241694
Bearing3_1,314,0.12376823019314151,0.10659545323810973
Bearing3_1,315,0.12416239653133622,0.10684009397093519
Bearing3_1,316,0.12455656286953094,0.10825247499487196
Bearing3_1,317,0.12495072920772567,0.05004078547400701
Bearing3_1,318,0.12534489554592038,-0.016650223478517006
Bearing3_1,319,0.1257390618841151,-0.11546601213995411
Bearing3_1,320,0.12613322822230982,-0.1906205820102927
Bearing3_1,321,0.12652739456050452,-0.19959256294936395
Bearing3_1,322,0.12692156089869924,-0.18733825373146024
Bearing3_1,323,0.12731572723689397,-0.14226895244725632
Bearing3_1,324,0.1277098935750887,-0.05858463183667105
Bearing3_1,325,0.1281040599132834,-0.010916580214513593
Bearing3_1,326,0.12849822625147814,0.03641118871439507
Bearing3_1,327,0.12889239258967283,0.09351203738808292
Bearing3_1,328,0.12928655892786756,0.1720099924520499
Bearing3_1,329,0.12968072526606228,0.24329401987689003
Bearing3_1,330,0.130074891604257,0.3055808164045567
Bearing3_1,331,0.13046905794245173,0.34394168873308684
Bearing3_1,332,0.13086322428064642,0.3746196382175168
Bearing3_1,333,0.13125739061884115,0.36442719303133886
Bearing3_1,334,0.13165155695703587,0.33863566892810243
Bearing3_1,335,0.1320457232952306,0.33206986216758505
Bearing3_1,336,0.13243988963342532,0.301393123023106
Bearing3_1,337,0.13283405597162,0.2796528912320481
Bearing3_1,338,0.13322822230981474,0.27506191486522036
Bearing3_1,339,0.13362238864800946,0.28407293266243794
Bearing3_1,340,0.13401655498620418,0.28513199545738815
Bearing3_1,341,0.1344107213243989,0.2552777384343377
Bearing3_1,342,0.1348048876625936,0.24572327022699084
Bearing3_1,343,0.13519905400078833,0.2342361376629532
Bearing3_1,344,0.13559322033898305,0.24117897459619067
Bearing3_1,345,0.13598738667717777,0.2235070995078964
Bearing3_1,346,0.1363815530153725,0.2471415985457112
Bearing3_1,347,0.1367757193535672,0.2579855189706932
Bearing3_1,348,0.13716988569176192,0.2821339085044148
Bearing3_1,349,0.13756405202995664,0.27952177937190037
Bearing3_1,350,0.13795821836815136,0.2916333550964926
Bearing3_1,351,0.1383523847063461,0.3178094026284171
Bearing3_1,352,0.13874655104454078,0.30549109923476864
Bearing3_1,353,0.1391407173827355,0.3161235288296462
Bearing3_1,354,0.13953488372093023,0.33118438132138384
Bearing3_1,355,0.13992905005912495,0.362461900168651
Bearing3_1,356,0.14032321639731968,0.37516536635252046
Bearing3_1,357,0.14071738273551437,0.3966392002721476
Bearing3_1,358,0.1411115490737091,0.3892544435250693
Bearing3_1,359,0.14150571541190382,0.41571249398733123
Bearing3_1,360,0.14189988175009854,0.4291460997578799
Bearing3_1,361,0.14229404808829327,0.43785295239983923
Bearing3_1,362,0.142688214426488,0.46392493270606233
Bearing3_1,363,0.1430823807646827,0.4381939691635216
Bearing3_1,364,0.1434765471028774,0.4686319375082573
Bearing3_1,365,0.14387071344107213,0.4505036966388686
Bearing3_1,366,0.14426487977926686,0.42478114265400835
Bearing3_1,367,0.14465904611746158,0.4514732402004243
Bearing3_1,368,0.14505321245565628,0.4555160506728768
Bearing3_1,369,0.145447378793851,0.413353651489398
Bearing3_1,370,0.14584154513204572,0.43337341953524094
Bearing3_1,371,0.14623571147024045,0.44863164133214334
Bearing3_1,372,0.14662987780843517,0.4280762253138448
Bearing3_1,373,0.14702404414662987,0.4764959386449649
Bearing3_1,374,0.1474182104848246,0.45899277765638297
Bearing3_1,375,0.14781237682301931,0.48724092387484996
Bearing3_1,376,0.14820654316121404,0.5354679130100465
Bearing3_1,377,0.14860070949940876,0.5085191326578792
Bearing3_1,378,0.14899487583760346,0.5061606297393348
Bearing3_1,379,0.14938904217579818,0.5546593762811581
Bearing3_1,380,0.1497832085139929,0.5321275225962332
Bearing3_1,381,0.15017737485218763,0.5026989066893923
Bearing3_1,382,0.15057154119038235,0.5352989163877091
Bearing3_1,383,0.15096570752857705,0.5278308210486321
Bearing3_1,384,0.15135987386677177,0.4778913060321172
Bearing3_1,385,0.1517540402049665,0.46404970586639427
Bearing3_1,386,0.15214820654316122,0.4576541254803372
Bearing3_1,387,0.15254237288135594,0.4902021301018887
Bearing3_1,388,0.15293653921955064,0.5012938238007625
Bearing3_1,389,0.15333070555774536,0.4965969127195177
Bearing3_1,390,0.15372487189594009,0.5126380498324938
Bearing3_1,391,0.1541190382341348,0.49297786014665396
Bearing3_1,392,0.15451320457232953,0.49506641113070293
Bearing3_1,393,0.15490737091052423,0.5083489117968515
Bearing3_1,394,0.15530153724871895,0.5466484114677901
Bearing3_1,395,0.15569570358691368,0.5617644424696548
Bearing3_1,396,0.1560898699251084,0.5819986712073104
Bearing3_1,397,0.15648403626330312,0.5934510403188271
Bearing3_1,398,0.15687820260149785,0.6155997362376923
Bearing3_1,399,0.15727236893969254,0.6049441155205938
Bearing3_1,400,0.15766653527788727,0.6224009768496876
Bearing3_1,401,0.158060701616082,0.6881059556467217
Bearing3_1,402,0.1584548679542767,0.7162943368082054
Bearing3_1,403,0.15884903429247144,0.6621712675965465
Bearing3_1,404,0.15924320063066613,0.6629634636673526
Bearing3_1,405,0.15963736696886086,0.6486692057137543
Bearing3_1,406,0.16003153330705558,0.6425964667824473
Bearing3_1,407,0.1604256996452503,0.596667768132993
Bearing3_1,408,0.16081986598344503,0.5369341345632337
Bearing3_1,409,0.16121403232163972,0.5484255135403038
Bearing3_1,410,0.16160819865983445,0.5506929312869369
Bearing3_1,411,0.16200236499802917,0.5341062207492803
Bearing3_1,412,0.1623965313362239,0.4947654256951514
Bearing3_1,413,0.16279069767441862,0.5679460353059178
Bearing3_1,414,0.1631848640126133,0.6206269688185098
Bearing3_1,415,0.16357903035080804,0.6655870638682996
Bearing3_1,416,0.16397319668900276,0.6851085428061717
Bearing3_1,417,0.16436736302719748,0.7407978266458103
Bearing3_1,418,0.1647615293653922,0.8000428756908752
Bearing3_1,419,0.1651556957035869,0.8484128608490874
Bearing3_1,420,0.16554986204178163,0.8203905837755731
Bearing3_1,421,0.16594402837997635,0.8365740526428395
Bearing3_1,422,0.16633819471817107,0.8663484522369238
Bearing3_1,423,0.1667323610563658,0.8661571132156116
Bearing3_1,424,0.1671265273945605,0.85540946191352
Bearing3_1,425,0.16752069373275522,0.8504022342037254
Bearing3_1,426,0.16791486007094994,0.8558547531362892
Bearing3_1,427,0.16830902640914466,0.8505109087350172
Bearing3_1,428,0.1687031927473394,0.8644303051234455
Bearing3_1,429,0.16909735908553408,0.8631587362064863
Bearing3_1,430,0.1694915254237288,0.9099921089287364
Bearing3_1,431,0.16988569176192353,0.9496313312500956
Bearing3_1,432,0.17027985810011825,0.9760027018187627
Bearing3_1,433,0.17067402443831298,0.9890314921227432
Bearing3_1,434,0.17106819077650767,0.9744973987688315
Bearing3_1,435,0.1714623571147024,0.9990678102273588
Bearing3_1,436,0.17185652345289712,1.0113658312962275
Bearing3_1,437,0.17225068979109184,1.018397061544018
Bearing3_1,438,0.17264485612928657,1.0470350419864107
Bearing3_1,439,0.1730390224674813,1.0309484246751737
Bearing3_1,440,0.173433188805676,1.0508779890078783
Bearing3_1,441,0.1738273551438707,1.025575500000977
Bearing3_1,442,0.17422152148206543,1.0282925852124944
Bearing3_1,443,0.17461568782026016,1.0043395721466715
Bearing3_1,444,0.17500985415845488,1.0540881728527896
Bearing3_1,445,0.17540402049664958,1.0169791712500769
Bearing3_1,446,0.1757981868348443,1.0271379574181823
Bearing3_1,447,0.17619235317303902,1.0355078764954846
Bearing3_1,448,0.17658651951123375,1.0237592490928067
Bearing3_1,449,0.17698068584942847,1.06218889955053
Bearing3_1,450,0.17737485218762317,1.0513927702070607
Bearing3_1,451,0.1777690185258179,1.0824059231679397
Bearing3_1,452,0.1781631848640126,1.0673475281384075
Bearing3_1,453,0.17855735120220734,1.104942553861528
Bearing3_1,454,0.17895151754040206,1.1082227985081734
Bearing3_1,455,0.17934568387859676,1.1225787668207836
Bearing3_1,456,0.17973985021679148,1.1107068564714466
Bearing3_1,457,0.1801340165549862,1.1114586210452786
Bearing3_1,458,0.18052818289318093,1.1109777090432833
Bearing3_1,459,0.18092234923137565,1.0915012254556302
Bearing3_1,460,0.18131651556957035,1.1104443231159766
Bearing3_1,461,0.18171068190776507,1.0988663376148495
Bearing3_1,462,0.1821048482459598,1.0790737242118464
Bearing3_1,463,0.18249901458415452,1.0511682146416648
Bearing3_1,464,0.18289318092234924,1.0383944989584801
Bearing3_1,465,0.18328734726054394,1.0712191952913057
Bearing3_1,466,0.18368151359873866,1.0872965260197374
Bearing3_1,467,0.18407567993693338,1.1020871148101488
Bearing3_1,468,0.1844698462751281,1.1052708828339626
Bearing3_1,469,0.18486401261332283,1.114269330994919
Bearing3_1,470,0.18525817895151753,1.101255431460886
Bearing3_1,471,0.18565234528971225,1.062283847892464
Bearing3_1,472,0.18604651162790697,1.0721307395135806
Bearing3_1,473,0.1864406779661017,1.098930332673973
Bearing3_1,474,0.18683484430429642,1.1016704266400483
Bearing3_1,475,0.18722901064249114,1.0988044173549474
Bearing3_1,476,0.18762317698068584,1.0854631564615183
Bearing3_1,477,0.18801734331888056,1.0618315645705656
Bearing3_1,478,0.1884115096570753,1.0296665834134051
Bearing3_1,479,0.18880567599527,1.002549848465503
Bearing3_1,480,0.18919984233346474,0.9832207802080394
Bearing3_1,481,0.18959400867165943,0.9909210152893626
Bearing3_1,482,0.18998817500985415,0.973504866267356
Bearing3_1,483,0.19038234134804888,0.9267794204978047
Bearing3_1,484,0.1907765076862436,0.8957069357187579
Bearing3_1,485,0.19117067402443833,0.8733326006774949
Bearing3_1,486,0.19156484036263302,0.8292219097367456
Bearing3_1,487,0.19195900670082774,0.8155668696320323
Bearing3_1,488,0.19235317303902247,0.8309854177581721
Bearing3_1,489,0.1927473393772172,0.8360946143921038
Bearing3_1,490,0.19314150571541192,0.817967258599227
Bearing3_1,491,0.1935356720536066,0.8026691746611242
Bearing3_1,492,0.19392983839180133,0.8028581528339224
Bearing3_1,493,0.19432400472999606,0.8302059177247371
Bearing3_1,494,0.19471817106819078,0.8363152240935644
Bearing3_1,495,0.1951123374063855,0.8324460514196937
Bearing3_1,496,0.1955065037445802,0.8515313884372231
Bearing3_1,497,0.19590067008277492,0.8564259988765963
Bearing3_1,498,0.19629483642096965,0.8607033414433477
Bearing3_1,499,0.19668900275916437,0.8613161301561814
Bearing3_1,500,0.1970831690973591,0.8983485506295976
Bearing3_1,501,0.1974773354355538,0.9100354317308472
Bearing3_1,502,0.19787150177374851,0.9040781894324834
Bearing3_1,503,0.19826566811194324,0.886734166510599
Bearing3_1,504,0.19865983445013796,0.8684564463333357
Bearing3_1,505,0.19905400078833269,0.8542123531790592
Bearing3_1,506,0.19944816712652738,0.8613395426163455
Bearing3_1,507,0.1998423334647221,0.8172532260277068
Bearing3_1,508,0.20023649980291683,0.7516968444887626
Bearing3_1,509,0.20063066614111155,0.7248752327985682
Bearing3_1,510,0.20102483247930628,0.6550094227162544
Bearing3_1,511,0.20141899881750097,0.6469560278168991
Bearing3_1,512,0.2018131651556957,0.6469410680005954
Bearing3_1,513,0.20220733149389042,0.6435108884860947
Bearing3_1,514,0.20260149783208514,0.6688516952048544
Bearing3_1,515,0.20299566417027987,0.6586589130515011
Bearing3_1,516,0.2033898305084746,0.6283885043481887
Bearing3_1,517,0.20378399684666929,0.6652432101733748
Bearing3_1,518,0.204178163184864,0.7097507098113758
Bearing3_1,519,0.20457232952305873,0.7396590461646786
Bearing3_1,520,0.20496649586125346,0.7572977829558429
Bearing3_1,521,0.20536066219944818,0.7629862073993425
Bearing3_1,522,0.20575482853764288,0.7832039264297048
Bearing3_1,523,0.2061489948758376,0.7892988191054897
Bearing3_1,524,0.20654316121403232,0.7858215772329145
Bearing3_1,525,0.20693732755222705,0.799620767669253
Bearing3_1,526,0.20733149389042177,0.8223510945326753
Bearing3_1,527,0.20772566022861647,0.8285981252619911
Bearing3_1,528,0.2081198265668112,0.7995235413790626
Bearing3_1,529,0.2085139929050059,0.7723113889622084
Bearing3_1,530,0.20890815924320064,0.7880083692925339
Bearing3_1,531,0.20930232558139536,0.7665187508363341
Bearing3_1,532,0.20969649191959006,0.746704301305347
Bearing3_1,533,0.21009065825778478,0.7330910333995251
Bearing3_1,534,0.2104848245959795,0.7074953486812433
Bearing3_1,535,0.21087899093417423,0.7105975706595886
Bearing3_1,536,0.21127315727236895,0.6974785231099666
Bearing3_1,537,0.21166732361056365,0.6800143537834642
Bearing3_1,538,0.21206148994875837,0.7039646648652379
Bearing3_1,539,0.2124556562869531,0.6838460965484842
Bearing3_1,540,0.21284982262514782,0.6698578705596554
Bearing3_1,541,0.21324398896334254,0.7016136545792426
Bearing3_1,542,0.21363815530153724,0.7204127018015235
Bearing3_1,543,0.21403232163973196,0.7518717371930895
Bearing3_1,544,0.21442648797792668,0.7644656789778741
Bearing3_1,545,0.2148206543161214,0.7669333844358439
Bearing3_1,546,0.21521482065431613,0.7718733498298891
Bearing3_1,547,0.21560898699251083,0.77129572718884
Bearing3_1,548,0.21600315333070555,0.7341986394876837
Bearing3_1,549,0.21639731966890027,0.7619908468544956
Bearing3_1,550,0.216791486007095,0.7798380583242481
Bearing3_1,551,0.21718565234528972,0.7622979057325152
Bearing3_1,552,0.21757981868348444,0.7420194573123366
Bearing3_1,553,0.21797398502167914,0.731950760063077
Bearing3_1,554,0.21836815135987386,0.7326702925388677
Bearing3_1,555,0.2187623176980686,0.7343297488920142
Bearing3_1,556,0.2191564840362633,0.7379281460582401
Bearing3_1,557,0.21955065037445803,0.7366661454600495
Bearing3_1,558,0.21994481671265273,0.771390827375293
Bearing3_1,559,0.22033898305084745,0.7598074585273705
Bearing3_1,560,0.22073314938904218,0.7406800685501508
Bearing3_1,561,0.2211273157272369,0.739351473724842
Bearing3_1,562,0.22152148206543162,0.7355501581700885
Bearing3_1,563,0.22191564840362632,0.7145378068840843
Bearing3_1,564,0.22230981474182104,0.6915147799043689
Bearing3_1,565,0.22270398108001577,0.6677973568246565
Bearing3_1,566,0.2230981474182105,0.6507266371712156
Bearing3_1,567,0.22349231375640521,0.638933358009514
Bearing3_1,568,0.2238864800945999,0.6154586845974002
Bearing3_1,569,0.22428064643279463,0.5945941193537512
Bearing3_1,570,0.22467481277098936,0.6071143480178715
Bearing3_1,571,0.22506897910918408,0.6026161764454174
Bearing3_1,572,0.2254631454473788,0.6061814806496314
Bearing3_1,573,0.2258573117855735,0.5916218277996881
Bearing3_1,574,0.22625147812376822,0.6058189940883267
Bearing3_1,575,0.22664564446196295,0.6166675500601029
Bearing3_1,576,0.22703981080015767,0.6347223765686623
Bearing3_1,577,0.2274339771383524,0.6429963794285631
Bearing3_1,578,0.2278281434765471,0.6492662332535021
Bearing3_1,579,0.22822230981474181,0.687985357688947
Bearing3_1,580,0.22861647615293654,0.6815795383342469
Bearing3_1,581,0.22901064249113126,0.7037322251352538
Bearing3_1,582,0.22940480882932598,0.6885556440398476
Bearing3_1,583,0.22979897516752068,0.7076776796682072
Bearing3_1,584,0.2301931415057154,0.704555629901116
Bearing3_1,585,0.23058730784391013,0.6938653130420198
Bearing3_1,586,0.23098147418210485,0.675163903546852
Bearing3_1,587,0.23137564052029957,0.6765994000091237
Bearing3_1,588,0.2317698068584943,0.682879616067237
Bearing3_1,589,0.232163973196689,0.6612436847896269
Bearing3_1,590,0.23255813953488372,0.6521168853271283
Bearing3_1,591,0.23295230587307844,0.6370447724998852
Bearing3_1,592,0.23334647221127316,0.6204657596321392
Bearing3_1,593,0.2337406385494679,0.6293961946467678
Bearing3_1,594,0.23413480488766258,0.6419499093633679
Bearing3_1,595,0.2345289712258573,0.6446781885968788
Bearing3_1,596,0.23492313756405203,0.662682219895579
Bearing3_1,597,0.23531730390224675,0.6684985913058541
Bearing3_1,598,0.23571147024044148,0.6752873009315079
Bearing3_1,599,0.23610563657863617,0.6842813678778464
Bearing3_1,600,0.2364998029168309,0.6868578582589537
Bearing3_1,601,0.23689396925502562,0.7002448719224403
Bearing3_1,602,0.23728813559322035,0.7211476569217724
Bearing3_1,603,0.23768230193141507,0.7249151904079023
Bearing3_1,604,0.23807646826960976,0.7184293444184093
Bearing3_1,605,0.2384706346078045,0.7102339048327643
Bearing3_1,606,0.2388648009459992,0.7083589356188994
Bearing3_1,607,0.23925896728419394,0.6935687779268416
Bearing3_1,608,0.23965313362238866,0.6886590750526722
Bearing3_1,609,0.24004729996058335,0.6929628276534416
Bearing3_1,610,0.24044146629877808,0.7079478377257822
Bearing3_1,611,0.2408356326369728,0.7314639349654717
Bearing3_1,612,0.24122979897516753,0.741558404909253
Bearing3_1,613,0.24162396531336225,0.730828797352166
Bearing3_1,614,0.24201813165155694,0.7270955847700737
Bearing3_1,615,0.24241229798975167,0.7363583110674753
Bearing3_1,616,0.2428064643279464,0.7342182732383271
Bearing3_1,617,0.24320063066614112,0.6704596335278712
Bearing3_1,618,0.24359479700433584,0.6653605932754431
Bearing3_1,619,0.24398896334253053,0.6640097610475978
Bearing3_1,620,0.24438312968072526,0.6600288115430836
Bearing3_1,621,0.24477729601891998,0.5947363144971874
Bearing3_1,622,0.2451714623571147,0.579662667118009
Bearing3_1,623,0.24556562869530943,0.5485496362044414
Bearing3_1,624,0.24595979503350412,0.5304897986847694
Bearing3_1,625,0.24635396137169885,0.5144890475180088
Bearing3_1,626,0.24674812770989357,0.47597413745777173
Bearing3_1,627,0.2471422940480883,0.513327661427625
Bearing3_1,628,0.24753646038628302,0.48505918627218814
Bearing3_1,629,0.24793062672447774,0.4448002015284529
Bearing3_1,630,0.24832479306267244,0.4150165742825861
Bearing3_1,631,0.24871895940086716,0.4085109741786546
Bearing3_1,632,0.24911312573906189,0.415340373235884
Bearing3_1,633,0.2495072920772566,0.4433273211475791
Bearing3_1,634,0.24990145841545133,0.44531902341133456
Bearing3_1,635,0.25029562475364603,0.4304955484441638
Bearing3_1,636,0.25068979109184075,0.4284438549123112
Bearing3_1,637,0.2510839574300355,0.4435674176485838
Bearing3_1,638,0.2514781237682302,0.44836864134657206
Bearing3_1,639,0.2518722901064249,0.4651782112727211
Bearing3_1,640,0.25226645644461965,0.4559329873390139
Bearing3_1,641,0.25266062278281437,0.46024468409995983
Bearing3_1,642,0.25305478912100904,0.4394728941294278
Bearing3_1,643,0.25344895545920376,0.40526104528039497
Bearing3_1,644,0.2538431217973985,0.39361737687190024
Bearing3_1,645,0.2542372881355932,0.3787486537251349
Bearing3_1,646,0.25463145447378793,0.3747905852091795
Bearing3_1,647,0.25502562081198266,0.3654671113003913
Bearing3_1,648,0.2554197871501774,0.36173672194313167
Bearing3_1,649,0.2558139534883721,0.3333320637982582
Bearing3_1,650,0.2562081198265668,0.3465299127689736
Bearing3_1,651,0.25660228616476155,0.34175991334059086
Bearing3_1,652,0.2569964525029563,0.33975029744104523
Bearing3_1,653,0.25739061884115094,0.3616768399614981
Bearing3_1,654,0.25778478517934567,0.3854950777130384
Bearing3_1,655,0.2581789515175404,0.4059740482639419
Bearing3_1,656,0.2585731178557351,0.4333400204288794
Bearing3_1,657,0.25896728419392984,0.4457813123224904
Bearing3_1,658,0.25936145053212456,0.44322671168946837
Bearing3_1,659,0.2597556168703193,0.45205829000000586
Bearing3_1,660,0.260149783208514,0.4443940134472383
Bearing3_1,661,0.26054394954670873,0.4497256231605363
Bearing3_1,662,0.26093811588490345,0.44017405330129256
Bearing3_1,663,0.2613322822230981,0.43084648973849005
Bearing3_1,664,0.26172644856129285,0.4006078605905278
Bearing3_1,665,0.26212061489948757,0.38464202457511376
Bearing3_1,666,0.2625147812376823,0.368977591212684
Bearing3_1,667,0.262908947575877,0.323780154388364
Bearing3_1,668,0.26330311391407174,0.34638547292698496
Bearing3_1,669,0.26369728025226646,0.36005163044200783
Bearing3_1,670,0.2640914465904612,0.35789199963511653
Bearing3_1,671,0.2644856129286559,0.3493622584882635
Bearing3_1,672,0.26487977926685063,0.35004514475170645
Bearing3_1,673,0.2652739456050453,0.3271781663230082
Bearing3_1,674,0.26566811194324,0.3259159067139067
Bearing3_1,675,0.26606227828143475,0.33083944144900024
Bearing3_1,676,0.2664564446196295,0.3237437793646081
Bearing3_1,677,0.2668506109578242,0.3425808360903523
Bearing3_1,678,0.2672447772960189,0.33024023837882377
Bearing3_1,679,0.26763894363421364,0.32712510199233175
Bearing3_1,680,0.26803310997240837,0.32737171717473246
Bearing3_1,681,0.2684272763106031,0.32579458054454563
Bearing3_1,682,0.2688214426487978,0.3369681247283301
Bearing3_1,683,0.26921560898699254,0.358157662518522
Bearing3_1,684,0.2696097753251872,0.3587661906811216
Bearing3_1,685,0.27000394166338193,0.3620088550527158
Bearing3_1,686,0.27039810800157665,0.38518091070168553
Bearing3_1,687,0.2707922743397714,0.40385165256791267
Bearing3_1,688,0.2711864406779661,0.40208922772301114
Bearing3_1,689,0.2715806070161608,0.40830675130629784
Bearing3_1,690,0.27197477335435555,0.41977950672828684
Bearing3_1,691,0.27236893969255027,0.4070950240021813
Bearing3_1,692,0.272763106030745,0.41814990973521515
Bearing3_1,693,0.2731572723689397,0.424685698280166
Bearing3_1,694,0.2735514387071344,0.4235335267972509
Bearing3_1,695,0.2739456050453291,0.4134966036089699
Bearing3_1,696,0.27433977138352383,0.405815298087245
Bearing3_1,697,0.27473393772171856,0.39108350196291086
Bearing3_1,698,0.2751281040599133,0.40186353521387
Bearing3_1,699,0.275522270398108,0.404720701354471
Bearing3_1,700,0.27591643673630273,0.38769510570592164
Bearing3_1,701,0.27631060307449745,0.38792825043586243
Bearing3_1,702,0.2767047694126922,0.3821535167093015
Bearing3_1,703,0.2770989357508869,0.3591907371834991
Bearing3_1,704,0.27749310208908157,0.35309346734682534
Bearing3_1,705,0.2778872684272763,0.35903793307533094
Bearing3_1,706,0.278281434765471,0.36185003439758623
Bearing3_1,707,0.27867560110366574,0.3901647644159343
Bearing3_1,708,0.27906976744186046,0.3824017197860333
Bearing3_1,709,0.2794639337800552,0.38929898164459786
Bearing3_1,710,0.2798581001182499,0.407122785702769
Bearing3_1,711,0.28025226645644463,0.40543412221188235
Bearing3_1,712,0.28064643279463936,0.40680086921580233
Bearing3_1,713,0.2810405991328341,0.43901398301160083
Bearing3_1,714,0.28143476547102875,0.44385007982922825
Bearing3_1,715,0.28182893180922347,0.41303953579096053
Bearing3_1,716,0.2822230981474182,0.42554232660274305
Bearing3_1,717,0.2826172644856129,0.4002848452743458
Bearing3_1,718,0.28301143082380764,0.3977083908454
Bearing3_1,719,0.28340559716200237,0.387923827307122
Bearing3_1,720,0.2837997635001971,0.39350830341283033
Bearing3_1,721,0.2841939298383918,0.42947532244896935
Bearing3_1,722,0.28458809617658654,0.4034370812645031
Bearing3_1,723,0.28498226251478126,0.37597782397718127
Bearing3_1,724,0.285376428852976,0.3952910710007226
Bearing3_1,725,0.28577059519117065,0.41754977420345885
Bearing3_1,726,0.2861647615293654,0.3781642019155238
Bearing3_1,727,0.2865589278675601,0.38126691760579556
Bearing3_1,728,0.2869530942057548,0.3894127975898729
Bearing3_1,729,0.28734726054394955,0.3804593651978854
Bearing3_1,730,0.28774142688214427,0.3695473923570186
Bearing3_1,731,0.288135593220339,0.3513626944031868
Bearing3_1,732,0.2885297595585337,0.3565548256359368
Bearing3_1,733,0.28892392589672844,0.35162661665560646
Bearing3_1,734,0.28931809223492316,0.3233626950629233
Bearing3_1,735,0.28971225857311783,0.32890953665694656
Bearing3_1,736,0.29010642491131255,0.32972931806505873
Bearing3_1,737,0.2905005912495073,0.34009600123185785
Bearing3_1,738,0.290894757587702,0.3551281326395046
Bearing3_1,739,0.2912889239258967,0.3778849165297816
Bearing3_1,740,0.29168309026409145,0.3766348545523345
Bearing3_1,741,0.2920772566022862,0.38548246470620195
Bearing3_1,742,0.2924714229404809,0.4123989042059084
Bearing3_1,743,0.2928655892786756,0.44772962714050263
Bearing3_1,744,0.29325975561687034,0.485352365986071
Bearing3_1,745,0.293653921955065,0.48191589137481144
Bearing3_1,746,0.29404808829325974,0.5304307633156747
Bearing3_1,747,0.29444225463145446,0.5465724573258051
Bearing3_1,748,0.2948364209696492,0.5451815591853284
Bearing3_1,749,0.2952305873078439,0.5442681796395241
Bearing3_1,750,0.29562475364603863,0.5732016559567853
Bearing3_1,751,0.29601891998423335,0.6023484046582688
Bearing3_1,752,0.2964130863224281,0.6089179018314951
Bearing3_1,753,0.2968072526606228,0.5910061471386396
Bearing3_1,754,0.2972014189988175,0.5626776515141189
Bearing3_1,755,0.2975955853370122,0.6146141224672429
Bearing3_1,756,0.2979897516752069,0.5755452673332264
Bearing3_1,757,0.29838391801340164,0.571494217355369
Bearing3_1,758,0.29877808435159636,0.5734726848119109
Bearing3_1,759,0.2991722506897911,0.5894012208948957
Bearing3_1,760,0.2995664170279858,0.5681558675440084
Bearing3_1,761,0.29996058336618053,0.5507958179059024
Bearing3_1,762,0.30035474970437526,0.5479829435742489
Bearing3_1,763,0.30074891604257,0.5782619375216111
Bearing3_1,764,0.3011430823807647,0.5883473280278386
Bearing3_1,765,0.3015372487189594,0.5914995757872087
Bearing3_1,766,0.3019314150571541,0.6022750143397395
Bearing3_1,767,0.3023255813953488,0.5908135230781633
Bearing3_1,768,0.30271974773354354,0.5865667559072923
Bearing3_1,769,0.30311391407173827,0.5532112556233765
Bearing3_1,770,0.303508080409933,0.5596186456483678
Bearing3_1,771,0.3039022467481277,0.5466691444933621
Bearing3_1,772,0.30429641308632244,0.5131473844490225
Bearing3_1,773,0.30469057942451716,0.47024533197216706
Bearing3_1,774,0.3050847457627119,0.4611713721497718
Bearing3_1,775,0.3054789121009066,0.42808432850945743
Bearing3_1,776,0.3058730784391013,0.43263019273405295
Bearing3_1,777,0.306267244777296,0.42840638915416296
Bearing3_1,778,0.3066614111154907,0.40278789736944703
Bearing3_1,779,0.30705557745368545,0.39396374336417456
Bearing3_1,780,0.30744974379188017,0.38458945478941714
Bearing3_1,781,0.3078439101300749,0.3783231225814582
Bearing3_1,782,0.3082380764682696,0.3876043551487185
Bearing3_1,783,0.30863224280646434,0.3746774112695505
Bearing3_1,784,0.30902640914465906,0.3685662786371737
Bearing3_1,785,0.3094205754828538,0.3294555031442654
Bearing3_1,786,0.30981474182104846,0.30808015253493487
Bearing3_1,787,0.3102089081592432,0.30491684961708454
Bearing3_1,788,0.3106030744974379,0.30725127071198177
Bearing3_1,789,0.3109972408356326,0.29783801346017436
Bearing3_1,790,0.31139140717382735,0.26952038892100577
Bearing3_1,791,0.3117855735120221,0.26814703569611276
Bearing3_1,792,0.3121797398502168,0.2857552826626211
Bearing3_1,793,0.3125739061884115,0.30462056095492157
Bearing3_1,794,0.31296807252660624,0.31455779354164803
Bearing3_1,795,0.31336223886480097,0.33066773623219975
Bearing3_1,796,0.3137564052029957,0.32102924404384897
Bearing3_1,797,0.31415057154119036,0.3066421785295682
Bearing3_1,798,0.3145447378793851,0.29709003697075803
Bearing3_1,799,0.3149389042175798,0.2906418051515046
Bearing3_1,800,0.31533307055577453,0.2805546169756349
Bearing3_1,801,0.31572723689396925,0.26442614023572303
Bearing3_1,802,0.316121403232164,0.23958539366199716
Bearing3_1,803,0.3165155695703587,0.2354521352940977
Bearing3_1,804,0.3169097359085534,0.23128510570580155
Bearing3_1,805,0.31730390224674815,0.22770999054598326
Bearing3_1,806,0.31769806858494287,0.23833446885240464
Bearing3_1,807,0.31809223492313754,0.23765599533801737
Bearing3_1,808,0.31848640126133226,0.2282210794490016
Bearing3_1,809,0.318880567599527,0.2525381046730595
Bearing3_1,810,0.3192747339377217,0.2578284414152184
Bearing3_1,811,0.31966890027591643,0.2947014274280616
Bearing3_1,812,0.32006306661411116,0.29225085944452556
Bearing3_1,813,0.3204572329523059,0.3007312057348934
Bearing3_1,814,0.3208513992905006,0.2521735750220029
Bearing3_1,815,0.32124556562869533,0.23797173148408773
Bearing3_1,816,0.32163973196689005,0.2252429370127047
Bearing3_1,817,0.3220338983050847,0.2575620870698468
Bearing3_1,818,0.32242806464327944,0.28332461096219347
Bearing3_1,819,0.32282223098147417,0.2995158405775656
Bearing3_1,820,0.3232163973196689,0.28065811153885273
Bearing3_1,821,0.3236105636578636,0.2684469233531078
Bearing3_1,822,0.32400472999605834,0.29357518114587655
Bearing3_1,823,0.32439889633425306,0.26906883551396354
Bearing3_1,824,0.3247930626724478,0.3382979601862412
Bearing3_1,825,0.3251872290106425,0.381481213841561
Bearing3_1,826,0.32558139534883723,0.40080948566294355
Bearing3_1,827,0.3259755616870319,0.4060053039450553
Bearing3_1,828,0.3263697280252266,0.4415408192669079
Bearing3_1,829,0.32676389436342135,0.436277559817629
Bearing3_1,830,0.32715806070161607,0.46390484788777986
Bearing3_1,831,0.3275522270398108,0.45343475554164225
Bearing3_1,832,0.3279463933780055,0.4474377746481316
Bearing3_1,833,0.32834055971620024,0.47298719833343367
Bearing3_1,834,0.32873472605439497,0.4437664405260694
Bearing3_1,835,0.3291288923925897,0.4335595950305918
Bearing3_1,836,0.3295230587307844,0.3982901758454239
Bearing3_1,837,0.32991722506897914,0.35712756917134597
Bearing3_1,838,0.3303113914071738,0.30506686953624196
Bearing3_1,839,0.33070555774536853,0.26539307342321855
Bearing3_1,840,0.33109972408356325,0.27249211178413507
Bearing3_1,841,0.331493890421758,0.27091841908110403
Bearing3_1,842,0.3318880567599527,0.2533048107097087
Bearing3_1,843,0.3322822230981474,0.2189797420769966
Bearing3_1,844,0.33267638943634215,0.22974149139047087
Bearing3_1,845,0.33307055577453687,0.22864504252348233
Bearing3_1,846,0.3334647221127316,0.27334058415417767
Bearing3_1,847,0.3338588884509263,0.2986296017101798
Bearing3_1,848,0.334253054789121,0.3164929058113988
Bearing3_1,849,0.3346472211273157,0.33887322442226786
Bearing3_1,850,0.33504138746551043,0.3480364994030523
Bearing3_1,851,0.33543555380370516,0.3528529665570812
Bearing3_1,852,0.3358297201418999,0.3847381770365789
Bearing3_1,853,0.3362238864800946,0.40707397923146543
Bearing3_1,854,0.3366180528182893,0.42151772010813443
Bearing3_1,855,0.33701221915648405,0.4118167255518945
Bearing3_1,856,0.3374063854946788,0.3897409977761542
Bearing3_1,857,0.3378005518328735,0.4022847670895313
Bearing3_1,858,0.33819471817106816,0.4370269404246754
Bearing3_1,859,0.3385888845092629,0.4825308748099061
Bearing3_1,860,0.3389830508474576,0.507387227551108
Bearing3_1,861,0.33937721718565234,0.5321497750833621
Bearing3_1,862,0.33977138352384706,0.5374712054329459
Bearing3_1,863,0.3401655498620418,0.5771765466008609
Bearing3_1,864,0.3405597162002365,0.606051517259402
Bearing3_1,865,0.34095388253843123,0.6308713454811649
Bearing3_1,866,0.34134804887662595,0.6488748837174624
Bearing3_1,867,0.3417422152148207,0.6368013598940677
Bearing3_1,868,0.34213638155301535,0.5506148447719749
Bearing3_1,869,0.34253054789121007,0.5019968395812995
Bearing3_1,870,0.3429247142294048,0.4902968087831009
Bearing3_1,871,0.3433188805675995,0.4772183674792133
Bearing3_1,872,0.34371304690579424,0.4934353864834269
Bearing3_1,873,0.34410721324398896,0.4723656919820701
Bearing3_1,874,0.3445013795821837,0.4586029713620854
Bearing3_1,875,0.3448955459203784,0.46835208919979543
Bearing3_1,876,0.34528971225857313,0.4656391802918273
Bearing3_1,877,0.34568387859676786,0.44252456606703117
Bearing3_1,878,0.3460780449349626,0.47800143668862016
Bearing3_1,879,0.34647221127315725,0.4585772616434557
Bearing3_1,880,0.346866377611352,0.42701078546799087
Bearing3_1,881,0.3472605439495467,0.3835283526533836
Bearing3_1,882,0.3476547102877414,0.31101910037551633
Bearing3_1,883,0.34804887662593614,0.2825969579131536
Bearing3_1,884,0.34844304296413087,0.2359460142068966
Bearing3_1,885,0.3488372093023256,0.20770518299836138
Bearing3_1,886,0.3492313756405203,0.21655028802002554
Bearing3_1,887,0.34962554197871504,0.22532389528982355
Bearing3_1,888,0.35001970831690976,0.2188391896980292
Bearing3_1,889,0.35041387465510443,0.2282719145535151
Bearing3_1,890,0.35080804099329915,0.24348314155158285
Bearing3_1,891,0.3512022073314939,0.26579364165519975
Bearing3_1,892,0.3515963736696886,0.29786320449488646
Bearing3_1,893,0.3519905400078833,0.29987651630685486
Bearing3_1,894,0.35238470634607805,0.3167044627444664
Bearing3_1,895,0.35277887268427277,0.29270127176784405
Bearing3_1,896,0.3531730390224675,0.24997031914322537
Bearing3_1,897,0.3535672053606622,0.2335657929716143
Bearing3_1,898,0.35396137169885694,0.25401073715423045
Bearing3_1,899,0.3543555380370516,0.2319311472390695
Bearing3_1,900,0.35474970437524633,0.21643656193044816
Bearing3_1,901,0.35514387071344106,0.23744063659524964
Bearing3_1,902,0.3555380370516358,0.2447814508065488
Bearing3_1,903,0.3559322033898305,0.2661339643211666
Bearing3_1,904,0.3563263697280252,0.2901812679447424
Bearing3_1,905,0.35672053606621995,0.32514609531364663
Bearing3_1,906,0.3571147024044147,0.35504195843155534
Bearing3_1,907,0.3575088687426094,0.368847861424177
Bearing3_1,908,0.3579030350808041,0.3809442401988118
Bearing3_1,909,0.35829720141899885,0.43908730655213135
Bearing3_1,910,0.3586913677571935,0.4631367068988375
Bearing3_1,911,0.35908553409538824,0.45242744738314755
Bearing3_1,912,0.35947970043358296,0.42746684338309454
Bearing3_1,913,0.3598738667717777,0.4456277299585135
Bearing3_1,914,0.3602680331099724,0.43709368423323147
Bearing3_1,915,0.36066219944816713,0.43187489048467426
Bearing3_1,916,0.36105636578636185,0.46907047232664123
Bearing3_1,917,0.3614505321245566,0.5020498582654328
Bearing3_1,918,0.3618446984627513,0.4942784755200023
Bearing3_1,919,0.362238864800946,0.4591326535484298
Bearing3_1,920,0.3626330311391407,0.4472994197830057
Bearing3_1,921,0.3630271974773354,0.45972672168038387
Bearing3_1,922,0.36342136381553014,0.4790527675416742
Bearing3_1,923,0.36381553015372486,0.45631546145132795
Bearing3_1,924,0.3642096964919196,0.46153458146518106
Bearing3_1,925,0.3646038628301143,0.4543825336113933
Bearing3_1,926,0.36499802916830903,0.42375814493045383
Bearing3_1,927,0.36539219550650376,0.39809792705302033
Bearing3_1,928,0.3657863618446985,0.38720262460751054
Bearing3_1,929,0.3661805281828932,0.41042461408573966
Bearing3_1,930,0.3665746945210879,0.42185431649265903
Bearing3_1,931,0.3669688608592826,0.41382601143379666
Bearing3_1,932,0.3673630271974773,0.40883574323323535
Bearing3_1,933,0.36775719353567204,0.40117436984974486
Bearing3_1,934,0.36815135987386677,0.3904348144031029
Bearing3_1,935,0.3685455262120615,0.40044081102052703
Bearing3_1,936,0.3689396925502562,0.39267431322704005
Bearing3_1,937,0.36933385888845094,0.38098932183153
Bearing3_1,938,0.36972802522664566,0.3522790724775059
Bearing3_1,939,0.3701221915648404,0.3433462115778063
Bearing3_1,940,0.37051635790303505,0.3015064225607236
Bearing3_1,941,0.3709105242412298,0.29384244810567184
Bearing3_1,942,0.3713046905794245,0.2956645411414219
Bearing3_1,943,0.3716988569176192,0.29574872162960425
Bearing3_1,944,0.37209302325581395,0.2712377783577056
Bearing3_1,945,0.37248718959400867,0.26531868057494457
Bearing3_1,946,0.3728813559322034,0.2650384207442291
Bearing3_1,947,0.3732755222703981,0.2592904162502714
Bearing3_1,948,0.37366968860859284,0.30474113352047627
Bearing3_1,949,0.37406385494678757,0.3121910971505121
Bearing3_1,950,0.3744580212849823,0.3428013216323811
Bearing3_1,951,0.37485218762317696,0.3322770779120757
Bearing3_1,952,0.3752463539613717,0.3159410601662333
Bearing3_1,953,0.3756405202995664,0.31545066494760554
Bearing3_1,954,0.37603468663776113,0.2955647708266672
Bearing3_1,955,0.37642885297595585,0.2879888848735128
Bearing3_1,956,0.3768230193141506,0.27527737999487145
Bearing3_1,957,0.3772171856523453,0.28452141010095994
Bearing3_1,958,0.37761135199054,0.2583921172982607
Bearing3_1,959,0.37800551832873475,0.21027334265594716
Bearing3_1,960,0.37839968466692947,0.1952019208039822
Bearing3_1,961,0.37879385100512414,0.1819647440061593
Bearing3_1,962,0.37918801734331886,0.19114920693291956
Bearing3_1,963,0.3795821836815136,0.18215722400586812
Bearing3_1,964,0.3799763500197083,0.18262695681380836
Bearing3_1,965,0.38037051635790303,0.1775285994464066
Bearing3_1,966,0.38076468269609776,0.17245935481803182
Bearing3_1,967,0.3811588490342925,0.16356453532794696
Bearing3_1,968,0.3815530153724872,0.156405014111674
Bearing3_1,969,0.3819471817106819,0.16393075897331932
Bearing3_1,970,0.38234134804887665,0.16391637452281774
Bearing3_1,971,0.3827355143870713,0.15140370799167974
Bearing3_1,972,0.38312968072526604,0.13458517336388454
Bearing3_1,973,0.38352384706346077,0.12813613731655843
Bearing3_1,974,0.3839180134016555,0.1634418498772528
Bearing3_1,975,0.3843121797398502,0.17267951155364272
Bearing3_1,976,0.38470634607804494,0.15839252573055118
Bearing3_1,977,0.38510051241623966,0.15114060687436312
Bearing3_1,978,0.3854946787544344,0.1494447488158727
Bearing3_1,979,0.3858888450926291,0.16640308495478376
Bearing3_1,980,0.38628301143082383,0.20553319534906125
Bearing3_1,981,0.3866771777690185,0.21193930985866644
Bearing3_1,982,0.3870713441072132,0.21520928940175793
Bearing3_1,983,0.38746551044540795,0.22260949761026289
Bearing3_1,984,0.38785967678360267,0.2202414543204109
Bearing3_1,985,0.3882538431217974,0.2110225193655817
Bearing3_1,986,0.3886480094599921,0.21042290958565363
Bearing3_1,987,0.38904217579818684,0.2367038944837258
Bearing3_1,988,0.38943634213638156,0.25883746098524035
Bearing3_1,989,0.3898305084745763,0.24255833295049842
Bearing3_1,990,0.390224674812771,0.20840258522286761
Bearing3_1,991,0.39061884115096573,0.22069798636438726
Bearing3_1,992,0.3910130074891604,0.22706902138176915
Bearing3_1,993,0.3914071738273551,0.22972297934634853
Bearing3_1,994,0.39180134016554985,0.20396231088233288
Bearing3_1,995,0.3921955065037446,0.1999320016807572
Bearing3_1,996,0.3925896728419393,0.1979007639974861
Bearing3_1,997,0.392983839180134,0.17347069010185936
Bearing3_1,998,0.39337800551832874,0.1382900557349078
Bearing3_1,999,0.39377217185652347,0.12751772194242791
Bearing3_1,1000,0.3941663381947182,0.11973784256499806
Bearing3_1,1001,0.3945605045329129,0.09406603778889062
Bearing3_1,1002,0.3949546708711076,0.08698008532721009
Bearing3_1,1003,0.3953488372093023,0.09566480110818812
Bearing3_1,1004,0.39574300354749703,0.09121729747524808
Bearing3_1,1005,0.39613716988569175,0.06582224428555955
Bearing3_1,1006,0.3965313362238865,0.08548753341258289
Bearing3_1,1007,0.3969255025620812,0.07737610530515997
Bearing3_1,1008,0.3973196689002759,0.095690155879017
Bearing3_1,1009,0.39771383523847065,0.11936184511488754
Bearing3_1,1010,0.39810800157666537,0.11990306774326268
Bearing3_1,1011,0.3985021679148601,0.13453691040346688
Bearing3_1,1012,0.39889633425305476,0.15188940749087432
Bearing3_1,1013,0.3992905005912495,0.14659065099559923
Bearing3_1,1014,0.3996846669294442,0.163859223458785
Bearing3_1,1015,0.40007883326763893,0.17666188880048267
Bearing3_1,1016,0.40047299960583366,0.18602883988817642
Bearing3_1,1017,0.4008671659440284,0.19413343468133312
Bearing3_1,1018,0.4012613322822231,0.18737457683329736
Bearing3_1,1019,0.40165549862041783,0.1928567318756195
Bearing3_1,1020,0.40204966495861255,0.21129685419156444
Bearing3_1,1021,0.4024438312968073,0.23500477252218094
Bearing3_1,1022,0.40283799763500194,0.23434935081578168
Bearing3_1,1023,0.40323216397319667,0.26969259133918444
Bearing3_1,1024,0.4036263303113914,0.2499376688830004
Bearing3_1,1025,0.4040204966495861,0.2632689176178063
Bearing3_1,1026,0.40441466298778084,0.25849788138749424
Bearing3_1,1027,0.40480882932597556,0.23196804836076104
Bearing3_1,1028,0.4052029956641703,0.24139324666171377
Bearing3_1,1029,0.405597162002365,0.23307804965052084
Bearing3_1,1030,0.40599132834055973,0.20400209158015362
Bearing3_1,1031,0.40638549467875446,0.19249807668552152
Bearing3_1,1032,0.4067796610169492,0.15548493914429756
Bearing3_1,1033,0.40717382735514385,0.09407430907030369
Bearing3_1,1034,0.40756799369333857,0.13854892262509808
Bearing3_1,1035,0.4079621600315333,0.1467173527154795
Bearing3_1,1036,0.408356326369728,0.15433583631691014
Bearing3_1,1037,0.40875049270792274,0.20762393012672326
Bearing3_1,1038,0.40914465904611746,0.22279818224999892
Bearing3_1,1039,0.4095388253843122,0.227438841853006
Bearing3_1,1040,0.4099329917225069,0.26082644268527566
Bearing3_1,1041,0.41032715806070164,0.26592730264555253
Bearing3_1,1042,0.41072132439889636,0.3287389948327678
Bearing3_1,1043,0.411115490737091,0.39028295833850646
Bearing3_1,1044,0.41150965707528575,0.3811846485765981
Bearing3_1,1045,0.4119038234134805,0.3938135211688822
Bearing3_1,1046,0.4122979897516752,0.39841694378952147
Bearing3_1,1047,0.4126921560898699,0.3863317986256945
Bearing3_1,1048,0.41308632242806465,0.363138519422366
Bearing3_1,1049,0.41348048876625937,0.35147786766920247
Bearing3_1,1050,0.4138746551044541,0.3330125315462376
Bearing3_1,1051,0.4142688214426488,0.3256212243086952
Bearing3_1,1052,0.41466298778084354,0.3115145891884611
Bearing3_1,1053,0.4150571541190382,0.288501232262657
Bearing3_1,1054,0.41545132045723293,0.28881095014666547
Bearing3_1,1055,0.41584548679542765,0.27788901101315755
Bearing3_1,1056,0.4162396531336224,0.2592901821424506
Bearing3_1,1057,0.4166338194718171,0.24784374295110462
Bearing3_1,1058,0.4170279858100118,0.24605360722179354
Bearing3_1,1059,0.41742215214820655,0.26782115324787337
Bearing3_1,1060,0.4178163184864013,0.2771434885912643
Bearing3_1,1061,0.418210484824596,0.30204545923054527
Bearing3_1,1062,0.4186046511627907,0.28824959999056504
Bearing3_1,1063,0.41899881750098544,0.28310461621305677
Bearing3_1,1064,0.4193929838391801,0.2613147292152502
Bearing3_1,1065,0.41978715017737483,0.238666830474125
Bearing3_1,1066,0.42018131651556956,0.22887227602703986
Bearing3_1,1067,0.4205754828537643,0.22884751126784977
Bearing3_1,1068,0.420969649191959,0.23665374250657445
Bearing3_1,1069,0.42136381553015373,0.21024356006586084
Bearing3_1,1070,0.42175798186834845,0.20623270971149782
Bearing3_1,1071,0.4221521482065432,0.16057157708059683
Bearing3_1,1072,0.4225463145447379,0.1479529627576681
Bearing3_1,1073,0.4229404808829326,0.13378023047126936
Bearing3_1,1074,0.4233346472211273,0.14477901886224598
Bearing3_1,1075,0.423728813559322,0.1546592279524318
Bearing3_1,1076,0.42412297989751674,0.18018740393627947
Bearing3_1,1077,0.42451714623571146,0.19440845278355817
Bearing3_1,1078,0.4249113125739062,0.21625390425931576
Bearing3_1,1079,0.4253054789121009,0.2602282541175868
Bearing3_1,1080,0.42569964525029563,0.27273572632326987
Bearing3_1,1081,0.42609381158849036,0.32715648465721703
Bearing3_1,1082,0.4264879779266851,0.355874525108644
Bearing3_1,1083,0.4268821442648798,0.3993432903587558
Bearing3_1,1084,0.42727631060307447,0.43166579316624515
Bearing3_1,1085,0.4276704769412692,0.46596729311351864
Bearing3_1,1086,0.4280646432794639,0.5019952130012961
Bearing3_1,1087,0.42845880961765864,0.509415941012888
Bearing3_1,1088,0.42885297595585337,0.5278543630752811
Bearing3_1,1089,0.4292471422940481,0.558359529501243
Bearing3_1,1090,0.4296413086322428,0.5745925658691294
Bearing3_1,1091,0.43003547497043754,0.5851070509963261
Bearing3_1,1092,0.43042964130863226,0.623636211252907
Bearing3_1,1093,0.430823807646827,0.6152792927831184
Bearing3_1,1094,0.43121797398502165,0.6276115520242933
Bearing3_1,1095,0.4316121403232164,0.638199741062824
Bearing3_1,1096,0.4320063066614111,0.6514358926548517
Bearing3_1,1097,0.4324004729996058,0.6887463814827196
Bearing3_1,1098,0.43279463933780055,0.6691727861741751
Bearing3_1,1099,0.43318880567599527,0.6249952378604791
Bearing3_1,1100,0.43358297201419,0.6250491953092121
Bearing3_1,1101,0.4339771383523847,0.6137855236349765
Bearing3_1,1102,0.43437130469057944,0.5869835889844148
Bearing3_1,1103,0.43476547102877416,0.5620651005062427
Bearing3_1,1104,0.4351596373669689,0.5703001853812479
Bearing3_1,1105,0.43555380370516356,0.5498701631121672
Bearing3_1,1106,0.4359479700433583,0.5189320807189077
Bearing3_1,1107,0.436342136381553,0.5127269910770138
Bearing3_1,1108,0.4367363027197477,0.5374995231039856
Bearing3_1,1109,0.43713046905794245,0.5755005220037761
Bearing3_1,1110,0.4375246353961372,0.5976691750760394
Bearing3_1,1111,0.4379188017343319,0.6322536177200246
Bearing3_1,1112,0.4383129680725266,0.64120338205615
Bearing3_1,1113,0.43870713441072134,0.68927147295419
Bearing3_1,1114,0.43910130074891607,0.6811562768105832
Bearing3_1,1115,0.43949546708711074,0.7089626912932674
Bearing3_1,1116,0.43988963342530546,0.7280525822516523
Bearing3_1,1117,0.4402837997635002,0.7390758674911451
Bearing3_1,1118,0.4406779661016949,0.7451080798080755
Bearing3_1,1119,0.44107213243988963,0.7536716862151017
Bearing3_1,1120,0.44146629877808435,0.7413748551080966
Bearing3_1,1121,0.4418604651162791,0.7462126216401835
Bearing3_1,1122,0.4422546314544738,0.7684687901277464
Bearing3_1,1123,0.4426487977926685,0.7548441807052501
Bearing3_1,1124,0.44304296413086325,0.7649831461813594
Bearing3_1,1125,0.4434371304690579,0.7840437239921161
Bearing3_1,1126,0.44383129680725264,0.7981999814235109
Bearing3_1,1127,0.44422546314544736,0.8083902908761346
Bearing3_1,1128,0.4446196294836421,0.7959596702039274
Bearing3_1,1129,0.4450137958218368,0.789728963231395
Bearing3_1,1130,0.44540796216003153,0.7808940850601027
Bearing3_1,1131,0.44580212849822626,0.7894023099998797
Bearing3_1,1132,0.446196294836421,0.7911162504002341
Bearing3_1,1133,0.4465904611746157,0.7632193194657538
Bearing3_1,1134,0.44698462751281043,0.7367221252872708
Bearing3_1,1135,0.4473787938510051,0.6799755497435178
Bearing3_1,1136,0.4477729601891998,0.6313624523499981
Bearing3_1,1137,0.44816712652739454,0.5612798338898738
Bearing3_1,1138,0.44856129286558927,0.5523088361808375
Bearing3_1,1139,0.448955459203784,0.5422664858887221
Bearing3_1,1140,0.4493496255419787,0.522697861266203
Bearing3_1,1141,0.44974379188017344,0.4615041118762531
Bearing3_1,1142,0.45013795821836816,0.4202145334590897
Bearing3_1,1143,0.4505321245565629,0.42671076722371304
Bearing3_1,1144,0.4509262908947576,0.41739030467900157
Bearing3_1,1145,0.45132045723295233,0.4194089380722842
Bearing3_1,1146,0.451714623571147,0.414447049501194
Bearing3_1,1147,0.4521087899093417,0.42827160968379985
Bearing3_1,1148,0.45250295624753645,0.41737928982895267
Bearing3_1,1149,0.45289712258573117,0.391870937195068
Bearing3_1,1150,0.4532912889239259,0.40328107230137383
Bearing3_1,1151,0.4536854552621206,0.4082797687632108
Bearing3_1,1152,0.45407962160031534,0.3943418945434352
Bearing3_1,1153,0.45447378793851007,0.36476994813731783
Bearing3_1,1154,0.4548679542767048,0.33353866546023253
Bearing3_1,1155,0.4552621206148995,0.32061153818738514
Bearing3_1,1156,0.4556562869530942,0.3322974275050145
Bearing3_1,1157,0.4560504532912889,0.3424875955147591
Bearing3_1,1158,0.45644461962948363,0.3396317729553143
Bearing3_1,1159,0.45683878596767835,0.32910376359909765
Bearing3_1,1160,0.4572329523058731,0.33232012562326807
Bearing3_1,1161,0.4576271186440678,0.31937184183086714
Bearing3_1,1162,0.4580212849822625,0.3202660647547169
Bearing3_1,1163,0.45841545132045725,0.3376821969148617
Bearing3_1,1164,0.45880961765865197,0.36416989860306204
Bearing3_1,1165,0.4592037839968467,0.3815390776792391
Bearing3_1,1166,0.45959795033504136,0.3703124225855986
Bearing3_1,1167,0.4599921166732361,0.34413377605952994
Bearing3_1,1168,0.4603862830114308,0.3408925993392704
Bearing3_1,1169,0.46078044934962553,0.3436376534323358
Bearing3_1,1170,0.46117461568782026,0.3109977985283225
Bearing3_1,1171,0.461568782026015,0.2951162331988793
Bearing3_1,1172,0.4619629483642097,0.28563032965196605
Bearing3_1,1173,0.4623571147024044,0.30288325791311776
Bearing3_1,1174,0.46275128104059915,0.28140014754145737
Bearing3_1,1175,0.4631454473787939,0.27961199234389456
Bearing3_1,1176,0.4635396137169886,0.2901612421749749
Bearing3_1,1177,0.46393378005518326,0.30333314265370975
Bearing3_1,1178,0.464327946393378,0.31389256565081686
Bearing3_1,1179,0.4647221127315727,0.31718809556911814
Bearing3_1,1180,0.46511627906976744,0.3125423114935081
Bearing3_1,1181,0.46551044540796216,0.3357432727361106
Bearing3_1,1182,0.4659046117461569,0.36250013857674823
Bearing3_1,1183,0.4662987780843516,0.34403177459410106
Bearing3_1,1184,0.46669294442254633,0.3620125902417045
Bearing3_1,1185,0.46708711076074105,0.35984735505834886
Bearing3_1,1186,0.4674812770989358,0.3346344348185406
Bearing3_1,1187,0.46787544343713044,0.331132868254496
Bearing3_1,1188,0.46826960977532517,0.32569759751595984
Bearing3_1,1189,0.4686637761135199,0.3063560276016832
Bearing3_1,1190,0.4690579424517146,0.3274454752687685
Bearing3_1,1191,0.46945210878990934,0.3254013389599926
Bearing3_1,1192,0.46984627512810406,0.31238202547325555
Bearing3_1,1193,0.4702404414662988,0.3240960552962631
Bearing3_1,1194,0.4706346078044935,0.32285313289648976
Bearing3_1,1195,0.47102877414268823,0.3317781751658811
Bearing3_1,1196,0.47142294048088296,0.33908153156289633
Bearing3_1,1197,0.4718171068190776,0.34334217537295164
Bearing3_1,1198,0.47221127315727235,0.3289311392750439
Bearing3_1,1199,0.4726054394954671,0.34984984609424485
Bearing3_1,1200,0.4729996058336618,0.33665396344562853
Bearing3_1,1201,0.4733937721718565,0.32388778208921093
Bearing3_1,1202,0.47378793851005124,0.32313451693176537
Bearing3_1,1203,0.47418210484824597,0.30206973694297223
Bearing3_1,1204,0.4745762711864407,0.2847589055425643
Bearing3_1,1205,0.4749704375246354,0.2559491136221286
Bearing3_1,1206,0.47536460386283014,0.25494672065294477
Bearing3_1,1207,0.4757587702010248,0.2455523978905632
Bearing3_1,1208,0.47615293653921953,0.24948961336740236
Bearing3_1,1209,0.47654710287741425,0.24747462644560586
Bearing3_1,1210,0.476941269215609,0.2501642228262972
Bearing3_1,1211,0.4773354355538037,0.25975860736065887
Bearing3_1,1212,0.4777296018919984,0.2561500200702791
Bearing3_1,1213,0.47812376823019315,0.25876382124575736
Bearing3_1,1214,0.47851793456838787,0.2497457743303329
Bearing3_1,1215,0.4789121009065826,0.2553556836111258
Bearing3_1,1216,0.4793062672447773,0.24887318727372348
Bearing3_1,1217,0.47970043358297204,0.24204940982274148
Bearing3_1,1218,0.4800945999211667,0.23718333620607762
Bearing3_1,1219,0.48048876625936143,0.23782363328425776
Bearing3_1,1220,0.48088293259755616,0.2380112347655452
Bearing3_1,1221,0.4812770989357509,0.23548339778802055
Bearing3_1,1222,0.4816712652739456,0.2266787585026559
Bearing3_1,1223,0.4820654316121403,0.23020815169237654
Bearing3_1,1224,0.48245959795033505,0.25720947734915517
Bearing3_1,1225,0.4828537642885298,0.25521414484361504
Bearing3_1,1226,0.4832479306267245,0.263270267772116
Bearing3_1,1227,0.4836420969649192,0.26109304152165835
Bearing3_1,1228,0.4840362633031139,0.25784992302199083
Bearing3_1,1229,0.4844304296413086,0.23118864012013257
Bearing3_1,1230,0.48482459597950334,0.22158717413781753
Bearing3_1,1231,0.48521876231769806,0.20978373496612818
Bearing3_1,1232,0.4856129286558928,0.1943639765124547
Bearing3_1,1233,0.4860070949940875,0.18335841523911872
Bearing3_1,1234,0.48640126133228223,0.17445387208082497
Bearing3_1,1235,0.48679542767047695,0.1869238430094601
Bearing3_1,1236,0.4871895940086717,0.17907360126355953
Bearing3_1,1237,0.4875837603468664,0.1835542526826684
Bearing3_1,1238,0.48797792668506107,0.1761946222991037
Bearing3_1,1239,0.4883720930232558,0.1819247984159941
Bearing3_1,1240,0.4887662593614505,0.18142064395705798
Bearing3_1,1241,0.48916042569964524,0.18105688022372524
Bearing3_1,1242,0.48955459203783996,0.17457104799857662
Bearing3_1,1243,0.4899487583760347,0.19557669272429506
Bearing3_1,1244,0.4903429247142294,0.1931801194222558
Bearing3_1,1245,0.49073709105242413,0.17728882398738266
Bearing3_1,1246,0.49113125739061886,0.17271632683536994
Bearing3_1,1247,0.4915254237288136,0.17256963724592073
Bearing3_1,1248,0.49191959006700825,0.1842333727144774
Bearing3_1,1249,0.492313756405203,0.19741189267692735
Bearing3_1,1250,0.4927079227433977,0.20167944126644102
Bearing3_1,1251,0.4931020890815924,0.20155349554452498
Bearing3_1,1252,0.49349625541978714,0.2177967473691634
Bearing3_1,1253,0.49389042175798187,0.19194860299478902
Bearing3_1,1254,0.4942845880961766,0.1655297168500653
Bearing3_1,1255,0.4946787544343713,0.16027524525909462
Bearing3_1,1256,0.49507292077256604,0.15325136267919987
Bearing3_1,1257,0.49546708711076076,0.1538948071855998
Bearing3_1,1258,0.4958612534489555,0.13979757841668655
Bearing3_1,1259,0.49625541978715015,0.13093349120457726
Bearing3_1,1260,0.4966495861253449,0.12474251255494558
Bearing3_1,1261,0.4970437524635396,0.12288358724485064
Bearing3_1,1262,0.4974379188017343,0.1020476548969091
Bearing3_1,1263,0.49783208513992905,0.08601925986715728
Bearing3_1,1264,0.49822625147812377,0.0895893314017602
Bearing3_1,1265,0.4986204178163185,0.08064780893156968
Bearing3_1,1266,0.4990145841545132,0.09255325585394626
Bearing3_1,1267,0.49940875049270794,0.07422720986705261
Bearing3_1,1268,0.49980291683090267,0.08488558423197183
Bearing3_1,1269,0.5001970831690974,0.07362396089311578
Bearing3_1,1270,0.5005912495072921,0.08041687783147008
Bearing3_1,1271,0.5009854158454868,0.07938989099225705
Bearing3_1,1272,0.5013795821836815,0.07766328695812375
Bearing3_1,1273,0.5017737485218763,0.0808060852053041
Bearing3_1,1274,0.502167914860071,0.09264180600786863
Bearing3_1,1275,0.5025620811982656,0.09819196047395187
Bearing3_1,1276,0.5029562475364604,0.08940232964027968
Bearing3_1,1277,0.5033504138746551,0.09834556338726909
Bearing3_1,1278,0.5037445802128498,0.08767241000752557
Bearing3_1,1279,0.5041387465510445,0.09753440477299147
Bearing3_1,1280,0.5045329128892393,0.08424338462610079
Bearing3_1,1281,0.504927079227434,0.07737173244323396
Bearing3_1,1282,0.5053212455656287,0.09768789916037343
Bearing3_1,1283,0.5057154119038234,0.10293475010264808
Bearing3_1,1284,0.5061095782420181,0.10151901276096789
Bearing3_1,1285,0.5065037445802129,0.11088607875791132
Bearing3_1,1286,0.5068979109184075,0.11675876334430375
Bearing3_1,1287,0.5072920772566023,0.12486775399327152
Bearing3_1,1288,0.507686243594797,0.11701781935936736
Bearing3_1,1289,0.5080804099329918,0.1137123872368903
Bearing3_1,1290,0.5084745762711864,0.11901242095843952
Bearing3_1,1291,0.5088687426093812,0.13606784487102264
Bearing3_1,1292,0.5092629089475759,0.14272031710085778
Bearing3_1,1293,0.5096570752857706,0.1458021046193796
Bearing3_1,1294,0.5100512416239653,0.14812066996027148
Bearing3_1,1295,0.51044540796216,0.14588459308555235
Bearing3_1,1296,0.5108395743003548,0.1625970045464611
Bearing3_1,1297,0.5112337406385494,0.15951595123456958
Bearing3_1,1298,0.5116279069767442,0.17837943380835228
Bearing3_1,1299,0.5120220733149389,0.19352645382969552
Bearing3_1,1300,0.5124162396531337,0.2104855568483018
Bearing3_1,1301,0.5128104059913283,0.21453502846780298
Bearing3_1,1302,0.5132045723295231,0.20773100357467772
Bearing3_1,1303,0.5135987386677178,0.21753410023004763
Bearing3_1,1304,0.5139929050059125,0.22789207938949724
Bearing3_1,1305,0.5143870713441072,0.23094868921799758
Bearing3_1,1306,0.5147812376823019,0.21580187847769805
Bearing3_1,1307,0.5151754040204967,0.20558122309773125
Bearing3_1,1308,0.5155695703586913,0.19941399587350236
Bearing3_1,1309,0.5159637366968861,0.19802855383743398
Bearing3_1,1310,0.5163579030350808,0.1680014583182143
Bearing3_1,1311,0.5167520693732756,0.15163842793403695
Bearing3_1,1312,0.5171462357114702,0.13715228020161535
Bearing3_1,1313,0.517540402049665,0.13380172588305453
Bearing3_1,1314,0.5179345683878597,0.11290175864168994
Bearing3_1,1315,0.5183287347260543,0.09110406467489898
Bearing3_1,1316,0.5187229010642491,0.08835769011413884
Bearing3_1,1317,0.5191170674024438,0.09872242195600953
Bearing3_1,1318,0.5195112337406386,0.10049610729877263
Bearing3_1,1319,0.5199054000788332,0.07824092851497746
Bearing3_1,1320,0.520299566417028,0.07916456904439297
Bearing3_1,1321,0.5206937327552227,0.08250776805093511
Bearing3_1,1322,0.5210878990934175,0.0845463129134201
Bearing3_1,1323,0.5214820654316121,0.09240816539121963
Bearing3_1,1324,0.5218762317698069,0.10808150169265404
Bearing3_1,1325,0.5222703981080016,0.13831951281828533
Bearing3_1,1326,0.5226645644461962,0.15251810954667078
Bearing3_1,1327,0.523058730784391,0.15580677920637637
Bearing3_1,1328,0.5234528971225857,0.14535252276041105
Bearing3_1,1329,0.5238470634607805,0.15199526732145024
Bearing3_1,1330,0.5242412297989751,0.16574097985549674
Bearing3_1,1331,0.5246353961371699,0.18031385548622603
Bearing3_1,1332,0.5250295624753646,0.18953184335217402
Bearing3_1,1333,0.5254237288135594,0.18174651249237964
Bearing3_1,1334,0.525817895151754,0.17389771651423516
Bearing3_1,1335,0.5262120614899488,0.17104450271961735
Bearing3_1,1336,0.5266062278281435,0.16646668344730314
Bearing3_1,1337,0.5270003941663381,0.15598681461628056
Bearing3_1,1338,0.5273945605045329,0.1505894077309758
Bearing3_1,1339,0.5277887268427276,0.1639081130625748
Bearing3_1,1340,0.5281828931809224,0.17337734101029617
Bearing3_1,1341,0.528577059519117,0.15598935108628847
Bearing3_1,1342,0.5289712258573118,0.15521212373986812
Bearing3_1,1343,0.5293653921955065,0.16613157132431286
Bearing3_1,1344,0.5297595585337013,0.15921767262580194
Bearing3_1,1345,0.5301537248718959,0.14202193315334793
Bearing3_1,1346,0.5305478912100906,0.13264052538452578
Bearing3_1,1347,0.5309420575482854,0.1478206546567053
Bearing3_1,1348,0.53133622388648,0.15817489028588533
Bearing3_1,1349,0.5317303902246748,0.13286196949682935
Bearing3_1,1350,0.5321245565628695,0.1059837141704357
Bearing3_1,1351,0.5325187229010643,0.10292286534761
Bearing3_1,1352,0.532912889239259,0.11081160612369052
Bearing3_1,1353,0.5333070555774537,0.0960635003517506
Bearing3_1,1354,0.5337012219156484,0.10218361451097184
Bearing3_1,1355,0.5340953882538432,0.12099826969822114
Bearing3_1,1356,0.5344895545920378,0.12937397872256606
Bearing3_1,1357,0.5348837209302325,0.12187284383134434
Bearing3_1,1358,0.5352778872684273,0.1338112686728521
Bearing3_1,1359,0.535672053606622,0.15720899816932152
Bearing3_1,1360,0.5360662199448167,0.18466680213301814
Bearing3_1,1361,0.5364603862830114,0.20634201540359104
Bearing3_1,1362,0.5368545526212062,0.20467419052539895
Bearing3_1,1363,0.5372487189594009,0.2162956676037881
Bearing3_1,1364,0.5376428852975956,0.21645014373319443
Bearing3_1,1365,0.5380370516357903,0.21331197873548713
Bearing3_1,1366,0.5384312179739851,0.20992613204036586
Bearing3_1,1367,0.5388253843121797,0.20912328408164
Bearing3_1,1368,0.5392195506503744,0.2011308834597118
Bearing3_1,1369,0.5396137169885692,0.19339935015317755
Bearing3_1,1370,0.5400078833267639,0.18343990171511493
Bearing3_1,1371,0.5404020496649586,0.17312539359431042
Bearing3_1,1372,0.5407962160031533,0.17956752930684847
Bearing3_1,1373,0.5411903823413481,0.17331727409249725
Bearing3_1,1374,0.5415845486795428,0.1880446078158104
Bearing3_1,1375,0.5419787150177375,0.1794919006294224
Bearing3_1,1376,0.5423728813559322,0.17494702952195662
Bearing3_1,1377,0.5427670476941269,0.17897717500395444
Bearing3_1,1378,0.5431612140323216,0.17408526861789564
Bearing3_1,1379,0.5435553803705163,0.18571081114561885
Bearing3_1,1380,0.5439495467087111,0.20074955128918487
Bearing3_1,1381,0.5443437130469058,0.1918357927393872
Bearing3_1,1382,0.5447378793851005,0.18169758759646965
Bearing3_1,1383,0.5451320457232952,0.16950809686369844
Bearing3_1,1384,0.54552621206149,0.14785172154348927
Bearing3_1,1385,0.5459203783996847,0.14243254055122778
Bearing3_1,1386,0.5463145447378794,0.13887302531310364
Bearing3_1,1387,0.5467087110760741,0.13076185592712994
Bearing3_1,1388,0.5471028774142688,0.1307081232380217
Bearing3_1,1389,0.5474970437524636,0.12600530554250078
Bearing3_1,1390,0.5478912100906582,0.11369502018856378
Bearing3_1,1391,0.548285376428853,0.1237367889237964
Bearing3_1,1392,0.5486795427670477,0.13027706430252217
Bearing3_1,1393,0.5490737091052424,0.14509522290934876
Bearing3_1,1394,0.5494678754434371,0.1445029456788567
Bearing3_1,1395,0.5498620417816319,0.1535834451572269
Bearing3_1,1396,0.5502562081198266,0.14802488923626292
Bearing3_1,1397,0.5506503744580212,0.14866980347204728
Bearing3_1,1398,0.551044540796216,0.15066631465230665
Bearing3_1,1399,0.5514387071344107,0.125768609616663
Bearing3_1,1400,0.5518328734726055,0.10765508304948312
Bearing3_1,1401,0.5522270398108001,0.10237582221326151
Bearing3_1,1402,0.5526212061489949,0.0972127797444663
Bearing3_1,1403,0.5530153724871896,0.10337764271227134
Bearing3_1,1404,0.5534095388253844,0.12112842489011258
Bearing3_1,1405,0.553803705163579,0.111239065467248
Bearing3_1,1406,0.5541978715017738,0.11274080802848604
Bearing3_1,1407,0.5545920378399685,0.12029272097913864
Bearing3_1,1408,0.5549862041781631,0.12424755972460966
Bearing3_1,1409,0.5553803705163579,0.15061088478084286
Bearing3_1,1410,0.5557745368545526,0.1671446005327601
Bearing3_1,1411,0.5561687031927474,0.1729311727738466
Bearing3_1,1412,0.556562869530942,0.1695890473472709
Bearing3_1,1413,0.5569570358691368,0.1670209977538808
Bearing3_1,1414,0.5573512022073315,0.155925502946383
Bearing3_1,1415,0.5577453685455263,0.1675909391391897
Bearing3_1,1416,0.5581395348837209,0.187859412166187
Bearing3_1,1417,0.5585337012219157,0.18690377940445968
Bearing3_1,1418,0.5589278675601104,0.19044109734861342
Bearing3_1,1419,0.559322033898305,0.18345444977279807
Bearing3_1,1420,0.5597162002364998,0.18481830824921067
Bearing3_1,1421,0.5601103665746945,0.1867734917021265
Bearing3_1,1422,0.5605045329128893,0.1806686900615268
Bearing3_1,1423,0.5608986992510839,0.17013033457135768
Bearing3_1,1424,0.5612928655892787,0.14844968447813442
Bearing3_1,1425,0.5616870319274734,0.13985606578118942
Bearing3_1,1426,0.5620811982656682,0.11156403565757059
Bearing3_1,1427,0.5624753646038628,0.09844669852581805
Bearing3_1,1428,0.5628695309420575,0.074643980308747
Bearing3_1,1429,0.5632636972802523,0.07330402755864732
Bearing3_1,1430,0.5636578636184469,0.07214342769947837
Bearing3_1,1431,0.5640520299566417,0.06456520404667562
Bearing3_1,1432,0.5644461962948364,0.06216126482584694
Bearing3_1,1433,0.5648403626330312,0.06732504149095933
Bearing3_1,1434,0.5652345289712258,0.09354138801577196
Bearing3_1,1435,0.5656286953094206,0.09655777130868631
Bearing3_1,1436,0.5660228616476153,0.12226932598871162
Bearing3_1,1437,0.5664170279858101,0.12037200921370406
Bearing3_1,1438,0.5668111943240047,0.11746475925288336
Bearing3_1,1439,0.5672053606621994,0.1316748840399611
Bearing3_1,1440,0.5675995270003942,0.12103439473694974
Bearing3_1,1441,0.5679936933385888,0.12340276220812722
Bearing3_1,1442,0.5683878596767836,0.14619335003366124
Bearing3_1,1443,0.5687820260149783,0.12624355779586924
Bearing3_1,1444,0.5691761923531731,0.13275854072558052
Bearing3_1,1445,0.5695703586913677,0.14153757353855148
Bearing3_1,1446,0.5699645250295625,0.13404984447855844
Bearing3_1,1447,0.5703586913677572,0.12979349340472454
Bearing3_1,1448,0.570752857705952,0.13007776904030877
Bearing3_1,1449,0.5711470240441466,0.11428483646004602
Bearing3_1,1450,0.5715411903823413,0.13223973223687957
Bearing3_1,1451,0.5719353567205361,0.12090288499772883
Bearing3_1,1452,0.5723295230587307,0.1107243490074767
Bearing3_1,1453,0.5727236893969255,0.13574840067295146
Bearing3_1,1454,0.5731178557351202,0.12643791179319425
Bearing3_1,1455,0.573512022073315,0.10432737666432397
Bearing3_1,1456,0.5739061884115096,0.10001410511877518
Bearing3_1,1457,0.5743003547497044,0.09985559527288938
Bearing3_1,1458,0.5746945210878991,0.12184331108364246
Bearing3_1,1459,0.5750886874260938,0.1097822668410765
Bearing3_1,1460,0.5754828537642885,0.11051768583413164
Bearing3_1,1461,0.5758770201024832,0.11187152015833748
Bearing3_1,1462,0.576271186440678,0.1003463131563134
Bearing3_1,1463,0.5766653527788727,0.08906874958299019
Bearing3_1,1464,0.5770595191170674,0.07736668388956783
Bearing3_1,1465,0.5774536854552621,0.09932220210696507
Bearing3_1,1466,0.5778478517934569,0.08835407561117467
Bearing3_1,1467,0.5782420181316515,0.10283648106191472
Bearing3_1,1468,0.5786361844698463,0.11072000314421811
Bearing3_1,1469,0.579030350808041,0.13220046776320477
Bearing3_1,1470,0.5794245171462357,0.126601760590553
Bearing3_1,1471,0.5798186834844304,0.1333227099474718
Bearing3_1,1472,0.5802128498226251,0.15290914723424998
Bearing3_1,1473,0.5806070161608199,0.16462237282073477
Bearing3_1,1474,0.5810011824990146,0.18864358661552252
Bearing3_1,1475,0.5813953488372093,0.19615777737592363
Bearing3_1,1476,0.581789515175404,0.23876014033777332
Bearing3_1,1477,0.5821836815135988,0.2504246260338014
Bearing3_1,1478,0.5825778478517935,0.25354665732221326
Bearing3_1,1479,0.5829720141899882,0.24685570600856743
Bearing3_1,1480,0.5833661805281829,0.25726734432987086
Bearing3_1,1481,0.5837603468663776,0.25916325381182637
Bearing3_1,1482,0.5841545132045723,0.2530622878675476
Bearing3_1,1483,0.584548679542767,0.2600082653787321
Bearing3_1,1484,0.5849428458809618,0.26914233484409145
Bearing3_1,1485,0.5853370122191565,0.2630202847551936
Bearing3_1,1486,0.5857311785573512,0.22907174598347718
Bearing3_1,1487,0.5861253448955459,0.22342763332243817
Bearing3_1,1488,0.5865195112337407,0.2316447780735884
Bearing3_1,1489,0.5869136775719354,0.2323494678215241
Bearing3_1,1490,0.58730784391013,0.21926213469768902
Bearing3_1,1491,0.5877020102483248,0.20202513828002994
Bearing3_1,1492,0.5880961765865195,0.20474598110780068
Bearing3_1,1493,0.5884903429247142,0.1795430734763164
Bearing3_1,1494,0.5888845092629089,0.15359241808904484
Bearing3_1,1495,0.5892786756011037,0.12821679802565145
Bearing3_1,1496,0.5896728419392984,0.15058758730386215
Bearing3_1,1497,0.5900670082774931,0.1546495408873289
Bearing3_1,1498,0.5904611746156878,0.15312005006677112
Bearing3_1,1499,0.5908553409538826,0.17271095883268633
Bearing3_1,1500,0.5912495072920773,0.19282363215168688
Bearing3_1,1501,0.5916436736302719,0.22474431541155263
Bearing3_1,1502,0.5920378399684667,0.22798753511041098
Bearing3_1,1503,0.5924320063066614,0.2507018478309998
Bearing3_1,1504,0.5928261726448562,0.27347510796228097
Bearing3_1,1505,0.5932203389830508,0.2760436358048116
Bearing3_1,1506,0.5936145053212456,0.26318865879369024
Bearing3_1,1507,0.5940086716594403,0.27741311524681755
Bearing3_1,1508,0.594402837997635,0.24700278243248713
Bearing3_1,1509,0.5947970043358297,0.2532391023376131
Bearing3_1,1510,0.5951911706740244,0.25598249485429936
Bearing3_1,1511,0.5955853370122192,0.25479832614812625
Bearing3_1,1512,0.5959795033504138,0.2531218478613214
Bearing3_1,1513,0.5963736696886086,0.2236326179179426
Bearing3_1,1514,0.5967678360268033,0.22139837506543567
Bearing3_1,1515,0.5971620023649981,0.24539198320252997
Bearing3_1,1516,0.5975561687031927,0.24829941537453587
Bearing3_1,1517,0.5979503350413875,0.236886573713619
Bearing3_1,1518,0.5983445013795822,0.2443156774528838
Bearing3_1,1519,0.598738667717777,0.22154788086483984
Bearing3_1,1520,0.5991328340559716,0.19125914231921065
Bearing3_1,1521,0.5995270003941663,0.1729343342471577
Bearing3_1,1522,0.5999211667323611,0.17342823783658368
Bearing3_1,1523,0.6003153330705557,0.17579198033229387
Bearing3_1,1524,0.6007094994087505,0.15469712297128352
Bearing3_1,1525,0.6011036657469452,0.14319443415742353
Bearing3_1,1526,0.60149783208514,0.14395171560599138
Bearing3_1,1527,0.6018919984233346,0.12688729583110006
Bearing3_1,1528,0.6022861647615294,0.11920720238936108
Bearing3_1,1529,0.6026803310997241,0.10550674946426568
Bearing3_1,1530,0.6030744974379189,0.1199469526963179
Bearing3_1,1531,0.6034686637761135,0.11085245666930273
Bearing3_1,1532,0.6038628301143082,0.09053045819012746
Bearing3_1,1533,0.604256996452503,0.1006356464666029
Bearing3_1,1534,0.6046511627906976,0.09208956499714555
Bearing3_1,1535,0.6050453291288924,0.08113361477937243
Bearing3_1,1536,0.6054394954670871,0.06669423854051537
Bearing3_1,1537,0.6058336618052819,0.06167281140461606
Bearing3_1,1538,0.6062278281434765,0.04463631624922454
Bearing3_1,1539,0.6066219944816713,0.03937007096156351
Bearing3_1,1540,0.607016160819866,0.022443674590082924
Bearing3_1,1541,0.6074103271580606,0.013204857387045535
Bearing3_1,1542,0.6078044934962554,0.02012183932475094
Bearing3_1,1543,0.6081986598344501,-0.007520535395743105
Bearing3_1,1544,0.6085928261726449,-0.020747053520017773
Bearing3_1,1545,0.6089869925108395,-0.036524181590327
Bearing3_1,1546,0.6093811588490343,-0.046827894190968014
Bearing3_1,1547,0.609775325187229,-0.05074320578271822
Bearing3_1,1548,0.6101694915254238,-0.04695265776451983
Bearing3_1,1549,0.6105636578636184,-0.0467077531573659
Bearing3_1,1550,0.6109578242018132,-0.05883794114280494
Bearing3_1,1551,0.6113519905400079,-0.06607925696889663
Bearing3_1,1552,0.6117461568782026,-0.0842348260988932
Bearing3_1,1553,0.6121403232163973,-0.06745907433601184
Bearing3_1,1554,0.612534489554592,-0.05385671607118281
Bearing3_1,1555,0.6129286558927868,-0.04810255007779854
Bearing3_1,1556,0.6133228222309814,-0.035478229451432065
Bearing3_1,1557,0.6137169885691762,-0.02788205844554033
Bearing3_1,1558,0.6141111549073709,-0.02111129223534002
Bearing3_1,1559,0.6145053212455657,-0.035108806809638626
Bearing3_1,1560,0.6148994875837603,-0.043248861193279926
Bearing3_1,1561,0.6152936539219551,-0.048594253791040695
Bearing3_1,1562,0.6156878202601498,-0.05188165579929922
Bearing3_1,1563,0.6160819865983445,-0.07216415364642396
Bearing3_1,1564,0.6164761529365392,-0.07522116720021263
Bearing3_1,1565,0.6168703192747339,-0.05807979139518817
Bearing3_1,1566,0.6172644856129287,-0.051224407679864935
Bearing3_1,1567,0.6176586519511233,-0.07704116533840337
Bearing3_1,1568,0.6180528182893181,-0.07945541511393744
Bearing3_1,1569,0.6184469846275128,-0.052201804229814505
Bearing3_1,1570,0.6188411509657076,-0.03133642275185214
Bearing3_1,1571,0.6192353173039022,-0.023187924901400637
Bearing3_1,1572,0.6196294836420969,-0.013318856543546923
Bearing3_1,1573,0.6200236499802917,-0.0011220808542898072
Bearing3_1,1574,0.6204178163184864,-0.02545660512495491
Bearing3_1,1575,0.6208119826566811,-0.03428542676242076
Bearing3_1,1576,0.6212061489948758,-0.05947071622112465
Bearing3_1,1577,0.6216003153330706,-0.047096567957024466
Bearing3_1,1578,0.6219944816712653,-0.0488379943870116
Bearing3_1,1579,0.62238864800946,-0.06651844518574322
Bearing3_1,1580,0.6227828143476547,-0.09256237140908655
Bearing3_1,1581,0.6231769806858495,-0.10383613682028814
Bearing3_1,1582,0.6235711470240441,-0.11963014874099095
Bearing3_1,1583,0.6239653133622388,-0.11508031175195185
Bearing3_1,1584,0.6243594797004336,-0.08467555128399828
Bearing3_1,1585,0.6247536460386283,-0.0897942175527767
Bearing3_1,1586,0.625147812376823,-0.10348831700155499
Bearing3_1,1587,0.6255419787150177,-0.10752493292490128
Bearing3_1,1588,0.6259361450532125,-0.12656503771200409
Bearing3_1,1589,0.6263303113914072,-0.1497940228751202
Bearing3_1,1590,0.6267244777296019,-0.14296356721299888
Bearing3_1,1591,0.6271186440677966,-0.13426629952419813
Bearing3_1,1592,0.6275128104059914,-0.14109893559286615
Bearing3_1,1593,0.627906976744186,-0.1563669768092745
Bearing3_1,1594,0.6283011430823807,-0.18391883361888411
Bearing3_1,1595,0.6286953094205755,-0.18117398481566915
Bearing3_1,1596,0.6290894757587702,-0.18037305198541634
Bearing3_1,1597,0.629483642096965,-0.18532069023554731
Bearing3_1,1598,0.6298778084351596,-0.17450980917539052
Bearing3_1,1599,0.6302719747733544,-0.1523232263747123
Bearing3_1,1600,0.6306661411115491,-0.14502262912981861
Bearing3_1,1601,0.6310603074497438,-0.12788715281979363
Bearing3_1,1602,0.6314544737879385,-0.1267536566521334
Bearing3_1,1603,0.6318486401261332,-0.11075925481434186
Bearing3_1,1604,0.632242806464328,-0.09841414683645272
Bearing3_1,1605,0.6326369728025226,-0.09959244648255008
Bearing3_1,1606,0.6330311391407174,-0.06940426147210843
Bearing3_1,1607,0.6334253054789121,-0.0482468892378336
Bearing3_1,1608,0.6338194718171068,-0.027981209931046268
Bearing3_1,1609,0.6342136381553015,-0.030355682880542457
Bearing3_1,1610,0.6346078044934963,-0.03441726505176189
Bearing3_1,1611,0.635001970831691,-0.03855255092402683
Bearing3_1,1612,0.6353961371698857,0.005083095738543606
Bearing3_1,1613,0.6357903035080804,-0.014849063828807569
Bearing3_1,1614,0.6361844698462751,-0.0005053353468693226
Bearing3_1,1615,0.6365786361844699,-0.006093509283015481
Bearing3_1,1616,0.6369728025226645,-0.03495689576681308
Bearing3_1,1617,0.6373669688608593,-0.033652645322938546
Bearing3_1,1618,0.637761135199054,-0.009041334654959965
Bearing3_1,1619,0.6381553015372488,0.015466049760441292
Bearing3_1,1620,0.6385494678754434,0.04470073787704706
Bearing3_1,1621,0.6389436342136382,0.0554624644428664
Bearing3_1,1622,0.6393378005518329,0.03072668703264004
Bearing3_1,1623,0.6397319668900275,0.07329343510496197
Bearing3_1,1624,0.6401261332282223,0.07896811293206471
Bearing3_1,1625,0.640520299566417,0.09977182891048161
Bearing3_1,1626,0.6409144659046118,0.12438433973831375
Bearing3_1,1627,0.6413086322428064,0.11676090346874446
Bearing3_1,1628,0.6417027985810012,0.08425816403913194
Bearing3_1,1629,0.6420969649191959,0.06310389327250768
Bearing3_1,1630,0.6424911312573907,0.06022531769212254
Bearing3_1,1631,0.6428852975955853,0.0398204771925534
Bearing3_1,1632,0.6432794639337801,0.008919599607814738
Bearing3_1,1633,0.6436736302719748,-0.018571914179646064
Bearing3_1,1634,0.6440677966101694,-0.04171346292671502
Bearing3_1,1635,0.6444619629483642,-0.07819790394042378
Bearing3_1,1636,0.6448561292865589,-0.12246603470287801
Bearing3_1,1637,0.6452502956247537,-0.17872428655556855
Bearing3_1,1638,0.6456444619629483,-0.20337824925118703
Bearing3_1,1639,0.6460386283011431,-0.22752934999866223
Bearing3_1,1640,0.6464327946393378,-0.2776976328987665
Bearing3_1,1641,0.6468269609775326,-0.29253241325484175
Bearing3_1,1642,0.6472211273157272,-0.28686908466350636
Bearing3_1,1643,0.647615293653922,-0.31749018454701317
Bearing3_1,1644,0.6480094599921167,-0.3267299856148942
Bearing3_1,1645,0.6484036263303113,-0.32893539927970633
Bearing3_1,1646,0.6487977926685061,-0.32319514450215003
Bearing3_1,1647,0.6491919590067008,-0.3035250704082428
Bearing3_1,1648,0.6495861253448956,-0.3232840088719471
Bearing3_1,1649,0.6499802916830902,-0.34730851670996266
Bearing3_1,1650,0.650374458021285,-0.36065626968981473
Bearing3_1,1651,0.6507686243594797,-0.389708816990037
Bearing3_1,1652,0.6511627906976745,-0.39525420159875896
Bearing3_1,1653,0.6515569570358691,-0.40504832027798265
Bearing3_1,1654,0.6519511233740638,-0.4256773645519936
Bearing3_1,1655,0.6523452897122586,-0.420816237408611
Bearing3_1,1656,0.6527394560504532,-0.41292600012884756
Bearing3_1,1657,0.653133622388648,-0.42822533211492314
Bearing3_1,1658,0.6535277887268427,-0.4335813857027562
Bearing3_1,1659,0.6539219550650375,-0.41986283616435005
Bearing3_1,1660,0.6543161214032321,-0.4062356198495273
Bearing3_1,1661,0.6547102877414269,-0.3996872776921542
Bearing3_1,1662,0.6551044540796216,-0.4020885970262732
Bearing3_1,1663,0.6554986204178164,-0.3972879496907488
Bearing3_1,1664,0.655892786756011,-0.40551959262418363
Bearing3_1,1665,0.6562869530942057,-0.4300053483804037
Bearing3_1,1666,0.6566811194324005,-0.47209304244409867
Bearing3_1,1667,0.6570752857705952,-0.4746544318562048
Bearing3_1,1668,0.6574694521087899,-0.4652877525191629
Bearing3_1,1669,0.6578636184469846,-0.47175799955191994
Bearing3_1,1670,0.6582577847851794,-0.4766758105863683
Bearing3_1,1671,0.658651951123374,-0.4778168250823791
Bearing3_1,1672,0.6590461174615688,-0.4910570464746321
Bearing3_1,1673,0.6594402837997635,-0.5179703904832875
Bearing3_1,1674,0.6598344501379583,-0.5035178495702366
Bearing3_1,1675,0.6602286164761529,-0.4928003194591182
Bearing3_1,1676,0.6606227828143476,-0.4641860824206274
Bearing3_1,1677,0.6610169491525424,-0.44889280437660267
Bearing3_1,1678,0.6614111154907371,-0.467709829566975
Bearing3_1,1679,0.6618052818289318,-0.46802643328885296
Bearing3_1,1680,0.6621994481671265,-0.45469863639500174
Bearing3_1,1681,0.6625936145053213,-0.46294670243858027
Bearing3_1,1682,0.662987780843516,-0.4534855446178291
Bearing3_1,1683,0.6633819471817107,-0.40837588640925065
Bearing3_1,1684,0.6637761135199054,-0.4105456702208031
Bearing3_1,1685,0.6641702798581001,-0.4168208306039397
Bearing3_1,1686,0.6645644461962948,-0.4296834526166455
Bearing3_1,1687,0.6649586125344895,-0.43451372423790724
Bearing3_1,1688,0.6653527788726843,-0.4130053057251125
Bearing3_1,1689,0.665746945210879,-0.4153665804170029
Bearing3_1,1690,0.6661411115490737,-0.4180356014739302
Bearing3_1,1691,0.6665352778872684,-0.3827198692330769
Bearing3_1,1692,0.6669294442254632,-0.36491046060351034
Bearing3_1,1693,0.6673236105636579,-0.3664256126530091
Bearing3_1,1694,0.6677177769018526,-0.3191935787024106
Bearing3_1,1695,0.6681119432400473,-0.2746772844056888
Bearing3_1,1696,0.668506109578242,-0.23224081663359394
Bearing3_1,1697,0.6689002759164367,-0.2146650571903396
Bearing3_1,1698,0.6692944422546314,-0.19982375882400125
Bearing3_1,1699,0.6696886085928262,-0.15850458117706845
Bearing3_1,1700,0.6700827749310209,-0.1375596812898245
Bearing3_1,1701,0.6704769412692156,-0.11035594438067983
Bearing3_1,1702,0.6708711076074103,-0.09995712354025017
Bearing3_1,1703,0.6712652739456051,-0.10408738361320062
Bearing3_1,1704,0.6716594402837998,-0.1388599990566734
Bearing3_1,1705,0.6720536066219945,-0.15144457815991388
Bearing3_1,1706,0.6724477729601892,-0.14759269535280542
Bearing3_1,1707,0.6728419392983839,-0.11735550457386057
Bearing3_1,1708,0.6732361056365787,-0.10128835422338689
Bearing3_1,1709,0.6736302719747733,-0.08546712539399896
Bearing3_1,1710,0.6740244383129681,-0.08105492642134968
Bearing3_1,1711,0.6744186046511628,-0.09558278933680261
Bearing3_1,1712,0.6748127709893575,-0.06243723929934301
Bearing3_1,1713,0.6752069373275522,-0.011693866974619105
Bearing3_1,1714,0.675601103665747,0.015039274844567796
Bearing3_1,1715,0.6759952700039417,0.04688076452609747
Bearing3_1,1716,0.6763894363421363,0.05900207260698753
Bearing3_1,1717,0.6767836026803311,0.04976296681290131
Bearing3_1,1718,0.6771777690185258,0.06902505375149308
Bearing3_1,1719,0.6775719353567206,0.07712718248173238
Bearing3_1,1720,0.6779661016949152,0.12001589790254821
Bearing3_1,1721,0.67836026803311,0.15854663673212216
Bearing3_1,1722,0.6787544343713047,0.15940971437347232
Bearing3_1,1723,0.6791486007094995,0.15844749168651454
Bearing3_1,1724,0.6795427670476941,0.17597565432167703
Bearing3_1,1725,0.6799369333858889,0.17746340945669387
Bearing3_1,1726,0.6803310997240836,0.2105703585670818
Bearing3_1,1727,0.6807252660622782,0.24722180184303183
Bearing3_1,1728,0.681119432400473,0.251845392507306
Bearing3_1,1729,0.6815135987386677,0.2691032714546801
Bearing3_1,1730,0.6819077650768625,0.2658312879196759
Bearing3_1,1731,0.6823019314150571,0.24422146647628265
Bearing3_1,1732,0.6826960977532519,0.24399573084394036
Bearing3_1,1733,0.6830902640914466,0.241811482932521
Bearing3_1,1734,0.6834844304296414,0.2219295198233923
Bearing3_1,1735,0.683878596767836,0.21741089917565515
Bearing3_1,1736,0.6842727631060307,0.19766443130897887
Bearing3_1,1737,0.6846669294442255,0.18996280461151324
Bearing3_1,1738,0.6850610957824201,0.14948547964777778
Bearing3_1,1739,0.6854552621206149,0.12182443905109483
Bearing3_1,1740,0.6858494284588096,0.09673771854193701
Bearing3_1,1741,0.6862435947970044,0.0899331243473469
Bearing3_1,1742,0.686637761135199,0.08535812417023822
Bearing3_1,1743,0.6870319274733938,0.07317180262179784
Bearing3_1,1744,0.6874260938115885,0.05161992398551272
Bearing3_1,1745,0.6878202601497833,0.013861492102257456
Bearing3_1,1746,0.6882144264879779,-0.014240543797128252
Bearing3_1,1747,0.6886085928261726,-0.06505938698252696
Bearing3_1,1748,0.6890027591643674,-0.05609450810942227
Bearing3_1,1749,0.689396925502562,-0.08955511960994275
Bearing3_1,1750,0.6897910918407568,-0.11886085009649316
Bearing3_1,1751,0.6901852581789515,-0.15346485199563695
Bearing3_1,1752,0.6905794245171463,-0.17920962299972698
Bearing3_1,1753,0.6909735908553409,-0.20192931631677688
Bearing3_1,1754,0.6913677571935357,-0.18254286458957
Bearing3_1,1755,0.6917619235317304,-0.1660648321832884
Bearing3_1,1756,0.6921560898699252,-0.178426727283099
Bearing3_1,1757,0.6925502562081198,-0.16774764793950592
Bearing3_1,1758,0.6929444225463145,-0.19121313447682
Bearing3_1,1759,0.6933385888845093,-0.17266084019365807
Bearing3_1,1760,0.693732755222704,-0.1629157800849626
Bearing3_1,1761,0.6941269215608987,-0.14622602599631565
Bearing3_1,1762,0.6945210878990934,-0.13148296164608425
Bearing3_1,1763,0.6949152542372882,-0.11838814354404499
Bearing3_1,1764,0.6953094205754828,-0.11578706314652074
Bearing3_1,1765,0.6957035869136776,-0.10887296013119382
Bearing3_1,1766,0.6960977532518723,-0.07994346587806843
Bearing3_1,1767,0.696491919590067,-0.09915910506069676
Bearing3_1,1768,0.6968860859282617,-0.06296055903827061
Bearing3_1,1769,0.6972802522664564,-0.05578724999312418
Bearing3_1,1770,0.6976744186046512,-0.014150580310226224
Bearing3_1,1771,0.6980685849428458,-0.018017046707017988
Bearing3_1,1772,0.6984627512810406,-0.01718945285013678
Bearing3_1,1773,0.6988569176192353,-0.0013570850237922705
Bearing3_1,1774,0.6992510839574301,0.0016570725774613993
Bearing3_1,1775,0.6996452502956247,0.00993454240700021
Bearing3_1,1776,0.7000394166338195,0.012828573289421944
Bearing3_1,1777,0.7004335829720142,0.0693266836157651
Bearing3_1,1778,0.7008277493102089,0.05093473895598405
Bearing3_1,1779,0.7012219156484036,0.07900276192821962
Bearing3_1,1780,0.7016160819865983,0.06536844384572457
Bearing3_1,1781,0.7020102483247931,0.10235332650110936
Bearing3_1,1782,0.7024044146629878,0.1103614619048583
Bearing3_1,1783,0.7027985810011825,0.10938745625505238
Bearing3_1,1784,0.7031927473393772,0.1313080705622204
Bearing3_1,1785,0.703586913677572,0.13655111107185997
Bearing3_1,1786,0.7039810800157666,0.14331519160833728
Bearing3_1,1787,0.7043752463539614,0.13495847770211794
Bearing3_1,1788,0.7047694126921561,0.16575418949788248
Bearing3_1,1789,0.7051635790303508,0.1457863005139665
Bearing3_1,1790,0.7055577453685455,0.12723056456746545
Bearing3_1,1791,0.7059519117067402,0.09797548595372148
Bearing3_1,1792,0.706346078044935,0.07843635863859312
Bearing3_1,1793,0.7067402443831297,0.07285602130609994
Bearing3_1,1794,0.7071344107213244,0.05001880798052618
Bearing3_1,1795,0.7075285770595191,0.03712912540942059
Bearing3_1,1796,0.7079227433977139,0.005628682217909886
Bearing3_1,1797,0.7083169097359086,-0.02531003831661276
Bearing3_1,1798,0.7087110760741032,-0.036385118519342965
Bearing3_1,1799,0.709105242412298,-0.047623785721814325
Bearing3_1,1800,0.7094994087504927,-0.042698071122057216
Bearing3_1,1801,0.7098935750886874,-0.023050481019053215
Bearing3_1,1802,0.7102877414268821,-0.00423561938819495
Bearing3_1,1803,0.7106819077650769,-0.01096260386765965
Bearing3_1,1804,0.7110760741032716,-0.0024089631314882453
Bearing3_1,1805,0.7114702404414663,0.009792977806383626
Bearing3_1,1806,0.711864406779661,0.019416544941881823
Bearing3_1,1807,0.7122585731178558,0.03921265700776991
Bearing3_1,1808,0.7126527394560505,0.04090766994174638
Bearing3_1,1809,0.7130469057942451,0.043194572850763654
Bearing3_1,1810,0.7134410721324399,0.04040984263447388
Bearing3_1,1811,0.7138352384706346,0.043361272535168915
Bearing3_1,1812,0.7142294048088293,0.03566851172938457
Bearing3_1,1813,0.714623571147024,0.0300075999289178
Bearing3_1,1814,0.7150177374852188,0.020652783472264152
Bearing3_1,1815,0.7154119038234135,0.010431155205438147
Bearing3_1,1816,0.7158060701616082,0.02861715238243908
Bearing3_1,1817,0.7162002364998029,0.04571261653662718
Bearing3_1,1818,0.7165944028379977,0.06523916409580277
Bearing3_1,1819,0.7169885691761924,0.07522230968334552
Bearing3_1,1820,0.717382735514387,0.09804027673288832
Bearing3_1,1821,0.7177769018525818,0.1079090036632329
Bearing3_1,1822,0.7181710681907765,0.11960372923068945
Bearing3_1,1823,0.7185652345289713,0.12987234305915524
Bearing3_1,1824,0.7189594008671659,0.14905342684973752
Bearing3_1,1825,0.7193535672053607,0.15570094298096854
Bearing3_1,1826,0.7197477335435554,0.15267590101137937
Bearing3_1,1827,0.7201418998817501,0.1377128534008542
Bearing3_1,1828,0.7205360662199448,0.12273973289872009
Bearing3_1,1829,0.7209302325581395,0.13060344112307973
Bearing3_1,1830,0.7213243988963343,0.10598561701386067
Bearing3_1,1831,0.7217185652345289,0.08368632330816252
Bearing3_1,1832,0.7221127315727237,0.080424078673833
Bearing3_1,1833,0.7225068979109184,0.06316228628256501
Bearing3_1,1834,0.7229010642491132,0.048331479978689425
Bearing3_1,1835,0.7232952305873078,0.05349379478712455
Bearing3_1,1836,0.7236893969255026,0.052021357397798076
Bearing3_1,1837,0.7240835632636973,0.05040626043371525
Bearing3_1,1838,0.724477729601892,0.046547917411564735
Bearing3_1,1839,0.7248718959400867,0.02632971516194265
Bearing3_1,1840,0.7252660622782814,0.03397041538238696
Bearing3_1,1841,0.7256602286164762,0.04155024205318158
Bearing3_1,1842,0.7260543949546708,0.01633385213610707
Bearing3_1,1843,0.7264485612928656,0.036524888230058075
Bearing3_1,1844,0.7268427276310603,0.03916492823711173
Bearing3_1,1845,0.7272368939692551,0.026643819139315482
Bearing3_1,1846,0.7276310603074497,0.017752227729138557
Bearing3_1,1847,0.7280252266456445,0.003539813475830511
Bearing3_1,1848,0.7284193929838392,0.0062945364773617
Bearing3_1,1849,0.7288135593220338,0.011546662998765953
Bearing3_1,1850,0.7292077256602286,-0.004919293037763887
Bearing3_1,1851,0.7296018919984233,-0.004672128180441565
Bearing3_1,1852,0.7299960583366181,0.010805973512263357
Bearing3_1,1853,0.7303902246748127,-0.0018891096851433697
Bearing3_1,1854,0.7307843910130075,-0.010596816351595663
Bearing3_1,1855,0.7311785573512022,-0.011335042376848032
Bearing3_1,1856,0.731572723689397,0.00235690652251313
Bearing3_1,1857,0.7319668900275916,0.010419017576158374
Bearing3_1,1858,0.7323610563657864,0.005945077877614427
Bearing3_1,1859,0.7327552227039811,0.009238807313060518
Bearing3_1,1860,0.7331493890421757,0.018511437829397806
Bearing3_1,1861,0.7335435553803705,0.01279511419926388
Bearing3_1,1862,0.7339377217185652,0.006717817154758663
Bearing3_1,1863,0.73433188805676,0.021586301398971337
Bearing3_1,1864,0.7347260543949546,0.033580589880545506
Bearing3_1,1865,0.7351202207331494,0.04267148835627984
Bearing3_1,1866,0.7355143870713441,0.03323982604722277
Bearing3_1,1867,0.7359085534095389,0.03526618388268808
Bearing3_1,1868,0.7363027197477335,0.0330068878790198
Bearing3_1,1869,0.7366968860859283,0.0344988468201044
Bearing3_1,1870,0.737091052424123,0.032244387717192444
Bearing3_1,1871,0.7374852187623177,0.028981759477499584
Bearing3_1,1872,0.7378793851005124,0.03307321680836705
Bearing3_1,1873,0.7382735514387071,0.03650521359622454
Bearing3_1,1874,0.7386677177769019,0.03578864010422653
Bearing3_1,1875,0.7390618841150965,0.017916024815558828
Bearing3_1,1876,0.7394560504532913,0.027160470679156667
Bearing3_1,1877,0.739850216791486,0.02663551633566503
Bearing3_1,1878,0.7402443831296808,0.02595138047564647
Bearing3_1,1879,0.7406385494678754,0.017256032113013027
Bearing3_1,1880,0.7410327158060701,0.03351361607762113
Bearing3_1,1881,0.7414268821442649,0.05193272463894751
Bearing3_1,1882,0.7418210484824596,0.06367293112597087
Bearing3_1,1883,0.7422152148206543,0.06557940890955279
Bearing3_1,1884,0.742609381158849,0.06549707625569752
Bearing3_1,1885,0.7430035474970438,0.07343360780277751
Bearing3_1,1886,0.7433977138352384,0.06938118383847441
Bearing3_1,1887,0.7437918801734332,0.07845775097739838
Bearing3_1,1888,0.7441860465116279,0.09019037995865757
Bearing3_1,1889,0.7445802128498227,0.08893554299802127
Bearing3_1,1890,0.7449743791880173,0.08743537883011299
Bearing3_1,1891,0.745368545526212,0.07764866053573427
Bearing3_1,1892,0.7457627118644068,0.0846974941011158
Bearing3_1,1893,0.7461568782026015,0.06578282644999159
Bearing3_1,1894,0.7465510445407962,0.06816790918426872
Bearing3_1,1895,0.7469452108789909,0.06521033934483625
Bearing3_1,1896,0.7473393772171857,0.04033718268729871
Bearing3_1,1897,0.7477335435553804,0.03840277687914888
Bearing3_1,1898,0.7481277098935751,0.03549701661786486
Bearing3_1,1899,0.7485218762317698,0.07927008861748477
Bearing3_1,1900,0.7489160425699646,0.08046085667333308
Bearing3_1,1901,0.7493102089081592,0.07320996589195525
Bearing3_1,1902,0.7497043752463539,0.05563958348232575
Bearing3_1,1903,0.7500985415845487,0.06630981392670969
Bearing3_1,1904,0.7504927079227434,0.05487006374523692
Bearing3_1,1905,0.7508868742609381,0.059647792043464876
Bearing3_1,1906,0.7512810405991328,0.08037095260155289
Bearing3_1,1907,0.7516752069373276,0.08541731490992518
Bearing3_1,1908,0.7520693732755223,0.0839094042623512
Bearing3_1,1909,0.752463539613717,0.045489563070232594
Bearing3_1,1910,0.7528577059519117,0.03896880687550597
Bearing3_1,1911,0.7532518722901064,0.048474653637041745
Bearing3_1,1912,0.7536460386283012,0.051584334769295005
Bearing3_1,1913,0.7540402049664958,0.046395994790362625
Bearing3_1,1914,0.7544343713046906,0.04447808629171922
Bearing3_1,1915,0.7548285376428853,0.04062066400475662
Bearing3_1,1916,0.75522270398108,0.043863931340184306
Bearing3_1,1917,0.7556168703192747,0.04303333362274214
Bearing3_1,1918,0.7560110366574695,0.049392530153260686
Bearing3_1,1919,0.7564052029956642,0.04892644864689578
Bearing3_1,1920,0.7567993693338589,0.04944837089613198
Bearing3_1,1921,0.7571935356720536,0.049532076339120386
Bearing3_1,1922,0.7575877020102483,0.056657715087689554
Bearing3_1,1923,0.757981868348443,0.04657937196381451
Bearing3_1,1924,0.7583760346866377,0.04969443058138704
Bearing3_1,1925,0.7587702010248325,0.0425835768938565
Bearing3_1,1926,0.7591643673630272,0.04389530453058567
Bearing3_1,1927,0.759558533701222,0.05142386808843208
Bearing3_1,1928,0.7599527000394166,0.05353735886939666
Bearing3_1,1929,0.7603468663776114,0.06173423588567578
Bearing3_1,1930,0.7607410327158061,0.07272410389190553
Bearing3_1,1931,0.7611351990540007,0.0704237038227152
Bearing3_1,1932,0.7615293653921955,0.04114162543355099
Bearing3_1,1933,0.7619235317303902,0.07958750916052149
Bearing3_1,1934,0.762317698068585,0.07437896661520346
Bearing3_1,1935,0.7627118644067796,0.0827445243275455
Bearing3_1,1936,0.7631060307449744,0.07694671809740306
Bearing3_1,1937,0.7635001970831691,0.07339077518554811
Bearing3_1,1938,0.7638943634213639,0.06557613056338697
Bearing3_1,1939,0.7642885297595585,0.05892693064326138
Bearing3_1,1940,0.7646826960977533,0.04748823897454276
Bearing3_1,1941,0.765076862435948,0.03903897304620076
Bearing3_1,1942,0.7654710287741426,0.05074358583652343
Bearing3_1,1943,0.7658651951123374,0.03488343816060174
Bearing3_1,1944,0.7662593614505321,0.04361741064304302
Bearing3_1,1945,0.7666535277887269,0.04810511345360538
Bearing3_1,1946,0.7670476941269215,0.0514873454134635
Bearing3_1,1947,0.7674418604651163,0.04435197577697806
Bearing3_1,1948,0.767836026803311,0.030825068036307173
Bearing3_1,1949,0.7682301931415058,0.023187422385220112
Bearing3_1,1950,0.7686243594797004,0.014607800859293982
Bearing3_1,1951,0.7690185258178952,0.015569014208376442
Bearing3_1,1952,0.7694126921560899,0.019061868787255753
Bearing3_1,1953,0.7698068584942845,0.015060779815110423
Bearing3_1,1954,0.7702010248324793,-0.0010398655327750693
Bearing3_1,1955,0.770595191170674,4.675750212604079e-05
Bearing3_1,1956,0.7709893575088688,0.009936656957228127
Bearing3_1,1957,0.7713835238470634,0.0053680427236633774
Bearing3_1,1958,0.7717776901852582,0.010337452942884854
Bearing3_1,1959,0.7721718565234529,0.02164019265312424
Bearing3_1,1960,0.7725660228616477,0.019751505166224006
Bearing3_1,1961,0.7729601891998423,0.03631054452190542
Bearing3_1,1962,0.773354355538037,0.03871394080272689
Bearing3_1,1963,0.7737485218762318,0.02847140698571133
Bearing3_1,1964,0.7741426882144264,0.042403989801300425
Bearing3_1,1965,0.7745368545526212,0.03786551107117406
Bearing3_1,1966,0.7749310208908159,0.00677767473116232
Bearing3_1,1967,0.7753251872290107,0.00032950936438937985
Bearing3_1,1968,0.7757193535672053,0.007465191217252301
Bearing3_1,1969,0.7761135199054001,0.0068809724177433165
Bearing3_1,1970,0.7765076862435948,-0.001630223913104381
Bearing3_1,1971,0.7769018525817896,-0.009388366089697226
Bearing3_1,1972,0.7772960189199842,-0.013757226870686767
Bearing3_1,1973,0.7776901852581789,-0.01061872038078551
Bearing3_1,1974,0.7780843515963737,0.008290880957558438
Bearing3_1,1975,0.7784785179345683,-0.00040123054635294865
Bearing3_1,1976,0.7788726842727631,0.0058818274398535954
Bearing3_1,1977,0.7792668506109578,0.015670970941600366
Bearing3_1,1978,0.7796610169491526,0.009598051693808908
Bearing3_1,1979,0.7800551832873472,0.001494666980958821
Bearing3_1,1980,0.780449349625542,0.014029579223502986
Bearing3_1,1981,0.7808435159637367,0.010344989127698625
Bearing3_1,1982,0.7812376823019315,0.01851382710169491
Bearing3_1,1983,0.7816318486401261,0.021684085350423488
Bearing3_1,1984,0.7820260149783208,0.014205156156083068
Bearing3_1,1985,0.7824201813165156,0.016712411964594717
Bearing3_1,1986,0.7828143476547103,0.023284884337520826
Bearing3_1,1987,0.783208513992905,0.01855631594897004
Bearing3_1,1988,0.7836026803310997,0.026413225438072074
Bearing3_1,1989,0.7839968466692945,0.02386609298446823
Bearing3_1,1990,0.7843910130074891,0.01807979326393123
Bearing3_1,1991,0.7847851793456839,0.014791911598347224
Bearing3_1,1992,0.7851793456838786,0.003440539382887313
Bearing3_1,1993,0.7855735120220733,-0.00040083893384586927
Bearing3_1,1994,0.785967678360268,-0.019957170760905203
Bearing3_1,1995,0.7863618446984627,-0.030289998074722012
Bearing3_1,1996,0.7867560110366575,-0.01949087627692625
Bearing3_1,1997,0.7871501773748522,-0.01892281279356147
Bearing3_1,1998,0.7875443437130469,-0.011517806937019414
Bearing3_1,1999,0.7879385100512416,0.008466128181804634
Bearing3_1,2000,0.7883326763894364,0.017338494522869893
Bearing3_1,2001,0.788726842727631,0.016197638093967914
Bearing3_1,2002,0.7891210090658258,0.030906836196728748
Bearing3_1,2003,0.7895151754040205,0.054518673258380355
Bearing3_1,2004,0.7899093417422152,0.07169551329902311
Bearing3_1,2005,0.7903035080804099,0.08670659121285149
Bearing3_1,2006,0.7906976744186046,0.07316906730826525
Bearing3_1,2007,0.7910918407567994,0.08106905764915674
Bearing3_1,2008,0.7914860070949941,0.0871955424326221
Bearing3_1,2009,0.7918801734331888,0.08619256810116643
Bearing3_1,2010,0.7922743397713835,0.09445352637518109
Bearing3_1,2011,0.7926685061095783,0.1031837451669626
Bearing3_1,2012,0.793062672447773,0.11056572496857617
Bearing3_1,2013,0.7934568387859677,0.10102765432586622
Bearing3_1,2014,0.7938510051241624,0.08630068791023374
Bearing3_1,2015,0.7942451714623571,0.07509699070090745
Bearing3_1,2016,0.7946393378005518,0.08931919118261153
Bearing3_1,2017,0.7950335041387465,0.07471362344143946
Bearing3_1,2018,0.7954276704769413,0.07603250746418247
Bearing3_1,2019,0.795821836815136,0.07993898219814319
Bearing3_1,2020,0.7962160031533307,0.07645103528096062
Bearing3_1,2021,0.7966101694915254,0.07601598126640334
Bearing3_1,2022,0.7970043358297202,0.07010850595610278
Bearing3_1,2023,0.7973985021679149,0.06922129435542793
Bearing3_1,2024,0.7977926685061095,0.0841233515718096
Bearing3_1,2025,0.7981868348443043,0.10495863605742835
Bearing3_1,2026,0.798581001182499,0.09588559890067193
Bearing3_1,2027,0.7989751675206938,0.12492922658055275
Bearing3_1,2028,0.7993693338588884,0.10834468399078745
Bearing3_1,2029,0.7997635001970832,0.10327340433185712
Bearing3_1,2030,0.8001576665352779,0.11049810258463755
Bearing3_1,2031,0.8005518328734726,0.10204485995960615
Bearing3_1,2032,0.8009459992116673,0.12257614237813655
Bearing3_1,2033,0.8013401655498621,0.12806865532834216
Bearing3_1,2034,0.8017343318880568,0.13645771592521613
Bearing3_1,2035,0.8021284982262514,0.14434928537321162
Bearing3_1,2036,0.8025226645644462,0.17102974494322531
Bearing3_1,2037,0.8029168309026409,0.1865184515390823
Bearing3_1,2038,0.8033109972408357,0.20605110271334576
Bearing3_1,2039,0.8037051635790303,0.2160126266999865
Bearing3_1,2040,0.8040993299172251,0.22483684608844542
Bearing3_1,2041,0.8044934962554198,0.2592215082228089
Bearing3_1,2042,0.8048876625936146,0.25633713262862584
Bearing3_1,2043,0.8052818289318092,0.26009004718456447
Bearing3_1,2044,0.8056759952700039,0.2574778330706369
Bearing3_1,2045,0.8060701616081987,0.2747724292172563
Bearing3_1,2046,0.8064643279463933,0.26148742107942263
Bearing3_1,2047,0.8068584942845881,0.2338948554019559
Bearing3_1,2048,0.8072526606227828,0.22667923444304167
Bearing3_1,2049,0.8076468269609776,0.2205224539016759
Bearing3_1,2050,0.8080409932991722,0.19272267150085678
Bearing3_1,2051,0.808435159637367,0.17701321131990586
Bearing3_1,2052,0.8088293259755617,0.17093311658601387
Bearing3_1,2053,0.8092234923137565,0.1527659557013185
Bearing3_1,2054,0.8096176586519511,0.14576906664485761
Bearing3_1,2055,0.8100118249901458,0.12159368263759951
Bearing3_1,2056,0.8104059913283406,0.12380674196908889
Bearing3_1,2057,0.8108001576665352,0.1196581861222145
Bearing3_1,2058,0.81119432400473,0.1065584434679598
Bearing3_1,2059,0.8115884903429247,0.09362644982723295
Bearing3_1,2060,0.8119826566811195,0.09449200995849044
Bearing3_1,2061,0.8123768230193141,0.07664429220677998
Bearing3_1,2062,0.8127709893575089,0.06989833690669248
Bearing3_1,2063,0.8131651556957036,0.07356747070097991
Bearing3_1,2064,0.8135593220338984,0.06964643757011821
Bearing3_1,2065,0.813953488372093,0.06472197669109368
Bearing3_1,2066,0.8143476547102877,0.05558408937791572
Bearing3_1,2067,0.8147418210484825,0.0589060112772425
Bearing3_1,2068,0.8151359873866771,0.06409825500641445
Bearing3_1,2069,0.8155301537248719,0.059048950785973234
Bearing3_1,2070,0.8159243200630666,0.06375356294648696
Bearing3_1,2071,0.8163184864012614,0.06763273511832699
Bearing3_1,2072,0.816712652739456,0.05729383121368496
Bearing3_1,2073,0.8171068190776508,0.06098949377000131
Bearing3_1,2074,0.8175009854158455,0.06864269462711078
Bearing3_1,2075,0.8178951517540402,0.0681603037958142
Bearing3_1,2076,0.8182893180922349,0.06627573637255917
Bearing3_1,2077,0.8186834844304296,0.05882027585438273
Bearing3_1,2078,0.8190776507686244,0.051391138372325215
Bearing3_1,2079,0.819471817106819,0.03905496918164428
Bearing3_1,2080,0.8198659834450138,0.01624554912068951
Bearing3_1,2081,0.8202601497832085,0.005841355949047229
Bearing3_1,2082,0.8206543161214033,-0.005293286636216014
Bearing3_1,2083,0.8210484824595979,-0.03004104670827053
Bearing3_1,2084,0.8214426487977927,-0.04576236773828495
Bearing3_1,2085,0.8218368151359874,-0.04609676496199235
Bearing3_1,2086,0.822230981474182,-0.04858644275578455
Bearing3_1,2087,0.8226251478123768,-0.03169690076020263
Bearing3_1,2088,0.8230193141505715,-0.03201025595816509
Bearing3_1,2089,0.8234134804887663,-0.020315731147679157
Bearing3_1,2090,0.823807646826961,0.00957408478174644
Bearing3_1,2091,0.8242018131651557,0.03963954717122662
Bearing3_1,2092,0.8245959795033504,0.04300505772447916
Bearing3_1,2093,0.8249901458415452,0.06874020576385306
Bearing3_1,2094,0.8253843121797398,0.08871136777359126
Bearing3_1,2095,0.8257784785179346,0.0804159772122384
Bearing3_1,2096,0.8261726448561293,0.07468503052174476
Bearing3_1,2097,0.826566811194324,0.04270804279264418
Bearing3_1,2098,0.8269609775325187,0.05427655158787985
Bearing3_1,2099,0.8273551438707134,0.04383123797783753
Bearing3_1,2100,0.8277493102089082,0.030037787422531208
Bearing3_1,2101,0.8281434765471029,0.015701363593321988
Bearing3_1,2102,0.8285376428852976,0.037748214788953946
Bearing3_1,2103,0.8289318092234923,0.025759694495133916
Bearing3_1,2104,0.8293259755616871,0.009661861876038949
Bearing3_1,2105,0.8297201418998817,0.011091417689006186
Bearing3_1,2106,0.8301143082380764,0.012073638908718678
Bearing3_1,2107,0.8305084745762712,0.03324457926748291
Bearing3_1,2108,0.8309026409144659,0.024712586958840967
Bearing3_1,2109,0.8312968072526606,0.03783196130897053
Bearing3_1,2110,0.8316909735908553,0.043670934535612396
Bearing3_1,2111,0.8320851399290501,0.039378937969887104
Bearing3_1,2112,0.8324793062672448,0.015329913489881285
Bearing3_1,2113,0.8328734726054395,-0.0014292926943213935
Bearing3_1,2114,0.8332676389436342,-0.002304481318251486
Bearing3_1,2115,0.833661805281829,0.005386583208325811
Bearing3_1,2116,0.8340559716200237,0.0021026161084437443
Bearing3_1,2117,0.8344501379582183,-0.013788114289789663
Bearing3_1,2118,0.8348443042964131,-0.013655455264823192
Bearing3_1,2119,0.8352384706346078,-0.02225742620746454
Bearing3_1,2120,0.8356326369728025,-0.041232556488474195
Bearing3_1,2121,0.8360268033109972,-0.0578373779878671
Bearing3_1,2122,0.836420969649192,-0.07637020019271253
Bearing3_1,2123,0.8368151359873867,-0.06781976527988007
Bearing3_1,2124,0.8372093023255814,-0.08103895495018512
Bearing3_1,2125,0.8376034686637761,-0.08398718369544958
Bearing3_1,2126,0.8379976350019709,-0.08654688620761061
Bearing3_1,2127,0.8383918013401656,-0.0945099129800514
Bearing3_1,2128,0.8387859676783602,-0.1159502886223522
Bearing3_1,2129,0.839180134016555,-0.10796751640042554
Bearing3_1,2130,0.8395743003547497,-0.10223165965055214
Bearing3_1,2131,0.8399684666929444,-0.08926534919144262
Bearing3_1,2132,0.8403626330311391,-0.08186795043446606
Bearing3_1,2133,0.8407567993693339,-0.07416878223739698
Bearing3_1,2134,0.8411509657075286,-0.07568245795859099
Bearing3_1,2135,0.8415451320457233,-0.07844268363577703
Bearing3_1,2136,0.841939298383918,-0.06671613401918446
Bearing3_1,2137,0.8423334647221127,-0.05789909332111781
Bearing3_1,2138,0.8427276310603075,-0.0251977198998369
Bearing3_1,2139,0.8431217973985021,-0.018327960074071597
Bearing3_1,2140,0.8435159637366969,-0.010938911794131683
Bearing3_1,2141,0.8439101300748916,-0.012114298242817421
Bearing3_1,2142,0.8443042964130864,0.02541821766602843
Bearing3_1,2143,0.844698462751281,0.02883649543492229
Bearing3_1,2144,0.8450926290894758,0.055933269849675483
Bearing3_1,2145,0.8454867954276705,0.04721512978821204
Bearing3_1,2146,0.8458809617658652,0.044861689325815336
Bearing3_1,2147,0.8462751281040599,0.05347843219233388
Bearing3_1,2148,0.8466692944422546,0.038767731083304634
Bearing3_1,2149,0.8470634607804494,0.037761169619695265
Bearing3_1,2150,0.847457627118644,0.04450255795234555
Bearing3_1,2151,0.8478517934568388,0.03571293848842754
Bearing3_1,2152,0.8482459597950335,0.016229888265322373
Bearing3_1,2153,0.8486401261332283,-0.0024464151587153898
Bearing3_1,2154,0.8490342924714229,-0.019033094595927478
Bearing3_1,2155,0.8494284588096177,-0.024876584979466588
Bearing3_1,2156,0.8498226251478124,-0.03506692139985297
Bearing3_1,2157,0.850216791486007,-0.03682210473627443
Bearing3_1,2158,0.8506109578242018,-0.037631632892294646
Bearing3_1,2159,0.8510051241623965,-0.05587654295202406
Bearing3_1,2160,0.8513992905005913,-0.07394154022132919
Bearing3_1,2161,0.8517934568387859,-0.05954320576907337
Bearing3_1,2162,0.8521876231769807,-0.06286934291108541
Bearing3_1,2163,0.8525817895151754,-0.04387302922007771
Bearing3_1,2164,0.8529759558533702,-0.040924840619720196
Bearing3_1,2165,0.8533701221915648,-0.007469578807719623
Bearing3_1,2166,0.8537642885297596,0.008593438701716517
Bearing3_1,2167,0.8541584548679543,0.017998044015568017
Bearing3_1,2168,0.8545526212061489,0.023929438393752347
Bearing3_1,2169,0.8549467875443437,0.050013967481348044
Bearing3_1,2170,0.8553409538825384,0.08545365708431564
Bearing3_1,2171,0.8557351202207332,0.10170515648058365
Bearing3_1,2172,0.8561292865589278,0.10456216224051804
Bearing3_1,2173,0.8565234528971226,0.10679814315205041
Bearing3_1,2174,0.8569176192353173,0.10824438144521953
Bearing3_1,2175,0.8573117855735121,0.09616821349366686
Bearing3_1,2176,0.8577059519117067,0.09633172661016133
Bearing3_1,2177,0.8581001182499015,0.1123446937862747
Bearing3_1,2178,0.8584942845880962,0.112253126959306
Bearing3_1,2179,0.8588884509262908,0.11218254711469758
Bearing3_1,2180,0.8592826172644856,0.09449309976859194
Bearing3_1,2181,0.8596767836026803,0.08991079221105425
Bearing3_1,2182,0.8600709499408751,0.08746969389833216
Bearing3_1,2183,0.8604651162790697,0.09565310686617508
Bearing3_1,2184,0.8608592826172645,0.09787931688531762
Bearing3_1,2185,0.8612534489554592,0.10577022769704095
Bearing3_1,2186,0.861647615293654,0.11086559022955847
Bearing3_1,2187,0.8620417816318486,0.08942357877411893
Bearing3_1,2188,0.8624359479700433,0.09277907343996163
Bearing3_1,2189,0.8628301143082381,0.0921318752463068
Bearing3_1,2190,0.8632242806464328,0.09445773021191359
Bearing3_1,2191,0.8636184469846275,0.0856243625698441
Bearing3_1,2192,0.8640126133228222,0.09523640313149746
Bearing3_1,2193,0.864406779661017,0.09332135308443577
Bearing3_1,2194,0.8648009459992116,0.10551784184023276
Bearing3_1,2195,0.8651951123374064,0.09714788548399556
Bearing3_1,2196,0.8655892786756011,0.09279282744580845
Bearing3_1,2197,0.8659834450137959,0.09844620456793574
Bearing3_1,2198,0.8663776113519905,0.10796817687922595
Bearing3_1,2199,0.8667717776901852,0.10328544108174029
Bearing3_1,2200,0.86716594402838,0.10202487211885428
Bearing3_1,2201,0.8675601103665747,0.0872984183444962
Bearing3_1,2202,0.8679542767047694,0.08531202570660038
Bearing3_1,2203,0.8683484430429641,0.09290566845921595
Bearing3_1,2204,0.8687426093811589,0.08904634100007622
Bearing3_1,2205,0.8691367757193535,0.0896238273904196
Bearing3_1,2206,0.8695309420575483,0.09117750107248715
Bearing3_1,2207,0.869925108395743,0.11314917650678336
Bearing3_1,2208,0.8703192747339378,0.10821372858775677
Bearing3_1,2209,0.8707134410721324,0.12474521248184181
Bearing3_1,2210,0.8711076074103271,0.14197356318930426
Bearing3_1,2211,0.8715017737485219,0.15497361726853598
Bearing3_1,2212,0.8718959400867166,0.16129104375301356
Bearing3_1,2213,0.8722901064249113,0.15076264969067701
Bearing3_1,2214,0.872684272763106,0.15959639373537343
Bearing3_1,2215,0.8730784391013008,0.1474137397329647
Bearing3_1,2216,0.8734726054394955,0.12623906949655767
Bearing3_1,2217,0.8738667717776902,0.09260169989359521
Bearing3_1,2218,0.8742609381158849,0.08526650511549999
Bearing3_1,2219,0.8746551044540796,0.052600807649048065
Bearing3_1,2220,0.8750492707922743,0.028152339994321797
Bearing3_1,2221,0.875443437130469,0.024766965717458577
Bearing3_1,2222,0.8758376034686638,0.006844527639266698
Bearing3_1,2223,0.8762317698068585,-0.0002578413295967363
Bearing3_1,2224,0.8766259361450532,-0.027631583330640586
Bearing3_1,2225,0.8770201024832479,-0.026582246069054166
Bearing3_1,2226,0.8774142688214427,-0.024294771249534462
Bearing3_1,2227,0.8778084351596374,-0.026524290360178192
Bearing3_1,2228,0.8782026014978321,-0.04602169353404004
Bearing3_1,2229,0.8785967678360268,-0.038121265765786984
Bearing3_1,2230,0.8789909341742215,-0.0392148803548055
Bearing3_1,2231,0.8793851005124163,-0.04555340854562638
Bearing3_1,2232,0.8797792668506109,-0.05041065124054535
Bearing3_1,2233,0.8801734331888057,-0.058815159813031016
Bearing3_1,2234,0.8805675995270004,-0.050097231741349856
Bearing3_1,2235,0.8809617658651951,-0.04962026824373614
Bearing3_1,2236,0.8813559322033898,-0.04756571146892656
Bearing3_1,2237,0.8817500985415846,-0.06166976843639797
Bearing3_1,2238,0.8821442648797793,-0.05310149118787803
Bearing3_1,2239,0.882538431217974,-0.05105488166848983
Bearing3_1,2240,0.8829325975561687,-0.0344412669003694
Bearing3_1,2241,0.8833267638943634,-0.015973743087426828
Bearing3_1,2242,0.8837209302325582,-0.008601336018083763
Bearing3_1,2243,0.8841150965707528,-0.008265928204671692
Bearing3_1,2244,0.8845092629089476,-0.015327710592240845
Bearing3_1,2245,0.8849034292471423,-0.011001465278107013
Bearing3_1,2246,0.885297595585337,0.006250873401995342
Bearing3_1,2247,0.8856917619235317,0.03753363268388373
Bearing3_1,2248,0.8860859282617265,0.05369211808154202
Bearing3_1,2249,0.8864800945999212,0.049686484955737326
Bearing3_1,2250,0.8868742609381158,0.0395179374223323
Bearing3_1,2251,0.8872684272763106,0.020624943271909318
Bearing3_1,2252,0.8876625936145053,0.008061900938196215
Bearing3_1,2253,0.8880567599527001,0.010312806549462528
Bearing3_1,2254,0.8884509262908947,0.005996328042507232
Bearing3_1,2255,0.8888450926290895,0.017693129392246282
Bearing3_1,2256,0.8892392589672842,0.019632743310366744
Bearing3_1,2257,0.889633425305479,0.014295539240820453
Bearing3_1,2258,0.8900275916436736,0.016120585817712377
Bearing3_1,2259,0.8904217579818684,0.02050436887987978
Bearing3_1,2260,0.8908159243200631,0.03592758723737388
Bearing3_1,2261,0.8912100906582577,0.04681898313325348
Bearing3_1,2262,0.8916042569964525,0.06244386529754552
Bearing3_1,2263,0.8919984233346472,0.05953628653490378
Bearing3_1,2264,0.892392589672842,0.06389294046069027
Bearing3_1,2265,0.8927867560110366,0.050642383667027654
Bearing3_1,2266,0.8931809223492314,0.028505601996215334
Bearing3_1,2267,0.8935750886874261,0.0052355306677269505
Bearing3_1,2268,0.8939692550256209,-0.009735255045953392
Bearing3_1,2269,0.8943634213638155,-0.015679120715277675
Bearing3_1,2270,0.8947575877020102,-0.0511378918524729
Bearing3_1,2271,0.895151754040205,-0.0714728617268462
Bearing3_1,2272,0.8955459203783996,-0.08878727177003362
Bearing3_1,2273,0.8959400867165944,-0.09815533824569131
Bearing3_1,2274,0.8963342530547891,-0.10250838605255919
Bearing3_1,2275,0.8967284193929839,-0.12418550300111701
Bearing3_1,2276,0.8971225857311785,-0.1269601041582808
Bearing3_1,2277,0.8975167520693733,-0.13353159596631084
Bearing3_1,2278,0.897910918407568,-0.1509581440775625
Bearing3_1,2279,0.8983050847457628,-0.16036083880251298
Bearing3_1,2280,0.8986992510839574,-0.14449513391538535
Bearing3_1,2281,0.8990934174221521,-0.1370634600292314
Bearing3_1,2282,0.8994875837603469,-0.133321438999016
Bearing3_1,2283,0.8998817500985415,-0.11522324466250614
Bearing3_1,2284,0.9002759164367363,-0.09985215105389478
Bearing3_1,2285,0.900670082774931,-0.0807743943698785
Bearing3_1,2286,0.9010642491131258,-0.05854128643622612
Bearing3_1,2287,0.9014584154513204,-0.02387285461532702
Bearing3_1,2288,0.9018525817895152,0.001787759155000232
Bearing3_1,2289,0.9022467481277099,0.017184948460752417
Bearing3_1,2290,0.9026409144659047,0.024834067067520393
Bearing3_1,2291,0.9030350808040993,0.045122169845112206
Bearing3_1,2292,0.903429247142294,0.04920299464137097
Bearing3_1,2293,0.9038234134804888,0.054110080095036914
Bearing3_1,2294,0.9042175798186834,0.05508972371318625
Bearing3_1,2295,0.9046117461568782,0.07305266471469571
Bearing3_1,2296,0.9050059124950729,0.06831766256625532
Bearing3_1,2297,0.9054000788332677,0.05949526068604525
Bearing3_1,2298,0.9057942451714623,0.04983540036101407
Bearing3_1,2299,0.9061884115096571,0.03936030506821208
Bearing3_1,2300,0.9065825778478518,0.048938848890824165
Bearing3_1,2301,0.9069767441860465,0.0616288453469638
Bearing3_1,2302,0.9073709105242412,0.08904171767311145
Bearing3_1,2303,0.9077650768624359,0.08786151104205957
Bearing3_1,2304,0.9081592432006307,0.08232656366505406
Bearing3_1,2305,0.9085534095388254,0.07781552458153765
Bearing3_1,2306,0.9089475758770201,0.08557038392728746
Bearing3_1,2307,0.9093417422152148,0.08330146247437333
Bearing3_1,2308,0.9097359085534096,0.09449564372581436
Bearing3_1,2309,0.9101300748916042,0.10192327210377068
Bearing3_1,2310,0.910524241229799,0.07686231385620439
Bearing3_1,2311,0.9109184075679937,0.061920951930756106
Bearing3_1,2312,0.9113125739061884,0.03896283221660343
Bearing3_1,2313,0.9117067402443831,0.0369999670184179
Bearing3_1,2314,0.9121009065825778,0.045926066353394544
Bearing3_1,2315,0.9124950729207726,0.028819188477015346
Bearing3_1,2316,0.9128892392589673,0.014353569932184571
Bearing3_1,2317,0.913283405597162,0.01794681906315624
Bearing3_1,2318,0.9136775719353567,0.012008274574477052
Bearing3_1,2319,0.9140717382735515,0.012921688596138532
Bearing3_1,2320,0.9144659046117461,0.020479084810932874
Bearing3_1,2321,0.9148600709499409,-0.002532798348760491
Bearing3_1,2322,0.9152542372881356,-0.0020413775795257104
Bearing3_1,2323,0.9156484036263303,0.0010889156377872702
Bearing3_1,2324,0.916042569964525,-0.003446600795152386
Bearing3_1,2325,0.9164367363027197,-0.00043719145319035603
Bearing3_1,2326,0.9168309026409145,-0.011418930237697264
Bearing3_1,2327,0.9172250689791092,-0.019078945847540555
Bearing3_1,2328,0.9176192353173039,-0.028349902709192965
Bearing3_1,2329,0.9180134016554986,-0.04669310712476273
Bearing3_1,2330,0.9184075679936934,-0.05491654915835975
Bearing3_1,2331,0.918801734331888,-0.05168572154358466
Bearing3_1,2332,0.9191959006700827,-0.06534814673936686
Bearing3_1,2333,0.9195900670082775,-0.07862540979824996
Bearing3_1,2334,0.9199842333464722,-0.08416877633297958
Bearing3_1,2335,0.920378399684667,-0.06259288876402865
Bearing3_1,2336,0.9207725660228616,-0.009609533908800778
Bearing3_1,2337,0.9211667323610564,0.06697120899872504
Bearing3_1,2338,0.9215608986992511,0.14362652640803203
Bearing3_1,2339,0.9219550650374458,0.21612213777504113
Bearing3_1,2340,0.9223492313756405,0.3139747524447005
Bearing3_1,2341,0.9227433977138353,0.40644452157715555
Bearing3_1,2342,0.92313756405203,0.4990569701220978
Bearing3_1,2343,0.9235317303902246,0.6078068784874509
Bearing3_1,2344,0.9239258967284194,0.7137869632115634
Bearing3_1,2345,0.9243200630666141,0.8006725938841942
Bearing3_1,2346,0.9247142294048089,0.8801318314754688
Bearing3_1,2347,0.9251083957430035,0.9282720697197832
Bearing3_1,2348,0.9255025620811983,1.0126081273612735
Bearing3_1,2349,0.925896728419393,1.1065905148085657
Bearing3_1,2350,0.9262908947575877,1.1507233662132461
Bearing3_1,2351,0.9266850610957824,1.2218308810656882
Bearing3_1,2352,0.9270792274339772,1.2840024441203748
Bearing3_1,2353,0.9274733937721719,1.3484597354300782
Bearing3_1,2354,0.9278675601103665,1.3678219611113105
Bearing3_1,2355,0.9282617264485613,1.3913423736273522
Bearing3_1,2356,0.928655892786756,1.4218577207525134
Bearing3_1,2357,0.9290500591249508,1.4687461661099102
Bearing3_1,2358,0.9294442254631454,1.4807650932366079
Bearing3_1,2359,0.9298383918013402,1.5099793622862647
Bearing3_1,2360,0.9302325581395349,1.530631338823858
Bearing3_1,2361,0.9306267244777296,1.5641600629005876
Bearing3_1,2362,0.9310208908159243,1.6140586663097902
Bearing3_1,2363,0.931415057154119,1.638165164333929
Bearing3_1,2364,0.9318092234923138,1.697879719482928
Bearing3_1,2365,0.9322033898305084,1.747191930957652
Bearing3_1,2366,0.9325975561687032,1.773824905584883
Bearing3_1,2367,0.9329917225068979,1.7804583127219213
Bearing3_1,2368,0.9333858888450927,1.77211408492609
Bearing3_1,2369,0.9337800551832873,1.784060355493743
Bearing3_1,2370,0.9341742215214821,1.7985407505379398
Bearing3_1,2371,0.9345683878596768,1.8065755065257592
Bearing3_1,2372,0.9349625541978716,1.8063345914758977
Bearing3_1,2373,0.9353567205360662,1.7969102158240087
Bearing3_1,2374,0.9357508868742609,1.8190146875792739
Bearing3_1,2375,0.9361450532124557,1.8513692546478402
Bearing3_1,2376,0.9365392195506503,1.8816484894811611
Bearing3_1,2377,0.9369333858888451,1.9148917333861868
Bearing3_1,2378,0.9373275522270398,1.973567473565837
Bearing3_1,2379,0.9377217185652346,2.029310414167442
Bearing3_1,2380,0.9381158849034292,2.100266785797287
Bearing3_1,2381,0.938510051241624,2.1549273772276893
Bearing3_1,2382,0.9389042175798187,2.229674200777134
Bearing3_1,2383,0.9392983839180133,2.308714388902039
Bearing3_1,2384,0.9396925502562081,2.3608595211490937
Bearing3_1,2385,0.9400867165944028,2.414149919844359
Bearing3_1,2386,0.9404808829325976,2.476683618967539
Bearing3_1,2387,0.9408750492707922,2.543113774527311
Bearing3_1,2388,0.941269215608987,2.612652682267712
Bearing3_1,2389,0.9416633819471817,2.6393571115554484
Bearing3_1,2390,0.9420575482853765,2.699807900980388
Bearing3_1,2391,0.9424517146235711,2.7496863241874943
Bearing3_1,2392,0.9428458809617659,2.791336192691795
Bearing3_1,2393,0.9432400472999606,2.8617543191438193
Bearing3_1,2394,0.9436342136381553,2.905839495244811
Bearing3_1,2395,0.94402837997635,2.973454649581602
Bearing3_1,2396,0.9444225463145447,3.0241305782207326
Bearing3_1,2397,0.9448167126527395,3.0814438683324648
Bearing3_1,2398,0.9452108789909341,3.197515922264982
Bearing3_1,2399,0.9456050453291289,3.2350350673636816
Bearing3_1,2400,0.9459992116673236,3.265622848940396
Bearing3_1,2401,0.9463933780055184,3.2954062985357666
Bearing3_1,2402,0.946787544343713,3.3367913340816644
Bearing3_1,2403,0.9471817106819078,3.3561119190774407
Bearing3_1,2404,0.9475758770201025,3.3929090250050136
Bearing3_1,2405,0.9479700433582972,3.4113462195812345
Bearing3_1,2406,0.9483642096964919,3.4241309127380726
Bearing3_1,2407,0.9487583760346866,3.4708981094288305
Bearing3_1,2408,0.9491525423728814,3.469495886412806
Bearing3_1,2409,0.949546708711076,3.551365357932429
Bearing3_1,2410,0.9499408750492708,3.6304312795231573
Bearing3_1,2411,0.9503350413874655,3.6956024346242584
Bearing3_1,2412,0.9507292077256603,3.7450935451151706
Bearing3_1,2413,0.9511233740638549,3.8184993519712394
Bearing3_1,2414,0.9515175404020496,3.908844790235488
Bearing3_1,2415,0.9519117067402444,4.007472270599495
Bearing3_1,2416,0.9523058730784391,4.1286371494317
Bearing3_1,2417,0.9527000394166338,4.225296269637424
Bearing3_1,2418,0.9530942057548285,4.324074669324272
Bearing3_1,2419,0.9534883720930233,4.452299722382499
Bearing3_1,2420,0.953882538431218,4.543115589768476
Bearing3_1,2421,0.9542767047694127,4.640557511431024
Bearing3_1,2422,0.9546708711076074,4.784150078762621
Bearing3_1,2423,0.9550650374458022,4.926312796245192
Bearing3_1,2424,0.9554592037839968,5.087517636969313
Bearing3_1,2425,0.9558533701221915,5.222170694624852
Bearing3_1,2426,0.9562475364603863,5.353323700255833
Bearing3_1,2427,0.956641702798581,5.449101079220623
Bearing3_1,2428,0.9570358691367757,5.573014079864828
Bearing3_1,2429,0.9574300354749704,5.672291826984436
Bearing3_1,2430,0.9578242018131652,5.805636520669141
Bearing3_1,2431,0.9582183681513599,5.979266497879889
Bearing3_1,2432,0.9586125344895546,6.116037978245988
Bearing3_1,2433,0.9590067008277493,6.238129713568333
Bearing3_1,2434,0.9594008671659441,6.3181048560348305
Bearing3_1,2435,0.9597950335041388,6.411490742242099
Bearing3_1,2436,0.9601891998423334,6.471937701147529
Bearing3_1,2437,0.9605833661805282,6.525376851251593
Bearing3_1,2438,0.9609775325187229,6.563741775345781
Bearing3_1,2439,0.9613716988569176,6.656748684134145
Bearing3_1,2440,0.9617658651951123,6.68898249992116
Bearing3_1,2441,0.9621600315333071,6.709372330287704
Bearing3_1,2442,0.9625541978715018,6.757905604452955
Bearing3_1,2443,0.9629483642096965,6.8132601041783545
Bearing3_1,2444,0.9633425305478912,6.90277411813117
Bearing3_1,2445,0.9637366968860859,6.9825295341472895
Bearing3_1,2446,0.9641308632242807,7.1209232579472355
Bearing3_1,2447,0.9645250295624753,7.2450649786219286
Bearing3_1,2448,0.9649191959006701,7.348599399326406
Bearing3_1,2449,0.9653133622388648,7.398881881934528
Bearing3_1,2450,0.9657075285770595,7.490815518370368
Bearing3_1,2451,0.9661016949152542,7.61059911498217
Bearing3_1,2452,0.966495861253449,7.683439513360017
Bearing3_1,2453,0.9668900275916437,7.7644349350493345
Bearing3_1,2454,0.9672841939298384,7.849255164909849
Bearing3_1,2455,0.9676783602680331,7.954956021575457
Bearing3_1,2456,0.9680725266062278,8.03841931705892
Bearing3_1,2457,0.9684666929444226,8.133816738571557
Bearing3_1,2458,0.9688608592826172,8.283715489200455
Bearing3_1,2459,0.969255025620812,8.405098445588852
Bearing3_1,2460,0.9696491919590067,8.542398489560254
Bearing3_1,2461,0.9700433582972015,8.644928665144425
Bearing3_1,2462,0.9704375246353961,8.83343302026808
Bearing3_1,2463,0.9708316909735909,9.083454215756845
Bearing3_1,2464,0.9712258573117856,9.628209984562748
Bearing3_1,2465,0.9716200236499803,10.218317973325858
Bearing3_1,2466,0.972014189988175,10.803711438561129
Bearing3_1,2467,0.9724083563263697,11.421729882531618
Bearing3_1,2468,0.9728025226645645,12.007946160501612
Bearing3_1,2469,0.9731966890027591,12.601101372441684
Bearing3_1,2470,0.9735908553409539,13.22852494102454
Bearing3_1,2471,0.9739850216791486,13.850076256419726
Bearing3_1,2472,0.9743791880173434,14.418333791502937
Bearing3_1,2473,0.974773354355538,14.884471249970932
Bearing3_1,2474,0.9751675206937328,15.0759548791715
Bearing3_1,2475,0.9755616870319275,15.17608002726501
Bearing3_1,2476,0.9759558533701221,15.314753172475957
Bearing3_1,2477,0.9763500197083169,15.449019078994093
Bearing3_1,2478,0.9767441860465116,15.576366633727186
Bearing3_1,2479,0.9771383523847064,15.73052513358525
Bearing3_1,2480,0.977532518722901,15.770134798893135
Bearing3_1,2481,0.9779266850610958,15.86858373404155
Bearing3_1,2482,0.9783208513992905,15.961588194339408
Bearing3_1,2483,0.9787150177374853,16.085823178019123
Bearing3_1,2484,0.9791091840756799,16.204343958326753
Bearing3_1,2485,0.9795033504138747,16.38776145182678
Bearing3_1,2486,0.9798975167520694,16.53554137418957
Bearing3_1,2487,0.980291683090264,16.690439985040644
Bearing3_1,2488,0.9806858494284588,16.824602870434
Bearing3_1,2489,0.9810800157666535,16.985915773194556
Bearing3_1,2490,0.9814741821048483,17.224893364422176
Bearing3_1,2491,0.9818683484430429,17.399500296568508
Bearing3_1,2492,0.9822625147812377,17.56355294879632
Bearing3_1,2493,0.9826566811194324,17.813612740961577
Bearing3_1,2494,0.9830508474576272,17.96562460794076
Bearing3_1,2495,0.9834450137958218,18.084122742506043
Bearing3_1,2496,0.9838391801340165,18.200677930385602
Bearing3_1,2497,0.9842333464722113,18.283968736115398
Bearing3_1,2498,0.984627512810406,18.38044609011036
Bearing3_1,2499,0.9850216791486007,18.442333411054793
Bearing3_1,2500,0.9854158454867954,18.500797213853104
Bearing3_1,2501,0.9858100118249902,18.558616793323743
Bearing3_1,2502,0.9862041781631848,18.699311182846515
Bearing3_1,2503,0.9865983445013796,18.767099999729446
Bearing3_1,2504,0.9869925108395743,18.890352299713346
Bearing3_1,2505,0.9873866771777691,19.030529814024355
Bearing3_1,2506,0.9877808435159637,19.16121588538268
Bearing3_1,2507,0.9881750098541584,19.35491871807663
Bearing3_1,2508,0.9885691761923532,19.5271445378547
Bearing3_1,2509,0.9889633425305479,19.66966299691408
Bearing3_1,2510,0.9893575088687426,19.8628932141441
Bearing3_1,2511,0.9897516752069373,20.05862506352534
Bearing3_1,2512,0.9901458415451321,20.18218318415921
Bearing3_1,2513,0.9905400078833267,20.28666640943367
Bearing3_1,2514,0.9909341742215215,20.423781584122572
Bearing3_1,2515,0.9913283405597162,20.519240005617924
Bearing3_1,2516,0.991722506897911,20.658782842316306
Bearing3_1,2517,0.9921166732361056,20.760747931783673
Bearing3_1,2518,0.9925108395743003,20.963007815906636
Bearing3_1,2519,0.9929050059124951,21.210680599795477
Bearing3_1,2520,0.9932991722506898,21.403270050031423
Bearing3_1,2521,0.9936933385888845,21.596567823379253
Bearing3_1,2522,0.9940875049270792,21.806636983033638
Bearing3_1,2523,0.994481671265274,22.092299264175402
Bearing3_1,2524,0.9948758376034686,22.482005384229726
Bearing3_1,2525,0.9952700039416634,22.956100463195924
Bearing3_1,2526,0.9956641702798581,23.21291716347384
Bearing3_1,2527,0.9960583366180528,23.2636198140087
Bearing3_1,2528,0.9964525029562475,23.47180364797094
Bearing3_1,2529,0.9968466692944422,23.675448593674083
Bearing3_1,2530,0.997240835632637,23.903242423726176
Bearing3_1,2531,0.9976350019708317,24.28197664162768
Bearing3_1,2532,0.9980291683090264,24.644215056581324
Bearing3_1,2533,0.9984233346472211,24.983716015951206
Bearing3_1,2534,0.9988175009854159,25.222325717314412
Bearing3_1,2535,0.9992116673236106,25.34141067539825
Bearing3_1,2536,0.9996058336618053,25.841039844296283
Bearing3_1,2537,1.0,26.491550708536373
Bearing3_2,0,0.0,
Bearing3_2,1,0.0004008016032064128,
Bearing3_2,2,0.0008016032064128256,
Bearing3_2,3,0.0012024048096192384,
Bearing3_2,4,0.0016032064128256513,
Bearing3_2,5,0.002004008016032064,
Bearing3_2,6,0.002404809619238477,
Bearing3_2,7,0.0028056112224448897,
Bearing3_2,8,0.0032064128256513026,
Bearing3_2,9,0.0036072144288577155,
Bearing3_2,10,0.004008016032064128,
Bearing3_2,11,0.004408817635270541,
Bearing3_2,12,0.004809619238476954,
Bearing3_2,13,0.0052104208416833666,
Bearing3_2,14,0.0056112224448897794,
Bearing3_2,15,0.006012024048096192,1.3553467525805047
Bearing3_2,16,0.006412825651302605,0.7488325433419056
Bearing3_2,17,0.006813627254509018,0.9274540172125046
Bearing3_2,18,0.007214428857715431,0.6701005633766518
Bearing3_2,19,0.007615230460921844,0.6265071416897607
Bearing3_2,20,0.008016032064128256,0.648200500394401
Bearing3_2,21,0.008416833667334669,0.656875261327644
Bearing3_2,22,0.008817635270541082,0.7866987075085029
Bearing3_2,23,0.009218436873747494,0.7853647038647841
Bearing3_2,24,0.009619238476953907,0.916823555601152
Bearing3_2,25,0.01002004008016032,0.8413513955518876
Bearing3_2,26,0.010420841683366733,0.9255877747860615
Bearing3_2,27,0.010821643286573146,0.8849439567633368
Bearing3_2,28,0.011222444889779559,1.0058632160010366
Bearing3_2,29,0.011623246492985972,1.0695274437277944
Bearing3_2,30,0.012024048096192385,1.0981553786386553
Bearing3_2,31,0.012424849699398798,1.155515066715718
Bearing3_2,32,0.01282565130260521,1.2306666107760627
Bearing3_2,33,0.013226452905811623,1.5143834036907884
Bearing3_2,34,0.013627254509018036,1.5641651142062898
Bearing3_2,35,0.014028056112224449,1.7339827809954893
Bearing3_2,36,0.014428857715430862,1.735587066761727
Bearing3_2,37,0.014829659318637275,1.7961857410445394
Bearing3_2,38,0.015230460921843688,1.806025090036054
Bearing3_2,39,0.0156312625250501,1.8208316162658114
Bearing3_2,40,0.01603206412825651,1.8941151728296233
Bearing3_2,41,0.016432865731462926,1.9167718751730907
Bearing3_2,42,0.016833667334669337,1.9798765524277429
Bearing3_2,43,0.017234468937875752,1.772233064045529
Bearing3_2,44,0.017635270541082163,1.6895296878772637
Bearing3_2,45,0.018036072144288578,1.617955063531678
Bearing3_2,46,0.01843687374749499,1.7255280513363744
Bearing3_2,47,0.018837675350701404,1.7791216791164792
Bearing3_2,48,0.019238476953907815,1.840381042105627
Bearing3_2,49,0.01963927855711423,1.9397355411824866
Bearing3_2,50,0.02004008016032064,2.0222472090260633
Bearing3_2,51,0.020440881763527055,2.3480044852213906
Bearing3_2,52,0.020841683366733466,2.4677446420275886
Bearing3_2,53,0.02124248496993988,2.7156989410670898
Bearing3_2,54,0.021643286573146292,2.9437995485691983
Bearing3_2,55,0.022044088176352707,3.090858166153627
Bearing3_2,56,0.022444889779559118,3.144989430723001
Bearing3_2,57,0.022845691382765532,3.3868459944062272
Bearing3_2,58,0.023246492985971944,3.5320487295607768
Bearing3_2,59,0.023647294589178358,3.8419093478018254
Bearing3_2,60,0.02404809619238477,4.010104299197682
Bearing3_2,61,0.024448897795591184,3.7793658125826406
Bearing3_2,62,0.024849699398797595,3.8780286638460866
Bearing3_2,63,0.02525050100200401,3.7833333079733427
Bearing3_2,64,0.02565130260521042,3.7961463490018232
Bearing3_2,65,0.026052104208416832,4.135376353771882
Bearing3_2,66,0.026452905811623247,4.1849125059010905
Bearing3_2,67,0.026853707414829658,3.9922317521880926
Bearing3_2,68,0.027254509018036072,4.102689371545578
Bearing3_2,69,0.027655310621242483,4.075056769500156
Bearing3_2,70,0.028056112224448898,4.078316305848206
Bearing3_2,71,0.02845691382765531,4.387851844545125
Bearing3_2,72,0.028857715430861724,4.312522516592895
Bearing3_2,73,0.029258517034068135,4.582710517891015
Bearing3_2,74,0.02965931863727455,4.596864597667662
Bearing3_2,75,0.03006012024048096,4.582123230853375
Bearing3_2,76,0.030460921843687375,4.866580233976759
Bearing3_2,77,0.030861723446893786,5.116073954835135
Bearing3_2,78,0.0312625250501002,5.183966532711338
Bearing3_2,79,0.031663326653306616,5.22962666598809
Bearing3_2,80,0.03206412825651302,5.208392666347393
Bearing3_2,81,0.03246492985971944,5.253282835118371
Bearing3_2,82,0.03286573146292585,5.331622790076618
Bearing3_2,83,0.03326653306613227,5.545491533141416
Bearing3_2,84,0.033667334669338675,5.767917820996018
Bearing3_2,85,0.03406813627254509,5.968375575434054
Bearing3_2,86,0.034468937875751504,6.078352976772953
Bearing3_2,87,0.03486973947895792,6.296098466564301
Bearing3_2,88,0.035270541082164326,6.524450691758143
Bearing3_2,89,0.03567134268537074,6.606016617129636
Bearing3_2,90,0.036072144288577156,6.801739030882014
Bearing3_2,91,0.03647294589178357,6.806659405724885
Bearing3_2,92,0.03687374749498998,6.747285255477728
Bearing3_2,93,0.03727454909819639,6.435998888627845
Bearing3_2,94,0.03767535070140281,6.311001320722765
Bearing3_2,95,0.03807615230460922,5.870681717039714
Bearing3_2,96,0.03847695390781563,5.619515016589659
Bearing3_2,97,0.038877755511022044,5.339282800514214
Bearing3_2,98,0.03927855711422846,4.92089777510474
Bearing3_2,99,0.039679358717434866,4.508240839112071
Bearing3_2,100,0.04008016032064128,4.211546857824191
Bearing3_2,101,0.040480961923847696,3.9383405149757946
Bearing3_2,102,0.04088176352705411,3.644922221516068
Bearing3_2,103,0.04128256513026052,3.4066137908543275
Bearing3_2,104,0.04168336673346693,3.0351889424008784
Bearing3_2,105,0.04208416833667335,2.9625909002313286
Bearing3_2,106,0.04248496993987976,2.7596816280398357
Bearing3_2,107,0.04288577154308617,2.549133161548484
Bearing3_2,108,0.043286573146292584,2.5315611770337125
Bearing3_2,109,0.043687374749499,2.56883479541379
Bearing3_2,110,0.04408817635270541,2.4414746087687815
Bearing3_2,111,0.04448897795591182,2.3908790089956424
Bearing3_2,112,0.044889779559118236,2.473387425294454
Bearing3_2,113,0.04529058116232465,2.4722322374199304
Bearing3_2,114,0.045691382765531065,2.726249432766237
Bearing3_2,115,0.04609218436873747,3.0524963146426307
Bearing3_2,116,0.04649298597194389,3.276045593630117
Bearing3_2,117,0.0468937875751503,3.2979931340846704
Bearing3_2,118,0.047294589178356716,3.3848078989725936
Bearing3_2,119,0.047695390781563124,3.494209962991055
Bearing3_2,120,0.04809619238476954,3.660639224475388
Bearing3_2,121,0.04849699398797595,3.574924418358184
Bearing3_2,122,0.04889779559118237,3.5115670282821205
Bearing3_2,123,0.049298597194388775,3.5128352195284607
Bearing3_2,124,0.04969939879759519,3.3994904822180265
Bearing3_2,125,0.050100200400801605,3.0100094931058967
Bearing3_2,126,0.05050100200400802,2.7233719006236288
Bearing3_2,127,0.05090180360721443,2.7565105770966154
Bearing3_2,128,0.05130260521042084,2.680509122768746
Bearing3_2,129,0.051703406813627256,2.5513090045002436
Bearing3_2,130,0.052104208416833664,2.4148524818468875
Bearing3_2,131,0.05250501002004008,2.4775112750866746
Bearing3_2,132,0.05290581162324649,2.5092071309597417
Bearing3_2,133,0.05330661322645291,2.4274197603759404
Bearing3_2,134,0.053707414829659315,2.2901076845734423
Bearing3_2,135,0.05410821643286573,2.2667707726473916
Bearing3_2,136,0.054509018036072145,2.241671581357072
Bearing3_2,137,0.05490981963927856,2.1103557533684123
Bearing3_2,138,0.05531062124248497,1.9819283939259396
Bearing3_2,139,0.05571142284569138,1.960806958416852
Bearing3_2,140,0.056112224448897796,2.0662990752557873
Bearing3_2,141,0.05651302605210421,2.029612833631208
Bearing3_2,142,0.05691382765531062,2.1879304790001015
Bearing3_2,143,0.05731462925851703,2.2151958838431547
Bearing3_2,144,0.05771543086172345,2.3208866600796196
Bearing3_2,145,0.05811623246492986,2.2430119111322626
Bearing3_2,146,0.05851703406813627,2.277426303836363
Bearing3_2,147,0.058917835671342685,2.431918739102342
Bearing3_2,148,0.0593186372745491,2.5929030122232253
Bearing3_2,149,0.059719438877755514,2.527726345720481
Bearing3_2,150,0.06012024048096192,2.387964190733463
Bearing3_2,151,0.060521042084168336,2.541923111128547
Bearing3_2,152,0.06092184368737475,2.5495165477340214
Bearing3_2,153,0.061322645290581165,2.897899349379904
Bearing3_2,154,0.06172344689378757,3.0170776427020773
Bearing3_2,155,0.06212424849699399,3.1872879779869048
Bearing3_2,156,0.0625250501002004,3.338608621265208
Bearing3_2,157,0.06292585170340681,3.4286348092411045
Bearing3_2,158,0.06332665330661323,3.4825291314761317
Bearing3_2,159,0.06372745490981964,3.9089817124918276
Bearing3_2,160,0.06412825651302605,4.30015668954667
Bearing3_2,161,0.06452905811623247,4.4566767879939135
Bearing3_2,162,0.06492985971943888,4.640336698649833
Bearing3_2,163,0.06533066132264528,4.530561768752212
Bearing3_2,164,0.0657314629258517,4.612899932530448
Bearing3_2,165,0.06613226452905811,4.861563427641632
Bearing3_2,166,0.06653306613226453,5.056102857725959
Bearing3_2,167,0.06693386773547094,5.194580899385291
Bearing3_2,168,0.06733466933867735,5.603978037622192
Bearing3_2,169,0.06773547094188377,5.914727400438499
Bearing3_2,170,0.06813627254509018,6.063462443138631
Bearing3_2,171,0.06853707414829659,6.341003535642303
Bearing3_2,172,0.06893787575150301,6.396808739121941
Bearing3_2,173,0.06933867735470942,6.589754577089645
Bearing3_2,174,0.06973947895791584,6.86687164344318
Bearing3_2,175,0.07014028056112225,6.939971221776304
Bearing3_2,176,0.07054108216432865,6.942776003699035
Bearing3_2,177,0.07094188376753507,7.097326109833555
Bearing3_2,178,0.07134268537074148,7.048009232412355
Bearing3_2,179,0.07174348697394789,6.76005415043017
Bearing3_2,180,0.07214428857715431,6.558125506514362
Bearing3_2,181,0.07254509018036072,6.276819654415119
Bearing3_2,182,0.07294589178356714,5.996895922390835
Bearing3_2,183,0.07334669338677355,5.727812609332101
Bearing3_2,184,0.07374749498997996,5.349990545274048
Bearing3_2,185,0.07414829659318638,5.029701014606827
Bearing3_2,186,0.07454909819639279,4.723997703198467
Bearing3_2,187,0.07494989979959919,4.429096885408759
Bearing3_2,188,0.07535070140280561,3.962035712414262
Bearing3_2,189,0.07575150300601202,3.6339443493320247
Bearing3_2,190,0.07615230460921844,3.377882367261686
Bearing3_2,191,0.07655310621242485,3.2515299013821375
Bearing3_2,192,0.07695390781563126,3.2489701712246606
Bearing3_2,193,0.07735470941883768,3.162671675795878
Bearing3_2,194,0.07775551102204409,3.0692560146014807
Bearing3_2,195,0.0781563126252505,3.067670893288363
Bearing3_2,196,0.07855711422845692,3.146138561870494
Bearing3_2,197,0.07895791583166333,3.0995042140515134
Bearing3_2,198,0.07935871743486973,3.1534344245537587
Bearing3_2,199,0.07975951903807615,3.2911409710921875
Bearing3_2,200,0.08016032064128256,3.349098197308038
Bearing3_2,201,0.08056112224448898,3.2860380583887894
Bearing3_2,202,0.08096192384769539,3.39181906032555
Bearing3_2,203,0.0813627254509018,3.6590672543329736
Bearing3_2,204,0.08176352705410822,3.7617134339573957
Bearing3_2,205,0.08216432865731463,3.6637540351576647
Bearing3_2,206,0.08256513026052104,3.6153267629704
Bearing3_2,207,0.08296593186372746,3.4935537205039724
Bearing3_2,208,0.08336673346693386,3.3426473397078325
Bearing3_2,209,0.08376753507014029,3.1593417833044284
Bearing3_2,210,0.0841683366733467,3.1249375669105697
Bearing3_2,211,0.0845691382765531,3.0920152893294692
Bearing3_2,212,0.08496993987975952,2.8340444742584947
Bearing3_2,213,0.08537074148296593,2.56671921425705
Bearing3_2,214,0.08577154308617234,2.5795548399783055
Bearing3_2,215,0.08617234468937876,2.704704046854375
Bearing3_2,216,0.08657314629258517,2.581862429628546
Bearing3_2,217,0.08697394789579159,2.567521205776516
Bearing3_2,218,0.087374749498998,2.5769169034185753
Bearing3_2,219,0.0877755511022044,2.5920394356270613
Bearing3_2,220,0.08817635270541083,2.4451242739108765
Bearing3_2,221,0.08857715430861723,2.3943959389603378
Bearing3_2,222,0.08897795591182364,2.360748483963767
Bearing3_2,223,0.08937875751503006,2.2600830990532446
Bearing3_2,224,0.08977955911823647,1.9856010648155482
Bearing3_2,225,0.09018036072144289,1.8105275781394652
Bearing3_2,226,0.0905811623246493,1.8227052857196164
Bearing3_2,227,0.09098196392785571,1.9629471601165664
Bearing3_2,228,0.09138276553106213,1.9081282759664677
Bearing3_2,229,0.09178356713426854,1.9043563470808302
Bearing3_2,230,0.09218436873747494,1.9189893304093206
Bearing3_2,231,0.09258517034068137,1.8261077106038421
Bearing3_2,232,0.09298597194388777,1.8109392493623855
Bearing3_2,233,0.09338677354709418,1.7813057381125905
Bearing3_2,234,0.0937875751503006,1.9179062959914277
Bearing3_2,235,0.09418837675350701,1.9949883162018263
Bearing3_2,236,0.09458917835671343,1.9761133779491697
Bearing3_2,237,0.09498997995991984,1.881277921493377
Bearing3_2,238,0.09539078156312625,1.9356956814806168
Bearing3_2,239,0.09579158316633267,1.9604211060849217
Bearing3_2,240,0.09619238476953908,1.941002099488895
Bearing3_2,241,0.09659318637274548,1.8814154477075333
Bearing3_2,242,0.0969939879759519,1.8849705634294467
Bearing3_2,243,0.09739478957915831,1.9627194708016016
Bearing3_2,244,0.09779559118236474,1.8358755389051715
Bearing3_2,245,0.09819639278557114,1.7982469417470068
Bearing3_2,246,0.09859719438877755,1.8495174200151971
Bearing3_2,247,0.09899799599198397,1.8636166914679073
Bearing3_2,248,0.09939879759519038,1.8280124325791285
Bearing3_2,249,0.09979959919839679,1.7934699750471288
Bearing3_2,250,0.10020040080160321,1.8674438521652086
Bearing3_2,251,0.10060120240480962,1.942416406087214
Bearing3_2,252,0.10100200400801604,1.966833759741855
Bearing3_2,253,0.10140280561122245,1.9361380819142096
Bearing3_2,254,0.10180360721442885,1.9700277517025433
Bearing3_2,255,0.10220440881763528,1.8653845338796757
Bearing3_2,256,0.10260521042084168,1.7836179777432526
Bearing3_2,257,0.10300601202404809,1.6021053255949393
Bearing3_2,258,0.10340681362725451,1.6328160680685564
Bearing3_2,259,0.10380761523046092,1.810050900742977
Bearing3_2,260,0.10420841683366733,1.7655143004795675
Bearing3_2,261,0.10460921843687375,1.8401915061480014
Bearing3_2,262,0.10501002004008016,1.9347417924272228
Bearing3_2,263,0.10541082164328658,1.9639075402539397
Bearing3_2,264,0.10581162324649299,1.9638088812041468
Bearing3_2,265,0.1062124248496994,2.1619779753784703
Bearing3_2,266,0.10661322645290582,2.2846904456536867
Bearing3_2,267,0.10701402805611222,2.431290427756359
Bearing3_2,268,0.10741482965931863,2.3813346423865047
Bearing3_2,269,0.10781563126252505,2.067470304071154
Bearing3_2,270,0.10821643286573146,2.077721101031328
Bearing3_2,271,0.10861723446893788,2.010612094108195
Bearing3_2,272,0.10901803607214429,1.9370447208705546
Bearing3_2,273,0.1094188376753507,1.9788865718128619
Bearing3_2,274,0.10981963927855712,1.902904627579438
Bearing3_2,275,0.11022044088176353,1.8035076868137636
Bearing3_2,276,0.11062124248496993,1.7864702914934825
Bearing3_2,277,0.11102204408817636,1.8372021205846163
Bearing3_2,278,0.11142284569138276,1.9416096436073265
Bearing3_2,279,0.11182364729458918,2.0246683827373024
Bearing3_2,280,0.11222444889779559,2.0475535756587777
Bearing3_2,281,0.112625250501002,2.123128849536844
Bearing3_2,282,0.11302605210420842,2.1732564922010096
Bearing3_2,283,0.11342685370741483,2.1168610986631355
Bearing3_2,284,0.11382765531062124,2.2473961994842955
Bearing3_2,285,0.11422845691382766,2.306190130912122
Bearing3_2,286,0.11462925851703407,2.3160642535154894
Bearing3_2,287,0.11503006012024049,2.1985131622795544
Bearing3_2,288,0.1154308617234469,2.2575520023506526
Bearing3_2,289,0.1158316633266533,2.2500028799850162
Bearing3_2,290,0.11623246492985972,2.284620500810313
Bearing3_2,291,0.11663326653306613,2.169207630267361
Bearing3_2,292,0.11703406813627254,2.139481771366282
Bearing3_2,293,0.11743486973947896,2.196674826720308
Bearing3_2,294,0.11783567134268537,2.2801909470497006
Bearing3_2,295,0.11823647294589178,2.3097478792442976
Bearing3_2,296,0.1186372745490982,2.2774562465884345
Bearing3_2,297,0.1190380761523046,2.4167091890538175
Bearing3_2,298,0.11943887775551103,2.283298433774191
Bearing3_2,299,0.11983967935871744,2.3335856237737373
Bearing3_2,300,0.12024048096192384,2.3428798586971586
Bearing3_2,301,0.12064128256513026,2.34371952331544
Bearing3_2,302,0.12104208416833667,2.290498965447417
Bearing3_2,303,0.12144288577154308,2.1842799550058483
Bearing3_2,304,0.1218436873747495,2.111626144229229
Bearing3_2,305,0.12224448897795591,2.012517987763691
Bearing3_2,306,0.12264529058116233,1.9509439278245977
Bearing3_2,307,0.12304609218436874,1.8037521746035936
Bearing3_2,308,0.12344689378757515,1.8313547751136205
Bearing3_2,309,0.12384769539078157,1.7620015678363914
Bearing3_2,310,0.12424849699398798,1.6870014100296387
Bearing3_2,311,0.12464929859719438,1.6901858979304003
Bearing3_2,312,0.1250501002004008,1.7819483007372554
Bearing3_2,313,0.1254509018036072,1.9414361455144036
Bearing3_2,314,0.12585170340681362,1.8603823814333136
Bearing3_2,315,0.12625250501002003,1.7786307051110601
Bearing3_2,316,0.12665330661322646,1.8786892172967868
Bearing3_2,317,0.12705410821643287,1.9272671143662339
Bearing3_2,318,0.12745490981963928,1.8447415791124082
Bearing3_2,319,0.12785571142284569,1.845659948245396
Bearing3_2,320,0.1282565130260521,1.846937432250146
Bearing3_2,321,0.12865731462925853,1.8059152207967781
Bearing3_2,322,0.12905811623246494,1.7060737317810877
Bearing3_2,323,0.12945891783567134,1.6018174617494139
Bearing3_2,324,0.12985971943887775,1.6795492065997641
Bearing3_2,325,0.13026052104208416,1.8780775976409643
Bearing3_2,326,0.13066132264529057,2.0422976555370016
Bearing3_2,327,0.131062124248497,1.9966709736135506
Bearing3_2,328,0.1314629258517034,2.024156883506951
Bearing3_2,329,0.13186372745490982,2.1701935149111553
Bearing3_2,330,0.13226452905811623,2.3641012174740643
Bearing3_2,331,0.13266533066132263,2.3990535097174517
Bearing3_2,332,0.13306613226452907,2.5082045853788526
Bearing3_2,333,0.13346693386773548,2.3874052605553326
Bearing3_2,334,0.13386773547094188,2.34961646141288
Bearing3_2,335,0.1342685370741483,2.334605244505163
Bearing3_2,336,0.1346693386773547,2.117519545376728
Bearing3_2,337,0.13507014028056114,2.297052079848653
Bearing3_2,338,0.13547094188376754,2.2559591338067038
Bearing3_2,339,0.13587174348697395,2.1737755158239214
Bearing3_2,340,0.13627254509018036,2.172034547538332
Bearing3_2,341,0.13667334669338677,2.3045315981520402
Bearing3_2,342,0.13707414829659317,2.1322082203608224
Bearing3_2,343,0.1374749498997996,2.278373739468837
Bearing3_2,344,0.13787575150300602,2.2162204642198713
Bearing3_2,345,0.13827655310621242,2.197860294575963
Bearing3_2,346,0.13867735470941883,2.174689347432294
Bearing3_2,347,0.13907815631262524,2.096726268859168
Bearing3_2,348,0.13947895791583168,2.2210878115727306
Bearing3_2,349,0.13987975951903808,2.2089519914723423
Bearing3_2,350,0.1402805611222445,1.974409655960676
Bearing3_2,351,0.1406813627254509,1.8589932038642178
Bearing3_2,352,0.1410821643286573,1.9942339009238221
Bearing3_2,353,0.14148296593186374,1.8821157086618499
Bearing3_2,354,0.14188376753507015,1.9558012653324155
Bearing3_2,355,0.14228456913827656,1.944651591404901
Bearing3_2,356,0.14268537074148296,1.9265985692335288
Bearing3_2,357,0.14308617234468937,1.9099315016201253
Bearing3_2,358,0.14348697394789578,2.0080867751767406
Bearing3_2,359,0.14388777555110221,1.9877134334772006
Bearing3_2,360,0.14428857715430862,2.048279540323766
Bearing3_2,361,0.14468937875751503,2.0152260878996557
Bearing3_2,362,0.14509018036072144,2.0228425441362776
Bearing3_2,363,0.14549098196392785,2.0047084445019467
Bearing3_2,364,0.14589178356713428,1.9826414955415022
Bearing3_2,365,0.1462925851703407,1.8433962327072841
Bearing3_2,366,0.1466933867735471,1.8711298551084503
Bearing3_2,367,0.1470941883767535,1.8111018472070335
Bearing3_2,368,0.1474949899799599,1.6539930691731624
Bearing3_2,369,0.14789579158316632,1.6730995903841805
Bearing3_2,370,0.14829659318637275,1.8244787923561507
Bearing3_2,371,0.14869739478957916,1.9555924527204502
Bearing3_2,372,0.14909819639278557,1.9805376741304372
Bearing3_2,373,0.14949899799599198,2.1331375527459073
Bearing3_2,374,0.14989979959919839,2.130051467360326
Bearing3_2,375,0.15030060120240482,2.175931713302316
Bearing3_2,376,0.15070140280561123,2.378215557703265
Bearing3_2,377,0.15110220440881764,2.4954432689790815
Bearing3_2,378,0.15150300601202404,2.6419672709043036
Bearing3_2,379,0.15190380761523045,2.871220149877073
Bearing3_2,380,0.1523046092184369,2.9442900073007765
Bearing3_2,381,0.1527054108216433,3.2918774452381756
Bearing3_2,382,0.1531062124248497,3.489147903323856
Bearing3_2,383,0.1535070140280561,3.6635076153764756
Bearing3_2,384,0.15390781563126252,4.124831908231619
Bearing3_2,385,0.15430861723446893,4.4105590251546
Bearing3_2,386,0.15470941883767536,4.454739124109727
Bearing3_2,387,0.15511022044088177,4.612691303338467
Bearing3_2,388,0.15551102204408818,4.89804452975939
Bearing3_2,389,0.15591182364729458,5.0674277978675075
Bearing3_2,390,0.156312625250501,5.273882112682882
Bearing3_2,391,0.15671342685370743,5.330885117700636
Bearing3_2,392,0.15711422845691383,5.6198168240970725
Bearing3_2,393,0.15751503006012024,5.707824621245087
Bearing3_2,394,0.15791583166332665,5.7347716503019175
Bearing3_2,395,0.15831663326653306,5.901312909149678
Bearing3_2,396,0.15871743486973947,5.883024316728042
Bearing3_2,397,0.1591182364729459,5.915796257605989
Bearing3_2,398,0.1595190380761523,5.826880653196043
Bearing3_2,399,0.15991983967935872,5.789415712976614
Bearing3_2,400,0.16032064128256512,5.6428947697098915
Bearing3_2,401,0.16072144288577153,5.533902437734868
Bearing3_2,402,0.16112224448897797,5.270554543608616
Bearing3_2,403,0.16152304609218437,5.25274082354309
Bearing3_2,404,0.16192384769539078,5.014269669852498
Bearing3_2,405,0.1623246492985972,4.863604166965108
Bearing3_2,406,0.1627254509018036,4.8156003944208665
Bearing3_2,407,0.16312625250501003,4.802183318940827
Bearing3_2,408,0.16352705410821644,4.683559452827337
Bearing3_2,409,0.16392785571142285,4.616457962327939
Bearing3_2,410,0.16432865731462926,4.517428399661523
Bearing3_2,411,0.16472945891783566,4.419581444135815
Bearing3_2,412,0.16513026052104207,4.332660343376074
Bearing3_2,413,0.1655310621242485,4.072576113214503
Bearing3_2,414,0.16593186372745491,3.99496022333282
Bearing3_2,415,0.16633266533066132,3.8926281905782525
Bearing3_2,416,0.16673346693386773,3.984480134985148
Bearing3_2,417,0.16713426853707414,3.873203293724834
Bearing3_2,418,0.16753507014028057,3.8560807936109134
Bearing3_2,419,0.16793587174348698,3.7146174609480256
Bearing3_2,420,0.1683366733466934,3.7126860059097226
Bearing3_2,421,0.1687374749498998,3.660295880915771
Bearing3_2,422,0.1691382765531062,3.6800462079184646
Bearing3_2,423,0.1695390781563126,3.861111863908141
Bearing3_2,424,0.16993987975951905,3.9713580535373674
Bearing3_2,425,0.17034068136272545,4.037429540234339
Bearing3_2,426,0.17074148296593186,4.012897516287271
Bearing3_2,427,0.17114228456913827,4.109696812444805
Bearing3_2,428,0.17154308617234468,4.220401216405575
Bearing3_2,429,0.1719438877755511,4.277689944524488
Bearing3_2,430,0.17234468937875752,4.318258116015817
Bearing3_2,431,0.17274549098196393,4.333250742698303
Bearing3_2,432,0.17314629258517034,4.3443945186561645
Bearing3_2,433,0.17354709418837674,4.448269474538324
Bearing3_2,434,0.17394789579158318,4.480604654965477
Bearing3_2,435,0.1743486973947896,4.540662855934928
Bearing3_2,436,0.174749498997996,4.560620604751373
Bearing3_2,437,0.1751503006012024,4.501380031913786
Bearing3_2,438,0.1755511022044088,4.404025384781712
Bearing3_2,439,0.17595190380761522,4.508533635713528
Bearing3_2,440,0.17635270541082165,4.536108721710733
Bearing3_2,441,0.17675350701402806,4.544485166809614
Bearing3_2,442,0.17715430861723447,4.479461996045549
Bearing3_2,443,0.17755511022044088,4.445121425356022
Bearing3_2,444,0.17795591182364728,4.365559756895395
Bearing3_2,445,0.17835671342685372,4.322214436966508
Bearing3_2,446,0.17875751503006013,4.434267813138591
Bearing3_2,447,0.17915831663326653,4.387211295511364
Bearing3_2,448,0.17955911823647294,4.416708162136488
Bearing3_2,449,0.17995991983967935,4.31047598904896
Bearing3_2,450,0.18036072144288579,4.159472935252696
Bearing3_2,451,0.1807615230460922,4.054100063107515
Bearing3_2,452,0.1811623246492986,4.169033208084462
Bearing3_2,453,0.181563126252505,4.125645138619552
Bearing3_2,454,0.18196392785571142,4.058872605814413
Bearing3_2,455,0.18236472945891782,3.8932441546145142
Bearing3_2,456,0.18276553106212426,3.760661503509298
Bearing3_2,457,0.18316633266533067,3.8296323904306346
Bearing3_2,458,0.18356713426853707,3.7951540505546553
Bearing3_2,459,0.18396793587174348,3.7331949086325396
Bearing3_2,460,0.1843687374749499,3.8186963203019686
Bearing3_2,461,0.18476953907815633,3.897965712663665
Bearing3_2,462,0.18517034068136273,3.6695561812407114
Bearing3_2,463,0.18557114228456914,3.6912078525917016
Bearing3_2,464,0.18597194388777555,3.8228945560504632
Bearing3_2,465,0.18637274549098196,4.00865143641324
Bearing3_2,466,0.18677354709418836,3.935212436012317
Bearing3_2,467,0.1871743486973948,3.8789863498114405
Bearing3_2,468,0.1875751503006012,3.8470596914017734
Bearing3_2,469,0.18797595190380761,3.8861062167352225
Bearing3_2,470,0.18837675350701402,4.04115724233481
Bearing3_2,471,0.18877755511022043,4.026914213267042
Bearing3_2,472,0.18917835671342687,4.117084180224442
Bearing3_2,473,0.18957915831663327,3.954045363774541
Bearing3_2,474,0.18997995991983968,3.8329571937173954
Bearing3_2,475,0.1903807615230461,3.6047723283733673
Bearing3_2,476,0.1907815631262525,3.6349573206184376
Bearing3_2,477,0.19118236472945893,3.628549009696927
Bearing3_2,478,0.19158316633266534,3.637718719304965
Bearing3_2,479,0.19198396793587175,3.589966601981518
Bearing3_2,480,0.19238476953907815,3.433539067935544
Bearing3_2,481,0.19278557114228456,3.34685360024571
Bearing3_2,482,0.19318637274549097,3.2673177106996256
Bearing3_2,483,0.1935871743486974,3.3162564548435647
Bearing3_2,484,0.1939879759519038,3.2524230667700764
Bearing3_2,485,0.19438877755511022,3.306271131426301
Bearing3_2,486,0.19478957915831663,3.295056490987111
Bearing3_2,487,0.19519038076152304,3.3487617975551047
Bearing3_2,488,0.19559118236472947,3.425179317999748
Bearing3_2,489,0.19599198396793588,3.424685624388224
Bearing3_2,490,0.1963927855711423,3.375686681504701
Bearing3_2,491,0.1967935871743487,3.4803128908139938
Bearing3_2,492,0.1971943887775551,3.7236238766507306
Bearing3_2,493,0.1975951903807615,3.762262739852499
Bearing3_2,494,0.19799599198396794,3.9122074727232894
Bearing3_2,495,0.19839679358717435,4.017657906289383
Bearing3_2,496,0.19879759519038076,4.064143965524509
Bearing3_2,497,0.19919839679358717,4.014509218095865
Bearing3_2,498,0.19959919839679358,4.108317502716529
Bearing3_2,499,0.2,4.134019690039564
Bearing3_2,500,0.20040080160320642,4.090909086561781
Bearing3_2,501,0.20080160320641283,4.055066669300645
Bearing3_2,502,0.20120240480961923,3.974623562907105
Bearing3_2,503,0.20160320641282564,3.8985284065985697
Bearing3_2,504,0.20200400801603208,3.9380560695770286
Bearing3_2,505,0.20240480961923848,3.9430650204485125
Bearing3_2,506,0.2028056112224449,3.9406097803724216
Bearing3_2,507,0.2032064128256513,3.9718177539467647
Bearing3_2,508,0.2036072144288577,3.8817263894326692
Bearing3_2,509,0.20400801603206412,3.92953362866121
Bearing3_2,510,0.20440881763527055,4.1387978514861175
Bearing3_2,511,0.20480961923847696,4.090336319152527
Bearing3_2,512,0.20521042084168337,4.045065812453839
Bearing3_2,513,0.20561122244488977,4.282110780658151
Bearing3_2,514,0.20601202404809618,4.32719742776225
Bearing3_2,515,0.20641282565130262,4.405917879257084
Bearing3_2,516,0.20681362725450902,4.343430409208379
Bearing3_2,517,0.20721442885771543,4.355792863279638
Bearing3_2,518,0.20761523046092184,4.351074852063336
Bearing3_2,519,0.20801603206412825,4.261553679386773
Bearing3_2,520,0.20841683366733466,4.174731529452509
Bearing3_2,521,0.2088176352705411,4.289393385516428
Bearing3_2,522,0.2092184368737475,4.512345963391248
Bearing3_2,523,0.2096192384769539,4.421049323752003
Bearing3_2,524,0.21002004008016031,4.264390371896008
Bearing3_2,525,0.21042084168336672,4.190641758034796
Bearing3_2,526,0.21082164328657316,4.231130070720421
Bearing3_2,527,0.21122244488977956,4.3228738925499
Bearing3_2,528,0.21162324649298597,4.291211542940326
Bearing3_2,529,0.21202404809619238,4.376266776320521
Bearing3_2,530,0.2124248496993988,4.403439132052643
Bearing3_2,531,0.21282565130260522,4.327691003514552
Bearing3_2,532,0.21322645290581163,4.101946797554855
Bearing3_2,533,0.21362725450901804,3.978947353745595
Bearing3_2,534,0.21402805611222445,4.032971516289693
Bearing3_2,535,0.21442885771543085,4.099206100256509
Bearing3_2,536,0.21482965931863726,4.185688526233468
Bearing3_2,537,0.2152304609218437,4.069762984527447
Bearing3_2,538,0.2156312625250501,4.070743157431567
Bearing3_2,539,0.2160320641282565,4.07726968147266
Bearing3_2,540,0.21643286573146292,4.001084020252513
Bearing3_2,541,0.21683366733466933,4.042695613697903
Bearing3_2,542,0.21723446893787576,4.182882950527872
Bearing3_2,543,0.21763527054108217,4.246238587079149
Bearing3_2,544,0.21803607214428858,4.318993262637553
Bearing3_2,545,0.218436873747495,4.257025184207796
Bearing3_2,546,0.2188376753507014,4.272815708590028
Bearing3_2,547,0.21923847695390783,4.1332133581698525
Bearing3_2,548,0.21963927855711424,4.044912418945465
Bearing3_2,549,0.22004008016032064,4.0924337102510435
Bearing3_2,550,0.22044088176352705,4.14368902505235
Bearing3_2,551,0.22084168336673346,4.0486982303020325
Bearing3_2,552,0.22124248496993987,3.9967521023150936
Bearing3_2,553,0.2216432865731463,3.9798215758846185
Bearing3_2,554,0.2220440881763527,3.9490506648694454
Bearing3_2,555,0.22244488977955912,3.9265337996512306
Bearing3_2,556,0.22284569138276553,3.79042304194921
Bearing3_2,557,0.22324649298597193,3.845625295092173
Bearing3_2,558,0.22364729458917837,3.8014782059593295
Bearing3_2,559,0.22404809619238478,3.7444047672038656
Bearing3_2,560,0.22444889779559118,3.7833158531133035
Bearing3_2,561,0.2248496993987976,3.8632944378660716
Bearing3_2,562,0.225250501002004,3.756043713763976
Bearing3_2,563,0.2256513026052104,3.6587311865332004
Bearing3_2,564,0.22605210420841684,3.5450708257792485
Bearing3_2,565,0.22645290581162325,3.426206508149245
Bearing3_2,566,0.22685370741482966,3.3125299095685463
Bearing3_2,567,0.22725450901803607,3.278547159719614
Bearing3_2,568,0.22765531062124247,3.3464908433428677
Bearing3_2,569,0.2280561122244489,3.1999625237427165
Bearing3_2,570,0.22845691382765532,3.033969699083901
Bearing3_2,571,0.22885771543086172,2.816413277038143
Bearing3_2,572,0.22925851703406813,2.838803315172464
Bearing3_2,573,0.22965931863727454,2.8361314415345236
Bearing3_2,574,0.23006012024048098,2.862379990792307
Bearing3_2,575,0.23046092184368738,2.8977406781104045
Bearing3_2,576,0.2308617234468938,3.137890342558883
Bearing3_2,577,0.2312625250501002,3.135318717196643
Bearing3_2,578,0.2316633266533066,3.0944671655841587
Bearing3_2,579,0.232064128256513,3.15465002517939
Bearing3_2,580,0.23246492985971945,3.2896820032804306
Bearing3_2,581,0.23286573146292586,3.39071882132333
Bearing3_2,582,0.23326653306613226,3.259680871110619
Bearing3_2,583,0.23366733466933867,3.2739783491957675
Bearing3_2,584,0.23406813627254508,3.2560993135964957
Bearing3_2,585,0.23446893787575152,3.2650726643878003
Bearing3_2,586,0.23486973947895792,3.197722681539003
Bearing3_2,587,0.23527054108216433,3.184128224328211
Bearing3_2,588,0.23567134268537074,3.09952188918951
Bearing3_2,589,0.23607214428857715,3.1168795182684486
Bearing3_2,590,0.23647294589178355,2.9904018169321773
Bearing3_2,591,0.23687374749499,3.019111165008367
Bearing3_2,592,0.2372745490981964,3.095353787136792
Bearing3_2,593,0.2376753507014028,3.093523922768503
Bearing3_2,594,0.2380761523046092,3.2254636393430416
Bearing3_2,595,0.23847695390781562,3.2782532742857753
Bearing3_2,596,0.23887775551102206,3.253626259822572
Bearing3_2,597,0.23927855711422846,3.5160320045726805
Bearing3_2,598,0.23967935871743487,3.831443787427581
Bearing3_2,599,0.24008016032064128,3.8583955730848536
Bearing3_2,600,0.24048096192384769,3.8406727112212087
Bearing3_2,601,0.24088176352705412,3.8194675266425775
Bearing3_2,602,0.24128256513026053,3.892750033225576
Bearing3_2,603,0.24168336673346694,3.9977961926832366
Bearing3_2,604,0.24208416833667334,3.9801205436042624
Bearing3_2,605,0.24248496993987975,3.899885011979633
Bearing3_2,606,0.24288577154308616,3.78588864803642
Bearing3_2,607,0.2432865731462926,3.589000093067596
Bearing3_2,608,0.243687374749499,3.387560816814601
Bearing3_2,609,0.2440881763527054,3.3185984353708293
Bearing3_2,610,0.24448897795591182,3.400061372740108
Bearing3_2,611,0.24488977955911823,3.5338226813388234
Bearing3_2,612,0.24529058116232466,3.5184733205403043
Bearing3_2,613,0.24569138276553107,3.398904622391032
Bearing3_2,614,0.24609218436873748,3.159366980017392
Bearing3_2,615,0.24649298597194388,3.191894816034279
Bearing3_2,616,0.2468937875751503,3.208008429507676
Bearing3_2,617,0.2472945891783567,3.2394965346658973
Bearing3_2,618,0.24769539078156314,3.1746002535654165
Bearing3_2,619,0.24809619238476954,3.2845156326786586
Bearing3_2,620,0.24849699398797595,3.289169847991505
Bearing3_2,621,0.24889779559118236,3.186634488775574
Bearing3_2,622,0.24929859719438877,3.2418758774179572
Bearing3_2,623,0.2496993987975952,3.3869449326494445
Bearing3_2,624,0.2501002004008016,3.506661723746288
Bearing3_2,625,0.250501002004008,3.5299218513592883
Bearing3_2,626,0.2509018036072144,3.5931751016726894
Bearing3_2,627,0.25130260521042086,3.5320055399106827
Bearing3_2,628,0.25170340681362724,3.599119727310846
Bearing3_2,629,0.2521042084168337,3.5414274457000845
Bearing3_2,630,0.25250501002004005,3.629091658813877
Bearing3_2,631,0.2529058116232465,3.6508837900541486
Bearing3_2,632,0.2533066132264529,3.585571894254497
Bearing3_2,633,0.2537074148296593,3.5462930148106784
Bearing3_2,634,0.25410821643286574,3.5443896926475027
Bearing3_2,635,0.2545090180360721,3.663063847808908
Bearing3_2,636,0.25490981963927856,3.5499111751296786
Bearing3_2,637,0.255310621242485,3.528717149162167
Bearing3_2,638,0.25571142284569137,3.6434258701206383
Bearing3_2,639,0.2561122244488978,3.5825168333823116
Bearing3_2,640,0.2565130260521042,3.4466047223195844
Bearing3_2,641,0.2569138276553106,3.4035663083774943
Bearing3_2,642,0.25731462925851706,3.2636006889026334
Bearing3_2,643,0.25771543086172344,3.131530454557634
Bearing3_2,644,0.2581162324649299,3.0887256203203735
Bearing3_2,645,0.25851703406813625,2.824391985663875
Bearing3_2,646,0.2589178356713427,2.93457971063139
Bearing3_2,647,0.2593186372745491,2.879530101365746
Bearing3_2,648,0.2597194388777555,2.7162733769656233
Bearing3_2,649,0.26012024048096194,2.8279513442481834
Bearing3_2,650,0.2605210420841683,2.81505943748357
Bearing3_2,651,0.26092184368737475,2.8649358185607627
Bearing3_2,652,0.26132264529058113,2.944287767882978
Bearing3_2,653,0.26172344689378757,3.0022818250292977
Bearing3_2,654,0.262124248496994,3.068644577571294
Bearing3_2,655,0.2625250501002004,3.0628424334167637
Bearing3_2,656,0.2629258517034068,2.9457705999757153
Bearing3_2,657,0.2633266533066132,3.0397573407945813
Bearing3_2,658,0.26372745490981964,3.053021445286356
Bearing3_2,659,0.26412825651302607,2.8425266812691925
Bearing3_2,660,0.26452905811623245,2.7324649684396243
Bearing3_2,661,0.2649298597194389,2.706130294134092
Bearing3_2,662,0.26533066132264527,2.6205155373179014
Bearing3_2,663,0.2657314629258517,2.5954153265330175
Bearing3_2,664,0.26613226452905814,2.5600337303152942
Bearing3_2,665,0.2665330661322645,2.69745928717761
Bearing3_2,666,0.26693386773547095,2.7797755811580624
Bearing3_2,667,0.26733466933867733,2.818055533376868
Bearing3_2,668,0.26773547094188377,2.861163417463412
Bearing3_2,669,0.2681362725450902,3.030722806215729
Bearing3_2,670,0.2685370741482966,3.1718230477950815
Bearing3_2,671,0.268937875751503,3.104991858305997
Bearing3_2,672,0.2693386773547094,3.1310787222607095
Bearing3_2,673,0.26973947895791583,3.159972284776655
Bearing3_2,674,0.27014028056112227,3.0701840238362488
Bearing3_2,675,0.27054108216432865,3.0551629273325753
Bearing3_2,676,0.2709418837675351,3.011216142850208
Bearing3_2,677,0.27134268537074147,2.981385170847526
Bearing3_2,678,0.2717434869739479,3.1341317698736892
Bearing3_2,679,0.27214428857715434,3.0930726038383267
Bearing3_2,680,0.2725450901803607,2.9817964794269924
Bearing3_2,681,0.27294589178356715,2.961224040723733
Bearing3_2,682,0.27334669338677353,3.0103128352781905
Bearing3_2,683,0.27374749498997997,2.9163551854372978
Bearing3_2,684,0.27414829659318635,2.914055328275776
Bearing3_2,685,0.2745490981963928,2.9028994029053172
Bearing3_2,686,0.2749498997995992,2.9615674499180917
Bearing3_2,687,0.2753507014028056,2.8156907238537716
Bearing3_2,688,0.27575150300601203,2.5474025195805394
Bearing3_2,689,0.2761523046092184,2.5547263145815116
Bearing3_2,690,0.27655310621242485,2.6005118255669837
Bearing3_2,691,0.2769539078156313,2.5789071015668137
Bearing3_2,692,0.27735470941883766,2.504319291720382
Bearing3_2,693,0.2777555110220441,2.4826700390772465
Bearing3_2,694,0.2781563126252505,2.462881220609522
Bearing3_2,695,0.2785571142284569,2.437857213355853
Bearing3_2,696,0.27895791583166335,2.34917133979243
Bearing3_2,697,0.27935871743486973,2.3803384161722065
Bearing3_2,698,0.27975951903807617,2.3636448183829795
Bearing3_2,699,0.28016032064128255,2.385510024157814
Bearing3_2,700,0.280561122244489,2.3235441350587536
Bearing3_2,701,0.2809619238476954,2.436039789650665
Bearing3_2,702,0.2813627254509018,2.426736406471327
Bearing3_2,703,0.28176352705410823,2.4575973912352116
Bearing3_2,704,0.2821643286573146,2.42538596952771
Bearing3_2,705,0.28256513026052105,2.3529804589088332
Bearing3_2,706,0.2829659318637275,2.3290820433902586
Bearing3_2,707,0.28336673346693386,2.3299846563575946
Bearing3_2,708,0.2837675350701403,2.3376601324272377
Bearing3_2,709,0.2841683366733467,2.1852461418153104
Bearing3_2,710,0.2845691382765531,2.2202246840068165
Bearing3_2,711,0.2849699398797595,2.2492410712133326
Bearing3_2,712,0.28537074148296593,2.173980831080237
Bearing3_2,713,0.28577154308617236,2.295493936361493
Bearing3_2,714,0.28617234468937874,2.3334146543136134
Bearing3_2,715,0.2865731462925852,2.4520334106332458
Bearing3_2,716,0.28697394789579156,2.5081151801434456
Bearing3_2,717,0.287374749498998,2.655222391999885
Bearing3_2,718,0.28777555110220443,2.8117006717677624
Bearing3_2,719,0.2881763527054108,3.0360805782816103
Bearing3_2,720,0.28857715430861725,3.045333956397015
Bearing3_2,721,0.2889779559118236,3.1007451717092978
Bearing3_2,722,0.28937875751503006,3.1939097529188865
Bearing3_2,723,0.2897795591182365,3.079020987900542
Bearing3_2,724,0.2901803607214429,3.05659083164315
Bearing3_2,725,0.2905811623246493,3.0499790201677883
Bearing3_2,726,0.2909819639278557,3.0079903334304996
Bearing3_2,727,0.2913827655310621,2.8972165935247545
Bearing3_2,728,0.29178356713426856,2.7692414156091565
Bearing3_2,729,0.29218436873747494,2.6233132059752835
Bearing3_2,730,0.2925851703406814,2.5654300973520785
Bearing3_2,731,0.29298597194388776,2.379605381468341
Bearing3_2,732,0.2933867735470942,2.3900977817022957
Bearing3_2,733,0.29378757515030063,2.3999940073734125
Bearing3_2,734,0.294188376753507,2.4845311026437558
Bearing3_2,735,0.29458917835671344,2.472753095568165
Bearing3_2,736,0.2949899799599198,2.4742583435290975
Bearing3_2,737,0.29539078156312626,2.4429366839944806
Bearing3_2,738,0.29579158316633264,2.414912277132803
Bearing3_2,739,0.2961923847695391,2.503729926096894
Bearing3_2,740,0.2965931863727455,2.48200310176804
Bearing3_2,741,0.2969939879759519,2.565326754127832
Bearing3_2,742,0.2973947895791583,2.5986362901113926
Bearing3_2,743,0.2977955911823647,2.522152800819403
Bearing3_2,744,0.29819639278557114,2.3829127493206657
Bearing3_2,745,0.2985971943887776,2.186019789722672
Bearing3_2,746,0.29899799599198396,2.181713546986308
Bearing3_2,747,0.2993987975951904,2.25061106581917
Bearing3_2,748,0.29979959919839677,2.3071776137270383
Bearing3_2,749,0.3002004008016032,2.1157655494862864
Bearing3_2,750,0.30060120240480964,2.2006556139146243
Bearing3_2,751,0.301002004008016,2.0847909714246358
Bearing3_2,752,0.30140280561122246,1.9826838962527016
Bearing3_2,753,0.30180360721442884,2.1037757847213294
Bearing3_2,754,0.3022044088176353,2.1279924510471875
Bearing3_2,755,0.3026052104208417,2.139845835533162
Bearing3_2,756,0.3030060120240481,2.111991193842113
Bearing3_2,757,0.3034068136272545,1.9901575708000574
Bearing3_2,758,0.3038076152304609,1.7960413643883224
Bearing3_2,759,0.30420841683366734,1.7315896433158156
Bearing3_2,760,0.3046092184368738,1.6961478293828371
Bearing3_2,761,0.30501002004008015,1.6502426540984452
Bearing3_2,762,0.3054108216432866,1.6530493846293672
Bearing3_2,763,0.30581162324649297,1.4844260046024476
Bearing3_2,764,0.3062124248496994,1.401087368833106
Bearing3_2,765,0.3066132264529058,1.3045288020051815
Bearing3_2,766,0.3070140280561122,1.2035135834020831
Bearing3_2,767,0.30741482965931866,1.155240244500368
Bearing3_2,768,0.30781563126252504,1.1717048690109446
Bearing3_2,769,0.30821643286573147,1.1452208467463894
Bearing3_2,770,0.30861723446893785,1.1942046253014376
Bearing3_2,771,0.3090180360721443,1.2751359503540856
Bearing3_2,772,0.3094188376753507,1.3522629535659072
Bearing3_2,773,0.3098196392785571,1.3773382773701524
Bearing3_2,774,0.31022044088176354,1.490802395982424
Bearing3_2,775,0.3106212424849699,1.6379872625009546
Bearing3_2,776,0.31102204408817635,1.631370246012769
Bearing3_2,777,0.3114228456913828,1.6987725340770115
Bearing3_2,778,0.31182364729458917,1.7920281525886907
Bearing3_2,779,0.3122244488977956,2.001963032808738
Bearing3_2,780,0.312625250501002,1.9360688954349314
Bearing3_2,781,0.3130260521042084,1.8844591596514646
Bearing3_2,782,0.31342685370741485,1.948122980976437
Bearing3_2,783,0.31382765531062123,2.1327873470584002
Bearing3_2,784,0.31422845691382767,2.234587806168414
Bearing3_2,785,0.31462925851703405,2.4558037013956757
Bearing3_2,786,0.3150300601202405,2.5809939941717994
Bearing3_2,787,0.3154308617234469,2.7280052107830386
Bearing3_2,788,0.3158316633266533,2.81523640349368
Bearing3_2,789,0.31623246492985974,2.7940656990255404
Bearing3_2,790,0.3166332665330661,2.8451985900098484
Bearing3_2,791,0.31703406813627255,2.988775517902619
Bearing3_2,792,0.31743486973947893,3.10410980583415
Bearing3_2,793,0.31783567134268537,3.084695780478756
Bearing3_2,794,0.3182364729458918,2.9874307058427334
Bearing3_2,795,0.3186372745490982,2.922120469183519
Bearing3_2,796,0.3190380761523046,3.06155361421235
Bearing3_2,797,0.319438877755511,2.9983322004707302
Bearing3_2,798,0.31983967935871743,3.1025051319875985
Bearing3_2,799,0.32024048096192387,3.077843157064384
Bearing3_2,800,0.32064128256513025,3.1538200806399557
Bearing3_2,801,0.3210420841683367,3.2089410212225835
Bearing3_2,802,0.32144288577154306,3.0932019530305452
Bearing3_2,803,0.3218436873747495,3.118854909393788
Bearing3_2,804,0.32224448897795593,3.2959452207754794
Bearing3_2,805,0.3226452905811623,3.2417856470202464
Bearing3_2,806,0.32304609218436875,3.1763857965119127
Bearing3_2,807,0.32344689378757513,3.276240846582591
Bearing3_2,808,0.32384769539078156,3.2105929614622077
Bearing3_2,809,0.324248496993988,3.241529979012109
Bearing3_2,810,0.3246492985971944,3.2262403541042284
Bearing3_2,811,0.3250501002004008,3.16813094401949
Bearing3_2,812,0.3254509018036072,3.1460559121225957
Bearing3_2,813,0.32585170340681363,3.1685702618566025
Bearing3_2,814,0.32625250501002007,3.113763921592035
Bearing3_2,815,0.32665330661322645,3.088879763830307
Bearing3_2,816,0.3270541082164329,3.1119765984351004
Bearing3_2,817,0.32745490981963926,3.1613865248373
Bearing3_2,818,0.3278557114228457,3.125501533727774
Bearing3_2,819,0.3282565130260521,3.1766096599983653
Bearing3_2,820,0.3286573146292585,3.1945473129759234
Bearing3_2,821,0.32905811623246495,3.20966298473905
Bearing3_2,822,0.3294589178356713,3.201588689359041
Bearing3_2,823,0.32985971943887776,3.11119122967464
Bearing3_2,824,0.33026052104208414,3.0527252775183484
Bearing3_2,825,0.3306613226452906,2.9977827090049205
Bearing3_2,826,0.331062124248497,3.0398232771353215
Bearing3_2,827,0.3314629258517034,2.95096636358183
Bearing3_2,828,0.33186372745490983,2.9677196654769
Bearing3_2,829,0.3322645290581162,2.819040034491492
Bearing3_2,830,0.33266533066132264,2.7467655962302366
Bearing3_2,831,0.3330661322645291,2.7626764258717205
Bearing3_2,832,0.33346693386773546,2.7465372671751633
Bearing3_2,833,0.3338677354709419,2.7358943924703674
Bearing3_2,834,0.3342685370741483,2.6392217223964334
Bearing3_2,835,0.3346693386773547,2.612858555627599
Bearing3_2,836,0.33507014028056115,2.5165089667857634
Bearing3_2,837,0.3354709418837675,2.3991547220789267
Bearing3_2,838,0.33587174348697396,2.4165439199409238
Bearing3_2,839,0.33627254509018034,2.5576412025396817
Bearing3_2,840,0.3366733466933868,2.4564913887231774
Bearing3_2,841,0.3370741482965932,2.629303156006008
Bearing3_2,842,0.3374749498997996,2.7092805841505787
Bearing3_2,843,0.337875751503006,2.8579532673474275
Bearing3_2,844,0.3382765531062124,2.9972267173836875
Bearing3_2,845,0.33867735470941884,3.005991980977201
Bearing3_2,846,0.3390781563126252,3.0751598263598483
Bearing3_2,847,0.33947895791583166,3.1381222743951547
Bearing3_2,848,0.3398797595190381,3.133827260865047
Bearing3_2,849,0.3402805611222445,3.0768021037286957
Bearing3_2,850,0.3406813627254509,3.2388724716188997
Bearing3_2,851,0.3410821643286573,3.025770469499615
Bearing3_2,852,0.3414829659318637,3.0179348141968187
Bearing3_2,853,0.34188376753507016,2.9573061523938176
Bearing3_2,854,0.34228456913827654,2.895103268537221
Bearing3_2,855,0.342685370741483,2.9495901383362186
Bearing3_2,856,0.34308617234468936,2.9157210859369806
Bearing3_2,857,0.3434869739478958,2.837276914683424
Bearing3_2,858,0.3438877755511022,2.7239770185220786
Bearing3_2,859,0.3442885771543086,2.6474799273203597
Bearing3_2,860,0.34468937875751504,2.4907759555566984
Bearing3_2,861,0.3450901803607214,2.518317341937645
Bearing3_2,862,0.34549098196392786,2.358147302619504
Bearing3_2,863,0.3458917835671343,2.1654641549008447
Bearing3_2,864,0.34629258517034067,2.062757511011567
Bearing3_2,865,0.3466933867735471,1.9240534959935622
Bearing3_2,866,0.3470941883767535,1.77808509985847
Bearing3_2,867,0.3474949899799599,1.8143869140971287
Bearing3_2,868,0.34789579158316636,1.8272966368386236
Bearing3_2,869,0.34829659318637274,1.8565244548192126
Bearing3_2,870,0.3486973947895792,1.8410140095981327
Bearing3_2,871,0.34909819639278555,1.7995993464284936
Bearing3_2,872,0.349498997995992,1.7859195578254639
Bearing3_2,873,0.3498997995991984,1.8423972598568317
Bearing3_2,874,0.3503006012024048,1.822437019697033
Bearing3_2,875,0.35070140280561124,1.9745343847283472
Bearing3_2,876,0.3511022044088176,1.950684374808065
Bearing3_2,877,0.35150300601202406,1.850248645960162
Bearing3_2,878,0.35190380761523044,1.8317614437935252
Bearing3_2,879,0.35230460921843687,1.785640697415922
Bearing3_2,880,0.3527054108216433,1.8110422498512477
Bearing3_2,881,0.3531062124248497,1.6528398088046004
Bearing3_2,882,0.3535070140280561,1.6309255640088836
Bearing3_2,883,0.3539078156312625,1.4312428710766696
Bearing3_2,884,0.35430861723446894,1.4737262643878908
Bearing3_2,885,0.35470941883767537,1.396701950636496
Bearing3_2,886,0.35511022044088175,1.4701428852813736
Bearing3_2,887,0.3555110220440882,1.4211355477784169
Bearing3_2,888,0.35591182364729457,1.3319994564732869
Bearing3_2,889,0.356312625250501,1.2923156325367238
Bearing3_2,890,0.35671342685370744,1.362121977114689
Bearing3_2,891,0.3571142284569138,1.3148438381910645
Bearing3_2,892,0.35751503006012025,1.2582158781010613
Bearing3_2,893,0.35791583166332663,1.240351511321911
Bearing3_2,894,0.35831663326653307,1.157256833052766
Bearing3_2,895,0.3587174348697395,1.1176672359358866
Bearing3_2,896,0.3591182364729459,1.0130410490939734
Bearing3_2,897,0.3595190380761523,1.0275039831327655
Bearing3_2,898,0.3599198396793587,1.0486396234550137
Bearing3_2,899,0.36032064128256514,0.9532554159030038
Bearing3_2,900,0.36072144288577157,0.8546944641510779
Bearing3_2,901,0.36112224448897795,0.9102487550754894
Bearing3_2,902,0.3615230460921844,0.9320923002747188
Bearing3_2,903,0.36192384769539077,1.0259826290306338
Bearing3_2,904,0.3623246492985972,0.9818587275735886
Bearing3_2,905,0.3627254509018036,0.9489221943395606
Bearing3_2,906,0.36312625250501,1.0229779185272705
Bearing3_2,907,0.36352705410821645,1.0736406122881206
Bearing3_2,908,0.36392785571142283,1.1614640733300772
Bearing3_2,909,0.36432865731462927,1.3465076169788759
Bearing3_2,910,0.36472945891783565,1.3893424740041405
Bearing3_2,911,0.3651302605210421,1.4980695361152399
Bearing3_2,912,0.3655310621242485,1.8025270498102377
Bearing3_2,913,0.3659318637274549,1.8126804778544165
Bearing3_2,914,0.36633266533066133,1.9915736227005407
Bearing3_2,915,0.3667334669338677,2.0746428300293216
Bearing3_2,916,0.36713426853707415,1.9990499314816503
Bearing3_2,917,0.3675350701402806,1.8937325895958304
Bearing3_2,918,0.36793587174348696,1.8175180304512797
Bearing3_2,919,0.3683366733466934,1.9656117983895416
Bearing3_2,920,0.3687374749498998,1.940537495381496
Bearing3_2,921,0.3691382765531062,2.1435859840247615
Bearing3_2,922,0.36953907815631265,2.3388986728724164
Bearing3_2,923,0.36993987975951903,3.1554235852366017
Bearing3_2,924,0.37034068136272547,3.775986966546489
Bearing3_2,925,0.37074148296593185,4.393527738133336
Bearing3_2,926,0.3711422845691383,4.948537008671599
Bearing3_2,927,0.3715430861723447,5.758521216897284
Bearing3_2,928,0.3719438877755511,6.098544015731373
Bearing3_2,929,0.37234468937875753,6.364695072242958
Bearing3_2,930,0.3727454909819639,6.83109157782462
Bearing3_2,931,0.37314629258517035,7.117265015084756
Bearing3_2,932,0.3735470941883767,7.389921595305839
Bearing3_2,933,0.37394789579158316,7.274444933316313
Bearing3_2,934,0.3743486973947896,7.154897671595775
Bearing3_2,935,0.374749498997996,6.648318757159562
Bearing3_2,936,0.3751503006012024,6.7172702637139015
Bearing3_2,937,0.3755511022044088,6.220318489510057
Bearing3_2,938,0.37595190380761523,6.185167849724733
Bearing3_2,939,0.37635270541082166,6.144408229897639
Bearing3_2,940,0.37675350701402804,6.32608145215048
Bearing3_2,941,0.3771543086172345,6.403394000475922
Bearing3_2,942,0.37755511022044086,6.537098101714243
Bearing3_2,943,0.3779559118236473,6.571315770471193
Bearing3_2,944,0.37835671342685373,6.558293520437786
Bearing3_2,945,0.3787575150300601,7.024211568176355
Bearing3_2,946,0.37915831663326655,7.318072176617633
Bearing3_2,947,0.3795591182364729,7.248049093271069
Bearing3_2,948,0.37995991983967936,7.610846403188245
Bearing3_2,949,0.3803607214428858,7.433412619954355
Bearing3_2,950,0.3807615230460922,7.016718847281908
Bearing3_2,951,0.3811623246492986,6.741458585747334
Bearing3_2,952,0.381563126252505,6.3318001672282325
Bearing3_2,953,0.3819639278557114,6.099983458183211
Bearing3_2,954,0.38236472945891786,5.998296883110363
Bearing3_2,955,0.38276553106212424,5.582141083859679
Bearing3_2,956,0.3831663326653307,4.990917629189077
Bearing3_2,957,0.38356713426853706,5.1910875871015225
Bearing3_2,958,0.3839679358717435,4.901830337141298
Bearing3_2,959,0.3843687374749499,5.000334548944569
Bearing3_2,960,0.3847695390781563,5.179214055037564
Bearing3_2,961,0.38517034068136274,5.171069911463748
Bearing3_2,962,0.3855711422845691,5.152374598706496
Bearing3_2,963,0.38597194388777556,5.076250939710201
Bearing3_2,964,0.38637274549098194,4.887805400863501
Bearing3_2,965,0.3867735470941884,5.186131127468411
Bearing3_2,966,0.3871743486973948,5.16109195398254
Bearing3_2,967,0.3875751503006012,5.213789952905095
Bearing3_2,968,0.3879759519038076,5.259204010263858
Bearing3_2,969,0.388376753507014,5.380120263515168
Bearing3_2,970,0.38877755511022044,5.425442598573353
Bearing3_2,971,0.3891783567134269,5.489687874380679
Bearing3_2,972,0.38957915831663326,5.567146946305103
Bearing3_2,973,0.3899799599198397,5.770014505775346
Bearing3_2,974,0.39038076152304607,5.814900853990149
Bearing3_2,975,0.3907815631262525,6.027826476696198
Bearing3_2,976,0.39118236472945894,6.0430392245011175
Bearing3_2,977,0.3915831663326653,6.070206535254217
Bearing3_2,978,0.39198396793587176,6.04031199266378
Bearing3_2,979,0.39238476953907814,5.742592628884126
Bearing3_2,980,0.3927855711422846,5.79081570408983
Bearing3_2,981,0.393186372745491,6.100295520045512
Bearing3_2,982,0.3935871743486974,5.981482144095483
Bearing3_2,983,0.3939879759519038,5.748176832164681
Bearing3_2,984,0.3943887775551102,5.866141748689586
Bearing3_2,985,0.39478957915831664,5.115488849249504
Bearing3_2,986,0.395190380761523,5.199976152848291
Bearing3_2,987,0.39559118236472945,4.779510702046967
Bearing3_2,988,0.3959919839679359,4.905607883001446
Bearing3_2,989,0.39639278557114227,5.220565252937643
Bearing3_2,990,0.3967935871743487,5.321070483198151
Bearing3_2,991,0.3971943887775551,4.9893510132559795
Bearing3_2,992,0.3975951903807615,4.888606704230864
Bearing3_2,993,0.39799599198396796,4.722960900692234
Bearing3_2,994,0.39839679358717434,4.23305960791768
Bearing3_2,995,0.39879759519038077,4.469614968769976
Bearing3_2,996,0.39919839679358715,4.470773627278757
Bearing3_2,997,0.3995991983967936,4.527766152256546
Bearing3_2,998,0.4,4.009727851996346
Bearing3_2,999,0.4004008016032064,3.5369255824480392
Bearing3_2,1000,0.40080160320641284,3.04595848775366
Bearing3_2,1001,0.4012024048096192,2.8076108451156827
Bearing3_2,1002,0.40160320641282565,3.109386068079158
Bearing3_2,1003,0.4020040080160321,3.2240885513878412
Bearing3_2,1004,0.40240480961923847,3.458791914699804
Bearing3_2,1005,0.4028056112224449,3.4248645090124996
Bearing3_2,1006,0.4032064128256513,3.182024315670838
Bearing3_2,1007,0.4036072144288577,3.1247983405296926
Bearing3_2,1008,0.40400801603206415,3.1349533851936084
Bearing3_2,1009,0.40440881763527053,3.2425422186512805
Bearing3_2,1010,0.40480961923847697,3.4857004760754693
Bearing3_2,1011,0.40521042084168335,3.7094907765515686
Bearing3_2,1012,0.4056112224448898,3.470332489366
Bearing3_2,1013,0.40601202404809617,3.302568628490969
Bearing3_2,1014,0.4064128256513026,3.3482235823065585
Bearing3_2,1015,0.40681362725450904,3.1735881146404004
Bearing3_2,1016,0.4072144288577154,3.13011892321791
Bearing3_2,1017,0.40761523046092185,3.6891921795559632
Bearing3_2,1018,0.40801603206412823,4.091187738390371
Bearing3_2,1019,0.40841683366733467,3.9950613638670953
Bearing3_2,1020,0.4088176352705411,3.792423101789306
Bearing3_2,1021,0.4092184368737475,3.5256003229206825
Bearing3_2,1022,0.4096192384769539,3.628292050276683
Bearing3_2,1023,0.4100200400801603,4.0638113227900705
Bearing3_2,1024,0.41042084168336673,4.418037928778143
Bearing3_2,1025,0.41082164328657317,5.182161968878167
Bearing3_2,1026,0.41122244488977955,5.805437860472166
Bearing3_2,1027,0.411623246492986,6.049921725897747
Bearing3_2,1028,0.41202404809619236,6.33861055242623
Bearing3_2,1029,0.4124248496993988,6.9767562440665305
Bearing3_2,1030,0.41282565130260523,7.477474022465692
Bearing3_2,1031,0.4132264529058116,7.973277895163302
Bearing3_2,1032,0.41362725450901805,8.167769029718867
Bearing3_2,1033,0.41402805611222443,8.213770462791375
Bearing3_2,1034,0.41442885771543087,8.258817627802262
Bearing3_2,1035,0.4148296593186373,8.135761029329489
Bearing3_2,1036,0.4152304609218437,8.06042330949335
Bearing3_2,1037,0.4156312625250501,7.893126928957142
Bearing3_2,1038,0.4160320641282565,7.852287264662126
Bearing3_2,1039,0.41643286573146293,7.830089123583282
Bearing3_2,1040,0.4168336673346693,7.765766886755701
Bearing3_2,1041,0.41723446893787575,7.7386852399999
Bearing3_2,1042,0.4176352705410822,7.735641554266962
Bearing3_2,1043,0.41803607214428856,7.76997622987888
Bearing3_2,1044,0.418436873747495,7.772709241640929
Bearing3_2,1045,0.4188376753507014,7.794237812493283
Bearing3_2,1046,0.4192384769539078,7.796044195100748
Bearing3_2,1047,0.41963927855711425,7.759223807244277
Bearing3_2,1048,0.42004008016032063,7.7287850023314615
Bearing3_2,1049,0.42044088176352706,7.668911836644997
Bearing3_2,1050,0.42084168336673344,7.6450197674313545
Bearing3_2,1051,0.4212424849699399,7.574524327421204
Bearing3_2,1052,0.4216432865731463,7.492024171540992
Bearing3_2,1053,0.4220440881763527,7.383016280788164
Bearing3_2,1054,0.42244488977955913,7.300950079926136
Bearing3_2,1055,0.4228456913827655,7.191763478288761
Bearing3_2,1056,0.42324649298597194,7.142787991237543
Bearing3_2,1057,0.4236472945891784,7.126581864884903
Bearing3_2,1058,0.42404809619238476,7.085950211416462
Bearing3_2,1059,0.4244488977955912,7.0221383658184795
Bearing3_2,1060,0.4248496993987976,6.961549707708857
Bearing3_2,1061,0.425250501002004,6.988827741268622
Bearing3_2,1062,0.42565130260521045,6.928614779312033
Bearing3_2,1063,0.4260521042084168,7.061245426111204
Bearing3_2,1064,0.42645290581162326,6.883731666133384
Bearing3_2,1065,0.42685370741482964,6.723250455401457
Bearing3_2,1066,0.4272545090180361,6.755809393707726
Bearing3_2,1067,0.4276553106212425,6.426996782568205
Bearing3_2,1068,0.4280561122244489,5.9965204353702255
Bearing3_2,1069,0.42845691382765533,5.466746220137176
Bearing3_2,1070,0.4288577154308617,4.970237855992452
Bearing3_2,1071,0.42925851703406814,4.717906823251578
Bearing3_2,1072,0.4296593186372745,4.610760070770138
Bearing3_2,1073,0.43006012024048096,4.56215836277725
Bearing3_2,1074,0.4304609218436874,4.610135306783929
Bearing3_2,1075,0.4308617234468938,5.045143813515544
Bearing3_2,1076,0.4312625250501002,5.085117934295615
Bearing3_2,1077,0.4316633266533066,5.393725459556171
Bearing3_2,1078,0.432064128256513,5.780044527956832
Bearing3_2,1079,0.43246492985971946,6.340673177287632
Bearing3_2,1080,0.43286573146292584,6.899178716040605
Bearing3_2,1081,0.4332665330661323,7.21766603078949
Bearing3_2,1082,0.43366733466933866,7.401139860910367
Bearing3_2,1083,0.4340681362725451,7.394142310500944
Bearing3_2,1084,0.4344689378757515,7.6031497351992074
Bearing3_2,1085,0.4348697394789579,7.382400771453395
Bearing3_2,1086,0.43527054108216434,7.342668592709951
Bearing3_2,1087,0.4356713426853707,7.410579580141852
Bearing3_2,1088,0.43607214428857716,7.443398960487912
Bearing3_2,1089,0.4364729458917836,7.4651668210929305
Bearing3_2,1090,0.43687374749499,7.5042294678214585
Bearing3_2,1091,0.4372745490981964,7.482332569146676
Bearing3_2,1092,0.4376753507014028,7.4728615687590345
Bearing3_2,1093,0.4380761523046092,7.477918103314147
Bearing3_2,1094,0.43847695390781566,7.475475948220023
Bearing3_2,1095,0.43887775551102204,7.4852576912259465
Bearing3_2,1096,0.4392785571142285,7.487370173518409
Bearing3_2,1097,0.43967935871743485,7.4355759775842944
Bearing3_2,1098,0.4400801603206413,7.421329794531337
Bearing3_2,1099,0.44048096192384767,7.437779840409365
Bearing3_2,1100,0.4408817635270541,7.423746136987492
Bearing3_2,1101,0.44128256513026054,7.46703559003295
Bearing3_2,1102,0.4416833667334669,7.419747551096772
Bearing3_2,1103,0.44208416833667336,7.387361665015926
Bearing3_2,1104,0.44248496993987974,7.35843557636027
Bearing3_2,1105,0.44288577154308617,7.359086285973362
Bearing3_2,1106,0.4432865731462926,7.363506323753216
Bearing3_2,1107,0.443687374749499,7.421040946717437
Bearing3_2,1108,0.4440881763527054,7.4956759035411835
Bearing3_2,1109,0.4444889779559118,7.476204787431135
Bearing3_2,1110,0.44488977955911824,7.458402124531399
Bearing3_2,1111,0.4452905811623247,7.391477726787843
Bearing3_2,1112,0.44569138276553105,7.510863681192275
Bearing3_2,1113,0.4460921843687375,7.530901779507128
Bearing3_2,1114,0.44649298597194387,7.590820813067777
Bearing3_2,1115,0.4468937875751503,7.5534078995039975
Bearing3_2,1116,0.44729458917835674,7.582269248922929
Bearing3_2,1117,0.4476953907815631,7.5088413547203885
Bearing3_2,1118,0.44809619238476955,7.478687133545307
Bearing3_2,1119,0.44849699398797593,7.462785387552165
Bearing3_2,1120,0.44889779559118237,7.44732359358905
Bearing3_2,1121,0.4492985971943888,7.456816939955033
Bearing3_2,1122,0.4496993987975952,7.381118640054998
Bearing3_2,1123,0.4501002004008016,7.342985835327596
Bearing3_2,1124,0.450501002004008,7.2751212431572085
Bearing3_2,1125,0.45090180360721444,7.311689932639109
Bearing3_2,1126,0.4513026052104208,7.3067931961263755
Bearing3_2,1127,0.45170340681362725,7.291537423767328
Bearing3_2,1128,0.4521042084168337,7.265419182826362
Bearing3_2,1129,0.45250501002004007,7.298079602544862
Bearing3_2,1130,0.4529058116232465,7.361365566855314
Bearing3_2,1131,0.4533066132264529,7.438349433362177
Bearing3_2,1132,0.4537074148296593,7.525876504324435
Bearing3_2,1133,0.45410821643286575,7.567400488086067
Bearing3_2,1134,0.45450901803607213,7.581629119900887
Bearing3_2,1135,0.45490981963927857,7.613149900102125
Bearing3_2,1136,0.45531062124248495,7.641578124724734
Bearing3_2,1137,0.4557114228456914,7.70551415177017
Bearing3_2,1138,0.4561122244488978,7.840285285198833
Bearing3_2,1139,0.4565130260521042,7.840149675746193
Bearing3_2,1140,0.45691382765531063,7.7988832171350975
Bearing3_2,1141,0.457314629258517,7.742837017357263
Bearing3_2,1142,0.45771543086172345,7.66344504593696
Bearing3_2,1143,0.4581162324649299,7.674779170181583
Bearing3_2,1144,0.45851703406813626,7.665969355464064
Bearing3_2,1145,0.4589178356713427,7.590419035467687
Bearing3_2,1146,0.4593186372745491,7.582148408090383
Bearing3_2,1147,0.4597194388777555,7.595594752385748
Bearing3_2,1148,0.46012024048096195,7.513123771562382
Bearing3_2,1149,0.46052104208416833,7.5503900363133285
Bearing3_2,1150,0.46092184368737477,7.607618345874076
Bearing3_2,1151,0.46132264529058115,7.609421671408192
Bearing3_2,1152,0.4617234468937876,7.684364987097079
Bearing3_2,1153,0.46212424849699396,7.747265805604011
Bearing3_2,1154,0.4625250501002004,7.769501478288589
Bearing3_2,1155,0.46292585170340683,7.788808320967233
Bearing3_2,1156,0.4633266533066132,7.759159141905532
Bearing3_2,1157,0.46372745490981965,7.746634440246896
Bearing3_2,1158,0.464128256513026,7.7128160489877
Bearing3_2,1159,0.46452905811623246,7.6241204069910085
Bearing3_2,1160,0.4649298597194389,7.551387103103752
Bearing3_2,1161,0.4653306613226453,7.5448751524543765
Bearing3_2,1162,0.4657314629258517,7.536138958953716
Bearing3_2,1163,0.4661322645290581,7.487705029400206
Bearing3_2,1164,0.46653306613226453,7.544792918415484
Bearing3_2,1165,0.46693386773547096,7.582436639068841
Bearing3_2,1166,0.46733466933867734,7.598341675461849
Bearing3_2,1167,0.4677354709418838,7.584834514013531
Bearing3_2,1168,0.46813627254509016,7.631931606184388
Bearing3_2,1169,0.4685370741482966,7.743014788268669
Bearing3_2,1170,0.46893787575150303,7.830505291373184
Bearing3_2,1171,0.4693386773547094,7.819924063724917
Bearing3_2,1172,0.46973947895791585,7.8062797276077704
Bearing3_2,1173,0.4701402805611222,7.785455332139442
Bearing3_2,1174,0.47054108216432866,7.729152754771782
Bearing3_2,1175,0.4709418837675351,7.758668652642425
Bearing3_2,1176,0.4713426853707415,7.750180825281506
Bearing3_2,1177,0.4717434869739479,7.764501442984927
Bearing3_2,1178,0.4721442885771543,7.757554236028864
Bearing3_2,1179,0.4725450901803607,7.742154398670368
Bearing3_2,1180,0.4729458917835671,7.709273367535576
Bearing3_2,1181,0.47334669338677354,7.738565466051272
Bearing3_2,1182,0.47374749498998,7.809200912197907
Bearing3_2,1183,0.47414829659318636,7.845171214763821
Bearing3_2,1184,0.4745490981963928,7.8314392595608044
Bearing3_2,1185,0.4749498997995992,7.809791146075922
Bearing3_2,1186,0.4753507014028056,7.835070089415834
Bearing3_2,1187,0.47575150300601204,7.932904198370972
Bearing3_2,1188,0.4761523046092184,7.91734130592574
Bearing3_2,1189,0.47655310621242486,7.909489775059997
Bearing3_2,1190,0.47695390781563124,7.832830908376515
Bearing3_2,1191,0.4773547094188377,7.9035426640296835
Bearing3_2,1192,0.4777555110220441,7.91293639371559
Bearing3_2,1193,0.4781563126252505,7.836795923819383
Bearing3_2,1194,0.4785571142284569,7.785914209551343
Bearing3_2,1195,0.4789579158316633,7.634867421271371
Bearing3_2,1196,0.47935871743486974,7.487141090097313
Bearing3_2,1197,0.4797595190380762,7.306331143979944
Bearing3_2,1198,0.48016032064128256,7.21684342905292
Bearing3_2,1199,0.480561122244489,7.069496735274252
Bearing3_2,1200,0.48096192384769537,7.042285632221025
Bearing3_2,1201,0.4813627254509018,6.8200366990940875
Bearing3_2,1202,0.48176352705410824,6.556480932014888
Bearing3_2,1203,0.4821643286573146,6.530781916630161
Bearing3_2,1204,0.48256513026052106,6.55083442938294
Bearing3_2,1205,0.48296593186372744,6.587080628658508
Bearing3_2,1206,0.4833667334669339,6.674531426317003
Bearing3_2,1207,0.48376753507014025,6.577327081539333
Bearing3_2,1208,0.4841683366733467,6.4544027798670225
Bearing3_2,1209,0.4845691382765531,6.5234584963490105
Bearing3_2,1210,0.4849699398797595,6.572892828171329
Bearing3_2,1211,0.48537074148296594,6.688009061076123
Bearing3_2,1212,0.4857715430861723,6.814225533712319
Bearing3_2,1213,0.48617234468937875,6.796212153475503
Bearing3_2,1214,0.4865731462925852,6.761784897246133
Bearing3_2,1215,0.48697394789579157,6.731079473833023
Bearing3_2,1216,0.487374749498998,6.641031063287106
Bearing3_2,1217,0.4877755511022044,6.791499327112814
Bearing3_2,1218,0.4881763527054108,6.932975753431128
Bearing3_2,1219,0.48857715430861726,6.920369781627767
Bearing3_2,1220,0.48897795591182364,6.956221911746047
Bearing3_2,1221,0.48937875751503007,6.900439724953036
Bearing3_2,1222,0.48977955911823645,6.837151418977551
Bearing3_2,1223,0.4901803607214429,6.88618475443504
Bearing3_2,1224,0.4905811623246493,6.900271419763581
Bearing3_2,1225,0.4909819639278557,7.030392333856819
Bearing3_2,1226,0.49138276553106214,7.131411140192705
Bearing3_2,1227,0.4917835671342685,7.154253297947973
Bearing3_2,1228,0.49218436873747495,7.219040163542269
Bearing3_2,1229,0.4925851703406814,7.2783506734259165
Bearing3_2,1230,0.49298597194388777,7.281962146727158
Bearing3_2,1231,0.4933867735470942,7.359175841859605
Bearing3_2,1232,0.4937875751503006,7.449899285372157
Bearing3_2,1233,0.494188376753507,7.532257491477234
Bearing3_2,1234,0.4945891783567134,7.587957929258894
Bearing3_2,1235,0.49498997995991983,7.60239083723108
Bearing3_2,1236,0.49539078156312627,7.648914507030669
Bearing3_2,1237,0.49579158316633265,7.668672417711315
Bearing3_2,1238,0.4961923847695391,7.7088149216459145
Bearing3_2,1239,0.49659318637274547,7.774752252122594
Bearing3_2,1240,0.4969939879759519,7.880345827508103
Bearing3_2,1241,0.49739478957915834,7.967772663053313
Bearing3_2,1242,0.4977955911823647,8.039840061942702
Bearing3_2,1243,0.49819639278557115,8.137414631405745
Bearing3_2,1244,0.49859719438877753,8.197516089608905
Bearing3_2,1245,0.49899799599198397,8.211158183522878
Bearing3_2,1246,0.4993987975951904,8.190096892507867
Bearing3_2,1247,0.4997995991983968,8.193498509123172
Bearing3_2,1248,0.5002004008016032,8.163422462679494
Bearing3_2,1249,0.5006012024048097,8.097151662356737
Bearing3_2,1250,0.501002004008016,7.997669395746549
Bearing3_2,1251,0.5014028056112224,7.882498062592774
Bearing3_2,1252,0.5018036072144288,7.842457050056588
Bearing3_2,1253,0.5022044088176353,7.75074417520815
Bearing3_2,1254,0.5026052104208417,7.710082752090628
Bearing3_2,1255,0.503006012024048,7.684902035634447
Bearing3_2,1256,0.5034068136272545,7.711365177838127
Bearing3_2,1257,0.5038076152304609,7.70202180022182
Bearing3_2,1258,0.5042084168336673,7.679942471307219
Bearing3_2,1259,0.5046092184368738,7.666446344821496
Bearing3_2,1260,0.5050100200400801,7.6549030612649505
Bearing3_2,1261,0.5054108216432865,7.7068410823839
Bearing3_2,1262,0.505811623246493,7.688775134799745
Bearing3_2,1263,0.5062124248496994,7.674877574977936
Bearing3_2,1264,0.5066132264529059,7.7547735136549845
Bearing3_2,1265,0.5070140280561122,7.808603098441819
Bearing3_2,1266,0.5074148296593186,7.831122330232198
Bearing3_2,1267,0.507815631262525,7.835654591114464
Bearing3_2,1268,0.5082164328657315,7.932483703967719
Bearing3_2,1269,0.5086172344689379,7.957700262660309
Bearing3_2,1270,0.5090180360721442,7.904455108744969
Bearing3_2,1271,0.5094188376753507,7.8686716418083815
Bearing3_2,1272,0.5098196392785571,7.707256086481193
Bearing3_2,1273,0.5102204408817635,7.589221744478678
Bearing3_2,1274,0.51062124248497,7.295042387240033
Bearing3_2,1275,0.5110220440881763,7.148718774129668
Bearing3_2,1276,0.5114228456913827,7.003229420701681
Bearing3_2,1277,0.5118236472945892,6.971916477063781
Bearing3_2,1278,0.5122244488977956,6.856656252089198
Bearing3_2,1279,0.512625250501002,6.841824931961885
Bearing3_2,1280,0.5130260521042084,6.878790089941541
Bearing3_2,1281,0.5134268537074148,6.8552308378512326
Bearing3_2,1282,0.5138276553106212,7.011782375117265
Bearing3_2,1283,0.5142284569138277,7.0898551455651555
Bearing3_2,1284,0.5146292585170341,7.305021014722188
Bearing3_2,1285,0.5150300601202404,7.408937966300281
Bearing3_2,1286,0.5154308617234469,7.563045594863938
Bearing3_2,1287,0.5158316633266533,7.585190821000869
Bearing3_2,1288,0.5162324649298597,7.59260398546562
Bearing3_2,1289,0.5166332665330662,7.5741023171460355
Bearing3_2,1290,0.5170340681362725,7.592456921049498
Bearing3_2,1291,0.5174348697394789,7.605948660896564
Bearing3_2,1292,0.5178356713426854,7.559751496236911
Bearing3_2,1293,0.5182364729458918,7.531451764894447
Bearing3_2,1294,0.5186372745490982,7.484988868405088
Bearing3_2,1295,0.5190380761523046,7.4408448927965285
Bearing3_2,1296,0.519438877755511,7.356087589834019
Bearing3_2,1297,0.5198396793587174,7.3269577342723995
Bearing3_2,1298,0.5202404809619239,7.33563556443748
Bearing3_2,1299,0.5206412825651303,7.374198315445139
Bearing3_2,1300,0.5210420841683366,7.388954716168902
Bearing3_2,1301,0.5214428857715431,7.378925210601548
Bearing3_2,1302,0.5218436873747495,7.44201859817502
Bearing3_2,1303,0.522244488977956,7.497159214079832
Bearing3_2,1304,0.5226452905811623,7.507188360224387
Bearing3_2,1305,0.5230460921843687,7.510177930676522
Bearing3_2,1306,0.5234468937875751,7.565227156480033
Bearing3_2,1307,0.5238476953907816,7.656064138152421
Bearing3_2,1308,0.524248496993988,7.670770809024871
Bearing3_2,1309,0.5246492985971943,7.668927887097718
Bearing3_2,1310,0.5250501002004008,7.6966648752533136
Bearing3_2,1311,0.5254509018036072,7.763712889219318
Bearing3_2,1312,0.5258517034068136,7.7435550657572705
Bearing3_2,1313,0.5262525050100201,7.741649718362362
Bearing3_2,1314,0.5266533066132264,7.794587044201729
Bearing3_2,1315,0.5270541082164328,7.8328352067454245
Bearing3_2,1316,0.5274549098196393,7.7903675947525155
Bearing3_2,1317,0.5278557114228457,7.70006697686919
Bearing3_2,1318,0.5282565130260521,7.690024819830273
Bearing3_2,1319,0.5286573146292585,7.704331229892785
Bearing3_2,1320,0.5290581162324649,7.748550800806342
Bearing3_2,1321,0.5294589178356713,7.74661503549095
Bearing3_2,1322,0.5298597194388778,7.6912194408220005
Bearing3_2,1323,0.5302605210420842,7.643807256161099
Bearing3_2,1324,0.5306613226452905,7.622093676099759
Bearing3_2,1325,0.531062124248497,7.6180363925598495
Bearing3_2,1326,0.5314629258517034,7.5922373998863435
Bearing3_2,1327,0.5318637274549098,7.590801313337378
Bearing3_2,1328,0.5322645290581163,7.562083483839446
Bearing3_2,1329,0.5326653306613226,7.5793333332813715
Bearing3_2,1330,0.533066132264529,7.5004647750989335
Bearing3_2,1331,0.5334669338677355,7.495737523587346
Bearing3_2,1332,0.5338677354709419,7.527486372442931
Bearing3_2,1333,0.5342685370741483,7.529612783518599
Bearing3_2,1334,0.5346693386773547,7.391406839385698
Bearing3_2,1335,0.5350701402805611,7.301925197917579
Bearing3_2,1336,0.5354709418837675,7.252723546250015
Bearing3_2,1337,0.535871743486974,7.236963052796237
Bearing3_2,1338,0.5362725450901804,7.360512961121259
Bearing3_2,1339,0.5366733466933867,7.362793877766944
Bearing3_2,1340,0.5370741482965932,7.378548706763837
Bearing3_2,1341,0.5374749498997996,7.346076948022157
Bearing3_2,1342,0.537875751503006,7.426481301122019
Bearing3_2,1343,0.5382765531062125,7.50751865489583
Bearing3_2,1344,0.5386773547094188,7.68710635838455
Bearing3_2,1345,0.5390781563126252,7.811253579364418
Bearing3_2,1346,0.5394789579158317,7.930854791796252
Bearing3_2,1347,0.5398797595190381,8.038712505440383
Bearing3_2,1348,0.5402805611222445,8.041807102487445
Bearing3_2,1349,0.5406813627254509,8.022521621038532
Bearing3_2,1350,0.5410821643286573,7.994831605868181
Bearing3_2,1351,0.5414829659318637,8.039584432204466
Bearing3_2,1352,0.5418837675350702,7.979442935319308
Bearing3_2,1353,0.5422845691382766,7.987392962700113
Bearing3_2,1354,0.5426853707414829,7.960909640255297
Bearing3_2,1355,0.5430861723446894,7.950494938145894
Bearing3_2,1356,0.5434869739478958,7.963182642860231
Bearing3_2,1357,0.5438877755511022,7.945403307442717
Bearing3_2,1358,0.5442885771543087,7.953355171865843
Bearing3_2,1359,0.544689378757515,8.001300521848396
Bearing3_2,1360,0.5450901803607214,8.06702321076782
Bearing3_2,1361,0.5454909819639279,8.04813228518341
Bearing3_2,1362,0.5458917835671343,8.110478109166781
Bearing3_2,1363,0.5462925851703406,8.052193486409315
Bearing3_2,1364,0.5466933867735471,8.083327437001438
Bearing3_2,1365,0.5470941883767535,8.118181233613504
Bearing3_2,1366,0.5474949899799599,8.125710915617764
Bearing3_2,1367,0.5478957915831664,8.18113556107036
Bearing3_2,1368,0.5482965931863727,8.111260757763802
Bearing3_2,1369,0.5486973947895791,8.062982535566656
Bearing3_2,1370,0.5490981963927856,7.995445009565887
Bearing3_2,1371,0.549498997995992,7.934290234947793
Bearing3_2,1372,0.5498997995991984,7.8289490472635865
Bearing3_2,1373,0.5503006012024048,7.7912368847307025
Bearing3_2,1374,0.5507014028056112,7.7704301298155
Bearing3_2,1375,0.5511022044088176,7.708304311031357
Bearing3_2,1376,0.5515030060120241,7.628612781858349
Bearing3_2,1377,0.5519038076152305,7.568249920732162
Bearing3_2,1378,0.5523046092184368,7.588149374771947
Bearing3_2,1379,0.5527054108216433,7.632516495885449
Bearing3_2,1380,0.5531062124248497,7.674726616012448
Bearing3_2,1381,0.5535070140280561,7.719614344786775
Bearing3_2,1382,0.5539078156312626,7.80101965496757
Bearing3_2,1383,0.5543086172344689,7.853562549463611
Bearing3_2,1384,0.5547094188376753,7.859188258459156
Bearing3_2,1385,0.5551102204408818,7.907558156864764
Bearing3_2,1386,0.5555110220440882,7.977990454828726
Bearing3_2,1387,0.5559118236472946,8.007210760194088
Bearing3_2,1388,0.556312625250501,8.03900102782867
Bearing3_2,1389,0.5567134268537074,8.042670168428142
Bearing3_2,1390,0.5571142284569138,8.046505058046638
Bearing3_2,1391,0.5575150300601203,8.057501440265598
Bearing3_2,1392,0.5579158316633267,7.993671416978468
Bearing3_2,1393,0.558316633266533,7.926927901988738
Bearing3_2,1394,0.5587174348697395,7.8136825558436716
Bearing3_2,1395,0.5591182364729459,7.767711460660756
Bearing3_2,1396,0.5595190380761523,7.742457714503277
Bearing3_2,1397,0.5599198396793588,7.684925848824024
Bearing3_2,1398,0.5603206412825651,7.637137969859362
Bearing3_2,1399,0.5607214428857715,7.62300035177915
Bearing3_2,1400,0.561122244488978,7.724253334944564
Bearing3_2,1401,0.5615230460921844,7.742748285437853
Bearing3_2,1402,0.5619238476953908,7.811567550188107
Bearing3_2,1403,0.5623246492985972,7.945298731250718
Bearing3_2,1404,0.5627254509018036,8.080971107190635
Bearing3_2,1405,0.56312625250501,8.092557156378499
Bearing3_2,1406,0.5635270541082165,8.131800156970407
Bearing3_2,1407,0.5639278557114229,8.13344334814984
Bearing3_2,1408,0.5643286573146292,8.013035804007297
Bearing3_2,1409,0.5647294589178357,7.886002668747156
Bearing3_2,1410,0.5651302605210421,7.648209493262082
Bearing3_2,1411,0.5655310621242485,7.469619660927988
Bearing3_2,1412,0.565931863727455,7.375114399271835
Bearing3_2,1413,0.5663326653306613,7.27113088963074
Bearing3_2,1414,0.5667334669338677,7.207148901769469
Bearing3_2,1415,0.5671342685370742,7.176250933056004
Bearing3_2,1416,0.5675350701402806,7.161506159282167
Bearing3_2,1417,0.5679358717434869,7.138911321977334
Bearing3_2,1418,0.5683366733466934,7.246062930599351
Bearing3_2,1419,0.5687374749498998,7.2989168420792225
Bearing3_2,1420,0.5691382765531062,7.39492275131511
Bearing3_2,1421,0.5695390781563127,7.55393762737293
Bearing3_2,1422,0.569939879759519,7.594522229224031
Bearing3_2,1423,0.5703406813627254,7.608062971158648
Bearing3_2,1424,0.5707414829659319,7.628835306063392
Bearing3_2,1425,0.5711422845691383,7.645610030506522
Bearing3_2,1426,0.5715430861723447,7.628216890169057
Bearing3_2,1427,0.571943887775551,7.616324546962962
Bearing3_2,1428,0.5723446893787575,7.484242149928614
Bearing3_2,1429,0.5727454909819639,7.465022641365799
Bearing3_2,1430,0.5731462925851704,7.428645942270938
Bearing3_2,1431,0.5735470941883768,7.40246377249497
Bearing3_2,1432,0.5739478957915831,7.338667717380839
Bearing3_2,1433,0.5743486973947896,7.314814040840662
Bearing3_2,1434,0.574749498997996,7.40380642196512
Bearing3_2,1435,0.5751503006012024,7.394115528201084
Bearing3_2,1436,0.5755511022044089,7.343104971960402
Bearing3_2,1437,0.5759519038076152,7.356505328818102
Bearing3_2,1438,0.5763527054108216,7.517907746192327
Bearing3_2,1439,0.576753507014028,7.583907238642739
Bearing3_2,1440,0.5771543086172345,7.648170568451439
Bearing3_2,1441,0.5775551102204409,7.684875799932871
Bearing3_2,1442,0.5779559118236473,7.798305172942634
Bearing3_2,1443,0.5783567134268537,7.877950166890676
Bearing3_2,1444,0.5787575150300601,7.772235233032243
Bearing3_2,1445,0.5791583166332666,7.8037624578992295
Bearing3_2,1446,0.579559118236473,7.857880612519095
Bearing3_2,1447,0.5799599198396793,7.9417888292919745
Bearing3_2,1448,0.5803607214428858,7.962033600327632
Bearing3_2,1449,0.5807615230460922,8.017530056157797
Bearing3_2,1450,0.5811623246492986,8.066040756773516
Bearing3_2,1451,0.5815631262525051,8.071773743068967
Bearing3_2,1452,0.5819639278557114,8.02235203450525
Bearing3_2,1453,0.5823647294589178,8.045382611844117
Bearing3_2,1454,0.5827655310621243,8.095294448354666
Bearing3_2,1455,0.5831663326653307,8.113079831644868
Bearing3_2,1456,0.5835671342685371,8.169618196381462
Bearing3_2,1457,0.5839679358717434,8.052574649421606
Bearing3_2,1458,0.5843687374749499,7.927267579448274
Bearing3_2,1459,0.5847695390781563,7.785972891900725
Bearing3_2,1460,0.5851703406813628,7.708683518662603
Bearing3_2,1461,0.5855711422845692,7.66393052726634
Bearing3_2,1462,0.5859719438877755,7.694958685665972
Bearing3_2,1463,0.586372745490982,7.562627893168857
Bearing3_2,1464,0.5867735470941884,7.569162014473028
Bearing3_2,1465,0.5871743486973948,7.5608012972006575
Bearing3_2,1466,0.5875751503006013,7.487515997283462
Bearing3_2,1467,0.5879759519038076,7.533499671335884
Bearing3_2,1468,0.588376753507014,7.5438895944910795
Bearing3_2,1469,0.5887775551102205,7.635362501714117
Bearing3_2,1470,0.5891783567134269,7.672841825005641
Bearing3_2,1471,0.5895791583166332,7.719717275579905
Bearing3_2,1472,0.5899799599198396,7.68469741603712
Bearing3_2,1473,0.5903807615230461,7.809757281142896
Bearing3_2,1474,0.5907815631262525,7.749272362921381
Bearing3_2,1475,0.591182364729459,7.748180785486737
Bearing3_2,1476,0.5915831663326653,7.761540902991472
Bearing3_2,1477,0.5919839679358717,7.787044070096693
Bearing3_2,1478,0.5923847695390781,7.857690919614791
Bearing3_2,1479,0.5927855711422846,7.890866500176065
Bearing3_2,1480,0.593186372745491,7.9388229723682
Bearing3_2,1481,0.5935871743486973,7.947763286536883
Bearing3_2,1482,0.5939879759519038,8.104541833432423
Bearing3_2,1483,0.5943887775551102,8.057331977288005
Bearing3_2,1484,0.5947895791583167,8.094932695577647
Bearing3_2,1485,0.5951903807615231,8.100993111623033
Bearing3_2,1486,0.5955911823647294,8.133272501229177
Bearing3_2,1487,0.5959919839679358,8.040031287739518
Bearing3_2,1488,0.5963927855711423,7.9463158153657005
Bearing3_2,1489,0.5967935871743487,7.780298069703171
Bearing3_2,1490,0.5971943887775552,7.617262715764511
Bearing3_2,1491,0.5975951903807615,7.5212267714488785
Bearing3_2,1492,0.5979959919839679,7.336419332125585
Bearing3_2,1493,0.5983967935871743,7.293897991292037
Bearing3_2,1494,0.5987975951903808,7.273530714622869
Bearing3_2,1495,0.5991983967935872,7.196619740109154
Bearing3_2,1496,0.5995991983967935,7.176371292187208
Bearing3_2,1497,0.6,7.239999329788755
Bearing3_2,1498,0.6004008016032064,7.318529775103651
Bearing3_2,1499,0.6008016032064128,7.431864712415049
Bearing3_2,1500,0.6012024048096193,7.548050638015473
Bearing3_2,1501,0.6016032064128256,7.597669308683825
Bearing3_2,1502,0.602004008016032,7.659847819665994
Bearing3_2,1503,0.6024048096192385,7.655352243766235
Bearing3_2,1504,0.6028056112224449,7.660676673322511
Bearing3_2,1505,0.6032064128256514,7.738395617022414
Bearing3_2,1506,0.6036072144288577,7.646348522837985
Bearing3_2,1507,0.6040080160320641,7.6273224971429725
Bearing3_2,1508,0.6044088176352705,7.867540957606769
Bearing3_2,1509,0.604809619238477,7.866242773631993
Bearing3_2,1510,0.6052104208416834,7.8298467006432855
Bearing3_2,1511,0.6056112224448897,7.8296953492797625
Bearing3_2,1512,0.6060120240480962,7.857865606709842
Bearing3_2,1513,0.6064128256513026,7.8884893849441955
Bearing3_2,1514,0.606813627254509,7.885360129230547
Bearing3_2,1515,0.6072144288577155,7.884889609694662
Bearing3_2,1516,0.6076152304609218,7.993734268420591
Bearing3_2,1517,0.6080160320641282,8.083299778608007
Bearing3_2,1518,0.6084168336673347,7.931610767561321
Bearing3_2,1519,0.6088176352705411,7.990180424257036
Bearing3_2,1520,0.6092184368737475,8.018895182369247
Bearing3_2,1521,0.6096192384769539,8.074987077229704
Bearing3_2,1522,0.6100200400801603,8.038166990350337
Bearing3_2,1523,0.6104208416833667,7.976788420748418
Bearing3_2,1524,0.6108216432865732,7.86463695091548
Bearing3_2,1525,0.6112224448897795,7.996150478842386
Bearing3_2,1526,0.6116232464929859,7.892462119540285
Bearing3_2,1527,0.6120240480961924,7.801672217975789
Bearing3_2,1528,0.6124248496993988,7.682289009947773
Bearing3_2,1529,0.6128256513026052,7.60807061320944
Bearing3_2,1530,0.6132264529058116,7.581737833772232
Bearing3_2,1531,0.613627254509018,7.600940259076387
Bearing3_2,1532,0.6140280561122244,7.701998188022003
Bearing3_2,1533,0.6144288577154309,7.8581430209012
Bearing3_2,1534,0.6148296593186373,8.115650420637511
Bearing3_2,1535,0.6152304609218436,8.031611357569705
Bearing3_2,1536,0.6156312625250501,8.16192717668557
Bearing3_2,1537,0.6160320641282565,8.246323384082192
Bearing3_2,1538,0.6164328657314629,8.36424898150553
Bearing3_2,1539,0.6168336673346694,8.463143640833692
Bearing3_2,1540,0.6172344689378757,8.561922077405866
Bearing3_2,1541,0.6176352705410821,8.67441648824578
Bearing3_2,1542,0.6180360721442886,8.69999673362022
Bearing3_2,1543,0.618436873747495,8.734338885785911
Bearing3_2,1544,0.6188376753507014,8.574872252450811
Bearing3_2,1545,0.6192384769539078,8.525481568263407
Bearing3_2,1546,0.6196392785571142,8.489719618152082
Bearing3_2,1547,0.6200400801603206,8.390162549149961
Bearing3_2,1548,0.6204408817635271,8.377635821864017
Bearing3_2,1549,0.6208416833667335,8.25289155181367
Bearing3_2,1550,0.6212424849699398,7.984828590491231
Bearing3_2,1551,0.6216432865731463,7.741319539160169
Bearing3_2,1552,0.6220440881763527,7.5695188566498945
Bearing3_2,1553,0.6224448897795591,7.374984608646107
Bearing3_2,1554,0.6228456913827656,7.356975996708772
Bearing3_2,1555,0.6232464929859719,7.335656557906674
Bearing3_2,1556,0.6236472945891783,7.2330310982470225
Bearing3_2,1557,0.6240480961923848,7.223715219654838
Bearing3_2,1558,0.6244488977955912,7.259286349377646
Bearing3_2,1559,0.6248496993987976,7.248868893982168
Bearing3_2,1560,0.625250501002004,7.421957050788696
Bearing3_2,1561,0.6256513026052104,7.486151093231861
Bearing3_2,1562,0.6260521042084168,7.607709075620133
Bearing3_2,1563,0.6264529058116233,7.690183457504707
Bearing3_2,1564,0.6268537074148297,7.787838463982569
Bearing3_2,1565,0.627254509018036,7.759143791141893
Bearing3_2,1566,0.6276553106212425,7.79399897751752
Bearing3_2,1567,0.6280561122244489,7.884051747375554
Bearing3_2,1568,0.6284569138276553,7.778910954741197
Bearing3_2,1569,0.6288577154308618,7.824267277904887
Bearing3_2,1570,0.6292585170340681,7.822577149677516
Bearing3_2,1571,0.6296593186372745,7.803366858855881
Bearing3_2,1572,0.630060120240481,7.815356729140729
Bearing3_2,1573,0.6304609218436874,7.807990550343179
Bearing3_2,1574,0.6308617234468938,7.764218654302946
Bearing3_2,1575,0.6312625250501002,7.816869042778956
Bearing3_2,1576,0.6316633266533066,7.852159948241635
Bearing3_2,1577,0.632064128256513,7.844213048909765
Bearing3_2,1578,0.6324649298597195,7.831768956869
Bearing3_2,1579,0.6328657314629259,7.861862022709805
Bearing3_2,1580,0.6332665330661322,7.948652977860567
Bearing3_2,1581,0.6336673346693387,8.077848891985914
Bearing3_2,1582,0.6340681362725451,8.091514680356417
Bearing3_2,1583,0.6344689378757515,8.120536511688998
Bearing3_2,1584,0.6348697394789579,8.147006054597806
Bearing3_2,1585,0.6352705410821643,8.046109650447876
Bearing3_2,1586,0.6356713426853707,7.968278497271095
Bearing3_2,1587,0.6360721442885772,7.875175489533229
Bearing3_2,1588,0.6364729458917836,7.948920192123998
Bearing3_2,1589,0.6368737474949899,7.874581718513221
Bearing3_2,1590,0.6372745490981964,7.868241147672881
Bearing3_2,1591,0.6376753507014028,7.951583701278369
Bearing3_2,1592,0.6380761523046092,7.816556200277136
Bearing3_2,1593,0.6384769539078157,7.740612952708091
Bearing3_2,1594,0.638877755511022,7.626983082059349
Bearing3_2,1595,0.6392785571142284,7.6571129788485255
Bearing3_2,1596,0.6396793587174349,7.716404517752551
Bearing3_2,1597,0.6400801603206413,7.786486394625976
Bearing3_2,1598,0.6404809619238477,7.773761998988547
Bearing3_2,1599,0.6408817635270541,7.920199457131939
Bearing3_2,1600,0.6412825651302605,7.937456822453136
Bearing3_2,1601,0.6416833667334669,7.806600989626962
Bearing3_2,1602,0.6420841683366734,7.895911023849867
Bearing3_2,1603,0.6424849699398798,8.026324585377903
Bearing3_2,1604,0.6428857715430861,8.116698469161916
Bearing3_2,1605,0.6432865731462926,8.214201839141115
Bearing3_2,1606,0.643687374749499,8.182340137396492
Bearing3_2,1607,0.6440881763527054,8.117509688977012
Bearing3_2,1608,0.6444889779559119,7.995600379219271
Bearing3_2,1609,0.6448897795591182,7.904129069044809
Bearing3_2,1610,0.6452905811623246,7.84092483596732
Bearing3_2,1611,0.6456913827655311,7.84915353376004
Bearing3_2,1612,0.6460921843687375,7.827234491468211
Bearing3_2,1613,0.6464929859719439,7.759012807697241
Bearing3_2,1614,0.6468937875751503,7.811536639830305
Bearing3_2,1615,0.6472945891783567,7.866892003557896
Bearing3_2,1616,0.6476953907815631,7.989351652879284
Bearing3_2,1617,0.6480961923847696,8.081245584224565
Bearing3_2,1618,0.648496993987976,8.226300897695541
Bearing3_2,1619,0.6488977955911823,8.258018210366227
Bearing3_2,1620,0.6492985971943888,8.298604623404369
Bearing3_2,1621,0.6496993987975952,8.263503524490613
Bearing3_2,1622,0.6501002004008016,8.175454299820224
Bearing3_2,1623,0.6505010020040081,8.015792794476022
Bearing3_2,1624,0.6509018036072144,7.873783893108549
Bearing3_2,1625,0.6513026052104208,7.696095175730548
Bearing3_2,1626,0.6517034068136273,7.591497929977317
Bearing3_2,1627,0.6521042084168337,7.579805229234434
Bearing3_2,1628,0.6525050100200401,7.529787247994937
Bearing3_2,1629,0.6529058116232465,7.519919455573762
Bearing3_2,1630,0.6533066132264529,7.492982164326269
Bearing3_2,1631,0.6537074148296593,7.515386268766056
Bearing3_2,1632,0.6541082164328658,7.569438767514425
Bearing3_2,1633,0.6545090180360722,7.692548402699137
Bearing3_2,1634,0.6549098196392785,7.78176596690877
Bearing3_2,1635,0.655310621242485,7.852790286484378
Bearing3_2,1636,0.6557114228456914,7.837304841537443
Bearing3_2,1637,0.6561122244488978,7.8252249906327735
Bearing3_2,1638,0.6565130260521042,7.822270383122205
Bearing3_2,1639,0.6569138276553106,7.826148809318741
Bearing3_2,1640,0.657314629258517,7.872437161755151
Bearing3_2,1641,0.6577154308617235,7.9041784277563405
Bearing3_2,1642,0.6581162324649299,7.960088635245325
Bearing3_2,1643,0.6585170340681362,8.038749238115761
Bearing3_2,1644,0.6589178356713427,8.0084570209878
Bearing3_2,1645,0.6593186372745491,8.02514579860953
Bearing3_2,1646,0.6597194388777555,8.108430363432683
Bearing3_2,1647,0.660120240480962,8.056942992649367
Bearing3_2,1648,0.6605210420841683,8.003043561420366
Bearing3_2,1649,0.6609218436873747,7.984080836773861
Bearing3_2,1650,0.6613226452905812,7.887466970121345
Bearing3_2,1651,0.6617234468937876,7.788225227037924
Bearing3_2,1652,0.662124248496994,7.753516901917959
Bearing3_2,1653,0.6625250501002004,7.67644579506347
Bearing3_2,1654,0.6629258517034068,7.662924451377156
Bearing3_2,1655,0.6633266533066132,7.694608325362244
Bearing3_2,1656,0.6637274549098197,7.675225310159314
Bearing3_2,1657,0.6641282565130261,7.74574749612291
Bearing3_2,1658,0.6645290581162324,7.788520886474734
Bearing3_2,1659,0.6649298597194389,7.73921390705718
Bearing3_2,1660,0.6653306613226453,7.7690728188029325
Bearing3_2,1661,0.6657314629258517,7.807632602998696
Bearing3_2,1662,0.6661322645290582,7.806288551057845
Bearing3_2,1663,0.6665330661322645,7.859935608892288
Bearing3_2,1664,0.6669338677354709,7.886105381610774
Bearing3_2,1665,0.6673346693386774,7.8522151467198595
Bearing3_2,1666,0.6677354709418838,7.8653775489563555
Bearing3_2,1667,0.6681362725450902,7.876179862908214
Bearing3_2,1668,0.6685370741482966,7.893060073237334
Bearing3_2,1669,0.668937875751503,7.946743394322297
Bearing3_2,1670,0.6693386773547094,7.962797617538269
Bearing3_2,1671,0.6697394789579159,7.965931219000647
Bearing3_2,1672,0.6701402805611223,7.999257305951957
Bearing3_2,1673,0.6705410821643286,8.037891892345037
Bearing3_2,1674,0.670941883767535,8.068702919858984
Bearing3_2,1675,0.6713426853707415,8.054049773652766
Bearing3_2,1676,0.6717434869739479,8.114313657278633
Bearing3_2,1677,0.6721442885771544,8.166969734919908
Bearing3_2,1678,0.6725450901803607,8.23294145142651
Bearing3_2,1679,0.6729458917835671,8.323055987873158
Bearing3_2,1680,0.6733466933867736,8.387470752943049
Bearing3_2,1681,0.67374749498998,8.349960934889163
Bearing3_2,1682,0.6741482965931864,8.316649576831413
Bearing3_2,1683,0.6745490981963927,8.326426103153958
Bearing3_2,1684,0.6749498997995992,8.31122902996123
Bearing3_2,1685,0.6753507014028056,8.343094807321727
Bearing3_2,1686,0.675751503006012,8.29134145444938
Bearing3_2,1687,0.6761523046092185,8.308331037636737
Bearing3_2,1688,0.6765531062124248,8.272212921594821
Bearing3_2,1689,0.6769539078156313,8.165058307449032
Bearing3_2,1690,0.6773547094188377,8.00618066235781
Bearing3_2,1691,0.6777555110220441,7.4346862833932335
Bearing3_2,1692,0.6781563126252504,6.9633533781659676
Bearing3_2,1693,0.6785571142284569,6.8776416611848346
Bearing3_2,1694,0.6789579158316633,6.894808843505674
Bearing3_2,1695,0.6793587174348698,6.949857965184735
Bearing3_2,1696,0.6797595190380762,7.027956859526865
Bearing3_2,1697,0.6801603206412825,7.00907823577788
Bearing3_2,1698,0.680561122244489,6.989511495541807
Bearing3_2,1699,0.6809619238476954,7.044029116709919
Bearing3_2,1700,0.6813627254509018,7.130494728703177
Bearing3_2,1701,0.6817635270541083,7.808546113908015
Bearing3_2,1702,0.6821643286573146,8.289952749489775
Bearing3_2,1703,0.682565130260521,8.314262700393785
Bearing3_2,1704,0.6829659318637274,8.296018365150426
Bearing3_2,1705,0.6833667334669339,8.18500362833878
Bearing3_2,1706,0.6837675350701403,7.971474489872039
Bearing3_2,1707,0.6841683366733466,7.834922971556208
Bearing3_2,1708,0.6845691382765531,7.7831947086662465
Bearing3_2,1709,0.6849699398797595,7.704893793355689
Bearing3_2,1710,0.685370741482966,7.662013231596399
Bearing3_2,1711,0.6857715430861724,7.535340910100172
Bearing3_2,1712,0.6861723446893787,7.57204601573474
Bearing3_2,1713,0.6865731462925851,7.634129017830301
Bearing3_2,1714,0.6869739478957916,7.654354864335231
Bearing3_2,1715,0.687374749498998,7.738610191076498
Bearing3_2,1716,0.6877755511022045,7.880538168455791
Bearing3_2,1717,0.6881763527054108,7.947574215491088
Bearing3_2,1718,0.6885771543086172,7.922513779480015
Bearing3_2,1719,0.6889779559118236,8.183889985872625
Bearing3_2,1720,0.6893787575150301,8.140287091767851
Bearing3_2,1721,0.6897795591182365,8.466374119092267
Bearing3_2,1722,0.6901803607214428,8.32581085916824
Bearing3_2,1723,0.6905811623246493,8.18792913368485
Bearing3_2,1724,0.6909819639278557,8.14483392504227
Bearing3_2,1725,0.6913827655310621,8.142631967085347
Bearing3_2,1726,0.6917835671342686,8.118276497883853
Bearing3_2,1727,0.6921843687374749,8.114663407929076
Bearing3_2,1728,0.6925851703406813,8.12438370996529
Bearing3_2,1729,0.6929859719438878,7.902510123428873
Bearing3_2,1730,0.6933867735470942,7.95313144551546
Bearing3_2,1731,0.6937875751503007,7.720858062677851
Bearing3_2,1732,0.694188376753507,7.839594683098563
Bearing3_2,1733,0.6945891783567134,7.935517255978079
Bearing3_2,1734,0.6949899799599198,7.9850573304664945
Bearing3_2,1735,0.6953907815631263,7.956556304844794
Bearing3_2,1736,0.6957915831663327,8.020501302565576
Bearing3_2,1737,0.696192384769539,7.969690838235349
Bearing3_2,1738,0.6965931863727455,8.252657520565084
Bearing3_2,1739,0.6969939879759519,8.244750535243078
Bearing3_2,1740,0.6973947895791583,8.518218626451459
Bearing3_2,1741,0.6977955911823648,8.440838355754538
Bearing3_2,1742,0.6981963927855711,8.417925633014905
Bearing3_2,1743,0.6985971943887775,8.358580458194563
Bearing3_2,1744,0.698997995991984,8.461241170803794
Bearing3_2,1745,0.6993987975951904,8.41375007879426
Bearing3_2,1746,0.6997995991983968,8.325327856835013
Bearing3_2,1747,0.7002004008016032,8.43718021722322
Bearing3_2,1748,0.7006012024048096,8.122604472372478
Bearing3_2,1749,0.701002004008016,8.141439325375458
Bearing3_2,1750,0.7014028056112225,7.913781570746613
Bearing3_2,1751,0.7018036072144288,8.035008125806007
Bearing3_2,1752,0.7022044088176352,8.061480609576321
Bearing3_2,1753,0.7026052104208417,8.101132867672971
Bearing3_2,1754,0.7030060120240481,8.086630861684778
Bearing3_2,1755,0.7034068136272545,8.135585234445816
Bearing3_2,1756,0.7038076152304609,8.195026375656708
Bearing3_2,1757,0.7042084168336673,8.203281609061506
Bearing3_2,1758,0.7046092184368737,8.325068333074148
Bearing3_2,1759,0.7050100200400802,8.37041753749539
Bearing3_2,1760,0.7054108216432866,8.367003020218373
Bearing3_2,1761,0.7058116232464929,8.25639073719238
Bearing3_2,1762,0.7062124248496994,8.220155393357429
Bearing3_2,1763,0.7066132264529058,8.218946759884155
Bearing3_2,1764,0.7070140280561122,8.107077889581308
Bearing3_2,1765,0.7074148296593187,8.122838710766246
Bearing3_2,1766,0.707815631262525,8.115847246377475
Bearing3_2,1767,0.7082164328657314,8.029371907304364
Bearing3_2,1768,0.7086172344689379,7.994888682321237
Bearing3_2,1769,0.7090180360721443,7.958620403939415
Bearing3_2,1770,0.7094188376753507,7.942111588785029
Bearing3_2,1771,0.7098196392785571,7.9835384836289025
Bearing3_2,1772,0.7102204408817635,8.225106965777858
Bearing3_2,1773,0.7106212424849699,8.198572376698447
Bearing3_2,1774,0.7110220440881764,8.24931870211159
Bearing3_2,1775,0.7114228456913828,8.207201558226757
Bearing3_2,1776,0.7118236472945891,8.219991441762994
Bearing3_2,1777,0.7122244488977956,8.304771213474314
Bearing3_2,1778,0.712625250501002,8.30733578651983
Bearing3_2,1779,0.7130260521042084,8.389163198141635
Bearing3_2,1780,0.7134268537074149,8.472949132900057
Bearing3_2,1781,0.7138276553106212,8.556977092734476
Bearing3_2,1782,0.7142284569138276,8.363374587120441
Bearing3_2,1783,0.7146292585170341,8.3153265966932
Bearing3_2,1784,0.7150300601202405,8.229095434270643
Bearing3_2,1785,0.7154308617234469,8.179777354439203
Bearing3_2,1786,0.7158316633266533,8.145831427182234
Bearing3_2,1787,0.7162324649298597,8.172281170025023
Bearing3_2,1788,0.7166332665330661,8.22804399846097
Bearing3_2,1789,0.7170340681362726,8.147478290367443
Bearing3_2,1790,0.717434869739479,8.061267642520907
Bearing3_2,1791,0.7178356713426853,7.985573561645788
Bearing3_2,1792,0.7182364729458918,7.907991859742536
Bearing3_2,1793,0.7186372745490982,8.076871085924514
Bearing3_2,1794,0.7190380761523046,8.1233995057295
Bearing3_2,1795,0.7194388777555111,8.210514908101908
Bearing3_2,1796,0.7198396793587174,8.282011588814187
Bearing3_2,1797,0.7202404809619238,8.254714230274303
Bearing3_2,1798,0.7206412825651303,8.294206155977655
Bearing3_2,1799,0.7210420841683367,8.329472552024964
Bearing3_2,1800,0.7214428857715431,8.407166432040283
Bearing3_2,1801,0.7218436873747495,8.46419064523016
Bearing3_2,1802,0.7222444889779559,8.555400064638516
Bearing3_2,1803,0.7226452905811623,8.518863058966886
Bearing3_2,1804,0.7230460921843688,8.559188484801359
Bearing3_2,1805,0.7234468937875751,8.589422509309275
Bearing3_2,1806,0.7238476953907815,8.55261459288576
Bearing3_2,1807,0.724248496993988,8.50552184327761
Bearing3_2,1808,0.7246492985971944,8.409481513666975
Bearing3_2,1809,0.7250501002004008,8.41416251431883
Bearing3_2,1810,0.7254509018036072,8.402162043490298
Bearing3_2,1811,0.7258517034068136,8.364934452531495
Bearing3_2,1812,0.72625250501002,8.379032751923813
Bearing3_2,1813,0.7266533066132265,8.390972292543323
Bearing3_2,1814,0.7270541082164329,8.380937423796949
Bearing3_2,1815,0.7274549098196392,8.376758498102884
Bearing3_2,1816,0.7278557114228457,8.378049326031773
Bearing3_2,1817,0.7282565130260521,8.40823857237758
Bearing3_2,1818,0.7286573146292585,8.464090199126968
Bearing3_2,1819,0.729058116232465,8.456647464014463
Bearing3_2,1820,0.7294589178356713,8.413490308496979
Bearing3_2,1821,0.7298597194388777,8.424092694829955
Bearing3_2,1822,0.7302605210420842,8.414300042359594
Bearing3_2,1823,0.7306613226452906,8.387777269507776
Bearing3_2,1824,0.731062124248497,8.39186046479778
Bearing3_2,1825,0.7314629258517034,8.380492029679873
Bearing3_2,1826,0.7318637274549098,8.40978742382531
Bearing3_2,1827,0.7322645290581162,8.424565072584063
Bearing3_2,1828,0.7326653306613227,8.383215654731845
Bearing3_2,1829,0.7330661322645291,8.38788979777513
Bearing3_2,1830,0.7334669338677354,8.406187284791153
Bearing3_2,1831,0.7338677354709419,8.36519436387593
Bearing3_2,1832,0.7342685370741483,8.34536905444915
Bearing3_2,1833,0.7346693386773547,8.323972589899025
Bearing3_2,1834,0.7350701402805612,8.30799429046592
Bearing3_2,1835,0.7354709418837675,8.301786604180025
Bearing3_2,1836,0.7358717434869739,8.267220937004852
Bearing3_2,1837,0.7362725450901804,8.256525341837701
Bearing3_2,1838,0.7366733466933868,8.272009019631614
Bearing3_2,1839,0.7370741482965932,8.25454756374763
Bearing3_2,1840,0.7374749498997996,8.088423090453261
Bearing3_2,1841,0.737875751503006,7.949628528796469
Bearing3_2,1842,0.7382765531062124,7.953800440527888
Bearing3_2,1843,0.7386773547094189,7.994861290741608
Bearing3_2,1844,0.7390781563126253,7.96586414693436
Bearing3_2,1845,0.7394789579158316,8.039349573371435
Bearing3_2,1846,0.7398797595190381,8.05522278253061
Bearing3_2,1847,0.7402805611222445,8.081137372512766
Bearing3_2,1848,0.7406813627254509,8.137569285593775
Bearing3_2,1849,0.7410821643286574,8.101208612284118
Bearing3_2,1850,0.7414829659318637,8.296658497010474
Bearing3_2,1851,0.7418837675350701,8.46819689778303
Bearing3_2,1852,0.7422845691382766,8.408534707923781
Bearing3_2,1853,0.742685370741483,8.335395735914869
Bearing3_2,1854,0.7430861723446894,8.35844669643576
Bearing3_2,1855,0.7434869739478958,8.246070993573941
Bearing3_2,1856,0.7438877755511022,8.269030816986303
Bearing3_2,1857,0.7442885771543086,8.261076780558827
Bearing3_2,1858,0.7446893787575151,8.159587314590238
Bearing3_2,1859,0.7450901803607214,8.167695993435965
Bearing3_2,1860,0.7454909819639278,8.221718833946667
Bearing3_2,1861,0.7458917835671343,8.24219058004207
Bearing3_2,1862,0.7462925851703407,8.337839184526183
Bearing3_2,1863,0.7466933867735471,8.416574535069447
Bearing3_2,1864,0.7470941883767535,8.44300872287145
Bearing3_2,1865,0.7474949899799599,8.532155616978017
Bearing3_2,1866,0.7478957915831663,8.560046166389672
Bearing3_2,1867,0.7482965931863728,8.549521088267694
Bearing3_2,1868,0.7486973947895792,8.631203318129105
Bearing3_2,1869,0.7490981963927855,8.655531083606457
Bearing3_2,1870,0.749498997995992,8.571092866702658
Bearing3_2,1871,0.7498997995991984,8.587979794907717
Bearing3_2,1872,0.7503006012024048,8.494162753093358
Bearing3_2,1873,0.7507014028056113,8.464980513820523
Bearing3_2,1874,0.7511022044088176,8.437219453864431
Bearing3_2,1875,0.751503006012024,8.430218298254452
Bearing3_2,1876,0.7519038076152305,8.352794215875026
Bearing3_2,1877,0.7523046092184369,8.335265012168023
Bearing3_2,1878,0.7527054108216433,8.280933018569158
Bearing3_2,1879,0.7531062124248497,8.293293970474954
Bearing3_2,1880,0.7535070140280561,8.245230118279276
Bearing3_2,1881,0.7539078156312625,8.217573983159594
Bearing3_2,1882,0.754308617234469,8.238511424642585
Bearing3_2,1883,0.7547094188376754,8.223941069389607
Bearing3_2,1884,0.7551102204408817,8.293509234376696
Bearing3_2,1885,0.7555110220440882,8.217293060053267
Bearing3_2,1886,0.7559118236472946,8.172005278775755
Bearing3_2,1887,0.756312625250501,8.083118171094585
Bearing3_2,1888,0.7567134268537075,8.096198250372115
Bearing3_2,1889,0.7571142284569138,8.127292948769833
Bearing3_2,1890,0.7575150300601202,8.197513369466796
Bearing3_2,1891,0.7579158316633267,8.236497913796399
Bearing3_2,1892,0.7583166332665331,8.275542391054307
Bearing3_2,1893,0.7587174348697395,8.310000615662315
Bearing3_2,1894,0.7591182364729459,8.2617441334476
Bearing3_2,1895,0.7595190380761523,8.311402708542087
Bearing3_2,1896,0.7599198396793587,8.369841919958215
Bearing3_2,1897,0.7603206412825652,8.487558191404428
Bearing3_2,1898,0.7607214428857716,8.570912401895638
Bearing3_2,1899,0.7611222444889779,8.541245546872569
Bearing3_2,1900,0.7615230460921844,8.55920128283573
Bearing3_2,1901,0.7619238476953908,8.534407188569372
Bearing3_2,1902,0.7623246492985972,8.548303766542928
Bearing3_2,1903,0.7627254509018037,8.5249271106115
Bearing3_2,1904,0.76312625250501,8.596470028829462
Bearing3_2,1905,0.7635270541082164,8.571555567111812
Bearing3_2,1906,0.7639278557114229,8.571639042321785
Bearing3_2,1907,0.7643286573146293,8.590577538470868
Bearing3_2,1908,0.7647294589178357,8.43487133155179
Bearing3_2,1909,0.765130260521042,8.440885159642237
Bearing3_2,1910,0.7655310621242485,8.399860460626227
Bearing3_2,1911,0.7659318637274549,8.434271904725728
Bearing3_2,1912,0.7663326653306614,8.425602523793865
Bearing3_2,1913,0.7667334669338677,8.417211495667711
Bearing3_2,1914,0.7671342685370741,8.402366830560434
Bearing3_2,1915,0.7675350701402806,8.454487573501595
Bearing3_2,1916,0.767935871743487,8.464111624895523
Bearing3_2,1917,0.7683366733466934,8.441735549290732
Bearing3_2,1918,0.7687374749498997,8.569542820094078
Bearing3_2,1919,0.7691382765531062,8.604328319952726
Bearing3_2,1920,0.7695390781563126,8.647806239346076
Bearing3_2,1921,0.769939879759519,8.582700728869657
Bearing3_2,1922,0.7703406813627255,8.586863896732291
Bearing3_2,1923,0.7707414829659318,8.600241649032258
Bearing3_2,1924,0.7711422845691382,8.583214771034072
Bearing3_2,1925,0.7715430861723447,8.601754307712039
Bearing3_2,1926,0.7719438877755511,8.596952624341947
Bearing3_2,1927,0.7723446893787576,8.580241135132423
Bearing3_2,1928,0.7727454909819639,8.558966500638135
Bearing3_2,1929,0.7731462925851703,8.52440172803541
Bearing3_2,1930,0.7735470941883767,8.551517396689722
Bearing3_2,1931,0.7739478957915832,8.513253339352104
Bearing3_2,1932,0.7743486973947896,8.518291959199107
Bearing3_2,1933,0.774749498997996,8.567274030347455
Bearing3_2,1934,0.7751503006012024,8.536764794476927
Bearing3_2,1935,0.7755511022044088,8.365978657091764
Bearing3_2,1936,0.7759519038076153,8.25986115586136
Bearing3_2,1937,0.7763527054108217,8.209196521297388
Bearing3_2,1938,0.776753507014028,8.2144141504813
Bearing3_2,1939,0.7771543086172344,8.23116453008879
Bearing3_2,1940,0.7775551102204409,8.22352912544497
Bearing3_2,1941,0.7779559118236473,8.310740686999209
Bearing3_2,1942,0.7783567134268538,8.318098602551972
Bearing3_2,1943,0.7787575150300601,8.28286935450131
Bearing3_2,1944,0.7791583166332665,8.266540464630035
Bearing3_2,1945,0.779559118236473,8.371666782587342
Bearing3_2,1946,0.7799599198396794,8.483518087723287
Bearing3_2,1947,0.7803607214428858,8.579134067541583
Bearing3_2,1948,0.7807615230460921,8.584658030543679
Bearing3_2,1949,0.7811623246492986,8.5660060332535
Bearing3_2,1950,0.781563126252505,8.528588245973783
Bearing3_2,1951,0.7819639278557114,8.513695094631442
Bearing3_2,1952,0.7823647294589179,8.520290909001968
Bearing3_2,1953,0.7827655310621242,8.537136919081023
Bearing3_2,1954,0.7831663326653306,8.584500112062132
Bearing3_2,1955,0.7835671342685371,8.694396103978823
Bearing3_2,1956,0.7839679358717435,8.666977085664524
Bearing3_2,1957,0.78436873747495,8.624635304647365
Bearing3_2,1958,0.7847695390781563,8.658784946045541
Bearing3_2,1959,0.7851703406813627,8.638475987128363
Bearing3_2,1960,0.7855711422845691,8.652680730840954
Bearing3_2,1961,0.7859719438877756,8.715721920887464
Bearing3_2,1962,0.786372745490982,8.723540456742734
Bearing3_2,1963,0.7867735470941883,8.751978131218426
Bearing3_2,1964,0.7871743486973948,8.80582044969896
Bearing3_2,1965,0.7875751503006012,8.784426330961496
Bearing3_2,1966,0.7879759519038076,8.930888869711229
Bearing3_2,1967,0.7883767535070141,9.026698210461799
Bearing3_2,1968,0.7887775551102204,9.074297073736826
Bearing3_2,1969,0.7891783567134268,9.180539117664594
Bearing3_2,1970,0.7895791583166333,9.182859077847201
Bearing3_2,1971,0.7899799599198397,9.17981297670938
Bearing3_2,1972,0.790380761523046,9.198998039014452
Bearing3_2,1973,0.7907815631262525,9.128953124875746
Bearing3_2,1974,0.7911823647294589,9.098554602683247
Bearing3_2,1975,0.7915831663326653,9.066519719191442
Bearing3_2,1976,0.7919839679358718,8.933398503108746
Bearing3_2,1977,0.7923847695390781,8.851583655787577
Bearing3_2,1978,0.7927855711422845,8.755906040208439
Bearing3_2,1979,0.793186372745491,8.786303032925385
Bearing3_2,1980,0.7935871743486974,8.787923700412858
Bearing3_2,1981,0.7939879759519038,8.722606007211546
Bearing3_2,1982,0.7943887775551102,8.62323355675344
Bearing3_2,1983,0.7947895791583166,8.629892669487393
Bearing3_2,1984,0.795190380761523,8.536059225911668
Bearing3_2,1985,0.7955911823647295,8.504495970975347
Bearing3_2,1986,0.7959919839679359,8.497608674159995
Bearing3_2,1987,0.7963927855711422,8.595054711241897
Bearing3_2,1988,0.7967935871743487,8.58696103826297
Bearing3_2,1989,0.7971943887775551,8.494764295333596
Bearing3_2,1990,0.7975951903807615,8.505373282620862
Bearing3_2,1991,0.797995991983968,8.552765019571344
Bearing3_2,1992,0.7983967935871743,8.593248119340494
Bearing3_2,1993,0.7987975951903807,8.596728171006749
Bearing3_2,1994,0.7991983967935872,8.63155742823615
Bearing3_2,1995,0.7995991983967936,8.632526607423824
Bearing3_2,1996,0.8,8.69131468619674
Bearing3_2,1997,0.8004008016032064,8.644322301416286
Bearing3_2,1998,0.8008016032064128,8.668936528583112
Bearing3_2,1999,0.8012024048096192,8.674533274068967
Bearing3_2,2000,0.8016032064128257,8.64034745961696
Bearing3_2,2001,0.8020040080160321,8.59396150162004
Bearing3_2,2002,0.8024048096192384,8.555542200355585
Bearing3_2,2003,0.8028056112224449,8.626760832034924
Bearing3_2,2004,0.8032064128256513,8.735388329996482
Bearing3_2,2005,0.8036072144288577,8.771713215538174
Bearing3_2,2006,0.8040080160320642,8.802056493272152
Bearing3_2,2007,0.8044088176352705,8.786764241351925
Bearing3_2,2008,0.8048096192384769,8.79366880693939
Bearing3_2,2009,0.8052104208416834,8.76251581745974
Bearing3_2,2010,0.8056112224448898,8.84860790042941
Bearing3_2,2011,0.8060120240480962,8.906374140710515
Bearing3_2,2012,0.8064128256513026,8.999613883771719
Bearing3_2,2013,0.806813627254509,9.011238216706339
Bearing3_2,2014,0.8072144288577154,8.903474816379504
Bearing3_2,2015,0.8076152304609219,8.88212943759963
Bearing3_2,2016,0.8080160320641283,8.818341114501077
Bearing3_2,2017,0.8084168336673346,8.830944577219805
Bearing3_2,2018,0.8088176352705411,8.757782924180283
Bearing3_2,2019,0.8092184368737475,8.729005806175241
Bearing3_2,2020,0.8096192384769539,8.648406001614877
Bearing3_2,2021,0.8100200400801604,8.570113752395889
Bearing3_2,2022,0.8104208416833667,8.541041860916023
Bearing3_2,2023,0.8108216432865731,8.473279210195653
Bearing3_2,2024,0.8112224448897796,8.517581271127948
Bearing3_2,2025,0.811623246492986,8.501955029071288
Bearing3_2,2026,0.8120240480961923,8.557901012816663
Bearing3_2,2027,0.8124248496993988,8.610571531808057
Bearing3_2,2028,0.8128256513026052,8.72214521113776
Bearing3_2,2029,0.8132264529058116,8.822069028726396
Bearing3_2,2030,0.8136272545090181,8.882643981070455
Bearing3_2,2031,0.8140280561122244,8.964635281239417
Bearing3_2,2032,0.8144288577154308,9.026148041456636
Bearing3_2,2033,0.8148296593186373,9.098546895413474
Bearing3_2,2034,0.8152304609218437,9.15162720408282
Bearing3_2,2035,0.8156312625250501,9.246102315598062
Bearing3_2,2036,0.8160320641282565,9.289382153253946
Bearing3_2,2037,0.8164328657314629,9.285255825533289
Bearing3_2,2038,0.8168336673346693,9.32137587304815
Bearing3_2,2039,0.8172344689378758,9.34781519833239
Bearing3_2,2040,0.8176352705410822,9.40383802625033
Bearing3_2,2041,0.8180360721442885,9.431206312220421
Bearing3_2,2042,0.818436873747495,9.483731261392682
Bearing3_2,2043,0.8188376753507014,9.529875986997457
Bearing3_2,2044,0.8192384769539078,9.5661727123104
Bearing3_2,2045,0.8196392785571143,9.579751795447626
Bearing3_2,2046,0.8200400801603206,9.55630967211157
Bearing3_2,2047,0.820440881763527,9.519208921458336
Bearing3_2,2048,0.8208416833667335,9.520611799179587
Bearing3_2,2049,0.8212424849699399,9.546202182450946
Bearing3_2,2050,0.8216432865731463,9.51666857072892
Bearing3_2,2051,0.8220440881763527,9.536116595018772
Bearing3_2,2052,0.8224448897795591,9.507636554224327
Bearing3_2,2053,0.8228456913827655,9.431580694544449
Bearing3_2,2054,0.823246492985972,9.372060186393231
Bearing3_2,2055,0.8236472945891784,9.50998263120458
Bearing3_2,2056,0.8240480961923847,9.341683587458743
Bearing3_2,2057,0.8244488977955912,9.269248312206036
Bearing3_2,2058,0.8248496993987976,9.218344474020544
Bearing3_2,2059,0.825250501002004,9.158869880806838
Bearing3_2,2060,0.8256513026052105,9.068666378712326
Bearing3_2,2061,0.8260521042084168,8.989847587886638
Bearing3_2,2062,0.8264529058116232,8.982588319008896
Bearing3_2,2063,0.8268537074148297,8.972577670049427
Bearing3_2,2064,0.8272545090180361,8.9897378531245
Bearing3_2,2065,0.8276553106212425,8.909278942583367
Bearing3_2,2066,0.8280561122244489,9.125842281579358
Bearing3_2,2067,0.8284569138276553,9.249655501230759
Bearing3_2,2068,0.8288577154308617,9.396633306127715
Bearing3_2,2069,0.8292585170340682,9.51326016583803
Bearing3_2,2070,0.8296593186372746,9.69237808138367
Bearing3_2,2071,0.8300601202404809,9.808432921442641
Bearing3_2,2072,0.8304609218436874,9.93644995660527
Bearing3_2,2073,0.8308617234468938,10.118902502691887
Bearing3_2,2074,0.8312625250501002,10.198001014143074
Bearing3_2,2075,0.8316633266533067,10.258571822629076
Bearing3_2,2076,0.832064128256513,10.375533514074586
Bearing3_2,2077,0.8324649298597194,10.441798408924004
Bearing3_2,2078,0.8328657314629259,10.359952954910367
Bearing3_2,2079,0.8332665330661323,10.394318854370614
Bearing3_2,2080,0.8336673346693386,10.387852391788357
Bearing3_2,2081,0.8340681362725451,10.369686144381408
Bearing3_2,2082,0.8344689378757515,10.356452910064316
Bearing3_2,2083,0.8348697394789579,10.312318745525335
Bearing3_2,2084,0.8352705410821644,10.275736932584934
Bearing3_2,2085,0.8356713426853707,10.228403353522074
Bearing3_2,2086,0.8360721442885771,10.105220004517571
Bearing3_2,2087,0.8364729458917836,10.072792410855692
Bearing3_2,2088,0.83687374749499,10.114204250991708
Bearing3_2,2089,0.8372745490981964,10.064051242407928
Bearing3_2,2090,0.8376753507014028,10.105569827386558
Bearing3_2,2091,0.8380761523046092,10.148702479949296
Bearing3_2,2092,0.8384769539078156,10.055194716381084
Bearing3_2,2093,0.8388777555110221,10.075533791997803
Bearing3_2,2094,0.8392785571142285,10.092800568307059
Bearing3_2,2095,0.8396793587174348,10.059309990517
Bearing3_2,2096,0.8400801603206413,10.094867440025041
Bearing3_2,2097,0.8404809619238477,10.098872374806216
Bearing3_2,2098,0.8408817635270541,10.124418994271021
Bearing3_2,2099,0.8412825651302606,10.182901412219508
Bearing3_2,2100,0.8416833667334669,10.173413753472385
Bearing3_2,2101,0.8420841683366733,10.165456127903223
Bearing3_2,2102,0.8424849699398798,10.207321843414599
Bearing3_2,2103,0.8428857715430862,10.14923740894337
Bearing3_2,2104,0.8432865731462926,10.196685523479221
Bearing3_2,2105,0.843687374749499,10.214176414246438
Bearing3_2,2106,0.8440881763527054,10.248757901712201
Bearing3_2,2107,0.8444889779559118,10.233058195940723
Bearing3_2,2108,0.8448897795591183,10.228749734191892
Bearing3_2,2109,0.8452905811623247,10.199036237961781
Bearing3_2,2110,0.845691382765531,10.199863539986346
Bearing3_2,2111,0.8460921843687375,10.25553860100676
Bearing3_2,2112,0.8464929859719439,10.2752275974044
Bearing3_2,2113,0.8468937875751503,10.330882915040501
Bearing3_2,2114,0.8472945891783568,10.329281094538272
Bearing3_2,2115,0.8476953907815631,10.359881870823724
Bearing3_2,2116,0.8480961923847695,10.3010692040712
Bearing3_2,2117,0.848496993987976,10.258461402638945
Bearing3_2,2118,0.8488977955911824,10.109965682484285
Bearing3_2,2119,0.8492985971943888,9.941405194787887
Bearing3_2,2120,0.8496993987975952,9.80926836078778
Bearing3_2,2121,0.8501002004008016,9.646148359771654
Bearing3_2,2122,0.850501002004008,9.54635069700441
Bearing3_2,2123,0.8509018036072145,9.375562973636614
Bearing3_2,2124,0.8513026052104209,9.202452870151406
Bearing3_2,2125,0.8517034068136272,9.148610555167117
Bearing3_2,2126,0.8521042084168337,9.10762601061493
Bearing3_2,2127,0.8525050100200401,9.139577141880546
Bearing3_2,2128,0.8529058116232465,9.252489887111421
Bearing3_2,2129,0.853306613226453,9.278135271075598
Bearing3_2,2130,0.8537074148296593,9.28835682677701
Bearing3_2,2131,0.8541082164328657,9.445060045325558
Bearing3_2,2132,0.8545090180360722,9.545516427569385
Bearing3_2,2133,0.8549098196392786,9.673705532680692
Bearing3_2,2134,0.855310621242485,9.852486254691076
Bearing3_2,2135,0.8557114228456913,9.730103187090906
Bearing3_2,2136,0.8561122244488978,9.74389832124493
Bearing3_2,2137,0.8565130260521042,9.73659936481829
Bearing3_2,2138,0.8569138276553107,9.686804916838426
Bearing3_2,2139,0.857314629258517,9.785082682907342
Bearing3_2,2140,0.8577154308617234,9.863178446408824
Bearing3_2,2141,0.8581162324649299,9.879682640152978
Bearing3_2,2142,0.8585170340681363,9.899289754568368
Bearing3_2,2143,0.8589178356713427,9.872768731482212
Bearing3_2,2144,0.859318637274549,9.877526898348222
Bearing3_2,2145,0.8597194388777555,9.956874713249693
Bearing3_2,2146,0.8601202404809619,10.010611680445841
Bearing3_2,2147,0.8605210420841684,10.091805971304913
Bearing3_2,2148,0.8609218436873748,10.118841492303643
Bearing3_2,2149,0.8613226452905811,10.216174751381562
Bearing3_2,2150,0.8617234468937875,10.251628581229372
Bearing3_2,2151,0.862124248496994,10.287333738595482
Bearing3_2,2152,0.8625250501002004,10.212810677794717
Bearing3_2,2153,0.8629258517034069,10.316821107711078
Bearing3_2,2154,0.8633266533066132,10.354589181879263
Bearing3_2,2155,0.8637274549098196,10.483337719077356
Bearing3_2,2156,0.864128256513026,10.495453668921417
Bearing3_2,2157,0.8645290581162325,10.364938103339108
Bearing3_2,2158,0.8649298597194389,10.441113669850443
Bearing3_2,2159,0.8653306613226452,10.455376926331358
Bearing3_2,2160,0.8657314629258517,10.593087472326344
Bearing3_2,2161,0.8661322645290581,10.446840161962424
Bearing3_2,2162,0.8665330661322646,10.320916487224373
Bearing3_2,2163,0.866933867735471,10.065225106810036
Bearing3_2,2164,0.8673346693386773,10.014326253713111
Bearing3_2,2165,0.8677354709418837,10.061358120399353
Bearing3_2,2166,0.8681362725450902,10.165090582735566
Bearing3_2,2167,0.8685370741482966,10.36698165248612
Bearing3_2,2168,0.868937875751503,10.409309488597803
Bearing3_2,2169,0.8693386773547094,10.396519283007775
Bearing3_2,2170,0.8697394789579158,10.271033967825243
Bearing3_2,2171,0.8701402805611222,10.399792352589369
Bearing3_2,2172,0.8705410821643287,10.690957224075964
Bearing3_2,2173,0.8709418837675351,10.998361624382952
Bearing3_2,2174,0.8713426853707414,11.025934905485485
Bearing3_2,2175,0.8717434869739479,11.058718300711886
Bearing3_2,2176,0.8721442885771543,11.006076265680136
Bearing3_2,2177,0.8725450901803607,11.069297903829687
Bearing3_2,2178,0.8729458917835672,11.228566094385688
Bearing3_2,2179,0.8733466933867735,11.380213302562584
Bearing3_2,2180,0.87374749498998,11.388995199630344
Bearing3_2,2181,0.8741482965931864,11.514815340863246
Bearing3_2,2182,0.8745490981963928,11.598228121910665
Bearing3_2,2183,0.8749498997995993,11.587970009302303
Bearing3_2,2184,0.8753507014028056,11.790585854103465
Bearing3_2,2185,0.875751503006012,11.739699520121377
Bearing3_2,2186,0.8761523046092184,11.767861586279652
Bearing3_2,2187,0.8765531062124249,11.90273420725857
Bearing3_2,2188,0.8769539078156313,11.96123078897031
Bearing3_2,2189,0.8773547094188376,12.084717466793846
Bearing3_2,2190,0.8777555110220441,12.215458610058969
Bearing3_2,2191,0.8781563126252505,12.21484697611977
Bearing3_2,2192,0.878557114228457,12.226526704455749
Bearing3_2,2193,0.8789579158316633,12.331852270861138
Bearing3_2,2194,0.8793587174348697,12.375225814528806
Bearing3_2,2195,0.8797595190380761,12.660124496187137
Bearing3_2,2196,0.8801603206412826,12.861098683884412
Bearing3_2,2197,0.880561122244489,12.783283152533947
Bearing3_2,2198,0.8809619238476953,12.676092599740743
Bearing3_2,2199,0.8813627254509018,12.610549604173634
Bearing3_2,2200,0.8817635270541082,12.334233976365294
Bearing3_2,2201,0.8821643286573146,12.333627644265329
Bearing3_2,2202,0.8825651302605211,12.314472471504397
Bearing3_2,2203,0.8829659318637274,12.327187196816167
Bearing3_2,2204,0.8833667334669338,12.358573892608518
Bearing3_2,2205,0.8837675350701403,12.58447416474891
Bearing3_2,2206,0.8841683366733467,12.521885086225797
Bearing3_2,2207,0.8845691382765531,12.621638052152944
Bearing3_2,2208,0.8849699398797595,13.22826818370412
Bearing3_2,2209,0.8853707414829659,13.657108100679286
Bearing3_2,2210,0.8857715430861723,14.60756738740838
Bearing3_2,2211,0.8861723446893788,13.93420254280887
Bearing3_2,2212,0.8865731462925852,13.431814544317467
Bearing3_2,2213,0.8869739478957915,13.186463401281307
Bearing3_2,2214,0.887374749498998,12.941074323602304
Bearing3_2,2215,0.8877755511022044,12.462110381889293
Bearing3_2,2216,0.8881763527054108,12.46243735876535
Bearing3_2,2217,0.8885771543086173,12.764728208472695
Bearing3_2,2218,0.8889779559118236,12.699537371034333
Bearing3_2,2219,0.88937875751503,13.222436412187363
Bearing3_2,2220,0.8897795591182365,13.026466402498736
Bearing3_2,2221,0.8901803607214429,14.099714522753718
Bearing3_2,2222,0.8905811623246493,15.447847211134524
Bearing3_2,2223,0.8909819639278557,16.310319478219363
Bearing3_2,2224,0.8913827655310621,16.93828356860223
Bearing3_2,2225,0.8917835671342685,17.887145899074255
Bearing3_2,2226,0.892184368737475,18.571635091845867
Bearing3_2,2227,0.8925851703406814,18.597404156410633
Bearing3_2,2228,0.8929859719438877,18.549052758730333
Bearing3_2,2229,0.8933867735470942,17.874884463453444
Bearing3_2,2230,0.8937875751503006,18.635575453805803
Bearing3_2,2231,0.894188376753507,18.918090412969356
Bearing3_2,2232,0.8945891783567135,18.561576385724866
Bearing3_2,2233,0.8949899799599198,18.350172947758658
Bearing3_2,2234,0.8953907815631262,18.73904532726833
Bearing3_2,2235,0.8957915831663327,18.51609164136649
Bearing3_2,2236,0.8961923847695391,18.71032630651455
Bearing3_2,2237,0.8965931863727455,18.79766630641783
Bearing3_2,2238,0.8969939879759519,18.86054894076899
Bearing3_2,2239,0.8973947895791583,18.949045242745036
Bearing3_2,2240,0.8977955911823647,18.3521057741642
Bearing3_2,2241,0.8981963927855712,18.168512836761895
Bearing3_2,2242,0.8985971943887776,18.54584346988078
Bearing3_2,2243,0.8989979959919839,19.04795264486044
Bearing3_2,2244,0.8993987975951904,19.255075562084137
Bearing3_2,2245,0.8997995991983968,19.497424562146684
Bearing3_2,2246,0.9002004008016032,19.589529866073512
Bearing3_2,2247,0.9006012024048096,19.93479916448642
Bearing3_2,2248,0.901002004008016,20.26524787670346
Bearing3_2,2249,0.9014028056112224,20.60462946805277
Bearing3_2,2250,0.9018036072144289,20.451346055098675
Bearing3_2,2251,0.9022044088176353,20.819351548294982
Bearing3_2,2252,0.9026052104208416,20.705040702682066
Bearing3_2,2253,0.9030060120240481,20.592601346372838
Bearing3_2,2254,0.9034068136272545,20.400244694982753
Bearing3_2,2255,0.9038076152304609,20.368048673558523
Bearing3_2,2256,0.9042084168336674,20.212368067337696
Bearing3_2,2257,0.9046092184368737,20.099141172267466
Bearing3_2,2258,0.9050100200400801,20.316389467968435
Bearing3_2,2259,0.9054108216432866,20.5258783500472
Bearing3_2,2260,0.905811623246493,20.99584446340294
Bearing3_2,2261,0.9062124248496994,21.147384623525596
Bearing3_2,2262,0.9066132264529058,21.07922990377307
Bearing3_2,2263,0.9070140280561122,20.66068913026343
Bearing3_2,2264,0.9074148296593186,20.653060050287973
Bearing3_2,2265,0.9078156312625251,21.037545465669247
Bearing3_2,2266,0.9082164328657315,20.796635707454662
Bearing3_2,2267,0.9086172344689378,20.43166373017747
Bearing3_2,2268,0.9090180360721443,20.098424248649472
Bearing3_2,2269,0.9094188376753507,20.004168629107067
Bearing3_2,2270,0.9098196392785571,19.819853485603584
Bearing3_2,2271,0.9102204408817636,19.387294061105475
Bearing3_2,2272,0.9106212424849699,20.005844319819175
Bearing3_2,2273,0.9110220440881763,20.72710070092587
Bearing3_2,2274,0.9114228456913828,20.673343558137546
Bearing3_2,2275,0.9118236472945892,20.478916567301358
Bearing3_2,2276,0.9122244488977956,20.92579482673618
Bearing3_2,2277,0.912625250501002,21.293383483742065
Bearing3_2,2278,0.9130260521042084,21.477524646270435
Bearing3_2,2279,0.9134268537074148,21.358491472498116
Bearing3_2,2280,0.9138276553106213,21.194079050570487
Bearing3_2,2281,0.9142284569138277,21.323624656136815
Bearing3_2,2282,0.914629258517034,20.683154143641467
Bearing3_2,2283,0.9150300601202405,20.78319481627034
Bearing3_2,2284,0.9154308617234469,21.02013565322137
Bearing3_2,2285,0.9158316633266533,20.381830941308998
Bearing3_2,2286,0.9162324649298598,19.93546235842551
Bearing3_2,2287,0.9166332665330661,19.703458843506738
Bearing3_2,2288,0.9170340681362725,19.98778454364616
Bearing3_2,2289,0.917434869739479,19.100873584835607
Bearing3_2,2290,0.9178356713426854,18.399355184348746
Bearing3_2,2291,0.9182364729458918,17.86696637012154
Bearing3_2,2292,0.9186372745490982,17.741527405669327
Bearing3_2,2293,0.9190380761523046,17.006106391938037
Bearing3_2,2294,0.919438877755511,16.509589991019425
Bearing3_2,2295,0.9198396793587175,16.710129165493413
Bearing3_2,2296,0.9202404809619239,16.490249656718127
Bearing3_2,2297,0.9206412825651302,16.450240846477136
Bearing3_2,2298,0.9210420841683367,15.69021711633398
Bearing3_2,2299,0.9214428857715431,16.370746050382888
Bearing3_2,2300,0.9218436873747495,17.193189214932314
Bearing3_2,2301,0.9222444889779559,17.481829207619477
Bearing3_2,2302,0.9226452905811623,17.611479217634876
Bearing3_2,2303,0.9230460921843687,17.21313359008082
Bearing3_2,2304,0.9234468937875752,16.768067131445115
Bearing3_2,2305,0.9238476953907816,16.225697126065327
Bearing3_2,2306,0.9242484969939879,16.053862013198202
Bearing3_2,2307,0.9246492985971944,15.552995092285775
Bearing3_2,2308,0.9250501002004008,15.073830971157244
Bearing3_2,2309,0.9254509018036072,14.573822778414888
Bearing3_2,2310,0.9258517034068137,13.539088785246637
Bearing3_2,2311,0.92625250501002,12.786826237524696
Bearing3_2,2312,0.9266533066132264,11.760865730713606
Bearing3_2,2313,0.9270541082164329,11.270761467904359
Bearing3_2,2314,0.9274549098196393,10.797291643922017
Bearing3_2,2315,0.9278557114228457,10.418363977028235
Bearing3_2,2316,0.928256513026052,9.84286268482061
Bearing3_2,2317,0.9286573146292585,9.34530837926914
Bearing3_2,2318,0.9290581162324649,8.893349884490702
Bearing3_2,2319,0.9294589178356714,8.225298404583938
Bearing3_2,2320,0.9298597194388778,7.931214048270069
Bearing3_2,2321,0.9302605210420841,7.632841001407842
Bearing3_2,2322,0.9306613226452906,7.327551127862615
Bearing3_2,2323,0.931062124248497,7.0110160814281
Bearing3_2,2324,0.9314629258517034,6.707005960061198
Bearing3_2,2325,0.9318637274549099,6.327006298180513
Bearing3_2,2326,0.9322645290581162,5.97644653697224
Bearing3_2,2327,0.9326653306613226,5.7429467202546585
Bearing3_2,2328,0.9330661322645291,5.772571424886424
Bearing3_2,2329,0.9334669338677355,5.64128212475301
Bearing3_2,2330,0.9338677354709419,5.679647544929466
Bearing3_2,2331,0.9342685370741483,6.396581099464566
Bearing3_2,2332,0.9346693386773547,6.3362562737503385
Bearing3_2,2333,0.9350701402805611,6.785746955821523
Bearing3_2,2334,0.9354709418837676,7.62364642643319
Bearing3_2,2335,0.935871743486974,8.647343774740277
Bearing3_2,2336,0.9362725450901803,9.67572944724056
Bearing3_2,2337,0.9366733466933868,10.73462510629435
Bearing3_2,2338,0.9370741482965932,11.629775875924397
Bearing3_2,2339,0.9374749498997996,13.644099799015299
Bearing3_2,2340,0.9378757515030061,14.944191349708921
Bearing3_2,2341,0.9382765531062124,14.543956856586192
Bearing3_2,2342,0.9386773547094188,14.822298986006064
Bearing3_2,2343,0.9390781563126253,15.043028882992909
Bearing3_2,2344,0.9394789579158317,14.016530338450291
Bearing3_2,2345,0.9398797595190381,13.06653019203942
Bearing3_2,2346,0.9402805611222445,12.58062393429871
Bearing3_2,2347,0.9406813627254509,13.018006334976263
Bearing3_2,2348,0.9410821643286573,12.634205934202134
Bearing3_2,2349,0.9414829659318638,10.998253745492473
Bearing3_2,2350,0.9418837675350702,10.50549094390998
Bearing3_2,2351,0.9422845691382765,11.167043103433747
Bearing3_2,2352,0.942685370741483,11.445799008256893
Bearing3_2,2353,0.9430861723446894,11.888258312353546
Bearing3_2,2354,0.9434869739478958,12.836371797905453
Bearing3_2,2355,0.9438877755511023,13.31395234518854
Bearing3_2,2356,0.9442885771543086,13.834220957860998
Bearing3_2,2357,0.944689378757515,13.207445177289411
Bearing3_2,2358,0.9450901803607215,12.752336547383734
Bearing3_2,2359,0.9454909819639279,13.333179046949084
Bearing3_2,2360,0.9458917835671342,13.719728586639212
Bearing3_2,2361,0.9462925851703406,13.860764566806486
Bearing3_2,2362,0.9466933867735471,14.0612748231275
Bearing3_2,2363,0.9470941883767535,13.82195810647318
Bearing3_2,2364,0.94749498997996,14.03975554074916
Bearing3_2,2365,0.9478957915831663,14.847091611585224
Bearing3_2,2366,0.9482965931863727,14.82332833242285
Bearing3_2,2367,0.9486973947895792,14.891829362853022
Bearing3_2,2368,0.9490981963927856,15.762333990580368
Bearing3_2,2369,0.949498997995992,16.222006430521475
Bearing3_2,2370,0.9498997995991983,15.69897182344387
Bearing3_2,2371,0.9503006012024048,15.2049017290857
Bearing3_2,2372,0.9507014028056112,15.260968140241152
Bearing3_2,2373,0.9511022044088177,15.172152417516077
Bearing3_2,2374,0.9515030060120241,14.894045696616004
Bearing3_2,2375,0.9519038076152304,14.394263787159906
Bearing3_2,2376,0.9523046092184368,14.43199080322697
Bearing3_2,2377,0.9527054108216433,14.716625287844414
Bearing3_2,2378,0.9531062124248497,14.55654376804372
Bearing3_2,2379,0.9535070140280562,14.061266354611174
Bearing3_2,2380,0.9539078156312625,14.707354504596259
Bearing3_2,2381,0.9543086172344689,14.75745117387576
Bearing3_2,2382,0.9547094188376753,14.05762897570796
Bearing3_2,2383,0.9551102204408818,13.81132332532034
Bearing3_2,2384,0.9555110220440882,13.843892859506997
Bearing3_2,2385,0.9559118236472945,13.799515138137053
Bearing3_2,2386,0.956312625250501,13.44086514379283
Bearing3_2,2387,0.9567134268537074,12.863853959723269
Bearing3_2,2388,0.9571142284569139,12.578580591099174
Bearing3_2,2389,0.9575150300601203,12.550761785494604
Bearing3_2,2390,0.9579158316633266,11.976360340785792
Bearing3_2,2391,0.958316633266533,12.12023622413201
Bearing3_2,2392,0.9587174348697395,12.864532448639505
Bearing3_2,2393,0.9591182364729459,13.216656507326695
Bearing3_2,2394,0.9595190380761524,12.453989462874542
Bearing3_2,2395,0.9599198396793587,12.026719232026561
Bearing3_2,2396,0.9603206412825651,12.00544388053761
Bearing3_2,2397,0.9607214428857715,12.101551101053731
Bearing3_2,2398,0.961122244488978,12.017078376881098
Bearing3_2,2399,0.9615230460921844,11.808448275233278
Bearing3_2,2400,0.9619238476953907,11.538308306408618
Bearing3_2,2401,0.9623246492985972,11.183819476609012
Bearing3_2,2402,0.9627254509018036,11.045528470601504
Bearing3_2,2403,0.96312625250501,10.807696441402996
Bearing3_2,2404,0.9635270541082165,11.393353724137707
Bearing3_2,2405,0.9639278557114228,11.57085398047689
Bearing3_2,2406,0.9643286573146292,11.681460308397103
Bearing3_2,2407,0.9647294589178357,11.559597500397114
Bearing3_2,2408,0.9651302605210421,11.482180859427167
Bearing3_2,2409,0.9655310621242486,11.411878236242945
Bearing3_2,2410,0.9659318637274549,11.566257718727956
Bearing3_2,2411,0.9663326653306613,11.706890109975692
Bearing3_2,2412,0.9667334669338677,11.782689369251925
Bearing3_2,2413,0.9671342685370742,12.027519422374406
Bearing3_2,2414,0.9675350701402805,12.312288153845325
Bearing3_2,2415,0.9679358717434869,12.417993438950527
Bearing3_2,2416,0.9683366733466934,12.307214142670492
Bearing3_2,2417,0.9687374749498998,12.04649162763731
Bearing3_2,2418,0.9691382765531062,11.771792882779314
Bearing3_2,2419,0.9695390781563126,11.45349320052934
Bearing3_2,2420,0.969939879759519,10.913530102294834
Bearing3_2,2421,0.9703406813627254,10.373110566760584
Bearing3_2,2422,0.9707414829659319,9.901500024886625
Bearing3_2,2423,0.9711422845691383,9.328027782406046
Bearing3_2,2424,0.9715430861723446,8.747698122643444
Bearing3_2,2425,0.9719438877755511,9.35873644041175
Bearing3_2,2426,0.9723446893787575,8.94300217061254
Bearing3_2,2427,0.972745490981964,9.473568605833298
Bearing3_2,2428,0.9731462925851704,9.46639716163235
Bearing3_2,2429,0.9735470941883767,9.915036319167331
Bearing3_2,2430,0.9739478957915831,9.83604675960361
Bearing3_2,2431,0.9743486973947896,10.500742614567635
Bearing3_2,2432,0.974749498997996,11.340480003152035
Bearing3_2,2433,0.9751503006012024,11.966649484742401
Bearing3_2,2434,0.9755511022044088,12.648553591423676
Bearing3_2,2435,0.9759519038076152,11.701877859511876
Bearing3_2,2436,0.9763527054108216,12.458890855387091
Bearing3_2,2437,0.9767535070140281,11.815901018134998
Bearing3_2,2438,0.9771543086172345,12.652653370954223
Bearing3_2,2439,0.9775551102204408,12.225849245855596
Bearing3_2,2440,0.9779559118236473,13.217023182518322
Bearing3_2,2441,0.9783567134268537,12.035406410220606
Bearing3_2,2442,0.9787575150300601,10.802010731757758
Bearing3_2,2443,0.9791583166332666,9.806522778211367
Bearing3_2,2444,0.9795591182364729,8.839430330898908
Bearing3_2,2445,0.9799599198396793,9.38083201533461
Bearing3_2,2446,0.9803607214428858,9.501080762725385
Bearing3_2,2447,0.9807615230460922,10.270860531365596
Bearing3_2,2448,0.9811623246492986,10.47757401256025
Bearing3_2,2449,0.981563126252505,10.339755159935695
Bearing3_2,2450,0.9819639278557114,9.989001633175842
Bearing3_2,2451,0.9823647294589178,10.603703995380178
Bearing3_2,2452,0.9827655310621243,11.54444062028301
Bearing3_2,2453,0.9831663326653307,12.447127468394175
Bearing3_2,2454,0.983567134268537,13.552387594245975
Bearing3_2,2455,0.9839679358717435,13.83645941070788
Bearing3_2,2456,0.9843687374749499,12.528317990266284
Bearing3_2,2457,0.9847695390781563,11.948498956633975
Bearing3_2,2458,0.9851703406813628,11.308069224038988
Bearing3_2,2459,0.9855711422845691,11.722428809045073
Bearing3_2,2460,0.9859719438877755,11.370369597246802
Bearing3_2,2461,0.986372745490982,11.425077155288164
Bearing3_2,2462,0.9867735470941884,11.260895611791003
Bearing3_2,2463,0.9871743486973948,10.073364683078895
Bearing3_2,2464,0.9875751503006012,9.102807220203484
Bearing3_2,2465,0.9879759519038076,8.389631052707864
Bearing3_2,2466,0.988376753507014,8.538039444177219
Bearing3_2,2467,0.9887775551102205,9.02201578220623
Bearing3_2,2468,0.9891783567134268,8.895311380750034
Bearing3_2,2469,0.9895791583166332,8.424655486470808
Bearing3_2,2470,0.9899799599198397,8.907934812928138
Bearing3_2,2471,0.9903807615230461,9.111137143709307
Bearing3_2,2472,0.9907815631262525,9.030722358507912
Bearing3_2,2473,0.9911823647294589,9.700636510771172
Bearing3_2,2474,0.9915831663326653,9.741539244662185
Bearing3_2,2475,0.9919839679358717,10.433041315461338
Bearing3_2,2476,0.9923847695390782,11.973269779737027
Bearing3_2,2477,0.9927855711422846,12.80362587997845
Bearing3_2,2478,0.9931863727454909,12.988748310978124
Bearing3_2,2479,0.9935871743486974,14.445100531662195
Bearing3_2,2480,0.9939879759519038,15.216112466640439
Bearing3_2,2481,0.9943887775551102,15.50466161419791
Bearing3_2,2482,0.9947895791583167,16.36072474493007
Bearing3_2,2483,0.995190380761523,17.492451604620282
Bearing3_2,2484,0.9955911823647294,18.636866842082647
Bearing3_2,2485,0.9959919839679359,18.66964677176872
Bearing3_2,2486,0.9963927855711423,18.382550368985484
Bearing3_2,2487,0.9967935871743487,17.739200006985797
Bearing3_2,2488,0.9971943887775551,18.470789273893
Bearing3_2,2489,0.9975951903807615,18.02148197404471
Bearing3_2,2490,0.9979959919839679,17.419941291316857
Bearing3_2,2491,0.9983967935871744,17.775066923349875
Bearing3_2,2492,0.9987975951903808,17.76132971037263
Bearing3_2,2493,0.9991983967935871,16.838818105983005
Bearing3_2,2494,0.9995991983967936,16.896050515123488
Bearing3_2,2495,1.0,17.133820009809344
Bearing3_3,0,0.0,
Bearing3_3,1,0.002702702702702703,
Bearing3_3,2,0.005405405405405406,
Bearing3_3,3,0.008108108108108109,
Bearing3_3,4,0.010810810810810811,
Bearing3_3,5,0.013513513513513514,
Bearing3_3,6,0.016216216216216217,
Bearing3_3,7,0.01891891891891892,
Bearing3_3,8,0.021621621621621623,
Bearing3_3,9,0.024324324324324326,
Bearing3_3,10,0.02702702702702703,
Bearing3_3,11,0.02972972972972973,
Bearing3_3,12,0.032432432432432434,
Bearing3_3,13,0.03513513513513514,
Bearing3_3,14,0.03783783783783784,
Bearing3_3,15,0.04054054054054054,0.5892449442575041
Bearing3_3,16,0.043243243243243246,0.5872415330092828
Bearing3_3,17,0.04594594594594595,0.5965318734020078
Bearing3_3,18,0.04864864864864865,0.6002514746359331
Bearing3_3,19,0.051351351351351354,0.5656583000498119
Bearing3_3,20,0.05405405405405406,0.5454123635201192
Bearing3_3,21,0.05675675675675676,0.5371638702581175
Bearing3_3,22,0.05945945945945946,0.544832781161656
Bearing3_3,23,0.062162162162162166,0.5475149260238433
Bearing3_3,24,0.06486486486486487,0.5324989034526086
Bearing3_3,25,0.06756756756756757,0.5170391653157036
Bearing3_3,26,0.07027027027027027,0.5086878894850086
Bearing3_3,27,0.07297297297297298,0.48561783630041655
Bearing3_3,28,0.07567567567567568,0.4736576132146359
Bearing3_3,29,0.07837837837837838,0.45854508961664847
Bearing3_3,30,0.08108108108108109,0.4456055330493817
Bearing3_3,31,0.08378378378378379,0.44725751549568454
Bearing3_3,32,0.08648648648648649,0.4264226884235188
Bearing3_3,33,0.0891891891891892,0.4049621627267719
Bearing3_3,34,0.0918918918918919,0.4035340304033972
Bearing3_3,35,0.0945945945945946,0.3946821073080289
Bearing3_3,36,0.0972972972972973,0.39364123419854785
Bearing3_3,37,0.1,0.3877153152192763
Bearing3_3,38,0.10270270270270271,0.3665940381076153
Bearing3_3,39,0.10540540540540541,0.366066882395715
Bearing3_3,40,0.10810810810810811,0.38455323455767193
Bearing3_3,41,0.11081081081081082,0.3686414831533223
Bearing3_3,42,0.11351351351351352,0.36696391648544974
Bearing3_3,43,0.11621621621621622,0.3665668494394869
Bearing3_3,44,0.11891891891891893,0.35403533325853426
Bearing3_3,45,0.12162162162162163,0.33944723493263845
Bearing3_3,46,0.12432432432432433,0.3162147103051257
Bearing3_3,47,0.12702702702702703,0.29901924464400076
Bearing3_3,48,0.12972972972972974,0.2888745621327478
Bearing3_3,49,0.13243243243243244,0.2795112630023358
Bearing3_3,50,0.13513513513513514,0.2505871012702926
Bearing3_3,51,0.13783783783783785,0.24128934866549517
Bearing3_3,52,0.14054054054054055,0.21447166195167772
Bearing3_3,53,0.14324324324324325,0.19025514222061118
Bearing3_3,54,0.14594594594594595,0.17200749935381635
Bearing3_3,55,0.14864864864864866,0.1473938896535581
Bearing3_3,56,0.15135135135135136,0.13275109833018509
Bearing3_3,57,0.15405405405405406,0.11852312565413367
Bearing3_3,58,0.15675675675675677,0.10373194384068096
Bearing3_3,59,0.15945945945945947,0.0753112831120343
Bearing3_3,60,0.16216216216216217,0.031519050032365485
Bearing3_3,61,0.16486486486486487,0.003463941921891278
Bearing3_3,62,0.16756756756756758,-0.024622278663378988
Bearing3_3,63,0.17027027027027028,-0.045559995603933125
Bearing3_3,64,0.17297297297297298,-0.06589604584322578
Bearing3_3,65,0.17567567567567569,-0.07275721820450116
Bearing3_3,66,0.1783783783783784,-0.0991355745067649
Bearing3_3,67,0.1810810810810811,-0.10403866866600582
Bearing3_3,68,0.1837837837837838,-0.1328575769094768
Bearing3_3,69,0.1864864864864865,-0.15525504489983047
Bearing3_3,70,0.1891891891891892,-0.14663072253061898
Bearing3_3,71,0.1918918918918919,-0.1629982960152205
Bearing3_3,72,0.1945945945945946,-0.1668999969626916
Bearing3_3,73,0.1972972972972973,-0.18354804718177017
Bearing3_3,74,0.2,-0.19018778785607537
Bearing3_3,75,0.20270270270270271,-0.20395050211811827
Bearing3_3,76,0.20540540540540542,-0.20484794374763632
Bearing3_3,77,0.20810810810810812,-0.2267874676748966
Bearing3_3,78,0.21081081081081082,-0.2224339624556635
Bearing3_3,79,0.21351351351351353,-0.217112974927965
Bearing3_3,80,0.21621621621621623,-0.23045644038562033
Bearing3_3,81,0.21891891891891893,-0.24219458318723483
Bearing3_3,82,0.22162162162162163,-0.24351390938231807
Bearing3_3,83,0.22432432432432434,-0.25302212813469227
Bearing3_3,84,0.22702702702702704,-0.2519943128516998
Bearing3_3,85,0.22972972972972974,-0.2587270015660287
Bearing3_3,86,0.23243243243243245,-0.27406606866115557
Bearing3_3,87,0.23513513513513515,-0.2787347888478487
Bearing3_3,88,0.23783783783783785,-0.30607210536445784
Bearing3_3,89,0.24054054054054055,-0.31946978827032024
Bearing3_3,90,0.24324324324324326,-0.334037210488236
Bearing3_3,91,0.24594594594594596,-0.33750310217907675
Bearing3_3,92,0.24864864864864866,-0.35366670264088046
Bearing3_3,93,0.25135135135135134,-0.35703848463707055
Bearing3_3,94,0.25405405405405407,-0.3858861945060144
Bearing3_3,95,0.25675675675675674,-0.40182058209316585
Bearing3_3,96,0.2594594594594595,-0.416922036764952
Bearing3_3,97,0.26216216216216215,-0.45303272033947595
Bearing3_3,98,0.2648648648648649,-0.44978610254753437
Bearing3_3,99,0.26756756756756755,-0.4603827771450616
Bearing3_3,100,0.2702702702702703,-0.4826320421210579
Bearing3_3,101,0.27297297297297296,-0.5021413339479152
Bearing3_3,102,0.2756756756756757,-0.513111250602823
Bearing3_3,103,0.27837837837837837,-0.5138037512637339
Bearing3_3,104,0.2810810810810811,-0.5214997010617701
Bearing3_3,105,0.28378378378378377,-0.5377333300462469
Bearing3_3,106,0.2864864864864865,-0.5351126537695488
Bearing3_3,107,0.2891891891891892,-0.5191894827298376
Bearing3_3,108,0.2918918918918919,-0.5244438833366649
Bearing3_3,109,0.2945945945945946,-0.5217217042797186
Bearing3_3,110,0.2972972972972973,-0.5173575489847487
Bearing3_3,111,0.3,-0.5159101310222758
Bearing3_3,112,0.3027027027027027,-0.5089163297909491
Bearing3_3,113,0.3054054054054054,-0.520935382112701
Bearing3_3,114,0.3081081081081081,-0.5227181868542745
Bearing3_3,115,0.3108108108108108,-0.5223886444156476
Bearing3_3,116,0.31351351351351353,-0.531984864266156
Bearing3_3,117,0.3162162162162162,-0.5587993678952013
Bearing3_3,118,0.31891891891891894,-0.5710461841682776
Bearing3_3,119,0.3216216216216216,-0.5977558726764882
Bearing3_3,120,0.32432432432432434,-0.6060795357544236
Bearing3_3,121,0.327027027027027,-0.6109990077178031
Bearing3_3,122,0.32972972972972975,-0.6240554590933127
Bearing3_3,123,0.3324324324324324,-0.6256171656348479
Bearing3_3,124,0.33513513513513515,-0.6315432658020116
Bearing3_3,125,0.33783783783783783,-0.6278019732112263
Bearing3_3,126,0.34054054054054056,-0.6263130935390231
Bearing3_3,127,0.34324324324324323,-0.6080413172427643
Bearing3_3,128,0.34594594594594597,-0.6160319495591198
Bearing3_3,129,0.34864864864864864,-0.6043783037095524
Bearing3_3,130,0.35135135135135137,-0.603323710363332
Bearing3_3,131,0.35405405405405405,-0.6014182484327668
Bearing3_3,132,0.3567567567567568,-0.6152071884506884
Bearing3_3,133,0.35945945945945945,-0.6337747577987661
Bearing3_3,134,0.3621621621621622,-0.6446030395849279
Bearing3_3,135,0.36486486486486486,-0.6543940651283308
Bearing3_3,136,0.3675675675675676,-0.6790780074618945
Bearing3_3,137,0.37027027027027026,-0.6920645601525556
Bearing3_3,138,0.372972972972973,-0.6891858744942464
Bearing3_3,139,0.37567567567567567,-0.7086149968958474
Bearing3_3,140,0.3783783783783784,-0.7141906738735582
Bearing3_3,141,0.3810810810810811,-0.7336748310314264
Bearing3_3,142,0.3837837837837838,-0.7483389322507081
Bearing3_3,143,0.3864864864864865,-0.7702434886350802
Bearing3_3,144,0.3891891891891892,-0.7785430980276035
Bearing3_3,145,0.3918918918918919,-0.7867387939063422
Bearing3_3,146,0.3945945945945946,-0.7908279763663869
Bearing3_3,147,0.3972972972972973,-0.798102228101952
Bearing3_3,148,0.4,-0.8105592910765462
Bearing3_3,149,0.4027027027027027,-0.8007273164063434
Bearing3_3,150,0.40540540540540543,-0.8016233610029783
Bearing3_3,151,0.4081081081081081,-0.8172079100776809
Bearing3_3,152,0.41081081081081083,-0.8269199596397966
Bearing3_3,153,0.4135135135135135,-0.8252996421467232
Bearing3_3,154,0.41621621621621624,-0.8413246789201901
Bearing3_3,155,0.4189189189189189,-0.8481458105565327
Bearing3_3,156,0.42162162162162165,-0.8725344726112121
Bearing3_3,157,0.4243243243243243,-0.8835440241418521
Bearing3_3,158,0.42702702702702705,-0.9022657457158022
Bearing3_3,159,0.4297297297297297,-0.9203841591101176
Bearing3_3,160,0.43243243243243246,-0.9260244708362629
Bearing3_3,161,0.43513513513513513,-0.929930910905777
Bearing3_3,162,0.43783783783783786,-0.9362296055128366
Bearing3_3,163,0.44054054054054054,-0.9445624811635371
Bearing3_3,164,0.44324324324324327,-0.9515388825412577
Bearing3_3,165,0.44594594594594594,-0.9649614900216648
Bearing3_3,166,0.4486486486486487,-0.9674434265030083
Bearing3_3,167,0.45135135135135135,-0.9895101136641223
Bearing3_3,168,0.4540540540540541,-0.9902804543807825
Bearing3_3,169,0.45675675675675675,-1.0047634849592941
Bearing3_3,170,0.4594594594594595,-1.0417510858503767
Bearing3_3,171,0.46216216216216216,-1.0500178078309497
Bearing3_3,172,0.4648648648648649,-1.052763010086687
Bearing3_3,173,0.46756756756756757,-1.047008011839797
Bearing3_3,174,0.4702702702702703,-1.0545578064772718
Bearing3_3,175,0.47297297297297297,-1.069956090338943
Bearing3_3,176,0.4756756756756757,-1.0656663279226255
Bearing3_3,177,0.4783783783783784,-1.0620024423372372
Bearing3_3,178,0.4810810810810811,-1.064787350370108
Bearing3_3,179,0.4837837837837838,-1.0673260050659574
Bearing3_3,180,0.4864864864864865,-1.0547631275528806
Bearing3_3,181,0.4891891891891892,-1.0656964937642008
Bearing3_3,182,0.4918918918918919,-1.0821025452110031
Bearing3_3,183,0.4945945945945946,-1.119784362097657
Bearing3_3,184,0.4972972972972973,-1.1244272210439268
Bearing3_3,185,0.5,-1.1320438927579974
Bearing3_3,186,0.5027027027027027,-1.1448737892383223
Bearing3_3,187,0.5054054054054054,-1.1483055736294547
Bearing3_3,188,0.5081081081081081,-1.1739477847831217
Bearing3_3,189,0.5108108108108108,-1.186351011905603
Bearing3_3,190,0.5135135135135135,-1.1994463131808462
Bearing3_3,191,0.5162162162162162,-1.2100217993383269
Bearing3_3,192,0.518918918918919,-1.2108081717835533
Bearing3_3,193,0.5216216216216216,-1.2011805700580989
Bearing3_3,194,0.5243243243243243,-1.197908870932862
Bearing3_3,195,0.527027027027027,-1.1989462160003665
Bearing3_3,196,0.5297297297297298,-1.2111722696679474
Bearing3_3,197,0.5324324324324324,-1.228007632125886
Bearing3_3,198,0.5351351351351351,-1.2350922576432959
Bearing3_3,199,0.5378378378378378,-1.2469313256033205
Bearing3_3,200,0.5405405405405406,-1.2547383509955705
Bearing3_3,201,0.5432432432432432,-1.252203183458585
Bearing3_3,202,0.5459459459459459,-1.2534768331623933
Bearing3_3,203,0.5486486486486486,-1.2675350487314598
Bearing3_3,204,0.5513513513513514,-1.286924953125124
Bearing3_3,205,0.5540540540540541,-1.3033904641186642
Bearing3_3,206,0.5567567567567567,-1.3069717592388006
Bearing3_3,207,0.5594594594594594,-1.2995753734915945
Bearing3_3,208,0.5621621621621622,-1.2924186398377366
Bearing3_3,209,0.5648648648648649,-1.2843395599427434
Bearing3_3,210,0.5675675675675675,-1.2915605450747623
Bearing3_3,211,0.5702702702702702,-1.2978901277784947
Bearing3_3,212,0.572972972972973,-1.305855638947028
Bearing3_3,213,0.5756756756756757,-1.3055473787910221
Bearing3_3,214,0.5783783783783784,-1.304205758801731
Bearing3_3,215,0.581081081081081,-1.2955867710234539
Bearing3_3,216,0.5837837837837838,-1.2899125094905808
Bearing3_3,217,0.5864864864864865,-1.2951328811086424
Bearing3_3,218,0.5891891891891892,-1.299131317254647
Bearing3_3,219,0.5918918918918918,-1.2984446311909106
Bearing3_3,220,0.5945945945945946,-1.2938567377325185
Bearing3_3,221,0.5972972972972973,-1.3086550131058003
Bearing3_3,222,0.6,-1.300245479513775
Bearing3_3,223,0.6027027027027027,-1.286914325991837
Bearing3_3,224,0.6054054054054054,-1.2733085328361147
Bearing3_3,225,0.6081081081081081,-1.2579987002576283
Bearing3_3,226,0.6108108108108108,-1.2657916681199815
Bearing3_3,227,0.6135135135135135,-1.2622686719622236
Bearing3_3,228,0.6162162162162163,-1.2641401525112221
Bearing3_3,229,0.6189189189189189,-1.2748958549198826
Bearing3_3,230,0.6216216216216216,-1.275013607546346
Bearing3_3,231,0.6243243243243243,-1.2679083503995434
Bearing3_3,232,0.6270270270270271,-1.2785149800832147
Bearing3_3,233,0.6297297297297297,-1.2870654871344624
Bearing3_3,234,0.6324324324324324,-1.297799219196199
Bearing3_3,235,0.6351351351351351,-1.3210233920259538
Bearing3_3,236,0.6378378378378379,-1.3279286379808053
Bearing3_3,237,0.6405405405405405,-1.3397637859240106
Bearing3_3,238,0.6432432432432432,-1.3497601790557132
Bearing3_3,239,0.6459459459459459,-1.35174818727377
Bearing3_3,240,0.6486486486486487,-1.3551354578138421
Bearing3_3,241,0.6513513513513514,-1.351262473846467
Bearing3_3,242,0.654054054054054,-1.3584403731363905
Bearing3_3,243,0.6567567567567567,-1.3552882251679743
Bearing3_3,244,0.6594594594594595,-1.3560525302149646
Bearing3_3,245,0.6621621621621622,-1.349799216274926
Bearing3_3,246,0.6648648648648648,-1.3475914686490975
Bearing3_3,247,0.6675675675675675,-1.3483773392571883
Bearing3_3,248,0.6702702702702703,-1.3304896694861355
Bearing3_3,249,0.672972972972973,-1.3150731682048564
Bearing3_3,250,0.6756756756756757,-1.311078496721774
Bearing3_3,251,0.6783783783783783,-1.3181172577672247
Bearing3_3,252,0.6810810810810811,-1.317377444965126
Bearing3_3,253,0.6837837837837838,-1.3234275653456966
Bearing3_3,254,0.6864864864864865,-1.3228507409738706
Bearing3_3,255,0.6891891891891891,-1.328258419684828
Bearing3_3,256,0.6918918918918919,-1.3301127728118858
Bearing3_3,257,0.6945945945945946,-1.3248916101828059
Bearing3_3,258,0.6972972972972973,-1.3314680271697292
Bearing3_3,259,0.7,-1.3441051890505604
Bearing3_3,260,0.7027027027027027,-1.345987507508971
Bearing3_3,261,0.7054054054054054,-1.3441130232897749
Bearing3_3,262,0.7081081081081081,-1.3404265955814578
Bearing3_3,263,0.7108108108108108,-1.3352126204883497
Bearing3_3,264,0.7135135135135136,-1.338188989099042
Bearing3_3,265,0.7162162162162162,-1.3364281565273055
Bearing3_3,266,0.7189189189189189,-1.3290861043020568
Bearing3_3,267,0.7216216216216216,-1.3431018306797529
Bearing3_3,268,0.7243243243243244,-1.3437088581209526
Bearing3_3,269,0.727027027027027,-1.348592634585208
Bearing3_3,270,0.7297297297297297,-1.3620745440317037
Bearing3_3,271,0.7324324324324324,-1.3584438307696167
Bearing3_3,272,0.7351351351351352,-1.3607776048839817
Bearing3_3,273,0.7378378378378379,-1.3682042278506577
Bearing3_3,274,0.7405405405405405,-1.3730495282328765
Bearing3_3,275,0.7432432432432432,-1.3830659664537603
Bearing3_3,276,0.745945945945946,-1.3888880191175268
Bearing3_3,277,0.7486486486486487,-1.3918962677642481
Bearing3_3,278,0.7513513513513513,-1.4011418347970406
Bearing3_3,279,0.754054054054054,-1.4063044294706186
Bearing3_3,280,0.7567567567567568,-1.407166301477155
Bearing3_3,281,0.7594594594594595,-1.4204027943228774
Bearing3_3,282,0.7621621621621621,-1.4182947931261118
Bearing3_3,283,0.7648648648648648,-1.4181841174130192
Bearing3_3,284,0.7675675675675676,-1.4181091157769872
Bearing3_3,285,0.7702702702702703,-1.4235805826905497
Bearing3_3,286,0.772972972972973,-1.4246169415603518
Bearing3_3,287,0.7756756756756756,-1.4229110619530043
Bearing3_3,288,0.7783783783783784,-1.4233069739580215
Bearing3_3,289,0.7810810810810811,-1.4205092054161228
Bearing3_3,290,0.7837837837837838,-1.4240523579279323
Bearing3_3,291,0.7864864864864864,-1.423183240340117
Bearing3_3,292,0.7891891891891892,-1.4315645653284181
Bearing3_3,293,0.7918918918918919,-1.4439813141861448
Bearing3_3,294,0.7945945945945946,-1.4387841621797786
Bearing3_3,295,0.7972972972972973,-1.437324847399636
Bearing3_3,296,0.8,-1.441356298353082
Bearing3_3,297,0.8027027027027027,-1.445784881113616
Bearing3_3,298,0.8054054054054054,-1.4421179617883986
Bearing3_3,299,0.8081081081081081,-1.4426687024599636
Bearing3_3,300,0.8108108108108109,-1.4387792746343222
Bearing3_3,301,0.8135135135135135,-1.4408753971118995
Bearing3_3,302,0.8162162162162162,-1.4490393014834262
Bearing3_3,303,0.8189189189189189,-1.4400073798256512
Bearing3_3,304,0.8216216216216217,-1.4519633968614978
Bearing3_3,305,0.8243243243243243,-1.4561198994475968
Bearing3_3,306,0.827027027027027,-1.4642149716486954
Bearing3_3,307,0.8297297297297297,-1.4702377454396318
Bearing3_3,308,0.8324324324324325,-1.4818258958361255
Bearing3_3,309,0.8351351351351352,-1.491492531297035
Bearing3_3,310,0.8378378378378378,-1.5015505959289184
Bearing3_3,311,0.8405405405405405,-1.4947680498294025
Bearing3_3,312,0.8432432432432433,-1.4862559361783572
Bearing3_3,313,0.845945945945946,-1.4820722379763736
Bearing3_3,314,0.8486486486486486,-1.4823078235139087
Bearing3_3,315,0.8513513513513513,-1.470793711948454
Bearing3_3,316,0.8540540540540541,-1.4667350748521653
Bearing3_3,317,0.8567567567567568,-1.4530620106142553
Bearing3_3,318,0.8594594594594595,-1.4552104846692429
Bearing3_3,319,0.8621621621621621,-1.4423180929819333
Bearing3_3,320,0.8648648648648649,-1.4406825258865081
Bearing3_3,321,0.8675675675675676,-1.4440372904641252
Bearing3_3,322,0.8702702702702703,-1.452998776891532
Bearing3_3,323,0.8729729729729729,-1.4565244062355194
Bearing3_3,324,0.8756756756756757,-1.4475047244993544
Bearing3_3,325,0.8783783783783784,-1.4539585438007694
Bearing3_3,326,0.8810810810810811,-1.4525758267919044
Bearing3_3,327,0.8837837837837837,-1.4495739689294962
Bearing3_3,328,0.8864864864864865,-1.4381922786130228
Bearing3_3,329,0.8891891891891892,-1.4426496363448458
Bearing3_3,330,0.8918918918918919,-1.439630832977119
Bearing3_3,331,0.8945945945945946,-1.4443207834585643
Bearing3_3,332,0.8972972972972973,-1.4503158274510617
Bearing3_3,333,0.9,-1.4516857256081361
Bearing3_3,334,0.9027027027027027,-1.4628506813415525
Bearing3_3,335,0.9054054054054054,-1.4681080876481687
Bearing3_3,336,0.9081081081081082,-1.4778714448548667
Bearing3_3,337,0.9108108108108108,-1.4949943133959431
Bearing3_3,338,0.9135135135135135,-1.4966157463164271
Bearing3_3,339,0.9162162162162162,-1.4740138927825304
Bearing3_3,340,0.918918918918919,-1.3994578602075078
Bearing3_3,341,0.9216216216216216,-1.338417492521843
Bearing3_3,342,0.9243243243243243,-1.1007167724855345
Bearing3_3,343,0.927027027027027,-0.8089661981444957
Bearing3_3,344,0.9297297297297298,-0.27312610919220237
Bearing3_3,345,0.9324324324324325,0.4657842361526221
Bearing3_3,346,0.9351351351351351,1.2508971570343406
Bearing3_3,347,0.9378378378378378,2.068718743135806
Bearing3_3,348,0.9405405405405406,3.0446818801759155
Bearing3_3,349,0.9432432432432433,4.019894883605147
Bearing3_3,350,0.9459459459459459,4.904804301333411
Bearing3_3,351,0.9486486486486486,5.970023141131439
Bearing3_3,352,0.9513513513513514,6.884637018436024
Bearing3_3,353,0.9540540540540541,7.714493440870233
Bearing3_3,354,0.9567567567567568,8.370493516704869
Bearing3_3,355,0.9594594594594594,8.834232713459599
Bearing3_3,356,0.9621621621621622,9.26923270097991
Bearing3_3,357,0.9648648648648649,9.687460398398098
Bearing3_3,358,0.9675675675675676,9.938293742078764
Bearing3_3,359,0.9702702702702702,10.212677262539723
Bearing3_3,360,0.972972972972973,10.525204573324192
Bearing3_3,361,0.9756756756756757,10.713738656552675
Bearing3_3,362,0.9783783783783784,10.852191633019515
Bearing3_3,363,0.981081081081081,11.061587576124257
Bearing3_3,364,0.9837837837837838,11.218884787819807
Bearing3_3,365,0.9864864864864865,11.408659483022918
Bearing3_3,366,0.9891891891891892,11.56448089119376
Bearing3_3,367,0.9918918918918919,11.737798839673854
Bearing3_3,368,0.9945945945945946,11.876078314751647
Bearing3_3,369,0.9972972972972973,11.970819448803983
Bearing3_3,370,1.0,12.044263704006298
