bearing_id,step_id,normalized_lifetime,level,movement
Bearing3_1,0,0.0,,
Bearing3_1,1,0.00039416633819471815,,
Bearing3_1,2,0.0007883326763894363,,
Bearing3_1,3,0.0011824990145841545,,
Bearing3_1,4,0.0015766653527788726,,
Bearing3_1,5,0.001970831690973591,,
Bearing3_1,6,0.002364998029168309,,
Bearing3_1,7,0.0027591643673630273,,
Bearing3_1,8,0.0031533307055577452,,
Bearing3_1,9,0.0035474970437524636,,
Bearing3_1,10,0.003941663381947182,,
Bearing3_1,11,0.0043358297201418995,,
Bearing3_1,12,0.004729996058336618,,
Bearing3_1,13,0.005124162396531336,,
Bearing3_1,14,0.005518328734726055,,
Bearing3_1,15,0.005912495072920773,0.23731484990623547,0.42184451558703995
Bearing3_1,16,0.0063066614111154905,0.2562044328983741,0.26529927570783096
Bearing3_1,17,0.006700827749310209,0.2911676810534096,0.15214217923393047
Bearing3_1,18,0.007094994087504927,0.31138211114429754,0.2976487750607361
Bearing3_1,19,0.007489160425699646,0.2692232901342107,1.274891537815317
Bearing3_1,20,0.007883326763894364,0.2841863936341175,0.6174268782780464
Bearing3_1,21,0.008277493102089082,0.286018376039606,0.4934056717299003
Bearing3_1,22,0.008671659440283799,0.29038835874334823,0.24709840383261814
Bearing3_1,23,0.009065825778478517,0.30698148286583476,0.20419737529232795
Bearing3_1,24,0.009459992116673236,0.31369956320646625,0.5195464886588107
Bearing3_1,25,0.009854158454867954,0.31058111669054295,0.9001582090230003
Bearing3_1,26,0.010248324793062672,0.3285324475503105,0.5916169198283495
Bearing3_1,27,0.01064249113125739,0.3350116605063331,0.3994066707535817
Bearing3_1,28,0.01103665746945211,0.29553940683165597,1.925770542424449
Bearing3_1,29,0.011430823807646828,0.30623172475442395,0.5499384692232591
Bearing3_1,30,0.011824990145841546,0.2625693511572106,1.333618055082533
Bearing3_1,31,0.012219156484036263,0.23377095717823054,0.11677230206843313
Bearing3_1,32,0.012613322822230981,0.20085290645465034,0.3556113797879345
Bearing3_1,33,0.0130074891604257,0.1456301522644715,0.6726651227209772
Bearing3_1,34,0.013401655498620418,0.08454615175377808,0.724985491451536
Bearing3_1,35,0.013795821836815136,0.02398100915637763,0.8763698204027882
Bearing3_1,36,0.014189988175009854,-0.08712756738936041,1.2071190427536727
Bearing3_1,37,0.014584154513204573,-0.1984722381713684,0.43243312217605523
Bearing3_1,38,0.014978320851399291,-0.2678919879506067,0.40320872783416206
Bearing3_1,39,0.015372487189594008,-0.3808812887929065,1.0429896237767635
Bearing3_1,40,0.015766653527788728,-0.39188250151766146,2.36929128351838
Bearing3_1,41,0.016160819865983445,-0.41879425589699204,0.5131862043911631
Bearing3_1,42,0.016554986204178165,-0.4512563721179458,0.5405728946711169
Bearing3_1,43,0.01694915254237288,-0.4902873255945865,0.8785335240560361
Bearing3_1,44,0.017343318880567598,-0.5273008632342175,0.64889898508276
Bearing3_1,45,0.017737485218762318,-0.5589338326377323,0.6812772971868402
Bearing3_1,46,0.018131651556957035,-0.5899365341110142,1.17580700678882
Bearing3_1,47,0.018525817895151755,-0.5725621351630499,1.3550513816043412
Bearing3_1,48,0.01891998423334647,-0.5507962919141849,0.23139549985241695
Bearing3_1,49,0.01931415057154119,-0.5085695773804457,0.28078237177304
Bearing3_1,50,0.019708316909735908,-0.5667474799257749,1.2350350339441
Bearing3_1,51,0.02010248324793063,-0.6271813783871559,0.6307876847626184
Bearing3_1,52,0.020496649586125345,-0.6298395244373934,1.5784786685738936
Bearing3_1,53,0.02089081592432006,-0.640952275236342,1.1649039347909997
Bearing3_1,54,0.02128498226251478,-0.6289168623086103,0.22390341257407534
Bearing3_1,55,0.0216791486007095,-0.6316057996507362,1.1939684399337012
Bearing3_1,56,0.02207331493890422,-0.6137392225239986,0.4493471380242036
Bearing3_1,57,0.022467481277098935,-0.6552165443313098,0.7700450014758304
Bearing3_1,58,0.022861647615293655,-0.7156684376622086,0.908430942488023
Bearing3_1,59,0.023255813953488372,-0.7234783957344115,1.6447887746066345
Bearing3_1,60,0.023649980291683092,-0.7130425139382212,0.5872881048066663
Bearing3_1,61,0.02404414662987781,-0.7019587141519024,0.5788102536157845
Bearing3_1,62,0.024438312968072525,-0.7592073544812007,0.8975415843607384
Bearing3_1,63,0.024832479306267245,-0.7686979472305497,0.5327328292804759
Bearing3_1,64,0.025226645644461962,-0.7887071080481138,0.209517108280544
Bearing3_1,65,0.025620811982656682,-0.7701841816305984,0.24417721317803057
Bearing3_1,66,0.0260149783208514,-0.7510689408428053,0.38295184251753966
Bearing3_1,67,0.02640914465904612,-0.7012467612469578,0.3408392707127126
Bearing3_1,68,0.026803310997240835,-0.6435366051205069,0.5963454805530959
Bearing3_1,69,0.027197477335435555,-0.6429761156548418,0.4603361260586245
Bearing3_1,70,0.027591643673630272,-0.6240988120021866,0.10633091524192266
Bearing3_1,71,0.02798581001182499,-0.600802554712863,0.4126770201848194
Bearing3_1,72,0.02837997635001971,-0.5766893432214414,0.890158980995845
Bearing3_1,73,0.028774142688214426,-0.5419384132713165,0.9395849510705447
Bearing3_1,74,0.029168309026409146,-0.5348271947258525,1.20972858342983
Bearing3_1,75,0.029562475364603862,-0.5103581281495779,0.8802010762209659
Bearing3_1,76,0.029956641702798582,-0.5046240800134668,1.109300365551847
Bearing3_1,77,0.0303508080409933,-0.5292143250934911,0.7310828962604727
Bearing3_1,78,0.030744974379188016,-0.5530855376131187,0.6371079172626751
Bearing3_1,79,0.031139140717382736,-0.5977521077773071,1.1957703153736121
Bearing3_1,80,0.031533307055577456,-0.6728899106342945,1.015729537043344
Bearing3_1,81,0.03192747339377217,-0.6841338959824599,1.8851053742933044
Bearing3_1,82,0.03232163973196689,-0.6826436511637735,0.42946170787639354
Bearing3_1,83,0.032715806070161606,-0.7114040261479627,0.26571493767454535
Bearing3_1,84,0.03310997240835633,-0.7181332104712843,0.400637694979906
Bearing3_1,85,0.033504138746551046,-0.7394676531726239,0.31514070340349204
Bearing3_1,86,0.03389830508474576,-0.7742779224442231,1.580029698249438
Bearing3_1,87,0.03429247142294048,-0.8072887780767036,0.6960822832232136
Bearing3_1,88,0.034686637761135196,-0.7998090284688244,0.8770731330744954
Bearing3_1,89,0.03508080409932992,-0.7711427352405459,0.43931003791748974
Bearing3_1,90,0.035474970437524636,-0.6934162306702365,0.8305778443793566
Bearing3_1,91,0.03586913677571935,-0.7040478166852989,1.3573402356787685
Bearing3_1,92,0.03626330311391407,-0.7312809250660189,1.0126423722271416
Bearing3_1,93,0.03665746945210879,-0.7412517481622242,0.4696028880866426
Bearing3_1,94,0.03705163579030351,-0.7436257410810341,0.19713713870535612
Bearing3_1,95,0.037445802128498226,-0.7602113057076275,0.2422981858638149
Bearing3_1,96,0.03783996846669294,-0.7576871031064879,0.876096905297096
Bearing3_1,97,0.03823413480488766,-0.7531550388304076,0.6229063415298686
Bearing3_1,98,0.03862830114308238,-0.7978260460926107,0.9113647117589628
Bearing3_1,99,0.0390224674812771,-0.8555915397986305,0.8814759212587698
Bearing3_1,100,0.039416633819471816,-0.8512501243097489,2.972854165247599
Bearing3_1,101,0.03981080015766653,-0.8209202713446426,0.34689582907613015
Bearing3_1,102,0.04020496649586126,-0.7575818071611964,0.21991290329904867
Bearing3_1,103,0.04059913283405597,-0.7040116294844231,0.15927636627840974
Bearing3_1,104,0.04099329917225069,-0.6048136385067183,1.5754748768249212
Bearing3_1,105,0.041387465510445406,-0.5175512168964009,0.6393079036396249
Bearing3_1,106,0.04178163184864012,-0.44360260571274884,1.3813974524896124
Bearing3_1,107,0.04217579818683485,-0.35659951859923456,0.16956896669164226
Bearing3_1,108,0.04256996452502956,-0.2491391414946383,0.2440744045591808
Bearing3_1,109,0.04296413086322428,-0.14783934181216477,1.1532538655404945
Bearing3_1,110,0.043358297201419,-0.11891749686849859,0.4511295325023273
Bearing3_1,111,0.04375246353961372,-0.1036807139994665,0.8988068932634017
Bearing3_1,112,0.04414662987780844,-0.13109651464231914,1.3834511727175716
Bearing3_1,113,0.04454079621600315,-0.1844382835703849,0.8516080194355516
Bearing3_1,114,0.04493496255419787,-0.2784168344706206,0.10226219830620076
Bearing3_1,115,0.04532912889239259,-0.3558647104936049,0.11390410507912721
Bearing3_1,116,0.04572329523058731,-0.4598002678689115,2.3203947051744884
Bearing3_1,117,0.04611746156878203,-0.5454658978231175,0.5065906046363781
Bearing3_1,118,0.046511627906976744,-0.633800534622692,0.2691054424085553
Bearing3_1,119,0.04690579424517146,-0.6796969460738504,0.4417351224939264
Bearing3_1,120,0.047299960583366184,-0.7796037962304979,1.5781179302045727
Bearing3_1,121,0.0476941269215609,-0.8659173967135556,0.41134327815998
Bearing3_1,122,0.04808829325975562,-0.9679217775752047,1.9609468928093
Bearing3_1,123,0.048482459597950334,-1.024460495135211,0.8274459959584951
Bearing3_1,124,0.04887662593614505,-1.0910380601701977,0.29442195127489046
Bearing3_1,125,0.049270792274339774,-1.1610845303505173,0.19876139227573053
Bearing3_1,126,0.04966495861253449,-1.1761280680779154,0.37712131326203935
Bearing3_1,127,0.05005912495072921,-1.2870339238270998,2.983223304497877
Bearing3_1,128,0.050453291288923924,-1.3449925845695274,1.642458324818927
Bearing3_1,129,0.05084745762711865,-1.3910334532398143,0.874534977181391
Bearing3_1,130,0.051241623965313364,-1.4397399891005107,1.6402715528006722
Bearing3_1,131,0.05163579030350808,-1.4754840838698642,0.16907357582362692
Bearing3_1,132,0.0520299566417028,-1.331446147084703,4.558211202688282
Bearing3_1,133,0.052424122979897514,-1.1982777752188907,0.46468978044184095
Bearing3_1,134,0.05281828931809224,-1.0521202486368808,0.25270885271212223
Bearing3_1,135,0.053212455656286954,-0.941420037831597,1.4479483232295711
Bearing3_1,136,0.05360662199448167,-0.8775194193204356,2.011302772290716
Bearing3_1,137,0.05400078833267639,-0.7087703884460197,0.838434983992916
Bearing3_1,138,0.05439495467087111,-0.5695770727150616,0.6146811070998797
Bearing3_1,139,0.05478912100906583,-0.4513336606118359,0.1397082737324887
Bearing3_1,140,0.055183287347260544,-0.2851887647346344,0.16645169493449583
Bearing3_1,141,0.05557745368545526,-0.15355721533853928,1.151937243148741
Bearing3_1,142,0.05597162002364998,-0.14017035826308508,0.3776948890856663
Bearing3_1,143,0.0563657863618447,-0.13347839651024793,0.23564382535249642
Bearing3_1,144,0.05675995270003942,-0.17339366633342385,1.5352634470858024
Bearing3_1,145,0.057154119038234134,-0.18839912458697375,0.5685232613582181
Bearing3_1,146,0.05754828537642885,-0.20592383358157607,2.1355827713825124
Bearing3_1,147,0.057942451714623575,-0.22065044727789132,0.9638959198964648
Bearing3_1,148,0.05833661805281829,-0.29097945046938395,1.4503853052698499
Bearing3_1,149,0.05873078439101301,-0.3671841383474824,0.17083013191653612
Bearing3_1,150,0.059124950729207724,-0.4212429073619375,0.8677205458302114
Bearing3_1,151,0.05951911706740244,-0.46168687601047437,0.6634471766228458
Bearing3_1,152,0.059913283405597165,-0.5111532511261498,0.14466013895511204
Bearing3_1,153,0.06030744974379188,-0.5837641704651781,0.6815666507731081
Bearing3_1,154,0.0607016160819866,-0.6553969730416618,1.4999140839633993
Bearing3_1,155,0.061095782420181315,-0.6921655982456082,0.7433717049247327
Bearing3_1,156,0.06148994875837603,-0.6619625422777015,0.306541538950571
Bearing3_1,157,0.061884115096570755,-0.5984925473799099,2.146064164566446
Bearing3_1,158,0.06227828143476547,-0.49449489265892294,0.12613753604432032
Bearing3_1,159,0.06267244777296019,-0.3560290966348276,1.1322545693980883
Bearing3_1,160,0.06306661411115491,-0.24471020731582813,0.12026410553322889
Bearing3_1,161,0.06346078044934962,-0.13952647048921368,0.8963217764457462
Bearing3_1,162,0.06385494678754434,-0.06840469301110595,1.2936928910383034
Bearing3_1,163,0.06424911312573907,0.012930411428852113,0.3734189996140136
Bearing3_1,164,0.06464327946393378,0.09926200248548751,1.3111074177508344
Bearing3_1,165,0.0650374458021285,0.14316608167357656,0.8532335217855278
Bearing3_1,166,0.06543161214032321,0.14977509132774083,1.0585979156733192
Bearing3_1,167,0.06582577847851794,0.1171442270307963,0.7095191971482415
Bearing3_1,168,0.06621994481671266,0.10748137099744477,0.8679620371001067
Bearing3_1,169,0.06661411115490737,0.009739435298218985,2.0615867220670707
Bearing3_1,170,0.06700827749310209,-0.10709886519503713,0.8306208932179915
Bearing3_1,171,0.0674024438312968,-0.13838875827461433,2.1930727697931567
Bearing3_1,172,0.06779661016949153,-0.14633455580760296,0.4388042140635288
Bearing3_1,173,0.06819077650768625,-0.19371706815115486,1.760612310696365
Bearing3_1,174,0.06858494284588096,-0.21216517339927118,0.2771091433371932
Bearing3_1,175,0.06897910918407568,-0.2358316064262219,1.0552916922098858
Bearing3_1,176,0.06937327552227039,-0.2249106427259769,0.23669468473991326
Bearing3_1,177,0.06976744186046512,-0.23487958369856385,0.07981830256794496
Bearing3_1,178,0.07016160819865984,-0.2793857413339739,0.394401244238585
Bearing3_1,179,0.07055577453685455,-0.2741004553856384,0.2675342733237972
Bearing3_1,180,0.07094994087504927,-0.28635855825531714,1.473736575619281
Bearing3_1,181,0.071344107213244,-0.37703948021887806,0.6500718842948936
Bearing3_1,182,0.0717382735514387,-0.49795643813927315,1.5583966578116841
Bearing3_1,183,0.07213243988963343,-0.565942104355173,0.25352437390731786
Bearing3_1,184,0.07252660622782814,-0.5739589790289512,1.9100435483504756
Bearing3_1,185,0.07292077256602286,-0.5808696006619408,0.9678397021093023
Bearing3_1,186,0.07331493890421759,-0.6017150292617709,0.3322209204640919
Bearing3_1,187,0.0737091052424123,-0.6103037210191998,0.4247546261607974
Bearing3_1,188,0.07410327158060702,-0.620949522280751,0.4487853688440842
Bearing3_1,189,0.07449743791880173,-0.646706285964864,0.8020597143700474
Bearing3_1,190,0.07489160425699645,-0.6400182435953002,0.28620316508866334
Bearing3_1,191,0.07528577059519118,-0.6585065186111685,1.5669762731875667
Bearing3_1,192,0.07567993693338589,-0.6470109859141446,0.4303572871966033
Bearing3_1,193,0.07607410327158061,-0.6733308098887028,1.2152620847807825
Bearing3_1,194,0.07646826960977532,-0.6679399558228518,3.0488462638784823
Bearing3_1,195,0.07686243594797004,-0.6101551509996845,0.9605615421292828
Bearing3_1,196,0.07725660228616477,-0.5546551453954495,0.3678163612832913
Bearing3_1,197,0.07765076862435948,-0.5641121511329936,1.9324095088890403
Bearing3_1,198,0.0780449349625542,-0.5428626091925642,0.6515990736325863
Bearing3_1,199,0.07843910130074892,-0.5441958163479306,1.6093070862566128
Bearing3_1,200,0.07883326763894363,-0.5262275896443246,0.43653161682900804
Bearing3_1,201,0.07922743397713836,-0.4867153686412836,0.7480569897600072
Bearing3_1,202,0.07962160031533307,-0.4509848490494591,0.6190982448970325
Bearing3_1,203,0.08001576665352779,-0.42403546961809413,1.4949838112753446
Bearing3_1,204,0.08040993299172251,-0.5062357512290634,0.9126050450695911
Bearing3_1,205,0.08080409932991722,-0.628138541961493,0.5131092795676953
Bearing3_1,206,0.08119826566811195,-0.7587920787088367,0.6878003314942216
Bearing3_1,207,0.08159243200630666,-0.8412481348513042,0.2468095951683582
Bearing3_1,208,0.08198659834450138,-0.9585037455622247,0.6333740662534342
Bearing3_1,209,0.0823807646826961,-1.0564840623512588,0.9197058329359944
Bearing3_1,210,0.08277493102089081,-1.1831785683776066,0.6044932452376087
Bearing3_1,211,0.08316909735908554,-1.2914754610900547,0.13745363621914947
Bearing3_1,212,0.08356326369728025,-1.4167610368070942,1.1581503530640511
Bearing3_1,213,0.08395743003547497,-1.4922719402665519,0.31237917489725947
Bearing3_1,214,0.0843515963736697,-1.5710542587974068,0.9794618895170629
Bearing3_1,215,0.0847457627118644,-1.6340010104465215,0.16245330699543628
Bearing3_1,216,0.08513992905005913,-1.6918835800924632,0.5255306859205776
Bearing3_1,217,0.08553409538825384,-1.7550234275627983,0.4299277524237677
Bearing3_1,218,0.08592826172644856,-1.8159689406946633,0.5036440751084168
Bearing3_1,219,0.08632242806464328,-1.6832226994555122,6.09089335422201
Bearing3_1,220,0.086716594402838,-1.551772913518818,0.6322895352269373
Bearing3_1,221,0.08711076074103272,-1.447965504486662,1.0497888881320527
Bearing3_1,222,0.08750492707922744,-1.3275004365445209,0.5527656154212929
Bearing3_1,223,0.08789909341742215,-1.230258766722981,0.5139107690211838
Bearing3_1,224,0.08829325975561687,-1.1107120319143375,0.2368337533773812
Bearing3_1,225,0.08868742609381158,-0.9927763488512907,0.08011353109461208
Bearing3_1,226,0.0890815924320063,-0.888586748720126,1.0040129873078583
Bearing3_1,227,0.08947575877020103,-0.7066082697005884,2.4378408373634857
Bearing3_1,228,0.08986992510839574,-0.5494582913118526,1.3769183752242127
Bearing3_1,229,0.09026409144659046,-0.5841829750890642,0.9060209340871421
Bearing3_1,230,0.09065825778478517,-0.6466355065321212,1.6488179279340645
Bearing3_1,231,0.0910524241229799,-0.6989746936854762,0.7386634879549531
Bearing3_1,232,0.09144659046117462,-0.7345700199026111,0.14740022250981996
Bearing3_1,233,0.09184075679936933,-0.7932470846972997,1.3586540426401472
Bearing3_1,234,0.09223492313756405,-0.8340158703484771,0.49111132302522537
Bearing3_1,235,0.09262908947575876,-0.8547981015946029,0.7253989964353018
Bearing3_1,236,0.09302325581395349,-0.8623984973779845,0.5089620143950231
Bearing3_1,237,0.09341742215214821,-0.9320827689748306,0.2139364484708126
Bearing3_1,238,0.09381158849034292,-0.9933455350182918,1.1073640760166201
Bearing3_1,239,0.09420575482853764,-1.0539096455633055,0.822232000544922
Bearing3_1,240,0.09459992116673237,-1.0944281795237258,0.9773752923279523
Bearing3_1,241,0.09499408750492708,-1.1281574686499014,0.46177340326499106
Bearing3_1,242,0.0953882538431218,-1.1980617040127548,1.2748671071452897
Bearing3_1,243,0.09578242018131651,-1.2316055489378388,0.1567787843698204
Bearing3_1,244,0.09617658651951123,-1.2786522559569722,0.12047899779760689
Bearing3_1,245,0.09657075285770596,-1.3259100936514652,0.7579843789024363
Bearing3_1,246,0.09696491919590067,-1.3539067455718334,0.21967781486274776
Bearing3_1,247,0.09735908553409539,-1.418079508724491,1.1100149399450536
Bearing3_1,248,0.0977532518722901,-1.3412074891641512,3.992141861362759
Bearing3_1,249,0.09814741821048482,-1.2383300714161902,0.2223964080557637
Bearing3_1,250,0.09854158454867955,-1.139582367000094,1.050747950866199
Bearing3_1,251,0.09893575088687426,-1.0241443013431808,0.16017774674749677
Bearing3_1,252,0.09932991722506898,-0.9440832915718117,2.55992225779352
Bearing3_1,253,0.09972408356326369,-0.822537499757088,1.443552074109393
Bearing3_1,254,0.10011824990145841,-0.7205364182414729,0.7368621120268828
Bearing3_1,255,0.10051241623965314,-0.6157366447528625,0.8444143223667779
Bearing3_1,256,0.10090658257784785,-0.5554502164269075,1.4569856730922053
Bearing3_1,257,0.10130074891604257,-0.4690917073001161,0.18300359875576142
Bearing3_1,258,0.1016949152542373,-0.478040509085557,0.5920901391821629
Bearing3_1,259,0.102089081592432,-0.5014377726190882,0.4380704765797062
Bearing3_1,260,0.10248324793062673,-0.512311088212473,0.6340124877960175
Bearing3_1,261,0.10287741426882144,-0.4910143203511327,1.2761736484798947
Bearing3_1,262,0.10327158060701616,-0.4238630244953132,0.8933030901618872
Bearing3_1,263,0.10366574694521088,-0.40898069918427016,0.446564811661331
Bearing3_1,264,0.1040599132834056,-0.3946941027978072,0.7634126648956702
Bearing3_1,265,0.10445407962160032,-0.4190983007487964,0.62089830393025
Bearing3_1,266,0.10484824595979503,-0.41396196139924823,0.3672106350611902
Bearing3_1,267,0.10524241229798975,-0.4123403599719272,0.348704902027564
Bearing3_1,268,0.10563657863618447,-0.45050322192943054,0.8839519560429581
Bearing3_1,269,0.10603074497437918,-0.47811226491415815,0.08732326930499738
Bearing3_1,270,0.10642491131257391,-0.558809352304245,2.5536887133029085
Bearing3_1,271,0.10681907765076862,-0.6407393874445728,1.2430167790568307
Bearing3_1,272,0.10721324398896334,-0.6286586978652214,2.4850287219308402
Bearing3_1,273,0.10760741032715807,-0.6380222459203031,1.2087845060509048
Bearing3_1,274,0.10800157666535277,-0.5951349929261727,1.1498702631519198
Bearing3_1,275,0.1083957430035475,-0.5556696294697976,0.7051232204890675
Bearing3_1,276,0.10878990934174222,-0.524355537877675,0.6881394546238903
Bearing3_1,277,0.10918407567993693,-0.47900232908990903,0.21930016120609405
Bearing3_1,278,0.10957824201813166,-0.41687170704006615,0.3078641327793293
Bearing3_1,279,0.10997240835632636,-0.3833135035985117,1.0928281906318824
Bearing3_1,280,0.11036657469452109,-0.2683548583127692,0.45665054605726224
Bearing3_1,281,0.11076074103271581,-0.19940609932746317,0.43992661716958426
Bearing3_1,282,0.11115490737091052,-0.22250553164923614,0.8825372476897577
Bearing3_1,283,0.11154907370910525,-0.19662253791264525,0.5733207093068138
Bearing3_1,284,0.11194324004729996,-0.2185915938075636,0.601149467565788
Bearing3_1,285,0.11233740638549468,-0.24444655032773013,0.8594250164611856
Bearing3_1,286,0.1127315727236894,-0.2683639511135266,0.6168453556751357
Bearing3_1,287,0.11312573906188411,-0.3383882732554359,1.472647548986218
Bearing3_1,288,0.11351990540007884,-0.4001394395385742,0.12368418363871671
Bearing3_1,289,0.11391407173827355,-0.3894263630504214,1.5429295915355448
Bearing3_1,290,0.11430823807646827,-0.41518853749116846,0.9101118452421497
Bearing3_1,291,0.11470240441466299,-0.43486572001463164,0.21346070885271212
Bearing3_1,292,0.1150965707528577,-0.4490202869857486,0.6476503871216766
Bearing3_1,293,0.11549073709105243,-0.5020286640361203,0.863671230388484
Bearing3_1,294,0.11588490342924715,-0.5722537554445537,1.262565220352837
Bearing3_1,295,0.11627906976744186,-0.5388804138438845,2.8857145970982905
Bearing3_1,296,0.11667323610563658,-0.5080861029151256,0.6810236359920986
Bearing3_1,297,0.11706740244383129,-0.4432169324464854,0.2915693753831483
Bearing3_1,298,0.11746156878202602,-0.3866973157587396,0.3271926753400086
Bearing3_1,299,0.11785573512022074,-0.387153185883912,0.5078918783915719
Bearing3_1,300,0.11824990145841545,-0.38625033863384906,0.9121501260132143
Bearing3_1,301,0.11864406779661017,-0.39272505636742816,0.45820389165134073
Bearing3_1,302,0.11903823413480488,-0.41401564149262804,1.1950260427309674
Bearing3_1,303,0.1194324004729996,-0.4139971702263807,0.17076668256022523
Bearing3_1,304,0.11982656681119433,-0.38330529487590786,0.17895001475830438
Bearing3_1,305,0.12022073314938904,-0.4607079000372979,1.0299752514588016
Bearing3_1,306,0.12061489948758376,-0.5351901832098502,0.609535862679654
Bearing3_1,307,0.12100906582577847,-0.5364866533176779,2.403188701950367
Bearing3_1,308,0.1214032321639732,-0.5508003088188846,0.7920549463024771
Bearing3_1,309,0.12179739850216792,-0.5509444387885035,0.1361507390504734
Bearing3_1,310,0.12219156484036263,-0.5331250823409276,0.23076568353654384
Bearing3_1,311,0.12258573117855735,-0.5468787455800154,1.6387183434370955
Bearing3_1,312,0.12297989751675206,-0.5331993559064403,0.22852535022591558
Bearing3_1,313,0.12337406385494679,-0.5374490779403476,0.740904661353677
Bearing3_1,314,0.12376823019314151,-0.5810860123934001,1.620916649637854
Bearing3_1,315,0.12416239653133622,-0.5771686278438332,0.7816832640828282
Bearing3_1,316,0.12455656286953094,-0.586640827167669,1.0572109075221943
Bearing3_1,317,0.12495072920772567,-0.6727929802198988,0.39863537906137186
Bearing3_1,318,0.12534489554592038,-0.7548735263827482,0.6544982857661831
Bearing3_1,319,0.1257390618841151,-0.8445329941371732,0.2668485570919329
Bearing3_1,320,0.12613322822230982,-0.9436872299096578,0.5832596780419136
Bearing3_1,321,0.12652739456050452,-0.9227473638898289,2.71292182639693
Bearing3_1,322,0.12692156089869924,-0.9036604168244798,0.27608916286356516
Bearing3_1,323,0.12731572723689397,-0.8446223548911396,0.7261507163453897
Bearing3_1,324,0.1277098935750887,-0.7600792884165484,0.6006215743705016
Bearing3_1,325,0.1281040599132834,-0.7099985032770523,0.5667447267443181
Bearing3_1,326,0.12849822625147814,-0.6382720747208411,0.28856669618327546
Bearing3_1,327,0.12889239258967283,-0.5607572613563672,0.2223126944122789
Bearing3_1,328,0.12928655892786756,-0.47421610154544946,0.34101489453488637
Bearing3_1,329,0.12968072526606228,-0.40732544768083134,0.9772925550030652
Bearing3_1,330,0.130074891604257,-0.3103518185419622,0.5404755352723475
Bearing3_1,331,0.13046905794245173,-0.28100474559625466,0.31252321594805077
Bearing3_1,332,0.13086322428064642,-0.25202516941146497,0.28766780192085006
Bearing3_1,333,0.13125739061884115,-0.2518573181684768,0.3515019412846536
Bearing3_1,334,0.13165155695703587,-0.26698026800912633,1.1652713030447517
Bearing3_1,335,0.1320457232952306,-0.2636889348025216,0.15156553822400837
Bearing3_1,336,0.13243988963342532,-0.2905986474336074,1.3949054333265218
Bearing3_1,337,0.13283405597162,-0.30671581211849736,0.2366492064573258
Bearing3_1,338,0.13322822230981474,-0.3146157523344678,0.19660084462911245
Bearing3_1,339,0.13362238864800946,-0.30560948205646216,0.44819008696047047
Bearing3_1,340,0.13401655498620418,-0.342867362161716,1.1751246736144223
Bearing3_1,341,0.1344107213243989,-0.3945785401584419,0.24690888449923937
Bearing3_1,342,0.1348048876625936,-0.41053893164508076,1.0217689076584247
Bearing3_1,343,0.13519905400078833,-0.44261105254693334,0.9099145834752401
Bearing3_1,344,0.13559322033898305,-0.44415131848750367,0.15511158413368753
Bearing3_1,345,0.13598738667717777,-0.4669564734943559,0.6336742728696956
Bearing3_1,346,0.1363815530153725,-0.45641602918333524,0.23647912267556706
Bearing3_1,347,0.1367757193535672,-0.47363342732515124,0.8177117816679155
Bearing3_1,348,0.13716988569176192,-0.45540169187996105,1.3134448607043117
Bearing3_1,349,0.13756405202995664,-0.44819771681443205,0.7720601230615535
Bearing3_1,350,0.13795821836815136,-0.4113670388735751,0.137608473537225
Bearing3_1,351,0.1383523847063461,-0.3734464713952199,0.21082380855073451
Bearing3_1,352,0.13874655104454078,-0.3741482787233089,0.3946514088504416
Bearing3_1,353,0.1391407173827355,-0.3508125109442713,0.08154198169970256
Bearing3_1,354,0.13953488372093023,-0.33323266716483274,0.30548836364462
Bearing3_1,355,0.13992905005912495,-0.3086577335551202,0.4448473991326658
Bearing3_1,356,0.14032321639731968,-0.30237264215698395,0.8427003610108303
Bearing3_1,357,0.14071738273551437,-0.2625419103384655,0.4630107849147424
Bearing3_1,358,0.1411115490737091,-0.2579145317821363,0.10149472106804713
Bearing3_1,359,0.14150571541190382,-0.23543349986484322,0.1882240197080126
Bearing3_1,360,0.14189988175009854,-0.22449401229192442,0.5142572940081285
Bearing3_1,361,0.14229404808829327,-0.2191971417887551,0.44534568489884885
Bearing3_1,362,0.142688214426488,-0.19916228346242523,0.1726296460277456
Bearing3_1,363,0.1430823807646827,-0.22499648023579696,1.6877714960379628
Bearing3_1,364,0.1434765471028774,-0.2095102102740495,1.2043769952092274
Bearing3_1,365,0.14387071344107213,-0.213401041397051,1.1205663556070204
Bearing3_1,366,0.14426487977926686,-0.2214828649185593,0.9953087664328043
Bearing3_1,367,0.14465904611746158,-0.19994750270979333,1.520997116454374
Bearing3_1,368,0.14505321245565628,-0.19562164700273932,0.620753490906614
Bearing3_1,369,0.145447378793851,-0.23584488228250863,1.7586974547601208
Bearing3_1,370,0.14584154513204572,-0.21294641493257888,1.7933810140090367
Bearing3_1,371,0.14623571147024045,-0.19686264417721316,0.6469040256113344
Bearing3_1,372,0.14662987780843517,-0.20929055835902077,0.8810165520059942
Bearing3_1,373,0.14702404414662987,-0.15885046169213937,0.567136253207093
Bearing3_1,374,0.1474182104848246,-0.1668375752227667,0.8900262924868878
Bearing3_1,375,0.14781237682301931,-0.15058573723919183,0.3061247190245896
Bearing3_1,376,0.14820654316121404,-0.10286834653620747,0.18783930477033808
Bearing3_1,377,0.14860070949940876,-0.13125658847090868,1.2441276025702155
Bearing3_1,378,0.14899487583760346,-0.14103567574026515,0.1168531889290012
Bearing3_1,379,0.14938904217579818,-0.08969145314629448,0.48178752582703266
Bearing3_1,380,0.1497832085139929,-0.11993197125412683,1.1865398814794632
Bearing3_1,381,0.15017737485218763,-0.1525126589477709,0.7502601094385033
Bearing3_1,382,0.15057154119038235,-0.1397585573174956,0.7972585881978975
Bearing3_1,383,0.15096570752857705,-0.1677107421771144,0.9388080739277525
Bearing3_1,384,0.15135987386677177,-0.2079595861013094,1.3459530004768068
Bearing3_1,385,0.1517540402049665,-0.200892659737211,1.4554225643121494
Bearing3_1,386,0.15214820654316122,-0.20807863977297117,0.3812787503121949
Bearing3_1,387,0.15254237288135594,-0.18305137125896834,0.1630830551960584
Bearing3_1,388,0.15293653921955064,-0.18116321825443876,0.7822396294530345
Bearing3_1,389,0.15333070555774536,-0.2098933604469908,0.6764082828145221
Bearing3_1,390,0.15372487189594009,-0.1940737350940212,0.5024893853733851
Bearing3_1,391,0.1541190382341348,-0.2062385707336182,1.7719937333969076
Bearing3_1,392,0.15451320457232953,-0.19859930648433843,1.4759699384692233
Bearing3_1,393,0.15490737091052423,-0.17436892102826856,0.3348441977158686
Bearing3_1,394,0.15530153724871895,-0.14696099439156296,1.2318671298503734
Bearing3_1,395,0.15569570358691368,-0.15954459980777919,0.1288505551392957
Bearing3_1,396,0.1560898699251084,-0.15166343590402703,0.3693169402629249
Bearing3_1,397,0.15648403626330312,-0.13703882786517024,0.22053572644915195
Bearing3_1,398,0.15687820260149785,-0.11317475319286222,0.476328088459006
Bearing3_1,399,0.15727236893969254,-0.10508412979206164,1.214834865926481
Bearing3_1,400,0.15766653527788727,-0.08114549956219165,1.0105444224961968
Bearing3_1,401,0.158060701616082,-0.01797782890967462,0.3512936221419976
Bearing3_1,402,0.1584548679542767,0.0016025723488094195,0.11979056830824422
Bearing3_1,403,0.15884903429247144,-0.05324636060637498,3.0035403582862203
Bearing3_1,404,0.15924320063066613,-0.055823216487873986,0.6372491428830915
Bearing3_1,405,0.15963736696886086,-0.07124312877771254,0.43250259973208
Bearing3_1,406,0.16003153330705558,-0.07671843190880086,0.7155453079944599
Bearing3_1,407,0.1604256996452503,-0.12473391686402577,1.4059483686397385
Bearing3_1,408,0.16081986598344503,-0.189742825479703,1.0501648843175988
Bearing3_1,409,0.16121403232163972,-0.1897165437063975,1.1407959494130735
Bearing3_1,410,0.16160819865983445,-0.19180148025252108,0.9337960629384919
Bearing3_1,411,0.16200236499802917,-0.20836890240699887,0.8518679472333855
Bearing3_1,412,0.1623965313362239,-0.24693519111329412,0.8840949072497332
Bearing3_1,413,0.16279069767441862,-0.18461589336629788,0.6668037145516881
Bearing3_1,414,0.1631848640126133,-0.1428623784422184,0.1677300365551847
Bearing3_1,415,0.16357903035080804,-0.08616493095564767,0.24999648071203143
Bearing3_1,416,0.16397319668900276,-0.06178404185705285,0.437975569329973
Bearing3_1,417,0.16436736302719748,-0.002883749077518133,0.19991213132620395
Bearing3_1,418,0.1647615293653922,0.06454500849665327,0.785488636105624
Bearing3_1,419,0.1651556957035869,0.11772074176202967,0.6379243466612174
Bearing3_1,420,0.16554986204178163,0.09348900144963021,1.904395976659174
Bearing3_1,421,0.16594402837997635,0.10338316316310799,0.39408487160275185
Bearing3_1,422,0.16633819471817107,0.140776791380035,0.13797836205526418
Bearing3_1,423,0.1667323610563658,0.14229130857421257,0.6567709284108711
Bearing3_1,424,0.1671265273945605,0.14321398442834238,0.17028342755943054
Bearing3_1,425,0.16752069373275522,0.13139801487963126,0.3861671094157982
Bearing3_1,426,0.16791486007094994,0.13249192730896658,0.09187956655995277
Bearing3_1,427,0.16830902640914466,0.1226858357291627,0.5316789955270985
Bearing3_1,428,0.1687031927473394,0.13295981078625557,0.12691246054991712
Bearing3_1,429,0.16909735908553408,0.11535504099439955,0.40061271938787096
Bearing3_1,430,0.1694915254237288,0.14565999641087046,0.2009247326476398
Bearing3_1,431,0.16988569176192353,0.17922349214117872,0.492251163635538
Bearing3_1,432,0.17027985810011825,0.1916439169835478,0.6804243580137593
Bearing3_1,433,0.17067402443831298,0.2073893360316426,0.5618378402924414
Bearing3_1,434,0.17106819077650767,0.19206194201241597,1.2735538451059192
Bearing3_1,435,0.1714623571147024,0.214605609946421,1.0342960288808665
Bearing3_1,436,0.17185652345289712,0.22498560433709275,0.44796893944554184
Bearing3_1,437,0.17225068979109184,0.24953148631789307,0.10884120064482437
Bearing3_1,438,0.17264485612928657,0.27219446509466094,0.21317321708330494
Bearing3_1,439,0.1730390224674813,0.25532595562687144,1.870696001634766
Bearing3_1,440,0.173433188805676,0.27054398558152154,1.0201667461344595
Bearing3_1,441,0.1738273551438707,0.2447071016634645,1.0307492223508843
Bearing3_1,442,0.17422152148206543,0.24843055032260325,0.4065576368548918
Bearing3_1,443,0.17461568782026016,0.22194080757990778,1.663811456985219
Bearing3_1,444,0.17500985415845488,0.27352268408206404,1.6037726767023137
Bearing3_1,445,0.17540402049664958,0.23326961951132258,2.287135390413914
Bearing3_1,446,0.1757981868348443,0.23270719676543683,0.9863009331789387
Bearing3_1,447,0.17619235317303902,0.2226762139242334,0.36670299480053586
Bearing3_1,448,0.17658651951123375,0.1985273616510668,0.6621368208341848
Bearing3_1,449,0.17698068584942847,0.24921878394788477,0.9110990622800444
Bearing3_1,450,0.17737485218762317,0.2396205374091683,1.181029085212179
Bearing3_1,451,0.1777690185258179,0.26537142617374165,0.26302047998546874
Bearing3_1,452,0.1781631848640126,0.2508322664760128,1.0805692618577298
Bearing3_1,453,0.17855735120220734,0.2785279645914754,0.18938955112049588
Bearing3_1,454,0.17895151754040206,0.25862076556715163,0.18677957904774878
Bearing3_1,455,0.17934568387859676,0.2692283135943874,1.2594564402969826
Bearing3_1,456,0.17973985021679148,0.26657082077081207,0.5572479168085734
Bearing3_1,457,0.1801340165549862,0.26586162250963064,0.3083848284630929
Bearing3_1,458,0.18052818289318093,0.2707678992670205,0.413164044229503
Bearing3_1,459,0.18092234923137565,0.2451534923296143,0.26028885407442726
Bearing3_1,460,0.18131651556957035,0.2600655765100911,0.30916047953136705
Bearing3_1,461,0.18171068190776507,0.25643115863746974,0.4647032672615399
Bearing3_1,462,0.1821048482459598,0.2470322834002324,1.2500013168948527
Bearing3_1,463,0.18249901458415452,0.22265098197458305,0.6896799491406126
Bearing3_1,464,0.18289318092234924,0.21905936249041416,0.650197715868583
Bearing3_1,465,0.18328734726054394,0.25249445022217104,0.15391952183093793
Bearing3_1,466,0.18368151359873866,0.2578392999626403,0.500549962536612
Bearing3_1,467,0.18407567993693338,0.2666906619183341,0.21865395181981245
Bearing3_1,468,0.1844698462751281,0.28041082041327214,0.31320588969870355
Bearing3_1,469,0.18486401261332283,0.28054307894372704,0.7144047408214699
Bearing3_1,470,0.18525817895151753,0.27386844392231996,0.186613741116636
Bearing3_1,471,0.18565234528971225,0.22737857730279792,1.855687033126717
Bearing3_1,472,0.18604651162790697,0.23401797048930395,0.6623452989124264
Bearing3_1,473,0.1864406779661017,0.2673822064493988,0.3642788184274459
Bearing3_1,474,0.18683484430429642,0.268805415975096,0.5857769906682107
Bearing3_1,475,0.18722901064249114,0.2757045700462705,0.34716649637853914
Bearing3_1,476,0.18762317698068584,0.2706764355789536,0.8949315895829076
Bearing3_1,477,0.18801734331888056,0.2450676434551017,0.9634113934109847
Bearing3_1,478,0.1884115096570753,0.21487277112462397,0.41546593102195584
Bearing3_1,479,0.18880567599527,0.19312296974015275,0.42375364984219965
Bearing3_1,480,0.18919984233346474,0.17796758872079715,0.303145289830393
Bearing3_1,481,0.18959400867165943,0.1929454891234507,0.7415452171741252
Bearing3_1,482,0.18998817500985415,0.1827793548445713,0.26406922780010444
Bearing3_1,483,0.19038234134804888,0.13049718689009931,1.227572054583021
Bearing3_1,484,0.1907765076862436,0.1128793505000105,0.7406498649047522
Bearing3_1,485,0.19117067402443833,0.07856605406602266,0.33665631314851396
Bearing3_1,486,0.19156484036263302,0.03600495610263998,1.1948252389710057
Bearing3_1,487,0.19195900670082774,0.033586614583632296,0.5160079467792839
Bearing3_1,488,0.19235317303902247,0.03888416645013406,0.1417381195649706
Bearing3_1,489,0.1927473393772172,0.050359488030150015,0.18604892945530505
Bearing3_1,490,0.19314150571541192,0.027364159765150636,0.9454212474172967
Bearing3_1,491,0.1935356720536066,0.014294705122676221,0.42602506641236976
Bearing3_1,492,0.19392983839180133,0.012403221404578136,0.17172891265354312
Bearing3_1,493,0.19432400472999606,0.037421778455493944,0.24021522148809119
Bearing3_1,494,0.19471817106819078,0.028654333935989033,0.5316502508911746
Bearing3_1,495,0.1951123374063855,0.025251854208844526,0.15848067797379833
Bearing3_1,496,0.1955065037445802,0.03282412760786454,0.8708344118248076
Bearing3_1,497,0.19590067008277492,0.043028215361410424,0.6674524442022569
Bearing3_1,498,0.19629483642096965,0.04626872428158235,0.4495511659060464
Bearing3_1,499,0.19668900275916437,0.032522199511879124,0.7779740707944509
Bearing3_1,500,0.1970831690973591,0.06389988129383581,0.6607751061462661
Bearing3_1,501,0.1974773354355538,0.05896745673318756,1.676690325363849
Bearing3_1,502,0.19787150177374851,0.03541822384657802,0.600236859432827
Bearing3_1,503,0.19826566811194324,0.027000947042183476,0.3447215448538928
Bearing3_1,504,0.19865983445013796,0.010601994484254685,0.7931915627909089
Bearing3_1,505,0.19905400078833269,0.0024556060177901144,0.2560836909384011
Bearing3_1,506,0.19944816712652738,0.006167351514908841,0.40507308766432804
Bearing3_1,507,0.1998423334647221,-0.037297291340415775,1.0790004313965897
Bearing3_1,508,0.20023649980291683,-0.08344397240147472,0.4840812841995323
Bearing3_1,509,0.20063066614111155,-0.09267647243494717,0.5900648003087892
Bearing3_1,510,0.20102483247930628,-0.14054600977461623,0.7621471743523375
Bearing3_1,511,0.20141899881750097,-0.13381015813235017,0.31913768362736417
Bearing3_1,512,0.2018131651556957,-0.13918115072587509,0.9532864700406422
Bearing3_1,513,0.20220733149389042,-0.15174230956807513,0.13505072315691483
Bearing3_1,514,0.20260149783208514,-0.12044400653350226,0.8536284086006857
Bearing3_1,515,0.20299566417027987,-0.12697875745202108,1.179284426583112
Bearing3_1,516,0.2033898305084746,-0.1489122405004298,0.945719683037032
Bearing3_1,517,0.20378399684666929,-0.12085765531695018,0.7362312285720772
Bearing3_1,518,0.204178163184864,-0.09711605251403113,0.616231728083918
Bearing3_1,519,0.20457232952305873,-0.07722070611348264,0.39593320164384804
Bearing3_1,520,0.20496649586125346,-0.06798492051738414,1.1265647662511635
Bearing3_1,521,0.20536066219944818,-0.06641285619551093,0.19232025520514043
Bearing3_1,522,0.20575482853764288,-0.04139180520369514,0.15754749903503396
Bearing3_1,523,0.2061489948758376,-0.034511114595188144,0.5848929455305043
Bearing3_1,524,0.20654316121403232,-0.036224279270860825,0.48122716436210067
Bearing3_1,525,0.20693732755222705,-0.03752374512468629,1.156217151420203
Bearing3_1,526,0.20733149389042177,-0.019724063091640105,0.2949766818790727
Bearing3_1,527,0.20772566022861647,-0.016740484418489653,0.21181706514088505
Bearing3_1,528,0.2081198265668112,-0.03845867292285252,1.551927525372931
Bearing3_1,529,0.2085139929050059,-0.060670915957556026,0.45154667029948004
Bearing3_1,530,0.20890815924320064,-0.05532132115936739,0.1617524691778489
Bearing3_1,531,0.20930232558139536,-0.07219837017025735,0.8429685534591195
Bearing3_1,532,0.20969649191959006,-0.0918728945212215,0.24413105374293304
Bearing3_1,533,0.21009065825778478,-0.10706250995975389,0.4600833276570624
Bearing3_1,534,0.2104848245959795,-0.14705755577430568,0.4594981722407647
Bearing3_1,535,0.21087899093417423,-0.14166243887736357,0.5544570079240742
Bearing3_1,536,0.21127315727236895,-0.16312547542434838,1.2142349976159663
Bearing3_1,537,0.21166732361056365,-0.18717834816898468,0.13901495129759553
Bearing3_1,538,0.21206148994875837,-0.1590067201501136,0.3976706400563086
Bearing3_1,539,0.2124556562869531,-0.17731031564427904,1.2686004132325228
Bearing3_1,540,0.21284982262514782,-0.20317409229472236,0.39817750834411825
Bearing3_1,541,0.21324398896334254,-0.18815959903234195,0.6728975319574053
Bearing3_1,542,0.21363815530153724,-0.17478303647199264,0.3000408691506028
Bearing3_1,543,0.21403232163973196,-0.1392210331951537,0.4392596326317462
Bearing3_1,544,0.21442648797792668,-0.11308271018950292,0.7693603977930659
Bearing3_1,545,0.2148206543161214,-0.11954908964096593,0.6903922530254524
Bearing3_1,546,0.21521482065431613,-0.10219527323992601,0.36274779193061324
Bearing3_1,547,0.21560898699251083,-0.0945697447046526,0.24983593306541335
Bearing3_1,548,0.21600315333070555,-0.12656060403705585,1.098343073814227
Bearing3_1,549,0.21639731966890027,-0.09578564252778068,1.0573999954589832
Bearing3_1,550,0.216791486007095,-0.07612629173962956,0.8293613059964126
Bearing3_1,551,0.21718565234528972,-0.07770726757495756,0.1250841563926163
Bearing3_1,552,0.21757981868348444,-0.08568285198063591,0.4867494039915537
Bearing3_1,553,0.21797398502167914,-0.11160724977961242,0.3210671843425743
Bearing3_1,554,0.21836815135987386,-0.11427447534961592,0.17862630838044638
Bearing3_1,555,0.2187623176980686,-0.10914609252854106,0.3850370319914629
Bearing3_1,556,0.2191564840362633,-0.0936825519149034,0.14194413414163431
Bearing3_1,557,0.21955065037445803,-0.08388099258604356,0.4720061303725904
Bearing3_1,558,0.21994481671265273,-0.058585940435068415,0.5816214154349159
Bearing3_1,559,0.22033898305084745,-0.07066598863528276,0.44613019094975365
Bearing3_1,560,0.22073314938904218,-0.0760138375814495,0.5599940058579116
Bearing3_1,561,0.2211273157272369,-0.0841041875587396,0.21285745748473084
Bearing3_1,562,0.22152148206543162,-0.09166258799784893,0.48137470199577687
Bearing3_1,563,0.22191564840362632,-0.10820627240849212,0.5976273187566696
Bearing3_1,564,0.22230981474182104,-0.14257230372160032,0.5700289262765933
Bearing3_1,565,0.22270398108001577,-0.16016565657251725,0.23988102536157846
Bearing3_1,566,0.2230981474182105,-0.1924443086583066,0.5467537179574506
Bearing3_1,567,0.22349231375640521,-0.21770327023476863,0.24715571146379675
Bearing3_1,568,0.2238864800945999,-0.2353133735425823,0.2702100674340985
Bearing3_1,569,0.22428064643279463,-0.25974670650138776,0.624120246123107
Bearing3_1,570,0.22467481277098936,-0.26411318329863237,0.21669418522807257
Bearing3_1,571,0.22506897910918408,-0.26308145903024616,0.035589160025429695
Bearing3_1,572,0.2254631454473788,-0.25737002125966246,0.3286554049451672
Bearing3_1,573,0.2258573117855735,-0.2663564433498502,1.1474040369638763
Bearing3_1,574,0.22625147812376822,-0.25359598891353846,0.2731610244533751
Bearing3_1,575,0.22664564446196295,-0.24351941429533683,0.15067713371023772
Bearing3_1,576,0.22703981080015767,-0.229353909279703,0.3918956474354608
Bearing3_1,577,0.2274339771383524,-0.21612545361574317,0.22228040778330269
Bearing3_1,578,0.2278281434765471,-0.2092592114035686,0.4625181300093091
Bearing3_1,579,0.22822230981474181,-0.1740657508512095,0.41433966805167677
Bearing3_1,580,0.22861647615293654,-0.16637706446096207,0.7983992007810549
Bearing3_1,581,0.22901064249113126,-0.15598853563847334,0.13590751084167746
Bearing3_1,582,0.22940480882932598,-0.17278005833803517,1.3045169493449584
Bearing3_1,583,0.22979897516752068,-0.15408560784242628,0.28573351043298595
Bearing3_1,584,0.2301931415057154,-0.14682146197944862,0.2891982380855073
Bearing3_1,585,0.23058730784391013,-0.15307187638472042,0.3660984038326181
Bearing3_1,586,0.23098147418210485,-0.16150402885840381,0.46307721998955564
Bearing3_1,587,0.23137564052029957,-0.1580077059683304,0.21267845060509047
Bearing3_1,588,0.2317698068584943,-0.15959578586126005,0.6858505551392957
Bearing3_1,589,0.232163973196689,-0.1756092979532365,0.16621727629816316
Bearing3_1,590,0.23255813953488372,-0.1805636576527186,0.39421161137978794
Bearing3_1,591,0.23295230587307844,-0.20200031562505014,0.4896438480575801
Bearing3_1,592,0.23334647221127316,-0.21226633601077965,0.922759303408033
Bearing3_1,593,0.2337406385494679,-0.21698634503927655,0.43263201870898893
Bearing3_1,594,0.23413480488766258,-0.20640896064750297,0.3675518924687238
Bearing3_1,595,0.2345289712258573,-0.20173989156208066,0.5813126717071952
Bearing3_1,596,0.23492313756405203,-0.18276440425575977,0.14857262221011283
Bearing3_1,597,0.23531730390224675,-0.17956249647674857,0.4176418954203846
Bearing3_1,598,0.23571147024044148,-0.1747940775475611,0.5812448743273619
Bearing3_1,599,0.23610563657863617,-0.18272274838627356,0.594256158753945
Bearing3_1,600,0.2364998029168309,-0.19250057744332555,0.46221438139999543
Bearing3_1,601,0.23689396925502562,-0.16877796166383724,0.7119105419703472
Bearing3_1,602,0.23728813559322035,-0.1541897336900801,1.2202917149149695
Bearing3_1,603,0.23768230193141507,-0.14554721774505086,0.200120927275617
Bearing3_1,604,0.23807646826960976,-0.14770941904274235,0.06055466816520219
Bearing3_1,605,0.2384706346078045,-0.15653357711529428,0.8137734486751583
Bearing3_1,606,0.2388648009459992,-0.1558765953118955,0.41368548918102765
Bearing3_1,607,0.23925896728419394,-0.1742177008547538,1.0499485502804078
Bearing3_1,608,0.23965313362238866,-0.18190837448912006,0.2294904525123175
Bearing3_1,609,0.24004729996058335,-0.16736033644510678,0.26496156029334966
Bearing3_1,610,0.24044146629877808,-0.14870249586047918,0.32646677111005157
Bearing3_1,611,0.2408356326369728,-0.12600518650817877,0.8501053061780532
Bearing3_1,612,0.24122979897516753,-0.10928686270279175,1.3979524555547986
Bearing3_1,613,0.24162396531336225,-0.11057066948711372,0.5368937629135163
Bearing3_1,614,0.24201813165155694,-0.1126155143875485,0.12107607338283041
Bearing3_1,615,0.24241229798975167,-0.10237723655043962,0.38662566128556186
Bearing3_1,616,0.2428064643279464,-0.1160864943130466,0.4687019503666871
Bearing3_1,617,0.24320063066614112,-0.16707103799327397,2.430710714528983
Bearing3_1,618,0.24359479700433584,-0.16218427394453122,1.839371886565402
Bearing3_1,619,0.24398896334253053,-0.16996581139833913,0.26549077038348884
Bearing3_1,620,0.24438312968072526,-0.17747672396195022,0.3305440138046909
Bearing3_1,621,0.24477729601891998,-0.23997453960549403,1.1284149581091207
Bearing3_1,622,0.2451714623571147,-0.2677070561438321,0.20164947891832982
Bearing3_1,623,0.24556562869530943,-0.30720911803911144,0.946647140294712
Bearing3_1,624,0.24595979503350412,-0.3391812249103651,0.2793914810526077
Bearing3_1,625,0.24635396137169885,-0.3758458776576158,0.5429327702472584
Bearing3_1,626,0.24674812770989357,-0.41114551403579663,0.42760992666257974
Bearing3_1,627,0.2471422940480883,-0.37859137312271485,0.15168971232658993
Bearing3_1,628,0.24753646038628302,-0.4032733044084324,0.2375567740617124
Bearing3_1,629,0.24793062672447774,-0.4355471161072148,0.5377804418409282
Bearing3_1,630,0.24832479306267244,-0.46228005561830166,0.17744694957200918
Bearing3_1,631,0.24871895940086716,-0.4718354420421266,0.5027420929546126
Bearing3_1,632,0.24911312573906189,-0.4590739459101448,0.6510086506368776
Bearing3_1,633,0.2495072920772566,-0.4255042775237059,0.2086800853711146
Bearing3_1,634,0.24990145841545133,-0.4140921395623992,0.5663314488113889
Bearing3_1,635,0.25029562475364603,-0.4068464409998226,0.6845979610834866
Bearing3_1,636,0.25068979109184075,-0.40837968923130774,0.7227190245896056
Bearing3_1,637,0.2510839574300355,-0.407243533988651,0.18801089844016075
Bearing3_1,638,0.2514781237682302,-0.41929805833751155,0.7472637195468065
Bearing3_1,639,0.2518722901064249,-0.4123163984879198,0.24388570260881412
Bearing3_1,640,0.25226645644461965,-0.4236397881460333,0.7844472901482642
Bearing3_1,641,0.25266062278281437,-0.41404995807289663,0.282715096610131
Bearing3_1,642,0.25305478912100904,-0.43344672580117144,0.43305642213291556
Bearing3_1,643,0.25344895545920376,-0.4593960432937981,0.40950648230138725
Bearing3_1,644,0.2538431217973985,-0.47533304361042567,0.24666196671434734
Bearing3_1,645,0.2542372881355932,-0.5001657354597819,1.0012917376200532
Bearing3_1,646,0.25463145447378793,-0.5081902627816401,0.14820838725790705
Bearing3_1,647,0.25502562081198266,-0.5136889996498031,0.273942033921395
Bearing3_1,648,0.2554197871501774,-0.5122757024955408,0.49261757827577596
Bearing3_1,649,0.2558139534883721,-0.5424423990882565,0.9741977612787504
Bearing3_1,650,0.2562081198265668,-0.5354318141530822,0.600322957110097
Bearing3_1,651,0.25660228616476155,-0.5459756058591353,0.38274599822900346
Bearing3_1,652,0.2569964525029563,-0.5628565010861148,0.6816706400563086
Bearing3_1,653,0.25739061884115094,-0.546210505167138,0.8165066866471403
Bearing3_1,654,0.25778478517934567,-0.5138260079028063,0.38482592012351563
Bearing3_1,655,0.2581789515175404,-0.49196360966841135,1.361865722135186
Bearing3_1,656,0.2585731178557351,-0.47389162266719287,0.3083063596939355
Bearing3_1,657,0.25896728419392984,-0.4570053538252024,0.26812542288218333
Bearing3_1,658,0.25936145053212456,-0.4512477354194154,0.867633176668256
Bearing3_1,659,0.2597556168703193,-0.438827834402292,0.7136674159344277
Bearing3_1,660,0.260149783208514,-0.4418462139544467,0.134297016552006
Bearing3_1,661,0.26054394954670873,-0.4375860167463187,0.20340119882841767
Bearing3_1,662,0.26093811588490345,-0.44228248237964507,0.9533519515019413
Bearing3_1,663,0.2613322822230981,-0.46821449570112517,0.1263280316962968
Bearing3_1,664,0.26172644856129285,-0.5043774385731621,0.09890584201802784
Bearing3_1,665,0.26212061489948757,-0.5250659318666557,0.8316700497241333
Bearing3_1,666,0.2625147812376823,-0.5275623257389793,0.45731530549690075
Bearing3_1,667,0.262908947575877,-0.5629898678674985,1.0141184751265808
Bearing3_1,668,0.26330311391407174,-0.5626651270346644,0.4372087732443294
Bearing3_1,669,0.26369728025226646,-0.5409506701365261,0.1820127375519379
Bearing3_1,670,0.2640914465904612,-0.5274538016974949,0.2663314034012215
Bearing3_1,671,0.2644856129286559,-0.536647425281403,0.9348374997161865
Bearing3_1,672,0.26487977926685063,-0.5229834110483365,0.13711947415026224
Bearing3_1,673,0.2652739456050453,-0.5356131659546894,0.9254945394273778
Bearing3_1,674,0.26566811194324,-0.5372165706434002,0.3954116204618214
Bearing3_1,675,0.26606227828143475,-0.5333110167833375,0.6087384147310583
Bearing3_1,676,0.2664564446196295,-0.5447071834351482,0.17972945757555117
Bearing3_1,677,0.2668506109578242,-0.5357839724250516,0.27802913062234635
Bearing3_1,678,0.2672447772960189,-0.5286648789257724,0.39057471107781033
Bearing3_1,679,0.26763894363421364,-0.5390114525877471,0.5603445723497491
Bearing3_1,680,0.26803310997240837,-0.5545182728998326,0.4765421065776627
Bearing3_1,681,0.2684272763106031,-0.5599226545017969,0.5464549644665441
Bearing3_1,682,0.2688214426487978,-0.5599511817703633,0.11133791976023431
Bearing3_1,683,0.26921560898699254,-0.5345668963330681,0.11260840542197398
Bearing3_1,684,0.2696097753251872,-0.5432719607441117,0.8244719024589605
Bearing3_1,685,0.27000394166338193,-0.5450282643128699,0.4101095747337829
Bearing3_1,686,0.27039810800157665,-0.5353027995769833,0.3196647594396385
Bearing3_1,687,0.2707922743397714,-0.5385725404626909,0.730941897690893
Bearing3_1,688,0.2711864406779661,-0.5577119015059842,0.24842422178325727
Bearing3_1,689,0.2715806070161608,-0.5685366656084263,0.286004654542152
Bearing3_1,690,0.27197477335435555,-0.5622607688091105,0.17870785368844083
Bearing3_1,691,0.27236893969255027,-0.5823055969673814,1.5176116068387713
Bearing3_1,692,0.272763106030745,-0.5830084085300108,0.811482959834707
Bearing3_1,693,0.2731572723689397,-0.5914696926816158,0.3616833776082465
Bearing3_1,694,0.2735514387071344,-0.6030112186906228,0.9543309947097155
Bearing3_1,695,0.2739456050453291,-0.614456980686501,0.3712038916513407
Bearing3_1,696,0.27433977138352383,-0.6325779046827582,0.0589212360647549
Bearing3_1,697,0.27473393772171856,-0.6414006550977269,0.38976023431646345
Bearing3_1,698,0.2751281040599133,-0.649609920082524,0.2016681424971051
Bearing3_1,699,0.275522270398108,-0.6523754268385307,0.11325167449992053
Bearing3_1,700,0.27591643673630273,-0.673072798662887,0.5324036055672865
Bearing3_1,701,0.27631060307449745,-0.6885050455256405,1.3100021342778647
Bearing3_1,702,0.2767047694126922,-0.6986202483788044,0.9656195082078878
Bearing3_1,703,0.2770989357508869,-0.7181266963115581,0.6456535658333901
Bearing3_1,704,0.27749310208908157,-0.7326606228284052,0.7596359920986309
Bearing3_1,705,0.2778872684272763,-0.7358500005099808,0.11811733987239743
Bearing3_1,706,0.278281434765471,-0.7375760926706976,0.1367958585927389
Bearing3_1,707,0.27867560110366574,-0.715295682009992,0.49974929046613537
Bearing3_1,708,0.27906976744186046,-0.7229076393717728,1.2638699452807483
Bearing3_1,709,0.2794639337800552,-0.7219888429941184,0.2505116136502963
Bearing3_1,710,0.2798581001182499,-0.7246972033946633,0.6249632404695411
Bearing3_1,711,0.28025226645644463,-0.7293538099249413,1.4081392275730535
Bearing3_1,712,0.28064643279463936,-0.7366063482626757,0.8477152782508004
Bearing3_1,713,0.2810405991328341,-0.7275809161878369,0.11677452716663261
Bearing3_1,714,0.28143476547102875,-0.7233611661819488,0.9755858592738914
Bearing3_1,715,0.28182893180922347,-0.766445955948637,1.6682632881502168
Bearing3_1,716,0.2822230981474182,-0.7159398552364021,3.4676722294121656
Bearing3_1,717,0.2826172644856129,-0.727645198104764,1.7545965533682992
Bearing3_1,718,0.28301143082380764,-0.7040664205892113,0.10212482119746612
Bearing3_1,719,0.28340559716200237,-0.6932898622399705,0.27977742206480033
Bearing3_1,720,0.2837997635001971,-0.6610992653855123,0.207115864041959
Bearing3_1,721,0.2841939298383918,-0.6015066131811294,0.46033203914356424
Bearing3_1,722,0.28458809617658654,-0.601201649772092,1.2810031105964625
Bearing3_1,723,0.28498226251478126,-0.5927443170721209,0.31672865154508095
Bearing3_1,724,0.285376428852976,-0.5572778162029832,0.14901851599573143
Bearing3_1,725,0.28577059519117065,-0.5097963622074595,1.207329382648775
Bearing3_1,726,0.2861647615293654,-0.559268649515053,0.1427556932997298
Bearing3_1,727,0.2865589278675601,-0.5563380264619484,0.16241110959743887
Bearing3_1,728,0.2869530942057548,-0.5586968005944335,0.19531911995095702
Bearing3_1,729,0.28734726054394955,-0.5685122163911376,0.48414563040664804
Bearing3_1,730,0.28774142688214427,-0.5831323370150642,0.11791194968553459
Bearing3_1,731,0.288135593220339,-0.5930204587786858,0.24175934881820038
Bearing3_1,732,0.2885297595585337,-0.599814177705335,1.172483981563472
Bearing3_1,733,0.28892392589672844,-0.621141813903201,0.2729013237063779
Bearing3_1,734,0.28931809223492316,-0.6484312283670126,0.2042713257498354
Bearing3_1,735,0.28971225857311783,-0.6531267093770843,0.4234873646209386
Bearing3_1,736,0.29010642491131255,-0.665598807525112,0.33153431873396455
Bearing3_1,737,0.2905005912495073,-0.6751434569910936,0.2684219058647231
Bearing3_1,738,0.290894757587702,-0.670412038417954,0.3310077197284472
Bearing3_1,739,0.2912889239258967,-0.660363197132341,0.31394623436187363
Bearing3_1,740,0.29168309026409145,-0.674754308458096,0.8797874804168654
Bearing3_1,741,0.2920772566022862,-0.6971511511840707,0.5509027995368163
Bearing3_1,742,0.2924714229404809,-0.6819705180261146,0.20941432236677793
Bearing3_1,743,0.2928655892786756,-0.6600440207248802,0.1348338896078832
Bearing3_1,744,0.29325975561687034,-0.6470236964607737,0.5418205390186863
Bearing3_1,745,0.293653921955065,-0.6536346600251555,1.1430545603160547
Bearing3_1,746,0.29404808829325974,-0.6173347232475412,1.2252111799831982
Bearing3_1,747,0.29444225463145446,-0.6042001821011017,0.600853892786595
Bearing3_1,748,0.2948364209696492,-0.6019577276682753,0.1851414186136276
Bearing3_1,749,0.2952305873078439,-0.6133338665593364,0.810472492791136
Bearing3_1,750,0.29562475364603863,-0.583899905983424,0.6014597098290307
Bearing3_1,751,0.29601891998423335,-0.5577027481992972,0.6641740117612334
Bearing3_1,752,0.2964130863224281,-0.5555554041682865,0.7017358944667711
Bearing3_1,753,0.2968072526606228,-0.5788031031542145,0.9282963467520378
Bearing3_1,754,0.2972014189988175,-0.594038292849344,0.3047071498308471
Bearing3_1,755,0.2975955853370122,-0.5567059040234228,0.8223863042935313
Bearing3_1,756,0.2979897516752069,-0.6051462094274653,1.8709750017028812
Bearing3_1,757,0.29838391801340164,-0.6224544045336267,0.5389710964284904
Bearing3_1,758,0.29877808435159636,-0.6438946670251052,0.2187401176123334
Bearing3_1,759,0.2991722506897911,-0.6314359753337416,0.4595888563449356
Bearing3_1,760,0.2995664170279858,-0.6355324547810587,0.2965862225552301
Bearing3_1,761,0.29996058336618053,-0.6337266250203368,0.4246046817882524
Bearing3_1,762,0.30035474970437526,-0.6195024217810875,0.28177764911563696
Bearing3_1,763,0.30074891604257,-0.5715797786583559,0.3000394614354154
Bearing3_1,764,0.3011430823807647,-0.5565665340761404,1.4405916944803943
Bearing3_1,765,0.3015372487189594,-0.5243119064260655,1.4400690234543514
Bearing3_1,766,0.3019314150571541,-0.4745438917461473,1.237877982880367
Bearing3_1,767,0.3023255813953488,-0.45549828681834814,0.6213363304043775
Bearing3_1,768,0.30271974773354354,-0.42322693230150116,0.3021663828531208
Bearing3_1,769,0.30311391407173827,-0.42963277515267057,0.9802294121653838
Bearing3_1,770,0.303508080409933,-0.43577056442590345,0.059165094339622644
Bearing3_1,771,0.3039022467481277,-0.4479651183250005,0.6485432872420135
Bearing3_1,772,0.30429641308632244,-0.4767038468897682,0.8227627545807507
Bearing3_1,773,0.30469057942451716,-0.5194386998976308,0.26673026360602137
Bearing3_1,774,0.3050847457627119,-0.530798808918884,0.3322653089026633
Bearing3_1,775,0.3054789121009066,-0.5572732550662512,0.8627916354471766
Bearing3_1,776,0.3058730784391013,-0.5559319808596886,0.2310363735440365
Bearing3_1,777,0.306267244777296,-0.5626737284230238,0.900554276502509
Bearing3_1,778,0.3066614111154907,-0.594995761446158,0.6549479826533161
Bearing3_1,779,0.30705557745368545,-0.6096424743359712,0.3275607474513544
Bearing3_1,780,0.30744974379188017,-0.6232185423028626,0.09251516699589038
Bearing3_1,781,0.3078439101300749,-0.6238180104584681,0.17929920759257997
Bearing3_1,782,0.3082380764682696,-0.6321785207020711,1.1102285493722044
Bearing3_1,783,0.30863224280646434,-0.6409806850925966,0.30401484912471904
Bearing3_1,784,0.30902640914465906,-0.6443273622726764,0.09329936085189473
Bearing3_1,785,0.3094205754828538,-0.7122030794461367,1.479637081942647
Bearing3_1,786,0.30981474182104846,-0.7524244454275225,0.7717545126353791
Bearing3_1,787,0.3102089081592432,-0.7636543212238356,0.20598481029902596
Bearing3_1,788,0.3106030744974379,-0.7734435284465994,0.607135708285085
Bearing3_1,789,0.3109972408356326,-0.7975665366618424,0.8386349703698658
Bearing3_1,790,0.31139140717382735,-0.8023980922557877,0.7009059328383626
Bearing3_1,791,0.3117855735120221,-0.793553263187708,0.39610789455759143
Bearing3_1,792,0.3121797398502168,-0.7691155309790932,0.6100664350748133
Bearing3_1,793,0.3125739061884115,-0.7474341143816524,0.345116068387712
Bearing3_1,794,0.31296807252660624,-0.7326599503048679,0.37099066821061233
Bearing3_1,795,0.31336223886480097,-0.6978956965787525,0.7549206911427468
Bearing3_1,796,0.3137564052029957,-0.7075552458505421,0.8327513566287492
Bearing3_1,797,0.31415057154119036,-0.722758335771678,0.12466683695479418
Bearing3_1,798,0.3145447378793851,-0.7236343925404274,0.19733044978770747
Bearing3_1,799,0.3149389042175798,-0.7269842083790218,0.9072698953295643
Bearing3_1,800,0.31533307055577453,-0.7592068142065689,0.3526398292577708
Bearing3_1,801,0.31572723689396925,-0.8062974522168378,0.23645405626319732
Bearing3_1,802,0.316121403232164,-0.841179557094263,0.2356058170424358
Bearing3_1,803,0.3165155695703587,-0.8673563518377273,0.1139063642349522
Bearing3_1,804,0.3169097359085534,-0.8778899265752313,0.26488252389710054
Bearing3_1,805,0.31730390224674815,-0.8967569569928335,1.0666619440092637
Bearing3_1,806,0.31769806858494287,-0.8931768754962477,0.07385129873078582
Bearing3_1,807,0.31809223492313754,-0.9084730083162642,0.698453465931022
Bearing3_1,808,0.31848640126133226,-0.9396789770941723,0.6604622755034852
Bearing3_1,809,0.318880567599527,-0.9325262269593171,0.4877581908589333
Bearing3_1,810,0.3192747339377217,-0.9430807607382811,0.9723772676702314
Bearing3_1,811,0.31966890027591643,-0.9224577090880096,0.9516343573326068
Bearing3_1,812,0.32006306661411116,-0.9289945761795881,1.1126104942896715
Bearing3_1,813,0.3204572329523059,-0.9303388166019835,0.19610081057148696
Bearing3_1,814,0.3208513992905006,-0.9924691365413771,1.9683727266534978
Bearing3_1,815,0.32124556562869533,-1.0191027818767822,0.2741218127738801
Bearing3_1,816,0.32163973196689005,-1.0479204859556912,0.10920189360397793
Bearing3_1,817,0.3220338983050847,-1.0279925771037353,1.0690429807233839
Bearing3_1,818,0.32242806464327944,-1.0062014451948933,0.5894814158890176
Bearing3_1,819,0.32282223098147417,-0.9842990366695694,0.4645253956360829
Bearing3_1,820,0.3232163973196689,-1.0127286143915668,2.797328065753922
Bearing3_1,821,0.3236105636578636,-1.0097964050538213,2.0824476080194354
Bearing3_1,822,0.32400472999605834,-0.9969684145290962,0.7338792543650523
Bearing3_1,823,0.32439889633425306,-1.0279332151804952,1.4401335058919693
Bearing3_1,824,0.3247930626724478,-0.9662027667165368,1.4118787548532117
Bearing3_1,825,0.3251872290106425,-0.8932631920466594,0.6344639102695093
Bearing3_1,826,0.32558139534883723,-0.8343280150552879,0.5955903094702903
Bearing3_1,827,0.3259755616870319,-0.8003218383768596,0.2605256908021706
Bearing3_1,828,0.3263697280252266,-0.7392447736288897,0.42483105147242467
Bearing3_1,829,0.32676389436342135,-0.726973146552011,1.3068496696410326
Bearing3_1,830,0.32715806070161607,-0.6691603021058988,1.1501108462184684
Bearing3_1,831,0.3275522270398108,-0.6641749436622859,0.16149980700678881
Bearing3_1,832,0.3279463933780055,-0.6488268141773016,0.393087255636537
Bearing3_1,833,0.32834055971620024,-0.5906322848017669,0.21181447676134688
Bearing3_1,834,0.32873472605439497,-0.5949888798701014,0.9173244329405353
Bearing3_1,835,0.3291288923925897,-0.6133054693882356,0.18177380060395523
Bearing3_1,836,0.3295230587307844,-0.664790575889891,1.8279633994051268
Bearing3_1,837,0.32991722506897914,-0.6990180312196834,0.7857141429966169
Bearing3_1,838,0.3303113914071738,-0.758201576479403,0.5421857275844062
Bearing3_1,839,0.33070555774536853,-0.8034275226867889,0.7855326839679404
Bearing3_1,840,0.33109972408356325,-0.8109083426809944,0.22429423517925665
Bearing3_1,841,0.331493890421758,-0.8159504825112164,0.26390931589582906
Bearing3_1,842,0.3318880567599527,-0.8404706021555542,1.0470548327770588
Bearing3_1,843,0.3322822230981474,-0.8907952720565951,0.8096491156369912
Bearing3_1,844,0.33267638943634215,-0.9053970133063279,0.4468315963944327
Bearing3_1,845,0.33307055577453687,-0.9212314014491367,0.11574493109007107
Bearing3_1,846,0.3334647221127316,-0.8910272336291968,0.18812756851258997
Bearing3_1,847,0.3338588884509263,-0.8827039611753443,0.11323292010081057
Bearing3_1,848,0.334253054789121,-0.8633857923452011,0.19876886224825738
Bearing3_1,849,0.3346472211273157,-0.8508843899584513,1.024592057761733
Bearing3_1,850,0.33504138746551043,-0.8384123272476337,0.28516440751084166
Bearing3_1,851,0.33543555380370516,-0.8455092677693186,0.5009844924278546
Bearing3_1,852,0.3358297201418999,-0.8241690967436437,0.18432173103557886
Bearing3_1,853,0.3362238864800946,-0.8064622896987445,0.9484442022568853
Bearing3_1,854,0.3366180528182893,-0.8011109958753364,0.09664426810162795
Bearing3_1,855,0.33701221915648405,-0.8214176776152199,0.8475478963739982
Bearing3_1,856,0.3374063854946788,-0.8548125240802396,0.6281547124401153
Bearing3_1,857,0.3378005518328735,-0.8608733101951845,0.9706001861816861
Bearing3_1,858,0.33819471817106816,-0.8456399717604306,0.7066878732148127
Bearing3_1,859,0.3385888845092629,-0.8100442160104757,0.32240898667211587
Bearing3_1,860,0.3389830508474576,-0.8041888150332577,0.867241922666485
Bearing3_1,861,0.33937721718565234,-0.7856522808629897,0.09831412483255
Bearing3_1,862,0.33977138352384706,-0.7901911817106793,0.8609066594010399
Bearing3_1,863,0.3401655498620418,-0.7739739364090782,0.23782655586585835
Bearing3_1,864,0.3405597162002365,-0.7417763600548135,0.5672292532297981
Bearing3_1,865,0.34095388253843123,-0.7285052237210909,1.5381740571714007
Bearing3_1,866,0.34134804887662595,-0.7084150298822867,0.375492813841019
Bearing3_1,867,0.3417422152148207,-0.7157577917030968,0.11155624049224622
Bearing3_1,868,0.34213638155301535,-0.7950413375830551,1.9725192198533252
Bearing3_1,869,0.34253054789121007,-0.848447469301636,0.6280886406466408
Bearing3_1,870,0.3429247142294048,-0.8663429641993625,0.4465236246395568
Bearing3_1,871,0.3433188805675995,-0.8943360486123609,0.39667947233385553
Bearing3_1,872,0.34371304690579424,-0.8862485634662033,0.49349821765093205
Bearing3_1,873,0.34410721324398896,-0.8994501536857026,0.9870719069999773
Bearing3_1,874,0.3445013795821837,-0.9205790385872616,0.310671094157982
Bearing3_1,875,0.3448955459203784,-0.9021047177796415,0.13898155211951957
Bearing3_1,876,0.34528971225857313,-0.8756744166184784,0.36040844175010783
Bearing3_1,877,0.34568387859676786,-0.8730965314769025,0.8964546465953727
Bearing3_1,878,0.3460780449349626,-0.8101651111033543,0.2696321095293236
Bearing3_1,879,0.34647221127315725,-0.7940709536116499,1.0523215948050768
Bearing3_1,880,0.346866377611352,-0.7965774887261508,0.25829321345049155
Bearing3_1,881,0.3472605439495467,-0.8049301046336949,0.6111662693277025
Bearing3_1,882,0.3476547102877414,-0.8354470798715038,0.4021264673160321
Bearing3_1,883,0.34804887662593614,-0.8341868675108962,0.3044763753604432
Bearing3_1,884,0.34844304296413087,-0.8467272089957534,0.3296870331267171
Bearing3_1,885,0.3488372093023256,-0.8667773546707306,0.37287954953114
Bearing3_1,886,0.3492313756405203,-0.8718409135984858,0.46534745589537496
Bearing3_1,887,0.34962554197871504,-0.8717772508654822,0.6784664532388802
Bearing3_1,888,0.35001970831690976,-0.8902348964458057,0.4532991848874963
Bearing3_1,889,0.35041387465510443,-0.8988546021275724,0.7036876234588925
Bearing3_1,890,0.35080804099329915,-0.8991565453451195,0.17724535113411893
Bearing3_1,891,0.3512022073314939,-0.8852385262888995,0.14312899893286107
Bearing3_1,892,0.3515963736696886,-0.8718162453900359,0.4360879140839634
Bearing3_1,893,0.3519905400078833,-0.8847756057176547,0.7580391435642441
Bearing3_1,894,0.35238470634607805,-0.8732515364299328,0.6956927548078015
Bearing3_1,895,0.35277887268427277,-0.8928269022759103,1.5168939445541856
Bearing3_1,896,0.3531730390224675,-0.9425300776527831,0.6361656108802761
Bearing3_1,897,0.3535672053606622,-0.9707741504597317,0.0957531957405263
Bearing3_1,898,0.35396137169885694,-0.9732121676966662,0.5563169175578412
Bearing3_1,899,0.3543555380370516,-0.9980362140461294,1.5897600072656268
Bearing3_1,900,0.35474970437524633,-1.0038063943687419,0.8011152737097836
Bearing3_1,901,0.35514387071344106,-0.9943856929998445,0.464691142746861
Bearing3_1,902,0.3555380370516358,-0.9891623797203147,0.5298222191948777
Bearing3_1,903,0.3559322033898305,-0.9682874058741268,0.21044488340939535
Bearing3_1,904,0.3563263697280252,-0.9658491900869656,0.06146037962899893
Bearing3_1,905,0.35672053606621995,-0.9345646051532258,0.4689744113707059
Bearing3_1,906,0.3571147024044147,-0.9075987528414118,0.7696764525577277
Bearing3_1,907,0.3575088687426094,-0.9003850557770068,0.6556970233635311
Bearing3_1,908,0.3579030350808041,-0.8994085810302808,0.29850827600299706
Bearing3_1,909,0.35829720141899885,-0.8541664936848727,0.19557307631178622
Bearing3_1,910,0.3586913677571935,-0.8378980208258143,0.3249605385645846
Bearing3_1,911,0.35908553409538824,-0.8507360658309662,0.6018177689984787
Bearing3_1,912,0.35947970043358296,-0.885328315542453,1.316081919941875
Bearing3_1,913,0.3598738667717777,-0.871507029126192,1.5481343232749813
Bearing3_1,914,0.3602680331099724,-0.8865508132734105,1.040434847762414
Bearing3_1,915,0.36066219944816713,-0.8990567900558304,0.3623981109370388
Bearing3_1,916,0.36105636578636185,-0.8756142161328725,0.5566506822877643
Bearing3_1,917,0.3614505321245566,-0.8456507950453798,0.42610562404922464
Bearing3_1,918,0.3618446984627513,-0.840132475004709,0.6315091615012601
Bearing3_1,919,0.362238864800946,-0.8255775932441901,0.5199371523284063
Bearing3_1,920,0.3626330311391407,-0.8152923767697763,0.4712155847694299
Bearing3_1,921,0.3630271974773354,-0.7753996577033295,0.5186095860863247
Bearing3_1,922,0.36342136381553014,-0.7358317868825703,1.3247371886565402
Bearing3_1,923,0.36381553015372486,-0.7397805546969171,0.11908273732488704
Bearing3_1,924,0.3642096964919196,-0.706130492831731,0.3094259246645324
Bearing3_1,925,0.3646038628301143,-0.6919932514391599,1.032885770724065
Bearing3_1,926,0.36499802916830903,-0.6826259405771472,0.35686538155893105
Bearing3_1,927,0.36539219550650376,-0.6835367171218991,0.7785447857775356
Bearing3_1,928,0.3657863618446985,-0.6728349294402169,0.21364709488454464
Bearing3_1,929,0.3661805281828932,-0.672144727682938,0.08076653497718139
Bearing3_1,930,0.3665746945210879,-0.672822992932762,0.5155725086846945
Bearing3_1,931,0.3669688608592826,-0.6986451826288348,0.43734641146152625
Bearing3_1,932,0.3673630271974773,-0.7026075816253345,0.5549182389937107
Bearing3_1,933,0.36775719353567204,-0.7168180752568605,0.3985959176259565
Bearing3_1,934,0.36815135987386677,-0.7314407091520876,0.29997715868582975
Bearing3_1,935,0.3685455262120615,-0.7231052373323797,0.2844816202347706
Bearing3_1,936,0.3689396925502562,-0.7447608608849239,0.7387984923824444
Bearing3_1,937,0.36933385888845094,-0.7636641636564627,0.6414911790749949
Bearing3_1,938,0.36972802522664566,-0.7906551226392848,0.5205977794428173
Bearing3_1,939,0.3701221915648404,-0.8070481532605227,0.4246446427355085
Bearing3_1,940,0.37051635790303505,-0.8472434009477127,1.3420172104534205
Bearing3_1,941,0.3709105242412298,-0.8517730646815245,0.8713541766001408
Bearing3_1,942,0.3713046905794245,-0.8422313592404576,0.21197400267919989
Bearing3_1,943,0.3716988569176192,-0.8351304622841355,0.48780083100606225
Bearing3_1,944,0.37209302325581395,-0.8694612410138911,1.1987225211724906
Bearing3_1,945,0.37248718959400867,-0.8706166692861789,0.9606015938968735
Bearing3_1,946,0.3728813559322034,-0.8751459922316884,0.8434467225211725
Bearing3_1,947,0.3732755222703981,-0.8776971213344865,0.6099833344685875
Bearing3_1,948,0.37366968860859284,-0.8517403869960987,0.5880128510773562
Bearing3_1,949,0.37406385494678757,-0.8481341019864874,0.42618309379470065
Bearing3_1,950,0.3744580212849823,-0.8170549683161206,0.3629845151329383
Bearing3_1,951,0.37485218762317696,-0.8301611144741088,0.755429920759258
Bearing3_1,952,0.3752463539613717,-0.8565931447327969,0.5175072088640646
Bearing3_1,953,0.3756405202995664,-0.8670518951590308,0.17193834434529892
Bearing3_1,954,0.37603468663776113,-0.8520615082962824,0.3270430942488023
Bearing3_1,955,0.37642885297595585,-0.8660944733098905,0.14081550984265376
Bearing3_1,956,0.3768230193141506,-0.8697239992600128,0.4917035624276275
Bearing3_1,957,0.3772171856523453,-0.859589929656352,0.12976175555706923
Bearing3_1,958,0.37761135199054,-0.8680310354434718,0.1989560429580183
Bearing3_1,959,0.37800551832873475,-0.8926844724550398,0.9665402447608019
Bearing3_1,960,0.37839968466692947,-0.9010886517340951,0.23553731580500875
Bearing3_1,961,0.37879385100512414,-0.8979568680727559,0.32133660286538157
Bearing3_1,962,0.37918801734331886,-0.8746213067652466,0.25164114615262356
Bearing3_1,963,0.3795821836815136,-0.8753503728953909,0.7409194650682288
Bearing3_1,964,0.3799763500197083,-0.8907232297474359,0.8299572690325364
Bearing3_1,965,0.38037051635790303,-0.9063608960449955,0.14189266171695844
Bearing3_1,966,0.38076468269609776,-0.9083210808674146,0.15512080239765683
Bearing3_1,967,0.3811588490342925,-0.9111302493086434,0.13481328474445428
Bearing3_1,968,0.3815530153724872,-0.9201815073601258,0.3627696569261858
Bearing3_1,969,0.3819471817106819,-0.9288625043897125,0.9654900892309788
Bearing3_1,970,0.38234134804887665,-0.9252444099073672,0.6878446064073747
Bearing3_1,971,0.3827355143870713,-0.952131553208895,1.4173253411438822
Bearing3_1,972,0.38312968072526604,-0.9856993505960665,0.22734936312240311
Bearing3_1,973,0.38352384706346077,-0.9966867136668283,0.1386044887950412
Bearing3_1,974,0.3839180134016555,-0.9749509002585853,0.3722938264877506
Bearing3_1,975,0.3843121797398502,-0.9509409115047154,0.12425344549644665
Bearing3_1,976,0.38470634607804494,-0.9740422732878937,1.6820389165134073
Bearing3_1,977,0.38510051241623966,-0.9880943518714375,0.22885307540358285
Bearing3_1,978,0.3854946787544344,-0.9997020868084665,0.26893043162364055
Bearing3_1,979,0.3858888450926291,-0.9933614899407466,0.3258764162295938
Bearing3_1,980,0.38628301143082383,-0.981060533287363,0.8806867833707968
Bearing3_1,981,0.3866771777690185,-0.9679901202216555,1.374730967463615
Bearing3_1,982,0.3870713441072132,-0.9417294924902965,0.503536680062666
Bearing3_1,983,0.38746551044540795,-0.9155387881838735,0.16632941670640056
Bearing3_1,984,0.38785967678360267,-0.8990599792620595,0.09530108076198261
Bearing3_1,985,0.3882538431217974,-0.8924231267900924,0.3513640760166201
Bearing3_1,986,0.3886480094599921,-0.8693685568145009,1.1215536634652499
Bearing3_1,987,0.38904217579818684,-0.8264709741410426,0.9163596485253048
Bearing3_1,988,0.38943634213638156,-0.789086371720378,0.4439376972504144
Bearing3_1,989,0.3898305084745763,-0.7835703500241923,1.452859705288014
Bearing3_1,990,0.390224674812771,-0.780922569701654,0.7734901800513135
Bearing3_1,991,0.39061884115096573,-0.7591698278889136,0.6948538927865949
Bearing3_1,992,0.3910130074891604,-0.7528621136117472,0.1314910769021184
Bearing3_1,993,0.3914071738273551,-0.7546002647853657,0.2741141611606839
Bearing3_1,994,0.39180134016554985,-0.7807825912451396,0.8607049474377313
Bearing3_1,995,0.3921955065037446,-0.7936308655878103,0.15809514565311172
Bearing3_1,996,0.3925896728419393,-0.8077329097454653,1.1537548305065504
Bearing3_1,997,0.392983839180134,-0.8377600615231284,0.36074436346297933
Bearing3_1,998,0.39337800551832874,-0.859000846693118,0.16689779306586744
Bearing3_1,999,0.39377217185652347,-0.8585938981889603,0.6913659832436483
Bearing3_1,1000,0.3941663381947182,-0.8816900083745077,0.1545591694480394
Bearing3_1,1001,0.3945605045329129,-0.903815068644564,0.6516977045160411
Bearing3_1,1002,0.3949546708711076,-0.9179016105109943,0.183662057534682
Bearing3_1,1003,0.3953488372093023,-0.9144822661035565,0.4172447835070272
Bearing3_1,1004,0.39574300354749703,-0.919027839711487,1.1568656994301023
Bearing3_1,1005,0.39613716988569175,-0.9409886497358005,0.533831982380855
Bearing3_1,1006,0.3965313362238865,-0.9213774848518946,0.4467073541766001
Bearing3_1,1007,0.3969255025620812,-0.9245928112219041,0.5185853824671344
Bearing3_1,1008,0.3973196689002759,-0.9201469079110713,0.19915593851463342
Bearing3_1,1009,0.39771383523847065,-0.9112472066730277,0.5255358172694866
Bearing3_1,1010,0.39810800157666537,-0.9045007933717786,0.20452380628022615
Bearing3_1,1011,0.3985021679148601,-0.8868215684782218,0.27296310423903913
Bearing3_1,1012,0.39889633425305476,-0.8637756790955894,0.3845099107690212
Bearing3_1,1013,0.3992905005912495,-0.8722638519217748,0.7264768067570329
Bearing3_1,1014,0.3996846669294442,-0.8592421415926674,0.40982512544558725
Bearing3_1,1015,0.40007883326763893,-0.8496547992039186,0.6400086279317939
Bearing3_1,1016,0.40047299960583366,-0.8458172937675578,0.19443795835887656
Bearing3_1,1017,0.4008671659440284,-0.8441742023611299,0.5732203982471675
Bearing3_1,1018,0.4012613322822231,-0.8457514851717427,0.12761394546238902
Bearing3_1,1019,0.40165549862041783,-0.8372691331231804,0.18466822196489793
Bearing3_1,1020,0.40204966495861255,-0.8242947404896037,0.11122201030810798
Bearing3_1,1021,0.4024438312968073,-0.8174192816494491,0.48493676634198396
Bearing3_1,1022,0.40283799763500194,-0.8262941294396876,0.25283413936380356
Bearing3_1,1023,0.40323216397319667,-0.8010719199769026,0.4872957791249461
Bearing3_1,1024,0.4036263303113914,-0.8193721616301838,1.9828736462093863
Bearing3_1,1025,0.4040204966495861,-0.8045098841569057,0.5619486865109098
Bearing3_1,1026,0.40441466298778084,-0.8115249841086897,0.62073378289399
Bearing3_1,1027,0.40480882932597556,-0.8275994573663837,0.8941573462298209
Bearing3_1,1028,0.4052029956641703,-0.8180953439991528,0.9443381241059873
Bearing3_1,1029,0.405597162002365,-0.8305620767899577,0.9734028108893581
Bearing3_1,1030,0.40599132834055973,-0.8519308165718004,0.356347455895375
Bearing3_1,1031,0.40638549467875446,-0.8576387809255979,0.1420359080898213
Bearing3_1,1032,0.4067796610169492,-0.8832709653477749,0.9177478373407806
Bearing3_1,1033,0.40717382735514385,-0.9349365157633353,0.5080895488499875
Bearing3_1,1034,0.40756799369333857,-0.8972929437097428,1.3102197397997413
Bearing3_1,1035,0.4079621600315333,-0.8784947503067603,0.23510909792702586
Bearing3_1,1036,0.408356326369728,-0.8526010712309032,0.3882180596235497
Bearing3_1,1037,0.40875049270792274,-0.7983057327353156,0.17610401198828418
Bearing3_1,1038,0.40914465904611746,-0.7713485135527232,0.1244493222532525
Bearing3_1,1039,0.4095388253843122,-0.7500506889125259,1.1573280657539222
Bearing3_1,1040,0.4099329917225069,-0.7148198030341703,0.24723574688372726
Bearing3_1,1041,0.41032715806070164,-0.6996273154758479,0.71480180732466
Bearing3_1,1042,0.41072132439889636,-0.6359840893354265,0.9020502690552414
Bearing3_1,1043,0.411115490737091,-0.570677031841096,0.4088218332084554
Bearing3_1,1044,0.41150965707528575,-0.564458643486645,0.899575414935404
Bearing3_1,1045,0.4119038234134805,-0.5674148468861141,0.48183157368934904
Bearing3_1,1046,0.4122979897516752,-0.5689608074554262,0.41148577526508184
Bearing3_1,1047,0.4126921560898699,-0.5816458604981668,0.2770872329314534
Bearing3_1,1048,0.41308632242806465,-0.6061529022301163,0.49498503734986266
Bearing3_1,1049,0.41348048876625937,-0.616981402586746,0.6798795268260563
Bearing3_1,1050,0.4138746551044541,-0.6326367862321449,0.10980313557205458
Bearing3_1,1051,0.4142688214426488,-0.6465873508326864,0.5888572077288105
Bearing3_1,1052,0.41466298778084354,-0.6689059965123553,0.5360004541016734
Bearing3_1,1053,0.4150571541190382,-0.672946249681303,0.29665508707399585
Bearing3_1,1054,0.41545132045723293,-0.6827244443171425,1.0554714256522035
Bearing3_1,1055,0.41584548679542765,-0.693665177395592,0.5608802760938174
Bearing3_1,1056,0.4162396531336224,-0.6968134034368693,0.11275067547623913
Bearing3_1,1057,0.4166338194718171,-0.7120172781211742,0.7107675680584883
Bearing3_1,1058,0.4170279858100118,-0.723527699688951,0.3574078060077651
Bearing3_1,1059,0.41742215214820655,-0.7119834294930655,0.22411797561474014
Bearing3_1,1060,0.4178163184864013,-0.7168663792176359,0.5711310310378493
Bearing3_1,1061,0.418210484824596,-0.7001022780606567,0.1950225688531662
Bearing3_1,1062,0.4186046511627907,-0.7163133431538286,0.6823642803623732
Bearing3_1,1063,0.41899881750098544,-0.7404960239853826,0.06235207637990146
Bearing3_1,1064,0.4193929838391801,-0.7639035634083179,1.039522103398951
Bearing3_1,1065,0.41978715017737483,-0.7882469060466335,0.5500167109415798
Bearing3_1,1066,0.42018131651556956,-0.8201261664827161,0.33693133982698725
Bearing3_1,1067,0.4205754828537643,-0.8210501840081201,0.41223554253797423
Bearing3_1,1068,0.420969649191959,-0.8200793079927315,0.29993901414526714
Bearing3_1,1069,0.42136381553015373,-0.8546442465042153,1.1931412483255002
Bearing3_1,1070,0.42175798186834845,-0.8651430104221387,0.44987530368049405
Bearing3_1,1071,0.4221521482065432,-0.9092933878005812,1.0427153463660515
Bearing3_1,1072,0.4225463145447379,-0.9288137818941635,0.242893853733851
Bearing3_1,1073,0.4229404808829326,-0.9476548402905449,0.09615577957904775
Bearing3_1,1074,0.4233346472211273,-0.9372707859635916,0.08415122720977226
Bearing3_1,1075,0.423728813559322,-0.9337272672973846,0.7581121631133211
Bearing3_1,1076,0.42412297989751674,-0.9170368840730123,0.19392634470858025
Bearing3_1,1077,0.42451714623571146,-0.9159059590688701,0.16760351247644348
Bearing3_1,1078,0.4249113125739062,-0.8912564112399638,0.5951987375973481
Bearing3_1,1079,0.4253054789121009,-0.8515900577707765,0.5952543196421679
Bearing3_1,1080,0.42569964525029563,-0.8287784506560494,0.31853479554072156
Bearing3_1,1081,0.42609381158849036,-0.7800576588583172,0.144393581272847
Bearing3_1,1082,0.4264879779266851,-0.7512233174116956,0.5066303839429648
Bearing3_1,1083,0.4268821442648798,-0.7162891647066701,0.23713627591217673
Bearing3_1,1084,0.42727631060307447,-0.6907176736499339,0.3381357991054197
Bearing3_1,1085,0.4276704769412692,-0.6617508325718392,0.6546435528914925
Bearing3_1,1086,0.4280646432794639,-0.6195386593599401,0.6294691097336693
Bearing3_1,1087,0.42845880961765864,-0.6119097256718324,1.3788720114433621
Bearing3_1,1088,0.42885297595585337,-0.6020559028195648,0.6412187180709761
Bearing3_1,1089,0.4292471422940481,-0.5862071472766346,0.3365507572145403
Bearing3_1,1090,0.4296413086322428,-0.5844745483363903,0.8532736643734532
Bearing3_1,1091,0.43003547497043754,-0.5752364178414926,0.17886208932179914
Bearing3_1,1092,0.43042964130863226,-0.5373355246500762,0.5824968326408283
Bearing3_1,1093,0.430823807646827,-0.5466281974393353,1.4650494289671459
Bearing3_1,1094,0.43121797398502165,-0.5422454368293029,0.19044832322957111
Bearing3_1,1095,0.4316121403232164,-0.5363484741741985,0.6100595327293781
Bearing3_1,1096,0.4320063066614111,-0.5312407715541454,0.5964284449288195
Bearing3_1,1097,0.4324004729996058,-0.49166886726827297,0.16639901914038555
Bearing3_1,1098,0.43279463933780055,-0.5123390468730232,1.5454255159730264
Bearing3_1,1099,0.43318880567599527,-0.5435376260542861,0.7508133869173308
Bearing3_1,1100,0.43358297201419,-0.5381425177286383,0.5108178371137297
Bearing3_1,1101,0.4339771383523847,-0.5554517003026239,0.657039620371001
Bearing3_1,1102,0.43437130469057944,-0.5934196503958736,0.22082685103194605
Bearing3_1,1103,0.43476547102877416,-0.6095074862654773,0.7330140544467907
Bearing3_1,1104,0.4351596373669689,-0.5873522851881632,1.5856129691437912
Bearing3_1,1105,0.43555380370516356,-0.5979091395612872,1.7828921735576595
Bearing3_1,1106,0.4359479700433583,-0.6196552813268121,0.2307559884658175
Bearing3_1,1107,0.436342136381553,-0.6234917819117104,0.5111427922711895
Bearing3_1,1108,0.4367363027197477,-0.6022689567914261,0.6238804804395705
Bearing3_1,1109,0.43713046905794245,-0.5580181478734273,0.1439417046976818
Bearing3_1,1110,0.4375246353961372,-0.5372989971561792,0.3949029357673183
Bearing3_1,1111,0.4379188017343319,-0.5001987253335058,0.10618027836432577
Bearing3_1,1112,0.4383129680725266,-0.47716407104164116,0.6948529845832482
Bearing3_1,1113,0.43870713441072134,-0.42758628328291853,0.2681052380628023
Bearing3_1,1114,0.43910130074891607,-0.4352700888637722,0.509087391867039
Bearing3_1,1115,0.43949546708711074,-0.4032816936124492,0.4430736325863361
Bearing3_1,1116,0.43988963342530546,-0.3737529961571652,0.15912381082124288
Bearing3_1,1117,0.4402837997635002,-0.37178897389829896,0.5090709079762958
Bearing3_1,1118,0.4406779661016949,-0.35076286349946284,0.1481878732148128
Bearing3_1,1119,0.44107213243988963,-0.3506076257047818,0.6655224666802897
Bearing3_1,1120,0.44146629877808435,-0.35024685227116775,0.38589805417432965
Bearing3_1,1121,0.4418604651162791,-0.3522500863394606,0.18581174079876484
Bearing3_1,1122,0.4422546314544738,-0.3384046303012432,0.16842850169152873
Bearing3_1,1123,0.4426487977926685,-0.3521330406934391,0.7653098108666531
Bearing3_1,1124,0.44304296413086325,-0.34315083455493417,0.35630165974161615
Bearing3_1,1125,0.4434371304690579,-0.3189370345016635,0.20141300547192517
Bearing3_1,1126,0.44383129680725264,-0.325136052628839,0.9896749994323729
Bearing3_1,1127,0.44422546314544736,-0.3099751474501813,0.294246645323888
Bearing3_1,1128,0.4446196294836421,-0.33269217936843026,1.3135031673591717
Bearing3_1,1129,0.4450137958218368,-0.3338851990220937,0.1618302340894126
Bearing3_1,1130,0.44540796216003153,-0.35567308050627955,1.134517176395795
Bearing3_1,1131,0.44580212849822626,-0.3427901227963093,1.1429473923211406
Bearing3_1,1132,0.446196294836421,-0.3301423005088363,0.18175631768953068
Bearing3_1,1133,0.4465904611746157,-0.357863529658714,2.183771496037963
Bearing3_1,1134,0.44698462751281043,-0.38329333219926076,0.3681171809368117
Bearing3_1,1135,0.4473787938510051,-0.4338195837769579,0.6944812115432646
Bearing3_1,1136,0.4477729601891998,-0.47357995543818265,0.6498892900120337
Bearing3_1,1137,0.44816712652739454,-0.5324972665165786,0.4883309947097155
Bearing3_1,1138,0.44856129286558927,-0.5388979010320585,0.6437425243512023
Bearing3_1,1139,0.448955459203784,-0.550851273507844,0.23067211588674705
Bearing3_1,1140,0.4493496255419787,-0.563163413173473,1.1993199373339691
Bearing3_1,1141,0.44974379188017344,-0.6084827350233507,0.09485128170197307
Bearing3_1,1142,0.45013795821836816,-0.6610780357023387,0.3995807279249824
Bearing3_1,1143,0.4505321245565629,-0.6552148365896364,0.11955712599050927
Bearing3_1,1144,0.4509262908947576,-0.6685225584810827,0.3290054265149967
Bearing3_1,1145,0.45132045723295233,-0.6813038088946067,0.6762523897100561
Bearing3_1,1146,0.451714623571147,-0.6895068127483835,0.4426333356038417
Bearing3_1,1147,0.4521087899093417,-0.6896699964342261,0.19399677587811912
Bearing3_1,1148,0.45250295624753645,-0.7003067223675122,0.22937835751424743
Bearing3_1,1149,0.45289712258573117,-0.7237426727432684,0.5304597779442817
Bearing3_1,1150,0.4532912889239259,-0.7149944138715926,0.15187079672138593
Bearing3_1,1151,0.4536854552621206,-0.7275845299965124,0.8497234974910882
Bearing3_1,1152,0.45407962160031534,-0.7305842984155106,0.11913750198669482
Bearing3_1,1153,0.45447378793851007,-0.7573699237690927,0.9482828145221716
Bearing3_1,1154,0.4548679542767048,-0.786034854528192,0.4016279999091797
Bearing3_1,1155,0.4552621206148995,-0.7978468647193039,0.1345808300978589
Bearing3_1,1156,0.4556562869530942,-0.7817961584071336,0.5848622482573849
Bearing3_1,1157,0.4560504532912889,-0.7714308030381953,0.330980905024635
Bearing3_1,1158,0.45644461962948363,-0.7820794657901946,0.5478935131575959
Bearing3_1,1159,0.45683878596767835,-0.7920702270515754,0.49658633608064845
Bearing3_1,1160,0.4572329523058731,-0.7959907283486343,0.2805880616670072
Bearing3_1,1161,0.4576271186440678,-0.7980298464604829,0.811936698226733
Bearing3_1,1162,0.4580212849822625,-0.7983499692236136,0.10002980042231456
Bearing3_1,1163,0.45841545132045725,-0.7831015522601227,0.38271666326090414
Bearing3_1,1164,0.45880961765865197,-0.7636420746028987,0.24995801830029743
Bearing3_1,1165,0.4592037839968467,-0.7573388889816791,0.5643234566219376
Bearing3_1,1166,0.45959795033504136,-0.7782340785887168,0.4936172831096883
Bearing3_1,1167,0.4599921166732361,-0.8032359531451082,0.48507835524373905
Bearing3_1,1168,0.4603862830114308,-0.7993696267532031,0.5311545080943624
Bearing3_1,1169,0.46078044934962553,-0.8014244926220929,0.7064642735508481
Bearing3_1,1170,0.46117461568782026,-0.832115430953699,0.7730942033921395
Bearing3_1,1171,0.461568782026015,-0.8591135159233272,0.6433894148899939
Bearing3_1,1172,0.4619629483642097,-0.8767464348071343,0.34826578570942035
Bearing3_1,1173,0.4623571147024044,-0.8672100665026787,0.6826481847285607
Bearing3_1,1174,0.46275128104059915,-0.8927419176291835,1.512885498263061
Bearing3_1,1175,0.4631454473787939,-0.8872088892953041,0.5962864473355585
Bearing3_1,1176,0.4635396137169886,-0.884561256806893,0.5325681720137139
Bearing3_1,1177,0.46393378005518326,-0.8706079385787572,0.15922535930794904
Bearing3_1,1178,0.464327946393378,-0.8701876007454705,0.1624771019231206
Bearing3_1,1179,0.4647221127315727,-0.8587732150935314,0.3621051926526349
Bearing3_1,1180,0.46511627906976744,-0.8557863875380038,1.086791544626842
Bearing3_1,1181,0.46551044540796216,-0.8265660412031256,0.3622864927457258
Bearing3_1,1182,0.4659046117461569,-0.8025672707377346,0.1786333015462162
Bearing3_1,1183,0.4662987780843516,-0.8169421351907318,0.8080610312649003
Bearing3_1,1184,0.46669294442254633,-0.7902871507585923,0.23157173671184977
Bearing3_1,1185,0.46708711076074105,-0.7993593355232611,0.7264413414163431
Bearing3_1,1186,0.4674812770989358,-0.8143547921815433,0.7918011034670662
Bearing3_1,1187,0.46787544343713044,-0.832494479290259,0.2529632631746248
Bearing3_1,1188,0.46826960977532517,-0.8424454505658368,0.3526482074336444
Bearing3_1,1189,0.4686637761135199,-0.8648191271574548,0.839776763617374
Bearing3_1,1190,0.4690579424517146,-0.8540725135277093,0.1684825965533683
Bearing3_1,1191,0.46945210878990934,-0.8611422323545842,0.3222596099266626
Bearing3_1,1192,0.46984627512810406,-0.8737225772487257,0.12362854483118771
Bearing3_1,1193,0.4702404414662988,-0.8685203265302966,0.15759977749018006
Bearing3_1,1194,0.4706346078044935,-0.8796686753683634,0.6054616624662262
Bearing3_1,1195,0.47102877414268823,-0.8621910096725871,0.3254112798855664
Bearing3_1,1196,0.47142294048088296,-0.8513598928776343,0.9520093544944713
Bearing3_1,1197,0.4718171068190776,-0.839678412402362,0.23772769793156687
Bearing3_1,1198,0.47221127315727235,-0.8493790857955746,0.492352655359535
Bearing3_1,1199,0.4726054394954671,-0.8420784749685808,0.17159997048339123
Bearing3_1,1200,0.4729996058336618,-0.856339250394275,0.6351664509683718
Bearing3_1,1201,0.4733937721718565,-0.8700928682749327,0.341575278704902
Bearing3_1,1202,0.47378793851005124,-0.8788268870896074,0.17130509956179188
Bearing3_1,1203,0.47418210484824597,-0.8999833897460888,0.6178713984061032
Bearing3_1,1204,0.4745762711864407,-0.9223175194455939,0.6447320118974639
Bearing3_1,1205,0.4749704375246354,-0.9595556803586582,0.31760951797107373
Bearing3_1,1206,0.47536460386283014,-0.9765048891311029,0.3176322003496583
Bearing3_1,1207,0.4757587702010248,-0.9975309633942754,0.32172311150466587
Bearing3_1,1208,0.47615293653921953,-0.9970086054815616,0.3457875939422837
Bearing3_1,1209,0.47654710287741425,-0.994099328974327,0.09493321299638989
Bearing3_1,1210,0.476941269215609,-0.9914005772248486,0.6709361760098086
Bearing3_1,1211,0.4773354355538037,-0.9721700066402826,0.32864570987444086
Bearing3_1,1212,0.4777296018919984,-0.9614742677016228,0.20643741343686853
Bearing3_1,1213,0.47812376823019315,-0.9610049390906708,0.9708494880003633
Bearing3_1,1214,0.47851793456838787,-0.959352278511681,0.5797630951570056
Bearing3_1,1215,0.4789121009065826,-0.9571932276094014,0.27482299116772246
Bearing3_1,1216,0.4793062672447773,-0.9527048397689505,0.20183059737075132
Bearing3_1,1217,0.47970043358297204,-0.9487948822375337,0.3268466725699884
Bearing3_1,1218,0.4800945999211667,-0.9603225863804932,0.23307592579978656
Bearing3_1,1219,0.48048876625936143,-0.9651981946455376,0.17802897168676066
Bearing3_1,1220,0.48088293259755616,-0.9721254028971839,0.7482994346434166
Bearing3_1,1221,0.4812770989357509,-0.9823148956000278,0.2218274640692051
Bearing3_1,1222,0.4816712652739456,-1.0030003759541337,0.5548668346842858
Bearing3_1,1223,0.4820654316121403,-1.0048274661018546,0.2815761414980814
Bearing3_1,1224,0.48245959795033505,-0.9893698745316228,0.15481293281565742
Bearing3_1,1225,0.4828537642885298,-0.9836684673603869,0.5510765388370457
Bearing3_1,1226,0.4832479306267245,-0.9781226833547049,0.18164719705742116
Bearing3_1,1227,0.4836420969649192,-0.973407855390335,0.36206822877642303
Bearing3_1,1228,0.4840362633031139,-0.969015110313523,0.27347685216720025
Bearing3_1,1229,0.4844304296413086,-0.987735525695608,0.6608778239447812
Bearing3_1,1230,0.48482459597950334,-0.9899529190350641,0.15738146811071
Bearing3_1,1231,0.48521876231769806,-1.0026402905207203,0.21904229957087393
Bearing3_1,1232,0.4856129286558928,-1.0152603943196004,0.567666371500579
Bearing3_1,1233,0.4860070949940875,-1.0272396454746495,0.281797629589265
Bearing3_1,1234,0.48640126133228223,-1.034194247507552,0.27049102013940923
Bearing3_1,1235,0.48679542767047695,-1.030852191915778,0.24255797743114682
Bearing3_1,1236,0.4871895940086717,-1.0312425009944355,0.2872796131053743
Bearing3_1,1237,0.4875837603468664,-1.0321847783303013,0.42122466680289716
Bearing3_1,1238,0.48797792668506107,-1.0321472693827096,0.2484598006493654
Bearing3_1,1239,0.4883720930232558,-1.0405987509277488,1.02885107735622
Bearing3_1,1240,0.4887662593614505,-1.0356045589552363,0.3769458029652839
Bearing3_1,1241,0.48916042569964524,-1.0332257908420306,0.32411758962831777
Bearing3_1,1242,0.48955459203783996,-1.0396596203427582,0.9050063801285108
Bearing3_1,1243,0.4899487583760347,-1.0230051492046957,0.6189154235633358
Bearing3_1,1244,0.4903429247142294,-1.0214439212672122,0.34094864110074247
Bearing3_1,1245,0.49073709105242413,-1.0288250889115012,0.5316741820493609
Bearing3_1,1246,0.49113125739061886,-1.0441153567063477,0.5680023159185341
Bearing3_1,1247,0.4915254237288136,-1.054203078018981,0.22131519197148242
Bearing3_1,1248,0.49191959006700825,-1.0588352893734183,0.16105299366528167
Bearing3_1,1249,0.492313756405203,-1.0360748990800095,0.1784185455123402
Bearing3_1,1250,0.4927079227433977,-1.0340544891968793,0.40319360624843903
Bearing3_1,1251,0.4931020890815924,-1.0251689880040717,0.10982125422882183
Bearing3_1,1252,0.49349625541978714,-1.0030644032437839,0.375521626592194
Bearing3_1,1253,0.49389042175798187,-1.0147172419052661,0.7093120813750199
Bearing3_1,1254,0.4942845880961766,-1.042398807037265,0.9085457393910497
Bearing3_1,1255,0.4946787544343713,-1.051048430822283,0.2158208795949413
Bearing3_1,1256,0.49507292077256604,-1.0528742631301227,0.33804990577390276
Bearing3_1,1257,0.49546708711076076,-1.0402459059995102,0.3521971255364076
Bearing3_1,1258,0.4958612534489555,-1.0485292776253183,0.7722393115818632
Bearing3_1,1259,0.49625541978715015,-1.0449577370014154,0.4542566582657857
Bearing3_1,1260,0.4966495861253449,-1.0551481000312855,0.8929120178007856
Bearing3_1,1261,0.4970437524635396,-1.0787803747621545,0.5688415866312467
Bearing3_1,1262,0.4974379188017343,-1.0933036331861452,0.16091402720069023
Bearing3_1,1263,0.49783208513992905,-1.1008561689541394,0.4471969211906546
Bearing3_1,1264,0.49822625147812377,-1.088432402020225,0.22491726267511294
Bearing3_1,1265,0.4986204178163185,-1.0995848376245667,0.6850610539699838
Bearing3_1,1266,0.4990145841545132,-1.0964842078230645,0.24026008673341961
Bearing3_1,1267,0.49940875049270794,-1.1156603745963192,0.4750716799491406
Bearing3_1,1268,0.49980291683090267,-1.104928640884997,0.34799836523397587
Bearing3_1,1269,0.5001970831690974,-1.130987957925401,0.911216129691438
Bearing3_1,1270,0.5005912495072921,-1.1335243543750428,0.1266017868900847
Bearing3_1,1271,0.5009854158454868,-1.1244294410563718,0.20125091387961766
Bearing3_1,1272,0.5013795821836815,-1.1398378033187138,0.9455131575959858
Bearing3_1,1273,0.5017737485218763,-1.1434600595406517,0.1267498353881434
Bearing3_1,1274,0.502167914860071,-1.1347809707264773,0.26694723338555504
Bearing3_1,1275,0.5025620811982656,-1.1290646464557683,0.7913202097949731
Bearing3_1,1276,0.5029562475364604,-1.1355921442883044,0.29299802465772085
Bearing3_1,1277,0.5033504138746551,-1.122884015396024,0.24489641940830553
Bearing3_1,1278,0.5037445802128498,-1.1313157425144724,0.4712486887814182
Bearing3_1,1279,0.5041387465510445,-1.1196818539328297,0.20111758962831777
Bearing3_1,1280,0.5045329128892393,-1.1229904683277265,0.5978342528892219
Bearing3_1,1281,0.504927079227434,-1.1226484544263609,0.11982522761846377
Bearing3_1,1282,0.5053212455656287,-1.1008137011329828,0.20205512794314648
Bearing3_1,1283,0.5057154119038234,-1.0948760034954454,0.5242579297504711
Bearing3_1,1284,0.5061095782420181,-1.110635369394519,0.5352125876983856
Bearing3_1,1285,0.5065037445802129,-1.097460349493098,0.27936761800967236
Bearing3_1,1286,0.5068979109184075,-1.0887114668182265,0.44873378289398996
Bearing3_1,1287,0.5072920772566023,-1.0908216066070897,0.202656858070522
Bearing3_1,1288,0.507686243594797,-1.1047457999249404,0.879435460799673
Bearing3_1,1289,0.5080804099329918,-1.1138289717888556,0.15162769339055016
Bearing3_1,1290,0.5084745762711864,-1.1104107023511718,0.12941445859727993
Bearing3_1,1291,0.5088687426093812,-1.104705827262801,0.15497157323524738
Bearing3_1,1292,0.5092629089475759,-1.1070116738567681,0.45259768862248256
Bearing3_1,1293,0.5096570752857706,-1.1102378791369103,0.6340371001067139
Bearing3_1,1294,0.5100512416239653,-1.0996682235937718,0.14413603750879822
Bearing3_1,1295,0.51044540796216,-1.1048766585365573,0.29608577980609857
Bearing3_1,1296,0.5108395743003548,-1.0907306245821942,0.3291197012010989
Bearing3_1,1297,0.5112337406385494,-1.0930694724381507,0.7552917830302205
Bearing3_1,1298,0.5116279069767442,-1.0748253662677205,0.18583980428217878
Bearing3_1,1299,0.5120220733149389,-1.0599376499482622,0.15173690484299435
Bearing3_1,1300,0.5124162396531337,-1.0508690864985142,0.3755272801580274
Bearing3_1,1301,0.5128104059913283,-1.0468051654071429,0.13544422496196898
Bearing3_1,1302,0.5132045723295231,-1.0461782243669844,0.5819395590672751
Bearing3_1,1303,0.5135987386677178,-1.0404624147398878,0.40209318166337443
Bearing3_1,1304,0.5139929050059125,-1.0326104291059803,0.09429614240628477
Bearing3_1,1305,0.5143870713441072,-1.0231978768812007,0.248434847762414
Bearing3_1,1306,0.5147812376823019,-1.0326864260846653,0.43535567513566287
Bearing3_1,1307,0.5151754040204967,-1.0305701894464523,0.38860944985582274
Bearing3_1,1308,0.5155695703586913,-1.0348080341855141,0.3595718502372681
Bearing3_1,1309,0.5159637366968861,-1.0374838969590858,0.14205725086846946
Bearing3_1,1310,0.5163579030350808,-1.0532874040064732,0.8155359989101559
Bearing3_1,1311,0.5167520693732756,-1.0698857881260457,0.14654864564175918
Bearing3_1,1312,0.5171462357114702,-1.088715093553366,0.6618230365778898
Bearing3_1,1313,0.517540402049665,-1.0868032608162852,0.35952802942578843
Bearing3_1,1314,0.5179345683878597,-1.1038070906239585,0.6125842926231183
Bearing3_1,1315,0.5183287347260543,-1.1265953936600013,0.4490859387416843
Bearing3_1,1316,0.5187229010642491,-1.1426034985008218,0.18656863746792907
Bearing3_1,1317,0.5191170674024438,-1.1360912908102936,0.48847726085870624
Bearing3_1,1318,0.5195112337406386,-1.1268852733053185,0.2863178257611879
Bearing3_1,1319,0.5199054000788332,-1.1381774174996449,0.7807406398292578
Bearing3_1,1320,0.520299566417028,-1.1405960206312302,0.4687378243988829
Bearing3_1,1321,0.5206937327552227,-1.1251872399439595,0.5502409009377199
Bearing3_1,1322,0.5210878990934175,-1.1200572885588496,1.0302429898054175
Bearing3_1,1323,0.5214820654316121,-1.116327523858656,0.3300338305746657
Bearing3_1,1324,0.5218762317698069,-1.087976942001872,0.296787707467702
Bearing3_1,1325,0.5222703981080016,-1.061732342178304,0.5158979179438277
Bearing3_1,1326,0.5226645644461962,-1.0313441885490238,0.07690067093522239
Bearing3_1,1327,0.523058730784391,-1.0321679692500658,0.6872047771496038
Bearing3_1,1328,0.5234528971225857,-1.051985238400539,0.9364688145675817
Bearing3_1,1329,0.5238470634607805,-1.043958081954265,0.2246026837408896
Bearing3_1,1330,0.5242412297989751,-1.036131629813015,0.5119955952137684
Bearing3_1,1331,0.5246353961371699,-1.0370030519237452,0.23280748359557704
Bearing3_1,1332,0.5250295624753646,-1.0254581168525525,0.5737467020865972
Bearing3_1,1333,0.5254237288135594,-1.0275515075766857,0.1853003428467634
Bearing3_1,1334,0.525817895151754,-1.0477662190261037,0.4141647480870967
Bearing3_1,1335,0.5262120614899488,-1.053100322025187,0.10074963104239039
Bearing3_1,1336,0.5266062278281435,-1.0727739429909104,0.5262240991758055
Bearing3_1,1337,0.5270003941663381,-1.0900658902808904,0.5608266920963604
Bearing3_1,1338,0.5273945605045329,-1.0877804907217192,0.29756020252934634
Bearing3_1,1339,0.5277887268427276,-1.084568706978648,0.2623077447040392
Bearing3_1,1340,0.5281828931809224,-1.0762289682281376,0.2956529300910474
Bearing3_1,1341,0.528577059519117,-1.0873834373966071,0.5228497604613673
Bearing3_1,1342,0.5289712258573118,-1.0871712081754032,0.2062999795654247
Bearing3_1,1343,0.5293653921955065,-1.0783391466992265,0.1534811320754717
Bearing3_1,1344,0.5297595585337013,-1.0815191968906737,0.8173927298322095
Bearing3_1,1345,0.5301537248718959,-1.0990511518335684,0.5133879163544718
Bearing3_1,1346,0.5305478912100906,-1.1012157419266946,0.17824765570011125
Bearing3_1,1347,0.5309420575482854,-1.07761541085618,0.39759285243966125
Bearing3_1,1348,0.53133622388648,-1.0665917665064084,0.6862604273096746
Bearing3_1,1349,0.5317303902246748,-1.0781662599438477,0.5755482596553368
Bearing3_1,1350,0.5321245565628695,-1.0932039526754922,0.4603709556569716
Bearing3_1,1351,0.5325187229010643,-1.0994223672220467,0.22868528483527462
Bearing3_1,1352,0.532912889239259,-1.0904173548610527,0.40553531775764595
Bearing3_1,1353,0.5333070555774537,-1.108682731994303,0.8934699271166814
Bearing3_1,1354,0.5337012219156484,-1.1034077255470316,0.11009924392071385
Bearing3_1,1355,0.5340953882538432,-1.0788704368301798,0.2146103126490021
Bearing3_1,1356,0.5344895545920378,-1.073017730115336,0.688709624684967
Bearing3_1,1357,0.5348837209302325,-1.0850249042482825,0.3140918647685217
Bearing3_1,1358,0.5352778872684273,-1.0729413521903175,0.23735967123038848
Bearing3_1,1359,0.535672053606622,-1.0629491418998167,0.6391094612083645
Bearing3_1,1360,0.5360662199448167,-1.0456040716601869,0.22499915991190428
Bearing3_1,1361,0.5364603862830114,-1.0280841062431458,0.2019006425538678
Bearing3_1,1362,0.5368545526212062,-1.0362314968401818,0.5486399654882729
Bearing3_1,1363,0.5372487189594009,-1.0165642471671263,0.2006100401879981
Bearing3_1,1364,0.5376428852975956,-1.0029554318956997,0.2758727607111232
Bearing3_1,1365,0.5380370516357903,-1.0051885055667327,0.41717457938832503
Bearing3_1,1366,0.5384312179739851,-0.9957010187967997,0.2547133483186886
Bearing3_1,1367,0.5388253843121797,-0.9879136210589096,0.33762157437050155
Bearing3_1,1368,0.5392195506503744,-1.0070496663876987,0.812430125105011
Bearing3_1,1369,0.5396137169885692,-1.0104300173667466,0.13583200508593873
Bearing3_1,1370,0.5400078833267639,-1.0160589517971856,0.2920398020116704
Bearing3_1,1371,0.5404020496649586,-1.0336415856406207,0.6071120041777354
Bearing3_1,1372,0.5407962160031533,-1.024950444257468,0.42574851849329065
Bearing3_1,1373,0.5411903823413481,-1.0347530428921463,0.5304170923869854
Bearing3_1,1374,0.5415845486795428,-1.0364799935849032,0.21763510660036783
Bearing3_1,1375,0.5419787150177375,-1.0534376312979834,0.9647997638671298
Bearing3_1,1376,0.5423728813559322,-1.0656338041767697,0.12067191154099403
Bearing3_1,1377,0.5427670476941269,-1.0655857082410851,0.12743811729446222
Bearing3_1,1378,0.5431612140323216,-1.0594896281722384,0.6180317871171356
Bearing3_1,1379,0.5435553803705163,-1.0603841560765939,0.3566946166246623
Bearing3_1,1380,0.5439495467087111,-1.0577070488895945,0.13120510637331698
Bearing3_1,1381,0.5443437130469058,-1.054971739374071,0.6245712144949254
Bearing3_1,1382,0.5447378793851005,-1.0641903404202016,0.10732328633381014
Bearing3_1,1383,0.5451320457232952,-1.0795398364437285,0.7547504938355698
Bearing3_1,1384,0.54552621206149,-1.0980358962593566,0.2898156574256976
Bearing3_1,1385,0.5459203783996847,-1.0956316237948165,0.21008416774515815
Bearing3_1,1386,0.5463145447378794,-1.1024860330831523,0.3978421088481711
Bearing3_1,1387,0.5467087110760741,-1.1176879750778972,0.22186581295552074
Bearing3_1,1388,0.5471028774142688,-1.1098338261690457,0.29236541561655655
Bearing3_1,1389,0.5474970437524636,-1.1071958298126943,0.5310419816997025
Bearing3_1,1390,0.5478912100906582,-1.1019573475770796,0.1185748359557705
Bearing3_1,1391,0.548285376428853,-1.097631130214721,0.6350329904865699
Bearing3_1,1392,0.5486795427670477,-1.0937525327686906,0.10271843425743024
Bearing3_1,1393,0.5490737091052424,-1.081508115668809,0.42857234974910885
Bearing3_1,1394,0.5494678754434371,-1.0862862861114333,0.6321971255364076
Bearing3_1,1395,0.5498620417816319,-1.0945834457744819,0.3520412324319415
Bearing3_1,1396,0.5502562081198266,-1.1050645105482984,0.47908289626047273
Bearing3_1,1397,0.5506503744580212,-1.1050134074741504,0.22964909293190747
Bearing3_1,1398,0.551044540796216,-1.1199566100962268,0.3420967236564267
Bearing3_1,1399,0.5514387071344107,-1.1370753505273952,0.5777757645936925
Bearing3_1,1400,0.5518328734726055,-1.158852968675704,0.337246917784892
Bearing3_1,1401,0.5522270398108001,-1.1557512151572653,0.2835379969575188
Bearing3_1,1402,0.5526212061489949,-1.1585543199856476,0.26184299434643415
Bearing3_1,1403,0.5530153724871896,-1.1539154110204515,0.20169470744499693
Bearing3_1,1404,0.5534095388253844,-1.1446149694555785,0.5325337056967054
Bearing3_1,1405,0.553803705163579,-1.1403312771349658,0.48942292759348816
Bearing3_1,1406,0.5541978715017738,-1.1394092942677045,0.564502463501578
Bearing3_1,1407,0.5545920378399685,-1.1343449434361381,0.3147133937288559
Bearing3_1,1408,0.5549862041781631,-1.125653538715702,0.1877871057829848
Bearing3_1,1409,0.5553803705163579,-1.0999793771725233,0.11271737847103967
Bearing3_1,1410,0.5557745368545526,-1.0914853731290504,0.7958856571986468
Bearing3_1,1411,0.5561687031927474,-1.0854087481565267,0.23522389483005246
Bearing3_1,1412,0.556562869530942,-1.0921947624231318,0.6978538700815112
Bearing3_1,1413,0.5569570358691368,-1.087332748917494,0.3078660173012738
Bearing3_1,1414,0.5573512022073315,-1.0890188329706627,0.6942337261312808
Bearing3_1,1415,0.5577453685455263,-1.0812054787744236,0.21291812546829236
Bearing3_1,1416,0.5581395348837209,-1.0651769039934675,0.29896258202211473
Bearing3_1,1417,0.5585337012219157,-1.0663523668556008,0.29772438298935133
Bearing3_1,1418,0.5589278675601104,-1.0634532002471044,0.10750683423018415
Bearing3_1,1419,0.559322033898305,-1.0772490124491683,0.6172851531457894
Bearing3_1,1420,0.5597162002364998,-1.0827856080808609,0.5200776513861454
Bearing3_1,1421,0.5601103665746945,-1.0841031326049329,0.3536654178870649
Bearing3_1,1422,0.5605045329128893,-1.0822173251351836,0.6039117680448652
Bearing3_1,1423,0.5608986992510839,-1.104276077796112,0.6254558499648071
Bearing3_1,1424,0.5612928655892787,-1.1258877229772566,0.6910877097382104
Bearing3_1,1425,0.5616870319274734,-1.1406343691392056,0.24504504688599776
Bearing3_1,1426,0.5620811982656682,-1.1619178824486185,0.5233804236768612
Bearing3_1,1427,0.5624753646038628,-1.1754392486447707,0.08840477487909543
Bearing3_1,1428,0.5628695309420575,-1.194440110803869,0.24009824489703244
Bearing3_1,1429,0.5632636972802523,-1.187437118328599,0.3912746633971346
Bearing3_1,1430,0.5636578636184469,-1.177228781482928,0.4021191562790909
Bearing3_1,1431,0.5640520299566417,-1.175764148042752,0.183939706650319
Bearing3_1,1432,0.5644461962948364,-1.1791760139348564,0.8038783007515383
Bearing3_1,1433,0.5648403626330312,-1.1655322698958115,0.14524875689666916
Bearing3_1,1434,0.5652345289712258,-1.137966372619052,0.2415181073042254
Bearing3_1,1435,0.5656286953094206,-1.12334823380319,0.39047162999795654
Bearing3_1,1436,0.5660228616476153,-1.0966135478557124,0.16845882433076767
Bearing3_1,1437,0.5664170279858101,-1.0976310856174234,1.0037160048134777
Bearing3_1,1438,0.5668111943240047,-1.0918625156940476,0.11642434666121744
Bearing3_1,1439,0.5672053606621994,-1.0820833390716686,0.5517692255295961
Bearing3_1,1440,0.5675995270003942,-1.087894184559786,0.9645940558090956
Bearing3_1,1441,0.5679936933385888,-1.0984686371417756,0.18972527984015622
Bearing3_1,1442,0.5683878596767836,-1.0846682350393597,0.13904198169970255
Bearing3_1,1443,0.5687820260149783,-1.09515311230745,0.9075700565356584
Bearing3_1,1444,0.5691761923531731,-1.0890439145794661,0.46081120722929864
Bearing3_1,1445,0.5695703586913677,-1.0704329226626927,0.1465042572031878
Bearing3_1,1446,0.5699645250295625,-1.0623627505954096,0.5018262606997707
Bearing3_1,1447,0.5703586913677572,-1.0556271121634613,1.055554617078764
Bearing3_1,1448,0.570752857705952,-1.0639114205726172,0.5468318688554368
Bearing3_1,1449,0.5711470240441466,-1.071904589725032,0.5398490111936063
Bearing3_1,1450,0.5715411903823413,-1.061006753978917,0.3079972980950435
Bearing3_1,1451,0.5719353567205361,-1.0545491594161338,0.31372887859591764
Bearing3_1,1452,0.5723295230587307,-1.041761071231122,0.3261070090593284
Bearing3_1,1453,0.5727236893969255,-1.0252896746413636,0.7308153849646936
Bearing3_1,1454,0.5731178557351202,-1.0276546617380036,0.28103246826964556
Bearing3_1,1455,0.573512022073315,-1.0586727461931997,0.9738319369706877
Bearing3_1,1456,0.5739061884115096,-1.0720806994454477,0.2830249301818677
Bearing3_1,1457,0.5743003547497044,-1.0731211171488155,0.6443449810412551
Bearing3_1,1458,0.5746945210878991,-1.049403736154384,0.4048144313511795
Bearing3_1,1459,0.5750886874260938,-1.0700347155420844,1.070198941943101
Bearing3_1,1460,0.5754828537642885,-1.0573301695463513,0.9137725404718117
Bearing3_1,1461,0.5758770201024832,-1.059776082763454,0.8605840655722816
Bearing3_1,1462,0.576271186440678,-1.0659444241453748,0.21660084462911247
Bearing3_1,1463,0.5766653527788727,-1.0756273195203518,0.8802949844470177
Bearing3_1,1464,0.5770595191170674,-1.0842465150706764,0.26101153418250345
Bearing3_1,1465,0.5774536854552621,-1.0676689456678436,0.1720453534046273
Bearing3_1,1466,0.5778478517934569,-1.0718335516201454,0.5634280589423972
Bearing3_1,1467,0.5782420181316515,-1.0635389585131292,0.19297429784528755
Bearing3_1,1468,0.5786361844698463,-1.0550207962605311,0.40166346524986946
Bearing3_1,1469,0.579030350808041,-1.0333114419096259,0.6315088436300887
Bearing3_1,1470,0.5794245171462357,-1.0449865541808885,0.2968526894171605
Bearing3_1,1471,0.5798186834844304,-1.0405345060668922,0.3248512135867221
Bearing3_1,1472,0.5802128498226251,-1.0385954927936907,0.18514862747769226
Bearing3_1,1473,0.5806070161608199,-1.0282403950513053,0.6029007560792862
Bearing3_1,1474,0.5810011824990146,-1.0091700441664861,0.09037600753808778
Bearing3_1,1475,0.5813953488372093,-0.9969308488011246,0.3041281701973072
Bearing3_1,1476,0.581789515175404,-0.9586527492017062,0.36506822877642303
Bearing3_1,1477,0.5821836815135988,-0.9437249732834457,0.9874352791590038
Bearing3_1,1478,0.5825778478517935,-0.9450508083108977,0.21752902844946984
Bearing3_1,1479,0.5829720141899882,-0.9518756709673356,0.8057384828463093
Bearing3_1,1480,0.5833661805281829,-0.9367040195581284,0.5019242104307154
Bearing3_1,1481,0.5837603468663776,-0.9250874134059888,0.4152839724814386
Bearing3_1,1482,0.5841545132045723,-0.9262368480232823,0.35150616443021593
Bearing3_1,1483,0.584548679542767,-0.9156144640642493,0.2134317825761188
Bearing3_1,1484,0.5849428458809618,-0.9135521010230427,0.22311865676725018
Bearing3_1,1485,0.5853370122191565,-0.9307033751506693,0.9942473491814817
Bearing3_1,1486,0.5857311785573512,-0.9697262979301632,0.4349552482800899
Bearing3_1,1487,0.5861253448955459,-0.9694870744043811,0.4069067956315419
Bearing3_1,1488,0.5865195112337407,-0.9617813690684184,0.15423697295824534
Bearing3_1,1489,0.5869136775719354,-0.9502404910626353,0.6841221079399677
Bearing3_1,1490,0.58730784391013,-0.9625713965115434,0.37672436028426765
Bearing3_1,1491,0.5877020102483248,-0.9832380894746544,0.7666842858115932
Bearing3_1,1492,0.5880961765865195,-0.9805247641526658,0.49684058760756533
Bearing3_1,1493,0.5884903429247142,-0.9983269873127345,0.8934743773130804
Bearing3_1,1494,0.5888845092629089,-1.023922653398279,0.5131674045818859
Bearing3_1,1495,0.5892786756011037,-1.0322542968632722,0.37234345980064937
Bearing3_1,1496,0.5896728419392984,-1.0136757378480197,0.5616602411279885
Bearing3_1,1497,0.5900670082774931,-1.0134060629037538,0.28230352155847693
Bearing3_1,1498,0.5904611746156878,-1.0040340233037648,0.4326754308289626
Bearing3_1,1499,0.5908553409538826,-0.9993800873691587,0.8360713847830529
Bearing3_1,1500,0.5912495072920773,-0.9832199209962672,0.1761770883000704
Bearing3_1,1501,0.5916436736302719,-0.9686168542307272,0.7720001816406693
Bearing3_1,1502,0.5920378399684667,-0.9717554053084385,0.17137449765002383
Bearing3_1,1503,0.5924320063066614,-0.952039653099108,0.11830867561246963
Bearing3_1,1504,0.5928261726448562,-0.928665338105054,0.3854864110074246
Bearing3_1,1505,0.5932203389830508,-0.9379768216553727,1.5227422291851145
Bearing3_1,1506,0.5936145053212456,-0.9532805274430902,0.3257393456394887
Bearing3_1,1507,0.5940086716594403,-0.9445507326788342,0.6705685807052199
Bearing3_1,1508,0.594402837997635,-0.9799615005714305,1.1961926299298413
Bearing3_1,1509,0.5947970043358297,-0.9690933825287569,0.8143550620984038
Bearing3_1,1510,0.5951911706740244,-0.9710742675635888,0.39192956883046115
Bearing3_1,1511,0.5955853370122192,-0.9700947999190687,0.7075923983379879
Bearing3_1,1512,0.5959795033504138,-0.9656479434292748,0.12647092614036282
Bearing3_1,1513,0.5963736696886086,-0.9991297160146793,1.4139606293849192
Bearing3_1,1514,0.5967678360268033,-1.0134312797311154,0.341908226051813
Bearing3_1,1515,0.5971620023649981,-0.9799627385413814,0.2499606066798356
Bearing3_1,1516,0.5975561687031927,-0.9709355087662594,0.5586170333537679
Bearing3_1,1517,0.5979503350413875,-0.9768510189492245,0.11483812410598733
Bearing3_1,1518,0.5983445013795822,-0.9748173341181874,0.8972782962105216
Bearing3_1,1519,0.598738667717777,-0.999797389820418,0.23469568376359468
Bearing3_1,1520,0.5991328340559716,-1.0258016969813035,0.44017864359830167
Bearing3_1,1521,0.5995270003941663,-1.043780504210196,0.38738151352087735
Bearing3_1,1522,0.5999211667323611,-1.0534894750254766,0.31750062438980087
Bearing3_1,1523,0.6003153330705557,-1.0510599124465099,1.0205220352837001
Bearing3_1,1524,0.6007094994087505,-1.057185248236575,0.09587265853824671
Bearing3_1,1525,0.6011036657469452,-1.0778123805371131,0.3768699906909157
Bearing3_1,1526,0.60149783208514,-1.0874677543970803,0.16596933678450604
Bearing3_1,1527,0.6018919984233346,-1.1034599832191523,0.2182911926980451
Bearing3_1,1528,0.6022861647615294,-1.1100037061090353,0.5828158844765343
Bearing3_1,1529,0.6026803310997241,-1.1238182248794892,0.416811933791976
Bearing3_1,1530,0.6030744974379189,-1.1170223909854338,0.3149789977976069
Bearing3_1,1531,0.6034686637761135,-1.1208538318164833,0.7658664486978635
Bearing3_1,1532,0.6038628301143082,-1.1405460259590885,0.3263506573121722
Bearing3_1,1533,0.604256996452503,-1.132563054232484,0.09445617351224939
Bearing3_1,1534,0.6046511627906976,-1.1471551347252376,0.8180491792112254
Bearing3_1,1535,0.6050453291288924,-1.1492257946088713,0.1610435597030175
Bearing3_1,1536,0.6054394954670871,-1.1578819358947596,0.4142550689099289
Bearing3_1,1537,0.6058336618052819,-1.1687543391641175,0.24472540471811638
Bearing3_1,1538,0.6062278281434765,-1.192546175351535,1.0341058511000614
Bearing3_1,1539,0.6066219944816713,-1.190619868894947,0.5356976136957065
Bearing3_1,1540,0.607016160819866,-1.204755209868914,0.2740826465045524
Bearing3_1,1541,0.6074103271580606,-1.231928238099728,1.2786658492836547
Bearing3_1,1542,0.6078044934962554,-1.2271584404750568,0.8780228413141702
Bearing3_1,1543,0.6081986598344501,-1.2500568090481265,0.9515686942306383
Bearing3_1,1544,0.6085928261726449,-1.2592476711046479,0.3838752128601594
Bearing3_1,1545,0.6089869925108395,-1.266920845438065,0.23682462593374656
Bearing3_1,1546,0.6093811588490343,-1.2744657639321528,0.407020048588879
Bearing3_1,1547,0.609775325187229,-1.2751706553585276,0.12396888268283268
Bearing3_1,1548,0.6101694915254238,-1.2576341757488607,0.3957279022773199
Bearing3_1,1549,0.6105636578636184,-1.25292297240859,0.12710783779488227
Bearing3_1,1550,0.6109578242018132,-1.2648534039303503,0.8564155938514634
Bearing3_1,1551,0.6113519905400079,-1.2625215971953303,0.7036118338896079
Bearing3_1,1552,0.6117461568782026,-1.2770867403871073,0.2601893376927094
Bearing3_1,1553,0.6121403232163973,-1.2703362069741158,0.23364441568467179
Bearing3_1,1554,0.612534489554592,-1.2583389934613216,0.21962849942102036
Bearing3_1,1555,0.6129286558927868,-1.2678323804131661,0.6287035397225439
Bearing3_1,1556,0.6133228222309814,-1.2525334295642014,0.5670425266217106
Bearing3_1,1557,0.6137169885691762,-1.252944914598722,0.5695815907181618
Bearing3_1,1558,0.6141111549073709,-1.261571748442254,0.6737032899666235
Bearing3_1,1559,0.6145053212455657,-1.2829932734719898,0.39145503258179504
Bearing3_1,1560,0.6148994875837603,-1.2882662252303974,0.3354890220920464
Bearing3_1,1561,0.6152936539219551,-1.280789259929434,0.27524382989351315
Bearing3_1,1562,0.6156878202601498,-1.2893420165249583,0.3471213132620394
Bearing3_1,1563,0.6160819865983445,-1.306917871121318,0.5178654042640147
Bearing3_1,1564,0.6164761529365392,-1.3203293009997297,0.11518502372681243
Bearing3_1,1565,0.6168703192747339,-1.3086225400027698,0.32572715300955885
Bearing3_1,1566,0.6172644856129287,-1.2999810565740066,0.4285474649774084
Bearing3_1,1567,0.6176586519511233,-1.3175980005058876,1.5153637127352815
Bearing3_1,1568,0.6180528182893181,-1.312917785590798,0.15215112503689576
Bearing3_1,1569,0.6184469846275128,-1.2907551811227176,0.3043340598960107
Bearing3_1,1570,0.6188411509657076,-1.273307486661404,0.495686488204709
Bearing3_1,1571,0.6192353173039022,-1.2863165700031742,1.3336987943600571
Bearing3_1,1572,0.6196294836420969,-1.2770978737945669,0.4578365688077561
Bearing3_1,1573,0.6200236499802917,-1.2708200563567398,0.6546213927298322
Bearing3_1,1574,0.6204178163184864,-1.2893998293842999,0.8585995504393433
Bearing3_1,1575,0.6208119826566811,-1.290323213769022,0.9299826079059101
Bearing3_1,1576,0.6212061489948758,-1.3193467700451114,0.5927867311491043
Bearing3_1,1577,0.6216003153330706,-1.3064637965373072,0.11114247440001816
Bearing3_1,1578,0.6219944816712653,-1.3078194575952438,0.36908428127057646
Bearing3_1,1579,0.62238864800946,-1.3093267515261324,0.27351942419907815
Bearing3_1,1580,0.6227828143476547,-1.3298727940130939,1.168178825238971
Bearing3_1,1581,0.6231769806858495,-1.3252669365865373,0.4414470858025112
Bearing3_1,1582,0.6235711470240441,-1.3264424861105018,0.2931526916876689
Bearing3_1,1583,0.6239653133622388,-1.3072225627001222,0.1473429716413505
Bearing3_1,1584,0.6243594797004336,-1.26830959433501,0.17985519832890584
Bearing3_1,1585,0.6247536460386283,-1.2677444399881606,0.4497191835251913
Bearing3_1,1586,0.625147812376823,-1.2772066605873977,0.9774091683127852
Bearing3_1,1587,0.6255419787150177,-1.28871512828079,0.1326389210544241
Bearing3_1,1588,0.6259361450532125,-1.3077824610406856,0.6469087482687373
Bearing3_1,1589,0.6263303113914072,-1.3390265607784415,0.27965408805031444
Bearing3_1,1590,0.6267244777296019,-1.329865505782072,0.3438830234089413
Bearing3_1,1591,0.6271186440677966,-1.319772730116969,0.4081189292282542
Bearing3_1,1592,0.6275128104059914,-1.3293457173056409,0.4704690870285857
Bearing3_1,1593,0.627906976744186,-1.3490566798184935,0.28426453692981857
Bearing3_1,1594,0.6283011430823807,-1.3717050342555344,0.3087557160048135
Bearing3_1,1595,0.6286953094205755,-1.3723782039183574,0.4076815384964694
Bearing3_1,1596,0.6290894757587702,-1.3659408917073226,0.7274222918511455
Bearing3_1,1597,0.629483642096965,-1.3561497501625275,0.10237113729764094
Bearing3_1,1598,0.6298778084351596,-1.340520190676047,0.42333310628249665
Bearing3_1,1599,0.6302719747733544,-1.3234427700415392,0.2208221737847104
Bearing3_1,1600,0.6306661411115491,-1.3202859077195754,0.23747850963830802
Bearing3_1,1601,0.6310603074497438,-1.2970243798851668,0.3435988692868333
Bearing3_1,1602,0.6314544737879385,-1.2947162944605428,1.2122669209636037
Bearing3_1,1603,0.6318486401261332,-1.2933493360361297,0.3456462093862816
Bearing3_1,1604,0.632242806464328,-1.2873945686734316,0.14357912721658378
Bearing3_1,1605,0.6326369728025226,-1.2928408563352909,0.1465308789137888
Bearing3_1,1606,0.6330311391407174,-1.2704059645660226,0.29610882546602185
Bearing3_1,1607,0.6334253054789121,-1.2608874207662901,0.40770347160729287
Bearing3_1,1608,0.6338194718171068,-1.246891253134006,0.27459893740208435
Bearing3_1,1609,0.6342136381553015,-1.2435358491785031,0.6162001226074518
Bearing3_1,1610,0.6346078044934963,-1.2485320900625951,0.47119946416002545
Bearing3_1,1611,0.635001970831691,-1.258199274474318,0.17277374384124605
Bearing3_1,1612,0.6353961371698857,-1.2355211075370707,0.11966297709057058
Bearing3_1,1613,0.6357903035080804,-1.2405156695993533,1.337009922121563
Bearing3_1,1614,0.6361844698462751,-1.2236401322951318,0.7233722498467406
Bearing3_1,1615,0.6365786361844699,-1.224278664221119,0.673830347614831
Bearing3_1,1616,0.6369728025226645,-1.2543360575383502,0.7883078809345413
Bearing3_1,1617,0.6373669688608593,-1.2580960966336558,0.5943346275231024
Bearing3_1,1618,0.637761135199054,-1.238653346863791,0.5729925300274732
Bearing3_1,1619,0.6381553015372488,-1.2235865269374804,0.734830551960584
Bearing3_1,1620,0.6385494678754434,-1.2020681245681701,0.25670317644120516
Bearing3_1,1621,0.6389436342136382,-1.1960752648762027,0.4576595599754785
Bearing3_1,1622,0.6393378005518329,-1.2076708756198724,0.6816729559748428
Bearing3_1,1623,0.6397319668900275,-1.1767645029987484,0.25183672774334176
Bearing3_1,1624,0.6401261332282223,-1.1762591867407755,0.41325799786572215
Bearing3_1,1625,0.640520299566417,-1.1583682640238107,0.07411688009445315
Bearing3_1,1626,0.6409144659046118,-1.1374034826588333,0.6961600708398611
Bearing3_1,1627,0.6413086322428064,-1.1430860338176445,0.4423130576936176
Bearing3_1,1628,0.6417027985810012,-1.166628279575295,0.12712504824830279
Bearing3_1,1629,0.6420969649191959,-1.18910331445046,0.6871285334786459
Bearing3_1,1630,0.6424911312573907,-1.1951244119285809,0.37541350498376586
Bearing3_1,1631,0.6428852975955853,-1.2187755171434658,1.0660971323479327
Bearing3_1,1632,0.6432794639337801,-1.243522414649289,0.7282773198919238
Bearing3_1,1633,0.6436736302719748,-1.2699794835713816,0.20635919442363146
Bearing3_1,1634,0.6440677966101694,-1.2994177745527014,0.5053664827554889
Bearing3_1,1635,0.6444619629483642,-1.3320367222257314,0.1978952841541221
Bearing3_1,1636,0.6448561292865589,-1.3716329515211998,0.9562938946030016
Bearing3_1,1637,0.6452502956247537,-1.424012119124769,0.880642553867811
Bearing3_1,1638,0.6456444619629483,-1.44989292893711,0.8865591353904139
Bearing3_1,1639,0.6460386283011431,-1.4699877386819702,0.4563246372862884
Bearing3_1,1640,0.6464327946393378,-1.5132122242202732,0.5086954113025907
Bearing3_1,1641,0.6468269609775326,-1.5217953095549994,0.22232066389664645
Bearing3_1,1642,0.6472211273157272,-1.519016293521471,0.34908017165043254
Bearing3_1,1643,0.647615293653922,-1.5452874596665351,0.8710500192993211
Bearing3_1,1644,0.6480094599921167,-1.5623103017565703,0.19302890357150967
Bearing3_1,1645,0.6484036263303113,-1.5698141892391198,0.21507027223395317
Bearing3_1,1646,0.6487977926685061,-1.565318912532816,0.5086020934087142
Bearing3_1,1647,0.6491919590067008,-1.5491345774522312,0.5114729241877256
Bearing3_1,1648,0.6495861253448956,-1.5683418454462155,0.41544763072451923
Bearing3_1,1649,0.6499802916830902,-1.5880635277351187,0.46418395658788003
Bearing3_1,1650,0.650374458021285,-1.5976137562539336,0.1413558454237904
Bearing3_1,1651,0.6507686243594797,-1.6287740235954842,0.5897072860613491
Bearing3_1,1652,0.6511627906976745,-1.6386418303329102,0.47216456644642735
Bearing3_1,1653,0.6515569570358691,-1.6481969560182617,0.8525148604772609
Bearing3_1,1654,0.6519511233740638,-1.6508903838266082,0.13570315373612152
Bearing3_1,1655,0.6523452897122586,-1.6522972077851825,0.2226163067910905
Bearing3_1,1656,0.6527394560504532,-1.6505762096894732,0.3795425379742524
Bearing3_1,1657,0.653133622388648,-1.6611402777148894,0.8724432940535386
Bearing3_1,1658,0.6535277887268427,-1.6735088612330873,0.490086915060282
Bearing3_1,1659,0.6539219550650375,-1.6637954502518333,0.3417472697136889
Bearing3_1,1660,0.6543161214032321,-1.6548260694089958,0.1567019163090616
Bearing3_1,1661,0.6547102877414269,-1.648683590672207,0.6944914288309152
Bearing3_1,1662,0.6551044540796216,-1.656555583190294,0.2092775923529278
Bearing3_1,1663,0.6554986204178164,-1.6549172983553688,0.5379008696047045
Bearing3_1,1664,0.655892786756011,-1.6726237971270332,0.6283918443339463
Bearing3_1,1665,0.6562869530942057,-1.6905852775486874,0.22753270667302408
Bearing3_1,1666,0.6566811194324005,-1.7283121112190514,1.1037171854778285
Bearing3_1,1667,0.6570752857705952,-1.740352496849812,0.11621803691846605
Bearing3_1,1668,0.6574694521087899,-1.7327292928649514,0.28359307949049795
Bearing3_1,1669,0.6578636184469846,-1.738952348201289,0.21079890107395047
Bearing3_1,1670,0.6582577847851794,-1.7384042734191643,0.1690048248302795
Bearing3_1,1671,0.658651951123374,-1.7387460799804875,0.7320840542197398
Bearing3_1,1672,0.6590461174615688,-1.7411065444273954,0.13280439570419816
Bearing3_1,1673,0.6594402837997635,-1.7598761393993247,1.0939351088708762
Bearing3_1,1674,0.6598344501379583,-1.7413191342701608,0.7280504052857435
Bearing3_1,1675,0.6602286164761529,-1.7366561328366124,0.31034296028880864
Bearing3_1,1676,0.6606227828143476,-1.7086673839722812,0.2553064278091865
Bearing3_1,1677,0.6610169491525424,-1.700311702828078,0.670700315600663
Bearing3_1,1678,0.6614111154907371,-1.7078278025713776,0.3689075221942193
Bearing3_1,1679,0.6618052818289318,-1.7158752282627343,0.20833973616692777
Bearing3_1,1680,0.6621994481671265,-1.7065438971031042,0.759961401357764
Bearing3_1,1681,0.6625936145053213,-1.7197457732538737,1.5299642621983063
Bearing3_1,1682,0.662987780843516,-1.7165879114560532,0.4908471266716618
Bearing3_1,1683,0.6633819471817107,-1.6732038015073776,0.3904657720863701
Bearing3_1,1684,0.6637761135199054,-1.6784739856004964,1.0199827441364122
Bearing3_1,1685,0.6641702798581001,-1.6822448853531438,0.2715958495107054
Bearing3_1,1686,0.6645644461962948,-1.696098991388811,0.5902597007469973
Bearing3_1,1687,0.6649586125344895,-1.689742583209417,0.1906657130531526
Bearing3_1,1688,0.6653527788726843,-1.6739569932500629,0.11265394046727062
Bearing3_1,1689,0.665746945210879,-1.6633162030690969,0.39336298617260407
Bearing3_1,1690,0.6661411115490737,-1.671066616373538,0.14132210566945938
Bearing3_1,1691,0.6665352778872684,-1.6346865884820077,0.17894059214858207
Bearing3_1,1692,0.6669294442254632,-1.6234387396749113,0.47527402765479193
Bearing3_1,1693,0.6673236105636579,-1.6361682719051411,0.49912335671956953
Bearing3_1,1694,0.6677177769018526,-1.5945460386190256,0.9386050904797584
Bearing3_1,1695,0.6681119432400473,-1.554315431452078,0.2929302499829712
Bearing3_1,1696,0.668506109578242,-1.5207404098517912,0.8902353608973049
Bearing3_1,1697,0.6689002759164367,-1.505929006561089,0.6338945121812773
Bearing3_1,1698,0.6692944422546314,-1.4897899457881385,0.1766386599459619
Bearing3_1,1699,0.6696886085928262,-1.4537592287019308,0.3590909565651749
Bearing3_1,1700,0.6700827749310209,-1.4388573285297102,0.7184727198419726
Bearing3_1,1701,0.6704769412692156,-1.4180042947404137,0.339159866494108
Bearing3_1,1702,0.6708711076074103,-1.4035117074509231,0.6657791249460754
Bearing3_1,1703,0.6712652739456051,-1.4043855694325014,1.0893494085325703
Bearing3_1,1704,0.6716594402837998,-1.4287484297079711,0.13735896737279477
Bearing3_1,1705,0.6720536066219945,-1.4361883781428415,0.3628989623776764
Bearing3_1,1706,0.6724477729601892,-1.4205793957487425,0.1026333696614672
Bearing3_1,1707,0.6728419392983839,-1.3859298456688531,0.10537444088731467
Bearing3_1,1708,0.6732361056365787,-1.3853618890019779,1.1540027700202076
Bearing3_1,1709,0.6736302719747733,-1.3839386517655714,0.373642826328815
Bearing3_1,1710,0.6740244383129681,-1.38375669124039,0.7618126376495697
Bearing3_1,1711,0.6744186046511628,-1.4000135965178517,0.31795785936471177
Bearing3_1,1712,0.6748127709893575,-1.3749846195847675,0.8399292509592898
Bearing3_1,1713,0.6752069373275522,-1.332865423670265,0.4938679018232182
Bearing3_1,1714,0.675601103665747,-1.3182645148873138,0.9140482710078787
Bearing3_1,1715,0.6759952700039417,-1.2915703342045661,0.751245283018868
Bearing3_1,1716,0.6763894363421363,-1.2849317291513926,0.7326013668460368
Bearing3_1,1717,0.6767836026803311,-1.2879884676461444,0.33624959698476486
Bearing3_1,1718,0.6771777690185258,-1.271777646318291,0.4682681016279545
Bearing3_1,1719,0.6775719353567206,-1.2566496724759113,0.32055479871943326
Bearing3_1,1720,0.6779661016949152,-1.2101103836275084,0.4525146788365915
Bearing3_1,1721,0.67836026803311,-1.171421176363617,0.6159940512680789
Bearing3_1,1722,0.6787544343713047,-1.1644022582758653,0.30993658470131463
Bearing3_1,1723,0.6791486007094995,-1.158923950677803,0.5189882160615762
Bearing3_1,1724,0.6795427670476941,-1.1345408606153344,0.23847090343527916
Bearing3_1,1725,0.6799369333858889,-1.1354586279995198,0.20500415503031127
Bearing3_1,1726,0.6803310997240836,-1.1045819314387182,0.4189675544354381
Bearing3_1,1727,0.6807252660622782,-1.0846205048324769,0.6811213586722067
Bearing3_1,1728,0.681119432400473,-1.0795521293297372,1.034212837454306
Bearing3_1,1729,0.6815135987386677,-1.0674087760864945,0.5976865336148763
Bearing3_1,1730,0.6819077650768625,-1.067087306093259,0.13881444270372137
Bearing3_1,1731,0.6823019314150571,-1.080980310328521,1.1186736598324365
Bearing3_1,1732,0.6826960977532519,-1.0831284728606065,0.15580180732465998
Bearing3_1,1733,0.6830902640914466,-1.0916948691999941,0.8148203346729332
Bearing3_1,1734,0.6834844304296414,-1.1094169480700284,0.5676142860386441
Bearing3_1,1735,0.683878596767836,-1.1043997762836903,0.6465965987784665
Bearing3_1,1736,0.6842727631060307,-1.120870412704252,0.37677381195649706
Bearing3_1,1737,0.6846669294442255,-1.1179276530440097,0.15286653951819812
Bearing3_1,1738,0.6850610957824201,-1.1503080944415438,2.309890970188225
Bearing3_1,1739,0.6854552621206149,-1.1700722063487163,1.0368940353745204
Bearing3_1,1740,0.6858494284588096,-1.1911776359253192,0.15404643189610154
Bearing3_1,1741,0.6862435947970044,-1.1965540229809313,0.5333793792430125
Bearing3_1,1742,0.686637761135199,-1.1984029324950813,0.2334808709670095
Bearing3_1,1743,0.6870319274733938,-1.1987363582049908,0.7013984969234611
Bearing3_1,1744,0.6874260938115885,-1.2149468369296859,1.149832935994369
Bearing3_1,1745,0.6878202601497833,-1.2544253330416364,0.22563224575982563
Bearing3_1,1746,0.6882144264879779,-1.2808757406475006,0.11887841427695661
Bearing3_1,1747,0.6886085928261726,-1.3320562202577657,0.8684520128056672
Bearing3_1,1748,0.6890027591643674,-1.3083439212309105,0.4477815316849443
Bearing3_1,1749,0.689396925502562,-1.3304223993866784,0.67980700678882
Bearing3_1,1750,0.6897910918407568,-1.350623136251857,0.14813830801716504
Bearing3_1,1751,0.6901852581789515,-1.374473004789778,0.6619972753899598
Bearing3_1,1752,0.6905794245171463,-1.3879494816755353,0.6079498671752606
Bearing3_1,1753,0.6909735908553409,-1.402847203646885,0.737203324024249
Bearing3_1,1754,0.6913677571935357,-1.3813154931691687,0.2208268964421134
Bearing3_1,1755,0.6917619235317304,-1.3673588012887068,0.4992093635765048
Bearing3_1,1756,0.6921560898699252,-1.3748679741135217,0.6708254206116749
Bearing3_1,1757,0.6925502562081198,-1.3611640531068183,0.13728741230161434
Bearing3_1,1758,0.6929444225463145,-1.3825276744277082,0.8813929114728788
Bearing3_1,1759,0.6933385888845093,-1.3733213839780203,0.531193878709443
Bearing3_1,1760,0.693732755222704,-1.365154624061829,0.09424655450355335
Bearing3_1,1761,0.6941269215608987,-1.3568441445090884,0.6529356764979679
Bearing3_1,1762,0.6945210878990934,-1.3506062101043297,0.538546193492723
Bearing3_1,1763,0.6949152542372882,-1.3379435643606934,0.5842928501691529
Bearing3_1,1764,0.6953094205754828,-1.3405375291387438,0.3956098358422451
Bearing3_1,1765,0.6957035869136776,-1.3311712255237265,0.16017917716776786
Bearing3_1,1766,0.6960977532518723,-1.3057744374698772,0.15224539654428626
Bearing3_1,1767,0.696491919590067,-1.330592910483294,1.9486096769066594
Bearing3_1,1768,0.6968860859282617,-1.3006005130233569,1.1290237268124332
Bearing3_1,1769,0.6972802522664564,-1.2901113533634263,0.2217242467588493
Bearing3_1,1770,0.6976744186046512,-1.2511897254821487,0.9632355652430579
Bearing3_1,1771,0.6980685849428458,-1.2561482142959963,2.2435211043752696
Bearing3_1,1772,0.6984627512810406,-1.2453135407509974,1.141867720182549
Bearing3_1,1773,0.6988569176192353,-1.23879891921782,0.6618053266126286
Bearing3_1,1774,0.6992510839574301,-1.2277333119419296,0.24947553527234748
Bearing3_1,1775,0.6996452502956247,-1.21716778981083,0.07616816520218878
Bearing3_1,1776,0.7000394166338195,-1.2092859019051567,0.21048849987512203
Bearing3_1,1777,0.7004335829720142,-1.159869591039839,0.4596709125173126
Bearing3_1,1778,0.7008277493102089,-1.1761311942030672,1.2722030742683286
Bearing3_1,1779,0.7012219156484036,-1.153806360343324,1.1866822877642305
Bearing3_1,1780,0.7016160819865983,-1.1650683889527549,0.26732722566582656
Bearing3_1,1781,0.7020102483247931,-1.1292531952461817,0.5644650001135254
Bearing3_1,1782,0.7024044146629878,-1.1264616061702903,0.14282728242853576
Bearing3_1,1783,0.7027985810011825,-1.1314268891625852,0.9792002361328701
Bearing3_1,1784,0.7031927473393772,-1.109198768171378,0.7567310128737824
Bearing3_1,1785,0.703586913677572,-1.1074599544124464,0.7554141634311923
Bearing3_1,1786,0.7039810800157666,-1.1069866030385564,0.2853438684921554
Bearing3_1,1787,0.7043752463539614,-1.0931669803219104,0.11164255386781101
Bearing3_1,1788,0.7047694126921561,-1.0736198514214241,1.0440497695434008
Bearing3_1,1789,0.7051635790303508,-1.0943673935408658,0.3378338441977159
Bearing3_1,1790,0.7055577453685455,-1.1251648237464051,0.6281537588266013
Bearing3_1,1791,0.7059519117067402,-1.155309898555355,0.5337405717140068
Bearing3_1,1792,0.706346078044935,-1.1817854348402483,0.1095449220080376
Bearing3_1,1793,0.7067402443831297,-1.1712370424427472,0.39722616533841926
Bearing3_1,1794,0.7071344107213244,-1.1894542489709623,0.29422655132484166
Bearing3_1,1795,0.7075285770595191,-1.1974806394528454,0.43184519673954996
Bearing3_1,1796,0.7079227433977139,-1.2220035349937985,0.8446477306268874
Bearing3_1,1797,0.7083169097359086,-1.2619767693143,0.5050628703766773
Bearing3_1,1798,0.7087110760741032,-1.2593487228737037,0.5323157368934904
Bearing3_1,1799,0.709105242412298,-1.2759083912277558,0.9788769157414345
Bearing3_1,1800,0.7094994087504927,-1.2488217726829078,0.9501049428967145
Bearing3_1,1801,0.7098935750886874,-1.224886583478056,0.6223419839702109
Bearing3_1,1802,0.7102877414268821,-1.2017294103610783,0.13258213564016982
Bearing3_1,1803,0.7106819077650769,-1.2063712981132446,0.5998471947869128
Bearing3_1,1804,0.7110760741032716,-1.2094693068900924,0.2513713643484776
Bearing3_1,1805,0.7114702404414663,-1.2067218450961517,0.2303153509070681
Bearing3_1,1806,0.711864406779661,-1.1976381502832114,0.6315313670730877
Bearing3_1,1807,0.7122585731178558,-1.1673615013124272,0.2757065367935881
Bearing3_1,1808,0.7126527394560505,-1.1623873932542714,0.41621415434915876
Bearing3_1,1809,0.7130469057942451,-1.1512488120068645,0.7299480053583998
Bearing3_1,1810,0.7134410721324399,-1.163314444874055,0.14860979043207775
Bearing3_1,1811,0.7138352384706346,-1.1663544385192508,0.30613675271893376
Bearing3_1,1812,0.7142294048088293,-1.1730500846101266,0.19178423358990077
Bearing3_1,1813,0.714623571147024,-1.1896148778869082,0.9831488318234453
Bearing3_1,1814,0.7150177374852188,-1.1994214797520706,0.09275926935040756
Bearing3_1,1815,0.7154119038234135,-1.2015314880111603,0.15561206094044455
Bearing3_1,1816,0.7158060701616082,-1.1834768480224112,0.19385956905751198
Bearing3_1,1817,0.7162002364998029,-1.179909660583584,0.27922804986036376
Bearing3_1,1818,0.7165944028379977,-1.172475133799994,0.2931610244533751
Bearing3_1,1819,0.7169885691761924,-1.1543724802552782,0.3668010807619826
Bearing3_1,1820,0.717382735514387,-1.1349465106552905,0.18820296074291035
Bearing3_1,1821,0.7177769018525818,-1.120029812223946,0.4686713439139023
Bearing3_1,1822,0.7181710681907765,-1.1146852231934659,0.489932520491338
Bearing3_1,1823,0.7185652345289713,-1.1108719709568162,1.059799831982381
Bearing3_1,1824,0.7189594008671659,-1.0938461285161536,0.5001191562790909
Bearing3_1,1825,0.7193535672053607,-1.0897812670844602,0.40693599436913924
Bearing3_1,1826,0.7197477335435554,-1.0958362981114134,0.2651731262629703
Bearing3_1,1827,0.7201418998817501,-1.1069802235493618,0.47771078264423406
Bearing3_1,1828,0.7205360662199448,-1.116506293084576,0.23548298253979066
Bearing3_1,1829,0.7209302325581395,-1.1187027638942244,0.23054419544536023
Bearing3_1,1830,0.7213243988963343,-1.1353548444193051,0.4239525463751334
Bearing3_1,1831,0.7217185652345289,-1.1581386063798282,0.6969572463274527
Bearing3_1,1832,0.7221127315727237,-1.1651511517657236,0.17057558522353156
Bearing3_1,1833,0.7225068979109184,-1.1644763660953357,0.798595191063279
Bearing3_1,1834,0.7229010642491132,-1.1863689485536788,0.3328021706059987
Bearing3_1,1835,0.7232952305873078,-1.183633709293361,0.4989548395885839
Bearing3_1,1836,0.7236893969255026,-1.1920150747951213,0.6242241899961402
Bearing3_1,1837,0.7240835632636973,-1.1990767200601626,0.4172049133801058
Bearing3_1,1838,0.724477729601892,-1.2121554430058894,0.427647208409963
Bearing3_1,1839,0.7248718959400867,-1.2305832186643486,0.36421824126421903
Bearing3_1,1840,0.7252660622782814,-1.2278913690955098,0.42833240242490295
Bearing3_1,1841,0.7256602286164762,-1.2304637067938373,0.9031671775310492
Bearing3_1,1842,0.7260543949546708,-1.2461074520185673,0.3867907272438299
Bearing3_1,1843,0.7264485612928656,-1.2398201557257311,0.2137901596167382
Bearing3_1,1844,0.7268427276310603,-1.2240156775051463,0.18473606475489862
Bearing3_1,1845,0.7272368939692551,-1.239279892052849,0.6054758304384351
Bearing3_1,1846,0.7276310603074497,-1.2439935679863654,0.32462275503485233
Bearing3_1,1847,0.7280252266456445,-1.2509491263371528,0.49086837862997523
Bearing3_1,1848,0.7284193929838392,-1.245010435881377,0.14346460277456122
Bearing3_1,1849,0.7288135593220338,-1.2378952791021542,0.25945623595122946
Bearing3_1,1850,0.7292077256602286,-1.258575212050575,0.6099002338623618
Bearing3_1,1851,0.7296018919984233,-1.2612533744946803,0.22391456077015645
Bearing3_1,1852,0.7299960583366181,-1.2512328033875657,0.16949793383738618
Bearing3_1,1853,0.7303902246748127,-1.2635834123291585,0.7660834184773971
Bearing3_1,1854,0.7307843910130075,-1.2778606974183349,0.10766882364961515
Bearing3_1,1855,0.7311785573512022,-1.2829159311987712,0.30877987421383646
Bearing3_1,1856,0.731572723689397,-1.2751790203474527,0.21691633176668257
Bearing3_1,1857,0.7319668900275916,-1.267715538990859,0.5057634584383444
Bearing3_1,1858,0.7323610563657864,-1.2689162585291807,0.284376541107554
Bearing3_1,1859,0.7327552227039811,-1.2655669662386688,0.18077347138024202
Bearing3_1,1860,0.7331493890421757,-1.2582902239487384,0.46476379901459935
Bearing3_1,1861,0.7335435553803705,-1.2547970052131963,0.366686215743705
Bearing3_1,1862,0.7339377217185652,-1.2561444552993433,0.13208086415548442
Bearing3_1,1863,0.73433188805676,-1.2473876705336653,0.40729482551143203
Bearing3_1,1864,0.7347260543949546,-1.245508640782259,0.2944085552755262
Bearing3_1,1865,0.7351202207331494,-1.2264261850740479,0.32573121721953546
Bearing3_1,1866,0.7355143870713441,-1.2334513415539838,0.734443748155212
Bearing3_1,1867,0.7359085534095389,-1.2428738347229014,0.578585200826465
Bearing3_1,1868,0.7363027197477335,-1.2474813568403813,0.16115843607383692
Bearing3_1,1869,0.7366968860859283,-1.2450989007346505,0.19194105760279725
Bearing3_1,1870,0.737091052424123,-1.242434568027721,0.4687266989078855
Bearing3_1,1871,0.7374852187623177,-1.2480423562442826,0.6495672411052835
Bearing3_1,1872,0.7378793851005124,-1.2383694017874447,0.46901487182980267
Bearing3_1,1873,0.7382735514387071,-1.2226974585066572,0.19214020389165135
Bearing3_1,1874,0.7386677177769019,-1.223994390477669,0.920593147605749
Bearing3_1,1875,0.7390618841150965,-1.2401229332368442,0.22440848716027517
Bearing3_1,1876,0.7394560504532913,-1.2306781283250123,0.17868370683195967
Bearing3_1,1877,0.739850216791486,-1.2257525562171963,0.7573026814703813
Bearing3_1,1878,0.7402443831296808,-1.2268668791794073,0.3328977590082419
Bearing3_1,1879,0.7406385494678754,-1.2393908785861587,0.30364066934586653
Bearing3_1,1880,0.7410327158060701,-1.226664554352996,0.48894430442976183
Bearing3_1,1881,0.7414268821442649,-1.2038802758667697,0.3367821447222033
Bearing3_1,1882,0.7418210484824596,-1.2059798225058862,0.425154871375701
Bearing3_1,1883,0.7422152148206543,-1.205996902705648,0.15925531866584927
Bearing3_1,1884,0.742609381158849,-1.189551736573533,0.3296342665122721
Bearing3_1,1885,0.7430035474970438,-1.193440723590367,0.9646931407942239
Bearing3_1,1886,0.7433977138352384,-1.1916373048925788,0.3891831619099516
Bearing3_1,1887,0.7437918801734332,-1.189885778787487,0.7180842812705764
Bearing3_1,1888,0.7441860465116279,-1.1755345961417398,0.14590034738778013
Bearing3_1,1889,0.7445802128498227,-1.1777363232679545,0.8485975069818132
Bearing3_1,1890,0.7449743791880173,-1.1877012670001026,0.22889787253366028
Bearing3_1,1891,0.745368545526212,-1.1933594000113152,0.19359205776173286
Bearing3_1,1892,0.7457627118644068,-1.169180867519764,0.6823474786004586
Bearing3_1,1893,0.7461568782026015,-1.187597108407418,1.6778867924528302
Bearing3_1,1894,0.7465510445407962,-1.1888317985151347,0.385289421701519
Bearing3_1,1895,0.7469452108789909,-1.1886783555335625,0.8847275617010648
Bearing3_1,1896,0.7473393772171857,-1.2100804646416223,0.42852171741252865
Bearing3_1,1897,0.7477335435553804,-1.2014820087572227,0.33361878164521036
Bearing3_1,1898,0.7481277098935751,-1.2144737084164783,0.6500201621142974
Bearing3_1,1899,0.7485218762317698,-1.1476390229087632,2.0507418659037757
Bearing3_1,1900,0.7489160425699646,-1.1342295158948197,1.7394001316894854
Bearing3_1,1901,0.7493102089081592,-1.154704765426915,1.3876753173035443
Bearing3_1,1902,0.7497043752463539,-1.1867608873871087,0.2973865540494517
Bearing3_1,1903,0.7500985415845487,-1.1784934322737162,0.3064286492745726
Bearing3_1,1904,0.7504927079227434,-1.1956381268038672,0.6094911336648275
Bearing3_1,1905,0.7508868742609381,-1.1833802206250967,0.1748786753854188
Bearing3_1,1906,0.7512810405991328,-1.1739569782913803,0.48546343346275234
Bearing3_1,1907,0.7516752069373276,-1.1739193261418266,0.08271368889494357
Bearing3_1,1908,0.7520693732755223,-1.1653846324234103,0.3450524487432736
Bearing3_1,1909,0.752463539613717,-1.2203561524949709,0.28550212292532295
Bearing3_1,1910,0.7528577059519117,-1.2333428155769144,0.28585005562745497
Bearing3_1,1911,0.7532518722901064,-1.2186264558586306,0.377666235270077
Bearing3_1,1912,0.7536460386283012,-1.2186380362021472,0.34412680789228706
Bearing3_1,1913,0.7540402049664958,-1.222378833220248,0.3443021819585405
Bearing3_1,1914,0.7544343713046906,-1.2159379423592047,0.22789106100855983
Bearing3_1,1915,0.7548285376428853,-1.2294174463115037,0.5527556705946461
Bearing3_1,1916,0.75522270398108,-1.2241645374023098,0.25709297731762143
Bearing3_1,1917,0.7556168703192747,-1.2299582551073058,0.43548722839043663
Bearing3_1,1918,0.7560110366574695,-1.2325760091298423,0.24757795790477488
Bearing3_1,1919,0.7564052029956642,-1.226518786855813,0.10925645392003269
Bearing3_1,1920,0.7567993693338589,-1.2284113344095604,0.5266278409735939
Bearing3_1,1921,0.7571935356720536,-1.2231062942610453,0.13553043616465726
Bearing3_1,1922,0.7575877020102483,-1.2150283522682492,0.2081892014622074
Bearing3_1,1923,0.757981868348443,-1.2308382122946389,1.2264558726698909
Bearing3_1,1924,0.7583760346866377,-1.235206003339463,0.24263671866130826
Bearing3_1,1925,0.7587702010248325,-1.2273211418124794,0.1598548804577345
Bearing3_1,1926,0.7591643673630272,-1.2261436587655998,0.10004093726585382
Bearing3_1,1927,0.759558533701222,-1.2178998291091716,0.17312713711600028
Bearing3_1,1928,0.7599527000394166,-1.2073310255987795,0.16708859523647346
Bearing3_1,1929,0.7603468663776114,-1.197985740935027,0.09921820720659355
Bearing3_1,1930,0.7607410327158061,-1.1862982962000566,0.4725292555003065
Bearing3_1,1931,0.7611351990540007,-1.1816668493135105,0.393777581000386
Bearing3_1,1932,0.7615293653921955,-1.1997167183951238,1.051561246963195
Bearing3_1,1933,0.7619235317303902,-1.1519299359129993,1.1868972594964013
Bearing3_1,1934,0.762317698068585,-1.1564715184223628,1.6928545285289376
Bearing3_1,1935,0.7627118644067796,-1.1467013078034785,0.41110687282882635
Bearing3_1,1936,0.7631060307449744,-1.1448347383568307,0.3464889312717117
Bearing3_1,1937,0.7635001970831691,-1.136762591577701,0.10929621052153578
Bearing3_1,1938,0.7638943634213639,-1.13101135895403,0.23415300955884022
Bearing3_1,1939,0.7642885297595585,-1.135076521421277,0.3774860931362532
Bearing3_1,1940,0.7646826960977533,-1.1493499037217971,0.8259112231228573
Bearing3_1,1941,0.765076862435948,-1.1615291038056537,0.3104693821946734
Bearing3_1,1942,0.7654710287741426,-1.1549435138704793,0.33830635969393547
Bearing3_1,1943,0.7658651951123374,-1.171709654945638,0.334173421429058
Bearing3_1,1944,0.7662593614505321,-1.1571332642807532,0.560888041232432
Bearing3_1,1945,0.7666535277887269,-1.1691725455492072,0.5723767681583907
Bearing3_1,1946,0.7670476941269215,-1.1695559955850843,0.22681284199532276
Bearing3_1,1947,0.7674418604651163,-1.1793823728546404,0.2595751424744
Bearing3_1,1948,0.767836026803311,-1.1974715835741638,0.6259337465658561
Bearing3_1,1949,0.7682301931415058,-1.2019817182176182,0.2541230842585655
Bearing3_1,1950,0.7686243594797004,-1.1930859194647359,0.3114014712894217
Bearing3_1,1951,0.7690185258178952,-1.1908908366872377,0.544638512362918
Bearing3_1,1952,0.7694126921560899,-1.1895245624088506,0.396985900143042
Bearing3_1,1953,0.7698068584942845,-1.2012487766143998,0.14755973707513112
Bearing3_1,1954,0.7702010248324793,-1.2191422921153747,0.8368878595917626
Bearing3_1,1955,0.770595191170674,-1.204329779407587,0.6690284494698363
Bearing3_1,1956,0.7709893575088688,-1.2005184160823432,0.3721634993074949
Bearing3_1,1957,0.7713835238470634,-1.2069588956707729,0.6280406875099335
Bearing3_1,1958,0.7717776901852582,-1.2060573709416655,0.26564530118293483
Bearing3_1,1959,0.7721718565234529,-1.1998391610605537,0.34505901051245375
Bearing3_1,1960,0.7725660228616477,-1.213451349023813,1.038526621710601
Bearing3_1,1961,0.7729601891998423,-1.1950900790311314,0.6203771768498967
Bearing3_1,1962,0.773354355538037,-1.1882053323646145,0.7934214290579661
Bearing3_1,1963,0.7737485218762318,-1.1934626143066311,0.5592531389778171
Bearing3_1,1964,0.7741426882144264,-1.1876031166486825,0.4012718933769271
Bearing3_1,1965,0.7745368545526212,-1.1892205049591842,0.35371464250845763
Bearing3_1,1966,0.7749310208908159,-1.2116818341613584,1.0809176486615353
Bearing3_1,1967,0.7753251872290107,-1.224809283866542,0.2974344163658243
Bearing3_1,1968,0.7757193535672053,-1.221842328209163,0.36306200758349794
Bearing3_1,1969,0.7761135199054001,-1.2370897663569027,0.3326856935267806
Bearing3_1,1970,0.7765076862435948,-1.2476629511940338,0.8517973798333447
Bearing3_1,1971,0.7769018525817896,-1.2521537952545996,0.8354791453806507
Bearing3_1,1972,0.7772960189199842,-1.2571993318002919,0.7883650977453852
Bearing3_1,1973,0.7776901852581789,-1.259608434298977,0.47704847535363165
Bearing3_1,1974,0.7780843515963737,-1.2447797647899275,0.23380226142633337
Bearing3_1,1975,0.7784785179345683,-1.2566366292768931,0.6062195581590718
Bearing3_1,1976,0.7788726842727631,-1.2577769085280999,0.7248476715936698
Bearing3_1,1977,0.7792668506109578,-1.2357706874238983,0.5700662534341439
Bearing3_1,1978,0.7796610169491526,-1.2452684746626344,0.8128317326249347
Bearing3_1,1979,0.7800551832873472,-1.24916569269484,0.19406046363780852
Bearing3_1,1980,0.780449349625542,-1.2324956502106514,0.12671656108802762
Bearing3_1,1981,0.7808435159637367,-1.244787116078634,0.23737670004313965
Bearing3_1,1982,0.7812376823019315,-1.234825199416329,0.17638901755102968
Bearing3_1,1983,0.7816318486401261,-1.2119980508218378,0.09703581726948664
Bearing3_1,1984,0.7820260149783208,-1.1996856924910408,0.2928376359466885
Bearing3_1,1985,0.7824201813165156,-1.1906694579127648,0.7124171832073202
Bearing3_1,1986,0.7828143476547103,-1.1845547518326989,0.8097767182072066
Bearing3_1,1987,0.783208513992905,-1.1882232997904958,0.24335154281043525
Bearing3_1,1988,0.7836026803310997,-1.1713558077095474,0.16809774538519173
Bearing3_1,1989,0.7839968466692945,-1.1722457481192474,0.7421088027609382
Bearing3_1,1990,0.7843910130074891,-1.157970931419611,0.45877020184819384
Bearing3_1,1991,0.7847851793456839,-1.1439215987504343,0.2346091773948187
Bearing3_1,1992,0.7851793456838786,-1.1363682020929957,0.28017998319823806
Bearing3_1,1993,0.7855735120220733,-1.1498448100184462,0.7588245124083283
Bearing3_1,1994,0.785967678360268,-1.1691415487807526,0.3789203732715755
Bearing3_1,1995,0.7863618446984627,-1.180418648384466,0.4287796925731671
Bearing3_1,1996,0.7867560110366575,-1.158333621767001,0.408459278432441
Bearing3_1,1997,0.7871501773748522,-1.1513707023564048,0.37479281611152737
Bearing3_1,1998,0.7875443437130469,-1.1475713720654894,0.24236414413187113
Bearing3_1,1999,0.7879385100512416,-1.1118104648903375,0.4144064664078287
Bearing3_1,2000,0.7883326763894364,-1.1002441024519596,0.4863101060327407
Bearing3_1,2001,0.788726842727631,-1.1074693975753311,0.8631086892355199
Bearing3_1,2002,0.7891210090658258,-1.1052462400304628,0.1244774084417501
Bearing3_1,2003,0.7895151754040205,-1.0751331153171966,0.26972987761959905
Bearing3_1,2004,0.7899093417422152,-1.0547272813513702,0.7046548146129918
Bearing3_1,2005,0.7903035080804099,-1.0456358621224682,0.8937943373521331
Bearing3_1,2006,0.7906976744186046,-1.0489138013952446,0.11331166133097201
Bearing3_1,2007,0.7910918407567994,-1.0387096146098103,0.2225738709897146
Bearing3_1,2008,0.7914860070949941,-1.0238517346166807,0.1048265672184002
Bearing3_1,2009,0.7918801734331888,-1.0426046762728078,0.8465926480939082
Bearing3_1,2010,0.7922743397713835,-1.0503539334315406,0.15131546443248645
Bearing3_1,2011,0.7926685061095783,-1.0459159987810838,0.49952841541221077
Bearing3_1,2012,0.793062672447773,-1.036842110728836,0.2951966941398179
Bearing3_1,2013,0.7934568387859677,-1.0451377733059275,0.4336445292100901
Bearing3_1,2014,0.7938510051241624,-1.0617077711153948,1.0222613355130215
Bearing3_1,2015,0.7942451714623571,-1.0567214469831971,0.13511063052017347
Bearing3_1,2016,0.7946393378005518,-1.0520249564505686,0.07440422428081647
Bearing3_1,2017,0.7950335041387465,-1.0519174817337373,0.09039427377789887
Bearing3_1,2018,0.7954276704769413,-1.050998601459031,0.13107462025747565
Bearing3_1,2019,0.795821836815136,-1.0365721869137423,0.40778838862021205
Bearing3_1,2020,0.7962160031533307,-1.0344138493262391,0.478720296074291
Bearing3_1,2021,0.7966101694915254,-1.0356363519443963,0.5795158367958586
Bearing3_1,2022,0.7970043358297202,-1.0458343634772453,0.13039123129668734
Bearing3_1,2023,0.7973985021679149,-1.0575886528056668,0.5507659787026316
Bearing3_1,2024,0.7977926685061095,-1.0515855512910395,0.3767175487591672
Bearing3_1,2025,0.7981868348443043,-1.037118149133971,0.2618674023113775
Bearing3_1,2026,0.798581001182499,-1.0441911546310683,0.8576549281384102
Bearing3_1,2027,0.7989751675206938,-1.0419922959670966,0.3440475217401176
Bearing3_1,2028,0.7993693338588884,-1.064840417527816,0.9838487841427696
Bearing3_1,2029,0.7997635001970832,-1.0801635818842372,0.20357934291487864
Bearing3_1,2030,0.8001576665352779,-1.073191244327955,0.3544784188179733
Bearing3_1,2031,0.8005518328734726,-1.0805600133350666,1.0742887632540925
Bearing3_1,2032,0.8009459992116673,-1.0537226769863368,1.164922462139273
Bearing3_1,2033,0.8013401655498621,-1.0413292195462929,0.9617490180051314
Bearing3_1,2034,0.8017343318880568,-1.0293068931435967,0.40143355357264493
Bearing3_1,2035,0.8021284982262514,-1.0219885822912382,0.1454820289262766
Bearing3_1,2036,0.8025226645644462,-0.9957983824479284,0.1764332129963899
Bearing3_1,2037,0.8029168309026409,-0.9857506343799333,0.299502395386327
Bearing3_1,2038,0.8033109972408357,-0.9718779517365359,0.7757309901686987
Bearing3_1,2039,0.8037051635790303,-0.962502094850068,0.2551186567672502
Bearing3_1,2040,0.8040993299172251,-0.9654169430919797,0.16349557250868468
Bearing3_1,2041,0.8044934962554198,-0.930402017964501,0.29367059464614126
Bearing3_1,2042,0.8048876625936146,-0.9376645709203647,0.3541906772926458
Bearing3_1,2043,0.8052818289318092,-0.9360264329583412,0.6624560543105601
Bearing3_1,2044,0.8056759952700039,-0.9332831006593245,0.3690830551960584
Bearing3_1,2045,0.8060701616081987,-0.9272648991260134,0.2617166859659878
Bearing3_1,2046,0.8064643279463933,-0.938598702249964,0.7943014781009468
Bearing3_1,2047,0.8068584942845881,-0.951329298055961,0.3451778489203733
Bearing3_1,2048,0.8072526606227828,-0.9479619871855915,0.20760711123220488
Bearing3_1,2049,0.8076468269609776,-0.9426477188093523,0.18412240310605543
Bearing3_1,2050,0.8080409932991722,-0.9639757703362919,1.1023270894353245
Bearing3_1,2051,0.808435159637367,-0.9785690434490709,0.5652371091887474
Bearing3_1,2052,0.8088293259755617,-0.9875917636779532,0.32223022954839586
Bearing3_1,2053,0.8092234923137565,-0.9994275919726638,0.7281053969983879
Bearing3_1,2054,0.8096176586519511,-1.0113846409931027,0.3629220080375996
Bearing3_1,2055,0.8100118249901458,-1.0310328740360453,0.14575070953386463
Bearing3_1,2056,0.8104059913283406,-1.030775785870026,0.16715650614172514
Bearing3_1,2057,0.8108001576665352,-1.0426588763177675,0.8196366278409736
Bearing3_1,2058,0.81119432400473,-1.0580606659365461,0.30986529073859637
Bearing3_1,2059,0.8115884903429247,-1.0645479365513897,0.2026211202688282
Bearing3_1,2060,0.8119826566811195,-1.0626923793786578,0.7876007538087778
Bearing3_1,2061,0.8123768230193141,-1.0741145643069854,0.10524515814090775
Bearing3_1,2062,0.8127709893575089,-1.0822243069786608,0.0818990077878437
Bearing3_1,2063,0.8131651556957036,-1.0738124835543887,0.15730036555184707
Bearing3_1,2064,0.8135593220338984,-1.0768206441259878,0.7790392116794951
Bearing3_1,2065,0.813953488372093,-1.0765734778068023,0.11681263764956974
Bearing3_1,2066,0.8143476547102877,-1.0830658852410968,0.31296741820493607
Bearing3_1,2067,0.8147418210484825,-1.0720238056574622,0.19547296959789298
Bearing3_1,2068,0.8151359873866771,-1.0599965010328585,0.27288754172059126
Bearing3_1,2069,0.8155301537248719,-1.070571332869761,0.6479786572213518
Bearing3_1,2070,0.8159243200630666,-1.0644965973415088,0.23238421542583385
Bearing3_1,2071,0.8163184864012614,-1.0531138238822497,0.2509541130259065
Bearing3_1,2072,0.816712652739456,-1.0581889804330409,0.6279045932384261
Bearing3_1,2073,0.8171068190776508,-1.0686008595850902,0.3639578139545444
Bearing3_1,2074,0.8175009854158455,-1.0646450572217332,0.25212746633971345
Bearing3_1,2075,0.8178951517540402,-1.0680157530245489,0.30669992961424064
Bearing3_1,2076,0.8182893180922349,-1.0665628067492854,0.17214429080671162
Bearing3_1,2077,0.8186834844304296,-1.0867008478210665,0.9005122266875554
Bearing3_1,2078,0.8190776507686244,-1.1032598120757429,0.17881334150716346
Bearing3_1,2079,0.819471817106819,-1.1228530531452654,0.7574019026860114
Bearing3_1,2080,0.8198659834450138,-1.1449166932806831,0.30359857412074565
Bearing3_1,2081,0.8202601497832085,-1.1805345387831685,0.26261573916399883
Bearing3_1,2082,0.8206543161214033,-1.1917179516531635,0.28072020525395636
Bearing3_1,2083,0.8210484824595979,-1.2155681571282306,0.8148455827259723
Bearing3_1,2084,0.8214426487977927,-1.2267647441958716,0.24361787344186364
Bearing3_1,2085,0.8218368151359874,-1.225486073511886,0.23777633222078423
Bearing3_1,2086,0.822230981474182,-1.2385851363046465,0.6245029176032514
Bearing3_1,2087,0.8226251478123768,-1.2156888964266517,0.39197479735712826
Bearing3_1,2088,0.8230193141505715,-1.2032874716172337,0.5240766977726313
Bearing3_1,2089,0.8234134804887663,-1.184692731527655,0.5346364234952206
Bearing3_1,2090,0.823807646826961,-1.1604685101203693,0.1281974207024953
Bearing3_1,2091,0.8242018131651557,-1.1232303741648166,0.2185279159003701
Bearing3_1,2092,0.8245959795033504,-1.117891144727548,0.8763458438344345
Bearing3_1,2093,0.8249901458415452,-1.0933705300468357,0.16606683241377745
Bearing3_1,2094,0.8253843121797398,-1.075761489523769,0.15596710033376474
Bearing3_1,2095,0.8257784785179346,-1.087394122871246,0.850029017096928
Bearing3_1,2096,0.8261726448561293,-1.097537225474453,0.5970889358127285
Bearing3_1,2097,0.826566811194324,-1.1189334598135632,0.06548448675158368
Bearing3_1,2098,0.8269609775325187,-1.1149502682647394,0.4078753490906614
Bearing3_1,2099,0.8273551438707134,-1.1215634098621168,0.9040077197284472
Bearing3_1,2100,0.8277493102089082,-1.1293330495734974,0.17020709306813794
Bearing3_1,2101,0.8281434765471029,-1.1407681475455533,0.15701591626365144
Bearing3_1,2102,0.8285376428852976,-1.1296451132040917,0.1260077197284472
Bearing3_1,2103,0.8289318092234923,-1.1380160367334466,0.8065377017914311
Bearing3_1,2104,0.8293259755616871,-1.160228790209651,0.5763220489067502
Bearing3_1,2105,0.8297201418998817,-1.147098901020335,0.4384858887905002
Bearing3_1,2106,0.8301143082380764,-1.1355358234599566,0.6363757237245419
Bearing3_1,2107,0.8305084745762712,-1.1232256317948566,0.08176524646368322
Bearing3_1,2108,0.8309026409144659,-1.1270241691491627,0.2156151034216561
Bearing3_1,2109,0.8312968072526606,-1.1167665696058564,0.43901746020934085
Bearing3_1,2110,0.8316909735908553,-1.1149294732649486,0.4273366482755489
Bearing3_1,2111,0.8320851399290501,-1.123074091791879,0.3421922439434189
Bearing3_1,2112,0.8324793062672448,-1.144647889654221,0.5955975750970642
Bearing3_1,2113,0.8328734726054395,-1.1562153026062885,0.47910369411711284
Bearing3_1,2114,0.8332676389436342,-1.140207066847553,0.4783064732193538
Bearing3_1,2115,0.833661805281829,-1.1368337974922427,0.1739283881661104
Bearing3_1,2116,0.8340559716200237,-1.1504666855116166,1.2731323479327021
Bearing3_1,2117,0.8344501379582183,-1.1681637128249767,0.17037316940262925
Bearing3_1,2118,0.8348443042964131,-1.1786478369068967,0.11713250686828781
Bearing3_1,2119,0.8352384706346078,-1.1907204270722267,0.4826869650114661
Bearing3_1,2120,0.8356326369728025,-1.208469332323399,0.6139764775333197
Bearing3_1,2121,0.8360268033109972,-1.2163519791768858,0.17169656926185772
Bearing3_1,2122,0.836420969649192,-1.2188210245601585,0.3674662715982108
Bearing3_1,2123,0.8368151359873867,-1.221969680815266,0.4786931407942238
Bearing3_1,2124,0.8372093023255814,-1.2486554974140973,0.40764652725745293
Bearing3_1,2125,0.8376034686637761,-1.2577652093847433,0.6164382535249643
Bearing3_1,2126,0.8379976350019709,-1.2461257628363682,0.48848933996321775
Bearing3_1,2127,0.8383918013401656,-1.2505222082595697,0.7308093908226052
Bearing3_1,2128,0.8387859676783602,-1.2579058636688978,0.1609060577163227
Bearing3_1,2129,0.839180134016555,-1.255366687009047,0.13994165928751448
Bearing3_1,2130,0.8395743003547497,-1.2467566772318037,0.4463826714801444
Bearing3_1,2131,0.8399684666929444,-1.2452900603013022,0.19933312898758032
Bearing3_1,2132,0.8403626330311391,-1.252492725117295,0.7194281043525645
Bearing3_1,2133,0.8407567993693339,-1.2337124197533618,0.4570126013214359
Bearing3_1,2134,0.8411509657075286,-1.2181319764663283,0.49117457938832504
Bearing3_1,2135,0.8415451320457233,-1.2157867908665716,0.15596497740844176
Bearing3_1,2136,0.841939298383918,-1.2113724854386088,0.44518229911677226
Bearing3_1,2137,0.8423334647221127,-1.1987225512124098,0.4504981041255137
Bearing3_1,2138,0.8427276310603075,-1.163196011530831,0.8457386644869787
Bearing3_1,2139,0.8431217973985021,-1.1588772851661333,1.235508207887746
Bearing3_1,2140,0.8435159637366969,-1.1525947031067325,0.34123218218559137
Bearing3_1,2141,0.8439101300748916,-1.1492652668667331,0.32758958290761303
Bearing3_1,2142,0.8443042964130864,-1.1214609283651793,0.2264917467020866
Bearing3_1,2143,0.844698462751281,-1.1257567790181153,0.7025782530708625
Bearing3_1,2144,0.8450926290894758,-1.1177799544189733,0.11048135912630838
Bearing3_1,2145,0.8454867954276705,-1.1339639227821745,0.799971936516586
Bearing3_1,2146,0.8458809617658652,-1.1395584439275095,0.07775736779965034
Bearing3_1,2147,0.8462751281040599,-1.1422362050004549,0.31861644302159253
Bearing3_1,2148,0.8466692944422546,-1.1746458256475338,0.3351270803532911
Bearing3_1,2149,0.8470634607804494,-1.1774147928631344,0.19672742547056285
Bearing3_1,2150,0.847457627118644,-1.1823201414753546,0.4469203732715755
Bearing3_1,2151,0.8478517934568388,-1.1964951995299349,0.6103475694207933
Bearing3_1,2152,0.8482459597950335,-1.2149324547586828,0.11205767091251731
Bearing3_1,2153,0.8486401261332283,-1.2275828591985831,0.542994391844334
Bearing3_1,2154,0.8490342924714229,-1.2312460267581538,0.285053583997457
Bearing3_1,2155,0.8494284588096177,-1.2276835306687084,0.5041546216197806
Bearing3_1,2156,0.8498226251478124,-1.2371269359595813,0.5132419680766523
Bearing3_1,2157,0.850216791486007,-1.2297334072827755,0.3139508207887746
Bearing3_1,2158,0.8506109578242018,-1.2263198694101596,0.42228522126104034
Bearing3_1,2159,0.8510051241623965,-1.2333952264465242,0.6014257884340304
Bearing3_1,2160,0.8513992905005913,-1.240979605068483,0.40924532842903527
Bearing3_1,2161,0.8517934568387859,-1.2233273751349278,0.31178243988829096
Bearing3_1,2162,0.8521876231769807,-1.2162099431518523,0.3490249528869514
Bearing3_1,2163,0.8525817895151754,-1.1958990857509344,0.07627537860727017
Bearing3_1,2164,0.8529759558533702,-1.1940046807632494,0.41427014508548465
Bearing3_1,2165,0.8533701221915648,-1.1656919428681127,0.49355116590604636
Bearing3_1,2166,0.8537642885297596,-1.1400426302296531,0.6100874145721227
Bearing3_1,2167,0.8541584548679543,-1.127898364500545,0.20847821447222034
Bearing3_1,2168,0.8545526212061489,-1.1185927269262683,0.5272003723633721
Bearing3_1,2169,0.8549467875443437,-1.079531994205194,0.5303864405240333
Bearing3_1,2170,0.8553409538825384,-1.0457199966721278,0.6371407942238267
Bearing3_1,2171,0.8557351202207332,-1.025557704942273,0.20606098585473287
Bearing3_1,2172,0.8561292865589278,-1.0174213200167395,0.7730942942124742
Bearing3_1,2173,0.8565234528971226,-1.0075472636926055,0.17357565333878255
Bearing3_1,2174,0.8569176192353173,-1.0107107369723038,0.8909643757237246
Bearing3_1,2175,0.8573117855735121,-1.0196622352315026,0.29434734236995663
Bearing3_1,2176,0.8577059519117067,-1.0194480109585435,0.3035456712757987
Bearing3_1,2177,0.8581001182499015,-1.007474377342874,0.22759364711758961
Bearing3_1,2178,0.8584942845880962,-1.0020574791714238,0.7650617805326613
Bearing3_1,2179,0.8588884509262908,-1.0101077663533522,0.15622270281315986
Bearing3_1,2180,0.8592826172644856,-1.0141657474478234,0.5178847489953
Bearing3_1,2181,0.8596767836026803,-1.0118354838768382,0.1034380718842949
Bearing3_1,2182,0.8600709499408751,-1.0179781551083502,1.073603069727312
Bearing3_1,2183,0.8604651162790697,-1.0213276357589405,0.18225842926231184
Bearing3_1,2184,0.8608592826172645,-1.005964887481007,0.21376888495334107
Bearing3_1,2185,0.8612534489554592,-1.000051286277495,0.10040487705197193
Bearing3_1,2186,0.861647615293654,-0.9979924851648541,0.4489933474104852
Bearing3_1,2187,0.8620417816318486,-1.0091992221458015,0.25555768226505915
Bearing3_1,2188,0.8624359479700433,-1.0040271093110562,0.22016592875144744
Bearing3_1,2189,0.8628301143082381,-1.0151669257616573,0.5338243534727426
Bearing3_1,2190,0.8632242806464328,-1.0159942204900776,0.15898500329223714
Bearing3_1,2191,0.8636184469846275,-1.0246810314332206,0.35302504370728605
Bearing3_1,2192,0.8640126133228222,-1.0096295998095328,0.22584342574302385
Bearing3_1,2193,0.864406779661017,-1.0020452392527077,0.15531275117498808
Bearing3_1,2194,0.8648009459992116,-0.9947684497925311,0.23528485797970167
Bearing3_1,2195,0.8651951123374064,-0.9877244366884919,0.1625962014395023
Bearing3_1,2196,0.8655892786756011,-0.994551813728631,0.9265743932066389
Bearing3_1,2197,0.8659834450137959,-1.0028442109171745,0.37293572190813523
Bearing3_1,2198,0.8663776113519905,-1.0021249811582473,0.22317042435801376
Bearing3_1,2199,0.8667717776901852,-1.000523488782167,0.5182206480030879
Bearing3_1,2200,0.86716594402838,-1.0013237286698549,0.28583379878754855
Bearing3_1,2201,0.8675601103665747,-1.0178406198969323,0.8369233703426198
Bearing3_1,2202,0.8679542767047694,-1.020799909105133,0.27804579615375885
Bearing3_1,2203,0.8683484430429641,-1.0168449942260431,0.1914730150080603
Bearing3_1,2204,0.8687426093811589,-1.0255800824921686,0.6734978543695933
Bearing3_1,2205,0.8691367757193535,-1.0363162708706084,0.2304517176395795
Bearing3_1,2206,0.8695309420575483,-1.0319945409147273,0.4377555570692278
Bearing3_1,2207,0.869925108395743,-0.995053212180553,0.8545217174125287
Bearing3_1,2208,0.8703192747339378,-0.9928043452157486,1.0615576595599754
Bearing3_1,2209,0.8707134410721324,-0.976992701834275,0.06931717866630338
Bearing3_1,2210,0.8711076074103271,-0.9621152529310152,0.24031317121903595
Bearing3_1,2211,0.8715017737485219,-0.9486724591940406,0.8683392139500034
Bearing3_1,2212,0.8718959400867166,-0.9416189789136062,0.07754759553163953
Bearing3_1,2213,0.8722901064249113,-0.9547383998870096,0.6213828758258975
Bearing3_1,2214,0.872684272763106,-0.9502895193962464,0.06692885362032559
Bearing3_1,2215,0.8730784391013008,-0.960185617240055,0.6982396294530345
Bearing3_1,2216,0.8734726054394955,-0.9812591715182688,0.7814999886474582
Bearing3_1,2217,0.8738667717776902,-1.007591239539519,0.6678767568058488
Bearing3_1,2218,0.8742609381158849,-1.0275656934940418,0.8790173239788389
Bearing3_1,2219,0.8746551044540796,-1.049697561811048,0.11499307494948119
Bearing3_1,2220,0.8750492707922743,-1.0659543096888648,0.07612910110573758
Bearing3_1,2221,0.875443437130469,-1.0718996312967515,0.5103581499897827
Bearing3_1,2222,0.8758376034686638,-1.091919265055944,0.48509901686987716
Bearing3_1,2223,0.8762317698068585,-1.106517392211367,0.40119637626864657
Bearing3_1,2224,0.8766259361450532,-1.1376697263985154,0.641556524305792
Bearing3_1,2225,0.8770201024832479,-1.1390252523253726,0.4055494403196876
Bearing3_1,2226,0.8774142688214427,-1.1303668347144946,0.4173930931135481
Bearing3_1,2227,0.8778084351596374,-1.1468277518930239,0.2647656381263765
Bearing3_1,2228,0.8782026014978321,-1.1579495133536426,0.6697567831437459
Bearing3_1,2229,0.8785967678360268,-1.1585087309682214,0.2869400358740322
Bearing3_1,2230,0.8789909341742215,-1.1693152904363953,0.38729546125377473
Bearing3_1,2231,0.8793851005124163,-1.1709285382339794,0.24062230093317893
Bearing3_1,2232,0.8797792668506109,-1.1705517084274732,0.4474063528824104
Bearing3_1,2233,0.8801734331888057,-1.17626914991307,0.6022520264287173
Bearing3_1,2234,0.8805675995270004,-1.1604398733195869,0.20760568081193378
Bearing3_1,2235,0.8809617658651951,-1.157475682309178,0.13547126671661786
Bearing3_1,2236,0.8813559322033898,-1.1593934782509854,0.6085058238539609
Bearing3_1,2237,0.8817500985415846,-1.1769064928593407,0.8267536725472834
Bearing3_1,2238,0.8821442648797793,-1.1750451863710352,0.16374260381899508
Bearing3_1,2239,0.882538431217974,-1.1782023292351373,0.14768243534727427
Bearing3_1,2240,0.8829325975561687,-1.1599238506160734,0.43106863746792906
Bearing3_1,2241,0.8833267638943634,-1.1441862843005377,0.2939681901777808
Bearing3_1,2242,0.8837209302325582,-1.139198823811637,0.7567753331971029
Bearing3_1,2243,0.8841150965707528,-1.1351313181811284,0.6968251027405036
Bearing3_1,2244,0.8845092629089476,-1.1366539195741912,0.11758353200281543
Bearing3_1,2245,0.8849034292471423,-1.131308107188993,0.19695409032082284
Bearing3_1,2246,0.885297595585337,-1.1200338291941052,0.4219631269441228
Bearing3_1,2247,0.8856917619235317,-1.0865745897631371,0.22122968462638784
Bearing3_1,2248,0.8860859282617265,-1.0703681794400768,0.619444361192471
Bearing3_1,2249,0.8864800945999212,-1.0754619804547159,0.6453470472038689
Bearing3_1,2250,0.8868742609381158,-1.0914587979379309,0.08374077605975978
Bearing3_1,2251,0.8872684272763106,-1.1046256600619462,0.1734374701995777
Bearing3_1,2252,0.8876625936145053,-1.126446731960646,1.1107072633562656
Bearing3_1,2253,0.8880567599527001,-1.1318102169271058,0.15083930477033808
Bearing3_1,2254,0.8884509262908947,-1.1372468879155908,0.18861461526235723
Bearing3_1,2255,0.8888450926290895,-1.1349790522835348,0.501251095520287
Bearing3_1,2256,0.8892392589672842,-1.1287476262393568,0.28731989192380175
Bearing3_1,2257,0.889633425305479,-1.129407536683495,0.23805090479758417
Bearing3_1,2258,0.8900275916436736,-1.1191210356201464,0.22576770428899032
Bearing3_1,2259,0.8904217579818684,-1.1135956598575283,0.811808096632836
Bearing3_1,2260,0.8908159243200631,-1.1007323906445787,0.27278452875598846
Bearing3_1,2261,0.8912100906582577,-1.0901991563808098,0.25043443907090795
Bearing3_1,2262,0.8916042569964525,-1.0665443977642644,0.6180948164293986
Bearing3_1,2263,0.8919984233346472,-1.0535630497457835,0.4479743432554549
Bearing3_1,2264,0.892392589672842,-1.0609535617523054,0.7969530685920577
Bearing3_1,2265,0.8927867560110366,-1.0717240911807238,0.36305456031605476
Bearing3_1,2266,0.8931809223492314,-1.0937607324535121,0.6413563108780056
Bearing3_1,2267,0.8935750886874261,-1.1313328768228652,0.8422112026882819
Bearing3_1,2268,0.8939692550256209,-1.1583242832211318,0.20311684036055672
Bearing3_1,2269,0.8943634213638155,-1.1589696736517694,0.16222611992825192
Bearing3_1,2270,0.8947575877020102,-1.194678227376105,0.9963456621937652
Bearing3_1,2271,0.895151754040205,-1.220375452531846,0.12771970574211566
Bearing3_1,2272,0.8955459203783996,-1.237170695687074,0.3047576459369253
Bearing3_1,2273,0.8959400867165944,-1.2567043277873269,0.58437763095157
Bearing3_1,2274,0.8963342530547891,-1.2625529136538216,0.3033505891969212
Bearing3_1,2275,0.8967284193929839,-1.2841208885292519,0.22957216810843947
Bearing3_1,2276,0.8971225857311785,-1.2859236892405654,0.16356450514270146
Bearing3_1,2277,0.8975167520693733,-1.2790507256684704,0.5839539995004882
Bearing3_1,2278,0.897910918407568,-1.2932006205731983,0.5749649660558999
Bearing3_1,2279,0.8983050847457628,-1.2979067689694448,0.4667574870013396
Bearing3_1,2280,0.8986992510839574,-1.286643312209291,0.4379144472447381
Bearing3_1,2281,0.8990934174221521,-1.278693836172201,0.12254460413686624
Bearing3_1,2282,0.8994875837603469,-1.2823515064758755,0.6897023363531095
Bearing3_1,2283,0.8998817500985415,-1.2718385266031664,0.15627904547828259
Bearing3_1,2284,0.9002759164367363,-1.2507860411919516,0.2084442022568853
Bearing3_1,2285,0.900670082774931,-1.2228054428384723,0.0688145562291397
Bearing3_1,2286,0.9010642491131258,-1.2077513515775344,0.392661172036419
Bearing3_1,2287,0.9014584154513204,-1.178730805551198,0.09750110119655792
Bearing3_1,2288,0.9018525817895152,-1.1537938417233176,0.7641493086302023
Bearing3_1,2289,0.9022467481277099,-1.1490388183175884,0.2741673364666349
Bearing3_1,2290,0.9026409144659047,-1.1337957236183374,0.12987264718570488
Bearing3_1,2291,0.9030350808040993,-1.1203921897240892,0.158405830665486
Bearing3_1,2292,0.903429247142294,-1.1157613248477098,1.0160949072497332
Bearing3_1,2293,0.9038234134804888,-1.102750109810829,0.2681745339781577
Bearing3_1,2294,0.9042175798186834,-1.1025905859273313,0.37537254501282835
Bearing3_1,2295,0.9046117461568782,-1.099732833162977,0.14369251640442296
Bearing3_1,2296,0.9050059124950729,-1.0913909595892843,0.222197920214336
Bearing3_1,2297,0.9054000788332677,-1.1000684141037285,0.596807074904071
Bearing3_1,2298,0.9057942451714623,-1.1006622366254444,0.4960039960947256
Bearing3_1,2299,0.9061884115096571,-1.1008064921365077,0.2663850328088459
Bearing3_1,2300,0.9065825778478518,-1.1014940497290242,0.15125295733714778
Bearing3_1,2301,0.9069767441860465,-1.086698962271905,0.483652339758872
Bearing3_1,2302,0.9073709105242412,-1.0589567954789079,0.5526307472243035
Bearing3_1,2303,0.9077650768624359,-1.0596586129748042,0.7594144813023636
Bearing3_1,2304,0.9081592432006307,-1.0719791523924664,0.7994048543468882
Bearing3_1,2305,0.9085534095388254,-1.068735602388125,0.6887362350430262
Bearing3_1,2306,0.9089475758770201,-1.074042113719164,0.5336170106486843
Bearing3_1,2307,0.9093417422152148,-1.0816325250173056,0.6696633290193674
Bearing3_1,2308,0.9097359085534096,-1.0725740782881932,0.16599343823081988
Bearing3_1,2309,0.9101300748916042,-1.0747643261090076,0.6879485048702404
Bearing3_1,2310,0.910524241229799,-1.0913758257203339,0.5748755988465818
Bearing3_1,2311,0.9109184075679937,-1.1097244701273072,0.420560361464932
Bearing3_1,2312,0.9113125739061884,-1.1329071806837532,0.7339166269327703
Bearing3_1,2313,0.9117067402443831,-1.1457978687023604,0.3971699929614241
Bearing3_1,2314,0.9121009065825778,-1.1330277114370995,0.22142494834593465
Bearing3_1,2315,0.9124950729207726,-1.1549828172776873,0.6387809640578526
Bearing3_1,2316,0.9128892392589673,-1.1652455968457234,0.11939983652339758
Bearing3_1,2317,0.913283405597162,-1.161619702237861,0.20478046454601184
Bearing3_1,2318,0.9136775719353567,-1.171966175800835,0.37330887995822265
Bearing3_1,2319,0.9140717382735515,-1.176920653311845,0.46827327838703087
Bearing3_1,2320,0.9144659046117461,-1.1665215162403688,0.221666916422587
Bearing3_1,2321,0.9148600709499409,-1.1897447618691936,0.775903094702904
Bearing3_1,2322,0.9152542372881356,-1.187460348902953,0.22392632200349658
Bearing3_1,2323,0.9156484036263303,-1.1732653423564314,0.08785937038802988
Bearing3_1,2324,0.916042569964525,-1.1717321244381904,0.35771284880684784
Bearing3_1,2325,0.9164367363027197,-1.180016298033118,0.9173419612651272
Bearing3_1,2326,0.9168309026409145,-1.194886306443084,0.37075837249960264
Bearing3_1,2327,0.9172250689791092,-1.200370320544517,0.2043153509070681
Bearing3_1,2328,0.9176192353173039,-1.2067445208465832,0.3862135186068161
Bearing3_1,2329,0.9180134016554986,-1.2249181414433472,0.8881390459323842
Bearing3_1,2330,0.9184075679936934,-1.2381590120969475,0.21237368026701178
Bearing3_1,2331,0.918801734331888,-1.23675521848954,0.288758077333515
Bearing3_1,2332,0.9191959006700827,-1.24760552834598,0.2655373839202598
Bearing3_1,2333,0.9195900670082775,-1.2623715843720258,0.10339715732352474
Bearing3_1,2334,0.9199842333464722,-1.2655388927263655,0.1319121199736621
Bearing3_1,2335,0.920378399684667,-1.22748926840954,0.5869014372317962
Bearing3_1,2336,0.9207725660228616,-1.1770912207664483,0.3019610153713416
Bearing3_1,2337,0.9211667323610564,-1.1108169299222737,0.7254068069840838
Bearing3_1,2338,0.9215608986992511,-1.040817385215889,0.3174648411779397
Bearing3_1,2339,0.9219550650374458,-0.9631819716115819,0.6201037622323639
Bearing3_1,2340,0.9223492313756405,-0.8545718858178123,1.2638460595327294
Bearing3_1,2341,0.9227433977138353,-0.7614628334801966,0.825483096065209
Bearing3_1,2342,0.92313756405203,-0.6758619678995453,0.540821651567786
Bearing3_1,2343,0.9235317303902246,-0.5657096827341289,0.8022312739822446
Bearing3_1,2344,0.9239258967284194,-0.4677003858619789,0.3970941579819722
Bearing3_1,2345,0.9243200630666141,-0.3896691260188011,0.22559235292782054
Bearing3_1,2346,0.9247142294048089,-0.31784300451271674,0.1991989873532684
Bearing3_1,2347,0.9251083957430035,-0.2639422247602192,0.17924921099834254
Bearing3_1,2348,0.9255025620811983,-0.18761297263385282,0.560232409236428
Bearing3_1,2349,0.925896728419393,-0.08403771266667673,0.398295029857185
Bearing3_1,2350,0.9262908947575877,-0.05631887991816472,1.5005003292237131
Bearing3_1,2351,0.9266850610957824,0.02073720943381715,0.9254776468451287
Bearing3_1,2352,0.9270792274339772,0.0849888761740113,1.0186712076834004
Bearing3_1,2353,0.9274733937721719,0.14175976798405537,0.5370256340394615
Bearing3_1,2354,0.9278675601103665,0.16518280374952493,1.5849399904638648
Bearing3_1,2355,0.9282617264485613,0.19540752237452116,0.13224176373089935
Bearing3_1,2356,0.928655892786756,0.23976608767252902,0.46589918942851305
Bearing3_1,2357,0.9290500591249508,0.28816442405912424,0.2516737960629385
Bearing3_1,2358,0.9294442254631454,0.31290135025045474,0.38462656948890855
Bearing3_1,2359,0.9298383918013402,0.32926363104687423,0.1791487750607361
Bearing3_1,2360,0.9302325581395349,0.3540350652534201,1.2354645233067685
Bearing3_1,2361,0.9306267244777296,0.3790813575300291,0.9363561065322525
Bearing3_1,2362,0.9310208908159243,0.41825499312701264,0.5590802624707673
Bearing3_1,2363,0.931415057154119,0.45506139575324545,0.43072579070453876
Bearing3_1,2364,0.9318092234923138,0.5168443493213848,0.7363516109256862
Bearing3_1,2365,0.9322033898305084,0.5466876923387886,1.1090319914628886
Bearing3_1,2366,0.9325975561687032,0.5678055415344297,0.08902733692073656
Bearing3_1,2367,0.9329917225068979,0.5838328662137393,0.09078265558658584
Bearing3_1,2368,0.9333858888450927,0.5816283598510792,0.9864287173898236
Bearing3_1,2369,0.9337800551832873,0.5991535191044821,0.7536501600708398
Bearing3_1,2370,0.9341742215214821,0.6236498253587373,0.985947369616057
Bearing3_1,2371,0.9345683878596768,0.6338046305682676,0.4205604522852667
Bearing3_1,2372,0.9349625541978716,0.6498286739239909,0.32456896669164226
Bearing3_1,2373,0.9353567205360662,0.6360801534277998,0.6960534931771224
Bearing3_1,2374,0.9357508868742609,0.6438186713671462,0.1045342733237972
Bearing3_1,2375,0.9361450532124557,0.6978947514453429,0.5531664509683718
Bearing3_1,2376,0.9365392195506503,0.733971729544807,0.6229452580432759
Bearing3_1,2377,0.9369333858888451,0.7648325231579024,0.21687680221601616
Bearing3_1,2378,0.9373275522270398,0.8147220746757234,0.3426696410326272
Bearing3_1,2379,0.9377217185652346,0.8578013164503545,0.5033555389051608
Bearing3_1,2380,0.9381158849034292,0.9238024959241837,0.2309436686874191
Bearing3_1,2381,0.938510051241624,0.9808131955769166,0.1585291192698045
Bearing3_1,2382,0.9389042175798187,1.0364859925927763,0.4003393955906728
Bearing3_1,2383,0.9392983839180133,1.1024071748501987,0.3393698885180392
Bearing3_1,2384,0.9396925502562081,1.1733783575529155,0.2660623935699203
Bearing3_1,2385,0.9400867165944028,1.2049058287225176,0.8573457757191836
Bearing3_1,2386,0.9404808829325976,1.2741784072480695,0.7426234815975297
Bearing3_1,2387,0.9408750492707922,1.33492342337549,0.5773069500261109
Bearing3_1,2388,0.941269215608987,1.408319474231082,0.15833655745521422
Bearing3_1,2389,0.9416633819471817,1.444504855855104,0.8707817360306973
Bearing3_1,2390,0.9420575482853765,1.4988536884941808,0.4918001498535522
Bearing3_1,2391,0.9424517146235711,1.5474003574689117,0.2391420884135958
Bearing3_1,2392,0.9428458809617659,1.598792967247356,0.30591376609222803
Bearing3_1,2393,0.9432400472999606,1.6892584149485521,1.043617373930023
Bearing3_1,2394,0.9436342136381553,1.7309852952446085,1.5590656403968848
Bearing3_1,2395,0.94402837997635,1.8152367024358853,0.605218718070976
Bearing3_1,2396,0.9444225463145447,1.8533267585279538,0.9661855005335694
Bearing3_1,2397,0.9448167126527395,1.9127280832723446,0.20992700315600663
Bearing3_1,2398,0.9452108789909341,1.9914404791209683,0.8418085961446768
Bearing3_1,2399,0.9456050453291289,2.0280571032817902,2.459367799650342
Bearing3_1,2400,0.9459992116673236,2.0571865325738052,0.20054660218422904
Bearing3_1,2401,0.9463933780055184,2.0877935658572015,0.1884214404105079
Bearing3_1,2402,0.946787544343713,2.1255492905326947,0.14256314283768134
Bearing3_1,2403,0.9471817106819078,2.1254124764627322,0.3922197852099085
Bearing3_1,2404,0.9475758770201025,2.1594123208744715,0.34744297618236725
Bearing3_1,2405,0.9479700433582972,2.175008268388208,0.11366100174829144
Bearing3_1,2406,0.9483642096964919,2.2002369478653603,0.6312191267624822
Bearing3_1,2407,0.9487583760346866,2.233155250637273,0.47418713529959355
Bearing3_1,2408,0.9491525423728814,2.2510888979239687,0.28575446722521175
Bearing3_1,2409,0.949546708711076,2.3284982926299764,0.30960134414095314
Bearing3_1,2410,0.9499408750492708,2.408701304846022,0.2550744726744318
Bearing3_1,2411,0.9503350413874655,2.4829375394097184,0.45036305428785506
Bearing3_1,2412,0.9507292077256603,2.530156615945234,1.074136457552846
Bearing3_1,2413,0.9511233740638549,2.6138560675926654,0.9188029879890107
Bearing3_1,2414,0.9515175404020496,2.7079914292242977,0.0844431010603274
Bearing3_1,2415,0.9519117067402444,2.7995759704668024,0.21025118634062168
Bearing3_1,2416,0.9523058730784391,2.9037553015061874,0.25907694752855165
Bearing3_1,2417,0.9527000394166338,3.0030673057779387,0.2668283949776355
Bearing3_1,2418,0.9530942057548285,3.1007531687323353,0.1670324115069364
Bearing3_1,2419,0.9534883720930233,3.218322394460336,0.3696213246145812
Bearing3_1,2420,0.953882538431218,3.3057166769921222,0.9017324887042208
Bearing3_1,2421,0.9542767047694127,3.383834661777314,0.7937846195763232
Bearing3_1,2422,0.9546708711076074,3.5240784593655237,1.1178614535794564
Bearing3_1,2423,0.9550650374458022,3.6445616967460537,0.22246733873714325
Bearing3_1,2424,0.9554592037839968,3.770027840844244,0.14954120972685783
Bearing3_1,2425,0.9558533701221915,3.8925353704100503,0.3857977885248507
Bearing3_1,2426,0.9562475364603863,4.014807977697614,0.32982882637422517
Bearing3_1,2427,0.956641702798581,4.105215045601351,0.983042572031878
Bearing3_1,2428,0.9570358691367757,4.218472494153749,0.8782496196898486
Bearing3_1,2429,0.9574300354749704,4.316869123780988,0.26047019957768547
Bearing3_1,2430,0.9578242018131652,4.416488841145415,0.9484833458211294
Bearing3_1,2431,0.9582183681513599,4.553564177193185,0.5488449015734623
Bearing3_1,2432,0.9586125344895546,4.664606857584274,0.17054670435710556
Bearing3_1,2433,0.9590067008277493,4.75822696098477,0.5871640896396704
Bearing3_1,2434,0.9594008671659441,4.818211191409844,1.1763228662897622
Bearing3_1,2435,0.9597950335041388,4.8796845468484165,0.35116658719887384
Bearing3_1,2436,0.9601891998423334,4.922451367932998,1.0579445541856822
Bearing3_1,2437,0.9605833661805282,4.956229012485887,1.3209492541380015
Bearing3_1,2438,0.9609775325187229,4.984706724529188,0.6902794541697886
Bearing3_1,2439,0.9613716988569176,5.0380273424732085,0.6534187498580932
Bearing3_1,2440,0.9617658651951123,5.070120728405733,1.7127093068137955
Bearing3_1,2441,0.9621600315333071,5.0911600611837295,0.2015067547623913
Bearing3_1,2442,0.9625541978715018,5.114226901267075,0.18395577049701428
Bearing3_1,2443,0.9629483642096965,5.149669217212072,0.12700600549463026
Bearing3_1,2444,0.9633425305478912,5.23307046305207,0.5867755148377721
Bearing3_1,2445,0.9637366968860859,5.301662183640088,0.9262091138205845
Bearing3_1,2446,0.9641308632242807,5.400845955148665,0.10374879095429466
Bearing3_1,2447,0.9645250295624753,5.493092569977917,1.585926299298413
Bearing3_1,2448,0.9649191959006701,5.575951388541107,0.355014985355221
Bearing3_1,2449,0.9653133622388648,5.6196344286782915,0.8256851713098563
Bearing3_1,2450,0.9657075285770595,5.691402896386145,0.6811304861158414
Bearing3_1,2451,0.9661016949152542,5.780968369340872,0.7893524964239493
Bearing3_1,2452,0.966495861253449,5.8494412537771145,0.5924526031378425
Bearing3_1,2453,0.9668900275916437,5.925517371370825,0.20221653838294393
Bearing3_1,2454,0.9672841939298384,5.988592794359214,0.1545436278182685
Bearing3_1,2455,0.9676783602680331,6.071278430817934,0.25563499307494947
Bearing3_1,2456,0.9680725266062278,6.131157697844205,0.737458665395182
Bearing3_1,2457,0.9684666929444226,6.205243262534573,1.0454820970415275
Bearing3_1,2458,0.9688608592826172,6.293368674779816,0.8513964080557637
Bearing3_1,2459,0.969255025620812,6.381259858057791,0.8119513203006153
Bearing3_1,2460,0.9696491919590067,6.4672480058890685,0.7369749108825466
Bearing3_1,2461,0.9700433582972015,6.533406295821666,0.11232402424902936
Bearing3_1,2462,0.9704375246353961,6.661920277881029,1.6875364530118293
Bearing3_1,2463,0.9708316909735909,6.860201739145263,2.7777459301137526
Bearing3_1,2464,0.9712258573117856,7.253597631570342,7.14907594850487
Bearing3_1,2465,0.9716200236499803,7.668388812768126,0.6182682378584565
Bearing3_1,2466,0.972014189988175,8.099781345688971,0.15433908907204322
Bearing3_1,2467,0.9724083563263697,8.529614135934168,0.9962499375610199
Bearing3_1,2468,0.9728025226645645,8.95315695657672,0.7506086324728106
Bearing3_1,2469,0.9731966890027591,9.37333889660167,0.7173471380242036
Bearing3_1,2470,0.9735908553409539,9.809220891342097,0.20866510001589356
Bearing3_1,2471,0.9739850216791486,10.242609291039887,0.23215518924687237
Bearing3_1,2472,0.9743791880173434,10.641791587044903,0.6910230456599232
Bearing3_1,2473,0.974773354355538,10.933614945620565,0.8845741661558023
Bearing3_1,2474,0.9751675206937328,11.05133314314672,1.173827668414958
Bearing3_1,2475,0.9755616870319275,11.130920504255602,0.4973086302023023
Bearing3_1,2476,0.9759558533701221,11.203476976248373,0.1313858956020253
Bearing3_1,2477,0.9763500197083169,11.282137226569947,0.5799332016438481
Bearing3_1,2478,0.9767441860465116,11.361538711394576,0.9664286265694889
Bearing3_1,2479,0.9771383523847064,11.46549504440702,0.32347103966578117
Bearing3_1,2480,0.977532518722901,11.530438886308383,1.2584779420112162
Bearing3_1,2481,0.9779266850610958,11.600818496234018,0.5250704992847899
Bearing3_1,2482,0.9783208513992905,11.662527200086597,0.497613877347138
Bearing3_1,2483,0.9787150177374853,11.74274561661213,0.1521815498490112
Bearing3_1,2484,0.9791091840756799,11.803952099931221,0.5448879958222647
Bearing3_1,2485,0.9795033504138747,11.885334669155451,0.3141184297164135
Bearing3_1,2486,0.9798975167520694,11.961702840745577,0.20205735304134595
Bearing3_1,2487,0.980291683090264,12.046854054711407,0.20983466158072792
Bearing3_1,2488,0.9806858494284588,12.09778064801366,0.2206148309606521
Bearing3_1,2489,0.9810800157666535,12.142476962147825,0.15117821220171196
Bearing3_1,2490,0.9814741821048483,12.215956547936488,0.1488506232545467
Bearing3_1,2491,0.9818683484430429,12.27328476488554,0.10923049065685807
Bearing3_1,2492,0.9822625147812377,12.315506544143025,0.052967264945621324
Bearing3_1,2493,0.9826566811194324,12.365310513546836,0.2004903843970665
Bearing3_1,2494,0.9830508474576272,12.39300029477026,0.20985795699657153
Bearing3_1,2495,0.9834450137958218,12.407182317307317,0.15299056603773584
Bearing3_1,2496,0.9838391801340165,12.423726836341984,0.08838118997343505
Bearing3_1,2497,0.9842333464722113,12.441651521924896,0.12346006175782757
Bearing3_1,2498,0.984627512810406,12.459113801657264,0.21299745703062917
Bearing3_1,2499,0.9850216791486007,12.471040895547608,0.0598693265672184
Bearing3_1,2500,0.9854158454867954,12.485121466682171,0.06053815021683355
Bearing3_1,2501,0.9858100118249902,12.497298664899967,0.10539546579479145
Bearing3_1,2502,0.9862041781631848,12.510248108078766,0.049263963626455964
Bearing3_1,2503,0.9865983445013796,12.514875377708945,0.11381742842222374
Bearing3_1,2504,0.9869925108395743,12.521386759387244,0.1257583838521445
Bearing3_1,2505,0.9873866771777691,12.530865738232485,0.07336153872352019
Bearing3_1,2506,0.9877808435159637,12.539951675963238,0.09463056558363418
Bearing3_1,2507,0.9881750098541584,12.5527935483876,0.0392561388869968
Bearing3_1,2508,0.9885691761923532,12.568327975783879,0.11491566196671435
Bearing3_1,2509,0.9889633425305479,12.58160077439621,0.1401012306155348
Bearing3_1,2510,0.9893575088687426,12.594757156113719,0.0779571384783053
Bearing3_1,2511,0.9897516752069373,12.607235427350535,0.12759765456485708
Bearing3_1,2512,0.9901458415451321,12.619634514471475,0.04579407908180642
Bearing3_1,2513,0.9905400078833267,12.633337499884814,0.05345549803601026
Bearing3_1,2514,0.9909341742215215,12.647306920851433,0.11887964035147469
Bearing3_1,2515,0.9913283405597162,12.658943111472434,0.109524158209023
Bearing3_1,2516,0.991722506897911,12.672192686062008,0.05330117158231728
Bearing3_1,2517,0.9921166732361056,12.682584749237199,0.07445612242581114
Bearing3_1,2518,0.9925108395743003,12.697070401130695,0.11412525259405581
Bearing3_1,2519,0.9929050059124951,12.71202859967688,0.108207842335899
Bearing3_1,2520,0.9932991722506898,12.72594721717338,0.09604907703834889
Bearing3_1,2521,0.9936933385888845,12.741300066304834,0.06516481620234771
Bearing3_1,2522,0.9940875049270792,12.750881186923982,0.19908745998229002
Bearing3_1,2523,0.994481671265274,12.759075315657283,0.13395565697159595
Bearing3_1,2524,0.9948758376034686,12.771314669627376,0.1497158572304339
Bearing3_1,2525,0.9952700039416634,12.78689040130464,0.08317574870013396
Bearing3_1,2526,0.9956641702798581,12.8063949792754,0.20733483186885543
Bearing3_1,2527,0.9960583366180528,12.823365093131759,0.2017118951933338
Bearing3_1,2528,0.9964525029562475,12.838182716631312,0.1335129418976909
Bearing3_1,2529,0.9968466692944422,12.851739275091024,0.1352428762799991
Bearing3_1,2530,0.997240835632637,12.864452611332132,0.11274142315464432
Bearing3_1,2531,0.9976350019708317,12.884938137760106,0.2707089662375406
Bearing3_1,2532,0.9980291683090264,12.908511726298158,0.0884023000249756
Bearing3_1,2533,0.9984233346472211,12.93141952884191,0.13209908498512818
Bearing3_1,2534,0.9988175009854159,12.949116997678317,0.14750005676270916
Bearing3_1,2535,0.9992116673236106,12.971891517325943,0.24388774606634425
Bearing3_1,2536,0.9996058336618053,12.995654063221034,0.23565885611788479
Bearing3_1,2537,1.0,13.020606843809915,0.14676240265195378
Bearing3_2,0,0.0,,
Bearing3_2,1,0.0004008016032064128,,
Bearing3_2,2,0.0008016032064128256,,
Bearing3_2,3,0.0012024048096192384,,
Bearing3_2,4,0.0016032064128256513,,
Bearing3_2,5,0.002004008016032064,,
Bearing3_2,6,0.002404809619238477,,
Bearing3_2,7,0.0028056112224448897,,
Bearing3_2,8,0.0032064128256513026,,
Bearing3_2,9,0.0036072144288577155,,
Bearing3_2,10,0.004008016032064128,,
Bearing3_2,11,0.004408817635270541,,
Bearing3_2,12,0.004809619238476954,,
Bearing3_2,13,0.0052104208416833666,,
Bearing3_2,14,0.0056112224448897794,,
Bearing3_2,15,0.006012024048096192,2.2744055656625966,7.195482255471481
Bearing3_2,16,0.006412825651302605,0.8686675182205742,24.666618531621946
Bearing3_2,17,0.006813627254509018,1.3105401097900138,22.25011738257577
Bearing3_2,18,0.007214428857715431,0.5918135708301291,32.65974177115033
Bearing3_2,19,0.007615230460921844,0.3830827975216943,8.448385631774599
Bearing3_2,20,0.008016032064128256,0.3684435349514568,5.495817591535979
Bearing3_2,21,0.008416833667334669,0.526360689570085,9.262826316084041
Bearing3_2,22,0.008817635270541082,0.7813248241073805,8.543057295941233
Bearing3_2,23,0.009218436873747494,0.7526916406320259,18.044732267327227
Bearing3_2,24,0.009619238476953907,0.9748494774563164,19.953469077007668
Bearing3_2,25,0.01002004008016032,0.7460963677154104,26.15654798245093
Bearing3_2,26,0.010420841683366733,0.905265523787822,8.024423265974177
Bearing3_2,27,0.010821643286573146,0.8470521946799929,4.044150374449349
Bearing3_2,28,0.011222444889779559,1.1474657754340734,2.3223457973192767
Bearing3_2,29,0.011623246492985972,1.3241120657910799,1.8725957933673611
Bearing3_2,30,0.012024048096192385,1.3827535564930267,4.6197312953695935
Bearing3_2,31,0.012424849699398798,1.395317693279858,5.374633059291124
Bearing3_2,32,0.01282565130260521,1.4911826955633258,15.503318113829696
Bearing3_2,33,0.013226452905811623,1.8357173877334543,2.9162435268689677
Bearing3_2,34,0.013627254509018036,1.8360498894217376,9.341403216303938
Bearing3_2,35,0.014028056112224449,2.0946521874867385,4.415358724996657
Bearing3_2,36,0.014428857715430862,2.0591875489527345,16.979523095635933
Bearing3_2,37,0.014829659318637275,2.040914721826747,5.156913267627573
Bearing3_2,38,0.015230460921843688,2.047045675790051,0.710493553677909
Bearing3_2,39,0.0156312625250501,2.0329433649236064,3.7146862157609233
Bearing3_2,40,0.01603206412825651,2.1702081599355223,8.226076063909098
Bearing3_2,41,0.016432865731462926,2.119159515189428,10.702719815161428
Bearing3_2,42,0.016833667334669337,2.1031963450371722,18.387008322947985
Bearing3_2,43,0.017234468937875752,1.781713605404056,23.032569339030356
Bearing3_2,44,0.017635270541082163,1.6133878035742335,3.7853195518997604
Bearing3_2,45,0.018036072144288578,1.4665420123872432,2.509238937947234
Bearing3_2,46,0.01843687374749499,1.620619749225871,8.691927881170809
Bearing3_2,47,0.018837675350701404,1.6383934014477233,6.302831665055282
Bearing3_2,48,0.019238476953907815,1.6521899739303012,0.7000538208188626
Bearing3_2,49,0.01963927855711423,1.8256109819411257,9.826351544472722
Bearing3_2,50,0.02004008016032064,1.9627817316973715,5.293552994334449
Bearing3_2,51,0.020440881763527055,2.150109898438429,6.577907637963512
Bearing3_2,52,0.020841683366733466,2.086169524194897,3.0239086624709426
Bearing3_2,53,0.02124248496993988,2.472246749191603,14.920540006844291
Bearing3_2,54,0.021643286573146292,2.7576117967892815,4.972186204011985
Bearing3_2,55,0.022044088176352707,2.8406830096080866,19.86756938388994
Bearing3_2,56,0.022444889779559118,2.848818638549374,2.286557462776159
Bearing3_2,57,0.022845691382765532,3.121830055904913,15.90036387530403
Bearing3_2,58,0.023246492985971944,3.2127547165028503,16.281824135908302
Bearing3_2,59,0.023647294589178358,3.460648536402515,22.89211013924842
Bearing3_2,60,0.02404809619238477,3.4406722922347095,17.794352562998878
Bearing3_2,61,0.024448897795591184,3.4274541923140207,6.488593916955085
Bearing3_2,62,0.024849699398797595,3.5090735359042604,5.213293218897249
Bearing3_2,63,0.02525050100200401,3.4204772836549884,1.045571568765255
Bearing3_2,64,0.02565130260521042,3.4238878088479603,2.7290259019232797
Bearing3_2,65,0.026052104208416832,3.762002142963765,8.78382935927271
Bearing3_2,66,0.026452905811623247,3.8378187471570313,20.37427930943585
Bearing3_2,67,0.026853707414829658,3.6088369933928064,9.970937825899531
Bearing3_2,68,0.027254509018036072,3.809615928901399,20.097443559167868
Bearing3_2,69,0.027655310621242483,3.6630832924413825,6.521593907983169
Bearing3_2,70,0.028056112224448898,3.6741933286105075,4.370304750373509
Bearing3_2,71,0.02845691382765531,3.750252052620007,0.8136621035213918
Bearing3_2,72,0.028857715430861724,3.781345306460915,1.2849655884274238
Bearing3_2,73,0.029258517034068135,3.9082831664191504,8.708570359265448
Bearing3_2,74,0.02965931863727455,3.811325917126968,16.445365940981024
Bearing3_2,75,0.03006012024048096,3.741015913558138,10.693956388795016
Bearing3_2,76,0.030460921843687375,3.901697858610903,0.8655063771101628
Bearing3_2,77,0.030861723446893786,3.9735311620223994,17.28782378472185
Bearing3_2,78,0.0312625250501002,3.807826092018338,0.41698571265001794
Bearing3_2,79,0.031663326653306616,3.7401273406188422,2.0339223895033705
Bearing3_2,80,0.03206412825651302,3.7204562315662386,1.3543484102831835
Bearing3_2,81,0.03246492985971944,3.82297166289345,9.811247963695353
Bearing3_2,82,0.03286573146292585,3.868668583418412,3.9074986851869813
Bearing3_2,83,0.03326653306613227,3.845518007623306,3.036195915898108
Bearing3_2,84,0.033667334669338675,3.9549000731285937,5.09731538893045
Bearing3_2,85,0.03406813627254509,4.120632585334414,15.315131735506188
Bearing3_2,86,0.034468937875751504,4.073517947843214,18.756752114915727
Bearing3_2,87,0.03486973947895792,4.306564098481444,6.156501413931336
Bearing3_2,88,0.035270541082164326,4.508646302813685,2.792097834905626
Bearing3_2,89,0.03567134268537074,4.556757340160393,11.342649031011643
Bearing3_2,90,0.036072144288577156,4.628152371636771,1.624291592416936
Bearing3_2,91,0.03647294589178357,4.504457430861415,6.814500924321029
Bearing3_2,92,0.03687374749498998,4.465463959574032,3.534865722450769
Bearing3_2,93,0.03727454909819639,4.397922869738585,1.1007883751303598
Bearing3_2,94,0.03767535070140281,4.376073889270765,1.2362005513883614
Bearing3_2,95,0.03807615230460922,4.15881415857284,1.3335767143730533
Bearing3_2,96,0.03847695390781563,4.081223687580069,6.723666677062697
Bearing3_2,97,0.038877755511022044,4.032020757477556,8.519973836182201
Bearing3_2,98,0.03927855711422846,3.8075234390646573,17.21563830700788
Bearing3_2,99,0.039679358717434866,3.614921526148033,8.806268549971653
Bearing3_2,100,0.04008016032064128,3.474116889143415,6.103782859110575
Bearing3_2,101,0.040480961923847696,3.416324915224634,0.5028389707588148
Bearing3_2,102,0.04088176352705411,3.240036669199717,6.598867744122647
Bearing3_2,103,0.04128256513026052,3.020253141527579,3.2795046818451556
Bearing3_2,104,0.04168336673346693,2.7585459690433174,4.586426686410579
Bearing3_2,105,0.04208416833667335,2.6511690033622664,12.09974635110015
Bearing3_2,106,0.04248496993987976,2.566834077542039,4.590979720477802
Bearing3_2,107,0.04288577154308617,2.288064978456475,7.5368269407003305
Bearing3_2,108,0.043286573146292584,2.311094477621874,8.250784722278594
Bearing3_2,109,0.043687374749499,2.351042292611357,6.8810473388227225
Bearing3_2,110,0.04408817635270541,2.276968762827824,3.536032071611275
Bearing3_2,111,0.04448897795591182,2.2599050734973645,5.153060897524904
Bearing3_2,112,0.044889779559118236,2.3618731301505984,3.752669465619829
Bearing3_2,113,0.04529058116232465,2.3965414056657135,8.874232100065068
Bearing3_2,114,0.045691382765531065,2.7086110717358176,18.74055994158855
Bearing3_2,115,0.04609218436873747,2.6993264984616956,14.83313644960752
Bearing3_2,116,0.04649298597194389,2.8101774394018966,5.377812962881472
Bearing3_2,117,0.0468937875751503,2.8878549530326536,10.812843683151211
Bearing3_2,118,0.047294589178356716,3.0546040353149806,15.591307836285592
Bearing3_2,119,0.047695390781563124,3.296434060173502,1.277273344820235
Bearing3_2,120,0.04809619238476954,3.423231102372676,13.56590449522929
Bearing3_2,121,0.04849699398797595,3.3902613613159795,8.672104217783449
Bearing3_2,122,0.04889779559118237,3.286750515991648,2.534767672219144
Bearing3_2,123,0.049298597194388775,3.2645166125030487,2.2014058566108288
Bearing3_2,124,0.04969939879759519,3.205222890292513,15.746749282353479
Bearing3_2,125,0.050100200400801605,3.1698691293380774,13.01040614157599
Bearing3_2,126,0.05050100200400802,3.041519541041782,2.455330322472045
Bearing3_2,127,0.05090180360721443,3.0304011181368224,0.8881237778433819
Bearing3_2,128,0.05130260521042084,2.983497113212314,12.750113751085708
Bearing3_2,129,0.051703406813627256,2.7313460875573368,17.96383463134181
Bearing3_2,130,0.052104208416833664,2.621194037047852,1.6342100462395492
Bearing3_2,131,0.05250501002004008,2.729990167946374,10.107692051351833
Bearing3_2,132,0.05290581162324649,2.714870479163834,12.769028260255649
Bearing3_2,133,0.05330661322645291,2.901382856515988,14.827596077478054
Bearing3_2,134,0.053707414829659315,2.6642998931015587,19.948880582508096
Bearing3_2,135,0.05410821643286573,2.6679572387688864,7.203957726037826
Bearing3_2,136,0.054509018036072145,2.605869353774893,7.877993042065045
Bearing3_2,137,0.05490981963927856,2.4943726907508728,4.687934951041106
Bearing3_2,138,0.05531062124248497,2.2558015425146136,2.143812346809864
Bearing3_2,139,0.05571142284569138,2.347838486721526,9.975582715303569
Bearing3_2,140,0.056112224448897796,2.509126989242403,4.784751757747998
Bearing3_2,141,0.05651302605210421,2.399532754685203,12.782397270486625
Bearing3_2,142,0.05691382765531062,2.5921619209780102,12.871526853587293
Bearing3_2,143,0.05731462925851703,2.5050206583672034,8.921530335545409
Bearing3_2,144,0.05771543086172345,2.7187963448085997,5.392223142674409
Bearing3_2,145,0.05811623246492986,2.682301862647999,13.954161196289729
Bearing3_2,146,0.05851703406813627,2.8281484857572936,7.609126062691481
Bearing3_2,147,0.058917835671342685,3.170424659011366,11.680355390434313
Bearing3_2,148,0.0593186372745491,3.49256258754624,0.6350628055525056
Bearing3_2,149,0.059719438877755514,3.3515938808171364,29.40940607193683
Bearing3_2,150,0.06012024048096192,3.177779573042122,1.699140127238867
Bearing3_2,151,0.060521042084168336,3.202610910311369,3.952484729584297
Bearing3_2,152,0.06092184368737475,3.0663144896225574,1.0142692993403077
Bearing3_2,153,0.061322645290581165,3.234385308346421,17.038476278038843
Bearing3_2,154,0.06172344689378757,3.160238657303259,15.340106133501266
Bearing3_2,155,0.06212424849699399,3.195038707048544,4.688260503444148
Bearing3_2,156,0.0625250501002004,3.1224043942968875,1.6700351229173938
Bearing3_2,157,0.06292585170340681,2.907982482481659,0.38588819517934647
Bearing3_2,158,0.06332665330661323,2.6743522475680708,1.3891056152662715
Bearing3_2,159,0.06372745490981964,2.873316166981348,7.435009358563502
Bearing3_2,160,0.06412825651302605,2.9646749413528974,7.3466846845538205
Bearing3_2,161,0.06452905811623247,2.9983441981658454,1.191069781431294
Bearing3_2,162,0.06492985971943888,3.1492659125955726,9.038565997205035
Bearing3_2,163,0.06533066132264528,2.983322410600173,9.685683854437915
Bearing3_2,164,0.0657314629258517,3.041791067637844,3.6605552249238134
Bearing3_2,165,0.06613226452905811,3.2220054261559357,5.583607795655627
Bearing3_2,166,0.06653306613226453,3.2618683600065905,13.47258972664279
Bearing3_2,167,0.06693386773547094,3.274695610055349,2.483134078458129
Bearing3_2,168,0.06733466933867735,3.4800954428210757,15.047855776013112
Bearing3_2,169,0.06773547094188377,3.6748862414503085,6.225292089290223
Bearing3_2,170,0.06813627254509018,3.9102354269268593,4.186042944719749
Bearing3_2,171,0.06853707414829659,4.129230205194546,2.5594814573981357
Bearing3_2,172,0.06893787575150301,4.079519532985939,14.012262473847931
Bearing3_2,173,0.06933867735470942,4.120083298996308,2.446051438134149
Bearing3_2,174,0.06973947895791584,4.166608685379504,4.274590634942539
Bearing3_2,175,0.07014028056112225,4.143731848401957,0.5277030355411796
Bearing3_2,176,0.07054108216432865,4.126335889735884,13.194200553097298
Bearing3_2,177,0.07094188376753507,4.236326812160178,8.221319239164382
Bearing3_2,178,0.07134268537074148,4.229171877894141,4.840139244145931
Bearing3_2,179,0.07174348697394789,3.9842759626862145,13.672625016181492
Bearing3_2,180,0.07214428857715431,3.7418055885463817,3.7458183391956976
Bearing3_2,181,0.07254509018036072,3.5360181513195412,0.7671192713778343
Bearing3_2,182,0.07294589178356714,3.4242617976944927,5.861405249938372
Bearing3_2,183,0.07334669338677355,3.334318063364356,0.6977441397363197
Bearing3_2,184,0.07374749498997996,3.319524555949797,10.541121070887968
Bearing3_2,185,0.07414829659318638,3.1239225276628155,15.403779398514166
Bearing3_2,186,0.07454909819639279,2.996057978923291,7.271682879489643
Bearing3_2,187,0.07494989979959919,2.9768641754188154,17.53373974691505
Bearing3_2,188,0.07535070140280561,2.7799050687094824,10.005430145725288
Bearing3_2,189,0.07575150300601202,2.6863627492219537,4.954825118119555
Bearing3_2,190,0.07615230460921844,2.652461059310539,1.6047697699386962
Bearing3_2,191,0.07655310621242485,2.781902258444352,14.528944043864982
Bearing3_2,192,0.07695390781563126,2.921789439195755,4.775080031632415
Bearing3_2,193,0.07735470941883768,2.9715787132398868,8.114789264631808
Bearing3_2,194,0.07775551102204409,2.751500822778909,12.091838247451442
Bearing3_2,195,0.0781563126252505,2.9143209401642194,16.725214546296584
Bearing3_2,196,0.07855711422845692,3.022538311812961,11.990444481566342
Bearing3_2,197,0.07895791583166333,2.9860445078385025,5.472789672213162
Bearing3_2,198,0.07935871743486973,3.089737537756414,1.8064618734130922
Bearing3_2,199,0.07975951903807615,3.195823100066756,4.697044009814422
Bearing3_2,200,0.08016032064128256,3.230924896089423,4.675574640578612
Bearing3_2,201,0.08056112224448898,3.034526562301044,5.0399446817255305
Bearing3_2,202,0.08096192384769539,3.0491307667669076,12.835166666168227
Bearing3_2,203,0.0813627254509018,3.2012268847506307,4.017432861225385
Bearing3_2,204,0.08176352705410822,3.5495434764096707,4.305037902075375
Bearing3_2,205,0.08216432865731463,3.3525690679577638,29.405923259352047
Bearing3_2,206,0.08256513026052104,3.4725296218074755,14.740216445352269
Bearing3_2,207,0.08296593186372746,3.4285093763921966,8.576319181487774
Bearing3_2,208,0.08336673346693386,3.255384190129573,9.36694839908965
Bearing3_2,209,0.08376753507014029,3.1806719394107312,3.7281872413364394
Bearing3_2,210,0.0841683366733467,3.146413596559004,1.3213446809565088
Bearing3_2,211,0.0845691382765531,3.2578620845673187,7.328140160135894
Bearing3_2,212,0.08496993987975952,3.041039186024733,14.805873785640404
Bearing3_2,213,0.08537074148296593,2.8865680559988087,9.07447331645189
Bearing3_2,214,0.08577154308617234,2.8021240747523644,10.335785514797895
Bearing3_2,215,0.08617234468937876,3.01632891282892,3.9502272244692365
Bearing3_2,216,0.08657314629258517,2.782338510669302,23.094902797828112
Bearing3_2,217,0.08697394789579159,2.719654602564811,5.810255926057736
Bearing3_2,218,0.087374749498998,2.812426544773782,4.029518887379803
Bearing3_2,219,0.0877755511022044,2.8363954259173636,2.198489556475438
Bearing3_2,220,0.08817635270541083,2.8624242225551995,1.2731145410416054
Bearing3_2,221,0.08857715430861723,2.9829533699494144,15.3701629086441
Bearing3_2,222,0.08897795591182364,2.9780542954988927,25.41959646027983
Bearing3_2,223,0.08937875751503006,2.914041173304919,3.9069949761539275
Bearing3_2,224,0.08977955911823647,2.6632217977785944,5.457184091339238
Bearing3_2,225,0.09018036072144289,2.434718241757401,2.2006968615808433
Bearing3_2,226,0.0905811623246493,2.4685064507079466,0.9853240805814827
Bearing3_2,227,0.09098196392785571,2.7138307024634933,23.824184612992106
Bearing3_2,228,0.09138276553106213,2.576998821522181,28.169249652979083
Bearing3_2,229,0.09178356713426854,2.655601137844669,16.04537568191907
Bearing3_2,230,0.09218436873747494,2.5512451942362366,16.567530975542127
Bearing3_2,231,0.09258517034068137,2.3098429031927337,3.8308122959690034
Bearing3_2,232,0.09298597194388777,2.378821349900867,0.888028077399443
Bearing3_2,233,0.09338677354709418,2.486967573933024,7.319868053012919
Bearing3_2,234,0.0937875751503006,2.576117192714694,6.949377028561028
Bearing3_2,235,0.09418837675350701,2.7027482648896006,1.2048350513129547
Bearing3_2,236,0.09458917835671343,2.786946160940575,4.5585107814667545
Bearing3_2,237,0.09498997995991984,2.6492022666130435,5.2160309351685035
Bearing3_2,238,0.09539078156312625,2.6903834324062434,12.98647248590875
Bearing3_2,239,0.09579158316633267,2.744622534796747,16.998856294248103
Bearing3_2,240,0.09619238476953908,2.780669078306469,17.95077152074414
Bearing3_2,241,0.09659318637274548,2.676300667320111,8.224735403225703
Bearing3_2,242,0.0969939879759519,2.624082107929774,5.237124338374554
Bearing3_2,243,0.09739478957915831,2.4964097372834217,1.066767080927115
Bearing3_2,244,0.09779559118236474,2.3680963479949506,6.856724045633731
Bearing3_2,245,0.09819639278557114,2.330147658557982,8.790829163172248
Bearing3_2,246,0.09859719438877755,2.3631875029561944,1.775453113831833
Bearing3_2,247,0.09899799599198397,2.3185312396619246,1.573224938339435
Bearing3_2,248,0.09939879759519038,2.3654028442642443,5.452218349107529
Bearing3_2,249,0.09979959919839679,2.2346187964972124,2.599158904178649
Bearing3_2,250,0.10020040080160321,2.3029248551621504,1.37609302510385
Bearing3_2,251,0.10060120240480962,2.3599193100839755,9.07694871097056
Bearing3_2,252,0.10100200400801604,2.434168360256516,6.647811685451439
Bearing3_2,253,0.10140280561122245,2.4137812548298525,6.836134351460735
Bearing3_2,254,0.10180360721442885,2.5339538392958563,4.8522825196730635
Bearing3_2,255,0.10220440881763528,2.5903530496949356,3.4747581534428447
Bearing3_2,256,0.10260521042084168,2.4373741648142344,15.984716980890244
Bearing3_2,257,0.10300601202404809,2.22048984014667,6.9699594597539045
Bearing3_2,258,0.10340681362725451,2.2087237131056083,12.146712198431453
Bearing3_2,259,0.10380761523046092,2.3766646633324116,17.379696210903273
Bearing3_2,260,0.10420841683366733,2.337455931967749,18.713109294606554
Bearing3_2,261,0.10460921843687375,2.5932508038247404,15.89467311676266
Bearing3_2,262,0.10501002004008016,2.5374410110964956,19.648576007300576
Bearing3_2,263,0.10541082164328658,2.5100380643036866,4.768365620128196
Bearing3_2,264,0.10581162324649299,2.5277051106640873,8.620403761881915
Bearing3_2,265,0.1062124248496994,2.5975583409453473,7.674042579007339
Bearing3_2,266,0.10661322645290582,2.7055119638925964,12.770600481834645
Bearing3_2,267,0.10701402805611222,2.899058511249254,0.37357901930115606
Bearing3_2,268,0.10741482965931863,2.8602137848926645,7.701034376539378
Bearing3_2,269,0.10781563126252505,2.705989904377097,7.574397055160625
Bearing3_2,270,0.10821643286573146,2.6229043771354204,12.762700922868433
Bearing3_2,271,0.10861723446893788,2.3475283261891624,0.7180427272575799
Bearing3_2,272,0.10901803607214429,2.447598419695609,12.449953581012348
Bearing3_2,273,0.1094188376753507,2.566748358719249,3.2216462868868603
Bearing3_2,274,0.10981963927855712,2.578435079075829,0.9344848218668679
Bearing3_2,275,0.11022044088176353,2.5707822400186733,6.26019284493922
Bearing3_2,276,0.11062124248496993,2.5132807498819765,16.978670336322974
Bearing3_2,277,0.11102204408817636,2.705874586133498,21.433015029669274
Bearing3_2,278,0.11142284569138276,2.750249487614224,20.298120554361912
Bearing3_2,279,0.11182364729458918,2.6420175802790924,5.407676200965805
Bearing3_2,280,0.11222444889779559,2.7114320335771405,2.3213678584077755
Bearing3_2,281,0.112625250501002,2.8668761800896574,6.933737268957126
Bearing3_2,282,0.11302605210420842,2.85137908703331,2.3441405053410675
Bearing3_2,283,0.11342685370741483,2.738299583286895,11.529527218445235
Bearing3_2,284,0.11382765531062124,2.721494654146573,7.903034943051828
Bearing3_2,285,0.11422845691382766,2.6311210098601583,0.5780508682038266
Bearing3_2,286,0.11462925851703407,2.64566734799264,8.124255063899271
Bearing3_2,287,0.11503006012024049,2.534286453526102,10.894270234983042
Bearing3_2,288,0.1154308617234469,2.6813698020897894,1.7599425925506604
Bearing3_2,289,0.1158316633266533,2.726841583684103,13.867829996706025
Bearing3_2,290,0.11623246492985972,2.876499083319625,11.061353810949754
Bearing3_2,291,0.11663326653306613,2.7114833739906117,19.769878028929732
Bearing3_2,292,0.11703406813627254,2.6539860701751214,6.940818674574485
Bearing3_2,293,0.11743486973947896,2.808178423660378,6.5744906194339405
Bearing3_2,294,0.11783567134268537,2.995587836324171,10.48592754878266
Bearing3_2,295,0.11823647294589178,3.0639496327478564,10.284585777290541
Bearing3_2,296,0.1186372745490982,3.0341890134998915,16.574231715554355
Bearing3_2,297,0.1190380761523046,3.0431533085670806,13.913999479628837
Bearing3_2,298,0.11943887775551103,2.8154584548567154,18.39127724632226
Bearing3_2,299,0.11983967935871744,2.764288097719981,1.1202995167554815
Bearing3_2,300,0.12024048096192384,2.71739291337174,11.49760599358209
Bearing3_2,301,0.12064128256513026,2.8952433305597305,1.1295365321491542
Bearing3_2,302,0.12104208416833667,2.8804085363830074,9.528917982583375
Bearing3_2,303,0.12144288577154308,2.7065668254847357,6.843878824439671
Bearing3_2,304,0.1218436873747495,2.4384591722617843,2.567435915949376
Bearing3_2,305,0.12224448897795591,2.4167097856767032,10.665872580840173
Bearing3_2,306,0.12264529058116233,2.560766082247594,2.423245466939128
Bearing3_2,307,0.12304609218436874,2.458071357546677,6.771034978939494
Bearing3_2,308,0.12344689378757515,2.5062659848243922,5.54614406249239
Bearing3_2,309,0.12384769539078157,2.549385946096233,0.8287535615304723
Bearing3_2,310,0.12424849699398798,2.445218615472883,1.1150193302079734
Bearing3_2,311,0.12464929859719438,2.262725939722058,7.212425506389927
Bearing3_2,312,0.1250501002004008,2.430941485640054,20.249477385856927
Bearing3_2,313,0.1254509018036072,2.5869819640049956,7.8281912146138
Bearing3_2,314,0.12585170340681362,2.5905150703008006,10.572004971296275
Bearing3_2,315,0.12625250501002003,2.387590363771021,6.856462151115274
Bearing3_2,316,0.12665330661322646,2.4933586815857725,23.680731356464072
Bearing3_2,317,0.12705410821643287,2.464016123868347,18.041845873580566
Bearing3_2,318,0.12745490981963928,2.4975067400914948,1.3618831113068792
Bearing3_2,319,0.12785571142284569,2.418419532616925,8.965830241938413
Bearing3_2,320,0.1282565130260521,2.375624262998624,2.2854626753315443
Bearing3_2,321,0.12865731462925853,2.342354541797691,6.488240594333935
Bearing3_2,322,0.12905811623246494,2.1113363202789777,3.525939306265773
Bearing3_2,323,0.12945891783567134,2.189720639865382,18.52109318958899
Bearing3_2,324,0.12985971943887775,2.2927349833309947,8.29246055667752
Bearing3_2,325,0.13026052104208416,2.5849256556018503,9.325053820818862
Bearing3_2,326,0.13066132264529057,2.669237191695635,5.920739952414663
Bearing3_2,327,0.131062124248497,2.6350680656918906,28.19561683422077
Bearing3_2,328,0.1314629258517034,2.538633843839378,5.79916791881868
Bearing3_2,329,0.13186372745490982,2.6797679913981693,10.928268672160613
Bearing3_2,330,0.13226452905811623,3.0188860936166506,18.87137732164364
Bearing3_2,331,0.13266533066132263,3.028177263905861,34.35241261246404
Bearing3_2,332,0.13306613226452907,3.230295053030128,19.371598415303186
Bearing3_2,333,0.13346693386773548,3.077934448170814,11.85536928622422
Bearing3_2,334,0.13386773547094188,2.9201699564248873,8.812824030381472
Bearing3_2,335,0.1342685370741483,2.8367881763176483,15.485346937607156
Bearing3_2,336,0.1346693386773547,2.4970713041440766,15.648189787651823
Bearing3_2,337,0.13507014028056114,2.7052255307897264,18.081997336622468
Bearing3_2,338,0.13547094188376754,2.8344224766522874,12.352507458439732
Bearing3_2,339,0.13587174348697395,2.7484660913593557,7.059833284699849
Bearing3_2,340,0.13627254509018036,2.705152670251459,22.56381147525225
Bearing3_2,341,0.13667334669338677,2.997427537568617,6.238149273039775
Bearing3_2,342,0.13707414829659317,2.7881358706954904,22.72928266963224
Bearing3_2,343,0.1374749498997996,2.892786173494151,14.60076039129519
Bearing3_2,344,0.13787575150300602,2.865721610139464,19.968041178533877
Bearing3_2,345,0.13827655310621242,2.871387795715588,18.23027662982342
Bearing3_2,346,0.13867735470941883,2.9235201329483513,11.747572989745954
Bearing3_2,347,0.13907815631262524,2.82966276234368,5.843206785161475
Bearing3_2,348,0.13947895791583168,2.8442387785437924,3.134795356990426
Bearing3_2,349,0.13987975951903808,2.9285322932052007,1.1881952434315957
Bearing3_2,350,0.1402805611222445,2.574347690250085,14.634836585083463
Bearing3_2,351,0.1406813627254509,2.3175803030052973,2.4043104505312014
Bearing3_2,352,0.1410821643286573,2.379297956001258,4.252413338762055
Bearing3_2,353,0.14148296593186374,2.2721646647753855,1.0972284467860671
Bearing3_2,354,0.14188376753507015,2.311367417317703,7.534202868706254
Bearing3_2,355,0.14228456913827656,2.442399889769411,26.203114793109737
Bearing3_2,356,0.14268537074148296,2.5391028583306112,14.739927635083953
Bearing3_2,357,0.14308617234468937,2.5815619366325513,1.317169215047015
Bearing3_2,358,0.14348697394789578,2.757901195674954,8.081699981671656
Bearing3_2,359,0.14388777555110221,2.700995231125426,20.887474648995124
Bearing3_2,360,0.14428857715430862,2.8253447286823348,0.8671569961510478
Bearing3_2,361,0.14468937875751503,2.8243188065829843,8.489756421008469
Bearing3_2,362,0.14509018036072144,2.9668115525216625,16.38766882690481
Bearing3_2,363,0.14549098196392785,2.8666059263672508,20.050864785953568
Bearing3_2,364,0.14589178356713428,2.9366476153190044,6.970200847034375
Bearing3_2,365,0.1462925851703407,2.6052440076738423,8.039940409384283
Bearing3_2,366,0.1466933867735471,2.5147805383975035,5.944031047958312
Bearing3_2,367,0.1470941883767535,2.391580807847501,1.656702961629676
Bearing3_2,368,0.1474949899799599,2.12456650074674,3.7401839755587902
Bearing3_2,369,0.14789579158316632,2.2158856272016374,9.416792949953367
Bearing3_2,370,0.14829659318637275,2.3105515201594846,1.5114813830593978
Bearing3_2,371,0.14869739478957916,2.4492608885057656,4.6661477196164975
Bearing3_2,372,0.14909819639278557,2.4902020448575213,8.176798025494769
Bearing3_2,373,0.14949899799599198,2.5360226068176868,19.764616213449585
Bearing3_2,374,0.14989979959919839,2.5136149206400544,1.1695365406938367
Bearing3_2,375,0.15030060120240482,2.570575297678947,1.2227977896615323
Bearing3_2,376,0.15070140280561123,2.786157402917241,19.12292081172775
Bearing3_2,377,0.15110220440881764,2.891901117349291,10.778511148888102
Bearing3_2,378,0.15150300601202404,2.949724250678027,8.153769251703704
Bearing3_2,379,0.15190380761523045,2.9521541873655415,4.7482403294487785
Bearing3_2,380,0.1523046092184369,2.891914873117617,4.354607314162768
Bearing3_2,381,0.1527054108216433,3.0306732522046334,12.258951729806887
Bearing3_2,382,0.1531062124248497,2.9461958763591904,10.866265892575397
Bearing3_2,383,0.1535070140280561,3.096828842491429,0.889253865507552
Bearing3_2,384,0.15390781563126252,3.3207787813685905,7.289333630118638
Bearing3_2,385,0.15430861723446893,3.3844693702257502,14.834650567345555
Bearing3_2,386,0.15470941883767536,3.18298554232595,3.3718271991769764
Bearing3_2,387,0.15511022044088177,3.185230624967363,6.385154554080791
Bearing3_2,388,0.15551102204408818,3.4755677565958427,16.251881859510895
Bearing3_2,389,0.15591182364729458,3.557194267684621,13.154396858632929
Bearing3_2,390,0.156312625250501,3.710007678242202,1.6643759797012523
Bearing3_2,391,0.15671342685370743,3.6556643311936354,5.5694090967544305
Bearing3_2,392,0.15711422845691383,3.7992695408342767,5.912183734598744
Bearing3_2,393,0.15751503006012024,3.7763700405035037,13.994766381972086
Bearing3_2,394,0.15791583166332665,3.908676316683028,20.297864213887074
Bearing3_2,395,0.15831663326653306,3.999473672665771,18.56478044224713
Bearing3_2,396,0.15871743486973947,4.020656490957334,9.49901501172544
Bearing3_2,397,0.1591182364729459,4.044569191395496,6.704271529502439
Bearing3_2,398,0.1595190380761523,3.844757094542742,2.7378331197874766
Bearing3_2,399,0.15991983967935872,3.8297549502500097,2.618974663734701
Bearing3_2,400,0.16032064128256512,3.6859475214091715,9.232890875432627
Bearing3_2,401,0.16072144288577153,3.859856390054895,21.30283337399178
Bearing3_2,402,0.16112224448897797,3.7502819021286213,18.18330480121437
Bearing3_2,403,0.16152304609218437,3.81531243942418,1.0050072907503385
Bearing3_2,404,0.16192384769539078,3.511605207163298,10.877716621586346
Bearing3_2,405,0.1623246492985972,3.4826120457392777,4.7879919013499315
Bearing3_2,406,0.1627254509018036,3.419770520036182,12.054713310949113
Bearing3_2,407,0.16312625250501003,3.355141115099984,6.563425255603496
Bearing3_2,408,0.16352705410821644,3.2424759402118397,6.858076241638494
Bearing3_2,409,0.16392785571142285,3.213542497658731,9.816844730729285
Bearing3_2,410,0.16432865731462926,3.237460482370254,4.668061301261153
Bearing3_2,411,0.16472945891783566,2.9836781686768425,2.1327790255387744
Bearing3_2,412,0.16513026052104207,2.9106555695876155,2.79160566119394
Bearing3_2,413,0.1655310621242485,2.7044827717262176,10.282805919926925
Bearing3_2,414,0.16593186372745491,2.638349702258462,1.5289010000269156
Bearing3_2,415,0.16633266533066132,2.618635784188336,8.884177256020477
Bearing3_2,416,0.16673346693386773,2.7244318411022554,1.2766131612889995
Bearing3_2,417,0.16713426853707414,2.6591970450199964,7.948673801191727
Bearing3_2,418,0.16753507014028057,2.7612469910476602,7.410169112083591
Bearing3_2,419,0.16793587174348698,2.6389797919635725,8.973599067262459
Bearing3_2,420,0.1683366733466934,2.6613697463410815,7.428523944550137
Bearing3_2,421,0.1687374749498998,2.638251728740598,5.692012900761631
Bearing3_2,422,0.1691382765531062,2.671297021060221,2.069387307814069
Bearing3_2,423,0.1695390781563126,2.774877966567404,4.224633721504018
Bearing3_2,424,0.16993987975951905,2.8970575294484493,2.671305289970209
Bearing3_2,425,0.17034068136272545,2.891531819857474,2.0332255706459397
Bearing3_2,426,0.17074148296593186,2.8640634305054253,3.2846043619749667
Bearing3_2,427,0.17114228456913827,3.1076769912367284,14.964784372801079
Bearing3_2,428,0.17154308617234468,3.129782473543857,11.298548215720762
Bearing3_2,429,0.1719438877755511,3.2138820052470694,4.112298489684646
Bearing3_2,430,0.17234468937875752,3.202703934918179,0.7003516030037977
Bearing3_2,431,0.17274549098196393,3.2018973985089154,4.961351973843018
Bearing3_2,432,0.17314629258517034,3.2288629550622097,4.33479646779915
Bearing3_2,433,0.17354709418837674,3.4169626614600324,9.17383857471278
Bearing3_2,434,0.17394789579158318,3.4631515539866364,9.306522967892928
Bearing3_2,435,0.1743486973947896,3.449615899467615,7.149851514779951
Bearing3_2,436,0.174749498997996,3.500021205221541,2.1522412488566145
Bearing3_2,437,0.1751503006012024,3.2867673616535016,7.542645015010871
Bearing3_2,438,0.1755511022044088,3.1954840631595545,1.0252997367810557
Bearing3_2,439,0.17595190380761522,3.369206739683328,18.35591080547731
Bearing3_2,440,0.17635270541082165,3.5044507336695316,3.8536312978048284
Bearing3_2,441,0.17675350701402806,3.5855357290115273,9.689417026219786
Bearing3_2,442,0.17715430861723447,3.5951772595035565,1.9987926363635198
Bearing3_2,443,0.17755511022044088,3.5852013447149056,7.746702286599759
Bearing3_2,444,0.17795591182364728,3.4699135298968953,18.45613309539241
Bearing3_2,445,0.17835671342685372,3.538699157315347,8.413951415789803
Bearing3_2,446,0.17875751503006013,3.7100337744787013,10.71234710892804
Bearing3_2,447,0.17915831663326653,3.7368462978424146,19.743411729371108
Bearing3_2,448,0.17955911823647294,3.833806688927359,5.003458887473794
Bearing3_2,449,0.17995991983967935,3.6342581353953753,6.702984273084635
Bearing3_2,450,0.18036072144288579,3.3962179623834077,7.1798232703319655
Bearing3_2,451,0.1807615230460922,3.2594929533311623,1.084120369796769
Bearing3_2,452,0.1811623246492986,3.2109838036883014,5.694257588852949
Bearing3_2,453,0.181563126252505,3.0272303328250363,3.655877865726296
Bearing3_2,454,0.18196392785571142,2.9954899841444926,5.550820139987533
Bearing3_2,455,0.18236472945891782,2.9244334222368873,5.308841567487825
Bearing3_2,456,0.18276553106212426,2.6890376491953685,3.0597377978729723
Bearing3_2,457,0.18316633266533067,2.791585349156713,9.008417793959508
Bearing3_2,458,0.18356713426853707,2.6486831174892775,15.771313535588817
Bearing3_2,459,0.18396793587174348,2.674464039991016,7.772213290655492
Bearing3_2,460,0.1843687374749499,2.7255689489210537,4.907718283527091
Bearing3_2,461,0.18476953907815633,2.788494270727431,0.6531890677623228
Bearing3_2,462,0.18517034068136273,2.6415339507386406,12.111860147472676
Bearing3_2,463,0.18557114228456914,2.8572194938952413,26.911110095243302
Bearing3_2,464,0.18597194388777555,3.012075647562668,10.715191633730475
Bearing3_2,465,0.18637274549098196,3.139293622231353,3.1742822573513108
Bearing3_2,466,0.18677354709418836,3.0840671320179127,18.706837497655552
Bearing3_2,467,0.1871743486973948,2.9656342630288957,3.485104695858435
Bearing3_2,468,0.1875751503006012,3.0056454010902995,2.4560124017521727
Bearing3_2,469,0.18797595190380761,2.9828030328554456,2.4751403143674136
Bearing3_2,470,0.18837675350701402,3.015028233435671,0.8428155989160215
Bearing3_2,471,0.18877755511022043,3.0342155256702585,1.2038504902725198
Bearing3_2,472,0.18917835671342687,3.0893732928857065,8.946018541106545
Bearing3_2,473,0.18957915831663327,2.937284257108789,9.330228480537563
Bearing3_2,474,0.18997995991983968,2.841400513735268,5.666318613266388
Bearing3_2,475,0.1903807615230461,2.597488740302841,9.499891696149382
Bearing3_2,476,0.1907815631262525,2.700898639265488,10.81049047759221
Bearing3_2,477,0.19118236472945893,2.7399145686289144,1.8536755165367376
Bearing3_2,478,0.19158316633266534,2.6966344063221,9.354110013641586
Bearing3_2,479,0.19198396793587175,2.6992039543530972,6.264237470398015
Bearing3_2,480,0.19238476953907815,2.630557447326698,6.205418012276145
Bearing3_2,481,0.19278557114228456,2.6230522974630412,4.163004344543815
Bearing3_2,482,0.19318637274549097,2.581408115805746,11.621244131405254
Bearing3_2,483,0.1935871743486974,2.4880064536256783,4.904428153532564
Bearing3_2,484,0.1939879759519038,2.416851530225913,3.797889207083371
Bearing3_2,485,0.19438877755511022,2.568001176852767,9.225527068058824
Bearing3_2,486,0.19478957915831663,2.6265112108125956,3.1442523979583337
Bearing3_2,487,0.19519038076152304,2.5847669093643426,10.262685756057005
Bearing3_2,488,0.19559118236472947,2.675112154713646,2.1587943794787487
Bearing3_2,489,0.19599198396793588,2.7142103806975406,2.0781248865159356
Bearing3_2,490,0.1963927855711423,2.711378320144231,9.785631860044937
Bearing3_2,491,0.1967935871743487,2.7606668930637097,8.611225063946268
Bearing3_2,492,0.1971943887775551,3.1293023483820814,15.182044887780549
Bearing3_2,493,0.1975951903807615,3.154614415075952,24.270416984778077
Bearing3_2,494,0.19799599198396794,3.278632662337313,4.4703364938689765
Bearing3_2,495,0.19839679358717435,3.390948106896354,7.992410613008339
Bearing3_2,496,0.19879759519038076,3.2574268764113476,17.80329713663417
Bearing3_2,497,0.19919839679358717,3.611136284756095,30.64751005815938
Bearing3_2,498,0.19959919839679358,3.69018040754563,21.520288707732124
Bearing3_2,499,0.2,3.707859341095291,3.6101121190513523
Bearing3_2,500,0.20040080160320642,3.6467952441302565,16.709242825777768
Bearing3_2,501,0.20080160320641283,3.623722580473136,11.685030186227083
Bearing3_2,502,0.20120240480961923,3.41544094554704,0.5552741625463495
Bearing3_2,503,0.20160320641282564,3.4232577483722273,5.929381189821403
Bearing3_2,504,0.20200400801603208,3.401551749821965,2.187064461511973
Bearing3_2,505,0.20240480961923848,3.237863945274043,3.730473798371982
Bearing3_2,506,0.2028056112224449,3.2424320208658295,3.7565444791311084
Bearing3_2,507,0.2032064128256513,2.8820343709404037,0.7837420432984696
Bearing3_2,508,0.2036072144288577,2.8018243172647717,2.5113644277177536
Bearing3_2,509,0.20400801603206412,2.69992583911593,5.170121210593527
Bearing3_2,510,0.20440881763527055,2.9982946356987625,17.376162130223523
Bearing3_2,511,0.20480961923847696,2.908591529771609,21.042222266844455
Bearing3_2,512,0.20521042084168337,2.8488592127378753,1.9774437471508823
Bearing3_2,513,0.20561122244488977,3.049727308722748,16.46279367539691
Bearing3_2,514,0.20601202404809618,3.1404667390491965,7.511379167295057
Bearing3_2,515,0.20641282565130262,3.2226901942650272,4.67876095268083
Bearing3_2,516,0.20681362725450902,3.253847633537741,8.147206081079638
Bearing3_2,517,0.20721442885771543,3.255350535756785,2.5768177637113316
Bearing3_2,518,0.20761523046092184,3.322939415867071,7.9453405205506025
Bearing3_2,519,0.20801603206412825,3.27783461434979,14.841628155070607
Bearing3_2,520,0.20841683366733466,3.1915638254473935,14.00459276684082
Bearing3_2,521,0.2088176352705411,3.2204899262527378,11.44166224835376
Bearing3_2,522,0.2092184368737475,3.3058284281001207,7.072602885453832
Bearing3_2,523,0.2096192384769539,3.1755516094560274,2.783185944680871
Bearing3_2,524,0.21002004008016031,3.1266106129499445,0.9669453230039515
Bearing3_2,525,0.21042084168336672,3.0167053106227932,9.673546987422654
Bearing3_2,526,0.21082164328657316,3.09007570995403,7.6268853307881574
Bearing3_2,527,0.21122244488977956,3.2062094104891243,1.5341187035836825
Bearing3_2,528,0.21162324649298597,3.358967537425753,11.035078912279008
Bearing3_2,529,0.21202404809619238,3.4492373481691514,20.118916346276677
Bearing3_2,530,0.2124248496993988,3.449030918202665,6.022054679986687
Bearing3_2,531,0.21282565130260522,3.4260228231828806,13.480359406435086
Bearing3_2,532,0.21322645290581163,3.3182780342286904,0.6614000270011967
Bearing3_2,533,0.21362725450901804,3.221424151649272,1.186176028149602
Bearing3_2,534,0.21402805611222445,3.1209331024371094,1.0615106058735293
Bearing3_2,535,0.21442885771543085,3.2900315926135635,13.17413849306834
Bearing3_2,536,0.21482965931863726,3.3082333890682714,5.166146224297061
Bearing3_2,537,0.2152304609218437,3.201875699845585,9.337874262433688
Bearing3_2,538,0.2156312625250501,3.0365797017443525,6.052380612628101
Bearing3_2,539,0.2160320641282565,2.9913763008188927,9.851906980877429
Bearing3_2,540,0.21643286573146292,2.8568342999526486,1.6476781747874618
Bearing3_2,541,0.21683366733466933,2.928519900788857,4.238646573560958
Bearing3_2,542,0.21723446893787576,3.0707583531325673,5.6879571672155915
Bearing3_2,543,0.21763527054108217,3.0985635890106535,10.68642339670782
Bearing3_2,544,0.21803607214428858,3.180731360251674,3.7910705504527185
Bearing3_2,545,0.218436873747495,3.014199909113324,7.841543989948035
Bearing3_2,546,0.2188376753507014,3.0581234201955305,12.531523683510088
Bearing3_2,547,0.21923847695390783,2.9758989212481604,20.178753048849522
Bearing3_2,548,0.21963927855711424,2.822905465986538,0.7800905266386885
Bearing3_2,549,0.22004008016032064,2.970460233965647,15.66591487701852
Bearing3_2,550,0.22044088176352705,2.9745525568432725,13.428312036424273
Bearing3_2,551,0.22084168336673346,2.857390184692676,6.237220466052618
Bearing3_2,552,0.22124248496993987,2.8384720375709493,13.925525401845738
Bearing3_2,553,0.2216432865731463,2.953021658512237,0.6882413847170663
Bearing3_2,554,0.2220440881763527,3.0983873861578672,6.346292056393196
Bearing3_2,555,0.22244488977955912,3.2233508950128185,9.776443762958545
Bearing3_2,556,0.22284569138276553,3.0135468746637364,15.670959657563305
Bearing3_2,557,0.22324649298597193,3.0126877943679555,2.5380800183881567
Bearing3_2,558,0.22364729458917837,2.9866833990041055,2.173710618092425
Bearing3_2,559,0.22404809619238478,2.994153378468924,18.32897283944499
Bearing3_2,560,0.22444889779559118,3.0667773906521254,7.807287503359128
Bearing3_2,561,0.2248496993987976,3.1206392411889814,7.592372503724413
Bearing3_2,562,0.225250501002004,2.9749663639643584,3.275874259870283
Bearing3_2,563,0.2256513026052104,2.770199833765514,4.419913468000377
Bearing3_2,564,0.22605210420841684,2.508486945635574,1.754125052282776
Bearing3_2,565,0.22645290581162325,2.4083272271671516,4.152717828522748
Bearing3_2,566,0.22685370741482966,2.362371893619873,10.932879382834672
Bearing3_2,567,0.22725450901803607,2.3226589113449014,1.764731566663263
Bearing3_2,568,0.22765531062124247,2.5456203095918255,20.138772479457515
Bearing3_2,569,0.2280561122244489,2.3262730433270304,18.87919912399915
Bearing3_2,570,0.22845691382765532,2.2324605267130995,2.8556683501115296
Bearing3_2,571,0.22885771543086172,2.140358438648376,7.542906482295204
Bearing3_2,572,0.22925851703406813,2.222644522666119,11.873446416509694
Bearing3_2,573,0.22965931863727454,2.3607372906057713,0.8459623918617026
Bearing3_2,574,0.23006012024048098,2.4669594599618847,1.0867779796696369
Bearing3_2,575,0.23046092184368738,2.4064771172097834,10.014597735573693
Bearing3_2,576,0.2308617234468938,2.668273053228255,16.22690575257932
Bearing3_2,577,0.2312625250501002,2.777858895078222,14.86525591110454
Bearing3_2,578,0.2316633266533066,2.61896653585629,2.617786098399709
Bearing3_2,579,0.232064128256513,2.7676313082933026,6.919753468820667
Bearing3_2,580,0.23246492985971945,2.821871389352096,5.234067478212128
Bearing3_2,581,0.23286573146292586,2.8905246412366674,6.258546284622519
Bearing3_2,582,0.23326653306613226,2.786318885531978,2.910216748688498
Bearing3_2,583,0.23366733466933867,2.7112529863494506,2.96594025472553
Bearing3_2,584,0.23406813627254508,2.697322597816024,4.249676904193175
Bearing3_2,585,0.23446893787575152,2.6482567130825223,13.070826445963215
Bearing3_2,586,0.23486973947895792,2.487940193831204,6.823366886877376
Bearing3_2,587,0.23527054108216433,2.426113100213774,6.297374176346012
Bearing3_2,588,0.23567134268537074,2.3385825551889274,4.686925396804374
Bearing3_2,589,0.23607214428857715,2.285681963003558,10.040976879370872
Bearing3_2,590,0.23647294589178355,2.1985083765973013,8.096273792134363
Bearing3_2,591,0.23687374749499,2.150696003354873,2.80130152603757
Bearing3_2,592,0.2372745490981964,2.1547460861371532,1.8313850033132006
Bearing3_2,593,0.2376753507014028,2.1261325869802428,0.9883009411540533
Bearing3_2,594,0.2380761523046092,2.2930194013341922,20.693177113751513
Bearing3_2,595,0.23847695390781562,2.3955115216115557,18.403694378923344
Bearing3_2,596,0.23887775551102206,2.4743032400847245,4.859068706510237
Bearing3_2,597,0.23927855711422846,2.630524723902756,0.5925117820490746
Bearing3_2,598,0.23967935871743487,2.961935677958347,10.043425785373811
Bearing3_2,599,0.24008016032064128,2.937655987761393,20.272679616702632
Bearing3_2,600,0.24048096192384769,2.9193541088408326,7.7858437681708015
Bearing3_2,601,0.24088176352705412,2.9056128175402867,2.8569750456820087
Bearing3_2,602,0.24128256513026053,2.9679780243810163,8.084384720911444
Bearing3_2,603,0.24168336673346694,3.1537553096891164,10.563036472549994
Bearing3_2,604,0.24208416833667334,3.0676693933348296,2.6167797484189133
Bearing3_2,605,0.24248496993987975,2.981101895300405,18.650893752427223
Bearing3_2,606,0.24288577154308616,2.8359665725519236,0.7634287696041718
Bearing3_2,607,0.2432865731462926,2.785290265949105,8.127469573453721
Bearing3_2,608,0.243687374749499,2.556042434135562,4.921966968820881
Bearing3_2,609,0.2440881763527054,2.4710378339874026,7.946163373474827
Bearing3_2,610,0.24448897795591182,2.5605905221789005,7.315308610433826
Bearing3_2,611,0.24488977955911823,2.9266931012832886,20.79446065323243
Bearing3_2,612,0.24529058116232466,2.934961585858349,22.33862833066383
Bearing3_2,613,0.24569138276553107,3.2344934422061806,34.8965379937171
Bearing3_2,614,0.24609218436873748,3.042779423284572,44.223462245534016
Bearing3_2,615,0.24649298597194388,3.09926662402843,2.1713648891306083
Bearing3_2,616,0.2468937875751503,3.118654902714171,3.4309685782118287
Bearing3_2,617,0.2472945891783567,3.0738492541997613,2.7633789434243754
Bearing3_2,618,0.24769539078156314,2.9828883080626114,8.983279338060537
Bearing3_2,619,0.24809619238476954,3.1707959835120016,15.707001128325324
Bearing3_2,620,0.24849699398797595,3.18057301044264,7.954884930897016
Bearing3_2,621,0.24889779559118236,2.8578530223946204,7.329640606381938
Bearing3_2,622,0.24929859719438877,2.9981003768130448,16.931713888142415
Bearing3_2,623,0.2496993987975952,2.5946513613319624,10.963786353885716
Bearing3_2,624,0.2501002004008016,2.612207417630055,8.216938380449424
Bearing3_2,625,0.250501002004008,2.6378019586883044,3.00887258468528
Bearing3_2,626,0.2509018036072144,2.6557060822944805,4.085554060710823
Bearing3_2,627,0.25130260521042086,2.634120508033756,0.8565941130555486
Bearing3_2,628,0.25170340681362724,2.739477223041614,1.9017218389694772
Bearing3_2,629,0.2521042084168337,2.5728992227246668,7.189430911328839
Bearing3_2,630,0.25250501002004005,2.775225907767094,23.276056902458603
Bearing3_2,631,0.2529058116232465,2.8260527425515933,20.28000411853696
Bearing3_2,632,0.2533066132264529,2.6988266910315155,1.8809313447578586
Bearing3_2,633,0.2537074148296593,2.701138978918216,0.5539502708023499
Bearing3_2,634,0.25410821643286574,2.816923093354152,1.3446987935335553
Bearing3_2,635,0.2545090180360721,2.886053934447078,1.2461924894804277
Bearing3_2,636,0.25490981963927856,2.8125612341418553,16.049492509944944
Bearing3_2,637,0.255310621242485,2.7819585349663685,3.0715399269515093
Bearing3_2,638,0.25571142284569137,2.856040036023526,10.882208561173732
Bearing3_2,639,0.2561122244488978,2.875048134713584,11.9711446072159
Bearing3_2,640,0.2565130260521042,2.583273243798529,3.126528803911072
Bearing3_2,641,0.2569138276553106,2.506958424558544,2.0386730193532787
Bearing3_2,642,0.25731462925851706,2.3730853241709196,2.9869024970552887
Bearing3_2,643,0.25771543086172344,2.2989630133620436,5.266494121044826
Bearing3_2,644,0.2581162324649299,2.1938185140396937,1.573633587779737
Bearing3_2,645,0.25851703406813625,2.0777378243682536,1.7468807636553638
Bearing3_2,646,0.2589178356713427,2.2996025027015423,12.670196190182416
Bearing3_2,647,0.2593186372745491,2.2774752822596267,17.51102456297153
Bearing3_2,648,0.2597194388777555,2.1951602865781292,5.542801382700521
Bearing3_2,649,0.26012024048096194,2.2899073608593286,3.0491983592500675
Bearing3_2,650,0.2605210420841683,2.376632283859717,3.6770050204282
Bearing3_2,651,0.26092184368737475,2.4940220065612135,1.1094218155143236
Bearing3_2,652,0.26132264529058113,2.560642320092951,7.398679077533167
Bearing3_2,653,0.26172344689378757,2.630663697873915,5.602302706485457
Bearing3_2,654,0.262124248496994,2.699300040176441,1.5244853217307939
Bearing3_2,655,0.2625250501002004,2.6296505141460047,13.364443952650497
Bearing3_2,656,0.2629258517034068,2.4262998404682863,1.3227025378134243
Bearing3_2,657,0.2633266533066132,2.4575306689589924,2.3823461305618943
Bearing3_2,658,0.26372745490981964,2.3650580991885617,4.721002445060896
Bearing3_2,659,0.26412825651302607,2.168212509343658,6.101679158280417
Bearing3_2,660,0.26452905811623245,2.0300553788191604,1.4875774201638272
Bearing3_2,661,0.2649298597194389,2.037510722746455,13.095206134056669
Bearing3_2,662,0.26533066132264527,1.9719021333722893,13.25453028385008
Bearing3_2,663,0.2657314629258517,1.8814923931915264,3.431916610734599
Bearing3_2,664,0.26613226452905814,1.9926908898160913,15.70172222348019
Bearing3_2,665,0.2665330661322645,2.113836012428096,12.405650256746346
Bearing3_2,666,0.26693386773547095,2.1578372501214895,5.218273487089198
Bearing3_2,667,0.26733466933867733,2.36068025942353,15.573177728968652
Bearing3_2,668,0.26773547094188377,2.5794479159459067,3.5318597031491854
Bearing3_2,669,0.2681362725450902,2.872486663277116,0.6545471916405662
Bearing3_2,670,0.2685370741482966,3.011787285091606,11.723737597927402
Bearing3_2,671,0.268937875751503,2.8586770385710123,11.973790040916212
Bearing3_2,672,0.2693386773547094,2.967673002945383,8.750353002195556
Bearing3_2,673,0.26973947895791583,2.938546708720929,8.457010634284599
Bearing3_2,674,0.27014028056112227,2.9411781395059435,18.112532613984996
Bearing3_2,675,0.27054108216432865,2.9802714413984828,9.34398798275854
Bearing3_2,676,0.2709418837675351,2.920768095563291,13.603729241227922
Bearing3_2,677,0.27134268537074147,2.75340860200374,6.476472857602439
Bearing3_2,678,0.2717434869739479,2.787561949537409,13.608956023509839
Bearing3_2,679,0.27214428857715434,2.601404979617276,18.122840918946423
Bearing3_2,680,0.2725450901803607,2.4760919803042163,6.6725147897773125
Bearing3_2,681,0.27294589178356715,2.4700428797869014,1.8283768478409936
Bearing3_2,682,0.27334669338677353,2.410462979621094,4.234589558312545
Bearing3_2,683,0.27374749498997997,2.439222627223932,0.9824285013011416
Bearing3_2,684,0.27414829659318635,2.2589842119669816,0.7697804593364969
Bearing3_2,685,0.2745490981963928,2.1786875978633136,1.2160710951762277
Bearing3_2,686,0.2749498997995992,2.4479854129224927,15.978756210382045
Bearing3_2,687,0.2753507014028056,2.3445222009639206,24.872697475089048
Bearing3_2,688,0.27575150300601203,2.094488082399143,1.117404364709265
Bearing3_2,689,0.2761523046092184,2.226892142489283,14.212371247656087
Bearing3_2,690,0.27655310621242485,2.2757694830496584,13.52159946202679
Bearing3_2,691,0.2769539078156313,2.303009241900068,3.690540651967819
Bearing3_2,692,0.27735470941883766,2.3057901271345385,2.14187804431016
Bearing3_2,693,0.2777555110220441,2.2211461022804793,8.073133083002618
Bearing3_2,694,0.2781563126252505,2.1785291124758257,4.151027263091201
Bearing3_2,695,0.2785571142284569,2.3381794073254163,16.229780183770487
Bearing3_2,696,0.27895791583166335,2.067678205080193,20.194964020478185
Bearing3_2,697,0.27935871743486973,2.084305206134214,1.075563190704069
Bearing3_2,698,0.27975951903807617,2.0443480538129086,3.638563348353461
Bearing3_2,699,0.28016032064128255,2.0608755708683293,19.048881137912456
Bearing3_2,700,0.280561122244489,2.0271302243006333,17.899660647934727
Bearing3_2,701,0.2809619238476954,2.148422670255357,9.734704697909159
Bearing3_2,702,0.2813627254509018,2.0403344539102024,17.234891185604603
Bearing3_2,703,0.28176352705410823,2.189662420593584,13.493623317071378
Bearing3_2,704,0.2821643286573146,2.172919280014732,9.717422223095678
Bearing3_2,705,0.28256513026052105,2.1155678091373122,12.649650501124267
Bearing3_2,706,0.2829659318637275,2.0626365804166906,19.994946674772724
Bearing3_2,707,0.28336673346693386,2.09287385983622,6.372803642769041
Bearing3_2,708,0.2837675350701403,2.1231543066696905,3.6310094217941526
Bearing3_2,709,0.2841683366733467,1.9133337512679394,1.4354875403576035
Bearing3_2,710,0.2845691382765531,1.9629882052949736,4.0935262494782405
Bearing3_2,711,0.2849699398797595,1.9643145193644216,5.672775829827521
Bearing3_2,712,0.28537074148296593,1.972996211020401,16.535743047725898
Bearing3_2,713,0.28577154308617236,2.048465830281506,19.19512679667971
Bearing3_2,714,0.28617234468937874,2.029006508014127,17.675212346040844
Bearing3_2,715,0.2865731462925852,2.0101767250796945,12.590699027657855
Bearing3_2,716,0.28697394789579156,2.088539619173253,11.590832751938896
Bearing3_2,717,0.287374749498998,2.277913854365327,15.709275722805373
Bearing3_2,718,0.28777555110220443,2.5412651040226075,2.6830969518126904
Bearing3_2,719,0.2881763527054108,2.731109577791023,7.687591882038949
Bearing3_2,720,0.28857715430861725,2.7062934041854225,14.14474008571171
Bearing3_2,721,0.2889779559118236,2.7903955287613855,14.651097115870595
Bearing3_2,722,0.28937875751503006,2.9307077793338108,11.930637685382226
Bearing3_2,723,0.2897795591182365,2.816017076413408,2.8172903359213755
Bearing3_2,724,0.2901803607214429,2.8826785310561664,2.545887508400491
Bearing3_2,725,0.2905811623246493,2.8720501760848416,6.164409944814168
Bearing3_2,726,0.2909819639278557,2.904759277067721,7.962182944215613
Bearing3_2,727,0.2913827655310621,2.703054644956501,4.16600609150415
Bearing3_2,728,0.29178356713426856,2.480824300844808,1.1270498159261773
Bearing3_2,729,0.29218436873747494,2.441373316939311,7.953454551047429
Bearing3_2,730,0.2925851703406814,2.4129103945893506,13.081395363740725
Bearing3_2,731,0.29298597194388776,2.229955558739552,1.9450106958063125
Bearing3_2,732,0.2933867735470942,2.145882893823244,3.6028581108476025
Bearing3_2,733,0.29378757515030063,2.1201280224887027,2.7017100473076345
Bearing3_2,734,0.294188376753507,2.208083858248056,7.108065453976844
Bearing3_2,735,0.29458917835671344,2.304945241010238,7.064668293289391
Bearing3_2,736,0.2949899799599198,2.3429100638235125,12.982958057998742
Bearing3_2,737,0.29539078156312626,2.358896830307847,5.9603270391777965
Bearing3_2,738,0.29579158316633264,2.4976918570637445,11.171885260294527
Bearing3_2,739,0.2961923847695391,2.675882076450625,11.162600608295946
Bearing3_2,740,0.2965931863727455,2.6668606916376367,29.118640780266226
Bearing3_2,741,0.2969939879759519,2.752565131737972,9.640221016757405
Bearing3_2,742,0.2973947895791583,2.915025389185876,2.894889724463896
Bearing3_2,743,0.2977955911823647,2.7914698976121293,21.63335536437303
Bearing3_2,744,0.29819639278557114,2.556437075701184,2.425831301479042
Bearing3_2,745,0.2985971943887776,2.241061104509017,0.457714929739212
Bearing3_2,746,0.29899799599198396,2.3125805930424486,19.61946427404164
Bearing3_2,747,0.2993987975951904,2.4018345753564283,4.34528848343421
Bearing3_2,748,0.29979959919839677,2.328817433128107,2.37566739310709
Bearing3_2,749,0.3002004008016032,1.9557269506217119,14.13543919881639
Bearing3_2,750,0.30060120240480964,2.087097423390748,13.67218838290602
Bearing3_2,751,0.301002004008016,1.9746497979687139,10.778281296928999
Bearing3_2,752,0.30140280561122246,1.8087864783217085,1.8087986304582897
Bearing3_2,753,0.30180360721442884,2.0235371349525173,10.702603607479503
Bearing3_2,754,0.3022044088176353,2.0962668783293923,14.327549295341397
Bearing3_2,755,0.3026052104208417,2.102558037175703,5.571238940510638
Bearing3_2,756,0.3030060120240481,1.9076834026634313,2.906606193100425
Bearing3_2,757,0.3034068136272545,1.7341565347222556,2.486048242422896
Bearing3_2,758,0.3038076152304609,1.6404348160423112,4.463156397168805
Bearing3_2,759,0.30420841683366734,1.5936355810936473,9.99518507141432
Bearing3_2,760,0.3046092184368738,1.525922180361863,12.165234506674892
Bearing3_2,761,0.30501002004008015,1.567559726992187,1.5773104714656736
Bearing3_2,762,0.3054108216432866,1.6490116624770592,2.000664135446889
Bearing3_2,763,0.30581162324649297,1.5133874948325787,7.647658308400662
Bearing3_2,764,0.3062124248496994,1.4858849622418369,5.187410948387127
Bearing3_2,765,0.3066132264529058,1.404593301403557,10.050511036098293
Bearing3_2,766,0.3070140280561122,1.335355544115903,4.055721156249346
Bearing3_2,767,0.30741482965931866,1.3147239260222219,1.88462670631969
Bearing3_2,768,0.30781563126252504,1.4471656353116602,17.316691140061444
Bearing3_2,769,0.30821643286573147,1.4315827091404674,22.458002671922216
Bearing3_2,770,0.30861723446893785,1.5687385645426213,24.854606673311583
Bearing3_2,771,0.3090180360721443,1.5914145630701615,11.132454113986919
Bearing3_2,772,0.3094188376753507,1.6148474049958097,2.102805561050261
Bearing3_2,773,0.3098196392785571,1.5688476281755324,13.783379481739372
Bearing3_2,774,0.31022044088176354,1.6074833485688416,2.1839672277247604
Bearing3_2,775,0.3106212424849699,1.8774240456950593,9.53784888472668
Bearing3_2,776,0.31102204408817635,2.0340113740824615,5.963445848288308
Bearing3_2,777,0.3114228456913828,2.1199431024982442,4.436868681474317
Bearing3_2,778,0.31182364729458917,2.0096811401298256,1.1604853721444206
Bearing3_2,779,0.3122244488977956,2.3553041094093996,15.948055166179122
Bearing3_2,780,0.312625250501002,2.186221254542356,18.669772373930687
Bearing3_2,781,0.3130260521042084,2.1706580648881273,1.7083148732588607
Bearing3_2,782,0.31342685370741485,2.2231584026460767,7.649153627837208
Bearing3_2,783,0.31382765531062123,2.3544074852440224,6.966485619085745
Bearing3_2,784,0.31422845691382767,2.5758247813043607,9.641477085084103
Bearing3_2,785,0.31462925851703405,2.64140925104479,3.665567108440993
Bearing3_2,786,0.3150300601202405,2.610048185472156,14.46039689195719
Bearing3_2,787,0.3154308617234469,2.889845140487611,21.865333240481117
Bearing3_2,788,0.3158316633266533,3.112476878462524,4.472804198173403
Bearing3_2,789,0.31623246492985974,2.969051087913294,15.205611122100523
Bearing3_2,790,0.3166332665330661,2.9857306308927063,5.206656136769606
Bearing3_2,791,0.31703406813627255,3.093119371880736,9.236430937390121
Bearing3_2,792,0.31743486973947893,3.284106371351794,14.617444738334052
Bearing3_2,793,0.31783567134268537,3.3916503476873365,14.182251241862792
Bearing3_2,794,0.3182364729458918,3.1920780723077486,16.675274294988927
Bearing3_2,795,0.3186372745490982,3.130543008438304,7.787365576123081
Bearing3_2,796,0.3190380761523046,3.3658600438998114,11.089376097190637
Bearing3_2,797,0.319438877755511,3.2010590433472537,12.230075829784798
Bearing3_2,798,0.31983967935871743,3.1471603243708097,5.358585291098107
Bearing3_2,799,0.32024048096192387,3.0641680494818155,17.689023970825037
Bearing3_2,800,0.32064128256513025,3.137464388208379,8.072575115235724
Bearing3_2,801,0.3210420841683367,3.1472404285356084,3.8787355749738213
Bearing3_2,802,0.32144288577154306,2.8729326855148245,9.380805310691064
Bearing3_2,803,0.3218436873747495,2.930908848328071,13.869503045538458
Bearing3_2,804,0.32224448897795593,3.1272549027054524,4.783722550741529
Bearing3_2,805,0.3226452905811623,3.089332520939579,11.919164740196793
Bearing3_2,806,0.32304609218436875,2.859661378411669,5.279572612070988
Bearing3_2,807,0.32344689378757513,2.898014145612634,10.42012153101912
Bearing3_2,808,0.32384769539078156,2.8124762891029427,5.164430024818031
Bearing3_2,809,0.324248496993988,2.8600578145201396,6.48717549966099
Bearing3_2,810,0.3246492985971944,2.8000331097495152,1.3408230323625576
Bearing3_2,811,0.3250501002004008,2.7581596009992526,5.610791421309669
Bearing3_2,812,0.3254509018036072,2.699687842193282,10.812643737580839
Bearing3_2,813,0.32585170340681363,2.6032213111717337,10.985499246572621
Bearing3_2,814,0.32625250501002007,2.5527082935688314,0.9639574611526691
Bearing3_2,815,0.32665330661322645,2.525022209880425,9.831322840748053
Bearing3_2,816,0.3270541082164329,2.5319208603567813,2.4321953810009838
Bearing3_2,817,0.32745490981963926,2.494353688292962,6.876405440057557
Bearing3_2,818,0.3278557114228457,2.4362418184640964,7.128071546335463
Bearing3_2,819,0.3282565130260521,2.617079474498021,14.201759606466103
Bearing3_2,820,0.3286573146292585,2.6375684039264136,14.75508419289279
Bearing3_2,821,0.32905811623246495,2.547681623240961,3.9183931553675344
Bearing3_2,822,0.3294589178356713,2.6484288634898645,5.5127454620259355
Bearing3_2,823,0.32985971943887776,2.5765937059709243,3.9915241021995294
Bearing3_2,824,0.33026052104208414,2.450059061067697,5.404090424956967
Bearing3_2,825,0.3306613226452906,2.4555077814146378,1.5149687884110181
Bearing3_2,826,0.331062124248497,2.5868635931939856,8.411993829030303
Bearing3_2,827,0.3314629258517034,2.568767698019714,5.771450677742854
Bearing3_2,828,0.33186372745490983,2.6814627683791707,4.196672102508847
Bearing3_2,829,0.3322645290581162,2.42358772159593,17.498274187753164
Bearing3_2,830,0.33266533066132264,2.3810969209981185,3.5888687566675226
Bearing3_2,831,0.3330661322645291,2.4568421682719555,6.1287158153955525
Bearing3_2,832,0.33346693386773546,2.523815205006687,4.68837457495545
Bearing3_2,833,0.3338677354709419,2.5112363583012804,10.301663179724152
Bearing3_2,834,0.3342685370741483,2.5536733855784823,1.15226250375432
Bearing3_2,835,0.3346693386773547,2.5685747544658133,1.0280101100683277
Bearing3_2,836,0.33507014028056115,2.460963068854207,2.0888503856001592
Bearing3_2,837,0.3354709418837675,2.5650294047876994,12.143456674401028
Bearing3_2,838,0.33587174348697396,2.485867558301783,11.284935682038693
Bearing3_2,839,0.33627254509018034,2.553403860830212,5.29265580267252
Bearing3_2,840,0.3366733466933868,2.461770743505647,9.953258023350054
Bearing3_2,841,0.3370741482965932,2.746060974015814,37.940505939195184
Bearing3_2,842,0.3374749498997996,2.72768882487997,21.078781545365644
Bearing3_2,843,0.337875751503006,2.979744915060351,12.099092682889315
Bearing3_2,844,0.3382765531062124,2.9843624233546455,21.84435775389349
Bearing3_2,845,0.33867735470941884,2.8879933938282565,9.806802165393437
Bearing3_2,846,0.3390781563126252,2.983291982660537,14.104819329097165
Bearing3_2,847,0.33947895791583166,2.8117095562814782,10.641844933665494
Bearing3_2,848,0.3398797595190381,2.9548337680103556,15.072380723708973
Bearing3_2,849,0.3402805611222445,3.060275988580789,8.21412205309922
Bearing3_2,850,0.3406813627254509,3.182087807920675,8.58987617473363
Bearing3_2,851,0.3410821643286573,2.8603294312022545,0.6767141273935258
Bearing3_2,852,0.3414829659318637,2.9160914859456732,10.806408682764564
Bearing3_2,853,0.34188376753507016,2.6388407008943955,15.69149594747071
Bearing3_2,854,0.34228456913827654,2.650541458945109,2.7161208679517586
Bearing3_2,855,0.342685370741483,2.7153540426539444,5.17571455975446
Bearing3_2,856,0.34308617234468936,2.737560595190633,10.598098722698138
Bearing3_2,857,0.3434869739478958,2.664007611839945,18.430916028414487
Bearing3_2,858,0.3438877755511022,2.4607145895379374,4.176975327656531
Bearing3_2,859,0.3442885771543086,2.2930277416112768,5.152941271969981
Bearing3_2,860,0.34468937875751504,2.200369109213029,2.1216912319167816
Bearing3_2,861,0.3450901803607214,2.2674649162294256,13.908241218095757
Bearing3_2,862,0.34549098196392786,2.0833149180898425,10.118441261929979
Bearing3_2,863,0.3458917835671343,1.9880101062017204,8.191122331228636
Bearing3_2,864,0.34629258517034067,1.9427789693950595,6.965990454735185
Bearing3_2,865,0.3466933867735471,1.8370163986234325,10.18556230632943
Bearing3_2,866,0.3470941883767535,1.6717151031141686,5.734021550543719
Bearing3_2,867,0.3474949899799599,1.6953046407515386,2.5811567534820647
Bearing3_2,868,0.34789579158316636,1.7090198976500504,3.6150688893664418
Bearing3_2,869,0.34829659318637274,1.7771533176876644,0.8993628657497937
Bearing3_2,870,0.3486973947895792,1.9274806512250957,4.992614830919959
Bearing3_2,871,0.34909819639278555,1.9535292626354894,3.5609603283208804
Bearing3_2,872,0.349498997995992,1.9781280922456426,10.266652197670975
Bearing3_2,873,0.3498997995991984,2.1952519326958875,7.936853941897014
Bearing3_2,874,0.3503006012024048,2.2486306113273318,6.829446855706374
Bearing3_2,875,0.35070140280561124,2.492566723859175,5.949337723021554
Bearing3_2,876,0.3511022044088176,2.4602965564044377,17.842534318649154
Bearing3_2,877,0.35150300601202406,2.372845442538769,7.192393352749701
Bearing3_2,878,0.35190380761523044,2.3866785446754686,11.907797749074291
Bearing3_2,879,0.35230460921843687,2.371798775098343,3.0592161450066797
Bearing3_2,880,0.3527054108216433,2.311883053381505,1.3165657468458372
Bearing3_2,881,0.3531062124248497,2.095572293944277,9.658501510486248
Bearing3_2,882,0.3535070140280561,2.0303503086677566,2.3979604697353754
Bearing3_2,883,0.3539078156312625,1.6696843538306223,16.877026211240786
Bearing3_2,884,0.35430861723446894,1.6104604914988776,18.68195367329492
Bearing3_2,885,0.35470941883767537,1.5968476933393032,9.958169506847922
Bearing3_2,886,0.35511022044088175,1.8254952482286533,2.846420226630614
Bearing3_2,887,0.3555110220440882,1.8380683192334946,25.30074847146311
Bearing3_2,888,0.35591182364729457,1.8548787395653221,12.155402994996662
Bearing3_2,889,0.356312625250501,1.7553049789560826,12.748674826553627
Bearing3_2,890,0.35671342685370744,1.9129290358183393,22.630579624264676
Bearing3_2,891,0.3571142284569138,1.9100207389328443,23.178020342325613
Bearing3_2,892,0.35751503006012025,1.836283062201089,3.760923628909566
Bearing3_2,893,0.35791583166332663,1.8365097352843864,11.03510625526299
Bearing3_2,894,0.35831663326653307,1.7744433996704125,13.62176792044217
Bearing3_2,895,0.3587174348697395,1.5737077201084535,1.9621028378172267
Bearing3_2,896,0.3591182364729459,1.2769993158474242,5.3399348126172494
Bearing3_2,897,0.3595190380761523,1.2737130238040486,0.9082477334161598
Bearing3_2,898,0.3599198396793587,1.177328300816383,4.6752529332826915
Bearing3_2,899,0.36032064128256514,0.9830036575927753,21.12705900145986
Bearing3_2,900,0.36072144288577157,0.8045918747216992,24.30088390468065
Bearing3_2,901,0.36112224448897795,0.8932218411376777,0.6319019672849742
Bearing3_2,902,0.3615230460921844,0.9564658700681774,5.6076867109252735
Bearing3_2,903,0.36192384769539077,1.0694955453410226,6.4616973926328605
Bearing3_2,904,0.3623246492985972,0.9434919875211476,6.92961403241938
Bearing3_2,905,0.3627254509018036,1.012140632252052,14.886562931372955
Bearing3_2,906,0.36312625250501,1.0837071440990382,4.993814931576319
Bearing3_2,907,0.36352705410821645,1.0841344838491938,6.493251196148741
Bearing3_2,908,0.36392785571142283,1.1913423869535844,13.503168581886042
Bearing3_2,909,0.36432865731462927,1.5843544523440571,3.324264078539304
Bearing3_2,910,0.36472945891783565,1.6369154943940991,4.678657134788521
Bearing3_2,911,0.3651302605210421,1.5815739329787613,9.784001534624975
Bearing3_2,912,0.3655310621242485,1.881147290870166,24.570120014337977
Bearing3_2,913,0.3659318637274549,1.7536826529973724,42.83977054109629
Bearing3_2,914,0.36633266533066133,1.8786872607947462,14.418553581781369
Bearing3_2,915,0.3667334669338677,1.842312689353409,1.038867517688561
Bearing3_2,916,0.36713426853707415,1.7492613652400402,10.16304279561504
Bearing3_2,917,0.3675350701402806,1.6580371982396973,6.472627323245766
Bearing3_2,918,0.36793587174348696,1.4213217277117574,1.4747409572693246
Bearing3_2,919,0.3683366733466934,1.452804443974184,26.009461526926216
Bearing3_2,920,0.3687374749498998,1.1918212101523156,29.38841691385721
Bearing3_2,921,0.3691382765531062,1.4539324083337692,34.48840977904733
Bearing3_2,922,0.36953907815631265,1.379288757311397,4.215736143622442
Bearing3_2,923,0.36993987975951903,1.9057540198616956,8.590371766318315
Bearing3_2,924,0.37034068136272547,2.2815514614389882,1.6265866941349727
Bearing3_2,925,0.37074148296593185,2.617247655723505,2.8361085037961886
Bearing3_2,926,0.3711422845691383,2.9760585030447424,8.357268555525696
Bearing3_2,927,0.3715430861723447,3.622808333582723,17.574207363209247
Bearing3_2,928,0.3719438877755511,3.877246309939575,32.4424163165839
Bearing3_2,929,0.37234468937875753,3.8998929927239203,5.934652831686417
Bearing3_2,930,0.3727454909819639,4.339305431234612,5.524907108620431
Bearing3_2,931,0.37314629258517035,4.369168434815117,0.9860021011374254
Bearing3_2,932,0.3735470941883767,4.553211789429904,8.721477102173468
Bearing3_2,933,0.37394789579158316,4.597623496775868,4.021753907162879
Bearing3_2,934,0.3743486973947896,4.624700544559866,0.357141480075723
Bearing3_2,935,0.374749498997996,4.387541051567483,25.331856242552774
Bearing3_2,936,0.3751503006012024,4.482285006133685,20.012412005791585
Bearing3_2,937,0.3755511022044088,4.083380741381663,24.51815809115211
Bearing3_2,938,0.37595190380761523,4.030377794033636,3.0567544219799996
Bearing3_2,939,0.37635270541082166,4.075980980129394,14.157556254985288
Bearing3_2,940,0.37675350701402804,4.123559319558287,6.1627693657752145
Bearing3_2,941,0.3771543086172345,4.236781909338063,5.069562260188145
Bearing3_2,942,0.37755511022044086,4.153744523250584,8.057152817801308
Bearing3_2,943,0.3779559118236473,4.23118240029976,9.682630839382613
Bearing3_2,944,0.37835671342685373,4.164524150453464,12.227378273521268
Bearing3_2,945,0.3787575150300601,4.42545802817685,2.590003490502799
Bearing3_2,946,0.37915831663326655,4.53952264685635,7.487547193349503
Bearing3_2,947,0.3795591182364729,4.438287375884576,42.82052449824556
Bearing3_2,948,0.37995991983967936,4.879342070810313,42.81488158992616
Bearing3_2,949,0.3803607214428858,4.737008939528712,35.441681901123495
Bearing3_2,950,0.3807615230460922,4.528161856309547,0.6703031589263948
Bearing3_2,951,0.3811623246492986,4.280808874790807,2.1656333297303254
Bearing3_2,952,0.381563126252505,4.137224641736576,0.8991972057179306
Bearing3_2,953,0.3819639278557114,3.893061451984084,1.4059131125415858
Bearing3_2,954,0.38236472945891786,3.664331822364899,10.731764899896909
Bearing3_2,955,0.38276553106212424,3.397317090832716,1.1604760798022078
Bearing3_2,956,0.3831663326653307,2.9908997877513683,4.21360595427655
Bearing3_2,957,0.38356713426853706,3.2454137093642323,13.598005158424822
Bearing3_2,958,0.3839679358717435,2.814048431100356,14.895570735658712
Bearing3_2,959,0.3843687374749499,2.7825650860099946,1.108599389824223
Bearing3_2,960,0.3847695390781563,2.7852752338414413,3.2109940584550274
Bearing3_2,961,0.38517034068136274,2.6839090792106246,6.802623815653602
Bearing3_2,962,0.3855711422845691,2.744601575324264,14.585386798550992
Bearing3_2,963,0.38597194388777556,2.6657330521017046,10.325824978413996
Bearing3_2,964,0.38637274549098194,2.6813340151553366,2.8033054676996048
Bearing3_2,965,0.3867735470941884,2.9973562663341733,24.94633725776359
Bearing3_2,966,0.3871743486973948,3.0227183424789876,28.948823760369507
Bearing3_2,967,0.3875751503006012,3.012167889559475,10.644589485682744
Bearing3_2,968,0.3879759519038076,3.054502606265405,10.575033206772344
Bearing3_2,969,0.388376753507014,3.1326117344578766,1.779943985333907
Bearing3_2,970,0.38877755511022044,3.1570910430886507,1.3731985139088205
Bearing3_2,971,0.3891783567134269,3.197606644285335,5.502405968973403
Bearing3_2,972,0.38957915831663326,3.302369909360647,19.923899348767023
Bearing3_2,973,0.3899799599198397,3.4385803896251645,7.778730319994087
Bearing3_2,974,0.39038076152304607,3.367249794908678,20.486751256175136
Bearing3_2,975,0.3907815631262525,3.464496961365792,39.095791444807546
Bearing3_2,976,0.39118236472945894,3.4711628884225725,36.79343358239659
Bearing3_2,977,0.3915831663326653,3.431984122255102,6.595805329916599
Bearing3_2,978,0.39198396793587176,3.571573609112489,4.392434623566149
Bearing3_2,979,0.39238476953907814,3.4435599625419657,20.798568936575812
Bearing3_2,980,0.3927855711422846,3.5221873388502347,16.040342863929776
Bearing3_2,981,0.393186372745491,3.912324430259143,20.960979425686254
Bearing3_2,982,0.3935871743486974,3.753135088916924,26.967252077105506
Bearing3_2,983,0.3939879759519038,3.688882955819556,0.37166100510245714
Bearing3_2,984,0.3943887775551102,3.884006231639306,1.7218991026801678
Bearing3_2,985,0.39478957915831664,3.231269272532984,32.84952258722733
Bearing3_2,986,0.395190380761523,3.4503710904713145,37.18437331376031
Bearing3_2,987,0.39559118236472945,3.1132827895991317,40.514318110839056
Bearing3_2,988,0.3959919839679359,3.075532742348974,29.985809845781297
Bearing3_2,989,0.39639278557114227,3.244259654518345,3.3206321612449945
Bearing3_2,990,0.3967935871743487,3.3575200998760493,11.364616555236886
Bearing3_2,991,0.3971943887775551,3.058187265171416,14.02467020729827
Bearing3_2,992,0.3975951903807615,3.1552317957327105,6.8932183845679615
Bearing3_2,993,0.39799599198396796,3.0554622620847787,16.50269221583697
Bearing3_2,994,0.39839679358717434,2.691251065752401,20.814971309092353
Bearing3_2,995,0.39879759519038077,3.0370527982107047,27.37825472296644
Bearing3_2,996,0.39919839679358715,2.88605566516247,4.758818219142909
Bearing3_2,997,0.3995991983967936,3.1445418308514,5.839493693383468
Bearing3_2,998,0.4,2.8801465851728993,14.314507546449962
Bearing3_2,999,0.4004008016032064,2.669108440170838,1.246073504776691
Bearing3_2,1000,0.40080160320641284,2.3397891889285463,1.6605432623683212
Bearing3_2,1001,0.4012024048096192,2.1610059318783845,1.3911148973548653
Bearing3_2,1002,0.40160320641282565,2.253669859322508,30.260425687537197
Bearing3_2,1003,0.4020040080160321,2.3377158492719374,17.335014357202763
Bearing3_2,1004,0.40240480961923847,2.6937843780275665,2.252757475849523
Bearing3_2,1005,0.4028056112224449,2.627089469116026,8.151974868379847
Bearing3_2,1006,0.4032064128256513,2.4870064605832747,11.121986877931093
Bearing3_2,1007,0.4036072144288577,2.231835193237156,15.435468208013459
Bearing3_2,1008,0.40400801603206415,2.159803175701742,1.2317061552047583
Bearing3_2,1009,0.40440881763527053,2.121047105218216,4.392011234548544
Bearing3_2,1010,0.40480961923847697,2.2489475199896356,15.691162704853422
Bearing3_2,1011,0.40521042084168335,2.3465031540115735,3.7047145712897813
Bearing3_2,1012,0.4056112224448898,2.2781954361501864,16.15303526347742
Bearing3_2,1013,0.40601202404809617,2.1863256203726484,19.167821409300117
Bearing3_2,1014,0.4064128256513026,2.1887664945167034,10.334973769960913
Bearing3_2,1015,0.40681362725450904,1.9276059527480303,30.47719061093198
Bearing3_2,1016,0.4072144288577154,1.8692974643007123,6.070462442488946
Bearing3_2,1017,0.40761523046092185,2.4090642796224,35.33187589532251
Bearing3_2,1018,0.40801603206412823,2.7254532897384416,17.740637270965127
Bearing3_2,1019,0.40841683366733467,2.8300445614530645,14.236040018165996
Bearing3_2,1020,0.4088176352705411,2.9561309831071076,17.22480846026103
Bearing3_2,1021,0.4092184368737475,2.8714187265093796,21.681089378660594
Bearing3_2,1022,0.4096192384769539,2.8451726604661802,21.07158521376873
Bearing3_2,1023,0.4100200400801603,3.1370531412818212,7.8207624676530365
Bearing3_2,1024,0.41042084168336673,3.2999336340332484,0.9299488771646351
Bearing3_2,1025,0.41082164328657317,3.856988662568734,2.5791105156416823
Bearing3_2,1026,0.41122244488977955,4.357871011038192,1.3197380670304708
Bearing3_2,1027,0.411623246492986,4.432777698762136,1.1415232263695738
Bearing3_2,1028,0.41202404809619236,4.8951418060997165,14.762786369693378
Bearing3_2,1029,0.4124248496993988,5.341695794139204,15.566890551589161
Bearing3_2,1030,0.41282565130260523,5.513893965163926,6.125946483799068
Bearing3_2,1031,0.4132264529058116,5.8776056121988836,5.64232898992881
Bearing3_2,1032,0.41362725450901805,6.037824814005763,3.6212300326791382
Bearing3_2,1033,0.41402805611222443,6.025487398434548,6.937316636454094
Bearing3_2,1034,0.41442885771543087,6.021246151145105,0.1959336950795873
Bearing3_2,1035,0.4148296593186373,5.992705122114831,0.7031285180059959
Bearing3_2,1036,0.4152304609218437,5.9492351684653375,0.45576978617359293
Bearing3_2,1037,0.4156312625250501,5.919947939666609,0.3058645467024575
Bearing3_2,1038,0.4160320641282565,5.704433360806969,0.9229580451817176
Bearing3_2,1039,0.41643286573146293,5.657940429345218,1.159420384280006
Bearing3_2,1040,0.4168336673346693,5.6177216581372615,5.584217458751613
Bearing3_2,1041,0.41723446893787575,5.664619327990064,1.6885102217900512
Bearing3_2,1042,0.4176352705410822,5.676679535247821,0.6970466800277019
Bearing3_2,1043,0.41803607214428856,5.810159728377196,3.267353288869654
Bearing3_2,1044,0.418436873747495,5.863705345581088,6.949723942670308
Bearing3_2,1045,0.4188376753507014,5.802449824529129,9.062229640905446
Bearing3_2,1046,0.4192384769539078,5.799888600142606,4.989996312969503
Bearing3_2,1047,0.41963927855711425,5.654875972480108,11.820110508378702
Bearing3_2,1048,0.42004008016032063,5.487305218787776,2.8016646750435887
Bearing3_2,1049,0.42044088176352706,5.323849256538684,0.7657800526096101
Bearing3_2,1050,0.42084168336673344,5.200747297671464,2.117462041316103
Bearing3_2,1051,0.4212424849699399,5.005924316617237,4.31920840352434
Bearing3_2,1052,0.4216432865731463,4.783490140549302,1.6026512227227032
Bearing3_2,1053,0.4220440881763527,4.518496817343177,0.3553996999534742
Bearing3_2,1054,0.42244488977955913,4.302943387292804,2.7117299692348706
Bearing3_2,1055,0.4228456913827655,4.169482011898946,2.050114776447608
Bearing3_2,1056,0.42324649298597194,3.9414941383249045,2.8926916048921725
Bearing3_2,1057,0.4236472945891784,3.8665958345584874,1.2158292806616318
Bearing3_2,1058,0.42404809619238476,3.8067674175936768,1.4321968763204205
Bearing3_2,1059,0.4244488977955912,3.724834578006489,2.503729326674747
Bearing3_2,1060,0.4248496993987976,3.6483773842302982,1.5556867639023053
Bearing3_2,1061,0.425250501002004,3.7596129770680755,11.494320563162933
Bearing3_2,1062,0.42565130260521045,3.685052520987025,17.257579026564137
Bearing3_2,1063,0.4260521042084168,3.6563998873652097,3.6825975151208836
Bearing3_2,1064,0.42645290581162326,3.50261660657711,13.381231690347542
Bearing3_2,1065,0.42685370741482964,3.4068471125492494,2.915624037388113
Bearing3_2,1066,0.4272545090180361,3.6467491488855606,25.432649317258505
Bearing3_2,1067,0.4276553106212425,3.568919732161942,25.76879712659417
Bearing3_2,1068,0.4280561122244489,3.4635543224969787,3.856837262676784
Bearing3_2,1069,0.42845691382765533,3.2295594658728084,13.447474341386554
Bearing3_2,1070,0.4288577154308617,2.9395054516272885,6.331860514894022
Bearing3_2,1071,0.42925851703406814,2.7961459906368757,24.26840043970936
Bearing3_2,1072,0.4296593186372745,2.816777627069578,3.3512090939346852
Bearing3_2,1073,0.43006012024048096,2.967805106375569,14.904224790089193
Bearing3_2,1074,0.4304609218436874,2.964311372271045,26.21941975624584
Bearing3_2,1075,0.4308617234468938,3.412602206735541,41.18045814024131
Bearing3_2,1076,0.4312625250501002,3.2171026317437836,29.458794336755336
Bearing3_2,1077,0.4316633266533066,3.3982880718849486,6.078012951175257
Bearing3_2,1078,0.432064128256513,3.758429500808456,11.225444184638626
Bearing3_2,1079,0.43246492985971946,4.253668898159541,2.185221159880836
Bearing3_2,1080,0.43286573146292584,4.724294393255816,8.589090063944132
Bearing3_2,1081,0.4332665330661323,4.934628611142034,1.9385637328641734
Bearing3_2,1082,0.43366733466933866,5.15547275254,2.7892266079703942
Bearing3_2,1083,0.4340681362725451,5.179026678409032,2.1584901887819425
Bearing3_2,1084,0.4344689378757515,5.491202140819529,2.006346562922828
Bearing3_2,1085,0.4348697394789579,5.303311857775293,1.3889974182241842
Bearing3_2,1086,0.43527054108216434,5.394361798689162,5.452963872655179
Bearing3_2,1087,0.4356713426853707,5.405948065014554,0.6081679367625138
Bearing3_2,1088,0.43607214428857716,5.26896956496023,1.2916876901458876
Bearing3_2,1089,0.4364729458917836,5.155217308974338,0.636186324492008
Bearing3_2,1090,0.43687374749499,5.081325092312085,5.035275012742257
Bearing3_2,1091,0.4372745490981964,5.036848737078222,4.340847811941792
Bearing3_2,1092,0.4376753507014028,4.986253569555879,3.1802908780814794
Bearing3_2,1093,0.4380761523046092,4.985478015300382,2.1914769355521595
Bearing3_2,1094,0.43847695390781566,4.972143712397329,3.0270469107341293
Bearing3_2,1095,0.43887775551102204,5.0004284991095505,2.125497033499855
Bearing3_2,1096,0.4392785571142285,5.073828249694453,1.767807759169833
Bearing3_2,1097,0.43967935871743485,5.160638639421415,0.6184773098092528
Bearing3_2,1098,0.4400801603206413,5.280753942380137,1.5710257506823997
Bearing3_2,1099,0.44048096192384767,5.401838092622524,0.39481423753448314
Bearing3_2,1100,0.4408817635270541,5.610573198179591,2.2391759166414955
Bearing3_2,1101,0.44128256513026054,5.778828379639711,0.8983645264088366
Bearing3_2,1102,0.4416833667334669,5.835576772025125,12.62067633725349
Bearing3_2,1103,0.44208416833667336,5.954487398954941,7.4552072790441235
Bearing3_2,1104,0.44248496993987974,6.11013780116755,0.3176340457747186
Bearing3_2,1105,0.44288577154308617,6.196583138036708,3.672050386283734
Bearing3_2,1106,0.4432865731462926,6.265210441330398,3.251206615976762
Bearing3_2,1107,0.443687374749499,6.289707424414627,3.1253464334708885
Bearing3_2,1108,0.4440881763527054,6.247764479210072,4.195047331132508
Bearing3_2,1109,0.4444889779559118,6.178605762528347,2.2435629702512605
Bearing3_2,1110,0.44488977955911824,5.931870816398559,12.711259370846482
Bearing3_2,1111,0.4452905811623247,5.643585274815825,2.4880316768469437
Bearing3_2,1112,0.44569138276553105,5.650330066966032,12.466693468487424
Bearing3_2,1113,0.4460921843687375,5.433656397486131,11.603650630148973
Bearing3_2,1114,0.44649298597194387,5.158326525593995,4.851662175723959
Bearing3_2,1115,0.4468937875751503,4.902903295192305,2.113929883189918
Bearing3_2,1116,0.44729458917835674,4.797920372179708,9.722745560289784
Bearing3_2,1117,0.4476953907815631,4.5684101835608795,13.831636430595603
Bearing3_2,1118,0.44809619238476955,4.409336723567266,1.910660004092903
Bearing3_2,1119,0.44849699398797593,4.249023874018957,2.354582320966472
Bearing3_2,1120,0.44889779559118237,4.215196193309777,1.9670869511162987
Bearing3_2,1121,0.4492985971943888,4.235216417063247,2.1330404928231075
Bearing3_2,1122,0.4496993987975952,4.083725209609317,2.1079970965168884
Bearing3_2,1123,0.4501002004008016,4.084607340240643,1.4530969560850315
Bearing3_2,1124,0.450501002004008,4.152301893763931,0.9062480640953723
Bearing3_2,1125,0.45090180360721444,4.265275171941438,1.8964187953962959
Bearing3_2,1126,0.4513026052104208,4.257175022121681,0.8888782733076509
Bearing3_2,1127,0.45170340681362725,4.358519973034164,4.607784974773961
Bearing3_2,1128,0.4521042084168337,4.422733705607746,1.2923459511235618
Bearing3_2,1129,0.45250501002004007,4.546253235688202,2.5830590134224143
Bearing3_2,1130,0.4529058116232465,4.650107934364308,3.686505425659767
Bearing3_2,1131,0.4533066132264529,4.772906205400086,3.5810631892087494
Bearing3_2,1132,0.4537074148296593,4.91766492888837,0.5513361320016731
Bearing3_2,1133,0.45410821643286575,4.968693528690684,6.61827058189715
Bearing3_2,1134,0.45450901803607213,4.95168667829838,4.966120333909102
Bearing3_2,1135,0.45490981963927857,4.909394718035742,0.3398941452690016
Bearing3_2,1136,0.45531062124248495,4.877847859777254,0.3452779360917562
Bearing3_2,1137,0.4557114228456914,4.858304784442149,3.4216696138700704
Bearing3_2,1138,0.4561122244488978,4.895011328916248,3.5813654573519944
Bearing3_2,1139,0.4565130260521042,4.96108792425121,5.024533919612481
Bearing3_2,1140,0.45691382765531063,4.969319122217463,8.608030207161555
Bearing3_2,1141,0.457314629258517,4.938001348577638,0.7424236970534089
Bearing3_2,1142,0.45771543086172345,4.833727505751804,6.664698541465421
Bearing3_2,1143,0.4581162324649299,4.785262352930817,1.8200128853812019
Bearing3_2,1144,0.45851703406813626,4.800005576678233,0.46823476899664496
Bearing3_2,1145,0.4589178356713427,4.7785210745772675,3.412466990823438
Bearing3_2,1146,0.4593186372745491,4.809860551635979,4.816578136635455
Bearing3_2,1147,0.4597194388777555,4.809576853941606,6.222186951671703
Bearing3_2,1148,0.46012024048096195,4.745346119989267,1.8894896987444016
Bearing3_2,1149,0.46052104208416833,4.645734889811532,2.111345116735316
Bearing3_2,1150,0.46092184368737477,4.7425693116243774,8.114166357277954
Bearing3_2,1151,0.46132264529058115,4.714231574056665,10.451739419653709
Bearing3_2,1152,0.4617234468937876,4.800679728075359,3.1887458414098386
Bearing3_2,1153,0.46212424849699396,4.863966600066706,3.8040661580586823
Bearing3_2,1154,0.4625250501002004,4.88780033261107,2.9515866834541193
Bearing3_2,1155,0.46292585170340683,4.893175009292422,4.946969991502313
Bearing3_2,1156,0.4633266533066132,4.887270617504033,3.6774523345567895
Bearing3_2,1157,0.46372745490981965,4.920990005507433,2.8056595277268537
Bearing3_2,1158,0.464128256513026,4.979782150093844,0.3766424748903824
Bearing3_2,1159,0.46452905811623246,4.984413346082431,2.5792438126885973
Bearing3_2,1160,0.4649298597194389,4.951695189852115,4.925978270017948
Bearing3_2,1161,0.4653306613226453,5.050896253979462,0.787604880637194
Bearing3_2,1162,0.4657314629258517,5.139263576770186,2.256101437343766
Bearing3_2,1163,0.4661322645290581,5.180212800617147,7.829885625152469
Bearing3_2,1164,0.46653306613226453,5.250802124759389,0.5981297505764457
Bearing3_2,1165,0.46693386773547096,5.3710730255940495,0.8678922126754384
Bearing3_2,1166,0.46733466933867734,5.416959800845006,2.5704637241913204
Bearing3_2,1167,0.4677354709418838,5.45352239451904,3.650207614422911
Bearing3_2,1168,0.46813627254509016,5.492970882857582,0.5926705529306766
Bearing3_2,1169,0.4685370741482966,5.531961619592762,2.6041022166188093
Bearing3_2,1170,0.46893787575150303,5.532760677156756,1.686954021490731
Bearing3_2,1171,0.4693386773547094,5.465035248695215,4.928249873859125
Bearing3_2,1172,0.46973947895791585,5.496731465108072,10.708526781384725
Bearing3_2,1173,0.4701402805611222,5.528846533447908,7.9094878872717125
Bearing3_2,1174,0.47054108216432866,5.562287846112176,0.5042689767785437
Bearing3_2,1175,0.4709418837675351,5.590072699689652,1.3375731691842863
Bearing3_2,1176,0.4713426853707415,5.640003189890402,0.8353308308806534
Bearing3_2,1177,0.4717434869739479,5.727547547319657,0.554326130023579
Bearing3_2,1178,0.4721442885771543,5.794667743318858,1.346797901596873
Bearing3_2,1179,0.4725450901803607,5.891816353292877,0.5184208935430825
Bearing3_2,1180,0.4729458917835671,5.930651183452095,3.3130079546721682
Bearing3_2,1181,0.47334669338677354,5.973200214520535,4.577411191910578
Bearing3_2,1182,0.47374749498998,5.982346991553222,7.970085921054824
Bearing3_2,1183,0.47414829659318636,5.932621107246648,12.845508295391383
Bearing3_2,1184,0.4745490981963928,5.832772075596675,4.565504176854421
Bearing3_2,1185,0.4749498997995992,5.796646397902714,4.185567860373053
Bearing3_2,1186,0.4753507014028056,5.6863853760604774,6.989670333332336
Bearing3_2,1187,0.47575150300601204,5.783392036201263,17.165633116113263
Bearing3_2,1188,0.4761523046092184,5.680188961843975,18.313988884222542
Bearing3_2,1189,0.47655310621242486,5.533640722686772,3.702655730042719
Bearing3_2,1190,0.47695390781563124,5.292439623214717,11.300667296979412
Bearing3_2,1191,0.4773547094188377,5.293089386721788,15.840258869700856
Bearing3_2,1192,0.4777555110220441,5.16894994433361,2.6958560853306173
Bearing3_2,1193,0.4781563126252505,5.002219344568234,16.406359465393393
Bearing3_2,1194,0.4785571142284569,4.900074215511664,0.9965130218825047
Bearing3_2,1195,0.4789579158316633,4.586174723810062,13.688000317862189
Bearing3_2,1196,0.47935871743486974,4.369317230791157,1.3905887585302634
Bearing3_2,1197,0.4797595190380762,3.9753260298866993,2.3210512779213524
Bearing3_2,1198,0.48016032064128256,3.736599328170519,4.893936992365753
Bearing3_2,1199,0.480561122244489,3.5113075768638184,2.4691009327802647
Bearing3_2,1200,0.48096192384769537,3.400080153088804,1.3847734612415339
Bearing3_2,1201,0.4813627254509018,3.134092036105206,2.9695535873354135
Bearing3_2,1202,0.48176352705410824,2.8120054275269273,7.228143449838655
Bearing3_2,1203,0.4821643286573146,2.746229560815121,5.541386810513548
Bearing3_2,1204,0.48256513026052106,2.720891426839031,4.636998816988709
Bearing3_2,1205,0.48296593186372744,2.7937984531044444,5.172536365100611
Bearing3_2,1206,0.4833667334669339,2.8495544655275884,0.2639290073599623
Bearing3_2,1207,0.48376753507014025,2.824669526398054,4.659234217010156
Bearing3_2,1208,0.4841683366733467,2.8257403989422314,2.650104650998852
Bearing3_2,1209,0.4845691382765531,2.941691031100257,7.41572315570505
Bearing3_2,1210,0.4849699398797595,3.078131582459137,0.493445427462695
Bearing3_2,1211,0.48537074148296594,3.1924975098567643,1.062409506471956
Bearing3_2,1212,0.4857715430861723,3.365239731235453,2.4311800591035686
Bearing3_2,1213,0.48617234468937875,3.4433280866455602,2.5997168719455432
Bearing3_2,1214,0.4865731462925852,3.457702752174445,1.0144445721399773
Bearing3_2,1215,0.48697394789579157,3.4972464839315265,3.2786156076315978
Bearing3_2,1216,0.487374749498998,3.5560079180990014,1.570779770635088
Bearing3_2,1217,0.4877755511022044,3.673392989533935,0.9005389344866376
Bearing3_2,1218,0.4881763527054108,3.819812868896977,0.5791970839562051
Bearing3_2,1219,0.48857715430861726,3.895888435294406,1.3447251752407572
Bearing3_2,1220,0.48897795591182364,4.097218918237847,10.680495095993098
Bearing3_2,1221,0.48937875751503007,4.1587807766469185,10.986120444989975
Bearing3_2,1222,0.48977955911823645,4.209616128525195,3.325219160425132
Bearing3_2,1223,0.4901803607214429,4.325743903306158,2.8261165657041225
Bearing3_2,1224,0.4905811623246493,4.472388573367543,1.568430516991742
Bearing3_2,1225,0.4909819639278557,4.9113582260683,21.43256557937006
Bearing3_2,1226,0.49138276553106214,5.198180389599212,11.641123335228828
Bearing3_2,1227,0.4917835671342685,5.456568907910763,2.3094270918557642
Bearing3_2,1228,0.49218436873747495,5.674891543754326,3.8860955372405033
Bearing3_2,1229,0.4925851703406814,5.937203264965592,4.939153315956298
Bearing3_2,1230,0.49298597194388777,6.067957282044288,0.5374675782703597
Bearing3_2,1231,0.4933867735470942,6.377707423755631,4.073892278042259
Bearing3_2,1232,0.4937875751503006,6.684238362235876,3.5590971603029433
Bearing3_2,1233,0.494188376753507,6.980956133798822,2.131254013330559
Bearing3_2,1234,0.4945891783567134,7.242217310543316,1.5335028455928879
Bearing3_2,1235,0.49498997995991983,7.242782777400926,0.5528780199578149
Bearing3_2,1236,0.49539078156312627,7.365516766296592,1.0425744145717597
Bearing3_2,1237,0.49579158316633265,7.492204190440846,1.6509593328653696
Bearing3_2,1238,0.4961923847695391,7.668946789308643,0.7877451736429015
Bearing3_2,1239,0.49659318637274547,7.765991458705028,1.5934097213707208
Bearing3_2,1240,0.4969939879759519,7.832367631659343,2.788290324386054
Bearing3_2,1241,0.49739478957915834,7.821578768218215,2.147815744175624
Bearing3_2,1242,0.4977955911823647,7.833529153714575,1.4966955576622945
Bearing3_2,1243,0.49819639278557115,7.8767841007055,4.917584401169425
Bearing3_2,1244,0.49859719438877753,7.736238798557837,16.84451027647602
Bearing3_2,1245,0.49899799599198397,7.576937651522135,1.9273759664569945
Bearing3_2,1246,0.4993987975951904,7.427285223442622,0.3954699618095416
Bearing3_2,1247,0.4997995991983968,7.323109918320472,2.29020582858427
Bearing3_2,1248,0.5002004008016032,7.188828581687844,2.0216413309710135
Bearing3_2,1249,0.5006012024048097,7.1309939500617165,4.847218940826792
Bearing3_2,1250,0.501002004008016,7.106580316028119,0.3944242528850052
Bearing3_2,1251,0.5014028056112224,7.075840753854405,2.886439460710909
Bearing3_2,1252,0.5018036072144288,7.049125187689515,1.2925725988267296
Bearing3_2,1253,0.5022044088176353,6.949318687808033,1.4118672609208518
Bearing3_2,1254,0.5026052104208417,7.025546319303116,2.0032380074313103
Bearing3_2,1255,0.503006012024048,7.133584624929652,0.7126314866423115
Bearing3_2,1256,0.5034068136272545,7.235342185075557,0.8185138276460638
Bearing3_2,1257,0.5038076152304609,7.27056707297867,3.377919344178529
Bearing3_2,1258,0.5042084168336673,7.122523524140479,17.537164455658864
Bearing3_2,1259,0.5046092184368738,7.050517701455959,11.243698189851736
Bearing3_2,1260,0.5050100200400801,7.005676665686975,2.2136476096037105
Bearing3_2,1261,0.5054108216432865,6.98637363706639,0.8376468670708017
Bearing3_2,1262,0.505811623246493,6.912016017796733,6.098183955906021
Bearing3_2,1263,0.5062124248496994,6.806676965451956,4.012858038217801
Bearing3_2,1264,0.5066132264529059,6.74586903833228,1.774238914449357
Bearing3_2,1265,0.5070140280561122,6.621566302277245,4.895654900781283
Bearing3_2,1266,0.5074148296593186,6.388852090762926,9.901920716454537
Bearing3_2,1267,0.507815631262525,6.125623446134982,6.0568695615766135
Bearing3_2,1268,0.5082164328657315,6.299936182594526,19.384741845916302
Bearing3_2,1269,0.5086172344689379,6.056846103618386,24.14598248254642
Bearing3_2,1270,0.5090180360721442,5.7099249200880235,6.686491326933651
Bearing3_2,1271,0.5094188376753507,5.4132246305696885,3.5247864149801957
Bearing3_2,1272,0.5098196392785571,5.080924319526729,8.979178744931401
Bearing3_2,1273,0.5102204408817635,4.828205644048879,2.708987339771182
Bearing3_2,1274,0.51062124248497,4.478753337348291,6.416975378924626
Bearing3_2,1275,0.5110220440881763,4.2561814255031445,5.993318058289261
Bearing3_2,1276,0.5114228456913827,4.2916340636301475,11.83313175003215
Bearing3_2,1277,0.5118236472945892,4.445735551507355,3.9913912323867393
Bearing3_2,1278,0.5122244488977956,4.348345854101219,2.0104847526549396
Bearing3_2,1279,0.512625250501002,4.5505584945391915,1.2064728533300977
Bearing3_2,1280,0.5130260521042084,4.80791235163438,2.2082945796379363
Bearing3_2,1281,0.5134268537074148,5.024995890642176,0.2794659904547352
Bearing3_2,1282,0.5138276553106212,5.334047898142824,1.365485976680707
Bearing3_2,1283,0.5142284569138277,5.604986133039182,0.6684749707024199
Bearing3_2,1284,0.5146292585170341,5.927914674562713,2.283251097884892
Bearing3_2,1285,0.5150300601202404,6.1328740067644505,4.076885480320101
Bearing3_2,1286,0.5154308617234469,6.229263450102809,2.7084152732781717
Bearing3_2,1287,0.5158316633266533,6.225490170866591,4.688521543494357
Bearing3_2,1288,0.5162324649298597,6.210452199933182,2.849756925144736
Bearing3_2,1289,0.5166332665330662,6.179022779894284,0.30661159227167645
Bearing3_2,1290,0.5170340681362725,6.193165015178989,1.8968159095152302
Bearing3_2,1291,0.5174348697394789,6.1876567385055266,1.6091080120497112
Bearing3_2,1292,0.5178356713426854,6.183652618569639,1.1697076479607902
Bearing3_2,1293,0.5182364729458918,6.127026041072356,5.067541442778184
Bearing3_2,1294,0.5186372745490982,6.119528806097206,2.0773385621093743
Bearing3_2,1295,0.5190380761523046,6.1346507865273585,2.285224492307009
Bearing3_2,1296,0.519438877755511,6.112195216387216,0.6638554483245372
Bearing3_2,1297,0.5198396793587174,6.140987366988699,0.29572120751744074
Bearing3_2,1298,0.5202404809619239,6.191967538728915,1.0174328612253845
Bearing3_2,1299,0.5206412825651303,6.226365067785652,1.5914487167382212
Bearing3_2,1300,0.5210420841683366,6.24249585501435,0.3521827071006739
Bearing3_2,1301,0.5214428857715431,6.258140096530615,1.769122038146026
Bearing3_2,1302,0.5218436873747495,6.312614377511779,2.189722712236028
Bearing3_2,1303,0.522244488977956,6.39129614763317,3.0182369158481217
Bearing3_2,1304,0.5226452905811623,6.411158198654905,2.9099698073644054
Bearing3_2,1305,0.5230460921843687,6.506519759119439,4.156509958613831
Bearing3_2,1306,0.5234468937875751,6.6346408931398315,2.2339006432864217
Bearing3_2,1307,0.5238476953907816,6.740276434630834,2.0927696178433477
Bearing3_2,1308,0.524248496993988,6.83202251660561,2.068613586814188
Bearing3_2,1309,0.5246492985971943,6.930211135557141,1.0040871352542065
Bearing3_2,1310,0.5250501002004008,6.975399663723875,4.077310578274205
Bearing3_2,1311,0.5254509018036072,7.03650600151141,0.4097348018936725
Bearing3_2,1312,0.5258517034068136,7.037606200779733,2.7601994670681527
Bearing3_2,1313,0.5262525050100201,7.151501860606142,6.636290890044035
Bearing3_2,1314,0.5266533066132264,7.215707148884926,7.085660014773756
Bearing3_2,1315,0.5270541082164328,7.253194190662978,2.0341144312424353
Bearing3_2,1316,0.5274549098196393,7.233374046314678,2.5256959964317405
Bearing3_2,1317,0.5278557114228457,7.237191032933902,0.4003915921178722
Bearing3_2,1318,0.5282565130260521,7.285756544845455,1.7909929006505494
Bearing3_2,1319,0.5286573146292585,7.329699503751978,1.5393319211821397
Bearing3_2,1320,0.5290581162324649,7.422221860153689,0.40389616694087976
Bearing3_2,1321,0.5294589178356713,7.433215311119123,6.988070341535232
Bearing3_2,1322,0.5298597194388778,7.309733278151462,14.110852729406567
Bearing3_2,1323,0.5302605210420842,7.133994875324556,2.309900467265962
Bearing3_2,1324,0.5306613226452905,7.029572417901244,1.060602626549952
Bearing3_2,1325,0.531062124248497,6.9174794140945295,1.441595172596178
Bearing3_2,1326,0.5314629258517034,6.804779018772683,2.6613708148679183
Bearing3_2,1327,0.5318637274549098,6.547536086962651,12.354696606094837
Bearing3_2,1328,0.5322645290581163,6.187535617804857,6.930527886212172
Bearing3_2,1329,0.5326653306613226,5.927122420896298,7.031241495370705
Bearing3_2,1330,0.533066132264529,5.611332631047139,4.753304335529174
Bearing3_2,1331,0.5334669338677355,5.394826849946561,1.51615190651092
Bearing3_2,1332,0.5338677354709419,5.284029606616325,5.4110573318289
Bearing3_2,1333,0.5342685370741483,5.129838576274868,1.5472829618603825
Bearing3_2,1334,0.5346693386773547,4.931049566176551,5.027486534648474
Bearing3_2,1335,0.5350701402805611,4.790231001943267,6.24996656892974
Bearing3_2,1336,0.5354709418837675,4.675857244875013,0.5277303785251621
Bearing3_2,1337,0.535871743486974,4.793316803017167,7.227190717740513
Bearing3_2,1338,0.5362725450901804,5.0640542003351365,5.836800409461185
Bearing3_2,1339,0.5366733466933867,5.249999164090839,0.41088109775244946
Bearing3_2,1340,0.5370741482965932,5.490251453567775,0.38147724316072934
Bearing3_2,1341,0.5374749498997996,5.691756420047751,2.097847936266922
Bearing3_2,1342,0.537875751503006,5.969049387557431,1.0588223419522123
Bearing3_2,1343,0.5382765531062125,6.197400522335608,5.701792717110769
Bearing3_2,1344,0.5386773547094188,6.494112809546044,0.9804044796352446
Bearing3_2,1345,0.5390781563126252,6.7005050758821385,1.4869209749311834
Bearing3_2,1346,0.5394789579158317,6.933661443836487,1.9439844794387169
Bearing3_2,1347,0.5398797595190381,7.064919087707087,1.3307649797896897
Bearing3_2,1348,0.5402805611222445,7.107172802707643,1.643051229216662
Bearing3_2,1349,0.5406813627254509,7.165434130900505,1.4432925737737206
Bearing3_2,1350,0.5410821643286573,7.195151359451357,2.6486469281652814
Bearing3_2,1351,0.5414829659318637,7.2209424085924585,2.2242096916352256
Bearing3_2,1352,0.5418837675350702,7.239787541925639,0.6607168796357573
Bearing3_2,1353,0.5422845691382766,7.3232653471788804,0.29832827025292685
Bearing3_2,1354,0.5426853707414829,7.394335274004055,0.4000924748262973
Bearing3_2,1355,0.5430861723446894,7.41475690264496,5.628139262944233
Bearing3_2,1356,0.5434869739478958,7.444415896027232,2.760073433001358
Bearing3_2,1357,0.5438877755511022,7.474832349974579,1.1699081275738186
Bearing3_2,1358,0.5442885771543087,7.502774654007648,1.6520375649876509
Bearing3_2,1359,0.544689378757515,7.5192474924115515,0.5440391867683882
Bearing3_2,1360,0.5450901803607214,7.546535295290153,1.6100828535138083
Bearing3_2,1361,0.5454909819639279,7.566040369754708,2.899234909129438
Bearing3_2,1362,0.5458917835671343,7.582397518348347,0.5563573078610652
Bearing3_2,1363,0.5462925851703406,7.549407658911184,4.248671622297691
Bearing3_2,1364,0.5466933867735471,7.501362382525372,1.3278346877367144
Bearing3_2,1365,0.5470941883767535,7.493788674951865,2.2386215803646614
Bearing3_2,1366,0.5474949899799599,7.403498452343823,4.208555619688145
Bearing3_2,1367,0.5478957915831664,7.324957289670832,0.35030146173883436
Bearing3_2,1368,0.5482965931863727,7.19355984640803,6.140137065251895
Bearing3_2,1369,0.5486973947895791,7.02921818494633,2.440529650689107
Bearing3_2,1370,0.5490981963927856,6.867320785787835,1.487195579664852
Bearing3_2,1371,0.549498997995992,6.731254067214695,0.8949210727677979
Bearing3_2,1372,0.5498997995991984,6.611359239947745,1.8466383296512872
Bearing3_2,1373,0.5503006012024048,6.588536714169132,3.83944327975675
Bearing3_2,1374,0.5507014028056112,6.607838408166049,2.0594885067611934
Bearing3_2,1375,0.5511022044088176,6.626466580390608,2.423443276338877
Bearing3_2,1376,0.5515030060120241,6.6986421217619085,0.2392051287747737
Bearing3_2,1377,0.5519038076152305,6.7852522453341475,0.9375196794718703
Bearing3_2,1378,0.5523046092184368,6.941835141919586,0.4188612971597048
Bearing3_2,1379,0.5527054108216433,7.115750488973404,1.0449260180027915
Bearing3_2,1380,0.5531062124248497,7.275788818360832,2.5584174308105014
Bearing3_2,1381,0.5535070140280561,7.426410456205623,1.4385960958491215
Bearing3_2,1382,0.5539078156312626,7.574941062882274,1.5507720761485015
Bearing3_2,1383,0.5543086172344689,7.655209933469052,1.791233967505427
Bearing3_2,1384,0.5547094188376753,7.67822456644029,2.575234861279216
Bearing3_2,1385,0.5551102204408818,7.757236697817651,2.590732138302522
Bearing3_2,1386,0.5555110220440882,7.794210699998969,3.19409865775855
Bearing3_2,1387,0.5559118236472946,7.759787499218456,4.977244228814635
Bearing3_2,1388,0.556312625250501,7.694695208223803,2.7148096864229694
Bearing3_2,1389,0.5567134268537074,7.6130780186833125,2.371048992218785
Bearing3_2,1390,0.5571142284569138,7.517879260486351,3.6138636619005853
Bearing3_2,1391,0.5575150300601203,7.467513302459951,2.325667329021971
Bearing3_2,1392,0.5579158316633267,7.388001629185512,1.0607803559458386
Bearing3_2,1393,0.558316633266533,7.313263223306042,1.457629696531329
Bearing3_2,1394,0.5587174348697395,7.2125159189955195,4.86846572108362
Bearing3_2,1395,0.5591182364729459,7.150100691707176,5.79579789604283
Bearing3_2,1396,0.5595190380761523,7.106742418539781,1.7888148610826882
Bearing3_2,1397,0.5599198396793588,7.091662943716398,2.6904693038689893
Bearing3_2,1398,0.5603206412825651,7.095581038001879,1.2333569878627058
Bearing3_2,1399,0.5607214428857715,7.073291601881489,4.638617607087301
Bearing3_2,1400,0.561122244488978,7.209586404526564,9.751848748866227
Bearing3_2,1401,0.5615230460921844,7.125360393618128,16.372621641031905
Bearing3_2,1402,0.5619238476953908,7.020583686022782,2.736825060870182
Bearing3_2,1403,0.5623246492985972,6.948011632207333,1.3930301879360192
Bearing3_2,1404,0.5627254509018036,6.893739583981239,3.3816202597839817
Bearing3_2,1405,0.56312625250501,6.668116030956,8.755377275502353
Bearing3_2,1406,0.5635270541082165,6.465453914062455,0.45149867322442566
Bearing3_2,1407,0.5639278557114229,6.234358841533732,5.049047759221101
Bearing3_2,1408,0.5643286573146292,5.886211313744064,11.187183659832773
Bearing3_2,1409,0.5647294589178357,5.592431737028301,0.43322963471055104
Bearing3_2,1410,0.5651302605210421,5.216016815794918,2.7546080404607807
Bearing3_2,1411,0.5655310621242485,5.0304559049051445,0.4049797928939857
Bearing3_2,1412,0.565931863727455,5.005030155689243,10.760005930009651
Bearing3_2,1413,0.5663326653306613,5.013363680745124,3.963978609241843
Bearing3_2,1414,0.5667334669338677,5.0757819949254905,1.1212842914129786
Bearing3_2,1415,0.5671342685370742,5.066206223787551,15.081807217436962
Bearing3_2,1416,0.5675350701402806,5.249658269215552,16.353913913178335
Bearing3_2,1417,0.5679358717434869,5.474882557112251,1.8369345609763497
Bearing3_2,1418,0.5683366733466934,5.847424884229867,1.1504776263897392
Bearing3_2,1419,0.5687374749498998,6.221174419874708,0.23441359125742267
Bearing3_2,1420,0.5691382765531062,6.547882760891291,1.3857955120764134
Bearing3_2,1421,0.5695390781563127,6.879310052115583,0.30188438019222974
Bearing3_2,1422,0.569939879759519,7.0532607074071505,2.4448827391859567
Bearing3_2,1423,0.5703406813627254,7.1847939629624324,0.5537252786314153
Bearing3_2,1424,0.5707414829659319,7.296640569154183,0.3836327194263784
Bearing3_2,1425,0.5711422845691383,7.578101784735165,0.5377144661901867
Bearing3_2,1426,0.5715430861723447,7.656510135833751,0.5677532440955176
Bearing3_2,1427,0.571943887775551,7.371630716006185,32.17364845552728
Bearing3_2,1428,0.5723446893787575,7.080637551175151,1.0970389684517505
Bearing3_2,1429,0.5727454909819639,6.846585686723685,4.966078037730754
Bearing3_2,1430,0.5731462925851704,6.707575691350243,6.795937601601615
Bearing3_2,1431,0.5735470941883768,6.641697867829711,6.261487364337144
Bearing3_2,1432,0.5739478957915831,6.600702832319753,0.6923258497579933
Bearing3_2,1433,0.5743486973947896,6.545983612692021,0.8986657264667696
Bearing3_2,1434,0.574749498997996,6.606126012453363,9.290672581865534
Bearing3_2,1435,0.5751503006012024,6.596884638624909,6.622901799809197
Bearing3_2,1436,0.5755511022044089,6.56812389816898,2.295290341902653
Bearing3_2,1437,0.5759519038076152,6.897120337500844,1.988449939055052
Bearing3_2,1438,0.5763527054108216,7.248990828614663,2.7695479905683795
Bearing3_2,1439,0.576753507014028,7.519287065613011,1.9763273843829692
Bearing3_2,1440,0.5771543086172345,7.676493520624559,2.6889385240000907
Bearing3_2,1441,0.5775551102204409,7.783206473138257,2.1187986432753134
Bearing3_2,1442,0.5779559118236473,7.87339285713046,1.7227558139087777
Bearing3_2,1443,0.5783567134268537,7.977203498747589,0.678603516905868
Bearing3_2,1444,0.5787575150300601,7.9044625213258914,5.474464429982095
Bearing3_2,1445,0.5791583166332666,7.900248287944651,0.5686584998015497
Bearing3_2,1446,0.579559118236473,7.921102600890789,0.2987500037382986
Bearing3_2,1447,0.5799599198396793,7.951678025746029,1.2201461610664106
Bearing3_2,1448,0.5803607214428858,7.906296299909902,3.5104253671116026
Bearing3_2,1449,0.5807615230460922,7.889345702862068,0.5516371718468093
Bearing3_2,1450,0.5811623246492986,7.83423843136288,5.839209155456399
Bearing3_2,1451,0.5815631262525051,7.664888155931415,7.5195675365295855
Bearing3_2,1452,0.5819639278557114,7.533740153999636,1.6892478415063934
Bearing3_2,1453,0.5823647294589178,7.391330693143504,0.5253255310413362
Bearing3_2,1454,0.5827655310621243,7.233634991993847,6.8801108416213195
Bearing3_2,1455,0.5831663326653307,7.04704538697685,3.0625387447946864
Bearing3_2,1456,0.5835671342685371,6.846026082539001,1.3278143941157898
Bearing3_2,1457,0.5839679358717434,6.565134674284574,8.095250139171515
Bearing3_2,1458,0.5843687374749499,6.421113679243618,7.916935432533964
Bearing3_2,1459,0.5847695390781563,6.2629365545345,0.9854171108121421
Bearing3_2,1460,0.5851703406813628,6.252471992938257,6.421078108224385
Bearing3_2,1461,0.5855711422845692,6.299743373385464,2.960754914153711
Bearing3_2,1462,0.5859719438877755,6.43507306573926,8.809455716542121
Bearing3_2,1463,0.586372745490982,6.493571978706309,7.0086989140135785
Bearing3_2,1464,0.5867735470941884,6.652251248252772,1.550275630095568
Bearing3_2,1465,0.5871743486973948,6.818955161141162,2.4484069934808343
Bearing3_2,1466,0.5875751503006013,7.005696645487757,0.47029126045602115
Bearing3_2,1467,0.5879759519038076,7.2759718366162485,0.8575196089782396
Bearing3_2,1468,0.588376753507014,7.427278753270977,2.064875715456946
Bearing3_2,1469,0.5887775551102205,7.6080807578093665,1.7215390511215536
Bearing3_2,1470,0.5891783567134269,7.67890971562255,2.724798206642038
Bearing3_2,1471,0.5895791583166332,7.786125222369091,0.498792743172051
Bearing3_2,1472,0.5899799599198396,7.768617328477815,1.5107007195049895
Bearing3_2,1473,0.5903807615230461,7.837103376801056,0.5653090910722167
Bearing3_2,1474,0.5907815631262525,7.833325088510065,4.427034606391337
Bearing3_2,1475,0.591182364729459,7.861484671246172,0.5907671715007495
Bearing3_2,1476,0.5915831663326653,7.86755788879408,1.4513369651082162
Bearing3_2,1477,0.5919839679358717,7.852897427232295,2.511284748553492
Bearing3_2,1478,0.5923847695390781,7.840127151623241,1.8742141562318293
Bearing3_2,1479,0.5927855711422846,7.750900939766522,4.7292455002633895
Bearing3_2,1480,0.593186372745491,7.6313244187354865,5.26209061892126
Bearing3_2,1481,0.5935871743486973,7.463527750661744,3.5856230590219673
Bearing3_2,1482,0.5939879759519038,7.353631848041397,3.3212260166783656
Bearing3_2,1483,0.5943887775551102,7.116988808683452,10.444652459992728
Bearing3_2,1484,0.5947895791583167,6.895079080663768,3.2179047840395585
Bearing3_2,1485,0.5951903807615231,6.651363324261604,1.6421849052202455
Bearing3_2,1486,0.5955911823647294,6.420594594823903,0.496852940032991
Bearing3_2,1487,0.5959919839679358,6.0824956783507975,11.753006553344239
Bearing3_2,1488,0.5963927855711423,5.756792067257209,1.0664096995817804
Bearing3_2,1489,0.5967935871743487,5.496001101512919,0.7579184640762322
Bearing3_2,1490,0.5971943887775552,5.399786224977293,8.415376668829895
Bearing3_2,1491,0.5975951903807615,5.367232589627154,1.6495812891960608
Bearing3_2,1492,0.5979959919839679,5.358301475659583,5.079900471538304
Bearing3_2,1493,0.5983967935871743,5.4654568489147985,0.8366946156110495
Bearing3_2,1494,0.5987975951903808,5.64709274667861,2.8197289883053203
Bearing3_2,1495,0.5991983967935872,5.815262393963408,2.8702906516473936
Bearing3_2,1496,0.5995991983967935,5.899479709110307,7.625106327892792
Bearing3_2,1497,0.6,6.222601920156618,8.380662187259281
Bearing3_2,1498,0.6004008016032064,6.569421494603366,0.9887394969830863
Bearing3_2,1499,0.6008016032064128,6.88933319215171,1.787007340309497
Bearing3_2,1500,0.6012024048096193,7.077952335385213,2.514009861418067
Bearing3_2,1501,0.6016032064128256,7.267570041912246,1.7828844241973445
Bearing3_2,1502,0.602004008016032,7.359430637416899,2.9938200583858157
Bearing3_2,1503,0.6024048096192385,7.481497094681489,2.075702255411668
Bearing3_2,1504,0.6028056112224449,7.53798528303682,2.4472442758103883
Bearing3_2,1505,0.6032064128256514,7.625291779074732,0.2938354761972916
Bearing3_2,1506,0.6036072144288577,7.784674219042285,1.390930866255639
Bearing3_2,1507,0.6040080160320641,7.832340425398035,0.8409345938733772
Bearing3_2,1508,0.6044088176352705,7.852798233773602,1.7723584434493687
Bearing3_2,1509,0.604809619238477,7.901031835085786,1.5911527502983163
Bearing3_2,1510,0.6052104208416834,7.9451868653765985,2.7124590442687184
Bearing3_2,1511,0.6056112224448897,7.965383636322954,0.3250694682686807
Bearing3_2,1512,0.6060120240480962,7.9916345625610505,2.363166522617561
Bearing3_2,1513,0.6064128256513026,7.980065245328364,1.0969601437557384
Bearing3_2,1514,0.606813627254509,7.9791126170427065,1.5642070940517474
Bearing3_2,1515,0.6072144288577155,7.964769265259038,1.0704367016329315
Bearing3_2,1516,0.6076152304609218,7.926300055450712,3.3095599616685543
Bearing3_2,1517,0.6080160320641282,7.872189143595479,2.142659455524287
Bearing3_2,1518,0.6084168336673347,7.787772885228039,3.700223486170645
Bearing3_2,1519,0.6088176352705411,7.65212191987302,3.481923296948651
Bearing3_2,1520,0.6092184368737475,7.4969743610096105,4.440389945130321
Bearing3_2,1521,0.6096192384769539,7.327266506544395,1.4598330497210803
Bearing3_2,1522,0.6100200400801603,7.137125560483122,4.175618432076396
Bearing3_2,1523,0.6104208416833667,6.908064122091657,4.550625321226658
Bearing3_2,1524,0.6108216432865732,6.676425740410892,1.9317324728268417
Bearing3_2,1525,0.6112224448897795,6.567816975873834,9.30950164421053
Bearing3_2,1526,0.6116232464929859,6.501388928471163,0.8606477104309639
Bearing3_2,1527,0.6120240480961924,6.514299930863463,4.332957224892199
Bearing3_2,1528,0.6124248496993988,6.594451827459158,1.7182229666539492
Bearing3_2,1529,0.6128256513026052,6.698843012049757,1.5930533013021668
Bearing3_2,1530,0.6132264529058116,6.852655013574608,0.4709192946193707
Bearing3_2,1531,0.613627254509018,7.018885884056905,0.6843088548117456
Bearing3_2,1532,0.6140280561122244,7.257719091161244,2.004431058724612
Bearing3_2,1533,0.6144288577154309,7.512230160073983,3.165056990896068
Bearing3_2,1534,0.6148296593186373,7.785517492468746,0.3226205622657422
Bearing3_2,1535,0.6152304609218436,7.883955084072381,5.4337951591810265
Bearing3_2,1536,0.6156312625250501,7.9828350825975445,0.3673939775796076
Bearing3_2,1537,0.6160320641282565,7.924827974513127,8.62530413729254
Bearing3_2,1538,0.6164328657314629,7.84915105957523,0.5670410448095967
Bearing3_2,1539,0.6168336673346694,7.74066418241012,4.159128476564286
Bearing3_2,1540,0.6172344689378757,7.627355941995925,0.7620657859377596
Bearing3_2,1541,0.6176352705410821,7.646193066614645,10.703120560770422
Bearing3_2,1542,0.6180360721442886,7.499443277397006,12.081368447990867
Bearing3_2,1543,0.618436873747495,7.3838873467431885,0.5814354703441841
Bearing3_2,1544,0.6188376753507014,7.008436703013217,22.227661956980086
Bearing3_2,1545,0.6192384769539078,6.7365949085388905,3.257564714220958
Bearing3_2,1546,0.6196392785571142,6.441095253587333,1.8948655857358487
Bearing3_2,1547,0.6200400801603206,6.125071206528647,10.62423946985372
Bearing3_2,1548,0.6204408817635271,5.8803320515520126,6.373888817445849
Bearing3_2,1549,0.6208416833667335,5.592583810402575,8.038603166573886
Bearing3_2,1550,0.6212424849699398,5.240226380988322,6.38859848836022
Bearing3_2,1551,0.6216432865731463,4.840611162032394,6.842926519575654
Bearing3_2,1552,0.6220440881763527,4.735011710303404,12.667809660361687
Bearing3_2,1553,0.6224448897795591,4.6941187858530755,4.830350028646048
Bearing3_2,1554,0.6228456913827656,4.947018011120647,2.3980237003858353
Bearing3_2,1555,0.6232464929859719,5.098203234194688,5.649887188829366
Bearing3_2,1556,0.6236472945891783,5.328698444112322,4.567167399301985
Bearing3_2,1557,0.6240480961923848,5.677129971818529,0.761878924412457
Bearing3_2,1558,0.6244488977955912,6.018242846434236,5.770503499688333
Bearing3_2,1559,0.6248496993987976,6.379696997299424,6.520973991268189
Bearing3_2,1560,0.625250501002004,6.814505923596249,0.4004743687295382
Bearing3_2,1561,0.6256513026052104,7.171562464802332,0.3555739046678319
Bearing3_2,1562,0.6260521042084168,7.373768059361832,0.7248380996284345
Bearing3_2,1563,0.6264529058116233,7.498927390312171,1.547111213742242
Bearing3_2,1564,0.6268537074148297,7.61851186580927,2.2529693839753877
Bearing3_2,1565,0.627254509018036,7.744079517127567,4.9072098749186654
Bearing3_2,1566,0.6276553106212425,7.808224584339023,0.4125644269060089
Bearing3_2,1567,0.6280561122244489,7.864505869201747,1.1563801862484444
Bearing3_2,1568,0.6284569138276553,7.849897934327069,0.20626193318314628
Bearing3_2,1569,0.6288577154308618,7.865389632629848,3.5645956634881872
Bearing3_2,1570,0.6292585170340681,7.8868429050168185,0.6577754260912735
Bearing3_2,1571,0.6296593186372745,7.895631190387658,0.8626299165569031
Bearing3_2,1572,0.630060120240481,7.794032866707565,9.509369457972339
Bearing3_2,1573,0.6304609218436874,7.8035434389127545,7.9435965508534645
Bearing3_2,1574,0.6308617234468938,7.792179198692571,0.47356782576708817
Bearing3_2,1575,0.6312625250501002,7.812734941479533,2.13140504059365
Bearing3_2,1576,0.6316633266533066,7.832231839210499,0.420296216371868
Bearing3_2,1577,0.632064128256513,7.8596878312952185,0.5471558063040104
Bearing3_2,1578,0.6324649298597195,7.857439799163056,2.597285268924656
Bearing3_2,1579,0.6328657314629259,7.902616466964426,0.5960844740128435
Bearing3_2,1580,0.6332665330661322,7.941335328021165,0.27295224547847446
Bearing3_2,1581,0.6336673346693387,7.984744859963465,0.48837175521022697
Bearing3_2,1582,0.6340681362725451,8.084966296411437,4.690430852797764
Bearing3_2,1583,0.6344689378757515,8.037073907529996,4.581534001214199
Bearing3_2,1584,0.6348697394789579,7.971189546020296,1.0248204869016426
Bearing3_2,1585,0.6352705410821643,7.901659808662825,2.3853023770879465
Bearing3_2,1586,0.6356713426853707,7.847367071479359,0.988798028058174
Bearing3_2,1587,0.6360721442885772,7.740460525374135,4.905400965634569
Bearing3_2,1588,0.6364729458917836,7.729715832170642,5.578405792952944
Bearing3_2,1589,0.6368737474949899,7.718550962209323,0.6422016741596411
Bearing3_2,1590,0.6372745490981964,7.74352046667058,3.0775053970350807
Bearing3_2,1591,0.6376753507014028,7.76399309221201,1.001365760688223
Bearing3_2,1592,0.6380761523046092,7.78413306063612,4.942237946336831
Bearing3_2,1593,0.6384769539078157,7.84286729049083,1.3587493490020024
Bearing3_2,1594,0.638877755511022,7.755917516276474,13.319423729523203
Bearing3_2,1595,0.6392785571142284,7.8122338906675735,9.862105059434676
Bearing3_2,1596,0.6396793587174349,7.8748420633227125,1.494832069218764
Bearing3_2,1597,0.6400801603206413,7.975785736471946,1.714793024292105
Bearing3_2,1598,0.6404809619238477,8.022284868887326,0.9355140288733366
Bearing3_2,1599,0.6408817635270541,8.060315412784789,0.38255675698538477
Bearing3_2,1600,0.6412825651302605,8.009119926061587,4.386867762920948
Bearing3_2,1601,0.6416833667334669,7.95181153956904,1.305381291503125
Bearing3_2,1602,0.6420841683366734,7.93183598399843,1.6002014622515153
Bearing3_2,1603,0.6424849699398798,7.900768388185992,2.213448304884525
Bearing3_2,1604,0.6428857715430861,7.998838804451677,2.453617968100137
Bearing3_2,1605,0.6432865731462926,7.997531439162465,1.3337424812134475
Bearing3_2,1606,0.643687374749499,7.901145017579529,6.531415593276531
Bearing3_2,1607,0.6440881763527054,7.815205716194269,0.9074304345355559
Bearing3_2,1608,0.6444889779559119,7.761734987241418,3.658882603325505
Bearing3_2,1609,0.6448897795591182,7.70706269389174,0.7819713180642706
Bearing3_2,1610,0.6452905811623246,7.739255764678089,2.8617651946884544
Bearing3_2,1611,0.6456913827655311,7.775549594690174,1.046274475708963
Bearing3_2,1612,0.6460921843687375,7.8209392705270275,0.8235189822257787
Bearing3_2,1613,0.6464929859719439,7.862799052178168,2.6241149311063614
Bearing3_2,1614,0.6468937875751503,7.926534804935639,0.5751566774343907
Bearing3_2,1615,0.6472945891783567,8.005394991859768,2.685746017003064
Bearing3_2,1616,0.6476953907815631,8.10369466203631,4.868364039361935
Bearing3_2,1617,0.6480961923847696,8.161874931088517,4.111579881886854
Bearing3_2,1618,0.648496993987976,8.180906248665993,0.5431115012708079
Bearing3_2,1619,0.6488977955911823,8.178894416629445,2.1950716834776176
Bearing3_2,1620,0.6492985971943888,8.083486889779177,4.868631915158138
Bearing3_2,1621,0.6496993987975952,7.985357250608793,1.2493255041255864
Bearing3_2,1622,0.6501002004008016,7.852746197289702,3.733415305320731
Bearing3_2,1623,0.6505010020040081,7.736687473722858,1.189992296968731
Bearing3_2,1624,0.6509018036072144,7.670629407513706,3.631921566650446
Bearing3_2,1625,0.6513026052104208,7.562817467956933,1.0229244218561016
Bearing3_2,1626,0.6517034068136273,7.494546081279623,1.7370238315467115
Bearing3_2,1627,0.6521042084168337,7.523438218180357,3.9933701808524775
Bearing3_2,1628,0.6525050100200401,7.540251911179629,0.829747521721651
Bearing3_2,1629,0.6529058116232465,7.58329474461365,0.26157345201327675
Bearing3_2,1630,0.6533066132264529,7.682568959296209,0.5584093667663973
Bearing3_2,1631,0.6537074148296593,7.787932504600759,0.6904159530076641
Bearing3_2,1632,0.6541082164328658,7.933828845269801,0.39653927541946915
Bearing3_2,1633,0.6545090180360722,8.050200557742809,3.704715425758031
Bearing3_2,1634,0.6549098196392785,8.134544268220816,1.0638283510001765
Bearing3_2,1635,0.655310621242485,8.206435630142701,1.9375012015959758
Bearing3_2,1636,0.6557114228456914,8.264471320775527,2.7295706254323076
Bearing3_2,1637,0.6561122244488978,8.286338240976026,1.1507917502799452
Bearing3_2,1638,0.6565130260521042,8.305024860141561,0.8842972554052594
Bearing3_2,1639,0.6569138276553106,8.322942291421523,0.17583650839493695
Bearing3_2,1640,0.657314629258517,8.351052519515871,0.8297352387405651
Bearing3_2,1641,0.6577154308617235,8.343916539590476,3.6174050055604523
Bearing3_2,1642,0.6581162324649299,8.308472645491303,2.5957147562821574
Bearing3_2,1643,0.6585170340681362,8.290016876493908,2.122175929031285
Bearing3_2,1644,0.6589178356713427,8.238274870003227,1.7724663200658624
Bearing3_2,1645,0.6593186372745491,8.187086010886873,2.0262238441928417
Bearing3_2,1646,0.6597194388777555,8.164141304904984,0.38060672692946407
Bearing3_2,1647,0.660120240480962,8.092397497994773,3.1695839636816814
Bearing3_2,1648,0.6605210420841683,8.030113651979669,0.5914315739689666
Bearing3_2,1649,0.6609218436873747,8.002404924648488,2.8908741509255815
Bearing3_2,1650,0.6613226452905812,7.932325626633675,2.920254828066035
Bearing3_2,1651,0.6617234468937876,7.900182630105159,0.5528579399539527
Bearing3_2,1652,0.662124248496994,7.919316973034658,1.712545665987507
Bearing3_2,1653,0.6625250501002004,7.942271121591337,1.9637367947272473
Bearing3_2,1654,0.6629258517034068,7.979082938832347,0.7173477775494449
Bearing3_2,1655,0.6633266533066132,8.03986204640735,0.2651689208963201
Bearing3_2,1656,0.6637274549098197,8.076208945725215,2.385061203424538
Bearing3_2,1657,0.6641282565130261,8.157669230095593,0.8533339962582835
Bearing3_2,1658,0.6645290581162324,8.235975741195848,0.40590523541241125
Bearing3_2,1659,0.6649298597194389,8.240598489226404,3.3668345411954097
Bearing3_2,1660,0.6653306613226453,8.290705075502624,1.0452435597659953
Bearing3_2,1661,0.6657314629258517,8.32896384017167,1.4036749397706694
Bearing3_2,1662,0.6661322645290582,8.336703492084933,0.8367056168897612
Bearing3_2,1663,0.6665330661322645,8.3587267871271,0.6850625492120307
Bearing3_2,1664,0.6669338677354709,8.374847550809314,1.087463904056887
Bearing3_2,1665,0.6673346693386774,8.389023591722927,0.21218720320579398
Bearing3_2,1666,0.6677354709418838,8.409054768447197,1.8267648934883964
Bearing3_2,1667,0.6681362725450902,8.411965405992769,0.7302084325762602
Bearing3_2,1668,0.6685370741482966,8.397592215614806,1.7674733416587023
Bearing3_2,1669,0.668937875751503,8.411182244270275,0.9068495029344575
Bearing3_2,1670,0.6693386773547094,8.408981089244646,0.4357577926436265
Bearing3_2,1671,0.6697394789579159,8.41474913860883,0.6809222233092957
Bearing3_2,1672,0.6701402805611223,8.40910892866307,1.818224483335092
Bearing3_2,1673,0.6705410821643286,8.41727337767658,0.5985623251277323
Bearing3_2,1674,0.670941883767535,8.418631781717561,1.666256023467116
Bearing3_2,1675,0.6713426853707415,8.397531905183579,1.8907513211147222
Bearing3_2,1676,0.6717434869739479,8.40246800890693,0.5590693900848359
Bearing3_2,1677,0.6721442885771544,8.40519863952866,0.8258708526781384
Bearing3_2,1678,0.6725450901803607,8.416655028658052,1.063055911702669
Bearing3_2,1679,0.6729458917835671,8.437742939049189,0.22698425684973791
Bearing3_2,1680,0.6733466933867736,8.438565762278639,2.031672574602555
Bearing3_2,1681,0.67374749498998,8.416285979617236,2.6933272865463547
Bearing3_2,1682,0.6741482965931864,8.40447152059707,1.0002315608956023
Bearing3_2,1683,0.6745490981963927,8.380501726351204,0.47850937586648423
Bearing3_2,1684,0.6749498997995992,8.348252637208727,2.4176521177781947
Bearing3_2,1685,0.6753507014028056,8.314570638806398,2.0505952012208644
Bearing3_2,1686,0.675751503006012,8.290397074554985,1.1930985026725631
Bearing3_2,1687,0.6761523046092185,8.278344880267937,0.35489372123913276
Bearing3_2,1688,0.6765531062124248,8.24498604364602,2.880681412794893
Bearing3_2,1689,0.6769539078156313,8.18291601343655,2.575934884392582
Bearing3_2,1690,0.6773547094188377,8.132652079700396,1.2256329153132246
Bearing3_2,1691,0.6777555110220441,7.398823878942767,60.66503092961446
Bearing3_2,1692,0.6781563126252504,6.9513703230441335,23.001543596892642
Bearing3_2,1693,0.6785571142284569,6.936715135024248,36.04921566223212
Bearing3_2,1694,0.6789579158316633,6.954098256118532,0.3651395432098185
Bearing3_2,1695,0.6793587174348698,6.969553107263266,2.69524813117113
Bearing3_2,1696,0.6797595190380762,6.94449437344101,2.718734259092717
Bearing3_2,1697,0.6801603206412825,6.895316122615343,2.2026230466321777
Bearing3_2,1698,0.680561122244489,6.83216703402258,4.285902512862951
Bearing3_2,1699,0.6809619238476954,6.787452145911372,1.1273334993849964
Bearing3_2,1700,0.6813627254509018,6.724997320138594,2.7774392184691603
Bearing3_2,1701,0.6817635270541083,7.346284549852081,2.7845402768562577
Bearing3_2,1702,0.6821643286573146,7.668657412829778,2.193408033795928
Bearing3_2,1703,0.682565130260521,7.540166493761577,2.1674294219906804
Bearing3_2,1704,0.6829659318637274,7.380446616694523,2.4726516755908756
Bearing3_2,1705,0.6833667334669339,7.2071790762517365,3.55882757557024
Bearing3_2,1706,0.6837675350701403,7.036975233531703,2.2363025535356402
Bearing3_2,1707,0.6841683366733466,6.942844338603797,4.335794486714514
Bearing3_2,1708,0.6845691382765531,6.913091053587278,1.1925185323482455
Bearing3_2,1709,0.6849699398797595,6.909964231828306,1.078816792180932
Bearing3_2,1710,0.685370741482966,6.950481096109232,0.8570727754880402
Bearing3_2,1711,0.6857715430861724,7.045755312392838,1.7764092638029734
Bearing3_2,1712,0.6861723446893787,7.157669870601377,1.009056829401569
Bearing3_2,1713,0.6865731462925851,7.2570677890285555,3.2413127281163203
Bearing3_2,1714,0.6869739478957916,7.37533219591361,0.8705273393524925
Bearing3_2,1715,0.687374749498998,7.4793230308853165,4.7095807679704285
Bearing3_2,1716,0.6877755511022045,7.582246266052908,2.2004653006852406
Bearing3_2,1717,0.6881763527054108,7.61880710183203,1.2111043916677384
Bearing3_2,1718,0.6885771543086172,7.598754157567944,3.5263725216682467
Bearing3_2,1719,0.6889779559118236,7.765021118411397,16.877154381478203
Bearing3_2,1720,0.6893787575150301,7.735510360061819,15.675093574954168
Bearing3_2,1721,0.6897795591182365,7.774452782660833,8.034861450109522
Bearing3_2,1722,0.6901803607214428,7.757979816913208,5.807570759583823
Bearing3_2,1723,0.6905811623246493,7.767713821417845,1.0235736041086252
Bearing3_2,1724,0.6909819639278557,7.813277564862039,2.2774298193184164
Bearing3_2,1725,0.6913827655310621,7.910137343235664,0.3425826762116467
Bearing3_2,1726,0.6917835671342686,8.005603619886486,2.3147818307580375
Bearing3_2,1727,0.6921843687374749,8.11415691894403,0.21778808236817584
Bearing3_2,1728,0.6925851703406813,8.205331377482423,4.9220656599036925
Bearing3_2,1729,0.6929859719438878,8.12118806250292,2.3456430877577343
Bearing3_2,1730,0.6933867735470942,8.204460001023728,1.4167468086678967
Bearing3_2,1731,0.6937875751503007,8.201672759527556,0.6874075305141293
Bearing3_2,1732,0.694188376753507,8.23671840316679,2.1903385702268228
Bearing3_2,1733,0.6945891783567134,8.270853980169209,0.9267278522897826
Bearing3_2,1734,0.6949899799599198,8.245224130297235,2.753747590933579
Bearing3_2,1735,0.6953907815631263,8.201130169692414,1.7838680239609987
Bearing3_2,1736,0.6957915831663327,8.186638917144617,0.4747387676944353
Bearing3_2,1737,0.696192384769539,8.123822580663413,4.045362010427076
Bearing3_2,1738,0.6965931863727455,8.20888931666198,7.718028895552792
Bearing3_2,1739,0.6969939879759519,8.16908434755455,8.486212941177978
Bearing3_2,1740,0.6973947895791583,8.192865522195541,4.275930441157685
Bearing3_2,1741,0.6977955911823648,8.15626001016212,4.91975005094767
Bearing3_2,1742,0.6981963927855711,8.149421631402337,0.4388681905823073
Bearing3_2,1743,0.6985971943887775,8.138727782006306,1.3107326125324004
Bearing3_2,1744,0.698997995991984,8.209069124718887,4.189421939412219
Bearing3_2,1745,0.6993987975951904,8.249428536542183,4.355108459791074
Bearing3_2,1746,0.6997995991983968,8.27407876328518,1.1025197414208183
Bearing3_2,1747,0.7002004008016032,8.347343146087528,0.28122785058084615
Bearing3_2,1748,0.7006012024048096,8.230990877542077,8.337749937303393
Bearing3_2,1749,0.701002004008016,8.284941939842614,6.10680981288427
Bearing3_2,1750,0.7014028056112225,8.261077783018134,2.5164342014588335
Bearing3_2,1751,0.7018036072144288,8.329447967786463,3.186396908192086
Bearing3_2,1752,0.7022044088176352,8.366897150579458,2.2236551417413293
Bearing3_2,1753,0.7026052104208417,8.401600109634659,1.5330113127323886
Bearing3_2,1754,0.7030060120240481,8.398104948812271,0.9736700949356949
Bearing3_2,1755,0.7034068136272545,8.408063182882419,3.183160823314337
Bearing3_2,1756,0.7038076152304609,8.42012391533378,0.8443226672909981
Bearing3_2,1757,0.7042084168336673,8.428851071721422,0.3202321365935854
Bearing3_2,1758,0.7046092184368737,8.507384240223573,2.430863692234208
Bearing3_2,1759,0.7050100200400802,8.50317207171671,0.9297899460702365
Bearing3_2,1760,0.7054108216432866,8.517063165122094,0.99033126452329
Bearing3_2,1761,0.7058116232464929,8.479544681341586,1.2169876191822995
Bearing3_2,1762,0.7062124248496994,8.462972753335865,0.4593231457932178
Bearing3_2,1763,0.7066132264529058,8.452262853272165,0.9425659553360901
Bearing3_2,1764,0.7070140280561122,8.418103980770363,1.107140171671216
Bearing3_2,1765,0.7074148296593187,8.435799564792827,1.2987804174675526
Bearing3_2,1766,0.707815631262525,8.430979252163532,2.731558545814665
Bearing3_2,1767,0.7082164328657314,8.415721908318845,1.1926808813156418
Bearing3_2,1768,0.7086172344689379,8.432443307623966,0.583705845887252
Bearing3_2,1769,0.7090180360721443,8.438524012863724,1.877630961144338
Bearing3_2,1770,0.7094188376753507,8.438905143760156,1.449449017511045
Bearing3_2,1771,0.7098196392785571,8.447481439943108,0.49392286159707804
Bearing3_2,1772,0.7102204408817635,8.492217392422145,2.9650033302900023
Bearing3_2,1773,0.7106212424849699,8.475315062961243,6.3754623207272205
Bearing3_2,1774,0.7110220440881764,8.49575331319152,2.1671914525832072
Bearing3_2,1775,0.7114228456913828,8.478033621617916,1.9684081726470188
Bearing3_2,1776,0.7118236472945891,8.487300665600968,0.49481754325852323
Bearing3_2,1777,0.7122244488977956,8.496541585005872,1.0887167681276506
Bearing3_2,1778,0.712625250501002,8.473607235067586,2.4499696022920254
Bearing3_2,1779,0.7130260521042084,8.490260724009588,1.5580069656251696
Bearing3_2,1780,0.7134268537074149,8.504692808528103,1.5599246059940093
Bearing3_2,1781,0.7138276553106212,8.51857990222798,0.5916533084797002
Bearing3_2,1782,0.7142284569138276,8.473885744217712,2.2925284869033513
Bearing3_2,1783,0.7146292585170341,8.426111075920641,6.407556148176757
Bearing3_2,1784,0.7150300601202405,8.24724649347474,9.003798538602952
Bearing3_2,1785,0.7154308617234469,8.206133487265967,9.703203016956495
Bearing3_2,1786,0.7158316633266533,8.181036581315603,0.8859852040277925
Bearing3_2,1787,0.7162324649298597,8.180884250032696,0.9677558929470909
Bearing3_2,1788,0.7166332665330661,8.208441067494425,0.3608516079169901
Bearing3_2,1789,0.7170340681362726,8.189438039615336,2.513725750725123
Bearing3_2,1790,0.717434869739479,8.122341073456322,5.759057897486881
Bearing3_2,1791,0.7178356713426853,8.110918158738832,4.222499259816879
Bearing3_2,1792,0.7182364729458918,8.091826972239982,2.9723412899992607
Bearing3_2,1793,0.7186372745490982,8.204301744277604,4.669575418999187
Bearing3_2,1794,0.7190380761523046,8.37536470878222,4.1606374674928235
Bearing3_2,1795,0.7194388777555111,8.418236262166628,1.2285133277821378
Bearing3_2,1796,0.7198396793587174,8.444760611255422,0.5794269893195741
Bearing3_2,1797,0.7202404809619238,8.437108157280846,1.8470277535559765
Bearing3_2,1798,0.7206412825651303,8.477683511262253,4.026197569294171
Bearing3_2,1799,0.7210420841683367,8.493185694355095,4.54054558652196
Bearing3_2,1800,0.7214428857715431,8.56618199394,0.7753625401973907
Bearing3_2,1801,0.7218436873747495,8.584334916706933,0.4305390477036807
Bearing3_2,1802,0.7222444889779559,8.623583501792277,1.2051057041309694
Bearing3_2,1803,0.7226452905811623,8.581777280274817,2.123713758263242
Bearing3_2,1804,0.7230460921843688,8.610303105987674,1.8943247073339438
Bearing3_2,1805,0.7234468937875751,8.620141842877134,2.679826688204963
Bearing3_2,1806,0.7238476953907815,8.63101168137518,0.6050233867959876
Bearing3_2,1807,0.724248496993988,8.630967618403131,2.6994004196293573
Bearing3_2,1808,0.7246492985971944,8.589478987128187,0.5210150057441628
Bearing3_2,1809,0.7250501002004008,8.604227406387812,0.3232682224966964
Bearing3_2,1810,0.7254509018036072,8.606876619135424,1.802977351891814
Bearing3_2,1811,0.7258517034068136,8.60763496022291,0.5913532299113446
Bearing3_2,1812,0.72625250501002,8.611600326782895,0.8655001288110886
Bearing3_2,1813,0.7266533066132265,8.637158068986553,0.3223348227426978
Bearing3_2,1814,0.7270541082164329,8.620352020344296,1.7610380208464618
Bearing3_2,1815,0.7274549098196392,8.627789937620488,0.6880997032004535
Bearing3_2,1816,0.7278557114228457,8.625114385555971,1.2519221263271494
Bearing3_2,1817,0.7282565130260521,8.643839827120777,0.9179500067716608
Bearing3_2,1818,0.7286573146292585,8.640713968266045,1.3614994550628738
Bearing3_2,1819,0.729058116232465,8.628751923466911,0.5432737434296732
Bearing3_2,1820,0.7294589178356713,8.616051055484004,1.9145023341936405
Bearing3_2,1821,0.7298597194388777,8.6007325277767,0.7980947601016305
Bearing3_2,1822,0.7302605210420842,8.57441683396804,1.8390036558424052
Bearing3_2,1823,0.7306613226452906,8.550476365403512,0.19311560538861858
Bearing3_2,1824,0.731062124248497,8.551897510892376,0.47921361791683204
Bearing3_2,1825,0.7314629258517034,8.527186631765312,2.886307231749306
Bearing3_2,1826,0.7318637274549098,8.529287936480891,1.0982748499660562
Bearing3_2,1827,0.7322645290581162,8.527930447850837,1.3352682410813808
Bearing3_2,1828,0.7326653306613227,8.520895509946198,1.8721140868917308
Bearing3_2,1829,0.7330661322645291,8.517646877873457,0.3633036380694657
Bearing3_2,1830,0.7334669338677354,8.52416317037634,1.1594922664214913
Bearing3_2,1831,0.7338677354709419,8.53856152701792,0.5530174050910073
Bearing3_2,1832,0.7342685370741483,8.559027773362292,1.314354169399185
Bearing3_2,1833,0.7346693386773547,8.570025681900185,0.9106434487705697
Bearing3_2,1834,0.7350701402805612,8.569674334918112,0.49491057348918266
Bearing3_2,1835,0.7354709418837675,8.583933509047593,1.654293681591806
Bearing3_2,1836,0.7358717434869739,8.57898853621947,0.5938498793277215
Bearing3_2,1837,0.7362725450901804,8.589499378813175,0.29108480939163145
Bearing3_2,1838,0.7366733466933868,8.60194548167464,1.7044175367645644
Bearing3_2,1839,0.7370741482965932,8.610836808324597,0.5868688203254071
Bearing3_2,1840,0.7374749498997996,8.434110289752752,16.704825224928086
Bearing3_2,1841,0.737875751503006,8.219389298761307,3.2889303211048957
Bearing3_2,1842,0.7382765531062124,8.215765920530322,16.530257361564395
Bearing3_2,1843,0.7386773547094189,8.2222643075538,0.2942650334075724
Bearing3_2,1844,0.7390781563126253,8.212964228392869,1.9865658365650034
Bearing3_2,1845,0.7394789579158316,8.236163916747246,0.9719260184300257
Bearing3_2,1846,0.7398797595190381,8.241805556375223,2.1826376751286083
Bearing3_2,1847,0.7402805611222445,8.244148318225545,0.37245787685147247
Bearing3_2,1848,0.7406813627254509,8.265942290854321,0.5180198275084945
Bearing3_2,1849,0.7410821643286574,8.266084353394731,2.4065604790490793
Bearing3_2,1850,0.7414829659318637,8.460964834422787,0.3276750089825975
Bearing3_2,1851,0.7418837675350701,8.676408821315778,1.5819742659797311
Bearing3_2,1852,0.7422845691382766,8.675309398479174,1.8367299158306052
Bearing3_2,1853,0.742685370741483,8.653664267746631,1.7713447236799214
Bearing3_2,1854,0.7430861723446894,8.652569025592465,0.28492518810050427
Bearing3_2,1855,0.7434869739478958,8.625973747635324,1.0912370222294188
Bearing3_2,1856,0.7438877755511022,8.632297729821795,0.7644534906523309
Bearing3_2,1857,0.7442885771543086,8.623618336775532,1.470989628037154
Bearing3_2,1858,0.7446893787575151,8.583743308789243,2.718819278683538
Bearing3_2,1859,0.7450901803607214,8.565454764690417,0.4773883669274646
Bearing3_2,1860,0.7454909819639278,8.597874553336627,4.05217724918473
Bearing3_2,1861,0.7458917835671343,8.601103260258887,4.112739822535489
Bearing3_2,1862,0.7462925851703407,8.612009824882197,1.1005949448803893
Bearing3_2,1863,0.7466933867735471,8.63466136347002,0.789281614363953
Bearing3_2,1864,0.7470941883767535,8.639872273740329,1.5346998488018433
Bearing3_2,1865,0.7474949899799599,8.656061351699991,0.2889473570656193
Bearing3_2,1866,0.7478957915831663,8.676119915765163,1.0658481003248261
Bearing3_2,1867,0.7482965931863728,8.68321666147953,2.5318174069708372
Bearing3_2,1868,0.7486973947895792,8.717905513501991,0.3853947397652861
Bearing3_2,1869,0.7490981963927855,8.725479057996367,2.7239915886145525
Bearing3_2,1870,0.749498997995992,8.677980512015989,0.6182825978569082
Bearing3_2,1871,0.7498997995991984,8.670695899007328,0.6782410621553022
Bearing3_2,1872,0.7503006012024048,8.627157830556985,4.202675596429519
Bearing3_2,1873,0.7507014028056113,8.631134480370823,3.290097311116589
Bearing3_2,1874,0.7511022044088176,8.635483785231479,1.6108785770711136
Bearing3_2,1875,0.751503006012024,8.65481036950332,1.2803231556196026
Bearing3_2,1876,0.7519038076152305,8.619010612831268,3.645631936947079
Bearing3_2,1877,0.7523046092184369,8.605261926182273,0.7474494656796419
Bearing3_2,1878,0.7527054108216433,8.588346178868317,0.6732047728887478
Bearing3_2,1879,0.7531062124248497,8.595483300586329,0.7069822766195698
Bearing3_2,1880,0.7535070140280561,8.565601269205581,3.754735142612887
Bearing3_2,1881,0.7539078156312625,8.562593851695341,1.6594785949295
Bearing3_2,1882,0.754308617234469,8.59810253794335,0.9671212366548081
Bearing3_2,1883,0.7547094188376754,8.578515662418958,1.43951593091966
Bearing3_2,1884,0.7551102204408817,8.617409377705233,3.4018788475103143
Bearing3_2,1885,0.7555110220440882,8.590175379772283,4.440703107743746
Bearing3_2,1886,0.7559118236472946,8.5940987025055,1.0515679065143377
Bearing3_2,1887,0.756312625250501,8.54690810063343,4.992394805345724
Bearing3_2,1888,0.7567134268537075,8.552553792207128,3.88230511608592
Bearing3_2,1889,0.7571142284569138,8.5832122976262,1.4849162856094302
Bearing3_2,1890,0.7575150300601202,8.623376312405266,2.9738637388027276
Bearing3_2,1891,0.7579158316633267,8.641245508980642,0.37051292020078297
Bearing3_2,1892,0.7583166332665331,8.65070125494871,1.572934312326089
Bearing3_2,1893,0.7587174348697395,8.672360183759935,0.4710228988946171
Bearing3_2,1894,0.7591182364729459,8.635335006593547,1.5277392436332502
Bearing3_2,1895,0.7595190380761523,8.65208475474636,0.3125923893794723
Bearing3_2,1896,0.7599198396793587,8.660742613454342,1.6361191419258945
Bearing3_2,1897,0.7603206412825652,8.720220268403127,0.7414141962209433
Bearing3_2,1898,0.7607214428857716,8.74883744792958,1.2800740781248865
Bearing3_2,1899,0.7611222444889779,8.727211686895782,2.8989260188572596
Bearing3_2,1900,0.7615230460921844,8.742283353625618,0.41655311139659845
Bearing3_2,1901,0.7619238476953908,8.752453630130782,0.6844884533569281
Bearing3_2,1902,0.7623246492985972,8.758654489266231,1.9155375224778555
Bearing3_2,1903,0.7627254509018037,8.751076955660235,1.560991409603454
Bearing3_2,1904,0.76312625250501,8.784092960832158,1.936632848237467
Bearing3_2,1905,0.7635270541082164,8.769328558489383,3.943574334678978
Bearing3_2,1906,0.7639278557114229,8.773066377123564,0.2192722136110811
Bearing3_2,1907,0.7643286573146293,8.630143061953024,13.040979870009744
Bearing3_2,1908,0.7647294589178357,8.559225206426937,7.362504309724233
Bearing3_2,1909,0.765130260521042,8.550104231779775,2.364912201251198
Bearing3_2,1910,0.7655310621242485,8.532430755780155,0.7133559155050527
Bearing3_2,1911,0.7659318637274549,8.5434009089626,1.7090934006426455
Bearing3_2,1912,0.7663326653306614,8.54439252263881,2.841103297948379
Bearing3_2,1913,0.7667334669338677,8.546037906455293,1.4895188788351206
Bearing3_2,1914,0.7671342685370741,8.546127165470457,1.7185989326837097
Bearing3_2,1915,0.7675350701402806,8.5814917198962,0.9662628164896991
Bearing3_2,1916,0.767935871743487,8.593390744354343,2.160893167116473
Bearing3_2,1917,0.7683366733466934,8.741900686781339,1.5098706036006437
Bearing3_2,1918,0.7687374749498997,8.801214180688902,0.27653508425270557
Bearing3_2,1919,0.7691382765531062,8.824610776048164,0.709399246871685
Bearing3_2,1920,0.7695390781563126,8.831843565959208,1.8983458349158797
Bearing3_2,1921,0.769939879759519,8.800581124105538,1.500428088592977
Bearing3_2,1922,0.7703406813627255,8.80382915184406,0.26943143575872724
Bearing3_2,1923,0.7707414829659318,8.825497149179522,0.20355366936436534
Bearing3_2,1924,0.7711422845691382,8.830031698961118,0.35221709944771445
Bearing3_2,1925,0.7715430861723447,8.825364086295014,1.6577069618227858
Bearing3_2,1926,0.7719438877755511,8.815825615061396,2.421474581492132
Bearing3_2,1927,0.7723446893787576,8.811816710620747,1.128989672469503
Bearing3_2,1928,0.7727454909819639,8.805935619264321,0.36771202668333447
Bearing3_2,1929,0.7731462925851703,8.804672736927605,0.3298366000366567
Bearing3_2,1930,0.7735470941883767,8.817494653067467,0.7602532451636029
Bearing3_2,1931,0.7739478957915832,8.809660352169015,3.2061923741272143
Bearing3_2,1932,0.7743486973947896,8.810423012726856,0.8675941100649097
Bearing3_2,1933,0.774749498997996,8.808238100918068,0.3408833257784099
Bearing3_2,1934,0.7751503006012024,8.785854278299635,1.3475099940742628
Bearing3_2,1935,0.7755511022044088,8.420328530309394,30.723537225122904
Bearing3_2,1936,0.7759519038076153,8.345179881252097,22.074233638107916
Bearing3_2,1937,0.7763527054108217,8.297143173966395,1.0560798192970546
Bearing3_2,1938,0.776753507014028,8.251776545454335,0.6440965109070735
Bearing3_2,1939,0.7771543086172344,8.20948119991356,0.236994512604902
Bearing3_2,1940,0.7775551102204409,8.183027545667624,0.4826987802892973
Bearing3_2,1941,0.7779559118236473,8.191376601457062,0.5909753413280231
Bearing3_2,1942,0.7783567134268538,8.18063676315182,0.8918778306930977
Bearing3_2,1943,0.7787575150300601,8.167303773301763,0.5524220009339338
Bearing3_2,1944,0.7791583166332665,8.159351290874095,0.9924815338730439
Bearing3_2,1945,0.779559118236473,8.508826146608158,0.6171438052974468
Bearing3_2,1946,0.7799599198396794,8.59480043996301,0.3418466052190066
Bearing3_2,1947,0.7803607214428858,8.644187213449284,1.95202502566609
Bearing3_2,1948,0.7807615230460921,8.697002131098609,0.32637480203038743
Bearing3_2,1949,0.7811623246492986,8.718982283313494,2.6770494527771715
Bearing3_2,1950,0.781563126252505,8.728730036307736,0.5861041780506759
Bearing3_2,1951,0.7819639278557114,8.745948938487592,0.40285505078318423
Bearing3_2,1952,0.7823647294589179,8.76595300097582,0.5391382239108413
Bearing3_2,1953,0.7827655310621242,8.774934215481789,1.3190260813616121
Bearing3_2,1954,0.7831663326653306,8.792772277321168,0.2894487964173855
Bearing3_2,1955,0.7835671342685371,8.748604659978051,5.696037873450689
Bearing3_2,1956,0.7839679358717435,8.735476829455655,2.5961114431669667
Bearing3_2,1957,0.78436873747495,8.743852148612524,0.2631747255127557
Bearing3_2,1958,0.7847695390781563,8.747592366130837,0.4948030707025481
Bearing3_2,1959,0.7851703406813627,8.760219894104305,1.890037840126427
Bearing3_2,1960,0.7855711422845691,8.771040542972495,0.6031421681362809
Bearing3_2,1961,0.7859719438877756,8.800137255886849,1.8337010395033488
Bearing3_2,1962,0.786372745490982,8.800930337773163,2.833273591761559
Bearing3_2,1963,0.7867735470941883,8.8186566201983,0.2272074332756425
Bearing3_2,1964,0.7871743486973948,8.834308699797784,0.3969567098614608
Bearing3_2,1965,0.7875751503006012,8.91115918924282,0.5743172157835666
Bearing3_2,1966,0.7879759519038076,8.951906564628338,0.6068587845958173
Bearing3_2,1967,0.7883767535070141,8.98058060472898,1.0549612135499866
Bearing3_2,1968,0.7887775551102204,9.000658859964236,0.9053231022153371
Bearing3_2,1969,0.7891783567134268,9.021499997189007,1.7449776492467648
Bearing3_2,1970,0.7895791583166333,9.024417397237038,1.9892723647451527
Bearing3_2,1971,0.7899799599198397,9.011514903712541,0.6119677036635753
Bearing3_2,1972,0.790380761523046,9.012701939587757,1.6104852012507707
Bearing3_2,1973,0.7907815631262525,8.998034059813662,1.2089325469946857
Bearing3_2,1974,0.7911823647294589,9.00316683188335,1.3907187445127116
Bearing3_2,1975,0.7915831663326653,8.967877589300643,3.938184348961415
Bearing3_2,1976,0.7919839679358718,8.926107235457023,1.1713122325247358
Bearing3_2,1977,0.7923847695390781,8.883676681607767,1.12362681611886
Bearing3_2,1978,0.7927855711422845,8.843176430156717,0.7455766314896329
Bearing3_2,1979,0.793186372745491,8.838130678741948,1.232119931454557
Bearing3_2,1980,0.7935871743486974,8.821837886548703,3.033420175789753
Bearing3_2,1981,0.7939879759519038,8.809538874610732,0.9470786157785253
Bearing3_2,1982,0.7943887775551102,8.769276834037548,4.0818909553254095
Bearing3_2,1983,0.7947895791583166,8.753209582058716,0.8713971880304379
Bearing3_2,1984,0.795190380761523,8.672140662296268,4.151951370502987
Bearing3_2,1985,0.7955911823647295,8.669166628843943,2.6265958796686544
Bearing3_2,1986,0.7959919839679359,8.643068695745475,3.187561121181969
Bearing3_2,1987,0.7963927855711422,8.68412395076511,4.584925812930412
Bearing3_2,1988,0.7967935871743487,8.692672032525826,3.5742977232266258
Bearing3_2,1989,0.7971943887775551,8.68554911329031,0.31905625477167116
Bearing3_2,1990,0.7975951903807615,8.706249659703087,0.7377764578616847
Bearing3_2,1991,0.797995991983968,8.72748654659803,0.9163362366740336
Bearing3_2,1992,0.7983967935871743,8.745102266296744,4.374973564888532
Bearing3_2,1993,0.7987975951903807,8.737134084456008,1.3678108779789433
Bearing3_2,1994,0.7991983967935872,8.761438840307859,1.4461908232673413
Bearing3_2,1995,0.7995991983967936,8.77096044305382,1.3993115976548265
Bearing3_2,1996,0.8,8.80218367562138,1.323129344704027
Bearing3_2,1997,0.8004008016032064,8.792433023275303,1.0815023858889696
Bearing3_2,1998,0.8008016032064128,8.806070148313427,1.5876209125977245
Bearing3_2,1999,0.8012024048096192,8.79002154516003,2.583063926614849
Bearing3_2,2000,0.8016032064128257,8.769009840110844,1.0861663940200894
Bearing3_2,2001,0.8020040080160321,8.745211994462485,0.7131130863094106
Bearing3_2,2002,0.8024048096192384,8.763814850199058,0.8101002526235379
Bearing3_2,2003,0.8028056112224449,8.810285588712667,1.0732573013243831
Bearing3_2,2004,0.8032064128256513,8.874352492935273,0.18235682209586535
Bearing3_2,2005,0.8036072144288577,8.906822562396183,1.3143124072634929
Bearing3_2,2006,0.8040080160320642,8.939741293294235,1.215720122342764
Bearing3_2,2007,0.8044088176352705,8.93938139582344,1.7245318261652705
Bearing3_2,2008,0.8048096192384769,8.93884358626123,1.4939578413910402
Bearing3_2,2009,0.8052104208416834,8.943666692692613,2.1464872596647835
Bearing3_2,2010,0.8056112224448898,8.977257603291358,1.4338908596249653
Bearing3_2,2011,0.8060120240480962,8.98817700370615,1.2049067198373775
Bearing3_2,2012,0.8064128256513026,9.013328451761296,0.5018952105772916
Bearing3_2,2013,0.806813627254509,9.015956477337154,0.9279924652989763
Bearing3_2,2014,0.8072144288577154,8.98132870576111,3.0347715173262664
Bearing3_2,2015,0.8076152304609219,8.952865064975516,0.7918089712330447
Bearing3_2,2016,0.8080160320641283,8.933557683647862,0.5004633888125326
Bearing3_2,2017,0.8084168336673346,8.943656119698307,0.8243644785586146
Bearing3_2,2018,0.8088176352705411,8.906916148569605,5.452627212164893
Bearing3_2,2019,0.8092184368737475,8.896542675756445,0.23364203313029744
Bearing3_2,2020,0.8096192384769539,8.887450858380967,1.5150253969325445
Bearing3_2,2021,0.8100200400801604,8.86176939945949,2.6180054831227566
Bearing3_2,2022,0.8104208416833667,8.838480134016931,0.7824729443309664
Bearing3_2,2023,0.8108216432865731,8.812904879762232,1.2309212193091026
Bearing3_2,2024,0.8112224448897796,8.836570714573119,1.1423633822758505
Bearing3_2,2025,0.811623246492986,8.835475208354193,2.84400336318703
Bearing3_2,2026,0.8120240480961923,8.864694243033043,2.1089594413828374
Bearing3_2,2027,0.8124248496993988,8.864052984998008,1.768769142759001
Bearing3_2,2028,0.8128256513026052,8.910576010837712,1.469896976763163
Bearing3_2,2029,0.8132264529058116,8.94386172393634,1.0862704255294606
Bearing3_2,2030,0.8136272545090181,8.959281575333456,0.229620958952627
Bearing3_2,2031,0.8140280561122244,9.000133624447596,0.4229713695459826
Bearing3_2,2032,0.8144288577154308,9.026157382710897,0.6765344220398123
Bearing3_2,2033,0.8148296593186373,9.044753883435119,1.6661721787701382
Bearing3_2,2034,0.8152304609218437,9.045287795239581,0.4160807506674465
Bearing3_2,2035,0.8156312625250501,9.068705138760356,0.8904043536011778
Bearing3_2,2036,0.8160320641282565,9.060297425301883,0.6156032524479447
Bearing3_2,2037,0.8164328657314629,9.062898939568726,0.7811874502539266
Bearing3_2,2038,0.8168336673346693,9.075788779718271,0.598236505703362
Bearing3_2,2039,0.8172344689378758,9.085174674588364,1.3348319282315029
Bearing3_2,2040,0.8176352705410822,9.09706760441121,0.36438245763866844
Bearing3_2,2041,0.8180360721442885,9.09173888804617,1.883317874578587
Bearing3_2,2042,0.818436873747495,9.097996899548312,0.5269697415703503
Bearing3_2,2043,0.8188376753507014,9.107072930215889,1.4716022817720134
Bearing3_2,2044,0.8192384769539078,9.114115050498441,0.6186016349395486
Bearing3_2,2045,0.8196392785571143,9.11788619470713,1.1517274998216298
Bearing3_2,2046,0.8200400801603206,9.121307256134653,0.5931288149337125
Bearing3_2,2047,0.820440881763527,9.114996019010189,1.606482551544729
Bearing3_2,2048,0.8208416833667335,9.109843418273865,0.5976459613344572
Bearing3_2,2049,0.8212424849699399,9.11760033605538,0.3018713762535583
Bearing3_2,2050,0.8216432865731463,9.11714236763653,0.562456128395817
Bearing3_2,2051,0.8220440881763527,9.119354338048426,1.6295866253502787
Bearing3_2,2052,0.8224448897795591,9.10851550153955,0.6802078878527512
Bearing3_2,2053,0.8228456913827655,9.096729003900695,1.5492543269204067
Bearing3_2,2054,0.823246492985972,9.08767724074529,0.41247938061305534
Bearing3_2,2055,0.8236472945891784,9.115700532383567,2.1143289198624133
Bearing3_2,2056,0.8240480961923847,9.055746902897145,8.153353980134467
Bearing3_2,2057,0.8244488977955912,9.033942491496479,1.7117427862586125
Bearing3_2,2058,0.8248496993987976,9.015916742916872,0.27975867253230635
Bearing3_2,2059,0.825250501002004,9.008939460934108,0.7541204595159352
Bearing3_2,2060,0.8256513026052105,8.965448667766324,3.6369894178379645
Bearing3_2,2061,0.8260521042084168,8.955195830450078,1.1525370016794574
Bearing3_2,2062,0.8264529058116232,8.958735208147814,0.4645191138138891
Bearing3_2,2063,0.8268537074148297,8.948607769058004,2.6603935168076043
Bearing3_2,2064,0.8272545090180361,8.960959381813,1.5019302437755193
Bearing3_2,2065,0.8276553106212425,8.952238638966806,0.49494320349545873
Bearing3_2,2066,0.8280561122244489,9.019559204418254,1.609213538878519
Bearing3_2,2067,0.8284569138276553,9.059386536388828,0.732126339966428
Bearing3_2,2068,0.8288577154308617,9.11228910529103,0.9136815106315076
Bearing3_2,2069,0.8292585170340682,9.136419879681341,1.6527714464054015
Bearing3_2,2070,0.8296593186372746,9.194827402800472,0.6942109135248226
Bearing3_2,2071,0.8300601202404809,9.226643180038028,1.0537991367307276
Bearing3_2,2072,0.8304609218436874,9.255325731048503,0.26376505626459806
Bearing3_2,2073,0.8308617234468938,9.305348447666502,0.8222631809204075
Bearing3_2,2074,0.8312625250501002,9.313181848789359,1.9872303992460172
Bearing3_2,2075,0.8316633266533067,9.325476479176485,0.6707256934757504
Bearing3_2,2076,0.832064128256513,9.343689556145545,1.0808166751187818
Bearing3_2,2077,0.8324649298597194,9.35700449719563,1.1284045753356886
Bearing3_2,2078,0.8328657314629259,9.334520815153633,2.0447254315812318
Bearing3_2,2079,0.8332665330661323,9.337754376068537,0.5874761336337074
Bearing3_2,2080,0.8336673346693386,9.333282800087847,1.299289146501572
Bearing3_2,2081,0.8340681362725451,9.325948486302785,1.2668245866403034
Bearing3_2,2082,0.8344689378757515,9.316336960781909,0.13096429518972827
Bearing3_2,2083,0.8348697394789579,9.302917432411533,1.13904943397887
Bearing3_2,2084,0.8352705410821644,9.291433143987389,1.788124237120066
Bearing3_2,2085,0.8356713426853707,9.275225238448778,0.2887339269181851
Bearing3_2,2086,0.8360721442885771,9.254141827695149,1.4813234602375336
Bearing3_2,2087,0.8364729458917836,9.239394556720331,0.5797211400144491
Bearing3_2,2088,0.83687374749499,9.242891621242986,0.5553101570213579
Bearing3_2,2089,0.8372745490981964,9.223898891650931,1.3786242804843296
Bearing3_2,2090,0.8376753507014028,9.23237634936103,0.9885595246080447
Bearing3_2,2091,0.8380761523046092,9.240245364857074,1.3255964081572666
Bearing3_2,2092,0.8384769539078156,9.229741110639134,1.5169367355980445
Bearing3_2,2093,0.8388777555110221,9.237453153002384,0.47054567837729644
Bearing3_2,2094,0.8392785571142285,9.244249707691273,1.9067057386514867
Bearing3_2,2095,0.8396793587174348,9.243259065759325,0.510693349716338
Bearing3_2,2096,0.8400801603206413,9.243835426114224,1.326226151257115
Bearing3_2,2097,0.8404809619238477,9.246877817336818,0.451074055908712
Bearing3_2,2098,0.8408817635270541,9.254832548025716,0.293996009419658
Bearing3_2,2099,0.8412825651302606,9.266971389813573,1.0842713970598603
Bearing3_2,2100,0.8416833667334669,9.262982200591281,0.37244946567964193
Bearing3_2,2101,0.8420841683366733,9.264258585890401,0.9192811614957809
Bearing3_2,2102,0.8424849699398798,9.267621608223864,1.3588056370979353
Bearing3_2,2103,0.8428857715430862,9.254095177540826,1.0295554158974671
Bearing3_2,2104,0.8432865731462926,9.25969104609796,0.43290191943475215
Bearing3_2,2105,0.843687374749499,9.266275938940293,0.5518105220929175
Bearing3_2,2106,0.8440881763527054,9.277582055645128,0.9504272768481401
Bearing3_2,2107,0.8444889779559118,9.272680878237486,1.7403038147307763
Bearing3_2,2108,0.8448897795591183,9.27210611747449,0.4423660631699832
Bearing3_2,2109,0.8452905811623247,9.271529207923324,1.0988590926316213
Bearing3_2,2110,0.845691382765531,9.269018728053139,0.5544347008955255
Bearing3_2,2111,0.8460921843687375,9.273363616230625,0.4680341291708197
Bearing3_2,2112,0.8464929859719439,9.2815767733857,0.9822450042445711
Bearing3_2,2113,0.8468937875751503,9.28837304000563,1.1835927570144367
Bearing3_2,2114,0.8472945891783568,9.29780024478083,0.2946705052940717
Bearing3_2,2115,0.8476953907815631,9.296738238730756,1.229012444048351
Bearing3_2,2116,0.8480961923847695,9.287823670493562,1.5848200724845416
Bearing3_2,2117,0.848496993987976,9.254522445966083,3.7147310753440195
Bearing3_2,2118,0.8488977955911824,9.221340744641697,0.33962498777042316
Bearing3_2,2119,0.8492985971943888,9.17066640303965,2.5446077285798694
Bearing3_2,2120,0.8496993987975952,9.141887203321534,1.456589915480273
Bearing3_2,2121,0.8501002004008016,9.110038940857816,0.7413744634473436
Bearing3_2,2122,0.850501002004008,9.064811832119773,2.1530010847474426
Bearing3_2,2123,0.8509018036072145,9.020134984715549,1.1209132385756526
Bearing3_2,2124,0.8513026052104209,8.97776715287282,0.15290623877175316
Bearing3_2,2125,0.8517034068136272,8.967861563729645,1.4841082790710391
Bearing3_2,2126,0.8521042084168337,8.953797504936514,2.0132021753052696
Bearing3_2,2127,0.8525050100200401,8.988393889535628,0.36310815175527006
Bearing3_2,2128,0.8529058116232465,9.008755782987246,1.0647583328811772
Bearing3_2,2129,0.853306613226453,9.023488938738634,3.0805735789018116
Bearing3_2,2130,0.8537074148296593,9.034381981615578,1.0008564976115477
Bearing3_2,2131,0.8541082164328657,9.079299958682174,2.2980823169077476
Bearing3_2,2132,0.8545090180360722,9.120386166270047,2.517354036529372
Bearing3_2,2133,0.8549098196392786,9.160764722922028,1.19173092623931
Bearing3_2,2134,0.855310621242485,9.208084868925724,0.7613980724050761
Bearing3_2,2135,0.8557114228456913,9.152216209468138,7.210353420884998
Bearing3_2,2136,0.8561122244488978,9.152017861769071,2.7211784655202838
Bearing3_2,2137,0.8565130260521042,9.14573512513007,0.277988374532232
Bearing3_2,2138,0.8569138276553107,9.127220224995927,1.991544395820454
Bearing3_2,2139,0.857314629258517,9.160242961799153,1.3414102656669957
Bearing3_2,2140,0.8577154308617234,9.184428339812118,0.27899261504453704
Bearing3_2,2141,0.8581162324649299,9.183792252302776,0.298746559163168
Bearing3_2,2142,0.8585170340681363,9.194667930638376,1.560169304338947
Bearing3_2,2143,0.8589178356713427,9.188358188086685,2.606699800097153
Bearing3_2,2144,0.859318637274549,9.183031708925503,0.8444387681643929
Bearing3_2,2145,0.8597194388777555,9.221447192792088,3.5338095996944423
Bearing3_2,2146,0.8601202404809619,9.238009353854777,0.9692126545038808
Bearing3_2,2147,0.8605210420841684,9.262309378047238,0.5286760078559811
Bearing3_2,2148,0.8609218436873748,9.27104254344763,3.278517771017035
Bearing3_2,2149,0.8613226452905811,9.280794899819359,1.5015939037108275
Bearing3_2,2150,0.8617234468937875,9.27641212621244,0.9415704998254748
Bearing3_2,2151,0.862124248496994,9.276660657959653,0.596051256559646
Bearing3_2,2152,0.8625250501002004,9.240253311542462,4.54074809549708
Bearing3_2,2153,0.8629258517034069,9.25978394148402,2.107959927148037
Bearing3_2,2154,0.8633266533066132,9.275698601111197,0.5770754926970735
Bearing3_2,2155,0.8637274549098196,9.309392213265781,2.029464201411838
Bearing3_2,2156,0.864128256513026,9.310780663085238,1.7976003968150551
Bearing3_2,2157,0.8645290581162325,9.256292878636808,4.191854183284294
Bearing3_2,2158,0.8649298597194389,9.283325051266553,3.5915573410144335
Bearing3_2,2159,0.8653306613226452,9.30185215915011,0.7660330286157144
Bearing3_2,2160,0.8657314629258517,9.33145271052383,0.295291249775168
Bearing3_2,2161,0.8661322645290581,9.12231223074511,19.489726941853863
Bearing3_2,2162,0.8665330661322646,9.031689682101431,5.470315559396865
Bearing3_2,2163,0.866933867735471,8.90974629087135,0.6409003724199865
Bearing3_2,2164,0.8673346693386773,8.827609712200108,3.8757615982315925
Bearing3_2,2165,0.8677354709418837,8.8228795707577,4.324951284628928
Bearing3_2,2166,0.8681362725450902,8.838640923787148,0.2880822613673115
Bearing3_2,2167,0.8685370741482966,8.907647591058238,0.2957070019827936
Bearing3_2,2168,0.868937875751503,8.901367505372964,2.8701620541758506
Bearing3_2,2169,0.8693386773547094,8.8899676102257,0.3561919789356487
Bearing3_2,2170,0.8697394789579158,8.8643076060101,1.3105236950454087
Bearing3_2,2171,0.8701402805611222,9.079090347551519,0.8284613867934242
Bearing3_2,2172,0.8705410821643287,9.226796749354033,0.3707261901354204
Bearing3_2,2173,0.8709418837675351,9.362998677010024,1.5129111220577989
Bearing3_2,2174,0.8713426853707414,9.43337343784763,1.6813894038246853
Bearing3_2,2175,0.8717434869739479,9.460188835287672,0.8782752836086929
Bearing3_2,2176,0.8721442885771543,9.461216551549308,2.2185742599130065
Bearing3_2,2177,0.8725450901803607,9.468797619284302,0.8492590371766319
Bearing3_2,2178,0.8729458917835672,9.510831647942133,0.44231156411694766
Bearing3_2,2179,0.8733466933867735,9.532322321907817,1.3926651163764394
Bearing3_2,2180,0.87374749498998,9.520721946073436,4.0467573570784365
Bearing3_2,2181,0.8741482965931864,9.52351471612805,2.1884401553935957
Bearing3_2,2182,0.8745490981963928,9.52614181281561,0.2961457180246232
Bearing3_2,2183,0.8749498997995993,9.51816976221445,2.429777235855026
Bearing3_2,2184,0.8753507014028056,9.544380648926658,1.3879482380223844
Bearing3_2,2185,0.875751503006012,9.510796346983746,4.20861756863623
Bearing3_2,2186,0.8761523046092184,9.511964497469545,0.7555560729835511
Bearing3_2,2187,0.8765531062124249,9.52071477471298,1.681000407154121
Bearing3_2,2188,0.8769539078156313,9.411688946929582,9.696621902499192
Bearing3_2,2189,0.8773547094188376,9.396242615848486,6.484833402189233
Bearing3_2,2190,0.8777555110220441,9.425898981015369,0.8245756924290268
Bearing3_2,2191,0.8781563126252505,9.414239252365364,1.541886354013886
Bearing3_2,2192,0.878557114228457,9.409028654283649,0.3856796782243466
Bearing3_2,2193,0.8789579158316633,9.43154596098272,0.3901005634363637
Bearing3_2,2194,0.8793587174348697,9.43924120168961,0.5332161714951955
Bearing3_2,2195,0.8797595190380761,9.485104650975055,0.978383021374096
Bearing3_2,2196,0.8801603206412826,9.507932573070837,1.257162046058402
Bearing3_2,2197,0.880561122244489,9.500480144842376,1.1367285914048184
Bearing3_2,2198,0.8809619238476953,9.598641875258838,0.9036500533829039
Bearing3_2,2199,0.8813627254509018,9.61620459815029,0.6509801071246845
Bearing3_2,2200,0.8817635270541082,9.442940024337275,16.28253334455535
Bearing3_2,2201,0.8821643286573146,9.44180064315474,13.094628513520037
Bearing3_2,2202,0.8825651302605211,9.438641557945653,0.26644717869537227
Bearing3_2,2203,0.8829659318637274,9.43595033461059,0.28109618236403167
Bearing3_2,2204,0.8833667334669338,9.43303222905661,0.5119216478249297
Bearing3_2,2205,0.8837675350701403,9.447489891666066,0.5502463645580241
Bearing3_2,2206,0.8841683366733467,9.438405532976287,3.3581614748463773
Bearing3_2,2207,0.8845691382765531,9.442502170022102,0.5171337439338095
Bearing3_2,2208,0.8849699398797595,9.476211757993804,1.7206618326549568
Bearing3_2,2209,0.8853707414829659,9.489905325821985,1.9956268314992884
Bearing3_2,2210,0.8857715430861723,9.696492714085483,0.31730918762712884
Bearing3_2,2211,0.8861723446893788,9.244058268271663,42.875692386303385
Bearing3_2,2212,0.8865731462925852,8.828272742147366,3.589021706484175
Bearing3_2,2213,0.8869739478957915,8.559247531615942,12.355266536417224
Bearing3_2,2214,0.887374749498998,8.506542783659484,17.918523889009702
Bearing3_2,2215,0.8877755511022044,8.448840933019879,0.48377530347507963
Bearing3_2,2216,0.8881763527054108,8.444578927135362,0.8900889480085976
Bearing3_2,2217,0.8885771543086173,8.45258092619638,1.214570969355778
Bearing3_2,2218,0.8889779559118236,8.278137052315977,13.972031545258833
Bearing3_2,2219,0.88937875751503,8.264712725083049,11.359677728755036
Bearing3_2,2220,0.8897795591182365,8.278422977863706,2.381001197537252
Bearing3_2,2221,0.8901803607214429,8.78009355837833,1.6172779034083458
Bearing3_2,2222,0.8905811623246493,9.259219053025564,1.4876880738021316
Bearing3_2,2223,0.8909819639278557,9.559135606978366,2.834874438026913
Bearing3_2,2224,0.8913827655310621,9.634674128762548,0.7957129298562742
Bearing3_2,2225,0.8917835671342685,9.72203869142233,1.2572134209619006
Bearing3_2,2226,0.892184368737475,9.771420104676722,1.8946972554907062
Bearing3_2,2227,0.8925851703406814,9.790490979089133,1.4911536902133906
Bearing3_2,2228,0.8929859719438877,9.911260379082536,5.152185494803338
Bearing3_2,2229,0.8933867735470942,9.928721191987771,3.0060729194659404
Bearing3_2,2230,0.8937875751503006,9.931998490519703,1.279192480508511
Bearing3_2,2231,0.894188376753507,9.936277649690199,1.2768398089921675
Bearing3_2,2232,0.8945891783567135,9.910212476861672,1.1550033174729786
Bearing3_2,2233,0.8949899799599198,9.904689942887885,0.9574100981912189
Bearing3_2,2234,0.8953907815631262,9.922556040058414,1.461596351762362
Bearing3_2,2235,0.8957915831663327,9.90286601419921,2.0656686619924405
Bearing3_2,2236,0.8961923847695391,9.904555161456086,0.25419076623158565
Bearing3_2,2237,0.8965931863727455,9.908159633042633,1.2467562249080058
Bearing3_2,2238,0.8969939879759519,9.961266314815933,0.8911566594905574
Bearing3_2,2239,0.8973947895791583,9.971949011047572,0.6344234496848508
Bearing3_2,2240,0.8977955911823647,9.957961999493557,0.8905771164003645
Bearing3_2,2241,0.8981963927855712,9.954990424447155,0.3692417117647888
Bearing3_2,2242,0.8985971943887776,9.965626681569876,0.4607424175555629
Bearing3_2,2243,0.8989979959919839,9.975447305806574,0.9869633779180624
Bearing3_2,2244,0.8993987975951904,9.973894468609101,0.48805901983092637
Bearing3_2,2245,0.8997995991983968,9.969868434411977,2.25349915429005
Bearing3_2,2246,0.9002004008016032,9.962374996554031,0.3373113547722265
Bearing3_2,2247,0.9006012024048096,9.96304048274436,0.5809457532287151
Bearing3_2,2248,0.901002004008016,9.968575541854541,0.5483468816394853
Bearing3_2,2249,0.9014028056112224,9.967392914306053,1.166446356269682
Bearing3_2,2250,0.9018036072144289,9.951979983983133,2.0882167973931884
Bearing3_2,2251,0.9022044088176353,9.947515410131444,0.6649662036445634
Bearing3_2,2252,0.9026052104208416,9.944606911963797,0.4898379159177608
Bearing3_2,2253,0.9030060120240481,9.950813760135894,0.4446671194636332
Bearing3_2,2254,0.9034068136272545,9.936002564564271,1.5027230835024825
Bearing3_2,2255,0.9038076152304609,9.939496420582211,0.6767745276179091
Bearing3_2,2256,0.9042084168336674,9.937388438083975,0.8455642096574565
Bearing3_2,2257,0.9046092184368737,9.933969157639213,0.6660661178986745
Bearing3_2,2258,0.9050100200400801,9.950184407476971,1.3856424554512297
Bearing3_2,2259,0.9054108216432866,9.958629189216591,1.8517595851043969
Bearing3_2,2260,0.905811623246493,9.983259349179834,0.719676630763335
Bearing3_2,2261,0.9062124248496994,9.992473136251009,0.6742024179742523
Bearing3_2,2262,0.9066132264529058,9.97821801032121,1.920560086848153
Bearing3_2,2263,0.9070140280561122,9.948316503062955,1.5319123597550581
Bearing3_2,2264,0.9074148296593186,9.939692425210023,0.5487963319386987
Bearing3_2,2265,0.9078156312625251,9.95338468655081,1.2949675665214213
Bearing3_2,2266,0.9082164328657315,9.957844530374832,1.593102753652104
Bearing3_2,2267,0.9086172344689378,9.940726860467496,2.4890820319425866
Bearing3_2,2268,0.9090180360721443,9.925830486283456,1.4540441341395527
Bearing3_2,2269,0.9094188376753507,9.923620315743847,0.8092492022470806
Bearing3_2,2270,0.9098196392785571,9.91685046657698,1.1138137823165233
Bearing3_2,2271,0.9102204408817636,9.905207695882414,1.1550158140711269
Bearing3_2,2272,0.9106212424849699,9.926749735034244,1.146286673243224
Bearing3_2,2273,0.9110220440881763,9.972245005389293,0.892539829969363
Bearing3_2,2274,0.9114228456913828,9.983374430820794,2.6056716611759962
Bearing3_2,2275,0.9118236472945892,9.982575804062078,0.5367439504716024
Bearing3_2,2276,0.9122244488977956,9.988614375532718,0.9960709413719427
Bearing3_2,2277,0.912625250501002,10.009020181774403,1.3619090657799564
Bearing3_2,2278,0.9130260521042084,10.010377917406604,0.6469277380473777
Bearing3_2,2279,0.9134268537074148,10.01364196812968,0.6565815737339878
Bearing3_2,2280,0.9138276553106213,10.021319057361248,0.785823581358408
Bearing3_2,2281,0.9142284569138277,10.031248189866192,0.9253259903180203
Bearing3_2,2282,0.914629258517034,10.021003045890575,0.7102293627760307
Bearing3_2,2283,0.9150300601202405,10.011731074948136,0.8899350903194302
Bearing3_2,2284,0.9154308617234469,10.029543809622313,0.3468610788430671
Bearing3_2,2285,0.9158316633266533,10.004303956212858,3.48013745830729
Bearing3_2,2286,0.9162324649298598,9.995876938254346,0.4810783880627368
Bearing3_2,2287,0.9166332665330661,9.996645531547054,0.5242723455196171
Bearing3_2,2288,0.9170340681362725,10.00592509539569,0.7114967528070351
Bearing3_2,2289,0.917434869739479,9.877646528347128,12.182856205383406
Bearing3_2,2290,0.9178356713426854,9.77766868852277,1.6593079148966714
Bearing3_2,2291,0.9182364729458918,9.758187040318992,6.025058990351772
Bearing3_2,2292,0.9186372745490982,9.752207004353341,0.5550933357030586
Bearing3_2,2293,0.9190380761523046,9.729880933423821,0.88491364743871
Bearing3_2,2294,0.919438877755511,9.707781153085737,0.359729103658534
Bearing3_2,2295,0.9198396793587175,9.720584720310777,0.5866854834816334
Bearing3_2,2296,0.9202404809619239,9.71432080275656,1.239994069990349
Bearing3_2,2297,0.9206412825651302,9.705304555375081,0.7769943609367878
Bearing3_2,2298,0.9210420841683367,9.685480847891721,0.5357540490046085
Bearing3_2,2299,0.9214428857715431,9.802899984983044,0.7063115724480131
Bearing3_2,2300,0.9218436873747495,9.895550578973065,0.48496712647027285
Bearing3_2,2301,0.9222444889779559,9.906244412266425,1.031725551634021
Bearing3_2,2302,0.9226452905811623,9.9173602196642,0.5696379340324877
Bearing3_2,2303,0.9230460921843687,9.856668338682985,6.8777734437249345
Bearing3_2,2304,0.9234468937875752,9.776034594087173,1.9589103308201998
Bearing3_2,2305,0.9238476953907816,9.729027431872192,2.3574614517330112
Bearing3_2,2306,0.9242484969939879,9.715467928966643,1.5848190043992298
Bearing3_2,2307,0.9246492985971944,9.680434128687363,2.6335354435566045
Bearing3_2,2308,0.9250501002004008,9.63745095493315,1.220589736896409
Bearing3_2,2309,0.9254509018036072,9.610580672085721,0.774452531511721
Bearing3_2,2310,0.9258517034068137,9.50422754131022,7.323438875827392
Bearing3_2,2311,0.92625250501002,9.423341965477215,1.0900552926404223
Bearing3_2,2312,0.9266533066132264,9.306410231106469,2.666008868525961
Bearing3_2,2313,0.9270541082164329,9.245524051447426,2.323855001864877
Bearing3_2,2314,0.9274549098196393,9.221048489414656,1.1687500026702133
Bearing3_2,2315,0.9278557114228457,9.167674073162011,0.2898706634134212
Bearing3_2,2316,0.928256513026052,9.066152244383158,2.6741604956257636
Bearing3_2,2317,0.9286573146292585,8.944949879794265,4.357553947921015
Bearing3_2,2318,0.9290581162324649,8.825657997148696,1.1729814362500464
Bearing3_2,2319,0.9294589178356714,8.6397691463774,5.0947938531263075
Bearing3_2,2320,0.9298597194388778,8.504344669386276,3.103806570604498
Bearing3_2,2321,0.9302605210420841,8.371701285748635,1.1453610705120016
Bearing3_2,2322,0.9306613226452906,8.172161174458374,8.517688133614909
Bearing3_2,2323,0.931062124248497,7.896147107612824,8.92984174820786
Bearing3_2,2324,0.9314629258517034,7.671995872181261,5.297506191690553
Bearing3_2,2325,0.9318637274549099,7.389843996087419,5.448744508439369
Bearing3_2,2326,0.9322645290581162,7.081509316351285,5.085070004447507
Bearing3_2,2327,0.9326653306613226,6.794399495858197,2.994217386121812
Bearing3_2,2328,0.9330661322645291,6.566666780709932,4.19487942812149
Bearing3_2,2329,0.9334669338677355,6.200150489943,17.407838977167327
Bearing3_2,2330,0.9338677354709419,5.863670981597297,1.3299079481354863
Bearing3_2,2331,0.9342685370741483,5.76148042306698,20.891417165498112
Bearing3_2,2332,0.9346693386773547,5.413014408249452,30.25988224573054
Bearing3_2,2333,0.9350701402805611,5.494345774264901,27.36418504877091
Bearing3_2,2334,0.9354709418837676,5.754122952667184,19.924229173511314
Bearing3_2,2335,0.935871743486974,6.106755837590622,2.0713673243651196
Bearing3_2,2336,0.9362725450901803,6.527105894682838,0.5943620262347387
Bearing3_2,2337,0.9366733466933868,6.972873600446545,0.9087935250104993
Bearing3_2,2338,0.9370741482965932,7.369831840781866,0.6117874108629403
Bearing3_2,2339,0.9374749498997996,7.964365451381312,0.46342219019865105
Bearing3_2,2340,0.9378757515030061,8.545433763929116,1.7579119487558301
Bearing3_2,2341,0.9382765531062124,8.752703071988645,11.161415460833952
Bearing3_2,2342,0.9386773547094188,9.24833905008661,4.962256001250942
Bearing3_2,2343,0.9390781563126253,9.46479084675513,5.047728887478067
Bearing3_2,2344,0.9394789579158317,9.116301524747021,27.502426048977267
Bearing3_2,2345,0.9398797595190381,8.885298582360333,12.540147831551838
Bearing3_2,2346,0.9402805611222445,8.847343185576117,17.230123252772643
Bearing3_2,2347,0.9406813627254509,8.872664976297454,4.856480949416762
Bearing3_2,2348,0.9410821643286573,8.860609467327825,3.6130869502618306
Bearing3_2,2349,0.9414829659318638,8.752526965214846,8.526114899491036
Bearing3_2,2350,0.9418837675350702,8.750854405803675,7.537693371505278
Bearing3_2,2351,0.9422845691382765,8.864023018918237,0.9973881041784779
Bearing3_2,2352,0.942685370741483,8.971697722098678,5.631007712857654
Bearing3_2,2353,0.9430861723446894,9.08199829264601,4.570785217870178
Bearing3_2,2354,0.9434869739478958,9.503775865354442,1.0891548967225588
Bearing3_2,2355,0.9438877755511023,9.713274594436056,5.368344172975134
Bearing3_2,2356,0.9442885771543086,9.762037966392075,4.125208650465664
Bearing3_2,2357,0.944689378757515,9.747712442762431,0.8988201716028585
Bearing3_2,2358,0.9450901803607215,9.659666228364008,9.669106315930236
Bearing3_2,2359,0.9454909819639279,9.753248669874372,7.6868288418921855
Bearing3_2,2360,0.9458917835671342,9.772508869680419,1.291696128019851
Bearing3_2,2361,0.9462925851703406,9.800730556246588,0.6231413713446382
Bearing3_2,2362,0.9466933867735471,9.81745682228743,6.2817878210077
Bearing3_2,2363,0.9470941883767535,9.802518263083114,1.661590733633622
Bearing3_2,2364,0.94749498997996,9.806354118996065,0.9526460104663816
Bearing3_2,2365,0.9478957915831663,9.872649230689145,0.3489408011579754
Bearing3_2,2366,0.9482965931863727,9.888935251760794,0.5852846895951829
Bearing3_2,2367,0.9486973947895792,9.889975308021041,1.5491027656146596
Bearing3_2,2368,0.9490981963927856,9.994311079423232,0.8188498472851621
Bearing3_2,2369,0.949498997995992,10.021286916790428,1.419348237253363
Bearing3_2,2370,0.9498997995991983,9.973964351720547,5.153014756239434
Bearing3_2,2371,0.9503006012024048,9.906841542626031,1.6339139729911132
Bearing3_2,2372,0.9507014028056112,9.918338506020536,0.5914897846184607
Bearing3_2,2373,0.9511022044088177,9.888756559100413,1.8075124421257973
Bearing3_2,2374,0.9515030060120241,9.838014691115081,1.0384008712158272
Bearing3_2,2375,0.9519038076152304,9.819842286138442,2.855886666749265
Bearing3_2,2376,0.9523046092184368,9.804411973698468,0.3931607880675218
Bearing3_2,2377,0.9527054108216433,9.812904200692019,0.6311968707663769
Bearing3_2,2378,0.9531062124248497,9.825880775187873,0.517357721423698
Bearing3_2,2379,0.9535070140280562,9.815048845118257,1.2749903124662219
Bearing3_2,2380,0.9539078156312625,9.86111833594251,0.29136494146678876
Bearing3_2,2381,0.9543086172344689,9.90651199814366,1.7748286043500123
Bearing3_2,2382,0.9547094188376753,9.728361016229806,18.491005653589173
Bearing3_2,2383,0.9551102204408818,9.683088187068472,9.821208500079251
Bearing3_2,2384,0.9555110220440882,9.69275228453979,3.663082742005702
Bearing3_2,2385,0.9559118236472945,9.663143070850687,0.567072339709233
Bearing3_2,2386,0.956312625250501,9.603073995884222,2.8961449383223457
Bearing3_2,2387,0.9567134268537074,9.518049842999961,1.8772165440433524
Bearing3_2,2388,0.9571142284569139,9.453877193018014,1.5219430650716024
Bearing3_2,2389,0.9575150300601203,9.42269943277586,1.448265151751425
Bearing3_2,2390,0.9579158316633266,9.40060009526654,0.5188878070371442
Bearing3_2,2391,0.958316633266533,9.399627196230947,0.22611576998056512
Bearing3_2,2392,0.9587174348697395,9.587555444027583,2.6142362100573475
Bearing3_2,2393,0.9591182364729459,9.682279661798967,1.640963122432056
Bearing3_2,2394,0.9595190380761524,9.5075900405908,19.302025901496044
Bearing3_2,2395,0.9599198396793587,9.44015773112685,8.764826839873077
Bearing3_2,2396,0.9603206412825651,9.435176540874764,2.9560846043192517
Bearing3_2,2397,0.9607214428857715,9.44826839962558,0.31072043635984564
Bearing3_2,2398,0.961122244488978,9.413277017157911,2.8273873736081248
Bearing3_2,2399,0.9615230460921844,9.348451448322376,1.1643375286300268
Bearing3_2,2400,0.9619238476953907,9.26591063372631,1.1924993068126326
Bearing3_2,2401,0.9623246492985972,9.185850629391599,0.3525702618560674
Bearing3_2,2402,0.9627254509018036,9.137807030168753,0.2813933236977797
Bearing3_2,2403,0.96312625250501,9.059236344859176,1.2174932507689147
Bearing3_2,2404,0.9635270541082165,9.209659571814537,0.19694712112557394
Bearing3_2,2405,0.9639278557114228,9.238702270172473,1.7951743478377895
Bearing3_2,2406,0.9643286573146292,9.266950461971135,2.352084069422127
Bearing3_2,2407,0.9647294589178357,9.247008819401014,4.288529148261777
Bearing3_2,2408,0.9651302605210421,9.260138903478069,0.16381842581741637
Bearing3_2,2409,0.9655310621242486,9.295011388723943,0.7718826648472189
Bearing3_2,2410,0.9659318637274549,9.368423509128688,2.2699549310721823
Bearing3_2,2411,0.9663326653306613,9.426980544324593,1.1070066610072387
Bearing3_2,2412,0.9667334669338677,9.48144560211838,0.4349904267513502
Bearing3_2,2413,0.9671342685370742,9.541685202972365,0.7445561293784555
Bearing3_2,2414,0.9675350701402805,9.573325408052385,2.2280515945018387
Bearing3_2,2415,0.9679358717434869,9.62441953391136,0.947892924020256
Bearing3_2,2416,0.9683366733466934,9.61910340585187,2.4963569746184477
Bearing3_2,2417,0.9687374749498998,9.556813469908713,9.21311249886249
Bearing3_2,2418,0.9691382765531062,9.481677605354474,0.9532697722884839
Bearing3_2,2419,0.9695390781563126,9.382202557405513,1.480446455387999
Bearing3_2,2420,0.969939879759519,9.227865356016963,2.465715956810048
Bearing3_2,2421,0.9703406813627254,9.075266477003638,0.9529498807375941
Bearing3_2,2422,0.9707414829659319,8.941730882145787,1.3909161266783359
Bearing3_2,2423,0.9711422845691383,8.817606534145709,0.3971287250009292
Bearing3_2,2424,0.9715430861723446,8.717501905420928,0.4355208379171995
Bearing3_2,2425,0.9719438877755511,8.755487709031737,11.708291375382
Bearing3_2,2426,0.9723446893787575,8.659409327644944,14.146931796771563
Bearing3_2,2427,0.972745490981964,8.794846944484323,10.653532350381541
Bearing3_2,2428,0.9731462925851704,8.80946461586343,11.614017893419613
Bearing3_2,2429,0.9735470941883767,8.937838375573852,8.581751890617811
Bearing3_2,2430,0.9739478957915831,8.92539448618069,14.694452834847949
Bearing3_2,2431,0.9743486973947896,9.091261586523423,14.470293343222378
Bearing3_2,2432,0.974749498997996,9.255381531918415,1.3327213916553484
Bearing3_2,2433,0.9751503006012024,9.388101798195313,2.633932557675539
Bearing3_2,2434,0.9755511022044088,9.529144297302711,0.6729833053993421
Bearing3_2,2435,0.9759519038076152,9.408146150411705,10.84210751175855
Bearing3_2,2436,0.9763527054108216,9.552498631544667,9.123709485921994
Bearing3_2,2437,0.9767535070140281,9.403438244145457,14.618119768251121
Bearing3_2,2438,0.9771543086172345,9.542966915335873,13.535438429794967
Bearing3_2,2439,0.9775551102204408,9.439539506596455,12.578416901040187
Bearing3_2,2440,0.9779559118236473,9.631397891793737,11.011844211639822
Bearing3_2,2441,0.9783567134268537,9.18431453308882,40.31069490912089
Bearing3_2,2442,0.9787575150300601,8.86171669800413,11.823307928568163
Bearing3_2,2443,0.9791583166332666,8.580310351816228,0.8527604878501024
Bearing3_2,2444,0.9795591182364729,8.37124362380315,6.5044528476649734
Bearing3_2,2445,0.9799599198396793,8.480030908452031,16.40151633935548
Bearing3_2,2446,0.9803607214428858,8.4925871184215,0.5819666825740173
Bearing3_2,2447,0.9807615230460922,8.653997633510413,2.0784344176393006
Bearing3_2,2448,0.9811623246492986,8.66338313725595,0.4423052357114751
Bearing3_2,2449,0.981563126252505,8.61253220392194,17.750485872008348
Bearing3_2,2450,0.9819639278557114,8.606166754645344,14.695632001032198
Bearing3_2,2451,0.9823647294589178,8.941438607990566,11.247931225559539
Bearing3_2,2452,0.9827655310621243,9.253760933238667,10.00749539548422
Bearing3_2,2453,0.9831663326653307,9.54420258284749,0.9602079476655286
Bearing3_2,2454,0.983567134268537,9.759484139931816,0.37581385430547326
Bearing3_2,2455,0.9839679358717435,9.772556956580203,0.8055258568500797
Bearing3_2,2456,0.9843687374749499,9.295599685528575,41.16844431665397
Bearing3_2,2457,0.9847695390781563,9.163468684708597,27.621585064236786
Bearing3_2,2458,0.9851703406813628,9.096861382481695,5.801456612024846
Bearing3_2,2459,0.9855711422845691,9.1927275517333,3.963884617734403
Bearing3_2,2460,0.9859719438877755,9.07014896493969,4.351825592776668
Bearing3_2,2461,0.986372745490982,9.034201792411011,3.82351727328928
Bearing3_2,2462,0.9867735470941884,8.920901754122884,3.5196425161184752
Bearing3_2,2463,0.9871743486973948,8.462644342610465,30.834054148507438
Bearing3_2,2464,0.9875751503006012,8.276163519369765,23.569267682259145
Bearing3_2,2465,0.9879759519038076,8.165548611888159,5.336099959113694
Bearing3_2,2466,0.988376753507014,8.338264878781265,17.397863914823187
Bearing3_2,2467,0.9887775551102205,8.480364774236536,24.912705387465035
Bearing3_2,2468,0.9891783567134268,8.477539686639822,6.867609116663541
Bearing3_2,2469,0.9895791583166332,8.316782095308927,17.473814179644258
Bearing3_2,2470,0.9899799599198397,8.455097377797701,21.465243863102224
Bearing3_2,2471,0.9903807615230461,8.55755486733394,7.096337022784823
Bearing3_2,2472,0.9907815631262525,8.617669488251424,0.40254338348919544
Bearing3_2,2473,0.9911823647294589,8.947000435477769,7.471108933166484
Bearing3_2,2474,0.9915831663326653,8.873404762451694,10.84769060730049
Bearing3_2,2475,0.9919839679358717,8.9790530045629,20.92209257565355
Bearing3_2,2476,0.9923847695390782,9.303126219219152,1.4763124311886038
Bearing3_2,2477,0.9927855711422846,9.32070655112466,1.2349622132778384
Bearing3_2,2478,0.9931863727454909,9.35563240024224,5.284540917707445
Bearing3_2,2479,0.9935871743486974,9.636674841457967,4.094695162043495
Bearing3_2,2480,0.9939879759519038,9.654249588608637,1.135468784779528
Bearing3_2,2481,0.9943887775551102,9.710370731645869,3.6911186997385754
Bearing3_2,2482,0.9947895791583167,9.795080889846371,2.496970696438619
Bearing3_2,2483,0.995190380761523,9.958575719499075,0.5517415771860396
Bearing3_2,2484,0.9955911823647294,10.247765375014662,0.619695888341507
Bearing3_2,2485,0.9959919839679359,10.269751380958713,1.769612930155338
Bearing3_2,2486,0.9963927855711423,10.263458631761377,0.710485596442336
Bearing3_2,2487,0.9967935871743487,10.246435682189581,1.8840264423744477
Bearing3_2,2488,0.9971943887775551,10.313306380465267,2.402040982860649
Bearing3_2,2489,0.9975951903807615,10.301633392705122,2.681690924308212
Bearing3_2,2490,0.9979959919839679,10.282280672876173,1.591278891173642
Bearing3_2,2491,0.9983967935871744,10.309034477728543,0.7373349647980443
Bearing3_2,2492,0.9987975951903808,10.317842440897042,0.9852252826901394
Bearing3_2,2493,0.9991983967935871,10.17369277533273,13.658504928359246
Bearing3_2,2494,0.9995991983967936,10.180346182117846,12.944021648807569
Bearing3_2,2495,1.0,10.202514180276065,0.4280844274443239
Bearing3_3,0,0.0,,
Bearing3_3,1,0.002702702702702703,,
Bearing3_3,2,0.005405405405405406,,
Bearing3_3,3,0.008108108108108109,,
Bearing3_3,4,0.010810810810810811,,
Bearing3_3,5,0.013513513513513514,,
Bearing3_3,6,0.016216216216216217,,
Bearing3_3,7,0.01891891891891892,,
Bearing3_3,8,0.021621621621621623,,
Bearing3_3,9,0.024324324324324326,,
Bearing3_3,10,0.02702702702702703,,
Bearing3_3,11,0.02972972972972973,,
Bearing3_3,12,0.032432432432432434,,
Bearing3_3,13,0.03513513513513514,,
Bearing3_3,14,0.03783783783783784,,
Bearing3_3,15,0.04054054054054054,0.9760472412768679,0.5938402751089689
Bearing3_3,16,0.043243243243243246,1.0013609012379412,0.25133367346311014
Bearing3_3,17,0.04594594594594595,1.0100371306656648,0.4959277418980415
Bearing3_3,18,0.04864864864864865,1.032578473174142,0.14744250655186036
Bearing3_3,19,0.051351351351351354,1.0169901732294386,1.3644051260712817
Bearing3_3,20,0.05405405405405406,0.9898278373396155,1.1214692525301435
Bearing3_3,21,0.05675675675675676,0.9839643048624761,0.19141135092982772
Bearing3_3,22,0.05945945945945946,1.0012163338756945,0.4890557430078314
Bearing3_3,23,0.062162162162162166,0.9829234703542805,2.109571976653873
Bearing3_3,24,0.06486486486486487,0.978170123244349,0.2929227177234486
Bearing3_3,25,0.06756756756756757,0.9609019080272049,1.2804984979182017
Bearing3_3,26,0.07027027027027027,0.9703909707932663,1.320156771686447
Bearing3_3,27,0.07297297297297298,0.9665164728326486,1.2351238533377566
Bearing3_3,28,0.07567567567567568,0.9476803867833186,0.9147373215807791
Bearing3_3,29,0.07837837837837838,0.9342891504243095,1.0365157064887465
Bearing3_3,30,0.08108108108108109,0.9222370633633471,1.0280567948687083
Bearing3_3,31,0.08378378378378379,0.9204300413664545,0.6451349843081446
Bearing3_3,32,0.08648648648648649,0.873001690257485,2.074612031398006
Bearing3_3,33,0.0891891891891892,0.8660427958492048,0.29485491065832464
Bearing3_3,34,0.0918918918918919,0.8619830608651557,0.3120189409636104
Bearing3_3,35,0.0945945945945946,0.8610823608064363,1.066919923121235
Bearing3_3,36,0.0972972972972973,0.8367091085747541,0.19953838886804812
Bearing3_3,37,0.1,0.8013863947070213,1.8078937679901228
Bearing3_3,38,0.10270270270270271,0.7863368666285948,0.3417537204613309
Bearing3_3,39,0.10540540540540541,0.7747820466286857,0.8926809949091128
Bearing3_3,40,0.10810810810810811,0.7801759668251859,0.1828875759188829
Bearing3_3,41,0.11081081081081082,0.7598653816445091,0.8410480288161304
Bearing3_3,42,0.11351351351351352,0.7589001191440815,1.0073486594668066
Bearing3_3,43,0.11621621621621622,0.7498461273665813,0.31974497450075723
Bearing3_3,44,0.11891891891891893,0.7090549249026661,1.5447987508391967
Bearing3_3,45,0.12162162162162163,0.6775307053774481,0.6213919961064897
Bearing3_3,46,0.12432432432432433,0.6451088024848621,0.08385784725588917
Bearing3_3,47,0.12702702702702703,0.6198348965941101,1.4232268335011875
Bearing3_3,48,0.12972972972972974,0.5878507399591422,0.1866458475570203
Bearing3_3,49,0.13243243243243244,0.564632602290927,0.3714427684235767
Bearing3_3,50,0.13513513513513514,0.513724904892708,1.5674295310287936
Bearing3_3,51,0.13783783783783785,0.48261946174811554,0.33890040692176304
Bearing3_3,52,0.14054054054054055,0.44526722882475067,1.3864157212074733
Bearing3_3,53,0.14324324324324325,0.4082188791085457,0.2969105716267685
Bearing3_3,54,0.14594594594594595,0.3883061546258145,0.5907728128084145
Bearing3_3,55,0.14864864864864866,0.36189375913649724,0.8678065245956893
Bearing3_3,56,0.15135135135135136,0.315013788475028,1.2042649528696698
Bearing3_3,57,0.15405405405405406,0.27647727742578654,0.9625452679080301
Bearing3_3,58,0.15675675675675677,0.23420751918078406,0.41134890284676673
Bearing3_3,59,0.15945945945945947,0.1887588999558085,0.5156394205693547
Bearing3_3,60,0.16216216216216217,0.15807258848158914,0.7530682357538176
Bearing3_3,61,0.16486486486486487,0.12079350114580693,0.16515078124647167
Bearing3_3,62,0.16756756756756758,0.07584455766760201,1.7295612663709385
Bearing3_3,63,0.17027027027027028,0.04472009722318134,0.5705728450907535
Bearing3_3,64,0.17297297297297298,0.01413227067857992,0.500581868000937
Bearing3_3,65,0.17567567567567569,-0.02016971631848852,1.057599935762484
Bearing3_3,66,0.1783783783783784,-0.04464438618040201,0.6510214081550565
Bearing3_3,67,0.1810810810810811,-0.041009796736858145,0.6859908837775699
Bearing3_3,68,0.1837837837837838,-0.065688837416491,1.9448623482560266
Bearing3_3,69,0.1864864864864865,-0.10562342448032158,1.3108743368171683
Bearing3_3,70,0.1891891891891892,-0.11799916534190746,0.8607096730625502
Bearing3_3,71,0.1918918918918919,-0.1457932613861236,0.9125976831465317
Bearing3_3,72,0.1945945945945946,-0.1423688029840305,0.2245971010829448
Bearing3_3,73,0.1972972972972973,-0.16281835390585575,0.786501544292788
Bearing3_3,74,0.2,-0.18865440949071557,0.8208231683497662
Bearing3_3,75,0.20270270270270271,-0.20285882019072837,0.42748779641885093
Bearing3_3,76,0.20540540540540542,-0.22459506361901277,1.059716957356481
Bearing3_3,77,0.20810810810810812,-0.2527818213700843,0.376975324067138
Bearing3_3,78,0.21081081081081082,-0.2530767301374507,0.4111236945931421
Bearing3_3,79,0.21351351351351353,-0.25068306570714827,1.173264234856114
Bearing3_3,80,0.21621621621621623,-0.2793643580148589,0.9083275810339871
Bearing3_3,81,0.21891891891891893,-0.27579767772602837,0.9405093532903004
Bearing3_3,82,0.22162162162162163,-0.3058363856520538,1.8384033165106952
Bearing3_3,83,0.22432432432432434,-0.32515674516737925,0.2440227442911237
Bearing3_3,84,0.22702702702702704,-0.3201790834268222,0.5936037939962886
Bearing3_3,85,0.22972972972972974,-0.3319742137887804,1.304599657212626
Bearing3_3,86,0.23243243243243245,-0.33031415922731144,0.26666655761271996
Bearing3_3,87,0.23513513513513515,-0.3591971297968429,1.394342710348794
Bearing3_3,88,0.23783783783783785,-0.401299763315082,1.10499231543067
Bearing3_3,89,0.24054054054054055,-0.420854567649154,0.15841377217637195
Bearing3_3,90,0.24324324324324326,-0.43149759240270724,0.46769342617000986
Bearing3_3,91,0.24594594594594596,-0.47376324894131694,0.8390721846683499
Bearing3_3,92,0.24864864864864866,-0.4821465564839194,0.13102898372970828
Bearing3_3,93,0.25135135135135134,-0.49812387335648173,0.5715267352210596
Bearing3_3,94,0.25405405405405407,-0.538872368141226,0.8305100037022629
Bearing3_3,95,0.25675675675675674,-0.5659282377667012,0.5851074010089173
Bearing3_3,96,0.2594594594594595,-0.5961882042143103,0.6155961818648573
Bearing3_3,97,0.26216216216216215,-0.6227213923419036,1.1659540169055191
Bearing3_3,98,0.2648648648648649,-0.639553655701111,0.57597329136084
Bearing3_3,99,0.26756756756756755,-0.6607541506777983,0.18455553232627467
Bearing3_3,100,0.2702702702702703,-0.6896556002278775,0.7940426247070701
Bearing3_3,101,0.27297297297297296,-0.7079459694297336,0.32728929097237086
Bearing3_3,102,0.2756756756756757,-0.740679854415163,0.7730504986035346
Bearing3_3,103,0.27837837837837837,-0.7555854589233276,0.46659601156289515
Bearing3_3,104,0.2810810810810811,-0.7658391323843908,0.6408776841806475
Bearing3_3,105,0.28378378378378377,-0.7968453898065013,1.6777773790986756
Bearing3_3,106,0.2864864864864865,-0.8066630893982472,0.7610085247351598
Bearing3_3,107,0.2891891891891892,-0.8048881423547989,0.5795267667992893
Bearing3_3,108,0.2918918918918919,-0.8028551244828221,0.48678282168481307
Bearing3_3,109,0.2945945945945946,-0.8211283213787931,1.2576156608674505
Bearing3_3,110,0.2972972972972973,-0.8244323819065059,0.17616217753799976
Bearing3_3,111,0.3,-0.8354809119050938,0.692003336055059
Bearing3_3,112,0.3027027027027027,-0.8284781050910304,0.3097490067704365
Bearing3_3,113,0.3054054054054054,-0.855025842619904,1.4977900039895964
Bearing3_3,114,0.3081081081081081,-0.8789076992382954,0.40173045143106456
Bearing3_3,115,0.3108108108108108,-0.8835470408549634,0.66992375244389
Bearing3_3,116,0.31351351351351353,-0.8976968006352124,0.3152874299904778
Bearing3_3,117,0.3162162162162162,-0.9283807388774676,1.4444755682827832
Bearing3_3,118,0.31891891891891894,-0.9443968226522044,0.41621614643963106
Bearing3_3,119,0.3216216216216216,-0.9614951700836336,1.3349811858827247
Bearing3_3,120,0.32432432432432434,-0.9777671717750419,0.18410026173302818
Bearing3_3,121,0.327027027027027,-0.9972150962326513,0.8274592906654789
Bearing3_3,122,0.32972972972972975,-1.0152402597083108,0.4038954093468502
Bearing3_3,123,0.3324324324324324,-1.0126804663342608,0.3086457957089809
Bearing3_3,124,0.33513513513513515,-1.0142983775023207,0.6681359552320273
Bearing3_3,125,0.33783783783783783,-1.0203083847368797,0.8602997250524783
Bearing3_3,126,0.34054054054054056,-1.0441907457630684,0.7936798306752559
Bearing3_3,127,0.34324324324324323,-1.0506119853445355,0.48966198812196265
Bearing3_3,128,0.34594594594594597,-1.072264823712802,0.554928285946845
Bearing3_3,129,0.34864864864864864,-1.0872571259476493,0.9818731359554098
Bearing3_3,130,0.35135135135135137,-1.092664003257205,0.6752003039475739
Bearing3_3,131,0.35405405405405405,-1.1007404889154304,0.9893726099182881
Bearing3_3,132,0.3567567567567568,-1.122403402713383,0.4454623524024472
Bearing3_3,133,0.35945945945945945,-1.159891422324034,1.1483652274046832
Bearing3_3,134,0.3621621621621622,-1.1954487130212406,0.5671174470821947
Bearing3_3,135,0.36486486486486486,-1.2157558385223504,0.2822126303744378
Bearing3_3,136,0.3675675675675676,-1.2293694802903998,0.4042496331608965
Bearing3_3,137,0.37027027027027026,-1.2492738885962533,0.8678675473910817
Bearing3_3,138,0.372972972972973,-1.2645978097811315,0.2819457267667353
Bearing3_3,139,0.37567567567567567,-1.2675139187177693,0.32388421187726213
Bearing3_3,140,0.3783783783783784,-1.3027426470809476,1.1944782620338037
Bearing3_3,141,0.3810810810810811,-1.3352019176427186,0.833406666185644
Bearing3_3,142,0.3837837837837838,-1.3659940133759136,0.3635030484193478
Bearing3_3,143,0.3864864864864865,-1.3913277162617514,0.8492139883450017
Bearing3_3,144,0.3891891891891892,-1.4103151819808193,0.21001096383336096
Bearing3_3,145,0.3918918918918919,-1.435076958399034,0.3659835041444115
Bearing3_3,146,0.3945945945945946,-1.4446142961041304,0.5289403985449975
Bearing3_3,147,0.3972972972972973,-1.460086372644091,1.2403087995262128
Bearing3_3,148,0.4,-1.485223476351587,0.7837293455529228
Bearing3_3,149,0.4027027027027027,-1.5057310390176035,0.21447791424654325
Bearing3_3,150,0.40540540540540543,-1.5131660039434958,0.43786878384947087
Bearing3_3,151,0.4081081081081081,-1.517409764884849,0.6665809407816088
Bearing3_3,152,0.41081081081081083,-1.521657351781974,0.37845263758053294
Bearing3_3,153,0.4135135135135135,-1.5238545397132088,0.7623659618830141
Bearing3_3,154,0.41621621621621624,-1.5243341965288901,0.17936628324839987
Bearing3_3,155,0.4189189189189189,-1.5278997372969392,0.6074553995732458
Bearing3_3,156,0.42162162162162165,-1.5655465862873537,1.4173510068530093
Bearing3_3,157,0.4243243243243243,-1.5764198258666968,0.42091045655114734
Bearing3_3,158,0.42702702702702705,-1.588983639854772,0.945687045020563
Bearing3_3,159,0.4297297297297297,-1.5972319520191893,0.33327937533709673
Bearing3_3,160,0.43243243243243246,-1.6030251093402605,0.3384890720299777
Bearing3_3,161,0.43513513513513513,-1.601792643157241,0.25253165477498574
Bearing3_3,162,0.43783783783783786,-1.6220934542521046,1.541062562625266
Bearing3_3,163,0.44054054054054054,-1.6209691539378706,0.5745679890133364
Bearing3_3,164,0.44324324324324327,-1.642944742229215,1.382638139908556
Bearing3_3,165,0.44594594594594594,-1.6711373150283155,0.8579482137656972
Bearing3_3,166,0.4486486486486487,-1.6706318173672003,0.2583738584318799
Bearing3_3,167,0.45135135135135135,-1.6857991248609774,0.5449394659915089
Bearing3_3,168,0.4540540540540541,-1.6936702636680754,0.5356577067825521
Bearing3_3,169,0.45675675675675675,-1.7175412238594867,0.6019917257214532
Bearing3_3,170,0.4594594594594595,-1.7439488420033722,0.45875010166020763
Bearing3_3,171,0.46216216216216216,-1.773365456284416,0.4663528449691346
Bearing3_3,172,0.4648648648648649,-1.7778905127724076,0.24204240166804175
Bearing3_3,173,0.46756756756756757,-1.7901680458366627,0.11913152115782291
Bearing3_3,174,0.4702702702702703,-1.7980188527635932,1.1120060251831403
Bearing3_3,175,0.47297297297297297,-1.8082356091655445,0.9773693976157511
Bearing3_3,176,0.4756756756756757,-1.8393667980382329,1.0284611953519265
Bearing3_3,177,0.4783783783783784,-1.8542905489437327,0.4421954280626411
Bearing3_3,178,0.4810810810810811,-1.8507566306678878,0.6146907970334529
Bearing3_3,179,0.4837837837837838,-1.8533629025520095,0.9218293368084559
Bearing3_3,180,0.4864864864864865,-1.862073151761057,0.8205950796495058
Bearing3_3,181,0.4891891891891892,-1.8843945535814264,1.2199921915003424
Bearing3_3,182,0.4918918918918919,-1.909212328008707,0.33532570152477686
Bearing3_3,183,0.4945945945945946,-1.94454427508525,0.5523392978374353
Bearing3_3,184,0.4972972972972973,-1.9663779228077458,0.34703628178577306
Bearing3_3,185,0.5,-1.9675966428958696,0.2780808430420091
Bearing3_3,186,0.5027027027027027,-1.9506382663113435,0.17999976814182636
Bearing3_3,187,0.5054054054054054,-1.9606000659449385,1.2175067572255382
Bearing3_3,188,0.5081081081081081,-1.987661932188773,0.43948912398470036
Bearing3_3,189,0.5108108108108108,-2.0108330592359325,0.7249840233004663
Bearing3_3,190,0.5135135135135135,-2.020971458000021,0.14896056416072195
Bearing3_3,191,0.5162162162162162,-2.0234450536942017,0.7451908187434859
Bearing3_3,192,0.518918918918919,-2.0324759966454513,0.6532506604846355
Bearing3_3,193,0.5216216216216216,-2.0344873729865602,0.33633652492747407
Bearing3_3,194,0.5243243243243243,-2.038444704098507,0.5253436452848742
Bearing3_3,195,0.527027027027027,-2.0568509468175646,0.639316055371288
Bearing3_3,196,0.5297297297297298,-2.0812248575065064,0.3836697665369553
Bearing3_3,197,0.5324324324324324,-2.103816987609845,1.0194739173601282
Bearing3_3,198,0.5351351351351351,-2.1150469185099476,0.3166322785197022
Bearing3_3,199,0.5378378378378378,-2.1295909085566924,0.9059601383880359
Bearing3_3,200,0.5405405405405406,-2.140199757407855,0.34602666745944144
Bearing3_3,201,0.5432432432432432,-2.153475286215204,0.9062326784252662
Bearing3_3,202,0.5459459459459459,-2.1483695366467197,0.4569245385924552
Bearing3_3,203,0.5486486486486486,-2.1630130404277415,1.261900769751356
Bearing3_3,204,0.5513513513513514,-2.195646799320131,1.4354632552980038
Bearing3_3,205,0.5540540540540541,-2.218413661789331,0.22029453171387747
Bearing3_3,206,0.5567567567567567,-2.244368628921384,0.6120569308542384
Bearing3_3,207,0.5594594594594594,-2.247040442734737,0.4007987514081739
Bearing3_3,208,0.5621621621621622,-2.2648457235627,0.6408627485314257
Bearing3_3,209,0.5648648648648649,-2.2688473239119165,0.22343228046844882
Bearing3_3,210,0.5675675675675675,-2.2982123138096826,1.326119509588669
Bearing3_3,211,0.5702702702702702,-2.3119262156622096,0.2928716164664679
Bearing3_3,212,0.572972972972973,-2.34099939550297,0.5400974707580436
Bearing3_3,213,0.5756756756756757,-2.3617795352899877,0.8179524654471757
Bearing3_3,214,0.5783783783783784,-2.347702198189833,0.5546577728905805
Bearing3_3,215,0.581081081081081,-2.3432751684328488,0.6591062884452946
Bearing3_3,216,0.5837837837837838,-2.341429773945326,0.6372318210834398
Bearing3_3,217,0.5864864864864865,-2.342513978263395,0.22064274570716547
Bearing3_3,218,0.5891891891891892,-2.3441052979742043,0.6514440159058974
Bearing3_3,219,0.5918918918918918,-2.345720031365972,0.2725381880546882
Bearing3_3,220,0.5945945945945946,-2.3314726963363914,0.41416530399611473
Bearing3_3,221,0.5972972972972973,-2.3327455399483843,0.8845363720219871
Bearing3_3,222,0.6,-2.3115320436651823,0.871407438500953
Bearing3_3,223,0.6027027027027027,-2.2921308017824726,0.9420899005886744
Bearing3_3,224,0.6054054054054054,-2.290579683526106,0.47941122532812996
Bearing3_3,225,0.6081081081081081,-2.292570130723223,0.8953682738148304
Bearing3_3,226,0.6108108108108108,-2.2928813792293505,0.5389241332673842
Bearing3_3,227,0.6135135135135135,-2.297377934111439,0.23710985017090117
Bearing3_3,228,0.6162162162162163,-2.3119582107284837,1.2111090363202628
Bearing3_3,229,0.6189189189189189,-2.3329192033822284,0.49665354332808725
Bearing3_3,230,0.6216216216216216,-2.342944230971262,0.338219412439383
Bearing3_3,231,0.6243243243243243,-2.3349192883112293,0.1981582104162
Bearing3_3,232,0.6270270270270271,-2.352018116508304,0.5797442227397465
Bearing3_3,233,0.6297297297297297,-2.3751951345194113,1.2938542399409914
Bearing3_3,234,0.6324324324324324,-2.383737519976907,0.41026333007582083
Bearing3_3,235,0.6351351351351351,-2.393871283396056,0.9290663700778634
Bearing3_3,236,0.6378378378378379,-2.4048270650588726,0.6278280518447679
Bearing3_3,237,0.6405405405405405,-2.4242489184381606,0.5641120032869807
Bearing3_3,238,0.6432432432432432,-2.4232898099517355,0.263127395504775
Bearing3_3,239,0.6459459459459459,-2.4065522404921658,0.487445537777431
Bearing3_3,240,0.6486486486486487,-2.4049092763397644,0.5914831096121251
Bearing3_3,241,0.6513513513513514,-2.414644982420359,0.5870881525842994
Bearing3_3,242,0.654054054054054,-2.4299027760156346,0.8738268714306243
Bearing3_3,243,0.6567567567567567,-2.4307318498530073,0.4406993027434405
Bearing3_3,244,0.6594594594594595,-2.4469952886491226,0.5406419107332519
Bearing3_3,245,0.6621621621621622,-2.444255238351503,0.21078050537898516
Bearing3_3,246,0.6648648648648648,-2.450073393524111,1.079923895043779
Bearing3_3,247,0.6675675675675675,-2.4485745516237456,0.20369762934618946
Bearing3_3,248,0.6702702702702703,-2.445417667757122,0.14707949915362875
Bearing3_3,249,0.672972972972973,-2.464920562701812,0.8776430009289619
Bearing3_3,250,0.6756756756756757,-2.471435982383787,0.21824324475699147
Bearing3_3,251,0.6783783783783783,-2.482030604435744,0.717283771538762
Bearing3_3,252,0.6810810810810811,-2.487253508436507,0.6441793161243597
Bearing3_3,253,0.6837837837837838,-2.4919693408371555,0.4152377547323871
Bearing3_3,254,0.6864864864864865,-2.4880924423388016,0.18462548095013062
Bearing3_3,255,0.6891891891891891,-2.4919580599690008,0.46285032854338765
Bearing3_3,256,0.6918918918918919,-2.4863162487887913,0.61502734699592
Bearing3_3,257,0.6945945945945946,-2.485290341316058,0.4390836922304646
Bearing3_3,258,0.6972972972972973,-2.509426693790611,1.3692097110595531
Bearing3_3,259,0.7,-2.5130075165127566,0.3718238052840833
Bearing3_3,260,0.7027027027027027,-2.5339383898134598,0.844957328316757
Bearing3_3,261,0.7054054054054054,-2.562710237303775,1.2177033388181542
Bearing3_3,262,0.7081081081081081,-2.5733209549963982,0.4881670007569885
Bearing3_3,263,0.7108108108108108,-2.587136643205722,0.6374321721494309
Bearing3_3,264,0.7135135135135136,-2.6130286859022975,0.741989469015978
Bearing3_3,265,0.7162162162162162,-2.6405970692108776,0.42182686531412034
Bearing3_3,266,0.7189189189189189,-2.67291868142729,0.8476728427117179
Bearing3_3,267,0.7216216216216216,-2.7070804258560255,0.5374324886429501
Bearing3_3,268,0.7243243243243244,-2.7152907007272242,0.1154173985875641
Bearing3_3,269,0.727027027027027,-2.729777331207395,0.22771120172624812
Bearing3_3,270,0.7297297297297297,-2.7339441096918966,0.31388052739484334
Bearing3_3,271,0.7324324324324324,-2.7386713490661556,1.2109225540714064
Bearing3_3,272,0.7351351351351352,-2.754471067778552,0.22038432341455683
Bearing3_3,273,0.7378378378378379,-2.7675709625373512,0.48992922955982615
Bearing3_3,274,0.7405405405405405,-2.764416280218304,0.26615045980996377
Bearing3_3,275,0.7432432432432432,-2.7569866517631034,0.20078949841787022
Bearing3_3,276,0.745945945945946,-2.766029140143043,1.739092628727249
Bearing3_3,277,0.7486486486486487,-2.777833621809149,0.751977862238479
Bearing3_3,278,0.7513513513513513,-2.7837077855628793,0.4572065023131231
Bearing3_3,279,0.754054054054054,-2.790664460917945,0.20518109492462103
Bearing3_3,280,0.7567567567567568,-2.7998235428138187,0.3715350138380568
Bearing3_3,281,0.7594594594594595,-2.803279356371203,0.8927411642388354
Bearing3_3,282,0.7621621621621621,-2.8039662234708747,0.2616156588760305
Bearing3_3,283,0.7648648648648648,-2.800245808455297,0.25778214001467037
Bearing3_3,284,0.7675675675675676,-2.815717814610193,0.9050657063660609
Bearing3_3,285,0.7702702702702703,-2.838469792969886,0.5703244865808348
Bearing3_3,286,0.772972972972973,-2.825213270112329,0.3248444674390223
Bearing3_3,287,0.7756756756756756,-2.818490245898819,1.037849317719985
Bearing3_3,288,0.7783783783783784,-2.824334301008854,0.31288844467581267
Bearing3_3,289,0.7810810810810811,-2.8317773647811557,0.3013983786072571
Bearing3_3,290,0.7837837837837838,-2.8490013881586975,0.9448502219313011
Bearing3_3,291,0.7864864864864864,-2.8642992629452064,0.7909481715547075
Bearing3_3,292,0.7891891891891892,-2.8771109593442064,0.19891173169998022
Bearing3_3,293,0.7918918918918919,-2.9148337772656663,1.5875578076301893
Bearing3_3,294,0.7945945945945946,-2.9100008034395257,1.5166875830951068
Bearing3_3,295,0.7972972972972973,-2.9253449406733045,1.6279137895835154
Bearing3_3,296,0.8,-2.9357739680662718,0.624933309659144
Bearing3_3,297,0.8027027027027027,-2.950576140751563,1.3318163929347409
Bearing3_3,298,0.8054054054054054,-2.9628018344277107,0.16913515016497313
Bearing3_3,299,0.8081081081081081,-2.9719672312213783,0.18089309777064455
Bearing3_3,300,0.8108108108108109,-2.9701639485457094,0.4070218319007616
Bearing3_3,301,0.8135135135135135,-2.972964661569974,1.0592949897048924
Bearing3_3,302,0.8162162162162162,-2.986357387538518,0.47468199424629004
Bearing3_3,303,0.8189189189189189,-2.964277682501903,0.43404977390449767
Bearing3_3,304,0.8216216216216217,-2.990722480376736,1.2584898942019063
Bearing3_3,305,0.8243243243243243,-2.991306754725806,0.2958623201983426
Bearing3_3,306,0.827027027027027,-3.01262581985686,0.6088645425162635
Bearing3_3,307,0.8297297297297297,-3.021683325343749,0.6735306406088425
Bearing3_3,308,0.8324324324324325,-3.028928839541416,0.2252331108123112
Bearing3_3,309,0.8351351351351352,-3.0409081314263355,0.3336033722420035
Bearing3_3,310,0.8378378378378378,-3.0516416793545735,0.3555952622555981
Bearing3_3,311,0.8405405405405405,-3.064377276159134,1.1275941489096317
Bearing3_3,312,0.8432432432432433,-3.0643631671370755,0.31496449991765835
Bearing3_3,313,0.845945945945946,-3.0761564961786028,0.33160572915857284
Bearing3_3,314,0.8486486486486486,-3.076082991116615,0.6064116110590517
Bearing3_3,315,0.8513513513513513,-3.0814950478956624,0.5457158352624917
Bearing3_3,316,0.8540540540540541,-3.0823934345003066,0.38593191285589207
Bearing3_3,317,0.8567567567567568,-3.074761042777845,0.20827321882692637
Bearing3_3,318,0.8594594594594595,-3.086857424279338,1.1370652708140807
Bearing3_3,319,0.8621621621621621,-3.081905192477409,0.6892801404690697
Bearing3_3,320,0.8648648648648649,-3.086164384294153,0.8554578720632913
Bearing3_3,321,0.8675675675675676,-3.0580309397225562,0.7643823456501113
Bearing3_3,322,0.8702702702702703,-3.0623997254687922,1.609098996647978
Bearing3_3,323,0.8729729729729729,-3.070500551773023,0.5032821266970499
Bearing3_3,324,0.8756756756756757,-3.075539251488264,0.43134770159383645
Bearing3_3,325,0.8783783783783784,-3.0754825148077565,0.32829417567644886
Bearing3_3,326,0.8810810810810811,-3.0785012811303383,0.5469137810132978
Bearing3_3,327,0.8837837837837837,-3.0780451258367036,0.13969555421553542
Bearing3_3,328,0.8864864864864865,-3.0645441982575887,0.4224620571388865
Bearing3_3,329,0.8891891891891892,-3.0755975551897663,0.7466022375949565
Bearing3_3,330,0.8918918918918919,-3.0857142715600117,0.7083084420663414
Bearing3_3,331,0.8945945945945946,-3.102511466528126,0.334291621182577
Bearing3_3,332,0.8972972972972973,-3.1068907300831152,0.8961086552834023
Bearing3_3,333,0.9,-3.10236306119437,0.29624076110077013
Bearing3_3,334,0.9027027027027027,-3.1014503245585496,0.6174599375213344
Bearing3_3,335,0.9054054054054054,-3.1053801304568145,0.5991809076600286
Bearing3_3,336,0.9081081081081082,-3.087421851209722,0.798276383406508
Bearing3_3,337,0.9108108108108108,-3.0749202053419755,0.26215001728801396
Bearing3_3,338,0.9135135135135135,-3.0203120050948096,2.027628177297109
Bearing3_3,339,0.9162162162162162,-2.9481066398790943,0.3283566564756939
Bearing3_3,340,0.918918918918919,-2.7698294959512304,5.2885717141776185
Bearing3_3,341,0.9216216216216216,-2.5340056707001954,3.6787767162758995
Bearing3_3,342,0.9243243243243243,-2.0458269907003945,13.453954300256122
Bearing3_3,343,0.927027027027027,-1.3745712587924355,10.39545082883785
Bearing3_3,344,0.9297297297297298,-0.47183603612875835,12.312599866596203
Bearing3_3,345,0.9324324324324325,0.5202323170003338,4.286721649532929
Bearing3_3,346,0.9351351351351351,1.5210543018019087,0.7950201985097138
Bearing3_3,347,0.9378378378378378,2.5436606396052164,0.5101296951324612
Bearing3_3,348,0.9405405405405406,3.6064503643204504,3.765330652692494
Bearing3_3,349,0.9432432432432433,4.66100688353887,0.801233499708168
Bearing3_3,350,0.9459459459459459,5.598680867633038,1.7848595830272562
Bearing3_3,351,0.9486486486486486,6.501771143809106,1.2784075070271341
Bearing3_3,352,0.9513513513513514,7.164918426395978,0.6260681345114526
Bearing3_3,353,0.9540540540540541,7.634934484647052,0.8821806645289959
Bearing3_3,354,0.9567567567567568,7.882158932053429,0.47893456475153356
Bearing3_3,355,0.9594594594594594,8.042518923146574,0.6650341053771929
Bearing3_3,356,0.9621621621621622,8.173437511628244,0.7102537036942866
Bearing3_3,357,0.9648648648648649,8.278994464424612,0.7322493631812563
Bearing3_3,358,0.9675675675675676,8.300730348755042,0.7582880317904582
Bearing3_3,359,0.9702702702702702,8.322641700885288,0.46746793342782855
Bearing3_3,360,0.972972972972973,8.362779094247113,0.5540774162351005
Bearing3_3,361,0.9756756756756757,8.372049957555722,0.4135255247933733
Bearing3_3,362,0.9783783783783784,8.37706724817819,0.6855467971407051
Bearing3_3,363,0.981081081081081,8.384288814875916,0.6518975617872694
Bearing3_3,364,0.9837837837837838,8.386418650923577,0.6532956096765795
Bearing3_3,365,0.9864864864864865,8.389761035780733,0.5449571042820186
Bearing3_3,366,0.9891891891891892,8.393313878940651,0.6543598813668494
Bearing3_3,367,0.9918918918918919,8.399286792622629,0.5575736027904629
Bearing3_3,368,0.9945945945945946,8.407352713934717,0.619955755628455
Bearing3_3,369,0.9972972972972973,8.41110205407234,0.6859886078691171
Bearing3_3,370,1.0,8.415668335899943,0.520555311705399
