arm,seed,bearing_id,origin_step,target_step,included_in_primary,gru_step_mse,persistence_step_mse,gru_minus_persistence
control,20260916,Bearing1_1,0,1,False,0.16337626613676548,0.019437940325587988,0.1439383258111775
control,20260916,Bearing1_1,1,2,False,0.08155995795095805,0.001062930496118497,0.08049702745483955
control,20260916,Bearing1_1,2,3,False,0.06851370722870342,0.0009837937468546443,0.06752991348184878
control,20260916,Bearing1_1,3,4,False,0.03160590666175267,0.01134567114058882,0.02026023552116385
control,20260916,Bearing1_1,4,5,False,0.019619778395281173,0.005488365364726633,0.01413141303055454
control,20260916,Bearing1_1,5,6,False,0.010338706192563052,0.005337759241228923,0.005000946951334129
control,20260916,Bearing1_1,6,7,False,0.015856023848755285,0.00017228962868109932,0.015683734220074186
control,20260916,Bearing1_1,7,8,False,0.012846565574818669,0.0003942497405660106,0.012452315834252659
control,20260916,Bearing1_1,8,9,False,0.0038910126050097915,0.014233438996598125,-0.010342426391588333
control,20260916,Bearing1_1,9,10,False,0.002448150784630343,0.0011541252679307945,0.0012940255166995485
control,20260916,Bearing1_1,10,11,False,0.012225281752762385,0.014989871997386217,-0.0027645902446238324
control,20260916,Bearing1_1,11,12,False,0.002844133420694561,9.198155566991773e-05,0.0027521518650246435
control,20260916,Bearing1_1,12,13,False,0.006952970958082005,0.0028219512023497373,0.004131019755732268
control,20260916,Bearing1_1,13,14,False,0.001445945912116997,0.0014162624793243594,2.9683432792637632e-05
control,20260916,Bearing1_1,14,15,False,0.004891678716376191,0.0013595329219242558,0.003532145794451935
control,20260916,Bearing1_1,15,16,False,0.006289037351962179,0.0010186779945797753,0.005270359357382404
control,20260916,Bearing1_1,16,17,False,0.012704028282314539,0.0031656745995860547,0.009538353682728484
control,20260916,Bearing1_1,17,18,False,0.0025209884897776647,0.0011547785252332687,0.001366209964544396
control,20260916,Bearing1_1,18,19,False,0.00654970362666063,0.0004923819651594386,0.0060573216615011916
control,20260916,Bearing1_1,19,20,False,0.004994930292014033,8.712622280881988e-05,0.004907804069205213
control,20260916,Bearing1_1,20,21,False,0.032068673288449645,0.01296363992150873,0.019105033366940916
control,20260916,Bearing1_1,21,22,False,0.004912587319267914,0.024891065899282694,-0.01997847858001478
control,20260916,Bearing1_1,22,23,False,0.02810787910129875,0.018088716082274914,0.010019163019023836
control,20260916,Bearing1_1,23,24,False,0.021305924572516233,0.002278247782669496,0.019027676789846737
control,20260916,Bearing1_1,24,25,True,0.0021824715367984027,0.003931108234610292,-0.0017486366978118895
control,20260916,Bearing1_1,25,26,True,0.008560450572986156,0.0005832093081608036,0.007977241264825352
control,20260916,Bearing1_1,26,27,True,0.04691754700616002,0.018876298679970205,0.028041248326189816
control,20260916,Bearing1_1,27,28,True,0.0027216568814765196,0.01707959920167923,-0.01435794232020271
control,20260916,Bearing1_1,28,29,True,0.017877443722682074,0.004800515860551968,0.013076927862130105
control,20260916,Bearing1_1,29,30,True,0.02411045299959369,0.0031544652592856437,0.020955987740308046
control,20260916,Bearing1_1,30,31,True,0.006802867261285428,0.0013136696652509272,0.005489197596034501
control,20260916,Bearing1_1,31,32,True,0.0025857092625152234,0.005389750993344933,-0.0028040417308297094
control,20260916,Bearing1_1,32,33,True,0.012963327288161963,0.002146241895388812,0.010817085392773151
control,20260916,Bearing1_1,33,34,True,0.0527087994851172,0.019994114991277456,0.03271468449383974
control,20260916,Bearing1_1,34,35,True,0.019899845659438142,0.0005778091131674046,0.019322036546270738
control,20260916,Bearing1_1,35,36,True,0.01150760969358089,0.03271249053068459,-0.0212048808371037
control,20260916,Bearing1_1,36,37,True,0.04530531517229974,0.02669460279867053,0.018610712373629212
control,20260916,Bearing1_1,37,38,True,0.0020349775830226235,0.013434621971100569,-0.011399644388077945
control,20260916,Bearing1_1,38,39,True,0.006750193131210835,0.0005789428059870261,0.006171250325223809
control,20260916,Bearing1_1,39,40,True,0.07895171036943793,0.0427776463329792,0.03617406403645873
control,20260916,Bearing1_1,40,41,True,0.007649636115729663,0.033179401187226176,-0.025529765071496513
control,20260916,Bearing1_1,41,42,True,0.002644029557131944,0.00314064507256262,-0.0004966155154306762
control,20260916,Bearing1_1,42,43,True,0.002531435895434697,0.002663458770257421,-0.00013202287482272368
control,20260916,Bearing1_1,43,44,True,0.0890378039330244,0.05438178451731801,0.034656019415706396
control,20260916,Bearing1_1,44,45,True,0.005174808549554655,0.026938887778669596,-0.02176407922911494
control,20260916,Bearing1_1,45,46,True,0.05487678083591163,0.03131873952224851,0.023558041313663125
control,20260916,Bearing1_1,46,47,True,0.004578069937451801,0.008956651960033923,-0.004378582022582123
control,20260916,Bearing1_1,47,48,True,0.0051515204353904664,0.015540386142674834,-0.010388865707284367
control,20260916,Bearing1_1,48,49,True,0.008341881926298811,0.0007287733506018412,0.00761310857569697
control,20260916,Bearing1_1,49,50,True,0.029907079529948533,0.008446235355222598,0.021460844174725935
control,20260916,Bearing1_1,50,51,True,0.003835529991192743,0.011550931143574417,-0.0077154011523816735
control,20260916,Bearing1_1,51,52,True,0.015528839430771768,0.0033820482130977325,0.012146791217674036
control,20260916,Bearing1_1,52,53,True,0.014358671032823622,0.001011524193941682,0.01334714683888194
control,20260916,Bearing1_1,53,54,True,0.0036864174971924513,0.0026067016588058323,0.001079715838386619
control,20260916,Bearing1_1,54,55,True,0.01891874091234058,0.0034029930538963526,0.015515747858444229
control,20260916,Bearing1_1,55,56,True,0.023390326648950577,0.0024605994258308783,0.0209297272231197
control,20260916,Bearing1_1,56,57,True,0.0029983973562366373,0.00926924915984273,-0.006270851803606092
control,20260916,Bearing1_1,57,58,True,0.012212262889079284,0.0015293671567633282,0.010682895732315956
control,20260916,Bearing1_1,58,59,True,0.009910662003676407,1.919593213983717e-05,0.00989146607153657
control,20260916,Bearing1_1,59,60,True,0.008504159537551459,0.0005105095206090482,0.00799365001694241
control,20260916,Bearing1_1,60,61,True,0.017200994829181582,0.003337808554078947,0.013863186275102635
control,20260916,Bearing1_1,61,62,True,0.004027404203625906,0.012525077792815864,-0.008497673589189958
control,20260916,Bearing1_1,62,63,True,0.0056227068490213306,0.00012762252089260073,0.00549508432812873
control,20260916,Bearing1_1,63,64,True,0.061033972539007664,0.029827943071722984,0.03120602946728468
control,20260916,Bearing1_1,64,65,True,0.007477853985619731,0.0038473253516713157,0.0036305286339484155
control,20260916,Bearing1_1,65,66,True,0.028220288222655654,0.007082877738866955,0.0211374104837887
control,20260916,Bearing1_1,66,67,True,0.0064597169402986765,0.0014698325394419953,0.004989884400856681
control,20260916,Bearing1_1,67,68,True,0.012777257269590336,0.0009005443312162242,0.011876712938374112
control,20260916,Bearing1_1,68,69,True,0.02075614084606059,0.0027881958230864257,0.017967945022974163
control,20260916,Bearing1_1,69,70,True,0.03684517275542021,0.010691683972254395,0.026153488783165812
control,20260916,Bearing1_1,70,71,True,0.03047333961694676,0.006794449232984334,0.023678890383962425
control,20260916,Bearing1_1,71,72,True,0.023138940660828666,0.005099117857753299,0.018039822803075367
control,20260916,Bearing1_1,72,73,True,0.012384337329422124,0.003231654438422993,0.009152682890999131
control,20260916,Bearing1_1,73,74,True,0.013613742601592094,0.009557472658343613,0.0040562699432484806
control,20260916,Bearing1_1,74,75,True,0.019199014925106894,0.025020939181558788,-0.005821924256451894
control,20260916,Bearing1_1,75,76,True,0.019423120058490895,0.002938293677289039,0.016484826381201856
control,20260916,Bearing1_1,76,77,True,0.008126655564410612,0.044800158590078354,-0.03667350302566774
control,20260916,Bearing1_1,77,78,True,0.14274131692945957,0.2267765924334526,-0.08403527550399303
control,20260916,Bearing1_1,78,79,True,0.034032360126730055,6.226569507816748e-05,0.03397009443165189
control,20260916,Bearing1_1,79,80,True,0.00623378981526912,0.00031985747591534164,0.005913932339353778
control,20260916,Bearing1_1,80,81,True,0.0019197272849851288,1.6708748717064736e-05,0.001903018536268064
control,20260916,Bearing1_1,81,82,True,0.006908597653819015,1.3183611358158487e-05,0.006895414042460857
control,20260916,Bearing1_1,82,83,True,0.00958749049459584,0.0006332990315058851,0.008954191463089956
control,20260916,Bearing1_1,83,84,True,0.015256949060130864,1.4830552381273066e-05,0.015242118507749591
control,20260916,Bearing1_1,84,85,True,0.019824687216896564,3.7890557024411464e-05,0.019786796659872152
control,20260916,Bearing1_1,85,86,True,0.024895300099160522,2.6768419459699544e-05,0.024868531679700823
control,20260916,Bearing1_1,86,87,True,0.026001832622569054,8.688711952231642e-05,0.025914945503046738
control,20260916,Bearing1_1,87,88,True,0.029201685334555805,1.6445488117966534e-05,0.029185239846437838
control,20260916,Bearing1_1,88,89,True,0.029939169995486736,7.608439194228822e-05,0.029863085603544448
control,20260916,Bearing1_1,89,90,True,0.030701448675245047,2.14124518151948e-05,0.030680036223429852
control,20260916,Bearing1_1,90,91,True,0.03381381242070347,3.354295654389716e-05,0.033780269464159574
control,20260916,Bearing1_1,91,92,True,0.03248660487588495,0.000138763264658337,0.03234784161122661
control,20260916,Bearing1_1,92,93,True,0.032597005600109696,2.402884225105595e-05,0.03257297675785864
control,20260916,Bearing1_1,93,94,True,0.03368650341872126,5.881591466305736e-06,0.03368062182725495
control,20260916,Bearing1_1,94,95,True,0.03369330387795344,3.8246814312969946e-05,0.03365505706364047
control,20260916,Bearing1_1,95,96,True,0.03456875722622499,5.5921630292221636e-05,0.03451283559593277
control,20260916,Bearing1_1,96,97,True,0.03232438489794731,7.142266326809477e-05,0.03225296223467922
control,20260916,Bearing1_1,97,98,True,0.035460759652778506,4.002207330700003e-05,0.035420737579471506
control,20260916,Bearing1_1,98,99,True,0.03423631825717166,4.570308900042619e-05,0.034190615168171234
control,20260916,Bearing1_1,99,100,True,0.0359366619377397,5.470650381766973e-05,0.03588195543392203
control,20260916,Bearing1_1,100,101,True,0.034926020831335336,3.255596840290309e-05,0.03489346486293243
control,20260916,Bearing1_1,101,102,True,0.03486608725506812,1.1748787549947792e-05,0.034854338467518176
control,20260916,Bearing1_1,102,103,True,0.03399494610494003,1.692500835304145e-05,0.033978021096586986
control,20260916,Bearing1_1,103,104,True,0.03505833097733557,1.0421984815156549e-05,0.035047908992520416
control,20260916,Bearing1_1,104,105,True,0.034738587390165776,3.677005154045787e-05,0.03470181733862532
control,20260916,Bearing1_1,105,106,True,0.03605946822790429,1.5948774304774815e-05,0.036043519453599515
control,20260916,Bearing1_1,106,107,True,0.03475309431087226,5.7687076605361653e-05,0.034695407234266895
control,20260916,Bearing1_1,107,108,True,0.03630146448267624,1.977582065393335e-05,0.036281688662022304
control,20260916,Bearing1_1,108,109,True,0.03391404199646786,4.7555218202433025e-05,0.033866486778265426
control,20260916,Bearing1_1,109,110,True,0.03424702520715073,2.4718786733046727e-05,0.03422230642041768
control,20260916,Bearing1_1,110,111,True,0.034431352745741606,2.05674973301484e-05,0.03441078524841146
control,20260916,Bearing1_1,111,112,True,0.033275850175414234,2.869719702580653e-05,0.03324715297838843
control,20260916,Bearing1_1,112,113,True,0.034381555422442034,0.00010480465604700839,0.034276750766395025
control,20260916,Bearing1_1,113,114,True,0.032035183045081794,5.449807920854255e-05,0.03198068496587325
control,20260916,Bearing1_1,114,115,True,0.03316394830471836,2.1652610598721367e-05,0.03314229569411964
control,20260916,Bearing1_1,115,116,True,0.03388971256208606,2.7506973844459992e-05,0.0338622055882416
control,20260916,Bearing1_1,116,117,True,0.034535111975856125,7.211206058066466e-05,0.03446299991527546
control,20260916,Bearing1_1,117,118,True,0.03266955443541519,6.079167940242769e-05,0.032608762756012766
control,20260916,Bearing1_1,118,119,True,0.03294010297395289,1.3970411146146944e-05,0.03292613256280674
control,20260916,Bearing1_1,119,120,True,0.03161753495805897,5.17774641051183e-05,0.03156575749395385
control,20260916,Bearing1_1,120,121,True,0.029184362196247093,0.00015789664923460123,0.029026465547012492
control,20260916,Bearing1_1,121,122,True,0.023095754223504628,0.002487897914761561,0.020607856308743067
control,20260916,Bearing1_2,0,1,False,0.10382750781718642,6.884074901059023e-05,0.10375866706817582
control,20260916,Bearing1_2,1,2,False,0.015538347681967934,0.006535779626574367,0.009002568055393567
control,20260916,Bearing1_2,2,3,False,0.017592794760275865,0.0015294107288355008,0.016063384031440364
control,20260916,Bearing1_2,3,4,False,0.02070181743192734,0.0007184710370395919,0.019983346394887747
control,20260916,Bearing1_2,4,5,False,0.02718689208268188,0.0009322044970758725,0.026254687585606007
control,20260916,Bearing1_2,5,6,False,0.010413604675704846,0.0047103650867938995,0.005703239588910947
control,20260916,Bearing1_2,6,7,False,0.010271220635331701,0.0005457370043586707,0.00972548363097303
control,20260916,Bearing1_2,7,8,False,0.006771365314762079,0.000983730473308242,0.005787634841453837
control,20260916,Bearing1_2,8,9,False,0.016749258589698002,0.0016990351432468742,0.015050223446451128
control,20260916,Bearing1_2,9,10,False,0.015435870625424286,0.00014805132607875748,0.015287819299345529
control,20260916,Bearing1_2,10,11,False,0.01441579107608959,8.690047934578615e-05,0.014328890596743804
control,20260916,Bearing1_2,11,12,False,0.015480641093631675,0.00011772474164217783,0.015362916351989497
control,20260916,Bearing1_2,12,13,False,0.0171768283835263,0.0001364793828315669,0.017040349000694732
control,20260916,Bearing1_2,13,14,False,0.010595773783279583,0.0010230270181637025,0.00957274676511588
control,20260916,Bearing1_2,14,15,False,0.03668894321890548,0.007978285546414554,0.028710657672490925
control,20260916,Bearing1_2,15,16,False,0.03435218415688723,0.0005402407268775278,0.033811943430009705
control,20260916,Bearing1_2,16,17,False,0.025455571070779115,0.0003877186339025229,0.025067852436876592
control,20260916,Bearing1_2,17,18,False,0.022955891847232124,0.00045533086677096435,0.02250056098046116
control,20260916,Bearing1_2,18,19,False,0.025399422826012596,0.0001619445542928588,0.025237478271719738
control,20260916,Bearing1_2,19,20,False,0.03441327903419733,0.0008102233841782436,0.03360305565001909
control,20260916,Bearing1_2,20,21,False,0.05214004288427532,0.002815003666910343,0.049325039217364974
control,20260916,Bearing1_2,21,22,False,0.022084396550781094,0.004765727091580629,0.017318669459200464
control,20260916,Bearing1_2,22,23,False,0.017414625905530556,0.0015113247136469,0.015903301191883656
control,20260916,Bearing1_2,23,24,False,0.016067990985902725,0.0005751893449996714,0.015492801640903053
control,20260916,Bearing1_2,24,25,True,0.02580630505690351,0.001193298838188639,0.024613006218714872
control,20260916,Bearing1_2,25,26,True,0.010537447436945513,0.0035887772392015904,0.0069486701977439225
control,20260916,Bearing1_2,26,27,True,0.023349353097728454,0.0018696146871661767,0.021479738410562277
control,20260916,Bearing1_2,27,28,True,0.024446959811029956,0.0002161158573414923,0.024230843953688463
control,20260916,Bearing1_2,28,29,True,0.02354667870895355,6.647471219167755e-05,0.023480203996761873
control,20260916,Bearing1_2,29,30,True,0.013638628388434881,0.0014935230719856918,0.01214510531644919
control,20260916,Bearing1_2,30,31,True,0.09124147868715227,0.033611845690757036,0.05762963299639523
control,20260916,Bearing1_2,31,32,True,0.07879775832407176,0.001172259777376894,0.07762549854669487
control,20260916,Bearing1_2,32,33,True,0.03081355668064134,0.010398878657724708,0.020414678022916632
control,20260916,Bearing1_2,33,34,True,0.017987966180953663,0.0045752406876999885,0.013412725493253674
control,20260916,Bearing1_2,34,35,True,0.02185920516274109,9.183998399464599e-05,0.021767365178746445
control,20260916,Bearing1_2,35,36,True,0.004866936920734588,0.016289993189275265,-0.011423056268540677
control,20260916,Bearing1_2,36,37,True,0.009707286076718447,0.01921697927173227,-0.009509693195013824
control,20260916,Bearing1_2,37,38,True,0.0337798249674961,0.027182398596778512,0.006597426370717585
control,20260916,Bearing1_2,38,39,True,0.004718428694332033,0.0010108935093740001,0.003707535184958033
control,20260916,Bearing1_2,39,40,True,0.020432312972843647,0.00809983559884131,0.012332477374002337
control,20260916,Bearing1_2,40,41,True,0.024633199429445085,0.05279303016141057,-0.028159830731965485
control,20260916,Bearing1_2,41,42,True,0.012521303840912879,0.01576642505824566,-0.0032451212173327804
control,20260916,Bearing1_2,42,43,True,0.06925196759402752,0.04225450428202748,0.026997463312000036
control,20260916,Bearing1_2,43,44,True,0.007160892913816497,0.035057443426921964,-0.027896550513105467
control,20260916,Bearing1_2,44,45,True,0.31305038556456566,0.280951164662838,0.032099220901727676
control,20260916,Bearing1_2,45,46,True,0.11310187517665327,0.01717927190475166,0.09592260327190161
control,20260916,Bearing1_2,46,47,True,0.00979216347241163,0.01063047454226762,-0.0008383110698559904
control,20260916,Bearing1_2,47,48,True,0.13756006164476275,0.13738737907260656,0.00017268257215619087
control,20260916,Bearing1_2,48,49,True,0.07006577600259334,0.07207534881308675,-0.0020095728104934096
control,20260916,Bearing1_2,49,50,True,0.1812587147578597,0.08931050170212984,0.09194821305572987
control,20260916,Bearing1_2,50,51,True,0.011152558850881178,0.007068879378493875,0.004083679472387303
control,20260916,Bearing1_2,51,52,True,0.03584842069903971,0.03238578210584819,0.003462638593191514
control,20260916,Bearing1_2,52,53,True,0.008757147283176892,0.001640920013755931,0.0071162272694209605
control,20260916,Bearing1_2,53,54,True,0.0381217158283107,0.010180504235904664,0.027941211592406034
control,20260916,Bearing1_2,54,55,True,0.02525099991157731,0.07503901282325387,-0.04978801291167656
control,20260916,Bearing1_2,55,56,True,0.01677018869547453,0.0021686769105144776,0.014601511784960053
control,20260916,Bearing1_2,56,57,True,0.005411952846316126,0.028315146919339895,-0.02290319407302377
control,20260916,Bearing1_2,57,58,True,0.00632536086482105,0.010688543901778758,-0.004363183036957707
control,20260916,Bearing1_2,58,59,True,0.03211386041948572,0.0003275818846226741,0.031786278534863044
control,20260916,Bearing1_2,59,60,True,0.020878146311588353,0.00984646868892014,0.011031677622668212
control,20260916,Bearing1_2,60,61,True,0.048805477330461144,0.00018363127184928274,0.04862184605861186
control,20260916,Bearing1_2,61,62,True,0.04664707405027002,0.21035071089863777,-0.16370363684836775
control,20260916,Bearing1_2,62,63,True,0.0712113284971565,0.025576062267646194,0.04563526622951031
control,20260916,Bearing1_2,63,64,True,0.05610304558649659,0.002178072798415087,0.053924972788081504
control,20260916,Bearing1_2,64,65,True,0.011833915297984277,0.006403321109246463,0.005430594188737814
control,20260916,Bearing1_2,65,66,True,0.03200021630618721,0.0121789172408171,0.019821299065370113
control,20260916,Bearing1_2,66,67,True,0.01619654028036166,0.0005256007189018419,0.015670939561459818
control,20260916,Bearing1_2,67,68,True,0.006700316024762287,0.0007313453206734266,0.005968970704088861
control,20260916,Bearing1_2,68,69,True,0.0018701954541029409,0.002434597408864647,-0.0005644019547617063
control,20260916,Bearing1_2,69,70,True,0.0051245334764189465,0.0035462668965919875,0.001578266579826959
control,20260916,Bearing1_2,70,71,True,0.002393081595073454,0.0058162714703939855,-0.0034231898753205314
control,20260916,Bearing1_2,71,72,True,0.003189731141901575,0.004540561931207776,-0.001350830789306201
control,20260916,Bearing1_2,72,73,True,0.0024042595741775585,3.074454975049434e-05,0.002373515024427064
control,20260916,Bearing1_2,73,74,True,0.004444956637087216,0.001301998388953507,0.0031429582481337093
control,20260916,Bearing1_2,74,75,True,0.0024579584642197005,0.0011539936785993632,0.0013039647856203374
control,20260916,Bearing1_2,75,76,True,0.0024619137584522832,7.724182865587181e-05,0.0023846719297964114
control,20260916,Bearing1_2,76,77,True,0.0021701798104913905,4.464635900092162e-06,0.0021657151745912984
control,20260916,Bearing1_2,77,78,True,0.0044011075193566285,0.0015823780559003353,0.002818729463456293
control,20260916,Bearing1_2,78,79,True,0.0025289293535024626,0.0005605657388514373,0.0019683636146510253
control,20260916,Bearing1_2,79,80,True,0.007180841545050498,0.0030111851228866726,0.0041696564221638255
control,20260916,Bearing1_2,80,81,True,0.006444749644288095,5.287653550567484e-05,0.00639187310878242
control,20260916,Bearing1_2,81,82,True,0.002862487252940582,0.0012851556784880813,0.0015773315744525007
control,20260916,Bearing1_2,82,83,True,0.0037061563891711558,0.00016787505910542677,0.003538281330065729
control,20260916,Bearing1_2,83,84,True,0.006141198269688175,0.0007714078019489534,0.005369790467739222
control,20260916,Bearing1_2,84,85,True,0.0030751254802012795,0.001182447205792414,0.0018926782744088655
control,20260916,Bearing1_2,85,86,True,0.004264978828587118,0.0005196747813442926,0.0037453040472428256
control,20260916,Bearing1_2,86,87,True,0.003663697227693774,5.420241188858199e-05,0.003609494815805192
control,20260916,Bearing1_2,87,88,True,0.002114462853569421,0.0005056599320596433,0.0016088029215097777
control,20260916,Bearing1_2,88,89,True,0.0035908115237361926,0.0007423437855322845,0.002848467738203908
control,20260916,Bearing1_2,89,90,True,0.004090050764148145,4.806733659279416e-05,0.004041983427555351
control,20260916,Bearing1_2,90,91,True,0.005674680096490192,0.00033181995240738615,0.005342860144082806
control,20260916,Bearing1_2,91,92,True,0.0052291060887910135,3.1274664422653586e-05,0.00519783142436836
control,20260916,Bearing1_2,92,93,True,0.006986489286646247,0.00030953050600146526,0.006676958780644782
control,20260916,Bearing1_2,93,94,True,0.006416610038286308,2.6258150114699674e-05,0.006390351888171608
control,20260916,Bearing1_2,94,95,True,0.00653990643331781,1.3586812983135133e-05,0.006526319620334675
control,20260916,Bearing1_2,95,96,True,0.0056674160123293404,4.1863557271426544e-05,0.005625552455057914
control,20260916,Bearing1_2,96,97,True,0.005372469391659251,2.1711203949337232e-05,0.005350758187709914
control,20260916,Bearing1_2,97,98,True,0.005765786707343068,2.0548229343830826e-05,0.005745238477999237
control,20260916,Bearing1_2,98,99,True,0.005392065933847334,2.9586624679112106e-05,0.005362479309168222
control,20260916,Bearing1_2,99,100,True,0.00610102007885871,3.728659676660584e-05,0.006063733482092104
control,20260916,Bearing1_2,100,101,True,0.0070085384213598445,8.151907741194009e-05,0.006927019343947904
control,20260916,Bearing1_2,101,102,True,0.007823141138942447,5.599324129690331e-05,0.007767147897645543
control,20260916,Bearing1_2,102,103,True,0.00811613658152055,1.7645049940284707e-05,0.008098491531580265
control,20260916,Bearing1_2,103,104,True,0.0079327610656037,1.7772357082890267e-05,0.00791498870852081
control,20260916,Bearing1_2,104,105,True,0.006767118555217166,7.389034067273315e-05,0.006693228214544433
control,20260916,Bearing1_2,105,106,True,0.007160765890148468,4.13479681355966e-05,0.007119417922012872
control,20260916,Bearing1_2,106,107,True,0.007232003179524327,2.727886518982814e-05,0.0072047243143344986
control,20260916,Bearing1_2,107,108,True,0.007203905970527558,2.002267182810158e-05,0.007183883298699456
control,20260916,Bearing1_2,108,109,True,0.00685128018631076,1.0449317130678537e-05,0.006840830869180081
control,20260916,Bearing1_2,109,110,True,0.006803020376537461,5.2563727344079325e-06,0.006797764003803053
control,20260916,Bearing1_2,110,111,True,0.006117594653915148,4.428666034073103e-05,0.006073307993574417
control,20260916,Bearing1_2,111,112,True,0.006307734496658668,3.558958190019723e-05,0.006272144914758471
control,20260916,Bearing1_2,112,113,True,0.005596910164967994,4.329955280013564e-05,0.0055536106121678586
control,20260916,Bearing1_2,113,114,True,0.0058059260563823045,6.921983789709429e-06,0.005799004072592595
control,20260916,Bearing1_2,114,115,True,0.006281930309341988,2.623456356332099e-05,0.006255695745778667
control,20260916,Bearing1_2,115,116,True,0.006190123087435495,1.690073960958216e-05,0.006173222347825913
control,20260916,Bearing1_2,116,117,True,0.006262005012104055,3.5138773633036635e-06,0.006258491134740751
control,20260916,Bearing1_2,117,118,True,0.006004574166581733,9.530344115660228e-06,0.005995043822466073
control,20260916,Bearing1_2,118,119,True,0.0065805640842881985,1.887476850015446e-05,0.006561689315788044
control,20260916,Bearing1_2,119,120,True,0.006311448385531548,9.164046751664046e-06,0.006302284338779884
control,20260916,Bearing1_2,120,121,True,0.0071712178469169885,3.501312644971222e-05,0.007136204720467276
control,20260916,Bearing1_2,121,122,True,0.0074183147444273345,5.1941052696236056e-05,0.0073663736917310985
control,20260916,Bearing1_2,122,123,True,0.007879030410549603,6.275946580558411e-05,0.00781627094474402
control,20260916,Bearing1_2,123,124,True,0.007918700364825781,1.80946802927906e-05,0.00790060568453299
control,20260916,Bearing1_2,124,125,True,0.008477257208141964,0.00010481639372983409,0.00837244081441213
control,20260916,Bearing1_2,125,126,True,0.008453505419311114,0.000208970130872288,0.008244535288438826
control,20260916,Bearing1_2,126,127,True,0.008393998810788617,1.2014826172190851e-05,0.008381983984616426
control,20260916,Bearing1_2,127,128,True,0.008763929654378444,4.529330038849366e-05,0.00871863635398995
control,20260916,Bearing1_2,128,129,True,0.00906136361300014,1.9845387413397475e-05,0.009041518225586742
control,20260916,Bearing1_2,129,130,True,0.009659611692768522,1.5238278239237957e-05,0.009644373414529284
control,20260916,Bearing1_2,130,131,True,0.00972060598724056,8.327067378743891e-06,0.009712278919861816
control,20260916,Bearing1_2,131,132,True,0.00972413644194603,2.5685526097163347e-06,0.009721567889336313
control,20260916,Bearing1_2,132,133,True,0.010302321155904792,2.0169618267118494e-05,0.010282151537637674
control,20260916,Bearing1_2,133,134,True,0.009553095063893124,2.4447254162396348e-05,0.009528647809730728
control,20260916,Bearing1_2,134,135,True,0.010240427451208234,2.028112402285842e-05,0.010220146327185375
control,20260916,Bearing1_2,135,136,True,0.010641190136084333,3.5210876887958875e-05,0.010605979259196374
control,20260916,Bearing1_2,136,137,True,0.010226124548353255,2.2707894197893097e-05,0.010203416654155362
control,20260916,Bearing1_2,137,138,True,0.010283554089255631,9.636532057655245e-06,0.010273917557197976
control,20260916,Bearing1_2,138,139,True,0.009880119599984027,5.733903467586288e-06,0.009874385696516441
control,20260916,Bearing1_2,139,140,True,0.009540374565403908,7.864914886468455e-06,0.00953250965051744
control,20260916,Bearing1_2,140,141,True,0.009319137752754614,9.50337019567371e-06,0.00930963438255894
control,20260916,Bearing1_2,141,142,True,0.009423282637726516,4.080691738295172e-06,0.00941920194598822
control,20260916,Bearing1_2,142,143,True,0.008880288958607707,1.334413033760029e-05,0.008866944828270107
control,20260916,Bearing1_2,143,144,True,0.009117481604334898,6.473864040401622e-06,0.009111007740294497
control,20260916,Bearing1_2,144,145,True,0.00984639345551841,4.5469940715747725e-05,0.009800923514802662
control,20260916,Bearing1_2,145,146,True,0.01201007932831999,0.0002020910797000397,0.01180798824861995
control,20260916,Bearing1_2,146,147,True,0.012862355186371133,2.456509318449207e-05,0.01283779009318664
control,20260916,Bearing1_2,147,148,True,0.013367744802962989,1.7678371939666704e-05,0.013350066431023322
control,20260916,Bearing1_2,148,149,True,0.01372502074809745,5.72670888310256e-06,0.013719294039214347
control,20260916,Bearing1_2,149,150,True,0.014282398857176304,2.3529817832823596e-05,0.01425886903934348
control,20260916,Bearing1_2,150,151,True,0.01528144275653176,3.535743692850701e-05,0.015246085319603253
control,20260916,Bearing1_2,151,152,True,0.015250742115313187,6.1232906336528e-06,0.015244618824679534
control,20260916,Bearing1_2,152,153,True,0.01539328959188424,1.2188754164199622e-05,0.015381100837720041
control,20260916,Bearing1_2,153,154,True,0.015493621671339497,2.0196929312987777e-05,0.01547342474202651
control,20260916,Bearing1_2,154,155,True,0.016899966285564005,5.2940292874836814e-05,0.01684702599268917
control,20260916,Bearing1_2,155,156,True,0.016763926862040535,1.2050731371004986e-05,0.01675187613066953
control,20260916,Bearing1_2,156,157,True,0.017090500914491713,1.7744523070462037e-05,0.01707275639142125
control,20260916,Bearing1_2,157,158,True,0.018807321815984324,5.755620492209346e-05,0.01874976561106223
control,20260916,Bearing1_2,158,159,True,0.01931459378101863,8.559825772636032e-06,0.019306033955245994
control,20260916,Bearing1_2,159,160,True,0.026341474993387237,0.0006373348938950585,0.02570414009949218
control,20260916,Bearing1_3,0,1,False,0.11688329582102597,0.00011832212592821634,0.11676497369509775
control,20260916,Bearing1_3,1,2,False,0.023121885613363702,0.0037537352473009378,0.019368150366062764
control,20260916,Bearing1_3,2,3,False,0.017237784500821363,0.00030737633392163843,0.016930408166899724
control,20260916,Bearing1_3,3,4,False,0.0073913917076424696,0.005968956451397389,0.0014224352562450804
control,20260916,Bearing1_3,4,5,False,0.013491591530055302,0.0008591830701334402,0.012632408459921862
control,20260916,Bearing1_3,5,6,False,0.006993270533513396,0.0013975217079860158,0.00559574882552738
control,20260916,Bearing1_3,6,7,False,0.018180572475102963,0.002308820330654271,0.015871752144448692
control,20260916,Bearing1_3,7,8,False,0.017509167762909783,0.0002167293813499782,0.017292438381559805
control,20260916,Bearing1_3,8,9,False,0.022648693513474427,0.000697405768733006,0.02195128774474142
control,20260916,Bearing1_3,9,10,False,0.014347088332328894,0.0007595428460263065,0.013587545486302588
control,20260916,Bearing1_3,10,11,False,0.006627561275365679,0.0030773190810577944,0.0035502421943078843
control,20260916,Bearing1_3,11,12,False,0.010362944864027668,9.262580363156303e-05,0.010270319060396105
control,20260916,Bearing1_3,12,13,False,0.007134957371818018,0.000447695219918387,0.006687262151899631
control,20260916,Bearing1_3,13,14,False,0.018789019135510898,0.0027197431336389855,0.016069276001871913
control,20260916,Bearing1_3,14,15,False,0.013583688402491134,4.021492527961357e-05,0.01354347347721152
control,20260916,Bearing1_3,15,16,False,0.013511241444575717,2.277460556143751e-05,0.01348846683901428
control,20260916,Bearing1_3,16,17,False,0.011520912164996844,0.0001389612228379633,0.01138195094215888
control,20260916,Bearing1_3,17,18,False,0.004271847040399734,0.003898857714375481,0.0003729893260242534
control,20260916,Bearing1_3,18,19,False,0.004647652876883512,0.00019089795978288748,0.004456754917100625
control,20260916,Bearing1_3,19,20,False,0.0044840187329100445,0.00014457071466900118,0.004339448018241043
control,20260916,Bearing1_3,20,21,False,0.00611484866385581,0.00017131510540480122,0.0059435335584510085
control,20260916,Bearing1_3,21,22,False,0.002566379216943915,0.00126828440988902,0.0012980948070548948
control,20260916,Bearing1_3,22,23,False,0.0030468444747384638,3.6143721331427514e-05,0.0030107007534070362
control,20260916,Bearing1_3,23,24,False,0.00774726303643547,0.0014063036651350558,0.006340959371300414
control,20260916,Bearing1_3,24,25,True,0.00590985484450357,7.239882070564363e-05,0.005837456023797927
control,20260916,Bearing1_3,25,26,True,0.0058517774668871425,0.0001125169001170434,0.005739260566770099
control,20260916,Bearing1_3,26,27,True,0.004044310827339359,0.000394586644233641,0.003649724183105718
control,20260916,Bearing1_3,27,28,True,0.0054148383387655485,0.0001647965710844801,0.0052500417676810684
control,20260916,Bearing1_3,28,29,True,0.003971127025124588,0.0001854283650573052,0.0037856986600672826
control,20260916,Bearing1_3,29,30,True,0.007991416263394058,0.0009719425725052133,0.007019473690888844
control,20260916,Bearing1_3,30,31,True,0.00315985911266381,0.0009605241866665892,0.0021993349259972206
control,20260916,Bearing1_3,31,32,True,0.006618025632633362,0.00044100433751737,0.006177021295115992
control,20260916,Bearing1_3,32,33,True,0.00884165659408609,0.0005992895412418875,0.008242367052844202
control,20260916,Bearing1_3,33,34,True,0.007799933235219214,5.712841090854681e-05,0.007742804824310667
control,20260916,Bearing1_3,34,35,True,0.005812103736388963,0.0001615719177863184,0.005650531818602644
control,20260916,Bearing1_3,35,36,True,0.00581588256318355,6.283300962195426e-05,0.0057530495535615955
control,20260916,Bearing1_3,36,37,True,0.013912362861447036,0.002144325480912812,0.011768037380534224
control,20260916,Bearing1_3,37,38,True,0.01135979674927512,6.159257940119289e-05,0.011298204169873927
control,20260916,Bearing1_3,38,39,True,0.014396589051102637,0.0003851502297038678,0.01401143882139877
control,20260916,Bearing1_3,39,40,True,0.009312245010733022,0.0003753876771952491,0.008936857333537773
control,20260916,Bearing1_3,40,41,True,0.006835214611783158,0.000478927897347603,0.006356286714435555
control,20260916,Bearing1_3,41,42,True,0.00889693872522912,9.123752693263043e-05,0.00880570119829649
control,20260916,Bearing1_3,42,43,True,0.016233205667958828,0.001453866636438761,0.014779339031520067
control,20260916,Bearing1_3,43,44,True,0.0070594883800367825,0.0012697454149019904,0.005789742965134792
control,20260916,Bearing1_3,44,45,True,0.011530077457905463,0.0002920893975897343,0.011237988060315729
control,20260916,Bearing1_3,45,46,True,0.011197303679409742,5.379382344017358e-05,0.011143509855969569
control,20260916,Bearing1_3,46,47,True,0.008101490035187453,0.0003173199993966591,0.007784170035790794
control,20260916,Bearing1_3,47,48,True,0.008762613219005289,7.67401255714617e-05,0.008685873093433827
control,20260916,Bearing1_3,48,49,True,0.004501095042542147,0.0014212617097655311,0.003079833332776616
control,20260916,Bearing1_3,49,50,True,0.01213063747582055,0.0018267605046276003,0.010303876971192949
control,20260916,Bearing1_3,50,51,True,0.010799075125419222,8.548119740225957e-05,0.010713593928016962
control,20260916,Bearing1_3,51,52,True,0.01763676607515663,0.0012530998064903542,0.016383666268666275
control,20260916,Bearing1_3,52,53,True,0.01326008439036741,8.491224041051737e-05,0.013175172149956893
control,20260916,Bearing1_3,53,54,True,0.013167231674742652,1.8398674654918068e-05,0.013148833000087734
control,20260916,Bearing1_3,54,55,True,0.011064029803208086,0.0002208545153621344,0.010843175287845952
control,20260916,Bearing1_3,55,56,True,0.01730587686324725,0.0008163463317032438,0.016489530531544005
control,20260916,Bearing1_3,56,57,True,0.01076176442961696,0.000542719124496216,0.010219045305120744
control,20260916,Bearing1_3,57,58,True,0.002798926198920526,0.009099382383283228,-0.006300456184362702
control,20260916,Bearing1_3,58,59,True,0.002193725905328847,0.002148235129425302,4.5490775903545e-05
control,20260916,Bearing1_3,59,60,True,0.0031540052013951936,0.003182840213412419,-2.883501201722538e-05
control,20260916,Bearing1_3,60,61,True,0.0037297875896911137,0.002358333149459213,0.0013714544402319007
control,20260916,Bearing1_3,61,62,True,0.002196947582433495,0.0018765332060866058,0.0003204143763468892
control,20260916,Bearing1_3,62,63,True,0.002064578768113279,3.028532711546461e-05,0.002034293440997814
control,20260916,Bearing1_3,63,64,True,0.0027808069589809747,0.0011113505825051107,0.001669456376475864
control,20260916,Bearing1_3,64,65,True,0.0024089300425202964,0.00013110535360283393,0.0022778246889174625
control,20260916,Bearing1_3,65,66,True,0.003557171164175088,0.004082586674485356,-0.0005254155103102676
control,20260916,Bearing1_3,66,67,True,0.0022359739318744687,0.00023277181685443793,0.0020032021150200308
control,20260916,Bearing1_3,67,68,True,0.002190772718051903,7.059373359652454e-05,0.0021201789844553787
control,20260916,Bearing1_3,68,69,True,0.001990236450012617,0.0001837223734537652,0.0018065140765588517
control,20260916,Bearing1_3,69,70,True,0.001782365882288417,7.471952039850294e-05,0.001707646361889914
control,20260916,Bearing1_3,70,71,True,0.011361481854692101,0.007439356530085206,0.0039221253246068954
control,20260916,Bearing1_3,71,72,True,0.013487515738233924,0.0033694574958644807,0.010118058242369443
control,20260916,Bearing1_3,72,73,True,0.0033633602197369328,0.0006997604868956842,0.0026635997328412486
control,20260916,Bearing1_3,73,74,True,0.008963578206021339,0.0014825738398940302,0.0074810043661273085
control,20260916,Bearing1_3,74,75,True,0.0072486455319449306,0.0002131912982363815,0.007035454233708549
control,20260916,Bearing1_3,75,76,True,0.009630785905756056,0.0006334190456982469,0.00899736686005781
control,20260916,Bearing1_3,76,77,True,0.00967665360076353,0.0003492226423986722,0.009327430958364857
control,20260916,Bearing1_3,77,78,True,0.011426428041886538,0.0006128351124061737,0.010813592929480365
control,20260916,Bearing1_3,78,79,True,0.0031717523747829546,0.001884839468402788,0.0012869129063801665
control,20260916,Bearing1_3,79,80,True,0.015205572359263897,0.0028970660641789436,0.012308506295084953
control,20260916,Bearing1_3,80,81,True,0.007048624560411554,0.0002760280756319844,0.0067725964847795694
control,20260916,Bearing1_3,81,82,True,0.013976530695799738,0.0013938436168245971,0.012582687078975141
control,20260916,Bearing1_3,82,83,True,0.013369105407036841,0.0004658957441279199,0.012903209662908921
control,20260916,Bearing1_3,83,84,True,0.008355515354196541,0.00010796864717121935,0.008247546707025322
control,20260916,Bearing1_3,84,85,True,0.009941312338924035,6.096744323258463e-05,0.00988034489569145
control,20260916,Bearing1_3,85,86,True,0.003160386246975122,0.002529659861465916,0.000630726385509206
control,20260916,Bearing1_3,86,87,True,0.021230817190371454,0.00496112261316739,0.016269694577204064
control,20260916,Bearing1_3,87,88,True,0.021579555119387805,0.0019178076181560755,0.01966174750123173
control,20260916,Bearing1_3,88,89,True,0.010171574846026488,0.0001189580593319306,0.010052616786694557
control,20260916,Bearing1_3,89,90,True,0.010564448064542376,8.31401308989399e-05,0.010481307933643436
control,20260916,Bearing1_3,90,91,True,0.09407436521723866,0.04717440064996481,0.046899964567273855
control,20260916,Bearing1_3,91,92,True,0.01660294839166454,0.0006912132685101824,0.015911735123154358
control,20260916,Bearing1_3,92,93,True,0.03040610917378217,0.007181618479080498,0.02322449069470167
control,20260916,Bearing1_3,93,94,True,0.011664161522958238,0.00011224113348795584,0.011551920389470283
control,20260916,Bearing1_3,94,95,True,0.01698933262287028,0.0037103448412381113,0.013278987781632168
control,20260916,Bearing1_3,95,96,True,0.00544653779707005,0.0012655340105993673,0.004181003786470683
control,20260916,Bearing1_3,96,97,True,0.003806459857171096,0.0004668218425649684,0.0033396380146061277
control,20260916,Bearing1_3,97,98,True,0.014514332462567836,0.005196502199396491,0.009317830263171345
control,20260916,Bearing1_3,98,99,True,0.007065374928060919,3.960911280387336e-05,0.007025765815257046
control,20260916,Bearing1_3,99,100,True,0.007416023043333553,0.0007779263214615639,0.006638096721871989
control,20260916,Bearing1_3,100,101,True,0.007180778091424145,0.0006349172499540146,0.00654586084147013
control,20260916,Bearing1_3,101,102,True,0.009441695169243758,0.0033292228472419083,0.0061124723220018495
control,20260916,Bearing1_3,102,103,True,0.005305585352012088,0.00018061601883800904,0.005124969333174079
control,20260916,Bearing1_3,103,104,True,0.004365955003962085,0.0010222459859505761,0.003343709018011509
control,20260916,Bearing1_3,104,105,True,0.005129088697941597,0.001158689283329295,0.003970399414612302
control,20260916,Bearing1_3,105,106,True,0.004781224824739638,0.000735374112991849,0.004045850711747789
control,20260916,Bearing1_3,106,107,True,0.005129802751810075,0.004845857940381393,0.00028394481142868244
control,20260916,Bearing1_3,107,108,True,0.012412382930051535,0.001070648981112754,0.011341733948938781
control,20260916,Bearing1_3,108,109,True,0.00567439291626215,0.0032611686328891665,0.0024132242833729833
control,20260916,Bearing1_3,109,110,True,0.008823083353490802,0.0011474064722278854,0.007675676881262916
control,20260916,Bearing1_3,110,111,True,0.046167765744030476,0.008015728497412056,0.03815203724661842
control,20260916,Bearing1_3,111,112,True,0.008127254259306937,0.007044430880341679,0.0010828233789652586
control,20260916,Bearing1_3,112,113,True,0.009817228565225378,0.0013163120056560729,0.008500916559569305
control,20260916,Bearing1_3,113,114,True,0.03485561329580378,0.002178796989028342,0.032676816306775436
control,20260916,Bearing1_3,114,115,True,0.036493005172815174,0.00032826678034325596,0.03616473839247192
control,20260916,Bearing1_3,115,116,True,0.007779956795275211,0.008503700082655996,-0.0007237432873807847
control,20260916,Bearing1_3,116,117,True,0.027588299384660786,0.0006451429512708273,0.02694315643338996
control,20260916,Bearing1_3,117,118,True,0.020188587040138373,0.0016545274993404746,0.018534059540797898
control,20260916,Bearing1_3,118,119,True,0.015906008402453153,0.0031432685063919052,0.012762739896061248
control,20260916,Bearing1_3,119,120,True,0.023572815892293875,0.0009133776038652286,0.022659438288428646
control,20260916,Bearing1_3,120,121,True,0.03911423671524972,4.691730924147319e-05,0.039067319406008244
control,20260916,Bearing1_3,121,122,True,0.02113918609393295,0.007268514309544116,0.013870671784388833
control,20260916,Bearing1_3,122,123,True,0.014864907617265999,0.007780125306453556,0.007084782310812443
control,20260916,Bearing1_3,123,124,True,0.027037373889470473,0.000987994353636168,0.026049379535834305
control,20260916,Bearing1_3,124,125,True,0.07826875243335962,0.004001322027761489,0.07426743040559813
control,20260916,Bearing1_3,125,126,True,0.03978097380604595,0.008133103372529149,0.0316478704335168
control,20260916,Bearing1_3,126,127,True,0.049152277410030365,0.00044671536852547433,0.04870556204150489
control,20260916,Bearing1_3,127,128,True,0.010151022342057558,0.02603763318620622,-0.015886610844148663
control,20260916,Bearing1_3,128,129,True,0.009881469328320236,0.0047665926977060735,0.005114876630614162
control,20260916,Bearing1_3,129,130,True,0.05012902827002108,0.005655820306856185,0.044473207963164896
control,20260916,Bearing1_3,130,131,True,0.0044702506174871814,0.07723745983093977,-0.07276720921345259
control,20260916,Bearing1_3,131,132,True,0.003516957495776296,0.00371660286327824,-0.00019964536750194384
control,20260916,Bearing1_3,132,133,True,0.011021587328286842,0.01054981304332614,0.00047177428496070206
control,20260916,Bearing1_3,133,134,True,0.0060660453091259114,0.00022025187809049385,0.005845793431035418
control,20260916,Bearing1_3,134,135,True,0.003208835771147278,4.7927925464819054e-05,0.003160907845682459
control,20260916,Bearing1_3,135,136,True,0.004599026433425024,0.0012747837754432112,0.003324242657981813
control,20260916,Bearing1_3,136,137,True,0.0034889421112893615,0.00010799877327372087,0.0033809433380156406
control,20260916,Bearing1_3,137,138,True,0.0034543364236014895,0.00020568181571434252,0.003248654607887147
control,20260916,Bearing1_3,138,139,True,0.0014047384319599843,0.00032864351578609785,0.0010760949161738864
control,20260916,Bearing1_3,139,140,True,0.001804216286529936,0.0001525215147921699,0.0016516947717377661
control,20260916,Bearing1_3,140,141,True,0.0016875408577163853,5.809722928518113e-05,0.0016294436284312042
control,20260916,Bearing1_3,141,142,True,0.001923898157599524,7.968485326514951e-05,0.0018442133043343745
control,20260916,Bearing1_3,142,143,True,0.002283740382722499,0.00010466774593176353,0.0021790726367907354
control,20260916,Bearing1_3,143,144,True,0.00217683418628134,3.66478448956542e-05,0.002140186341385686
control,20260916,Bearing1_3,144,145,True,0.006869058717711596,0.002793087434838526,0.00407597128287307
control,20260916,Bearing1_3,145,146,True,0.004199502152005152,0.0003305421278128051,0.003868960024192347
control,20260916,Bearing1_3,146,147,True,0.0032156194820345263,7.979634619914577e-05,0.0031358231358353805
control,20260916,Bearing1_3,147,148,True,0.004397168738506707,0.0003127326908725081,0.004084436047634199
control,20260916,Bearing1_3,148,149,True,0.01673246972131892,0.005238185534381046,0.011494284186937875
control,20260916,Bearing1_3,149,150,True,0.018240721151869366,0.00019187858507052624,0.01804884256679884
control,20260916,Bearing1_3,150,151,True,0.018497471376235808,2.673573648337424e-05,0.018470735639752434
control,20260916,Bearing1_3,151,152,True,0.020931373980431545,0.00016123462648920395,0.02077013935394234
control,20260916,Bearing1_3,152,153,True,0.017758695331394847,9.279720427457505e-05,0.017665898127120272
control,20260916,Bearing1_3,153,154,True,0.018744724071439123,6.864401291295508e-05,0.018676080058526168
control,20260916,Bearing1_3,154,155,True,0.018711025284574134,8.524738152715372e-06,0.01870250054642142
control,20260916,Bearing1_3,155,156,True,0.019390963861951604,1.752813626154648e-05,0.019373435725690058
control,20260916,Bearing1_3,156,157,True,0.019155678201059345,5.040503056719103e-06,0.019150637698002626
control,20260916,Bearing1_4,0,1,False,0.06411692261463031,0.00012572069090310833,0.0639912019237272
control,20260916,Bearing1_4,1,2,False,0.012338000914041913,0.00023224595861393027,0.012105754955427983
control,20260916,Bearing1_4,2,3,False,0.008149081248120638,0.000163001993087164,0.007986079255033474
control,20260916,Bearing1_4,3,4,False,0.01048946405398965,0.0009584444251231616,0.009531019628866488
control,20260916,Bearing1_4,4,5,False,0.010987993552824094,0.0002868809579013032,0.01070111259492279
control,20260916,Bearing1_4,5,6,False,0.01618015567510156,0.0010292627121089026,0.015150892962992657
control,20260916,Bearing1_4,6,7,False,0.010102741012049776,0.0005729211111429322,0.009529819900906844
control,20260916,Bearing1_4,7,8,False,0.02945363731123507,0.005872335750609636,0.023581301560625434
control,20260916,Bearing1_4,8,9,False,0.024782233696896583,0.00012572454983228454,0.0246565091470643
control,20260916,Bearing1_4,9,10,False,0.031097462022444233,0.0006404144696716685,0.030457047552772565
control,20260916,Bearing1_4,10,11,False,0.02791877547861077,5.383009289516849e-05,0.0278649453857156
control,20260916,Bearing1_4,11,12,False,0.031854419939918444,0.00023910457093734294,0.0316153153689811
control,20260916,Bearing1_4,12,13,False,0.04644724738318473,0.0018769379967125133,0.04457030938647222
control,20260916,Bearing1_4,13,14,False,0.04696388717275113,0.00022955047779760207,0.04673433669495353
control,20260916,Bearing1_4,14,15,False,0.04637122747953981,0.00010575762655662402,0.04626546985298319
control,20260916,Bearing1_4,15,16,False,0.048502717283554375,0.00012347998119821568,0.04837923730235616
control,20260916,Bearing1_4,16,17,False,0.051179151399992406,0.00018017489959021304,0.05099897650040219
control,20260916,Bearing1_4,17,18,False,0.04424134234432131,0.00028556876713992096,0.04395577357718139
control,20260916,Bearing1_4,18,19,False,0.048991370014846325,0.0001173569068271263,0.0488740131080192
control,20260916,Bearing1_4,19,20,False,0.07572215842083097,0.003309400985017419,0.07241275743581355
control,20260916,Bearing1_4,20,21,False,0.04238022887147963,0.003381762857316062,0.03899846601416357
control,20260916,Bearing1_4,21,22,False,0.07429021806456149,0.0034426682686898857,0.0708475497958716
control,20260916,Bearing1_4,22,23,False,0.057504904572851956,0.0004643329666578211,0.057040571606194135
control,20260916,Bearing1_4,23,24,False,0.06345457211136818,9.41601303452444e-05,0.06336041198102293
control,20260916,Bearing1_4,24,25,True,0.09066889388486743,0.002903077780501917,0.08776581610436551
control,20260916,Bearing1_4,25,26,True,0.07123167696408927,0.000537026695383247,0.07069465026870603
control,20260916,Bearing1_4,26,27,True,0.06506425444968045,0.0002531607617584086,0.06481109368792204
control,20260916,Bearing1_4,27,28,True,0.056906109442934394,0.0005542779526876984,0.056351831490246695
control,20260916,Bearing1_4,28,29,True,0.03664480592124164,0.0030418973765335977,0.03360290854470804
control,20260916,Bearing1_4,29,30,True,0.04485953116090968,4.142384335814597e-05,0.04481810731755154
control,20260916,Bearing1_4,30,31,True,0.03362459735944867,0.0009142670314759016,0.03271033032797277
control,20260916,Bearing1_4,31,32,True,0.05443794874008745,0.0019080804049735889,0.05252986833511386
control,20260916,Bearing1_4,32,33,True,0.04329188429983333,0.00026047069559353986,0.04303141360423979
control,20260916,Bearing1_4,33,34,True,0.04055762762436643,0.0001553857829623695,0.04040224184140406
control,20260916,Bearing1_4,34,35,True,0.051158617134206,0.0005826004198752344,0.05057601671433076
control,20260916,Bearing1_4,35,36,True,0.03166752937249839,0.0020216801058268175,0.029645849266671576
control,20260916,Bearing1_4,36,37,True,0.07216191990301013,0.006878610234707594,0.06528330966830254
control,20260916,Bearing1_4,37,38,True,0.08012673049233854,0.0015765636962896679,0.07855016679604887
control,20260916,Bearing1_4,38,39,True,0.05025867244694382,0.0025647827133070678,0.04769388973363675
control,20260916,Bearing1_4,39,40,True,0.05414433404803276,4.898820907328627e-05,0.054095345838959474
control,20260916,Bearing1_4,40,41,True,0.04869665403384715,0.0002671990633302812,0.04842945497051687
control,20260916,Bearing1_4,41,42,True,0.03332045872230083,0.0020869757718173787,0.03123348295048345
control,20260916,Bearing1_4,42,43,True,0.06629344285465777,0.00437446273281239,0.06191898012184538
control,20260916,Bearing1_4,43,44,True,0.037290681211743504,0.002476615467458032,0.03481406574428547
control,20260916,Bearing1_4,44,45,True,0.05084509926382452,0.0005190094962017611,0.05032608976762276
control,20260916,Bearing1_4,45,46,True,0.03389545579557307,0.0016814157643239014,0.03221404003124917
control,20260916,Bearing1_4,46,47,True,0.02880381583236158,0.0006670058392046485,0.02813680999315693
control,20260916,Bearing1_4,47,48,True,0.015766961416375125,0.0032510348974028602,0.012515926518972265
control,20260916,Bearing1_4,48,49,True,0.013429521113721421,0.0009025831204780843,0.012526937993243337
control,20260916,Bearing1_4,49,50,True,0.005213954242663021,0.026986262062564492,-0.02177230781990147
control,20260916,Bearing1_4,50,51,True,0.002101805337588303,0.00010435891914539752,0.0019974464184429053
control,20260916,Bearing1_4,51,52,True,0.0027493834718370636,0.00015231537634008419,0.0025970680954969794
control,20260916,Bearing1_4,52,53,True,0.002566666793555328,0.003857015137327835,-0.0012903483437725072
control,20260916,Bearing1_4,53,54,True,0.0021563844793490716,0.000549104048332083,0.0016072804310169886
control,20260916,Bearing1_4,54,55,True,0.0036547538602462737,0.0009561158694850747,0.002698637990761199
control,20260916,Bearing1_4,55,56,True,0.003681135762235499,0.005873550777323544,-0.002192415015088045
control,20260916,Bearing1_4,56,57,True,0.0014065934331028984,0.0003216467275706236,0.0010849467055322748
control,20260916,Bearing1_4,57,58,True,0.0018812162898029783,0.00027168757026174717,0.0016095287195412311
control,20260916,Bearing1_4,58,59,True,0.001602093181645614,3.0366082668820127e-05,0.001571727098976794
control,20260916,Bearing1_4,59,60,True,0.0024136771007761126,0.001160711224656552,0.0012529658761195606
control,20260916,Bearing1_4,60,61,True,0.008858357932695071,0.00925706879934296,-0.0003987108666478889
control,20260916,Bearing1_4,61,62,True,0.0016440001249975467,0.0019164285768056288,-0.00027242845180808217
control,20260916,Bearing1_4,62,63,True,0.0018236306216294906,0.00018156028602334118,0.0016420703356061495
control,20260916,Bearing1_4,63,64,True,0.0016340786250736983,0.0003292416226940986,0.0013048370023795997
control,20260916,Bearing1_4,64,65,True,0.0018266808591533845,0.0005979177229460397,0.0012287631362073448
control,20260916,Bearing1_4,65,66,True,0.0013810576865580515,0.00012131712027496633,0.0012597405662830852
control,20260916,Bearing1_4,66,67,True,0.0015451359140570275,0.00015649190243038902,0.0013886440116266385
control,20260916,Bearing1_4,67,68,True,0.0018824397357537492,0.0002081361338497345,0.0016743036019040147
control,20260916,Bearing1_4,68,69,True,0.0018953240243604341,9.673942668086966e-05,0.0017985845976795645
control,20260916,Bearing1_4,69,70,True,0.002070631187507388,0.00019895727336916025,0.0018716739141382277
control,20260916,Bearing1_4,70,71,True,0.0020551894099298806,0.00191849323164206,0.00013669617828782066
control,20260916,Bearing1_4,71,72,True,0.002468054824646515,0.0015575989673379809,0.0009104558573085342
control,20260916,Bearing1_4,72,73,True,0.0013856545251655916,0.00022252578537518275,0.0011631287397904089
control,20260916,Bearing1_4,73,74,True,0.005615351710730465,0.003258458658820018,0.002356893051910447
control,20260916,Bearing1_4,74,75,True,0.0017042739091266412,0.0020219190264469944,-0.00031764511732035317
control,20260916,Bearing1_4,75,76,True,0.003891652931997669,0.0018053800304187462,0.0020862729015789228
control,20260916,Bearing1_4,76,77,True,0.002346723749724333,0.00023999709947020165,0.0021067266502541315
control,20260916,Bearing1_4,77,78,True,0.0020225386488590402,7.597639881140594e-05,0.0019465622500476343
control,20260916,Bearing1_4,78,79,True,0.006258438326767646,0.002098116630804725,0.004160321695962921
control,20260916,Bearing1_4,79,80,True,0.047422558069229126,0.029525219928473234,0.017897338140755892
control,20260916,Bearing1_4,80,81,True,0.016016638575820252,0.0003045249095698921,0.01571211366625036
control,20260916,Bearing1_4,81,82,True,0.011613761394983158,0.00027956452052535496,0.011334196874457803
control,20260916,Bearing1_4,82,83,True,0.04245814238674939,0.01415960828308016,0.028298534103669226
control,20260916,Bearing1_4,83,84,True,0.028366707803797908,0.002585473812359851,0.025781233991438057
control,20260916,Bearing1_4,84,85,True,0.02028500429378255,0.0014888916948621045,0.018796112598920445
control,20260916,Bearing1_4,85,86,True,0.005423551026979112,0.003787902503972873,0.001635648523006239
control,20260916,Bearing1_4,86,87,True,0.03916896984446794,0.016519874916411936,0.022649094928056
control,20260916,Bearing1_4,87,88,True,0.015203972859808346,0.0001276845218214362,0.01507628833798691
control,20260916,Bearing1_4,88,89,True,0.031143306870944798,0.010000741691328585,0.021142565179616213
control,20260916,Bearing1_4,89,90,True,0.008370213246962521,0.008013436861801893,0.0003567763851606287
control,20260916,Bearing1_4,90,91,True,0.007427103162626736,0.004024125344585627,0.0034029778180411085
control,20260916,Bearing1_4,91,92,True,0.00843201422776474,0.0012149804715591017,0.0072170337562056375
control,20260916,Bearing1_4,92,93,True,0.004773506872879807,0.0009021633923111949,0.003871343480568612
control,20260916,Bearing1_4,93,94,True,0.005153823825821746,0.0009560814642100013,0.004197742361611745
control,20260916,Bearing1_4,94,95,True,0.003960583344365887,0.0026628563355188817,0.001297727008847005
control,20260916,Bearing1_4,95,96,True,0.010015092278081283,0.00024857416016788036,0.009766518117913403
control,20260916,Bearing1_4,96,97,True,0.015176366119703744,0.0009094031765926047,0.014266962943111139
control,20260916,Bearing1_4,97,98,True,0.008692212613823358,0.000284847321381676,0.008407365292441682
control,20260916,Bearing1_4,98,99,True,0.005480114327838237,0.0008671204996062443,0.004612993828231993
control,20260916,Bearing1_4,99,100,True,0.006195777909397293,0.00025402950632269494,0.005941748403074598
control,20260916,Bearing1_4,100,101,True,0.014600397415051702,0.0009658803955971962,0.013634517019454506
control,20260916,Bearing1_4,101,102,True,0.005267293714357635,0.0013127220081514679,0.003954571706206167
control,20260916,Bearing1_4,102,103,True,0.004451851389376316,0.001263766062038485,0.0031880853273378307
control,20260916,Bearing1_4,103,104,True,0.020996959414333105,0.0035801611666101962,0.01741679824772291
control,20260916,Bearing1_4,104,105,True,0.0072653767056181096,0.00117008079905645,0.00609529590656166
control,20260916,Bearing1_4,105,106,True,0.016676466082572006,0.001807777167414315,0.01486868891515769
control,20260916,Bearing1_4,106,107,True,0.004469288801374205,0.0028203495021443814,0.0016489392992298235
control,20260916,Bearing1_4,107,108,True,0.004842276706767734,0.000933439630898647,0.003908837075869087
control,20260916,Bearing1_4,108,109,True,0.02752478700131178,0.006937707541510463,0.020587079459801316
control,20260916,Bearing1_4,109,110,True,0.006232813040696783,0.0023167335020843893,0.003916079538612394
control,20260916,Bearing1_4,110,111,True,0.011925515731491032,0.0004242765553499339,0.011501239176141098
control,20260916,Bearing1_4,111,112,True,0.009293919986703258,4.7879223771474244e-05,0.009246040762931784
control,20260916,Bearing1_4,112,113,True,0.005043620958140593,0.0013155753622413613,0.003728045595899232
control,20260916,Bearing1_4,113,114,True,0.005423245768952256,0.0005101891110825818,0.004913056657869674
control,20260916,Bearing1_4,114,115,True,0.0086851646337891,4.486740537545941e-05,0.00864029722841364
control,20260916,Bearing1_4,115,116,True,0.01134637753420975,0.00014009140042681167,0.011206286133782939
control,20260916,Bearing1_4,116,117,True,0.011414064800192136,0.00012334447504969148,0.011290720325142445
control,20260916,Bearing1_4,117,118,True,0.013579034311987925,0.00039668074168730527,0.01318235357030062
control,20260916,Bearing1_4,118,119,True,0.0031485714862355962,0.004396018281113356,-0.0012474467948777601
control,20260916,Bearing1_4,119,120,True,0.03718236938584596,0.013191398233175278,0.02399097115267068
control,20260916,Bearing1_4,120,121,True,3.9043900072574615,3.5113658905029297,0.39302411675453186
control,20260916,Bearing1_5,0,1,False,0.0442291763506546,0.004455303802387789,0.03977387254826681
control,20260916,Bearing1_5,1,2,False,0.019259689941463876,0.006497024034615606,0.01276266590684827
control,20260916,Bearing1_5,2,3,False,0.01336835332949704,0.001118398598919157,0.012249954730577883
control,20260916,Bearing1_5,3,4,False,0.01779114130386006,0.001577689137775451,0.016213452166084608
control,20260916,Bearing1_5,4,5,False,0.010885315220548364,0.00046344751717697363,0.01042186770337139
control,20260916,Bearing1_5,5,6,False,0.014958021412667222,0.00024713674292797805,0.014710884669739244
control,20260916,Bearing1_5,6,7,False,0.022259333782130852,0.0011720491675077938,0.02108728461462306
control,20260916,Bearing1_5,7,8,False,0.02208183126640506,0.00018673685652004224,0.02189509440988502
control,20260916,Bearing1_5,8,9,False,0.022796993020165246,8.876359197529382e-05,0.022708229428189952
control,20260916,Bearing1_5,9,10,False,0.026205887261312455,0.00044181756402394967,0.025764069697288505
control,20260916,Bearing1_5,10,11,False,0.020237517477653455,0.00042596456114551984,0.019811552916507935
control,20260916,Bearing1_5,11,12,False,0.027965541055891663,0.0005336153008101974,0.027431925755081465
control,20260916,Bearing1_5,12,13,False,0.02706378289440181,5.9068350795499214e-05,0.027004714543606312
control,20260916,Bearing1_5,13,14,False,0.030148400604957715,0.00018525412883718673,0.029963146476120528
control,20260916,Bearing1_5,14,15,False,0.02069946336268913,0.0007366517220361857,0.019962811640652944
control,20260916,Bearing1_5,15,16,False,0.0194271956825105,0.0002403147668701422,0.01918688091564036
control,20260916,Bearing1_5,16,17,False,0.018118547392077744,0.0001869223339099335,0.01793162505816781
control,20260916,Bearing1_5,17,18,False,0.01630319913238054,0.00016499403818670544,0.016138205094193836
control,20260916,Bearing1_5,18,19,False,0.017821830300817965,5.857014287613538e-05,0.01776326015794183
control,20260916,Bearing1_5,19,20,False,0.027450551569927484,0.0013345386032597162,0.026116012966667768
control,20260916,Bearing1_5,20,21,False,0.022668015502858907,7.058840233753472e-05,0.022597427100521372
control,20260916,Bearing1_5,21,22,False,0.02747598144924268,0.00031926027895679,0.02715672117028589
control,20260916,Bearing1_5,22,23,False,0.023762293625622988,0.00011904899628234489,0.023643244629340643
control,20260916,Bearing1_5,23,24,False,0.026906203624093905,0.00019765698471019277,0.026708546639383712
control,20260916,Bearing1_5,24,25,True,0.030005964421434328,0.0001662315817156923,0.029839732839718636
control,20260916,Bearing1_5,25,26,True,0.030354861984960735,8.25209846215813e-05,0.030272341000339154
control,20260916,Bearing1_5,26,27,True,0.018208881590908277,0.0015851003918214701,0.016623781199086807
control,20260916,Bearing1_5,27,28,True,0.021491500853926482,0.00012688373357860883,0.021364617120347873
control,20260916,Bearing1_5,28,29,True,0.011462538292107638,0.002206113684223965,0.009256424607883673
control,20260916,Bearing1_5,29,30,True,0.01192131872085156,0.00015495232399764802,0.011766366396853911
control,20260916,Bearing1_5,30,31,True,0.01232207118300721,0.00019736001877390663,0.012124711164233304
control,20260916,Bearing1_5,31,32,True,0.011408652346290182,0.00014179560710658734,0.011266856739183595
control,20260916,Bearing1_5,32,33,True,0.004056003795994911,0.008129976922646165,-0.0040739731266512536
control,20260916,Bearing1_5,33,34,True,0.035005728364922106,0.043372469022870064,-0.008366740657947958
control,20260916,Bearing1_5,34,35,True,0.04992934502661228,0.020487299072556198,0.029442045954056084
control,20260916,Bearing1_5,35,36,True,0.09411452384665608,0.036437260918319225,0.05767726292833686
control,20260916,Bearing1_5,36,37,True,0.07816188503056765,0.016099888365715742,0.062061996664851904
control,20260916,Bearing1_5,37,38,True,0.043457330495584756,0.0040130574780050665,0.03944427301757969
control,20260916,Bearing1_5,38,39,True,0.12124472390860319,0.059218183159828186,0.062026540748775005
control,20260916,Bearing1_5,39,40,True,0.07069729419890791,0.019529672106727958,0.051167622092179954
control,20260916,Bearing1_5,40,41,True,0.03792314544261899,0.014694986515678465,0.023228158926940523
control,20260916,Bearing1_5,41,42,True,0.013120033986865565,0.005758346975198947,0.007361687011666618
control,20260916,Bearing1_5,42,43,True,0.010529254519497044,0.00024962925681393244,0.010279625262683112
control,20260916,Bearing1_5,43,44,True,0.021685942127078306,7.618667893893871e-05,0.021609755448139367
control,20260916,Bearing1_5,44,45,True,0.03158240548509639,0.00026941794294543797,0.03131298754215095
control,20260916,Bearing1_5,45,46,True,0.040210817503975704,0.000160252345722256,0.04005056515825345
control,20260916,Bearing1_5,46,47,True,0.04763179749716073,8.982366184184798e-06,0.04762281513097655
control,20260916,Bearing1_5,47,48,True,0.05069158808328211,3.7165352637202886e-05,0.05065442273064491
control,20260916,Bearing1_5,48,49,True,0.0550627518678084,0.0001072426225459111,0.05495550924526249
control,20260916,Bearing1_5,49,50,True,0.05108284158632159,0.0009364494999317685,0.050146392086389824
control,20260916,Bearing1_5,50,51,True,0.052447243651840836,0.0004942103014400345,0.0519530333504008
control,20260917,Bearing1_1,0,1,False,0.21929406002163887,0.019437940325587988,0.19985611969605088
control,20260917,Bearing1_1,1,2,False,0.10269632330164313,0.001062930496118497,0.10163339280552464
control,20260917,Bearing1_1,2,3,False,0.08043921925127506,0.0009837937468546443,0.07945542550442042
control,20260917,Bearing1_1,3,4,False,0.03415954974479973,0.01134567114058882,0.022813878604210913
control,20260917,Bearing1_1,4,5,False,0.019745506971958093,0.005488365364726633,0.01425714160723146
control,20260917,Bearing1_1,5,6,False,0.008500444131414042,0.005337759241228923,0.003162684890185119
control,20260917,Bearing1_1,6,7,False,0.015457470086403191,0.00017228962868109932,0.015285180457722092
control,20260917,Bearing1_1,7,8,False,0.011867380395415239,0.0003942497405660106,0.011473130654849228
control,20260917,Bearing1_1,8,9,False,0.0009009025363866385,0.014233438996598125,-0.013332536460211486
control,20260917,Bearing1_1,9,10,False,0.0006014811152112998,0.0011541252679307945,-0.0005526441527194947
control,20260917,Bearing1_1,10,11,False,0.010701105056796223,0.014989871997386217,-0.004288766940589994
control,20260917,Bearing1_1,11,12,False,0.0021095349002280273,9.198155566991773e-05,0.0020175533445581095
control,20260917,Bearing1_1,12,13,False,0.006748409898136742,0.0028219512023497373,0.003926458695787005
control,20260917,Bearing1_1,13,14,False,0.0006030372894940683,0.0014162624793243594,-0.0008132251898302911
control,20260917,Bearing1_1,14,15,False,0.00414798403653549,0.0013595329219242558,0.0027884511146112345
control,20260917,Bearing1_1,15,16,False,0.005953088562819175,0.0010186779945797753,0.0049344105682394
control,20260917,Bearing1_1,16,17,False,0.012737570039462298,0.0031656745995860547,0.009571895439876243
control,20260917,Bearing1_1,17,18,False,0.002285722709757465,0.0011547785252332687,0.0011309441845241963
control,20260917,Bearing1_1,18,19,False,0.005772301505203359,0.0004923819651594386,0.00527991954004392
control,20260917,Bearing1_1,19,20,False,0.003871906839776784,8.712622280881988e-05,0.0037847806169679643
control,20260917,Bearing1_1,20,21,False,0.03054778091609478,0.01296363992150873,0.01758414099458605
control,20260917,Bearing1_1,21,22,False,0.0030085700699373774,0.024891065899282694,-0.021882495829345316
control,20260917,Bearing1_1,22,23,False,0.024334673071280122,0.018088716082274914,0.006245956989005208
control,20260917,Bearing1_1,23,24,False,0.022094002342782915,0.002278247782669496,0.01981575456011342
control,20260917,Bearing1_1,24,25,True,0.0023874654943938367,0.003931108234610292,-0.0015436427402164554
control,20260917,Bearing1_1,25,26,True,0.007658472459297627,0.0005832093081608036,0.007075263151136824
control,20260917,Bearing1_1,26,27,True,0.046448543667793274,0.018876298679970205,0.02757224498782307
control,20260917,Bearing1_1,27,28,True,0.0007615905117290822,0.01707959920167923,-0.016318008689950148
control,20260917,Bearing1_1,28,29,True,0.014928615186363459,0.004800515860551968,0.01012809932581149
control,20260917,Bearing1_1,29,30,True,0.022923699812963605,0.0031544652592856437,0.01976923455367796
control,20260917,Bearing1_1,30,31,True,0.005908086264753365,0.0013136696652509272,0.004594416599502438
control,20260917,Bearing1_1,31,32,True,0.0019250515733801876,0.005389750993344933,-0.003464699419964745
control,20260917,Bearing1_1,32,33,True,0.009986409844714217,0.002146241895388812,0.007840167949325405
control,20260917,Bearing1_1,33,34,True,0.05103779071941972,0.019994114991277456,0.03104367572814226
control,20260917,Bearing1_1,34,35,True,0.02113054064102471,0.0005778091131674046,0.020552731527857304
control,20260917,Bearing1_1,35,36,True,0.009676029201727943,0.03271249053068459,-0.023036461328956648
control,20260917,Bearing1_1,36,37,True,0.03502314584329724,0.02669460279867053,0.008328543044626713
control,20260917,Bearing1_1,37,38,True,0.0018832467976608314,0.013434621971100569,-0.011551375173439737
control,20260917,Bearing1_1,38,39,True,0.004277470473031286,0.0005789428059870261,0.00369852766704426
control,20260917,Bearing1_1,39,40,True,0.07209574244916439,0.0427776463329792,0.02931809611618519
control,20260917,Bearing1_1,40,41,True,0.003376945951458765,0.033179401187226176,-0.02980245523576741
control,20260917,Bearing1_1,41,42,True,0.002674626281077508,0.00314064507256262,-0.00046601879148511216
control,20260917,Bearing1_1,42,43,True,0.002063765182356292,0.002663458770257421,-0.0005996935879011289
control,20260917,Bearing1_1,43,44,True,0.07840548595413566,0.05438178451731801,0.024023701436817646
control,20260917,Bearing1_1,44,45,True,0.002684498273367808,0.026938887778669596,-0.024254389505301788
control,20260917,Bearing1_1,45,46,True,0.04762824368663132,0.03131873952224851,0.016309504164382815
control,20260917,Bearing1_1,46,47,True,0.002611170711141142,0.008956651960033923,-0.006345481248892781
control,20260917,Bearing1_1,47,48,True,0.006492279144367785,0.015540386142674834,-0.009048106998307048
control,20260917,Bearing1_1,48,49,True,0.004667671325524925,0.0007287733506018412,0.0039388979749230835
control,20260917,Bearing1_1,49,50,True,0.025951027986593544,0.008446235355222598,0.017504792631370947
control,20260917,Bearing1_1,50,51,True,0.0029933352933539936,0.011550931143574417,-0.008557595850220423
control,20260917,Bearing1_1,51,52,True,0.012738694989820942,0.0033820482130977325,0.00935664677672321
control,20260917,Bearing1_1,52,53,True,0.012923587783006951,0.001011524193941682,0.01191206358906527
control,20260917,Bearing1_1,53,54,True,0.002959544006444048,0.0026067016588058323,0.00035284234763821587
control,20260917,Bearing1_1,54,55,True,0.016403360234107822,0.0034029930538963526,0.01300036718021147
control,20260917,Bearing1_1,55,56,True,0.022755859070457518,0.0024605994258308783,0.02029525964462664
control,20260917,Bearing1_1,56,57,True,0.002181255036887819,0.00926924915984273,-0.00708799412295491
control,20260917,Bearing1_1,57,58,True,0.009573386720148847,0.0015293671567633282,0.008044019563385518
control,20260917,Bearing1_1,58,59,True,0.008091773022897542,1.919593213983717e-05,0.008072577090757704
control,20260917,Bearing1_1,59,60,True,0.00676984169433581,0.0005105095206090482,0.0062593321737267615
control,20260917,Bearing1_1,60,61,True,0.014820348616922274,0.003337808554078947,0.011482540062843327
control,20260917,Bearing1_1,61,62,True,0.003342516109114513,0.012525077792815864,-0.009182561683701351
control,20260917,Bearing1_1,62,63,True,0.003726794175690884,0.00012762252089260073,0.0035991716547982833
control,20260917,Bearing1_1,63,64,True,0.056610709289088845,0.029827943071722984,0.02678276621736586
control,20260917,Bearing1_1,64,65,True,0.007707939854299184,0.0038473253516713157,0.003860614502627868
control,20260917,Bearing1_1,65,66,True,0.025969256297685206,0.007082877738866955,0.01888637855881825
control,20260917,Bearing1_1,66,67,True,0.005151408101482957,0.0014698325394419953,0.003681575562040962
control,20260917,Bearing1_1,67,68,True,0.009870677065919153,0.0009005443312162242,0.00897013273470293
control,20260917,Bearing1_1,68,69,True,0.016681609355146065,0.0027881958230864257,0.01389341353205964
control,20260917,Bearing1_1,69,70,True,0.03376021690201014,0.010691683972254395,0.023068532929755747
control,20260917,Bearing1_1,70,71,True,0.030283502477686852,0.006794449232984334,0.023489053244702518
control,20260917,Bearing1_1,71,72,True,0.022235180222196504,0.005099117857753299,0.017136062364443205
control,20260917,Bearing1_1,72,73,True,0.01146411977902062,0.003231654438422993,0.008232465340597628
control,20260917,Bearing1_1,73,74,True,0.012696443842966865,0.009557472658343613,0.0031389711846232515
control,20260917,Bearing1_1,74,75,True,0.019864415022311732,0.025020939181558788,-0.005156524159247056
control,20260917,Bearing1_1,75,76,True,0.010973149328492582,0.002938293677289039,0.008034855651203543
control,20260917,Bearing1_1,76,77,True,0.007957664603281955,0.044800158590078354,-0.0368424939867964
control,20260917,Bearing1_1,77,78,True,0.15651053749024868,0.2267765924334526,-0.07026605494320393
control,20260917,Bearing1_1,78,79,True,0.04816990718245506,6.226569507816748e-05,0.048107641487376895
control,20260917,Bearing1_1,79,80,True,0.013356642302824184,0.00031985747591534164,0.013036784826908843
control,20260917,Bearing1_1,80,81,True,0.002159020032195258,1.6708748717064736e-05,0.0021423112834781932
control,20260917,Bearing1_1,81,82,True,0.003477226877294015,1.3183611358158487e-05,0.0034640432659358567
control,20260917,Bearing1_1,82,83,True,0.00582334624758829,0.0006332990315058851,0.005190047216082405
control,20260917,Bearing1_1,83,84,True,0.011120656505227089,1.4830552381273066e-05,0.011105825952845816
control,20260917,Bearing1_1,84,85,True,0.015951863140799105,3.7890557024411464e-05,0.015913972583774694
control,20260917,Bearing1_1,85,86,True,0.021674491581507027,2.6768419459699544e-05,0.021647723162047328
control,20260917,Bearing1_1,86,87,True,0.024016237701289356,8.688711952231642e-05,0.02392935058176704
control,20260917,Bearing1_1,87,88,True,0.027878902154043317,1.6445488117966534e-05,0.02786245666592535
control,20260917,Bearing1_1,88,89,True,0.029366072616539896,7.608439194228822e-05,0.029289988224597607
control,20260917,Bearing1_1,89,90,True,0.030960105126723647,2.14124518151948e-05,0.030938692674908452
control,20260917,Bearing1_1,90,91,True,0.03482316620647907,3.354295654389716e-05,0.034789623249935175
control,20260917,Bearing1_1,91,92,True,0.033765876200050116,0.000138763264658337,0.03362711293539178
control,20260917,Bearing1_1,92,93,True,0.03463677875697613,2.402884225105595e-05,0.03461274991472507
control,20260917,Bearing1_1,93,94,True,0.036209366749972105,5.881591466305736e-06,0.0362034851585058
control,20260917,Bearing1_1,94,95,True,0.03655382851138711,3.8246814312969946e-05,0.03651558169707414
control,20260917,Bearing1_1,95,96,True,0.03774394863285124,5.5921630292221636e-05,0.03768802700255902
control,20260917,Bearing1_1,96,97,True,0.035715523874387145,7.142266326809477e-05,0.03564410121111905
control,20260917,Bearing1_1,97,98,True,0.039182741893455386,4.002207330700003e-05,0.039142719820148386
control,20260917,Bearing1_1,98,99,True,0.0380953261628747,4.570308900042619e-05,0.03804962307387427
control,20260917,Bearing1_1,99,100,True,0.040073430398479104,5.470650381766973e-05,0.040018723894661434
control,20260917,Bearing1_1,100,101,True,0.03914649458602071,3.255596840290309e-05,0.039113938617617805
control,20260917,Bearing1_1,101,102,True,0.039110946701839566,1.1748787549947792e-05,0.03909919791428962
control,20260917,Bearing1_1,102,103,True,0.03834269952494651,1.692500835304145e-05,0.03832577451659347
control,20260917,Bearing1_1,103,104,True,0.0394468423910439,1.0421984815156549e-05,0.039436420406228745
control,20260917,Bearing1_1,104,105,True,0.039365763193927705,3.677005154045787e-05,0.03932899314238725
control,20260917,Bearing1_1,105,106,True,0.04074716824106872,1.5948774304774815e-05,0.040731219466763946
control,20260917,Bearing1_1,106,107,True,0.039187380694784224,5.7687076605361653e-05,0.03912969361817886
control,20260917,Bearing1_1,107,108,True,0.04110779846087098,1.977582065393335e-05,0.04108802264021705
control,20260917,Bearing1_1,108,109,True,0.038512818166054785,4.7555218202433025e-05,0.03846526294785235
control,20260917,Bearing1_1,109,110,True,0.03864841989707202,2.4718786733046727e-05,0.03862370111033897
control,20260917,Bearing1_1,110,111,True,0.039030229090712965,2.05674973301484e-05,0.039009661593382816
control,20260917,Bearing1_1,111,112,True,0.03780905657913536,2.869719702580653e-05,0.03778035938210955
control,20260917,Bearing1_1,112,113,True,0.038765505887568,0.00010480465604700839,0.03866070123152099
control,20260917,Bearing1_1,113,114,True,0.03654798259958625,5.449807920854255e-05,0.036493484520377706
control,20260917,Bearing1_1,114,115,True,0.03745140868704766,2.1652610598721367e-05,0.03742975607644894
control,20260917,Bearing1_1,115,116,True,0.038264848524704576,2.7506973844459992e-05,0.038237341550860116
control,20260917,Bearing1_1,116,117,True,0.03942300414200872,7.211206058066466e-05,0.03935089208142806
control,20260917,Bearing1_1,117,118,True,0.03700959833804518,6.079167940242769e-05,0.03694880665864275
control,20260917,Bearing1_1,118,119,True,0.03719188063405454,1.3970411146146944e-05,0.037177910222908395
control,20260917,Bearing1_1,119,120,True,0.03571180335711688,5.17774641051183e-05,0.03566002589301176
control,20260917,Bearing1_1,120,121,True,0.03270617045927793,0.00015789664923460123,0.03254827381004333
control,20260917,Bearing1_1,121,122,True,0.024359425537113566,0.002487897914761561,0.021871527622352005
control,20260917,Bearing1_2,0,1,False,0.1454123156145215,6.884074901059023e-05,0.1453434748655109
control,20260917,Bearing1_2,1,2,False,0.01256737092626281,0.006535779626574367,0.0060315912996884435
control,20260917,Bearing1_2,2,3,False,0.01903142814990133,0.0015294107288355008,0.01750201742106583
control,20260917,Bearing1_2,3,4,False,0.022908912505954504,0.0007184710370395919,0.022190441468914912
control,20260917,Bearing1_2,4,5,False,0.029042820213362575,0.0009322044970758725,0.028110615716286702
control,20260917,Bearing1_2,5,6,False,0.009421568334801123,0.0047103650867938995,0.004711203248007223
control,20260917,Bearing1_2,6,7,False,0.008774221809289884,0.0005457370043586707,0.008228484804931213
control,20260917,Bearing1_2,7,8,False,0.005413091432274086,0.000983730473308242,0.0044293609589658445
control,20260917,Bearing1_2,8,9,False,0.015654310351237655,0.0016990351432468742,0.01395527520799078
control,20260917,Bearing1_2,9,10,False,0.014278607384767383,0.00014805132607875748,0.014130556058688626
control,20260917,Bearing1_2,10,11,False,0.013601866696262732,8.690047934578615e-05,0.013514966216916946
control,20260917,Bearing1_2,11,12,False,0.014390547410584986,0.00011772474164217783,0.014272822668942808
control,20260917,Bearing1_2,12,13,False,0.01578103075735271,0.0001364793828315669,0.015644551374521143
control,20260917,Bearing1_2,13,14,False,0.00893743681081105,0.0010230270181637025,0.007914409792647348
control,20260917,Bearing1_2,14,15,False,0.03557669231668115,0.007978285546414554,0.027598406770266593
control,20260917,Bearing1_2,15,16,False,0.03453156421892345,0.0005402407268775278,0.03399132349204592
control,20260917,Bearing1_2,16,17,False,0.025021836394444108,0.0003877186339025229,0.024634117760541585
control,20260917,Bearing1_2,17,18,False,0.021828411554452032,0.00045533086677096435,0.021373080687681068
control,20260917,Bearing1_2,18,19,False,0.02491470123641193,0.0001619445542928588,0.02475275668211907
control,20260917,Bearing1_2,19,20,False,0.03413673280738294,0.0008102233841782436,0.0333265094232047
control,20260917,Bearing1_2,20,21,False,0.05229871952906251,0.002815003666910343,0.04948371586215217
control,20260917,Bearing1_2,21,22,False,0.02153092180378735,0.004765727091580629,0.01676519471220672
control,20260917,Bearing1_2,22,23,False,0.01581278262892738,0.0015113247136469,0.01430145791528048
control,20260917,Bearing1_2,23,24,False,0.014328027566079982,0.0005751893449996714,0.01375283822108031
control,20260917,Bearing1_2,24,25,True,0.024704849580302835,0.001193298838188639,0.023511550742114196
control,20260917,Bearing1_2,25,26,True,0.008905854094336974,0.0035887772392015904,0.005317076855135383
control,20260917,Bearing1_2,26,27,True,0.021971268230117857,0.0018696146871661767,0.02010165354295168
control,20260917,Bearing1_2,27,28,True,0.023254863801412284,0.0002161158573414923,0.023038747944070792
control,20260917,Bearing1_2,28,29,True,0.02210075024049729,6.647471219167755e-05,0.022034275528305614
control,20260917,Bearing1_2,29,30,True,0.012452429524273612,0.0014935230719856918,0.01095890645228792
control,20260917,Bearing1_2,30,31,True,0.09088808530941606,0.033611845690757036,0.05727623961865902
control,20260917,Bearing1_2,31,32,True,0.08143933862447739,0.001172259777376894,0.08026707884710049
control,20260917,Bearing1_2,32,33,True,0.03012084646616131,0.010398878657724708,0.019721967808436602
control,20260917,Bearing1_2,33,34,True,0.01656283574993722,0.0045752406876999885,0.011987595062237233
control,20260917,Bearing1_2,34,35,True,0.020755367586389184,9.183998399464599e-05,0.020663527602394538
control,20260917,Bearing1_2,35,36,True,0.0016658447702866397,0.016289993189275265,-0.014624148418988625
control,20260917,Bearing1_2,36,37,True,0.0071491035632789135,0.01921697927173227,-0.012067875708453357
control,20260917,Bearing1_2,37,38,True,0.03339400584809482,0.027182398596778512,0.006211607251316309
control,20260917,Bearing1_2,38,39,True,0.0042163510515820235,0.0010108935093740001,0.0032054575422080234
control,20260917,Bearing1_2,39,40,True,0.01987925753928721,0.00809983559884131,0.0117794219404459
control,20260917,Bearing1_2,40,41,True,0.019524222007021308,0.05279303016141057,-0.03326880815438926
control,20260917,Bearing1_2,41,42,True,0.007847364759072661,0.01576642505824566,-0.007919060299172997
control,20260917,Bearing1_2,42,43,True,0.06822092738002539,0.04225450428202748,0.025966423097997904
control,20260917,Bearing1_2,43,44,True,0.002523449518776033,0.035057443426921964,-0.03253399390814593
control,20260917,Bearing1_2,44,45,True,0.30232277140021324,0.280951164662838,0.02137160673737526
control,20260917,Bearing1_2,45,46,True,0.1477638455107808,0.01717927190475166,0.13058457360602915
control,20260917,Bearing1_2,46,47,True,0.005729068359372036,0.01063047454226762,-0.004901406182895585
control,20260917,Bearing1_2,47,48,True,0.1280148522928357,0.13738737907260656,-0.009372526779770851
control,20260917,Bearing1_2,48,49,True,0.03742224373854697,0.07207534881308675,-0.03465310507453978
control,20260917,Bearing1_2,49,50,True,0.1613254537805915,0.08931050170212984,0.07201495207846165
control,20260917,Bearing1_2,50,51,True,0.0069358897111442275,0.007068879378493875,-0.0001329896673496478
control,20260917,Bearing1_2,51,52,True,0.03371350222732872,0.03238578210584819,0.0013277201214805245
control,20260917,Bearing1_2,52,53,True,0.005621932872324559,0.001640920013755931,0.0039810128585686284
control,20260917,Bearing1_2,53,54,True,0.03259925700695021,0.010180504235904664,0.022418752771045547
control,20260917,Bearing1_2,54,55,True,0.021681474586330296,0.07503901282325387,-0.053357538236923574
control,20260917,Bearing1_2,55,56,True,0.013594950549304485,0.0021686769105144776,0.011426273638790008
control,20260917,Bearing1_2,56,57,True,0.0037410236182040535,0.028315146919339895,-0.024574123301135842
control,20260917,Bearing1_2,57,58,True,0.004065018136316212,0.010688543901778758,-0.006623525765462546
control,20260917,Bearing1_2,58,59,True,0.02324407575360965,0.0003275818846226741,0.022916493868986976
control,20260917,Bearing1_2,59,60,True,0.015574321543681435,0.00984646868892014,0.005727852854761295
control,20260917,Bearing1_2,60,61,True,0.03917237895075232,0.00018363127184928274,0.038988747678903035
control,20260917,Bearing1_2,61,62,True,0.05435877852141857,0.21035071089863777,-0.1559919323772192
control,20260917,Bearing1_2,62,63,True,0.08772877603769302,0.025576062267646194,0.06215271377004683
control,20260917,Bearing1_2,63,64,True,0.07421611156314611,0.002178072798415087,0.07203803876473103
control,20260917,Bearing1_2,64,65,True,0.020313469576649368,0.006403321109246463,0.013910148467402905
control,20260917,Bearing1_2,65,66,True,0.04423761577345431,0.0121789172408171,0.03205869853263721
control,20260917,Bearing1_2,66,67,True,0.02490413119085133,0.0005256007189018419,0.02437853047194949
control,20260917,Bearing1_2,67,68,True,0.012050270597683266,0.0007313453206734266,0.01131892527700984
control,20260917,Bearing1_2,68,69,True,0.002650062558132049,0.002434597408864647,0.000215465149267402
control,20260917,Bearing1_2,69,70,True,0.007383997500937767,0.0035462668965919875,0.0038377306043457793
control,20260917,Bearing1_2,70,71,True,0.0013204902452343958,0.0058162714703939855,-0.00449578122515959
control,20260917,Bearing1_2,71,72,True,0.0040317549428436905,0.004540561931207776,-0.0005088069883640856
control,20260917,Bearing1_2,72,73,True,0.003151154929128097,3.074454975049434e-05,0.003120410379377603
control,20260917,Bearing1_2,73,74,True,0.0059337322345527355,0.001301998388953507,0.0046317338455992285
control,20260917,Bearing1_2,74,75,True,0.0025840284872629127,0.0011539936785993632,0.0014300348086635495
control,20260917,Bearing1_2,75,76,True,0.002616190615825076,7.724182865587181e-05,0.002538948787169204
control,20260917,Bearing1_2,76,77,True,0.0022721247314620996,4.464635900092162e-06,0.0022676600955620074
control,20260917,Bearing1_2,77,78,True,0.005018033720261883,0.0015823780559003353,0.0034356556643615477
control,20260917,Bearing1_2,78,79,True,0.002773127592064384,0.0005605657388514373,0.0022125618532129465
control,20260917,Bearing1_2,79,80,True,0.008043820217821462,0.0030111851228866726,0.00503263509493479
control,20260917,Bearing1_2,80,81,True,0.00728294837255028,5.287653550567484e-05,0.007230071837044605
control,20260917,Bearing1_2,81,82,True,0.0032340788393412367,0.0012851556784880813,0.0019489231608531554
control,20260917,Bearing1_2,82,83,True,0.004112756207177881,0.00016787505910542677,0.003944881148072454
control,20260917,Bearing1_2,83,84,True,0.006723927874730862,0.0007714078019489534,0.005952520072781908
control,20260917,Bearing1_2,84,85,True,0.0033596294841800045,0.001182447205792414,0.0021771822783875905
control,20260917,Bearing1_2,85,86,True,0.0047684511737315916,0.0005196747813442926,0.004248776392387299
control,20260917,Bearing1_2,86,87,True,0.00390893953590421,5.420241188858199e-05,0.003854737124015628
control,20260917,Bearing1_2,87,88,True,0.002229029710406394,0.0005056599320596433,0.0017233697783467505
control,20260917,Bearing1_2,88,89,True,0.004086188062501606,0.0007423437855322845,0.003343844276969321
control,20260917,Bearing1_2,89,90,True,0.004336716541729402,4.806733659279416e-05,0.004288649205136608
control,20260917,Bearing1_2,90,91,True,0.006072135089198127,0.00033181995240738615,0.005740315136790741
control,20260917,Bearing1_2,91,92,True,0.005516545727004996,3.1274664422653586e-05,0.005485271062582342
control,20260917,Bearing1_2,92,93,True,0.00750495868624057,0.00030953050600146526,0.007195428180239105
control,20260917,Bearing1_2,93,94,True,0.006901360385313637,2.6258150114699674e-05,0.006875102235198938
control,20260917,Bearing1_2,94,95,True,0.007082665413690847,1.3586812983135133e-05,0.007069078600707712
control,20260917,Bearing1_2,95,96,True,0.006076277155443677,4.1863557271426544e-05,0.00603441359817225
control,20260917,Bearing1_2,96,97,True,0.005904115582779923,2.1711203949337232e-05,0.005882404378830586
control,20260917,Bearing1_2,97,98,True,0.006330122466351895,2.0548229343830826e-05,0.006309574237008064
control,20260917,Bearing1_2,98,99,True,0.005910325074410139,2.9586624679112106e-05,0.005880738449731027
control,20260917,Bearing1_2,99,100,True,0.006450336634202358,3.728659676660584e-05,0.006413050037435752
control,20260917,Bearing1_2,100,101,True,0.007471127803000854,8.151907741194009e-05,0.007389608725588914
control,20260917,Bearing1_2,101,102,True,0.008320197375724092,5.599324129690331e-05,0.008264204134427189
control,20260917,Bearing1_2,102,103,True,0.008716818898392376,1.7645049940284707e-05,0.00869917384845209
control,20260917,Bearing1_2,103,104,True,0.008390882176172454,1.7772357082890267e-05,0.008373109819089564
control,20260917,Bearing1_2,104,105,True,0.00709882805676898,7.389034067273315e-05,0.007024937716096247
control,20260917,Bearing1_2,105,106,True,0.007732141528322245,4.13479681355966e-05,0.007690793560186648
control,20260917,Bearing1_2,106,107,True,0.007757470339129213,2.727886518982814e-05,0.007730191473939385
control,20260917,Bearing1_2,107,108,True,0.0076064540044171736,2.002267182810158e-05,0.007586431332589072
control,20260917,Bearing1_2,108,109,True,0.007309048480237834,1.0449317130678537e-05,0.007298599163107156
control,20260917,Bearing1_2,109,110,True,0.007308933778404025,5.2563727344079325e-06,0.007303677405669617
control,20260917,Bearing1_2,110,111,True,0.006342715343635064,4.428666034073103e-05,0.006298428683294333
control,20260917,Bearing1_2,111,112,True,0.006708486043862649,3.558958190019723e-05,0.006672896461962452
control,20260917,Bearing1_2,112,113,True,0.005795619164018717,4.329955280013564e-05,0.0057523196112185815
control,20260917,Bearing1_2,113,114,True,0.0059660039701157075,6.921983789709429e-06,0.005959081986325998
control,20260917,Bearing1_2,114,115,True,0.006570021938387072,2.623456356332099e-05,0.006543787374823751
control,20260917,Bearing1_2,115,116,True,0.006524643118609674,1.690073960958216e-05,0.006507742379000092
control,20260917,Bearing1_2,116,117,True,0.006649392562394496,3.5138773633036635e-06,0.006645878685031192
control,20260917,Bearing1_2,117,118,True,0.0064128140184038784,9.530344115660228e-06,0.006403283674288218
control,20260917,Bearing1_2,118,119,True,0.007027442523394711,1.887476850015446e-05,0.007008567754894557
control,20260917,Bearing1_2,119,120,True,0.006626723799854517,9.164046751664046e-06,0.006617559753102853
control,20260917,Bearing1_2,120,121,True,0.00743094232166186,3.501312644971222e-05,0.0073959291952121475
control,20260917,Bearing1_2,121,122,True,0.007952674131956883,5.1941052696236056e-05,0.007900733079260647
control,20260917,Bearing1_2,122,123,True,0.008336449580383487,6.275946580558411e-05,0.008273690114577903
control,20260917,Bearing1_2,123,124,True,0.008340433720150031,1.80946802927906e-05,0.00832233903985724
control,20260917,Bearing1_2,124,125,True,0.008685555687407032,0.00010481639372983409,0.008580739293677198
control,20260917,Bearing1_2,125,126,True,0.008724289829842746,0.000208970130872288,0.008515319698970458
control,20260917,Bearing1_2,126,127,True,0.008955329627497122,1.2014826172190851e-05,0.00894331480132493
control,20260917,Bearing1_2,127,128,True,0.009233726814272813,4.529330038849366e-05,0.00918843351388432
control,20260917,Bearing1_2,128,129,True,0.009530320356134325,1.9845387413397475e-05,0.009510474968720928
control,20260917,Bearing1_2,129,130,True,0.010038528242148459,1.5238278239237957e-05,0.010023289963909221
control,20260917,Bearing1_2,130,131,True,0.010007313743699342,8.327067378743891e-06,0.009998986676320598
control,20260917,Bearing1_2,131,132,True,0.010115281329490244,2.5685526097163347e-06,0.010112712776880528
control,20260917,Bearing1_2,132,133,True,0.010868546843994409,2.0169618267118494e-05,0.01084837722572729
control,20260917,Bearing1_2,133,134,True,0.010058597166789696,2.4447254162396348e-05,0.0100341499126273
control,20260917,Bearing1_2,134,135,True,0.010704272106522694,2.028112402285842e-05,0.010683990982499836
control,20260917,Bearing1_2,135,136,True,0.011224608693737537,3.5210876887958875e-05,0.011189397816849578
control,20260917,Bearing1_2,136,137,True,0.01081267889821902,2.2707894197893097e-05,0.010789971004021126
control,20260917,Bearing1_2,137,138,True,0.010732576833106577,9.636532057655245e-06,0.010722940301048922
control,20260917,Bearing1_2,138,139,True,0.010346855560783297,5.733903467586288e-06,0.01034112165731571
control,20260917,Bearing1_2,139,140,True,0.010066629794891924,7.864914886468455e-06,0.010058764880005455
control,20260917,Bearing1_2,140,141,True,0.009807334077777341,9.50337019567371e-06,0.009797830707581667
control,20260917,Bearing1_2,141,142,True,0.009941364376572892,4.080691738295172e-06,0.009937283684834597
control,20260917,Bearing1_2,142,143,True,0.009376342204632238,1.334413033760029e-05,0.009362998074294637
control,20260917,Bearing1_2,143,144,True,0.009571456961566582,6.473864040401622e-06,0.00956498309752618
control,20260917,Bearing1_2,144,145,True,0.01053973616217263,4.5469940715747725e-05,0.010494266221456883
control,20260917,Bearing1_2,145,146,True,0.012870258040493354,0.0002020910797000397,0.012668166960793315
control,20260917,Bearing1_2,146,147,True,0.013764632341917604,2.456509318449207e-05,0.013740067248733112
control,20260917,Bearing1_2,147,148,True,0.01421447133179754,1.7678371939666704e-05,0.014196792959857873
control,20260917,Bearing1_2,148,149,True,0.014473477203864604,5.72670888310256e-06,0.014467750494981502
control,20260917,Bearing1_2,149,150,True,0.01499899008194916,2.3529817832823596e-05,0.014975460264116336
control,20260917,Bearing1_2,150,151,True,0.015920068020932376,3.535743692850701e-05,0.01588471058400387
control,20260917,Bearing1_2,151,152,True,0.01597858950844966,6.1232906336528e-06,0.015972466217816006
control,20260917,Bearing1_2,152,153,True,0.016097053099656478,1.2188754164199622e-05,0.016084864345492278
control,20260917,Bearing1_2,153,154,True,0.016252474422799423,2.0196929312987777e-05,0.016232277493486436
control,20260917,Bearing1_2,154,155,True,0.01773017697269097,5.2940292874836814e-05,0.017677236679816133
control,20260917,Bearing1_2,155,156,True,0.017455892666475847,1.2050731371004986e-05,0.017443841935104842
control,20260917,Bearing1_2,156,157,True,0.017834822880104184,1.7744523070462037e-05,0.017817078357033722
control,20260917,Bearing1_2,157,158,True,0.01957590668462217,5.755620492209346e-05,0.019518350479700075
control,20260917,Bearing1_2,158,159,True,0.02015394193585962,8.559825772636032e-06,0.020145382110086985
control,20260917,Bearing1_2,159,160,True,0.02735283103538677,0.0006373348938950585,0.026715496141491712
control,20260917,Bearing1_3,0,1,False,0.16187910456210375,0.00011832212592821634,0.16176078243617553
control,20260917,Bearing1_3,1,2,False,0.0257724222028628,0.0037537352473009378,0.02201868695556186
control,20260917,Bearing1_3,2,3,False,0.01775118603836745,0.00030737633392163843,0.017443809704445812
control,20260917,Bearing1_3,3,4,False,0.004348436764303187,0.005968956451397389,-0.0016205196870942018
control,20260917,Bearing1_3,4,5,False,0.013159848575014621,0.0008591830701334402,0.01230066550488118
control,20260917,Bearing1_3,5,6,False,0.005619452371320222,0.0013975217079860158,0.004221930663334206
control,20260917,Bearing1_3,6,7,False,0.01760950271273032,0.002308820330654271,0.015300682382076047
control,20260917,Bearing1_3,7,8,False,0.017276943777687848,0.0002167293813499782,0.01706021439633787
control,20260917,Bearing1_3,8,9,False,0.02275860233930871,0.000697405768733006,0.022061196570575703
control,20260917,Bearing1_3,9,10,False,0.01341419227537699,0.0007595428460263065,0.012654649429350684
control,20260917,Bearing1_3,10,11,False,0.00503589473419197,0.0030773190810577944,0.001958575653134176
control,20260917,Bearing1_3,11,12,False,0.008731388152227737,9.262580363156303e-05,0.008638762348596174
control,20260917,Bearing1_3,12,13,False,0.005641757330522523,0.000447695219918387,0.005194062110604136
control,20260917,Bearing1_3,13,14,False,0.017303691420238465,0.0027197431336389855,0.01458394828659948
control,20260917,Bearing1_3,14,15,False,0.012514690111856908,4.021492527961357e-05,0.012474475186577294
control,20260917,Bearing1_3,15,16,False,0.011976549387327395,2.277460556143751e-05,0.011953774781765958
control,20260917,Bearing1_3,16,17,False,0.010112599331478123,0.0001389612228379633,0.00997363810864016
control,20260917,Bearing1_3,17,18,False,0.0021802654561611234,0.003898857714375481,-0.0017185922582143576
control,20260917,Bearing1_3,18,19,False,0.0029086868416925427,0.00019089795978288748,0.002717788881909655
control,20260917,Bearing1_3,19,20,False,0.002729483433540736,0.00014457071466900118,0.0025849127188717347
control,20260917,Bearing1_3,20,21,False,0.004670020349294646,0.00017131510540480122,0.0044987052438898445
control,20260917,Bearing1_3,21,22,False,0.001106811535464658,0.00126828440988902,-0.0001614728744243621
control,20260917,Bearing1_3,22,23,False,0.0015262417724102306,3.6143721331427514e-05,0.0014900980510788031
control,20260917,Bearing1_3,23,24,False,0.006050468655303121,0.0014063036651350558,0.004644164990168065
control,20260917,Bearing1_3,24,25,True,0.004284526614355855,7.239882070564363e-05,0.004212127793650211
control,20260917,Bearing1_3,25,26,True,0.004466339216378401,0.0001125169001170434,0.004353822316261358
control,20260917,Bearing1_3,26,27,True,0.0023138151400416973,0.000394586644233641,0.0019192284958080563
control,20260917,Bearing1_3,27,28,True,0.0038177539136086125,0.0001647965710844801,0.0036529573425241324
control,20260917,Bearing1_3,28,29,True,0.0026894285529124318,0.0001854283650573052,0.0025040001878551266
control,20260917,Bearing1_3,29,30,True,0.006520601753436495,0.0009719425725052133,0.005548659180931281
control,20260917,Bearing1_3,30,31,True,0.0020641807120682643,0.0009605241866665892,0.001103656525401675
control,20260917,Bearing1_3,31,32,True,0.004680358400946716,0.00044100433751737,0.004239354063429346
control,20260917,Bearing1_3,32,33,True,0.007552006441983394,0.0005992895412418875,0.006952716900741507
control,20260917,Bearing1_3,33,34,True,0.006397078352165408,5.712841090854681e-05,0.006339949941256862
control,20260917,Bearing1_3,34,35,True,0.004496135719818994,0.0001615719177863184,0.004334563802032676
control,20260917,Bearing1_3,35,36,True,0.0041776074685913045,6.283300962195426e-05,0.00411477445896935
control,20260917,Bearing1_3,36,37,True,0.012472691247239709,0.002144325480912812,0.010328365766326897
control,20260917,Bearing1_3,37,38,True,0.010091900505358353,6.159257940119289e-05,0.01003030792595716
control,20260917,Bearing1_3,38,39,True,0.012845878052758053,0.0003851502297038678,0.012460727823054185
control,20260917,Bearing1_3,39,40,True,0.008097135680145584,0.0003753876771952491,0.007721748002950335
control,20260917,Bearing1_3,40,41,True,0.005431041689007543,0.000478927897347603,0.00495211379165994
control,20260917,Bearing1_3,41,42,True,0.007394335749268066,9.123752693263043e-05,0.007303098222335436
control,20260917,Bearing1_3,42,43,True,0.014879237802233547,0.001453866636438761,0.013425371165794786
control,20260917,Bearing1_3,43,44,True,0.005854179464222398,0.0012697454149019904,0.004584434049320407
control,20260917,Bearing1_3,44,45,True,0.010033831145847216,0.0002920893975897343,0.009741741748257482
control,20260917,Bearing1_3,45,46,True,0.009667066915426403,5.379382344017358e-05,0.00961327309198623
control,20260917,Bearing1_3,46,47,True,0.00686531480459962,0.0003173199993966591,0.006547994805202961
control,20260917,Bearing1_3,47,48,True,0.007180012726166751,7.67401255714617e-05,0.0071032726005952895
control,20260917,Bearing1_3,48,49,True,0.0028347176366878557,0.0014212617097655311,0.0014134559269223246
control,20260917,Bearing1_3,49,50,True,0.010661341453669593,0.0018267605046276003,0.008834580949041992
control,20260917,Bearing1_3,50,51,True,0.009618357522413135,8.548119740225957e-05,0.009532876325010875
control,20260917,Bearing1_3,51,52,True,0.01621504279319197,0.0012530998064903542,0.014961942986701615
control,20260917,Bearing1_3,52,53,True,0.011987697624135762,8.491224041051737e-05,0.011902785383725245
control,20260917,Bearing1_3,53,54,True,0.011982245050603524,1.8398674654918068e-05,0.011963846375948606
control,20260917,Bearing1_3,54,55,True,0.009915651520714164,0.0002208545153621344,0.00969479700535203
control,20260917,Bearing1_3,55,56,True,0.01612504996592179,0.0008163463317032438,0.015308703634218546
control,20260917,Bearing1_3,56,57,True,0.009826400739257224,0.000542719124496216,0.009283681614761008
control,20260917,Bearing1_3,57,58,True,0.0011800083684647689,0.009099382383283228,-0.007919374014818459
control,20260917,Bearing1_3,58,59,True,0.0007867174455213899,0.002148235129425302,-0.0013615176839039123
control,20260917,Bearing1_3,59,60,True,0.0022091861946478275,0.003182840213412419,-0.0009736540187645915
control,20260917,Bearing1_3,60,61,True,0.0021609128554018753,0.002358333149459213,-0.00019742029405733774
control,20260917,Bearing1_3,61,62,True,0.00100732344270682,0.0018765332060866058,-0.0008692097633797857
control,20260917,Bearing1_3,62,63,True,0.0007871731230864043,3.028532711546461e-05,0.0007568877959709397
control,20260917,Bearing1_3,63,64,True,0.0018214566912320151,0.0011113505825051107,0.0007101061087269045
control,20260917,Bearing1_3,64,65,True,0.001275684302299851,0.00013110535360283393,0.001144578948697017
control,20260917,Bearing1_3,65,66,True,0.002565239902878602,0.004082586674485356,-0.0015173467716067535
control,20260917,Bearing1_3,66,67,True,0.0015956315150607026,0.00023277181685443793,0.0013628596982062646
control,20260917,Bearing1_3,67,68,True,0.001258598657472021,7.059373359652454e-05,0.0011880049238754964
control,20260917,Bearing1_3,68,69,True,0.00110734559143566,0.0001837223734537652,0.0009236232179818948
control,20260917,Bearing1_3,69,70,True,0.0008075302469023882,7.471952039850294e-05,0.0007328107265038852
control,20260917,Bearing1_3,70,71,True,0.010585524374619126,0.007439356530085206,0.0031461678445339203
control,20260917,Bearing1_3,71,72,True,0.01427814201451838,0.0033694574958644807,0.0109086845186539
control,20260917,Bearing1_3,72,73,True,0.0031110193049244117,0.0006997604868956842,0.0024112588180287275
control,20260917,Bearing1_3,73,74,True,0.008428068074863404,0.0014825738398940302,0.006945494234969374
control,20260917,Bearing1_3,74,75,True,0.006340288615319878,0.0002131912982363815,0.006127097317083496
control,20260917,Bearing1_3,75,76,True,0.008401401049923152,0.0006334190456982469,0.007767982004224905
control,20260917,Bearing1_3,76,77,True,0.00855171779403463,0.0003492226423986722,0.008202495151635958
control,20260917,Bearing1_3,77,78,True,0.010163065395317972,0.0006128351124061737,0.009550230282911798
control,20260917,Bearing1_3,78,79,True,0.0016697132523404434,0.001884839468402788,-0.0002151262160623446
control,20260917,Bearing1_3,79,80,True,0.012663728091865778,0.0028970660641789436,0.009766662027686834
control,20260917,Bearing1_3,80,81,True,0.005340984353097156,0.0002760280756319844,0.005064956277465171
control,20260917,Bearing1_3,81,82,True,0.01173518574796617,0.0013938436168245971,0.010341342131141573
control,20260917,Bearing1_3,82,83,True,0.011634553200565279,0.0004658957441279199,0.011168657456437359
control,20260917,Bearing1_3,83,84,True,0.006481445860117674,0.00010796864717121935,0.0063734772129464545
control,20260917,Bearing1_3,84,85,True,0.007358597824349999,6.096744323258463e-05,0.007297630381117415
control,20260917,Bearing1_3,85,86,True,0.0011143831834488083,0.002529659861465916,-0.0014152766780171078
control,20260917,Bearing1_3,86,87,True,0.01695341640152037,0.00496112261316739,0.011992293788352981
control,20260917,Bearing1_3,87,88,True,0.01969660830218345,0.0019178076181560755,0.017778800684027374
control,20260917,Bearing1_3,88,89,True,0.008808888553176075,0.0001189580593319306,0.008689930493844145
control,20260917,Bearing1_3,89,90,True,0.008156136726029217,8.31401308989399e-05,0.008072996595130277
control,20260917,Bearing1_3,90,91,True,0.08736610505729914,0.04717440064996481,0.04019170440733433
control,20260917,Bearing1_3,91,92,True,0.015089840395376086,0.0006912132685101824,0.014398627126865904
control,20260917,Bearing1_3,92,93,True,0.02545003336854279,0.007181618479080498,0.018268414889462292
control,20260917,Bearing1_3,93,94,True,0.006072402116842568,0.00011224113348795584,0.005960160983354612
control,20260917,Bearing1_3,94,95,True,0.00972035393351689,0.0037103448412381113,0.0060100090922787786
control,20260917,Bearing1_3,95,96,True,0.00031056323800271457,0.0012655340105993673,-0.0009549707725966528
control,20260917,Bearing1_3,96,97,True,0.00102627957119239,0.0004668218425649684,0.0005594577286274216
control,20260917,Bearing1_3,97,98,True,0.003996563478722237,0.005196502199396491,-0.001199938720674254
control,20260917,Bearing1_3,98,99,True,0.000676605552143883,3.960911280387336e-05,0.0006369964393400096
control,20260917,Bearing1_3,99,100,True,0.000680758032558515,0.0007779263214615639,-9.716828890304896e-05
control,20260917,Bearing1_3,100,101,True,0.0006012945682414284,0.0006349172499540146,-3.36226817125862e-05
control,20260917,Bearing1_3,101,102,True,0.0012365526708890684,0.0033292228472419083,-0.00209267017635284
control,20260917,Bearing1_3,102,103,True,0.0018654846971912775,0.00018061601883800904,0.0016848686783532685
control,20260917,Bearing1_3,103,104,True,0.001698703635156562,0.0010222459859505761,0.0006764576492059859
control,20260917,Bearing1_3,104,105,True,0.0021330646338810766,0.001158689283329295,0.0009743753505517816
control,20260917,Bearing1_3,105,106,True,0.004320337517128792,0.000735374112991849,0.0035849634041369427
control,20260917,Bearing1_3,106,107,True,0.0020054861624885234,0.004845857940381393,-0.0028403717778928694
control,20260917,Bearing1_3,107,108,True,0.01916400878690183,0.001070648981112754,0.018093359805789078
control,20260917,Bearing1_3,108,109,True,0.01044865045696497,0.0032611686328891665,0.007187481824075803
control,20260917,Bearing1_3,109,110,True,0.013662555546034127,0.0011474064722278854,0.012515149073806242
control,20260917,Bearing1_3,110,111,True,0.06415812019258738,0.008015728497412056,0.05614239169517532
control,20260917,Bearing1_3,111,112,True,0.019724737503565848,0.007044430880341679,0.012680306623224169
control,20260917,Bearing1_3,112,113,True,0.020688644726760685,0.0013163120056560729,0.019372332721104613
control,20260917,Bearing1_3,113,114,True,0.05359741346910596,0.002178796989028342,0.05141861648007762
control,20260917,Bearing1_3,114,115,True,0.05962555389851332,0.00032826678034325596,0.05929728711817006
control,20260917,Bearing1_3,115,116,True,0.020013712695799768,0.008503700082655996,0.011510012613143772
control,20260917,Bearing1_3,116,117,True,0.045030395267531276,0.0006451429512708273,0.04438525231626045
control,20260917,Bearing1_3,117,118,True,0.035421504406258464,0.0016545274993404746,0.03376697690691799
control,20260917,Bearing1_3,118,119,True,0.02739451895467937,0.0031432685063919052,0.024251250448287465
control,20260917,Bearing1_3,119,120,True,0.03428770764730871,0.0009133776038652286,0.03337433004344348
control,20260917,Bearing1_3,120,121,True,0.051620943704620004,4.691730924147319e-05,0.05157402639537853
control,20260917,Bearing1_3,121,122,True,0.02841747971251607,0.007268514309544116,0.021148965402971953
control,20260917,Bearing1_3,122,123,True,0.01811924495268613,0.007780125306453556,0.010339119646232575
control,20260917,Bearing1_3,123,124,True,0.02952461433596909,0.000987994353636168,0.028536619982332923
control,20260917,Bearing1_3,124,125,True,0.0822835136204958,0.004001322027761489,0.07828219159273431
control,20260917,Bearing1_3,125,126,True,0.04272015695460141,0.008133103372529149,0.03458705358207226
control,20260917,Bearing1_3,126,127,True,0.051831308985129,0.00044671536852547433,0.051384593616603524
control,20260917,Bearing1_3,127,128,True,0.010011828737333417,0.02603763318620622,-0.016025804448872805
control,20260917,Bearing1_3,128,129,True,0.008930897834943607,0.0047665926977060735,0.004164305137237534
control,20260917,Bearing1_3,129,130,True,0.048743430990725756,0.005655820306856185,0.04308761068386957
control,20260917,Bearing1_3,130,131,True,0.002326856294530444,0.07723745983093977,-0.07491060353640933
control,20260917,Bearing1_3,131,132,True,0.0027101058985863347,0.00371660286327824,-0.0010064969646919053
control,20260917,Bearing1_3,132,133,True,0.011653903580736369,0.01054981304332614,0.0011040905374102294
control,20260917,Bearing1_3,133,134,True,0.007545148762574172,0.00022025187809049385,0.007324896884483678
control,20260917,Bearing1_3,134,135,True,0.004592769113514805,4.7927925464819054e-05,0.004544841188049986
control,20260917,Bearing1_3,135,136,True,0.006452834591982537,0.0012747837754432112,0.005178050816539326
control,20260917,Bearing1_3,136,137,True,0.005224332639045315,0.00010799877327372087,0.005116333865771594
control,20260917,Bearing1_3,137,138,True,0.005219777096499456,0.00020568181571434252,0.005014095280785114
control,20260917,Bearing1_3,138,139,True,0.002594503277578042,0.00032864351578609785,0.002265859761791944
control,20260917,Bearing1_3,139,140,True,0.0029545999679569945,0.0001525215147921699,0.0028020784531648246
control,20260917,Bearing1_3,140,141,True,0.002934697962942323,5.809722928518113e-05,0.002876600733657142
control,20260917,Bearing1_3,141,142,True,0.0028004148372247073,7.968485326514951e-05,0.002720729983959558
control,20260917,Bearing1_3,142,143,True,0.003041519089947542,0.00010466774593176353,0.0029368513440157784
control,20260917,Bearing1_3,143,144,True,0.002816536855789309,3.66478448956542e-05,0.0027798890108936547
control,20260917,Bearing1_3,144,145,True,0.007190203285517782,0.002793087434838526,0.004397115850679256
control,20260917,Bearing1_3,145,146,True,0.004741045910122921,0.0003305421278128051,0.004410503782310116
control,20260917,Bearing1_3,146,147,True,0.0035533295936147624,7.979634619914577e-05,0.0034735332474156166
control,20260917,Bearing1_3,147,148,True,0.004679814183759845,0.0003127326908725081,0.004367081492887337
control,20260917,Bearing1_3,148,149,True,0.016627803807296004,0.005238185534381046,0.011389618272914959
control,20260917,Bearing1_3,149,150,True,0.018021020259766374,0.00019187858507052624,0.017829141674695848
control,20260917,Bearing1_3,150,151,True,0.018258732437971048,2.673573648337424e-05,0.018231996701487674
control,20260917,Bearing1_3,151,152,True,0.020406868032296188,0.00016123462648920395,0.020245633405806984
control,20260917,Bearing1_3,152,153,True,0.017323669264442287,9.279720427457505e-05,0.017230872060167712
control,20260917,Bearing1_3,153,154,True,0.018164059234550223,6.864401291295508e-05,0.018095415221637268
control,20260917,Bearing1_3,154,155,True,0.017949499655514956,8.524738152715372e-06,0.01794097491736224
control,20260917,Bearing1_3,155,156,True,0.018523266655392945,1.752813626154648e-05,0.0185057385191314
control,20260917,Bearing1_3,156,157,True,0.018186998087912798,5.040503056719103e-06,0.01818195758485608
control,20260917,Bearing1_4,0,1,False,0.09559684619307518,0.00012572069090310833,0.09547112550217207
control,20260917,Bearing1_4,1,2,False,0.015326113090850413,0.00023224595861393027,0.015093867132236483
control,20260917,Bearing1_4,2,3,False,0.007698912435444072,0.000163001993087164,0.007535910442356908
control,20260917,Bearing1_4,3,4,False,0.010666360220056958,0.0009584444251231616,0.009707915794933797
control,20260917,Bearing1_4,4,5,False,0.011186211762833409,0.0002868809579013032,0.010899330804932106
control,20260917,Bearing1_4,5,6,False,0.016398928681155667,0.0010292627121089026,0.015369665969046764
control,20260917,Bearing1_4,6,7,False,0.009379747178172693,0.0005729211111429322,0.00880682606702976
control,20260917,Bearing1_4,7,8,False,0.0294930204981938,0.005872335750609636,0.023620684747584164
control,20260917,Bearing1_4,8,9,False,0.024809990427456796,0.00012572454983228454,0.02468426587762451
control,20260917,Bearing1_4,9,10,False,0.030693411477841437,0.0006404144696716685,0.03005299700816977
control,20260917,Bearing1_4,10,11,False,0.027175676776096225,5.383009289516849e-05,0.027121846683201056
control,20260917,Bearing1_4,11,12,False,0.03187067783437669,0.00023910457093734294,0.03163157326343935
control,20260917,Bearing1_4,12,13,False,0.04669656231999397,0.0018769379967125133,0.04481962432328146
control,20260917,Bearing1_4,13,14,False,0.047467962838709354,0.00022955047779760207,0.04723841236091175
control,20260917,Bearing1_4,14,15,False,0.04702390800230205,0.00010575762655662402,0.04691815037574543
control,20260917,Bearing1_4,15,16,False,0.04898585774935782,0.00012347998119821568,0.048862377768159604
control,20260917,Bearing1_4,16,17,False,0.05172574031166732,0.00018017489959021304,0.05154556541207711
control,20260917,Bearing1_4,17,18,False,0.04403759026899934,0.00028556876713992096,0.04375202150185942
control,20260917,Bearing1_4,18,19,False,0.04922974482178688,0.0001173569068271263,0.049112387914959754
control,20260917,Bearing1_4,19,20,False,0.07657280843704939,0.003309400985017419,0.07326340745203197
control,20260917,Bearing1_4,20,21,False,0.042621654574759305,0.003381762857316062,0.03923989171744324
control,20260917,Bearing1_4,21,22,False,0.07560664135962725,0.0034426682686898857,0.07216397309093736
control,20260917,Bearing1_4,22,23,False,0.058692511869594455,0.0004643329666578211,0.058228178902936634
control,20260917,Bearing1_4,23,24,False,0.06430286238901317,9.41601303452444e-05,0.06420870225866793
control,20260917,Bearing1_4,24,25,True,0.09262621309608221,0.002903077780501917,0.0897231353155803
control,20260917,Bearing1_4,25,26,True,0.07322548143565655,0.000537026695383247,0.0726884547402733
control,20260917,Bearing1_4,26,27,True,0.06662003602832556,0.0002531607617584086,0.06636687526656715
control,20260917,Bearing1_4,27,28,True,0.057628232752904296,0.0005542779526876984,0.0570739548002166
control,20260917,Bearing1_4,28,29,True,0.03692551888525486,0.0030418973765335977,0.03388362150872126
control,20260917,Bearing1_4,29,30,True,0.04440275696106255,4.142384335814597e-05,0.044361333117704405
control,20260917,Bearing1_4,30,31,True,0.03307738364674151,0.0009142670314759016,0.03216311661526561
control,20260917,Bearing1_4,31,32,True,0.054134235018864274,0.0019080804049735889,0.052226154613890685
control,20260917,Bearing1_4,32,33,True,0.042897878447547555,0.00026047069559353986,0.042637407751954015
control,20260917,Bearing1_4,33,34,True,0.04004178592003882,0.0001553857829623695,0.03988640013707645
control,20260917,Bearing1_4,34,35,True,0.051051437854766846,0.0005826004198752344,0.05046883743489161
control,20260917,Bearing1_4,35,36,True,0.03110851044766605,0.0020216801058268175,0.02908683034183923
control,20260917,Bearing1_4,36,37,True,0.07176353456452489,0.006878610234707594,0.0648849243298173
control,20260917,Bearing1_4,37,38,True,0.08192469133064151,0.0015765636962896679,0.08034812763435184
control,20260917,Bearing1_4,38,39,True,0.05070758215151727,0.0025647827133070678,0.048142799438210204
control,20260917,Bearing1_4,39,40,True,0.05476537276990712,4.898820907328627e-05,0.05471638456083383
control,20260917,Bearing1_4,40,41,True,0.0489610533695668,0.0002671990633302812,0.04869385430623652
control,20260917,Bearing1_4,41,42,True,0.03292348713148385,0.0020869757718173787,0.030836511359666474
control,20260917,Bearing1_4,42,43,True,0.06583014200441539,0.00437446273281239,0.061455679271603
control,20260917,Bearing1_4,43,44,True,0.03736447845585644,0.002476615467458032,0.03488786298839841
control,20260917,Bearing1_4,44,45,True,0.05067849741317332,0.0005190094962017611,0.05015948791697156
control,20260917,Bearing1_4,45,46,True,0.03293703217059374,0.0016814157643239014,0.03125561640626984
control,20260917,Bearing1_4,46,47,True,0.02794551372062415,0.0006670058392046485,0.0272785078814195
control,20260917,Bearing1_4,47,48,True,0.014602887240471318,0.0032510348974028602,0.011351852343068458
control,20260917,Bearing1_4,48,49,True,0.011869530804688111,0.0009025831204780843,0.010966947684210027
control,20260917,Bearing1_4,49,50,True,0.003955814807454772,0.026986262062564492,-0.02303044725510972
control,20260917,Bearing1_4,50,51,True,0.0009586565885957299,0.00010435891914539752,0.0008542976694503324
control,20260917,Bearing1_4,51,52,True,0.0019274696264801605,0.00015231537634008419,0.0017751542501400763
control,20260917,Bearing1_4,52,53,True,0.0024649301512909005,0.003857015137327835,-0.0013920849860369344
control,20260917,Bearing1_4,53,54,True,0.0012231910254740797,0.000549104048332083,0.0006740869771419966
control,20260917,Bearing1_4,54,55,True,0.002877973794056743,0.0009561158694850747,0.0019218579245716683
control,20260917,Bearing1_4,55,56,True,0.003260828051224962,0.005873550777323544,-0.002612722726098582
control,20260917,Bearing1_4,56,57,True,0.0008662638139185219,0.0003216467275706236,0.0005446170863478983
control,20260917,Bearing1_4,57,58,True,0.0012821746367990272,0.00027168757026174717,0.00101048706653728
control,20260917,Bearing1_4,58,59,True,0.0009343223277937796,3.0366082668820127e-05,0.0009039562451249594
control,20260917,Bearing1_4,59,60,True,0.0020405329942150274,0.001160711224656552,0.0008798217695584754
control,20260917,Bearing1_4,60,61,True,0.00714911067916546,0.00925706879934296,-0.0021079581201775
control,20260917,Bearing1_4,61,62,True,0.0007878511655423637,0.0019164285768056288,-0.0011285774112632652
control,20260917,Bearing1_4,62,63,True,0.0008655167462165991,0.00018156028602334118,0.000683956460193258
control,20260917,Bearing1_4,63,64,True,0.0013869681263258826,0.0003292416226940986,0.001057726503631784
control,20260917,Bearing1_4,64,65,True,0.0014260832446097993,0.0005979177229460397,0.0008281655216637596
control,20260917,Bearing1_4,65,66,True,0.0011971523624652036,0.00012131712027496633,0.0010758352421902373
control,20260917,Bearing1_4,66,67,True,0.0006269485197663016,0.00015649190243038902,0.0004704566173359126
control,20260917,Bearing1_4,67,68,True,0.0012532493301478098,0.0002081361338497345,0.0010451131962980753
control,20260917,Bearing1_4,68,69,True,0.0012865834542026278,9.673942668086966e-05,0.001189844027521758
control,20260917,Bearing1_4,69,70,True,0.0018297888379699145,0.00019895727336916025,0.0016308315646007543
control,20260917,Bearing1_4,70,71,True,0.0010485594143858634,0.00191849323164206,-0.0008699338172561966
control,20260917,Bearing1_4,71,72,True,0.0022109584764962165,0.0015575989673379809,0.0006533595091582356
control,20260917,Bearing1_4,72,73,True,0.0008490569996695285,0.00022252578537518275,0.0006265312142943458
control,20260917,Bearing1_4,73,74,True,0.005573119058681186,0.003258458658820018,0.002314660399861168
control,20260917,Bearing1_4,74,75,True,0.001060883548962721,0.0020219190264469944,-0.0009610354774842733
control,20260917,Bearing1_4,75,76,True,0.003778135118409409,0.0018053800304187462,0.001972755087990663
control,20260917,Bearing1_4,76,77,True,0.002156642712662915,0.00023999709947020165,0.0019166456131927134
control,20260917,Bearing1_4,77,78,True,0.0018491163491489715,7.597639881140594e-05,0.0017731399503375656
control,20260917,Bearing1_4,78,79,True,0.00680800988629926,0.002098116630804725,0.004709893255494535
control,20260917,Bearing1_4,79,80,True,0.05172815779224038,0.029525219928473234,0.022202937863767147
control,20260917,Bearing1_4,80,81,True,0.021601528977043927,0.0003045249095698921,0.021297004067474035
control,20260917,Bearing1_4,81,82,True,0.01499773605610244,0.00027956452052535496,0.014718171535577085
control,20260917,Bearing1_4,82,83,True,0.04695522179827094,0.01415960828308016,0.03279561351519078
control,20260917,Bearing1_4,83,84,True,0.034256984130479395,0.002585473812359851,0.031671510318119545
control,20260917,Bearing1_4,84,85,True,0.0249148802831769,0.0014888916948621045,0.023425988588314794
control,20260917,Bearing1_4,85,86,True,0.005526751212073577,0.003787902503972873,0.0017388487081007042
control,20260917,Bearing1_4,86,87,True,0.03739969583693892,0.016519874916411936,0.02087982092052698
control,20260917,Bearing1_4,87,88,True,0.017501428643299732,0.0001276845218214362,0.017373744121478296
control,20260917,Bearing1_4,88,89,True,0.033624686766415834,0.010000741691328585,0.02362394507508725
control,20260917,Bearing1_4,89,90,True,0.00773727499472443,0.008013436861801893,-0.0002761618670774624
control,20260917,Bearing1_4,90,91,True,0.008916158971260302,0.004024125344585627,0.0048920336266746745
control,20260917,Bearing1_4,91,92,True,0.006486277411047681,0.0012149804715591017,0.005271296939488579
control,20260917,Bearing1_4,92,93,True,0.004398105654217943,0.0009021633923111949,0.003495942261906748
control,20260917,Bearing1_4,93,94,True,0.005030142609030008,0.0009560814642100013,0.004074061144820007
control,20260917,Bearing1_4,94,95,True,0.004837939151911996,0.0026628563355188817,0.0021750828163931146
control,20260917,Bearing1_4,95,96,True,0.007213121205495554,0.00024857416016788036,0.006964547045327674
control,20260917,Bearing1_4,96,97,True,0.012826411122887293,0.0009094031765926047,0.011917007946294689
control,20260917,Bearing1_4,97,98,True,0.008242965393037593,0.000284847321381676,0.007958118071655917
control,20260917,Bearing1_4,98,99,True,0.004989057946914954,0.0008671204996062443,0.00412193744730871
control,20260917,Bearing1_4,99,100,True,0.005416937513928133,0.00025402950632269494,0.005162908007605438
control,20260917,Bearing1_4,100,101,True,0.01245308651778032,0.0009658803955971962,0.011487206122183125
control,20260917,Bearing1_4,101,102,True,0.004699952053670131,0.0013127220081514679,0.0033872300455186632
control,20260917,Bearing1_4,102,103,True,0.0036283859053583,0.001263766062038485,0.002364619843319815
control,20260917,Bearing1_4,103,104,True,0.018073047482175753,0.0035801611666101962,0.014492886315565556
control,20260917,Bearing1_4,104,105,True,0.006661938999297234,0.00117008079905645,0.0054918582002407845
control,20260917,Bearing1_4,105,106,True,0.015215008781524375,0.001807777167414315,0.01340723161411006
control,20260917,Bearing1_4,106,107,True,0.003460992263519813,0.0028203495021443814,0.0006406427613754317
control,20260917,Bearing1_4,107,108,True,0.0036845964236817963,0.000933439630898647,0.0027511567927831493
control,20260917,Bearing1_4,108,109,True,0.02376172033837065,0.006937707541510463,0.016824012796860188
control,20260917,Bearing1_4,109,110,True,0.006198949378813268,0.0023167335020843893,0.0038822158767288784
control,20260917,Bearing1_4,110,111,True,0.010751130987046054,0.0004242765553499339,0.01032685443169612
control,20260917,Bearing1_4,111,112,True,0.008739768373288825,4.7879223771474244e-05,0.008691889149517351
control,20260917,Bearing1_4,112,113,True,0.004624385552148169,0.0013155753622413613,0.003308810189906808
control,20260917,Bearing1_4,113,114,True,0.004340344873980939,0.0005101891110825818,0.0038301557628983574
control,20260917,Bearing1_4,114,115,True,0.0066811579063141835,4.486740537545941e-05,0.006636290500938724
control,20260917,Bearing1_4,115,116,True,0.009726729003887158,0.00014009140042681167,0.009586637603460346
control,20260917,Bearing1_4,116,117,True,0.010582915594568476,0.00012334447504969148,0.010459571119518785
control,20260917,Bearing1_4,117,118,True,0.012693863653112203,0.00039668074168730527,0.012297182911424898
control,20260917,Bearing1_4,118,119,True,0.0028629695662516497,0.004396018281113356,-0.0015330487148617067
control,20260917,Bearing1_4,119,120,True,0.033464100561104715,0.013191398233175278,0.020272702327929437
control,20260917,Bearing1_4,120,121,True,3.930109739303589,3.5113658905029297,0.4187438488006592
control,20260917,Bearing1_5,0,1,False,0.06275925086811185,0.004455303802387789,0.05830394706572406
control,20260917,Bearing1_5,1,2,False,0.025208051316440105,0.006497024034615606,0.0187110272818245
control,20260917,Bearing1_5,2,3,False,0.015272103890310973,0.001118398598919157,0.014153705291391816
control,20260917,Bearing1_5,3,4,False,0.019214510975871235,0.001577689137775451,0.017636821838095784
control,20260917,Bearing1_5,4,5,False,0.010518675349885598,0.00046344751717697363,0.010055227832708624
control,20260917,Bearing1_5,5,6,False,0.014645268383901566,0.00024713674292797805,0.014398131640973588
control,20260917,Bearing1_5,6,7,False,0.022365674434695393,0.0011720491675077938,0.0211936252671876
control,20260917,Bearing1_5,7,8,False,0.02241509815212339,0.00018673685652004224,0.02222836129560335
control,20260917,Bearing1_5,8,9,False,0.022936021152418107,8.876359197529382e-05,0.022847257560442813
control,20260917,Bearing1_5,9,10,False,0.026218813261948526,0.00044181756402394967,0.025776995697924576
control,20260917,Bearing1_5,10,11,False,0.01984880253439769,0.00042596456114551984,0.01942283797325217
control,20260917,Bearing1_5,11,12,False,0.02753416553605348,0.0005336153008101974,0.02700055023524328
control,20260917,Bearing1_5,12,13,False,0.02701879816595465,5.9068350795499214e-05,0.02695972981515915
control,20260917,Bearing1_5,13,14,False,0.030106153921224177,0.00018525412883718673,0.02992089979238699
control,20260917,Bearing1_5,14,15,False,0.020621975709218532,0.0007366517220361857,0.019885323987182346
control,20260917,Bearing1_5,15,16,False,0.019007380469702184,0.0002403147668701422,0.018767065702832042
control,20260917,Bearing1_5,16,17,False,0.017155407374957576,0.0001869223339099335,0.016968485041047643
control,20260917,Bearing1_5,17,18,False,0.015554142068140209,0.00016499403818670544,0.015389148029953503
control,20260917,Bearing1_5,18,19,False,0.016711377742467448,5.857014287613538e-05,0.016652807599591313
control,20260917,Bearing1_5,19,20,False,0.027087708353064954,0.0013345386032597162,0.025753169749805238
control,20260917,Bearing1_5,20,21,False,0.022265209234319627,7.058840233753472e-05,0.022194620831982093
control,20260917,Bearing1_5,21,22,False,0.027244279044680297,0.00031926027895679,0.026925018765723507
control,20260917,Bearing1_5,22,23,False,0.023399885976687074,0.00011904899628234489,0.02328083698040473
control,20260917,Bearing1_5,23,24,False,0.026733036967925727,0.00019765698471019277,0.026535379983215535
control,20260917,Bearing1_5,24,25,True,0.02983387454878539,0.0001662315817156923,0.029667642967069696
control,20260917,Bearing1_5,25,26,True,0.030074816197156906,8.25209846215813e-05,0.029992295212535325
control,20260917,Bearing1_5,26,27,True,0.01779257258749567,0.0015851003918214701,0.0162074721956742
control,20260917,Bearing1_5,27,28,True,0.020287505351006985,0.00012688373357860883,0.020160621617428376
control,20260917,Bearing1_5,28,29,True,0.009969107850338332,0.002206113684223965,0.0077629941661143675
control,20260917,Bearing1_5,29,30,True,0.010683380780392326,0.00015495232399764802,0.010528428456394678
control,20260917,Bearing1_5,30,31,True,0.010682194711989723,0.00019736001877390663,0.010484834693215817
control,20260917,Bearing1_5,31,32,True,0.009688208585430402,0.00014179560710658734,0.009546412978323815
control,20260917,Bearing1_5,32,33,True,0.0016875796854947112,0.008129976922646165,-0.006442397237151454
control,20260917,Bearing1_5,33,34,True,0.032103372854180634,0.043372469022870064,-0.01126909616868943
control,20260917,Bearing1_5,34,35,True,0.051361868157982826,0.020487299072556198,0.03087456908542663
control,20260917,Bearing1_5,35,36,True,0.09966404549777508,0.036437260918319225,0.06322678457945585
control,20260917,Bearing1_5,36,37,True,0.08711404725909233,0.016099888365715742,0.07101415889337659
control,20260917,Bearing1_5,37,38,True,0.04618366691283882,0.0040130574780050665,0.04217060943483375
control,20260917,Bearing1_5,38,39,True,0.1214867103844881,0.059218183159828186,0.06226852722465992
control,20260917,Bearing1_5,39,40,True,0.07394167967140675,0.019529672106727958,0.05441200756467879
control,20260917,Bearing1_5,40,41,True,0.037841315381228924,0.014694986515678465,0.02314632886555046
control,20260917,Bearing1_5,41,42,True,0.010996501348017773,0.005758346975198947,0.005238154372818826
control,20260917,Bearing1_5,42,43,True,0.005503273603466141,0.00024962925681393244,0.005253644346652209
control,20260917,Bearing1_5,43,44,True,0.017815699262428097,7.618667893893871e-05,0.01773951258348916
control,20260917,Bearing1_5,44,45,True,0.031049414072185755,0.00026941794294543797,0.030779996129240317
control,20260917,Bearing1_5,45,46,True,0.04429915803484619,0.000160252345722256,0.04413890568912393
control,20260917,Bearing1_5,46,47,True,0.05679340218193829,8.982366184184798e-06,0.056784419815754106
control,20260917,Bearing1_5,47,48,True,0.06448640464805067,3.7165352637202886e-05,0.06444923929541346
control,20260917,Bearing1_5,48,49,True,0.07228202046826482,0.0001072426225459111,0.07217477784571891
control,20260917,Bearing1_5,49,50,True,0.06943747051991522,0.0009364494999317685,0.06850102101998345
control,20260917,Bearing1_5,50,51,True,0.0728978265542537,0.0004942103014400345,0.07240361625281366
control,20260918,Bearing1_1,0,1,False,0.2780232075601816,0.019437940325587988,0.25858526723459363
control,20260918,Bearing1_1,1,2,False,0.10573194606695324,0.001062930496118497,0.10466901557083474
control,20260918,Bearing1_1,2,3,False,0.07806663331575692,0.0009837937468546443,0.07708283956890227
control,20260918,Bearing1_1,3,4,False,0.0357424987196282,0.01134567114058882,0.024396827579039382
control,20260918,Bearing1_1,4,5,False,0.022115897514595417,0.005488365364726633,0.016627532149868784
control,20260918,Bearing1_1,5,6,False,0.011115474881194132,0.005337759241228923,0.0057777156399652085
control,20260918,Bearing1_1,6,7,False,0.017626387941618304,0.00017228962868109932,0.017454098312937205
control,20260918,Bearing1_1,7,8,False,0.014204104965756414,0.0003942497405660106,0.013809855225190404
control,20260918,Bearing1_1,8,9,False,0.003884639872239859,0.014233438996598125,-0.010348799124358266
control,20260918,Bearing1_1,9,10,False,0.0025346353749640116,0.0011541252679307945,0.001380510107033217
control,20260918,Bearing1_1,10,11,False,0.010312737984349951,0.014989871997386217,-0.004677134013036266
control,20260918,Bearing1_1,11,12,False,0.001190167786830898,9.198155566991773e-05,0.0010981862311609802
control,20260918,Bearing1_1,12,13,False,0.0039977504675334785,0.0028219512023497373,0.0011757992651837412
control,20260918,Bearing1_1,13,14,False,0.0003831519052894805,0.0014162624793243594,-0.001033110574034879
control,20260918,Bearing1_1,14,15,False,0.0019969789143488015,0.0013595329219242558,0.0006374459924245457
control,20260918,Bearing1_1,15,16,False,0.0032123209502969985,0.0010186779945797753,0.0021936429557172232
control,20260918,Bearing1_1,16,17,False,0.008910296251997352,0.0031656745995860547,0.005744621652411297
control,20260918,Bearing1_1,17,18,False,0.0010605726620269706,0.0011547785252332687,-9.420586320629809e-05
control,20260918,Bearing1_1,18,19,False,0.0032260571606457233,0.0004923819651594386,0.002733675195486285
control,20260918,Bearing1_1,19,20,False,0.0022162375221217445,8.712622280881988e-05,0.0021291112993129246
control,20260918,Bearing1_1,20,21,False,0.023956290795467794,0.01296363992150873,0.010992650873959064
control,20260918,Bearing1_1,21,22,False,0.006555023073815391,0.024891065899282694,-0.018336042825467302
control,20260918,Bearing1_1,22,23,False,0.01817387802293524,0.018088716082274914,8.516194066032767e-05
control,20260918,Bearing1_1,23,24,False,0.01634194143116474,0.002278247782669496,0.014063693648495246
control,20260918,Bearing1_1,24,25,True,0.0012658272135013249,0.003931108234610292,-0.0026652810211089673
control,20260918,Bearing1_1,25,26,True,0.004004657790574129,0.0005832093081608036,0.003421448482413325
control,20260918,Bearing1_1,26,27,True,0.03697849763557315,0.018876298679970205,0.018102198955602944
control,20260918,Bearing1_1,27,28,True,0.0035565096402478957,0.01707959920167923,-0.013523089561431334
control,20260918,Bearing1_1,28,29,True,0.010218824361800216,0.004800515860551968,0.005418308501248248
control,20260918,Bearing1_1,29,30,True,0.017403921054210514,0.0031544652592856437,0.01424945579492487
control,20260918,Bearing1_1,30,31,True,0.004117349619264132,0.0013136696652509272,0.002803679954013205
control,20260918,Bearing1_1,31,32,True,0.0021234724237046976,0.005389750993344933,-0.0032662785696402352
control,20260918,Bearing1_1,32,33,True,0.007049789448501542,0.002146241895388812,0.00490354755311273
control,20260918,Bearing1_1,33,34,True,0.04338327725417912,0.019994114991277456,0.023389162262901664
control,20260918,Bearing1_1,34,35,True,0.015997653266822454,0.0005778091131674046,0.015419844153655049
control,20260918,Bearing1_1,35,36,True,0.015262287324731005,0.03271249053068459,-0.017450203205953585
control,20260918,Bearing1_1,36,37,True,0.030240343883633614,0.02669460279867053,0.0035457410849630833
control,20260918,Bearing1_1,37,38,True,0.0021673234150512144,0.013434621971100569,-0.011267298556049354
control,20260918,Bearing1_1,38,39,True,0.002870003644602548,0.0005789428059870261,0.002291060838615522
control,20260918,Bearing1_1,39,40,True,0.06517626577988267,0.0427776463329792,0.022398619446903467
control,20260918,Bearing1_1,40,41,True,0.00848676180203256,0.033179401187226176,-0.024692639385193615
control,20260918,Bearing1_1,41,42,True,0.0037189827926340513,0.00314064507256262,0.0005783377200714312
control,20260918,Bearing1_1,42,43,True,0.0016926094378959533,0.002663458770257421,-0.0009708493323614675
control,20260918,Bearing1_1,43,44,True,0.07111694384366274,0.05438178451731801,0.01673515932634473
control,20260918,Bearing1_1,44,45,True,0.00469785780296661,0.026938887778669596,-0.022241029975702986
control,20260918,Bearing1_1,45,46,True,0.04224020475521684,0.03131873952224851,0.01092146523296833
control,20260918,Bearing1_1,46,47,True,0.004235622105625225,0.008956651960033923,-0.004721029854408698
control,20260918,Bearing1_1,47,48,True,0.008024427188502159,0.015540386142674834,-0.007515958954172675
control,20260918,Bearing1_1,48,49,True,0.0027969594239038997,0.0007287733506018412,0.0020681860733020585
control,20260918,Bearing1_1,49,50,True,0.021387135260738432,0.008446235355222598,0.012940899905515835
control,20260918,Bearing1_1,50,51,True,0.0035831163154398382,0.011550931143574417,-0.007967814828134578
control,20260918,Bearing1_1,51,52,True,0.00983971256937366,0.0033820482130977325,0.006457664356275927
control,20260918,Bearing1_1,52,53,True,0.01119299279525876,0.001011524193941682,0.010181468601317079
control,20260918,Bearing1_1,53,54,True,0.0025000725731842977,0.0026067016588058323,-0.00010662908562153461
control,20260918,Bearing1_1,54,55,True,0.012145965025410987,0.0034029930538963526,0.008742971971514635
control,20260918,Bearing1_1,55,56,True,0.01658138047787361,0.0024605994258308783,0.01412078105204273
control,20260918,Bearing1_1,56,57,True,0.0029463772703479663,0.00926924915984273,-0.006322871889494763
control,20260918,Bearing1_1,57,58,True,0.007188480115246421,0.0015293671567633282,0.005659112958483092
control,20260918,Bearing1_1,58,59,True,0.006697553088997665,1.919593213983717e-05,0.006678357156857828
control,20260918,Bearing1_1,59,60,True,0.005001811877860973,0.0005105095206090482,0.004491302357251925
control,20260918,Bearing1_1,60,61,True,0.01257441024063155,0.003337808554078947,0.009236601686552603
control,20260918,Bearing1_1,61,62,True,0.003931481579229512,0.012525077792815864,-0.008593596213586352
control,20260918,Bearing1_1,62,63,True,0.0022184316276252503,0.00012762252089260073,0.0020908091067326495
control,20260918,Bearing1_1,63,64,True,0.04999726498499513,0.029827943071722984,0.020169321913272142
control,20260918,Bearing1_1,64,65,True,0.005992410469048082,0.0038473253516713157,0.002145085117376766
control,20260918,Bearing1_1,65,66,True,0.020903788885334507,0.007082877738866955,0.013820911146467552
control,20260918,Bearing1_1,66,67,True,0.004357414422884176,0.0014698325394419953,0.0028875818834421807
control,20260918,Bearing1_1,67,68,True,0.008583333625283629,0.0009005443312162242,0.007682789294067405
control,20260918,Bearing1_1,68,69,True,0.015791401790920645,0.0027881958230864257,0.01300320596783422
control,20260918,Bearing1_1,69,70,True,0.03214167262194678,0.010691683972254395,0.021449988649692386
control,20260918,Bearing1_1,70,71,True,0.028223129207617603,0.006794449232984334,0.02142867997463327
control,20260918,Bearing1_1,71,72,True,0.01944928545660929,0.005099117857753299,0.01435016759885599
control,20260918,Bearing1_1,72,73,True,0.011362473571352893,0.003231654438422993,0.0081308191329299
control,20260918,Bearing1_1,73,74,True,0.014120251846179599,0.009557472658343613,0.004562779187835986
control,20260918,Bearing1_1,74,75,True,0.02390181495457,0.025020939181558788,-0.001119124226988788
control,20260918,Bearing1_1,75,76,True,0.014355358496686677,0.002938293677289039,0.011417064819397638
control,20260918,Bearing1_1,76,77,True,0.012801602908439236,0.044800158590078354,-0.03199855568163912
control,20260918,Bearing1_1,77,78,True,0.15603784006088972,0.2267765924334526,-0.07073875237256289
control,20260918,Bearing1_1,78,79,True,0.028865998494438827,6.226569507816748e-05,0.02880373279936066
control,20260918,Bearing1_1,79,80,True,0.002309613862507831,0.00031985747591534164,0.0019897563865924894
control,20260918,Bearing1_1,80,81,True,0.0029497306131816003,1.6708748717064736e-05,0.0029330218644645356
control,20260918,Bearing1_1,81,82,True,0.011838048696517944,1.3183611358158487e-05,0.011824865085159786
control,20260918,Bearing1_1,82,83,True,0.015590956376399845,0.0006332990315058851,0.01495765734489396
control,20260918,Bearing1_1,83,84,True,0.023420770070515573,1.4830552381273066e-05,0.0234059395181343
control,20260918,Bearing1_1,84,85,True,0.029256498091854155,3.7890557024411464e-05,0.029218607534829744
control,20260918,Bearing1_1,85,86,True,0.03447320673149079,2.6768419459699544e-05,0.03444643831203109
control,20260918,Bearing1_1,86,87,True,0.03564234427176416,8.688711952231642e-05,0.03555545715224184
control,20260918,Bearing1_1,87,88,True,0.03844421822577715,1.6445488117966534e-05,0.03842777273765918
control,20260918,Bearing1_1,88,89,True,0.03885212726891041,7.608439194228822e-05,0.03877604287696812
control,20260918,Bearing1_1,89,90,True,0.03921786625869572,2.14124518151948e-05,0.03919645380688053
control,20260918,Bearing1_1,90,91,True,0.04217175906524062,3.354295654389716e-05,0.042138216108696724
control,20260918,Bearing1_1,91,92,True,0.04004114039707929,0.000138763264658337,0.03990237713242095
control,20260918,Bearing1_1,92,93,True,0.04004675440955907,2.402884225105595e-05,0.040022725567308015
control,20260918,Bearing1_1,93,94,True,0.040908300783485174,5.881591466305736e-06,0.04090241919201887
control,20260918,Bearing1_1,94,95,True,0.040657572099007666,3.8246814312969946e-05,0.040619325284694696
control,20260918,Bearing1_1,95,96,True,0.041161026689223945,5.5921630292221636e-05,0.041105105058931724
control,20260918,Bearing1_1,96,97,True,0.03847288980614394,7.142266326809477e-05,0.038401467142875845
control,20260918,Bearing1_1,97,98,True,0.04165998660027981,4.002207330700003e-05,0.04161996452697281
control,20260918,Bearing1_1,98,99,True,0.0400645675836131,4.570308900042619e-05,0.04001886449461267
control,20260918,Bearing1_1,99,100,True,0.04205764539074153,5.470650381766973e-05,0.04200293888692386
control,20260918,Bearing1_1,100,101,True,0.04079922928940505,3.255596840290309e-05,0.040766673321002145
control,20260918,Bearing1_1,101,102,True,0.040527078323066235,1.1748787549947792e-05,0.04051532953551629
control,20260918,Bearing1_1,102,103,True,0.03970820619724691,1.692500835304145e-05,0.03969128118889387
control,20260918,Bearing1_1,103,104,True,0.04057931317947805,1.0421984815156549e-05,0.04056889119466289
control,20260918,Bearing1_1,104,105,True,0.0402467226376757,3.677005154045787e-05,0.040209952586135245
control,20260918,Bearing1_1,105,106,True,0.041586776031181216,1.5948774304774815e-05,0.04157082725687644
control,20260918,Bearing1_1,106,107,True,0.03998169273836538,5.7687076605361653e-05,0.03992400566176002
control,20260918,Bearing1_1,107,108,True,0.04187848826404661,1.977582065393335e-05,0.041858712443392676
control,20260918,Bearing1_1,108,109,True,0.039242788625415415,4.7555218202433025e-05,0.03919523340721298
control,20260918,Bearing1_1,109,110,True,0.039267770072910935,2.4718786733046727e-05,0.03924305128617789
control,20260918,Bearing1_1,110,111,True,0.03960579133126885,2.05674973301484e-05,0.0395852238339387
control,20260918,Bearing1_1,111,112,True,0.038244568451773375,2.869719702580653e-05,0.03821587125474757
control,20260918,Bearing1_1,112,113,True,0.03964131255634129,0.00010480465604700839,0.03953650790029428
control,20260918,Bearing1_1,113,114,True,0.03733306692447513,5.449807920854255e-05,0.03727856884526659
control,20260918,Bearing1_1,114,115,True,0.03828685823827982,2.1652610598721367e-05,0.0382652056276811
control,20260918,Bearing1_1,115,116,True,0.039218244375661016,2.7506973844459992e-05,0.039190737401816556
control,20260918,Bearing1_1,116,117,True,0.04019361222162843,7.211206058066466e-05,0.04012150016104776
control,20260918,Bearing1_1,117,118,True,0.03796135896118358,6.079167940242769e-05,0.03790056728178115
control,20260918,Bearing1_1,118,119,True,0.03828725151834078,1.3970411146146944e-05,0.038273281107194634
control,20260918,Bearing1_1,119,120,True,0.03677633288316429,5.17774641051183e-05,0.03672455541905917
control,20260918,Bearing1_1,120,121,True,0.034197878383565694,0.00015789664923460123,0.03403998173433109
control,20260918,Bearing1_1,121,122,True,0.02704199759318726,0.002487897914761561,0.0245540996784257
control,20260918,Bearing1_2,0,1,False,0.1607360211201012,6.884074901059023e-05,0.16066718037109062
control,20260918,Bearing1_2,1,2,False,0.017056817845464423,0.006535779626574367,0.010521038218890055
control,20260918,Bearing1_2,2,3,False,0.01928857202437939,0.0015294107288355008,0.01775916129554389
control,20260918,Bearing1_2,3,4,False,0.02479287018195464,0.0007184710370395919,0.02407439914491505
control,20260918,Bearing1_2,4,5,False,0.03074572404148057,0.0009322044970758725,0.0298135195444047
control,20260918,Bearing1_2,5,6,False,0.012547799332992327,0.0047103650867938995,0.007837434246198427
control,20260918,Bearing1_2,6,7,False,0.011241457677840572,0.0005457370043586707,0.010695720673481901
control,20260918,Bearing1_2,7,8,False,0.008536601990499548,0.000983730473308242,0.007552871517191306
control,20260918,Bearing1_2,8,9,False,0.01853582030889811,0.0016990351432468742,0.016836785165651236
control,20260918,Bearing1_2,9,10,False,0.016839367288412177,0.00014805132607875748,0.01669131596233342
control,20260918,Bearing1_2,10,11,False,0.01611186456784708,8.690047934578615e-05,0.016024964088501292
control,20260918,Bearing1_2,11,12,False,0.017155799447010622,0.00011772474164217783,0.017038074705368444
control,20260918,Bearing1_2,12,13,False,0.018353450566792162,0.0001364793828315669,0.018216971183960595
control,20260918,Bearing1_2,13,14,False,0.012161872056140055,0.0010230270181637025,0.011138845037976353
control,20260918,Bearing1_2,14,15,False,0.038790322840213776,0.007978285546414554,0.03081203729379922
control,20260918,Bearing1_2,15,16,False,0.03689002574537881,0.0005402407268775278,0.03634978501850128
control,20260918,Bearing1_2,16,17,False,0.02792900157510303,0.0003877186339025229,0.027541282941200507
control,20260918,Bearing1_2,17,18,False,0.024258640612728755,0.00045533086677096435,0.02380330974595779
control,20260918,Bearing1_2,18,19,False,0.027277251800114755,0.0001619445542928588,0.027115307245821896
control,20260918,Bearing1_2,19,20,False,0.03607724764151499,0.0008102233841782436,0.03526702425733674
control,20260918,Bearing1_2,20,21,False,0.053595046687405556,0.002815003666910343,0.050780043020495214
control,20260918,Bearing1_2,21,22,False,0.024212660317061818,0.004765727091580629,0.01944693322548119
control,20260918,Bearing1_2,22,23,False,0.018213015540823108,0.0015113247136469,0.016701690827176208
control,20260918,Bearing1_2,23,24,False,0.016842426579387393,0.0005751893449996714,0.01626723723438772
control,20260918,Bearing1_2,24,25,True,0.026923579229332972,0.001193298838188639,0.025730280391144333
control,20260918,Bearing1_2,25,26,True,0.011842660642514602,0.0035887772392015904,0.008253883403313012
control,20260918,Bearing1_2,26,27,True,0.024449640142847784,0.0018696146871661767,0.022580025455681607
control,20260918,Bearing1_2,27,28,True,0.025979749392718077,0.0002161158573414923,0.025763633535376584
control,20260918,Bearing1_2,28,29,True,0.0245651093282504,6.647471219167755e-05,0.024498634616058723
control,20260918,Bearing1_2,29,30,True,0.015304793305404019,0.0014935230719856918,0.013811270233418327
control,20260918,Bearing1_2,30,31,True,0.09125198284164071,0.033611845690757036,0.057640137150883675
control,20260918,Bearing1_2,31,32,True,0.08128765120636672,0.001172259777376894,0.08011539142898982
control,20260918,Bearing1_2,32,33,True,0.03163174371002242,0.010398878657724708,0.02123286505229771
control,20260918,Bearing1_2,33,34,True,0.018227691602078266,0.0045752406876999885,0.013652450914378278
control,20260918,Bearing1_2,34,35,True,0.02182897297097952,9.183998399464599e-05,0.021737132986984875
control,20260918,Bearing1_2,35,36,True,0.004528631190623855,0.016289993189275265,-0.01176136199865141
control,20260918,Bearing1_2,36,37,True,0.0093698134587612,0.01921697927173227,-0.00984716581297107
control,20260918,Bearing1_2,37,38,True,0.03241656860336661,0.027182398596778512,0.005234170006588101
control,20260918,Bearing1_2,38,39,True,0.0023093046256690286,0.0010108935093740001,0.0012984111162950285
control,20260918,Bearing1_2,39,40,True,0.015491555677726865,0.00809983559884131,0.007391720078885555
control,20260918,Bearing1_2,40,41,True,0.028018273122143,0.05279303016141057,-0.02477475703926757
control,20260918,Bearing1_2,41,42,True,0.006319485108178924,0.01576642505824566,-0.009446939950066735
control,20260918,Bearing1_2,42,43,True,0.06031827162951231,0.04225450428202748,0.018063767347484827
control,20260918,Bearing1_2,43,44,True,0.007024460704997182,0.035057443426921964,-0.028032982721924782
control,20260918,Bearing1_2,44,45,True,0.2827013246715069,0.280951164662838,0.0017501600086688995
control,20260918,Bearing1_2,45,46,True,0.11400989955291152,0.01717927190475166,0.09683062764815986
control,20260918,Bearing1_2,46,47,True,0.007497867120719093,0.01063047454226762,-0.0031326074215485278
control,20260918,Bearing1_2,47,48,True,0.1370238671079278,0.13738737907260656,-0.00036351196467876434
control,20260918,Bearing1_2,48,49,True,0.048248048638924956,0.07207534881308675,-0.023827300174161792
control,20260918,Bearing1_2,49,50,True,0.17659672070294619,0.08931050170212984,0.08728621900081635
control,20260918,Bearing1_2,50,51,True,0.007780927337080357,0.007068879378493875,0.0007120479585864814
control,20260918,Bearing1_2,51,52,True,0.036285826994571835,0.03238578210584819,0.0039000448887236416
control,20260918,Bearing1_2,52,53,True,0.00920545673216111,0.001640920013755931,0.007564536718405179
control,20260918,Bearing1_2,53,54,True,0.031376281220218516,0.010180504235904664,0.021195776984313852
control,20260918,Bearing1_2,54,55,True,0.03830920159816742,0.07503901282325387,-0.03672981122508645
control,20260918,Bearing1_2,55,56,True,0.012219165248097852,0.0021686769105144776,0.010050488337583374
control,20260918,Bearing1_2,56,57,True,0.0077490156872954685,0.028315146919339895,-0.020566131232044427
control,20260918,Bearing1_2,57,58,True,0.007803866407115834,0.010688543901778758,-0.002884677494662924
control,20260918,Bearing1_2,58,59,True,0.025407354907656554,0.0003275818846226741,0.02507977302303388
control,20260918,Bearing1_2,59,60,True,0.018127717704373936,0.00984646868892014,0.008281249015453795
control,20260918,Bearing1_2,60,61,True,0.04271288446335575,0.00018363127184928274,0.042529253191506466
control,20260918,Bearing1_2,61,62,True,0.057514183688908815,0.21035071089863777,-0.15283652720972896
control,20260918,Bearing1_2,62,63,True,0.08071567909792066,0.025576062267646194,0.05513961683027446
control,20260918,Bearing1_2,63,64,True,0.06308462284505367,0.002178072798415087,0.060906550046638586
control,20260918,Bearing1_2,64,65,True,0.013424852979369462,0.006403321109246463,0.007021531870122999
control,20260918,Bearing1_2,65,66,True,0.03378013940528035,0.0121789172408171,0.021601222164463252
control,20260918,Bearing1_2,66,67,True,0.017450741434004158,0.0005256007189018419,0.016925140715102316
control,20260918,Bearing1_2,67,68,True,0.007076228328514844,0.0007313453206734266,0.0063448830078414176
control,20260918,Bearing1_2,68,69,True,0.0011875534919187913,0.002434597408864647,-0.0012470439169458558
control,20260918,Bearing1_2,69,70,True,0.004653256386859539,0.0035462668965919875,0.0011069894902675514
control,20260918,Bearing1_2,70,71,True,0.0023821805380066507,0.0058162714703939855,-0.0034340909323873348
control,20260918,Bearing1_2,71,72,True,0.0029218174036031996,0.004540561931207776,-0.0016187445276045764
control,20260918,Bearing1_2,72,73,True,0.0023253579414177494,3.074454975049434e-05,0.002294613391667255
control,20260918,Bearing1_2,73,74,True,0.004362536883043333,0.001301998388953507,0.003060538494089826
control,20260918,Bearing1_2,74,75,True,0.0022882873133767134,0.0011539936785993632,0.0011342936347773502
control,20260918,Bearing1_2,75,76,True,0.002604890881684696,7.724182865587181e-05,0.0025276490530288243
control,20260918,Bearing1_2,76,77,True,0.002463840147584051,4.464635900092162e-06,0.002459375511683959
control,20260918,Bearing1_2,77,78,True,0.00465556897006536,0.0015823780559003353,0.003073190914165025
control,20260918,Bearing1_2,78,79,True,0.002511305621737847,0.0005605657388514373,0.0019507398828864098
control,20260918,Bearing1_2,79,80,True,0.007594780588988215,0.0030111851228866726,0.004583595466101542
control,20260918,Bearing1_2,80,81,True,0.006827034983871272,5.287653550567484e-05,0.006774158448365597
control,20260918,Bearing1_2,81,82,True,0.003133742835416342,0.0012851556784880813,0.0018485871569282608
control,20260918,Bearing1_2,82,83,True,0.003952488636969065,0.00016787505910542677,0.003784613577863638
control,20260918,Bearing1_2,83,84,True,0.00688660956620879,0.0007714078019489534,0.006115201764259837
control,20260918,Bearing1_2,84,85,True,0.0034234278409712715,0.001182447205792414,0.0022409806351788575
control,20260918,Bearing1_2,85,86,True,0.005021637003610024,0.0005196747813442926,0.004501962222265732
control,20260918,Bearing1_2,86,87,True,0.0043494514412714125,5.420241188858199e-05,0.0042952490293828305
control,20260918,Bearing1_2,87,88,True,0.0025222771437256597,0.0005056599320596433,0.0020166172116660164
control,20260918,Bearing1_2,88,89,True,0.004438115755874605,0.0007423437855322845,0.003695771970342321
control,20260918,Bearing1_2,89,90,True,0.004706272702179604,4.806733659279416e-05,0.004658205365586809
control,20260918,Bearing1_2,90,91,True,0.006566534044395667,0.00033181995240738615,0.00623471409198828
control,20260918,Bearing1_2,91,92,True,0.006248604086067644,3.1274664422653586e-05,0.00621732942164499
control,20260918,Bearing1_2,92,93,True,0.008362081247469177,0.00030953050600146526,0.008052550741467712
control,20260918,Bearing1_2,93,94,True,0.007678856774873566,2.6258150114699674e-05,0.007652598624758866
control,20260918,Bearing1_2,94,95,True,0.007860755576984957,1.3586812983135133e-05,0.007847168764001822
control,20260918,Bearing1_2,95,96,True,0.006869355394883314,4.1863557271426544e-05,0.006827491837611888
control,20260918,Bearing1_2,96,97,True,0.006624694364290917,2.1711203949337232e-05,0.00660298316034158
control,20260918,Bearing1_2,97,98,True,0.007138779008528218,2.0548229343830826e-05,0.007118230779184387
control,20260918,Bearing1_2,98,99,True,0.00671449788933387,2.9586624679112106e-05,0.006684911264654758
control,20260918,Bearing1_2,99,100,True,0.007355034176725894,3.728659676660584e-05,0.007317747579959288
control,20260918,Bearing1_2,100,101,True,0.008716555690625682,8.151907741194009e-05,0.008635036613213742
control,20260918,Bearing1_2,101,102,True,0.00970913452329114,5.599324129690331e-05,0.009653141281994237
control,20260918,Bearing1_2,102,103,True,0.009850104979705065,1.7645049940284707e-05,0.00983245992976478
control,20260918,Bearing1_2,103,104,True,0.00986300535441842,1.7772357082890267e-05,0.009845232997335529
control,20260918,Bearing1_2,104,105,True,0.008566847049223725,7.389034067273315e-05,0.008492956708550992
control,20260918,Bearing1_2,105,106,True,0.008840222828439437,4.13479681355966e-05,0.00879887486030384
control,20260918,Bearing1_2,106,107,True,0.009196409140713513,2.727886518982814e-05,0.009169130275523685
control,20260918,Bearing1_2,107,108,True,0.00913407010375522,2.002267182810158e-05,0.00911404743192712
control,20260918,Bearing1_2,108,109,True,0.008695651733432896,1.0449317130678537e-05,0.008685202416302218
control,20260918,Bearing1_2,109,110,True,0.00877403051708825,5.2563727344079325e-06,0.008768774144353841
control,20260918,Bearing1_2,110,111,True,0.008009401804883964,4.428666034073103e-05,0.007965115144543233
control,20260918,Bearing1_2,111,112,True,0.008193027184461243,3.558958190019723e-05,0.008157437602561046
control,20260918,Bearing1_2,112,113,True,0.007331645212616422,4.329955280013564e-05,0.007288345659816287
control,20260918,Bearing1_2,113,114,True,0.0073552049179852474,6.921983789709429e-06,0.007348282934195538
control,20260918,Bearing1_2,114,115,True,0.008103032956569223,2.623456356332099e-05,0.008076798393005902
control,20260918,Bearing1_2,115,116,True,0.007925951467768755,1.690073960958216e-05,0.007909050728159173
control,20260918,Bearing1_2,116,117,True,0.008095977776974905,3.5138773633036635e-06,0.008092463899611602
control,20260918,Bearing1_2,117,118,True,0.008035910606849939,9.530344115660228e-06,0.008026380262734278
control,20260918,Bearing1_2,118,119,True,0.008719364879652858,1.887476850015446e-05,0.008700490111152703
control,20260918,Bearing1_2,119,120,True,0.008503096796630416,9.164046751664046e-06,0.008493932749878752
control,20260918,Bearing1_2,120,121,True,0.009474080899963155,3.501312644971222e-05,0.009439067773513443
control,20260918,Bearing1_2,121,122,True,0.009575411240803078,5.1941052696236056e-05,0.009523470188106842
control,20260918,Bearing1_2,122,123,True,0.010215883972705342,6.275946580558411e-05,0.010153124506899758
control,20260918,Bearing1_2,123,124,True,0.01033276024099905,1.80946802927906e-05,0.01031466556070626
control,20260918,Bearing1_2,124,125,True,0.011172098311362788,0.00010481639372983409,0.011067281917632954
control,20260918,Bearing1_2,125,126,True,0.010774754904559813,0.000208970130872288,0.010565784773687525
control,20260918,Bearing1_2,126,127,True,0.010715610507759266,1.2014826172190851e-05,0.010703595681587075
control,20260918,Bearing1_2,127,128,True,0.011396413407055661,4.529330038849366e-05,0.011351120106667167
control,20260918,Bearing1_2,128,129,True,0.011783850874053314,1.9845387413397475e-05,0.011764005486639917
control,20260918,Bearing1_2,129,130,True,0.012536488997284323,1.5238278239237957e-05,0.012521250719045085
control,20260918,Bearing1_2,130,131,True,0.012628272961592302,8.327067378743891e-06,0.012619945894213558
control,20260918,Bearing1_2,131,132,True,0.012731961207464337,2.5685526097163347e-06,0.012729392654854621
control,20260918,Bearing1_2,132,133,True,0.013572476600529626,2.0169618267118494e-05,0.013552306982262508
control,20260918,Bearing1_2,133,134,True,0.012617921165656298,2.4447254162396348e-05,0.012593473911493902
control,20260918,Bearing1_2,134,135,True,0.013428691774606705,2.028112402285842e-05,0.013408410650583846
control,20260918,Bearing1_2,135,136,True,0.01400049528456293,3.5210876887958875e-05,0.013965284407674972
control,20260918,Bearing1_2,136,137,True,0.013360315118916333,2.2707894197893097e-05,0.01333760722471844
control,20260918,Bearing1_2,137,138,True,0.01353939261753112,9.636532057655245e-06,0.013529756085473466
control,20260918,Bearing1_2,138,139,True,0.013053113158093765,5.733903467586288e-06,0.013047379254626179
control,20260918,Bearing1_2,139,140,True,0.012779842247255147,7.864914886468455e-06,0.012771977332368678
control,20260918,Bearing1_2,140,141,True,0.012408539012540132,9.50337019567371e-06,0.012399035642344458
control,20260918,Bearing1_2,141,142,True,0.012534074310678989,4.080691738295172e-06,0.012529993618940694
control,20260918,Bearing1_2,142,143,True,0.011797821469372138,1.334413033760029e-05,0.011784477339034538
control,20260918,Bearing1_2,143,144,True,0.011967587866820395,6.473864040401622e-06,0.011961114002779993
control,20260918,Bearing1_2,144,145,True,0.013150641287211329,4.5469940715747725e-05,0.013105171346495581
control,20260918,Bearing1_2,145,146,True,0.015508361160755157,0.0002020910797000397,0.015306270081055118
control,20260918,Bearing1_2,146,147,True,0.01649604714475572,2.456509318449207e-05,0.01647148205157123
control,20260918,Bearing1_2,147,148,True,0.01716483454219997,1.7678371939666704e-05,0.017147156170260303
control,20260918,Bearing1_2,148,149,True,0.01758443843573332,5.72670888310256e-06,0.017578711726850216
control,20260918,Bearing1_2,149,150,True,0.018286627222551033,2.3529817832823596e-05,0.01826309740471821
control,20260918,Bearing1_2,150,151,True,0.019453732413239777,3.535743692850701e-05,0.01941837497631127
control,20260918,Bearing1_2,151,152,True,0.019458382565062493,6.1232906336528e-06,0.01945225927442884
control,20260918,Bearing1_2,152,153,True,0.019736789108719677,1.2188754164199622e-05,0.019724600354555477
control,20260918,Bearing1_2,153,154,True,0.02004413164104335,2.0196929312987777e-05,0.020023934711730362
control,20260918,Bearing1_2,154,155,True,0.021414746035588905,5.2940292874836814e-05,0.02136180574271407
control,20260918,Bearing1_2,155,156,True,0.02138701023068279,1.2050731371004986e-05,0.021374959499311785
control,20260918,Bearing1_2,156,157,True,0.02185166534036398,1.7744523070462037e-05,0.021833920817293517
control,20260918,Bearing1_2,157,158,True,0.023720327095361426,5.755620492209346e-05,0.023662770890439333
control,20260918,Bearing1_2,158,159,True,0.0244314641749952,8.559825772636032e-06,0.024422904349222563
control,20260918,Bearing1_2,159,160,True,0.032310055481502786,0.0006373348938950585,0.03167272058760773
control,20260918,Bearing1_3,0,1,False,0.18532318575307727,0.00011832212592821634,0.18520486362714905
control,20260918,Bearing1_3,1,2,False,0.029758298817796458,0.0037537352473009378,0.02600456357049552
control,20260918,Bearing1_3,2,3,False,0.018765265825095412,0.00030737633392163843,0.018457889491173773
control,20260918,Bearing1_3,3,4,False,0.007201336793514201,0.005968956451397389,0.0012323803421168122
control,20260918,Bearing1_3,4,5,False,0.015125278883942883,0.0008591830701334402,0.014266095813809443
control,20260918,Bearing1_3,5,6,False,0.008507106347906301,0.0013975217079860158,0.0071095846399202856
control,20260918,Bearing1_3,6,7,False,0.02024576286203228,0.002308820330654271,0.01793694253137801
control,20260918,Bearing1_3,7,8,False,0.01999293969674909,0.0002167293813499782,0.019776210315399112
control,20260918,Bearing1_3,8,9,False,0.02513391655156738,0.000697405768733006,0.024436510782834375
control,20260918,Bearing1_3,9,10,False,0.01614858342509251,0.0007595428460263065,0.015389040579066204
control,20260918,Bearing1_3,10,11,False,0.008498568531649653,0.0030773190810577944,0.0054212494505918585
control,20260918,Bearing1_3,11,12,False,0.011270333372522146,9.262580363156303e-05,0.011177707568890582
control,20260918,Bearing1_3,12,13,False,0.008320098075273563,0.000447695219918387,0.007872402855355176
control,20260918,Bearing1_3,13,14,False,0.01970463034376735,0.0027197431336389855,0.016984887210128363
control,20260918,Bearing1_3,14,15,False,0.014996753729633383,4.021492527961357e-05,0.01495653880435377
control,20260918,Bearing1_3,15,16,False,0.014227742869252324,2.277460556143751e-05,0.014204968263690887
control,20260918,Bearing1_3,16,17,False,0.012766751435265178,0.0001389612228379633,0.012627790212427215
control,20260918,Bearing1_3,17,18,False,0.0051594842429949495,0.003898857714375481,0.0012606265286194684
control,20260918,Bearing1_3,18,19,False,0.0055560444152433774,0.00019089795978288748,0.00536514645546049
control,20260918,Bearing1_3,19,20,False,0.0050132751596265734,0.00014457071466900118,0.004868704444957572
control,20260918,Bearing1_3,20,21,False,0.006789887094782898,0.00017131510540480122,0.006618571989378097
control,20260918,Bearing1_3,21,22,False,0.0034527064626672654,0.00126828440988902,0.0021844220527782454
control,20260918,Bearing1_3,22,23,False,0.0036162901496936684,3.6143721331427514e-05,0.003580146428362241
control,20260918,Bearing1_3,23,24,False,0.00840046892335522,0.0014063036651350558,0.006994165258220164
control,20260918,Bearing1_3,24,25,True,0.006517279229228734,7.239882070564363e-05,0.00644488040852309
control,20260918,Bearing1_3,25,26,True,0.006777010219593649,0.0001125169001170434,0.006664493319476605
control,20260918,Bearing1_3,26,27,True,0.004538768047495978,0.000394586644233641,0.004144181403262337
control,20260918,Bearing1_3,27,28,True,0.006215581433934858,0.0001647965710844801,0.006050784862850378
control,20260918,Bearing1_3,28,29,True,0.0048678343912342825,0.0001854283650573052,0.004682406026176977
control,20260918,Bearing1_3,29,30,True,0.008800487001280999,0.0009719425725052133,0.007828544428775785
control,20260918,Bearing1_3,30,31,True,0.004546745057098178,0.0009605241866665892,0.003586220870431589
control,20260918,Bearing1_3,31,32,True,0.006745355527527863,0.00044100433751737,0.006304351190010493
control,20260918,Bearing1_3,32,33,True,0.009927683955993416,0.0005992895412418875,0.009328394414751529
control,20260918,Bearing1_3,33,34,True,0.00907258798906696,5.712841090854681e-05,0.009015459578158413
control,20260918,Bearing1_3,34,35,True,0.006971961240196833,0.0001615719177863184,0.006810389322410515
control,20260918,Bearing1_3,35,36,True,0.006465699312684592,6.283300962195426e-05,0.006402866303062638
control,20260918,Bearing1_3,36,37,True,0.014988071343395859,0.002144325480912812,0.012843745862483047
control,20260918,Bearing1_3,37,38,True,0.013051055874711892,6.159257940119289e-05,0.0129894632953107
control,20260918,Bearing1_3,38,39,True,0.015342191354648094,0.0003851502297038678,0.014957041124944226
control,20260918,Bearing1_3,39,40,True,0.01099934738886077,0.0003753876771952491,0.01062395971166552
control,20260918,Bearing1_3,40,41,True,0.008052013039559824,0.000478927897347603,0.007573085142212221
control,20260918,Bearing1_3,41,42,True,0.009751879922987428,9.123752693263043e-05,0.009660642396054797
control,20260918,Bearing1_3,42,43,True,0.017582156011485495,0.001453866636438761,0.016128289375046734
control,20260918,Bearing1_3,43,44,True,0.008877898819264374,0.0012697454149019904,0.007608153404362383
control,20260918,Bearing1_3,44,45,True,0.012502619972565299,0.0002920893975897343,0.012210530574975564
control,20260918,Bearing1_3,45,46,True,0.012083406066267344,5.379382344017358e-05,0.01202961224282717
control,20260918,Bearing1_3,46,47,True,0.009754360766237369,0.0003173199993966591,0.00943704076684071
control,20260918,Bearing1_3,47,48,True,0.009683047923317645,7.67401255714617e-05,0.009606307797746183
control,20260918,Bearing1_3,48,49,True,0.005242476667277174,0.0014212617097655311,0.0038212149575116428
control,20260918,Bearing1_3,49,50,True,0.013078232441330329,0.0018267605046276003,0.011251471936702728
control,20260918,Bearing1_3,50,51,True,0.012361194109416829,8.548119740225957e-05,0.01227571291201457
control,20260918,Bearing1_3,51,52,True,0.018866855178202968,0.0012530998064903542,0.017613755371712614
control,20260918,Bearing1_3,52,53,True,0.014598372306863894,8.491224041051737e-05,0.014513460066453376
control,20260918,Bearing1_3,53,54,True,0.01461913580487817,1.8398674654918068e-05,0.014600737130223251
control,20260918,Bearing1_3,54,55,True,0.012229776684762328,0.0002208545153621344,0.012008922169400194
control,20260918,Bearing1_3,55,56,True,0.01877681950134047,0.0008163463317032438,0.017960473169637226
control,20260918,Bearing1_3,56,57,True,0.01250592312135268,0.000542719124496216,0.011963203996856464
control,20260918,Bearing1_3,57,58,True,0.004619155464752112,0.009099382383283228,-0.004480226918531116
control,20260918,Bearing1_3,58,59,True,0.0027639312284009065,0.002148235129425302,0.0006156960989756044
control,20260918,Bearing1_3,59,60,True,0.003158818973403754,0.003182840213412419,-2.402124000866479e-05
control,20260918,Bearing1_3,60,61,True,0.0037886670515945298,0.002358333149459213,0.0014303339021353167
control,20260918,Bearing1_3,61,62,True,0.001753958397102906,0.0018765332060866058,-0.00012257480898369977
control,20260918,Bearing1_3,62,63,True,0.0016202276983676711,3.028532711546461e-05,0.0015899423712522065
control,20260918,Bearing1_3,63,64,True,0.0032062280315585667,0.0011113505825051107,0.002094877449053456
control,20260918,Bearing1_3,64,65,True,0.002889855286070997,0.00013110535360283393,0.002758749932468163
control,20260918,Bearing1_3,65,66,True,0.0029145748580958752,0.004082586674485356,-0.0011680118163894804
control,20260918,Bearing1_3,66,67,True,0.0017385139192356291,0.00023277181685443793,0.0015057421023811912
control,20260918,Bearing1_3,67,68,True,0.0014306298480732949,7.059373359652454e-05,0.0013600361144767703
control,20260918,Bearing1_3,68,69,True,0.001311655751123908,0.0001837223734537652,0.0011279333776701428
control,20260918,Bearing1_3,69,70,True,0.0009525236333729481,7.471952039850294e-05,0.0008778041129744452
control,20260918,Bearing1_3,70,71,True,0.008906357840714918,0.007439356530085206,0.001467001310629712
control,20260918,Bearing1_3,71,72,True,0.010946167152724229,0.0033694574958644807,0.007576709656859748
control,20260918,Bearing1_3,72,73,True,0.001428648603905458,0.0006997604868956842,0.0007288881170097739
control,20260918,Bearing1_3,73,74,True,0.005217458383413032,0.0014825738398940302,0.0037348845435190015
control,20260918,Bearing1_3,74,75,True,0.004143218857279862,0.0002131912982363815,0.003930027559043481
control,20260918,Bearing1_3,75,76,True,0.005728243366320385,0.0006334190456982469,0.005094824320622138
control,20260918,Bearing1_3,76,77,True,0.005590606357145589,0.0003492226423986722,0.005241383714746917
control,20260918,Bearing1_3,77,78,True,0.007040041891741566,0.0006128351124061737,0.006427206779335393
control,20260918,Bearing1_3,78,79,True,0.001597076590769575,0.001884839468402788,-0.00028776287763321307
control,20260918,Bearing1_3,79,80,True,0.008985419000964612,0.0028970660641789436,0.006088352936785668
control,20260918,Bearing1_3,80,81,True,0.0035060703130511683,0.0002760280756319844,0.003230042237419184
control,20260918,Bearing1_3,81,82,True,0.00839335132332053,0.0013938436168245971,0.006999507706495933
control,20260918,Bearing1_3,82,83,True,0.008318934837006964,0.0004658957441279199,0.007853039092879044
control,20260918,Bearing1_3,83,84,True,0.004541101369113676,0.00010796864717121935,0.0044331327219424566
control,20260918,Bearing1_3,84,85,True,0.005378514782933053,6.096744323258463e-05,0.005317547339700468
control,20260918,Bearing1_3,85,86,True,0.001983221763111942,0.002529659861465916,-0.0005464380983539741
control,20260918,Bearing1_3,86,87,True,0.012065598595654592,0.00496112261316739,0.007104475982487202
control,20260918,Bearing1_3,87,88,True,0.014508356078295037,0.0019178076181560755,0.012590548460138962
control,20260918,Bearing1_3,88,89,True,0.006268306204447072,0.0001189580593319306,0.006149348145115141
control,20260918,Bearing1_3,89,90,True,0.005917945593182594,8.31401308989399e-05,0.005834805462283654
control,20260918,Bearing1_3,90,91,True,0.07704915152862668,0.04717440064996481,0.02987475087866187
control,20260918,Bearing1_3,91,92,True,0.013655054875925998,0.0006912132685101824,0.012963841607415816
control,20260918,Bearing1_3,92,93,True,0.022724716167431325,0.007181618479080498,0.015543097688350827
control,20260918,Bearing1_3,93,94,True,0.008538685334315232,0.00011224113348795584,0.008426444200827277
control,20260918,Bearing1_3,94,95,True,0.01196843462093966,0.0037103448412381113,0.00825808977970155
control,20260918,Bearing1_3,95,96,True,0.005304386687839724,0.0012655340105993673,0.004038852677240357
control,20260918,Bearing1_3,96,97,True,0.004894440184216364,0.0004668218425649684,0.004427618341651396
control,20260918,Bearing1_3,97,98,True,0.011485618207188963,0.005196502199396491,0.006289116007792472
control,20260918,Bearing1_3,98,99,True,0.006263058558033663,3.960911280387336e-05,0.0062234494452297895
control,20260918,Bearing1_3,99,100,True,0.0065889786474144785,0.0007779263214615639,0.0058110523259529145
control,20260918,Bearing1_3,100,101,True,0.006270146974202362,0.0006349172499540146,0.005635229724248347
control,20260918,Bearing1_3,101,102,True,0.007698130619246513,0.0033292228472419083,0.004368907772004604
control,20260918,Bearing1_3,102,103,True,0.005991825625869751,0.00018061601883800904,0.005811209607031742
control,20260918,Bearing1_3,103,104,True,0.0048378990086348495,0.0010222459859505761,0.0038156530226842733
control,20260918,Bearing1_3,104,105,True,0.0051977167267978075,0.001158689283329295,0.0040390274434685125
control,20260918,Bearing1_3,105,106,True,0.004220724813172594,0.000735374112991849,0.003485350700180745
control,20260918,Bearing1_3,106,107,True,0.003956585707783233,0.004845857940381393,-0.0008892722325981595
control,20260918,Bearing1_3,107,108,True,0.011756884625356179,0.001070648981112754,0.010686235644243425
control,20260918,Bearing1_3,108,109,True,0.004047419770358829,0.0032611686328891665,0.0007862511374696624
control,20260918,Bearing1_3,109,110,True,0.006073254611692391,0.0011474064722278854,0.004925848139464506
control,20260918,Bearing1_3,110,111,True,0.04078566678799689,0.008015728497412056,0.03276993829058483
control,20260918,Bearing1_3,111,112,True,0.004698325494246092,0.007044430880341679,-0.002346105386095587
control,20260918,Bearing1_3,112,113,True,0.006099670416460867,0.0013163120056560729,0.004783358410804794
control,20260918,Bearing1_3,113,114,True,0.027677677921019495,0.002178796989028342,0.025498880931991152
control,20260918,Bearing1_3,114,115,True,0.028026013053022325,0.00032826678034325596,0.02769774627267907
control,20260918,Bearing1_3,115,116,True,0.0038907211219338933,0.008503700082655996,-0.004612978960722103
control,20260918,Bearing1_3,116,117,True,0.020104378403630108,0.0006451429512708273,0.01945923545235928
control,20260918,Bearing1_3,117,118,True,0.013856467616278678,0.0016545274993404746,0.012201940116938204
control,20260918,Bearing1_3,118,119,True,0.01047210865363013,0.0031432685063919052,0.007328840147238225
control,20260918,Bearing1_3,119,120,True,0.01675103948218748,0.0009133776038652286,0.01583766187832225
control,20260918,Bearing1_3,120,121,True,0.03101367864292115,4.691730924147319e-05,0.030966761333679677
control,20260918,Bearing1_3,121,122,True,0.014383445668499917,0.007268514309544116,0.0071149313589558005
control,20260918,Bearing1_3,122,123,True,0.010009700810769573,0.007780125306453556,0.002229575504316017
control,20260918,Bearing1_3,123,124,True,0.022520630271174014,0.000987994353636168,0.021532635917537846
control,20260918,Bearing1_3,124,125,True,0.07369520282372832,0.004001322027761489,0.06969388079596683
control,20260918,Bearing1_3,125,126,True,0.03425184963271022,0.008133103372529149,0.02611874626018107
control,20260918,Bearing1_3,126,127,True,0.04356502671726048,0.00044671536852547433,0.043118311348735006
control,20260918,Bearing1_3,127,128,True,0.007159959233831614,0.02603763318620622,-0.018877673952374607
control,20260918,Bearing1_3,128,129,True,0.008173295194865204,0.0047665926977060735,0.003406702497159131
control,20260918,Bearing1_3,129,130,True,0.049768350552767515,0.005655820306856185,0.04411253024591133
control,20260918,Bearing1_3,130,131,True,0.0015929841792967636,0.07723745983093977,-0.075644475651643
control,20260918,Bearing1_3,131,132,True,0.0015266592636180576,0.00371660286327824,-0.0021899435996601824
control,20260918,Bearing1_3,132,133,True,0.008115726726828143,0.01054981304332614,-0.0024340863164979964
control,20260918,Bearing1_3,133,134,True,0.004227434317726875,0.00022025187809049385,0.004007182439636381
control,20260918,Bearing1_3,134,135,True,0.0020489533853833564,4.7927925464819054e-05,0.0020010254599185373
control,20260918,Bearing1_3,135,136,True,0.003208790187500199,0.0012747837754432112,0.0019340064120569878
control,20260918,Bearing1_3,136,137,True,0.0025137965858448297,0.00010799877327372087,0.002405797812571109
control,20260918,Bearing1_3,137,138,True,0.002750842289060529,0.00020568181571434252,0.0025451604733461863
control,20260918,Bearing1_3,138,139,True,0.0013268704105939833,0.00032864351578609785,0.0009982268948078854
control,20260918,Bearing1_3,139,140,True,0.0013981748361402424,0.0001525215147921699,0.0012456533213480725
control,20260918,Bearing1_3,140,141,True,0.001560023571983038,5.809722928518113e-05,0.0015019263426978569
control,20260918,Bearing1_3,141,142,True,0.0018063343450194225,7.968485326514951e-05,0.001726649491754273
control,20260918,Bearing1_3,142,143,True,0.002037499249126995,0.00010466774593176353,0.0019328315031952314
control,20260918,Bearing1_3,143,144,True,0.002062431667582132,3.66478448956542e-05,0.0020257838226864777
control,20260918,Bearing1_3,144,145,True,0.006187541268445784,0.002793087434838526,0.0033944538336072583
control,20260918,Bearing1_3,145,146,True,0.003985932676187076,0.0003305421278128051,0.003655390548374271
control,20260918,Bearing1_3,146,147,True,0.0030049725974095054,7.979634619914577e-05,0.0029251762512103596
control,20260918,Bearing1_3,147,148,True,0.00408885991004837,0.0003127326908725081,0.003776127219175862
control,20260918,Bearing1_3,148,149,True,0.016515667189423766,0.005238185534381046,0.01127748165504272
control,20260918,Bearing1_3,149,150,True,0.01856130330997985,0.00019187858507052624,0.018369424724909322
control,20260918,Bearing1_3,150,151,True,0.019104185383184813,2.673573648337424e-05,0.01907744964670144
control,20260918,Bearing1_3,151,152,True,0.021923273816355504,0.00016123462648920395,0.0217620391898663
control,20260918,Bearing1_3,152,153,True,0.01875478918373119,9.279720427457505e-05,0.018661991979456616
control,20260918,Bearing1_3,153,154,True,0.02020795339194592,6.864401291295508e-05,0.020139309379032966
control,20260918,Bearing1_3,154,155,True,0.020286387407395523,8.524738152715372e-06,0.020277862669242808
control,20260918,Bearing1_3,155,156,True,0.021060649392893538,1.752813626154648e-05,0.02104312125663199
control,20260918,Bearing1_3,156,157,True,0.0208725042102742,5.040503056719103e-06,0.020867463707217482
control,20260918,Bearing1_4,0,1,False,0.0945884637767449,0.00012572069090310833,0.0944627430858418
control,20260918,Bearing1_4,1,2,False,0.015247048424498644,0.00023224595861393027,0.015014802465884713
control,20260918,Bearing1_4,2,3,False,0.008566269869334064,0.000163001993087164,0.0084032678762469
control,20260918,Bearing1_4,3,4,False,0.012520244588813512,0.0009584444251231616,0.01156180016369035
control,20260918,Bearing1_4,4,5,False,0.01400461673704001,0.0002868809579013032,0.013717735779138707
control,20260918,Bearing1_4,5,6,False,0.019200812494091224,0.0010292627121089026,0.01817154978198232
control,20260918,Bearing1_4,6,7,False,0.012194432485557627,0.0005729211111429322,0.011621511374414695
control,20260918,Bearing1_4,7,8,False,0.032310420472640544,0.005872335750609636,0.026438084722030908
control,20260918,Bearing1_4,8,9,False,0.028031290872604586,0.00012572454983228454,0.0279055663227723
control,20260918,Bearing1_4,9,10,False,0.03327995224390179,0.0006404144696716685,0.03263953777423012
control,20260918,Bearing1_4,10,11,False,0.029386067515588365,5.383009289516849e-05,0.029332237422693197
control,20260918,Bearing1_4,11,12,False,0.03379428519838257,0.00023910457093734294,0.033555180627445225
control,20260918,Bearing1_4,12,13,False,0.047812401375267655,0.0018769379967125133,0.04593546337855514
control,20260918,Bearing1_4,13,14,False,0.04867249698145315,0.00022955047779760207,0.04844294650365555
control,20260918,Bearing1_4,14,15,False,0.04848545460845344,0.00010575762655662402,0.048379696981896814
control,20260918,Bearing1_4,15,16,False,0.05018746244604699,0.00012347998119821568,0.05006398246484878
control,20260918,Bearing1_4,16,17,False,0.052626228192821145,0.00018017489959021304,0.05244605329323093
control,20260918,Bearing1_4,17,18,False,0.045170102501288056,0.00028556876713992096,0.044884533734148135
control,20260918,Bearing1_4,18,19,False,0.050331502803601325,0.0001173569068271263,0.0502141458967742
control,20260918,Bearing1_4,19,20,False,0.0759018569951877,0.003309400985017419,0.07259245601017028
control,20260918,Bearing1_4,20,21,False,0.04385785425256472,0.003381762857316062,0.04047609139524866
control,20260918,Bearing1_4,21,22,False,0.07456543727312237,0.0034426682686898857,0.07112276900443248
control,20260918,Bearing1_4,22,23,False,0.059233542589936405,0.0004643329666578211,0.058769209623278584
control,20260918,Bearing1_4,23,24,False,0.06433089991332963,9.41601303452444e-05,0.06423673978298439
control,20260918,Bearing1_4,24,25,True,0.09123490145429969,0.002903077780501917,0.08833182367379777
control,20260918,Bearing1_4,25,26,True,0.07275509450118989,0.000537026695383247,0.07221806780580664
control,20260918,Bearing1_4,26,27,True,0.06644397502532229,0.0002531607617584086,0.06619081426356388
control,20260918,Bearing1_4,27,28,True,0.05750657513272017,0.0005542779526876984,0.056952297180032474
control,20260918,Bearing1_4,28,29,True,0.03896801601149491,0.0030418973765335977,0.03592611863496131
control,20260918,Bearing1_4,29,30,True,0.04519380582496524,4.142384335814597e-05,0.04515238198160709
control,20260918,Bearing1_4,30,31,True,0.034970199783856515,0.0009142670314759016,0.03405593275238061
control,20260918,Bearing1_4,31,32,True,0.05497968476265669,0.0019080804049735889,0.0530716043576831
control,20260918,Bearing1_4,32,33,True,0.044975447992328554,0.00026047069559353986,0.044714977296735015
control,20260918,Bearing1_4,33,34,True,0.041483784138108604,0.0001553857829623695,0.041328398355146234
control,20260918,Bearing1_4,34,35,True,0.0515997176989913,0.0005826004198752344,0.051017117279116064
control,20260918,Bearing1_4,35,36,True,0.033150328086776426,0.0020216801058268175,0.03112864798094961
control,20260918,Bearing1_4,36,37,True,0.07115029264241457,0.006878610234707594,0.06427168240770698
control,20260918,Bearing1_4,37,38,True,0.08158133621327579,0.0015765636962896679,0.08000477251698612
control,20260918,Bearing1_4,38,39,True,0.05140244055655785,0.0025647827133070678,0.04883765784325078
control,20260918,Bearing1_4,39,40,True,0.055439804680645466,4.898820907328627e-05,0.05539081647157218
control,20260918,Bearing1_4,40,41,True,0.05006606440292671,0.0002671990633302812,0.04979886533959643
control,20260918,Bearing1_4,41,42,True,0.035502837865351466,0.0020869757718173787,0.03341586209353409
control,20260918,Bearing1_4,42,43,True,0.06561758508905768,0.00437446273281239,0.061243122356245294
control,20260918,Bearing1_4,43,44,True,0.039717550651403144,0.002476615467458032,0.03724093518394511
control,20260918,Bearing1_4,44,45,True,0.051612301147542894,0.0005190094962017611,0.05109329165134113
control,20260918,Bearing1_4,45,46,True,0.034742370575258974,0.0016814157643239014,0.03306095481093507
control,20260918,Bearing1_4,46,47,True,0.03034617198863998,0.0006670058392046485,0.029679166149435332
control,20260918,Bearing1_4,47,48,True,0.01788618558930466,0.0032510348974028602,0.0146351506919018
control,20260918,Bearing1_4,48,49,True,0.014986362323725189,0.0009025831204780843,0.014083779203247104
control,20260918,Bearing1_4,49,50,True,0.00924088428473624,0.026986262062564492,-0.017745377777828253
control,20260918,Bearing1_4,50,51,True,0.0028652756886344832,0.00010435891914539752,0.0027609167694890857
control,20260918,Bearing1_4,51,52,True,0.003461107062321389,0.00015231537634008419,0.003308791685981305
control,20260918,Bearing1_4,52,53,True,0.003952678731366177,0.003857015137327835,9.566359403834213e-05
control,20260918,Bearing1_4,53,54,True,0.002432143763599015,0.000549104048332083,0.001883039715266932
control,20260918,Bearing1_4,54,55,True,0.004740827932664615,0.0009561158694850747,0.0037847120631795406
control,20260918,Bearing1_4,55,56,True,0.003757253658477566,0.005873550777323544,-0.002116297118845978
control,20260918,Bearing1_4,56,57,True,0.0014836587582749416,0.0003216467275706236,0.001162012030704318
control,20260918,Bearing1_4,57,58,True,0.0021781763707622304,0.00027168757026174717,0.0019064888005004832
control,20260918,Bearing1_4,58,59,True,0.0018389472636499704,3.0366082668820127e-05,0.0018085811809811503
control,20260918,Bearing1_4,59,60,True,0.002165534083317766,0.001160711224656552,0.001004822858661214
control,20260918,Bearing1_4,60,61,True,0.009647368016885594,0.00925706879934296,0.0003902992175426334
control,20260918,Bearing1_4,61,62,True,0.0021962435930618085,0.0019164285768056288,0.00027981501625617966
control,20260918,Bearing1_4,62,63,True,0.0017348173150821822,0.00018156028602334118,0.001553257029058841
control,20260918,Bearing1_4,63,64,True,0.0019967956818618404,0.0003292416226940986,0.0016675540591677418
control,20260918,Bearing1_4,64,65,True,0.0014980652669578376,0.0005979177229460397,0.0009001475440117979
control,20260918,Bearing1_4,65,66,True,0.0014783597544010263,0.00012131712027496633,0.00135704263412606
control,20260918,Bearing1_4,66,67,True,0.001025607805146933,0.00015649190243038902,0.000869115902716544
control,20260918,Bearing1_4,67,68,True,0.0014507189329151515,0.0002081361338497345,0.001242582799065417
control,20260918,Bearing1_4,68,69,True,0.0013985646783112315,9.673942668086966e-05,0.0013018252516303619
control,20260918,Bearing1_4,69,70,True,0.001393567472405266,0.00019895727336916025,0.0011946101990361058
control,20260918,Bearing1_4,70,71,True,0.0021709357554868802,0.00191849323164206,0.00025244252384482024
control,20260918,Bearing1_4,71,72,True,0.002100773815982393,0.0015575989673379809,0.0005431748486444121
control,20260918,Bearing1_4,72,73,True,0.0009746482315620142,0.00022252578537518275,0.0007521224461868314
control,20260918,Bearing1_4,73,74,True,0.004176251193712233,0.003258458658820018,0.0009177925348922145
control,20260918,Bearing1_4,74,75,True,0.001562001023103221,0.0020219190264469944,-0.0004599180033437733
control,20260918,Bearing1_4,75,76,True,0.0025807151214394253,0.0018053800304187462,0.0007753350910206791
control,20260918,Bearing1_4,76,77,True,0.0015503215008720872,0.00023999709947020165,0.0013103244014018856
control,20260918,Bearing1_4,77,78,True,0.0012800099862033676,7.597639881140594e-05,0.0012040335873919616
control,20260918,Bearing1_4,78,79,True,0.004590566069964552,0.002098116630804725,0.0024924494391598273
control,20260918,Bearing1_4,79,80,True,0.04340569698251784,0.029525219928473234,0.013880477054044604
control,20260918,Bearing1_4,80,81,True,0.014142710861051455,0.0003045249095698921,0.013838185951481563
control,20260918,Bearing1_4,81,82,True,0.008980154132586904,0.00027956452052535496,0.008700589612061549
control,20260918,Bearing1_4,82,83,True,0.03566996066365391,0.01415960828308016,0.02151035238057375
control,20260918,Bearing1_4,83,84,True,0.024488830124028027,0.002585473812359851,0.021903356311668176
control,20260918,Bearing1_4,84,85,True,0.017505441479443107,0.0014888916948621045,0.016016549784581002
control,20260918,Bearing1_4,85,86,True,0.004608351911883801,0.003787902503972873,0.0008204494079109281
control,20260918,Bearing1_4,86,87,True,0.03461578884162009,0.016519874916411936,0.01809591392520815
control,20260918,Bearing1_4,87,88,True,0.01479020179795043,0.0001276845218214362,0.014662517276128995
control,20260918,Bearing1_4,88,89,True,0.031035026171593927,0.010000741691328585,0.02103428448026534
control,20260918,Bearing1_4,89,90,True,0.007189916614152025,0.008013436861801893,-0.0008235202476498671
control,20260918,Bearing1_4,90,91,True,0.0066864590276907165,0.004024125344585627,0.0026623336831050892
control,20260918,Bearing1_4,91,92,True,0.007616268492711242,0.0012149804715591017,0.006401288021152141
control,20260918,Bearing1_4,92,93,True,0.003957835553649147,0.0009021633923111949,0.0030556721613379523
control,20260918,Bearing1_4,93,94,True,0.003964673826885701,0.0009560814642100013,0.0030085923626756994
control,20260918,Bearing1_4,94,95,True,0.003636811118553851,0.0026628563355188817,0.0009739547830349693
control,20260918,Bearing1_4,95,96,True,0.00666684554744279,0.00024857416016788036,0.00641827138727491
control,20260918,Bearing1_4,96,97,True,0.011635351533186622,0.0009094031765926047,0.010725948356594017
control,20260918,Bearing1_4,97,98,True,0.006519054437376326,0.000284847321381676,0.00623420711599465
control,20260918,Bearing1_4,98,99,True,0.004406628038850613,0.0008671204996062443,0.0035395075392443687
control,20260918,Bearing1_4,99,100,True,0.004428198493997115,0.00025402950632269494,0.00417416898767442
control,20260918,Bearing1_4,100,101,True,0.010747025501245844,0.0009658803955971962,0.009781145105648648
control,20260918,Bearing1_4,101,102,True,0.0038709489167558786,0.0013127220081514679,0.0025582269086044107
control,20260918,Bearing1_4,102,103,True,0.003502251771351439,0.001263766062038485,0.002238485709312954
control,20260918,Bearing1_4,103,104,True,0.014486955202301033,0.0035801611666101962,0.010906794035690837
control,20260918,Bearing1_4,104,105,True,0.005207560517874299,0.00117008079905645,0.004037479718817849
control,20260918,Bearing1_4,105,106,True,0.012656064920520294,0.001807777167414315,0.010848287753105978
control,20260918,Bearing1_4,106,107,True,0.00359804827348853,0.0028203495021443814,0.0007776987713441486
control,20260918,Bearing1_4,107,108,True,0.003625838877269416,0.000933439630898647,0.002692399246370769
control,20260918,Bearing1_4,108,109,True,0.020626379555324093,0.006937707541510463,0.01368867201381363
control,20260918,Bearing1_4,109,110,True,0.004705435806499736,0.0023167335020843893,0.0023887023044153466
control,20260918,Bearing1_4,110,111,True,0.008328726763181749,0.0004242765553499339,0.007904450207831815
control,20260918,Bearing1_4,111,112,True,0.006804468949667353,4.7879223771474244e-05,0.0067565897258958785
control,20260918,Bearing1_4,112,113,True,0.003973546309680387,0.0013155753622413613,0.0026579709474390256
control,20260918,Bearing1_4,113,114,True,0.0034681420993365464,0.0005101891110825818,0.0029579529882539646
control,20260918,Bearing1_4,114,115,True,0.005476494732647552,4.486740537545941e-05,0.005431627327272093
control,20260918,Bearing1_4,115,116,True,0.007534602569194249,0.00014009140042681167,0.007394511168767437
control,20260918,Bearing1_4,116,117,True,0.007723196063807336,0.00012334447504969148,0.0075998515887576445
control,20260918,Bearing1_4,117,118,True,0.009670566754437004,0.00039668074168730527,0.0092738860127497
control,20260918,Bearing1_4,118,119,True,0.002867623350539361,0.004396018281113356,-0.0015283949305739952
control,20260918,Bearing1_4,119,120,True,0.027784349862486124,0.013191398233175278,0.014592951629310846
control,20260918,Bearing1_4,120,121,True,3.854435443878174,3.5113658905029297,0.34306955337524414
control,20260918,Bearing1_5,0,1,False,0.0695050913200248,0.004455303802387789,0.06504978751763701
control,20260918,Bearing1_5,1,2,False,0.0219116378648323,0.006497024034615606,0.015414613830216695
control,20260918,Bearing1_5,2,3,False,0.015561326887109317,0.001118398598919157,0.01444292828819016
control,20260918,Bearing1_5,3,4,False,0.020758848142577335,0.001577689137775451,0.019181159004801884
control,20260918,Bearing1_5,4,5,False,0.013237233149993699,0.00046344751717697363,0.012773785632816725
control,20260918,Bearing1_5,5,6,False,0.017107705660691863,0.00024713674292797805,0.016860568917763885
control,20260918,Bearing1_5,6,7,False,0.0249869316467084,0.0011720491675077938,0.023814882479200605
control,20260918,Bearing1_5,7,8,False,0.025343262961541768,0.00018673685652004224,0.025156526105021726
control,20260918,Bearing1_5,8,9,False,0.02547121210864134,8.876359197529382e-05,0.025382448516666045
control,20260918,Bearing1_5,9,10,False,0.02902740109129809,0.00044181756402394967,0.02858558352727414
control,20260918,Bearing1_5,10,11,False,0.02277706142194802,0.00042596456114551984,0.0223510968608025
control,20260918,Bearing1_5,11,12,False,0.03033276773930993,0.0005336153008101974,0.029799152438499732
control,20260918,Bearing1_5,12,13,False,0.029507319326512516,5.9068350795499214e-05,0.029448250975717016
control,20260918,Bearing1_5,13,14,False,0.03219234701100504,0.00018525412883718673,0.032007092882167854
control,20260918,Bearing1_5,14,15,False,0.023715929604804842,0.0007366517220361857,0.022979277882768656
control,20260918,Bearing1_5,15,16,False,0.022216694604594522,0.0002403147668701422,0.02197637983772438
control,20260918,Bearing1_5,16,17,False,0.020097513621294638,0.0001869223339099335,0.019910591287384705
control,20260918,Bearing1_5,17,18,False,0.018990536054843687,0.00016499403818670544,0.018825542016656982
control,20260918,Bearing1_5,18,19,False,0.019366509168776247,5.857014287613538e-05,0.01930793902590011
control,20260918,Bearing1_5,19,20,False,0.02985696427640505,0.0013345386032597162,0.028522425673145335
control,20260918,Bearing1_5,20,21,False,0.025306267710675456,7.058840233753472e-05,0.02523567930833792
control,20260918,Bearing1_5,21,22,False,0.03022357902227668,0.00031926027895679,0.02990431874331989
control,20260918,Bearing1_5,22,23,False,0.02616030216865539,0.00011904899628234489,0.026041253172373047
control,20260918,Bearing1_5,23,24,False,0.029755773135548225,0.00019765698471019277,0.029558116150838032
control,20260918,Bearing1_5,24,25,True,0.03290920626022853,0.0001662315817156923,0.03274297467851284
control,20260918,Bearing1_5,25,26,True,0.03249167004105402,8.25209846215813e-05,0.03240914905643244
control,20260918,Bearing1_5,26,27,True,0.0212108812193037,0.0015851003918214701,0.01962578082748223
control,20260918,Bearing1_5,27,28,True,0.022820831452015966,0.00012688373357860883,0.022693947718437357
control,20260918,Bearing1_5,28,29,True,0.012884085582300031,0.002206113684223965,0.010677971898076066
control,20260918,Bearing1_5,29,30,True,0.01348841454819194,0.00015495232399764802,0.013333462224194292
control,20260918,Bearing1_5,30,31,True,0.013095784948745859,0.00019736001877390663,0.012898424929971952
control,20260918,Bearing1_5,31,32,True,0.011992197732070053,0.00014179560710658734,0.011850402124963466
control,20260918,Bearing1_5,32,33,True,0.004114530240258318,0.008129976922646165,-0.0040154466823878465
control,20260918,Bearing1_5,33,34,True,0.031058500288054347,0.043372469022870064,-0.012313968734815717
control,20260918,Bearing1_5,34,35,True,0.04211612662766129,0.020487299072556198,0.02162882755510509
control,20260918,Bearing1_5,35,36,True,0.07955258642323315,0.036437260918319225,0.043115325504913926
control,20260918,Bearing1_5,36,37,True,0.06408782652579248,0.016099888365715742,0.04798793816007674
control,20260918,Bearing1_5,37,38,True,0.03289557644893648,0.0040130574780050665,0.028882518970931415
control,20260918,Bearing1_5,38,39,True,0.099975366727449,0.059218183159828186,0.040757183567620814
control,20260918,Bearing1_5,39,40,True,0.053457777452422306,0.019529672106727958,0.03392810534569435
control,20260918,Bearing1_5,40,41,True,0.024587037980381865,0.014694986515678465,0.0098920514647034
control,20260918,Bearing1_5,41,42,True,0.009809495662921108,0.005758346975198947,0.004051148687722161
control,20260918,Bearing1_5,42,43,True,0.015883906851740903,0.00024962925681393244,0.01563427759492697
control,20260918,Bearing1_5,43,44,True,0.02956826548324898,7.618667893893871e-05,0.02949207880431004
control,20260918,Bearing1_5,44,45,True,0.03779552335618064,0.00026941794294543797,0.0375261054132352
control,20260918,Bearing1_5,45,46,True,0.0450530283851549,0.000160252345722256,0.04489277603943265
control,20260918,Bearing1_5,46,47,True,0.050986742018722,8.982366184184798e-06,0.05097775965253781
control,20260918,Bearing1_5,47,48,True,0.05256954301148653,3.7165352637202886e-05,0.05253237765884933
control,20260918,Bearing1_5,48,49,True,0.05544643569737673,0.0001072426225459111,0.05533919307483082
control,20260918,Bearing1_5,49,50,True,0.050910490623209625,0.0009364494999317685,0.04997404112327786
control,20260918,Bearing1_5,50,51,True,0.05388964631129056,0.0004942103014400345,0.05339543600985053
ranking,20260916,Bearing1_1,0,1,False,0.16162292542867362,0.019437940325587988,0.14218498510308564
ranking,20260916,Bearing1_1,1,2,False,0.08072666134103201,0.001062930496118497,0.07966373084491352
ranking,20260916,Bearing1_1,2,3,False,0.0678733016102342,0.0009837937468546443,0.06688950786337955
ranking,20260916,Bearing1_1,3,4,False,0.03140371931294794,0.01134567114058882,0.020058048172359122
ranking,20260916,Bearing1_1,4,5,False,0.01949283370777266,0.005488365364726633,0.014004468343046028
ranking,20260916,Bearing1_1,5,6,False,0.010340704651753185,0.005337759241228923,0.005002945410524262
ranking,20260916,Bearing1_1,6,7,False,0.015514745769905858,0.00017228962868109932,0.015342456141224758
ranking,20260916,Bearing1_1,7,8,False,0.012570065882982817,0.0003942497405660106,0.012175816142416807
ranking,20260916,Bearing1_1,8,9,False,0.004041682003055769,0.014233438996598125,-0.010191756993542356
ranking,20260916,Bearing1_1,9,10,False,0.0024600585963980848,0.0011541252679307945,0.0013059333284672903
ranking,20260916,Bearing1_1,10,11,False,0.01251067448174581,0.014989871997386217,-0.002479197515640408
ranking,20260916,Bearing1_1,11,12,False,0.0028816583471780177,9.198155566991773e-05,0.0027896767915081
ranking,20260916,Bearing1_1,12,13,False,0.007063886208925396,0.0028219512023497373,0.004241935006575659
ranking,20260916,Bearing1_1,13,14,False,0.0014094696301754084,0.0014162624793243594,-6.792849148951063e-06
ranking,20260916,Bearing1_1,14,15,False,0.004951495284331031,0.0013595329219242558,0.0035919623624067754
ranking,20260916,Bearing1_1,15,16,False,0.00633339281193912,0.0010186779945797753,0.005314714817359345
ranking,20260916,Bearing1_1,16,17,False,0.012773379101417959,0.0031656745995860547,0.009607704501831904
ranking,20260916,Bearing1_1,17,18,False,0.0025235171401618572,0.0011547785252332687,0.0013687386149285885
ranking,20260916,Bearing1_1,18,19,False,0.006598333304282278,0.0004923819651594386,0.006105951339122839
ranking,20260916,Bearing1_1,19,20,False,0.00500489525438752,8.712622280881988e-05,0.0049177690315787
ranking,20260916,Bearing1_1,20,21,False,0.03215259173884988,0.01296363992150873,0.01918895181734115
ranking,20260916,Bearing1_1,21,22,False,0.004881858738372102,0.024891065899282694,-0.02000920716091059
ranking,20260916,Bearing1_1,22,23,False,0.02825740072876215,0.018088716082274914,0.010168684646487236
ranking,20260916,Bearing1_1,23,24,False,0.02127735788235441,0.002278247782669496,0.018999110099684913
ranking,20260916,Bearing1_1,24,25,True,0.002166604353078583,0.003931108234610292,-0.0017645038815317093
ranking,20260916,Bearing1_1,25,26,True,0.008571227168431506,0.0005832093081608036,0.007988017860270702
ranking,20260916,Bearing1_1,26,27,True,0.046988946152850986,0.018876298679970205,0.02811264747288078
ranking,20260916,Bearing1_1,27,28,True,0.002729355011979351,0.01707959920167923,-0.014350244189699879
ranking,20260916,Bearing1_1,28,29,True,0.017918474884936586,0.004800515860551968,0.013117959024384618
ranking,20260916,Bearing1_1,29,30,True,0.024054951907601207,0.0031544652592856437,0.020900486648315564
ranking,20260916,Bearing1_1,30,31,True,0.006735841187037295,0.0013136696652509272,0.0054221715217863675
ranking,20260916,Bearing1_1,31,32,True,0.0025488884064763795,0.005389750993344933,-0.0028408625868685533
ranking,20260916,Bearing1_1,32,33,True,0.013004358566831797,0.002146241895388812,0.010858116671442986
ranking,20260916,Bearing1_1,33,34,True,0.05273469630628824,0.019994114991277456,0.032740581315010786
ranking,20260916,Bearing1_1,34,35,True,0.019736199123144615,0.0005778091131674046,0.01915839000997721
ranking,20260916,Bearing1_1,35,36,True,0.011569688798772404,0.03271249053068459,-0.021142801731912186
ranking,20260916,Bearing1_1,36,37,True,0.045462723821401596,0.02669460279867053,0.018768121022731066
ranking,20260916,Bearing1_1,37,38,True,0.0020159222962732315,0.013434621971100569,-0.011418699674827337
ranking,20260916,Bearing1_1,38,39,True,0.006730754761974822,0.0005789428059870261,0.006151811955987796
ranking,20260916,Bearing1_1,39,40,True,0.07901527499780059,0.0427776463329792,0.036237628664821386
ranking,20260916,Bearing1_1,40,41,True,0.007765173249026702,0.033179401187226176,-0.025414227938199474
ranking,20260916,Bearing1_1,41,42,True,0.0026014737263722054,0.00314064507256262,-0.0005391713461904146
ranking,20260916,Bearing1_1,42,43,True,0.002491914815010432,0.002663458770257421,-0.00017154395524698884
ranking,20260916,Bearing1_1,43,44,True,0.08926500100642443,0.05438178451731801,0.03488321648910642
ranking,20260916,Bearing1_1,44,45,True,0.005183154708447546,0.026938887778669596,-0.02175573307022205
ranking,20260916,Bearing1_1,45,46,True,0.05501956003718078,0.03131873952224851,0.023700820514932275
ranking,20260916,Bearing1_1,46,47,True,0.004541560373581888,0.008956651960033923,-0.004415091586452036
ranking,20260916,Bearing1_1,47,48,True,0.005131255243441046,0.015540386142674834,-0.010409130899233787
ranking,20260916,Bearing1_1,48,49,True,0.0083678084370149,0.0007287733506018412,0.00763903508641306
ranking,20260916,Bearing1_1,49,50,True,0.029948807670734823,0.008446235355222598,0.021502572315512225
ranking,20260916,Bearing1_1,50,51,True,0.003768651746213436,0.011550931143574417,-0.0077822793973609805
ranking,20260916,Bearing1_1,51,52,True,0.015566874819342047,0.0033820482130977325,0.012184826606244314
ranking,20260916,Bearing1_1,52,53,True,0.014344263938255608,0.001011524193941682,0.013332739744313926
ranking,20260916,Bearing1_1,53,54,True,0.00366279355421284,0.0026067016588058323,0.0010560918954070075
ranking,20260916,Bearing1_1,54,55,True,0.018948926823213696,0.0034029930538963526,0.015545933769317344
ranking,20260916,Bearing1_1,55,56,True,0.023313222511205822,0.0024605994258308783,0.020852623085374944
ranking,20260916,Bearing1_1,56,57,True,0.002954721399875737,0.00926924915984273,-0.0063145277599669924
ranking,20260916,Bearing1_1,57,58,True,0.012205660743347835,0.0015293671567633282,0.010676293586584507
ranking,20260916,Bearing1_1,58,59,True,0.009856511436737492,1.919593213983717e-05,0.009837315504597655
ranking,20260916,Bearing1_1,59,60,True,0.008449732362350915,0.0005105095206090482,0.007939222841741866
ranking,20260916,Bearing1_1,60,61,True,0.01719958643661812,0.003337808554078947,0.013861777882539172
ranking,20260916,Bearing1_1,61,62,True,0.003980121693736294,0.012525077792815864,-0.00854495609907957
ranking,20260916,Bearing1_1,62,63,True,0.005622450767255316,0.00012762252089260073,0.005494828246362715
ranking,20260916,Bearing1_1,63,64,True,0.061131532303988934,0.029827943071722984,0.03130358923226595
ranking,20260916,Bearing1_1,64,65,True,0.007377158635790693,0.0038473253516713157,0.003529833284119377
ranking,20260916,Bearing1_1,65,66,True,0.028164433519123122,0.007082877738866955,0.021081555780256167
ranking,20260916,Bearing1_1,66,67,True,0.006398842200553645,0.0014698325394419953,0.00492900966111165
ranking,20260916,Bearing1_1,67,68,True,0.012714376682197326,0.0009005443312162242,0.011813832350981102
ranking,20260916,Bearing1_1,68,69,True,0.020651562645070953,0.0027881958230864257,0.017863366821984528
ranking,20260916,Bearing1_1,69,70,True,0.03660584433237091,0.010691683972254395,0.02591416036011651
ranking,20260916,Bearing1_1,70,71,True,0.030118461583697353,0.006794449232984334,0.02332401235071302
ranking,20260916,Bearing1_1,71,72,True,0.02277538548287339,0.005099117857753299,0.01767626762512009
ranking,20260916,Bearing1_1,72,73,True,0.012134729913668707,0.003231654438422993,0.008903075475245714
ranking,20260916,Bearing1_1,73,74,True,0.013328449218533933,0.009557472658343613,0.00377097656019032
ranking,20260916,Bearing1_1,74,75,True,0.01885296700129402,0.025020939181558788,-0.006167972180264769
ranking,20260916,Bearing1_1,75,76,True,0.01953380254417425,0.002938293677289039,0.01659550886688521
ranking,20260916,Bearing1_1,76,77,True,0.00798262539319694,0.044800158590078354,-0.03681753319688141
ranking,20260916,Bearing1_1,77,78,True,0.14325743727385998,0.2267765924334526,-0.08351915515959263
ranking,20260916,Bearing1_1,78,79,True,0.03562983253505081,6.226569507816748e-05,0.03556756683997264
ranking,20260916,Bearing1_1,79,80,True,0.007047514656733256,0.00031985747591534164,0.006727657180817914
ranking,20260916,Bearing1_1,80,81,True,0.0012827881087389414,1.6708748717064736e-05,0.0012660793600218767
ranking,20260916,Bearing1_1,81,82,True,0.004971283980921726,1.3183611358158487e-05,0.004958100369563567
ranking,20260916,Bearing1_1,82,83,True,0.007103790218025097,0.0006332990315058851,0.006470491186519212
ranking,20260916,Bearing1_1,83,84,True,0.01196251975488849,1.4830552381273066e-05,0.011947689202507217
ranking,20260916,Bearing1_1,84,85,True,0.016101391171105206,3.7890557024411464e-05,0.016063500614080795
ranking,20260916,Bearing1_1,85,86,True,0.020794661482796073,2.6768419459699544e-05,0.020767893063336373
ranking,20260916,Bearing1_1,86,87,True,0.021989582222886384,8.688711952231642e-05,0.021902695103364067
ranking,20260916,Bearing1_1,87,88,True,0.02519466495141387,1.6445488117966534e-05,0.025178219463295903
ranking,20260916,Bearing1_1,88,89,True,0.026163859758526087,7.608439194228822e-05,0.0260877753665838
ranking,20260916,Bearing1_1,89,90,True,0.027188769658096135,2.14124518151948e-05,0.02716735720628094
ranking,20260916,Bearing1_1,90,91,True,0.030468452256172895,3.354295654389716e-05,0.030434909299629
ranking,20260916,Bearing1_1,91,92,True,0.029538068920373917,0.000138763264658337,0.02939930565571558
ranking,20260916,Bearing1_1,92,93,True,0.029978928854689002,2.402884225105595e-05,0.029954900012437946
ranking,20260916,Bearing1_1,93,94,True,0.03136621485464275,5.881591466305736e-06,0.03136033326317644
ranking,20260916,Bearing1_1,94,95,True,0.031690079311374575,3.8246814312969946e-05,0.031651832497061605
ranking,20260916,Bearing1_1,95,96,True,0.03284904453903437,5.5921630292221636e-05,0.032793122908742145
ranking,20260916,Bearing1_1,96,97,True,0.030945828359108418,7.142266326809477e-05,0.030874405695840323
ranking,20260916,Bearing1_1,97,98,True,0.034291053481865674,4.002207330700003e-05,0.034251031408558674
ranking,20260916,Bearing1_1,98,99,True,0.03334512113360688,4.570308900042619e-05,0.033299418044606455
ranking,20260916,Bearing1_1,99,100,True,0.03529212885769084,5.470650381766973e-05,0.03523742235387317
ranking,20260916,Bearing1_1,100,101,True,0.03454027324914932,3.255596840290309e-05,0.03450771728074642
ranking,20260916,Bearing1_1,101,102,True,0.03470673767151311,1.1748787549947792e-05,0.03469498888396316
ranking,20260916,Bearing1_1,102,103,True,0.03404592827428132,1.692500835304145e-05,0.03402900326592828
ranking,20260916,Bearing1_1,103,104,True,0.03530726226745173,1.0421984815156549e-05,0.03529684028263658
ranking,20260916,Bearing1_1,104,105,True,0.03517627972178161,3.677005154045787e-05,0.035139509670241154
ranking,20260916,Bearing1_1,105,106,True,0.03667205711826682,1.5948774304774815e-05,0.036656108343962046
ranking,20260916,Bearing1_1,106,107,True,0.0355389048345387,5.7687076605361653e-05,0.03548121775793334
ranking,20260916,Bearing1_1,107,108,True,0.03725049179047346,1.977582065393335e-05,0.03723071596981953
ranking,20260916,Bearing1_1,108,109,True,0.03497526090359315,4.7555218202433025e-05,0.03492770568539072
ranking,20260916,Bearing1_1,109,110,True,0.035436036821920425,2.4718786733046727e-05,0.03541131803518738
ranking,20260916,Bearing1_1,110,111,True,0.03572348703164607,2.05674973301484e-05,0.035702919534315924
ranking,20260916,Bearing1_1,111,112,True,0.03464023058768362,2.869719702580653e-05,0.03461153339065781
ranking,20260916,Bearing1_1,112,113,True,0.035869899846147746,0.00010480465604700839,0.03576509519010074
ranking,20260916,Bearing1_1,113,114,True,0.033554043038748205,5.449807920854255e-05,0.03349954495953966
ranking,20260916,Bearing1_1,114,115,True,0.034780669171595946,2.1652610598721367e-05,0.034759016560997225
ranking,20260916,Bearing1_1,115,116,True,0.03560311783803627,2.7506973844459992e-05,0.03557561086419181
ranking,20260916,Bearing1_1,116,117,True,0.036335426731966436,7.211206058066466e-05,0.03626331467138577
ranking,20260916,Bearing1_1,117,118,True,0.03448978392407298,6.079167940242769e-05,0.03442899224467055
ranking,20260916,Bearing1_1,118,119,True,0.034829868644010276,1.3970411146146944e-05,0.03481589823286413
ranking,20260916,Bearing1_1,119,120,True,0.03353285323828459,5.17774641051183e-05,0.03348107577417947
ranking,20260916,Bearing1_1,120,121,True,0.03106817313528154,0.00015789664923460123,0.03091027648604694
ranking,20260916,Bearing1_1,121,122,True,0.024724304965275223,0.002487897914761561,0.022236407050513662
ranking,20260916,Bearing1_2,0,1,False,0.1025570489000529,6.884074901059023e-05,0.10248820815104231
ranking,20260916,Bearing1_2,1,2,False,0.015560371216253088,0.006535779626574367,0.009024591589678721
ranking,20260916,Bearing1_2,2,3,False,0.017545706509736192,0.0015294107288355008,0.01601629578090069
ranking,20260916,Bearing1_2,3,4,False,0.020486881396493573,0.0007184710370395919,0.01976841035945398
ranking,20260916,Bearing1_2,4,5,False,0.02676267977221869,0.0009322044970758725,0.025830475275142817
ranking,20260916,Bearing1_2,5,6,False,0.01026703934348916,0.0047103650867938995,0.00555667425669526
ranking,20260916,Bearing1_2,6,7,False,0.01004483215365326,0.0005457370043586707,0.00949909514929459
ranking,20260916,Bearing1_2,7,8,False,0.00658090716220272,0.000983730473308242,0.0055971766888944785
ranking,20260916,Bearing1_2,8,9,False,0.016354970679458347,0.0016990351432468742,0.014655935536211473
ranking,20260916,Bearing1_2,9,10,False,0.01507149374083383,0.00014805132607875748,0.014923442414755073
ranking,20260916,Bearing1_2,10,11,False,0.01408868599401103,8.690047934578615e-05,0.014001785514665244
ranking,20260916,Bearing1_2,11,12,False,0.01513747397257248,0.00011772474164217783,0.015019749230930302
ranking,20260916,Bearing1_2,12,13,False,0.016834657529898323,0.0001364793828315669,0.016698178147066756
ranking,20260916,Bearing1_2,13,14,False,0.010347962801461108,0.0010230270181637025,0.009324935783297406
ranking,20260916,Bearing1_2,14,15,False,0.036211282858857885,0.007978285546414554,0.02823299731244333
ranking,20260916,Bearing1_2,15,16,False,0.033881741343066096,0.0005402407268775278,0.03334150061618857
ranking,20260916,Bearing1_2,16,17,False,0.025041892571607605,0.0003877186339025229,0.02465417393770508
ranking,20260916,Bearing1_2,17,18,False,0.022587926156120375,0.00045533086677096435,0.02213259528934941
ranking,20260916,Bearing1_2,18,19,False,0.025010770448716357,0.0001619445542928588,0.0248488258944235
ranking,20260916,Bearing1_2,19,20,False,0.03397296695038676,0.0008102233841782436,0.03316274356620852
ranking,20260916,Bearing1_2,20,21,False,0.05157570110168308,0.002815003666910343,0.04876069743477274
ranking,20260916,Bearing1_2,21,22,False,0.021707047104428057,0.004765727091580629,0.016941320012847427
ranking,20260916,Bearing1_2,22,23,False,0.017115440769915224,0.0015113247136469,0.015604116056268325
ranking,20260916,Bearing1_2,23,24,False,0.015787998534506187,0.0005751893449996714,0.015212809189506515
ranking,20260916,Bearing1_2,24,25,True,0.025455453665927052,0.001193298838188639,0.024262154827738414
ranking,20260916,Bearing1_2,25,26,True,0.010321648675017059,0.0035887772392015904,0.006732871435815468
ranking,20260916,Bearing1_2,26,27,True,0.023007201627478935,0.0018696146871661767,0.021137586940312758
ranking,20260916,Bearing1_2,27,28,True,0.02408399231353542,0.0002161158573414923,0.023867876456193926
ranking,20260916,Bearing1_2,28,29,True,0.023195717418275308,6.647471219167755e-05,0.02312924270608363
ranking,20260916,Bearing1_2,29,30,True,0.013380905296799028,0.0014935230719856918,0.011887382224813337
ranking,20260916,Bearing1_2,30,31,True,0.09060025750659406,0.033611845690757036,0.056988411815837026
ranking,20260916,Bearing1_2,31,32,True,0.07810470717959106,0.001172259777376894,0.07693244740221417
ranking,20260916,Bearing1_2,32,33,True,0.030387306865009123,0.010398878657724708,0.019988428207284414
ranking,20260916,Bearing1_2,33,34,True,0.017681377968983725,0.0045752406876999885,0.013106137281283736
ranking,20260916,Bearing1_2,34,35,True,0.021545922020322905,9.183998399464599e-05,0.02145408203632826
ranking,20260916,Bearing1_2,35,36,True,0.00478562455100473,0.016289993189275265,-0.011504368638270535
ranking,20260916,Bearing1_2,36,37,True,0.009823436915212369,0.01921697927173227,-0.009393542356519902
ranking,20260916,Bearing1_2,37,38,True,0.03399454720783979,0.027182398596778512,0.006812148611061275
ranking,20260916,Bearing1_2,38,39,True,0.00471363158976601,0.0010108935093740001,0.0037027380803920096
ranking,20260916,Bearing1_2,39,40,True,0.020542223821394145,0.00809983559884131,0.012442388222552836
ranking,20260916,Bearing1_2,40,41,True,0.024577497353675426,0.05279303016141057,-0.028215532807735144
ranking,20260916,Bearing1_2,41,42,True,0.012626138661289588,0.01576642505824566,-0.0031402863969560713
ranking,20260916,Bearing1_2,42,43,True,0.06939833564683795,0.04225450428202748,0.027143831364810467
ranking,20260916,Bearing1_2,43,44,True,0.007184176705777645,0.035057443426921964,-0.02787326672114432
ranking,20260916,Bearing1_2,44,45,True,0.3135949485003948,0.280951164662838,0.03264378383755684
ranking,20260916,Bearing1_2,45,46,True,0.11149332020431757,0.01717927190475166,0.09431404829956591
ranking,20260916,Bearing1_2,46,47,True,0.009852316977912778,0.01063047454226762,-0.0007781575643548422
ranking,20260916,Bearing1_2,47,48,True,0.13852929463610053,0.13738737907260656,0.001141915563493967
ranking,20260916,Bearing1_2,48,49,True,0.070484773023054,0.07207534881308675,-0.0015905757900327444
ranking,20260916,Bearing1_2,49,50,True,0.1803713021799922,0.08931050170212984,0.09106080047786236
ranking,20260916,Bearing1_2,50,51,True,0.011020637015462853,0.007068879378493875,0.003951757636968978
ranking,20260916,Bearing1_2,51,52,True,0.03519812891681795,0.03238578210584819,0.002812346810969757
ranking,20260916,Bearing1_2,52,53,True,0.008648588051073602,0.001640920013755931,0.007007668037317671
ranking,20260916,Bearing1_2,53,54,True,0.03858780732844025,0.010180504235904664,0.028407303092535585
ranking,20260916,Bearing1_2,54,55,True,0.024605981026070367,0.07503901282325387,-0.0504330317971835
ranking,20260916,Bearing1_2,55,56,True,0.016677750060268615,0.0021686769105144776,0.014509073149754137
ranking,20260916,Bearing1_2,56,57,True,0.005350389795239607,0.028315146919339895,-0.022964757124100288
ranking,20260916,Bearing1_2,57,58,True,0.006139590822385799,0.010688543901778758,-0.004548953079392959
ranking,20260916,Bearing1_2,58,59,True,0.031051293306518346,0.0003275818846226741,0.030723711421895672
ranking,20260916,Bearing1_2,59,60,True,0.020071476312296,0.00984646868892014,0.010225007623375859
ranking,20260916,Bearing1_2,60,61,True,0.047269057482481,0.00018363127184928274,0.04708542621063172
ranking,20260916,Bearing1_2,61,62,True,0.04802070278674364,0.21035071089863777,-0.16233000811189413
ranking,20260916,Bearing1_2,62,63,True,0.07428483897820115,0.025576062267646194,0.04870877671055496
ranking,20260916,Bearing1_2,63,64,True,0.059762119548395276,0.002178072798415087,0.05758404674998019
ranking,20260916,Bearing1_2,64,65,True,0.013858750455256086,0.006403321109246463,0.007455429346009623
ranking,20260916,Bearing1_2,65,66,True,0.03560313145862892,0.0121789172408171,0.023424214217811823
ranking,20260916,Bearing1_2,66,67,True,0.019107495703792665,0.0005256007189018419,0.018581894984890823
ranking,20260916,Bearing1_2,67,68,True,0.008685754552061553,0.0007313453206734266,0.007954409231388126
ranking,20260916,Bearing1_2,68,69,True,0.0023871809621596185,0.002434597408864647,-4.741644670502865e-05
ranking,20260916,Bearing1_2,69,70,True,0.006699853482587059,0.0035462668965919875,0.003153586585995072
ranking,20260916,Bearing1_2,70,71,True,0.0019347017302209224,0.0058162714703939855,-0.003881569740173063
ranking,20260916,Bearing1_2,71,72,True,0.004136404550081352,0.004540561931207776,-0.0004041573811264243
ranking,20260916,Bearing1_2,72,73,True,0.00310329327112413,3.074454975049434e-05,0.0030725487213736358
ranking,20260916,Bearing1_2,73,74,True,0.005713050883230153,0.001301998388953507,0.004411052494276646
ranking,20260916,Bearing1_2,74,75,True,0.002881271905708971,0.0011539936785993632,0.0017272782271096077
ranking,20260916,Bearing1_2,75,76,True,0.002947433021489587,7.724182865587181e-05,0.0028701911928337154
ranking,20260916,Bearing1_2,76,77,True,0.0025342653043480823,4.464635900092162e-06,0.00252980066844799
ranking,20260916,Bearing1_2,77,78,True,0.00542388867313548,0.0015823780559003353,0.0038415106172351443
ranking,20260916,Bearing1_2,78,79,True,0.00295300714819291,0.0005605657388514373,0.0023924414093414725
ranking,20260916,Bearing1_2,79,80,True,0.00850364188227104,0.0030111851228866726,0.005492456759384368
ranking,20260916,Bearing1_2,80,81,True,0.0076545368356164545,5.287653550567484e-05,0.00760166030011078
ranking,20260916,Bearing1_2,81,82,True,0.0034220657380501507,0.0012851556784880813,0.0021369100595620694
ranking,20260916,Bearing1_2,82,83,True,0.004374748503124692,0.00016787505910542677,0.004206873444019266
ranking,20260916,Bearing1_2,83,84,True,0.007174015863711247,0.0007714078019489534,0.006402608061762294
ranking,20260916,Bearing1_2,84,85,True,0.003560750386895961,0.001182447205792414,0.002378303181103547
ranking,20260916,Bearing1_2,85,86,True,0.004966212023731487,0.0005196747813442926,0.004446537242387194
ranking,20260916,Bearing1_2,86,87,True,0.004215550500134668,5.420241188858199e-05,0.004161348088246086
ranking,20260916,Bearing1_2,87,88,True,0.002341716027217444,0.0005056599320596433,0.0018360560951578009
ranking,20260916,Bearing1_2,88,89,True,0.004120620468029301,0.0007423437855322845,0.0033782766824970167
ranking,20260916,Bearing1_2,89,90,True,0.004632704393770837,4.806733659279416e-05,0.004584637057178043
ranking,20260916,Bearing1_2,90,91,True,0.006354086164719774,0.00033181995240738615,0.006022266212312388
ranking,20260916,Bearing1_2,91,92,True,0.005846066175593023,3.1274664422653586e-05,0.00581479151117037
ranking,20260916,Bearing1_2,92,93,True,0.007698689878452569,0.00030953050600146526,0.007389159372451104
ranking,20260916,Bearing1_2,93,94,True,0.0070918130595600815,2.6258150114699674e-05,0.007065554909445382
ranking,20260916,Bearing1_2,94,95,True,0.00719106978704076,1.3586812983135133e-05,0.007177482974057625
ranking,20260916,Bearing1_2,95,96,True,0.006206606493378786,4.1863557271426544e-05,0.006164742936107359
ranking,20260916,Bearing1_2,96,97,True,0.005887367764444207,2.1711203949337232e-05,0.00586565656049487
ranking,20260916,Bearing1_2,97,98,True,0.006276117449488083,2.0548229343830826e-05,0.0062555692201442525
ranking,20260916,Bearing1_2,98,99,True,0.00585027531178639,2.9586624679112106e-05,0.005820688687107278
ranking,20260916,Bearing1_2,99,100,True,0.006568081312252616,3.728659676660584e-05,0.00653079471548601
ranking,20260916,Bearing1_2,100,101,True,0.007489082534448244,8.151907741194009e-05,0.007407563457036304
ranking,20260916,Bearing1_2,101,102,True,0.008313442260259762,5.599324129690331e-05,0.008257449018962859
ranking,20260916,Bearing1_2,102,103,True,0.008600681532698218,1.7645049940284707e-05,0.008583036482757933
ranking,20260916,Bearing1_2,103,104,True,0.008372023308766074,1.7772357082890267e-05,0.008354250951683184
ranking,20260916,Bearing1_2,104,105,True,0.007145997843508667,7.389034067273315e-05,0.007072107502835934
ranking,20260916,Bearing1_2,105,106,True,0.0075336475938456715,4.13479681355966e-05,0.007492299625710075
ranking,20260916,Bearing1_2,106,107,True,0.007587080530356616,2.727886518982814e-05,0.007559801665166788
ranking,20260916,Bearing1_2,107,108,True,0.007522555786636076,2.002267182810158e-05,0.007502533114807974
ranking,20260916,Bearing1_2,108,109,True,0.007151271485781763,1.0449317130678537e-05,0.007140822168651084
ranking,20260916,Bearing1_2,109,110,True,0.00707513991255837,5.2563727344079325e-06,0.007069883539823962
ranking,20260916,Bearing1_2,110,111,True,0.006334731653623749,4.428666034073103e-05,0.0062904449932830175
ranking,20260916,Bearing1_2,111,112,True,0.006498409034975339,3.558958190019723e-05,0.0064628194530751415
ranking,20260916,Bearing1_2,112,113,True,0.005754220510880259,4.329955280013564e-05,0.0057109209580801235
ranking,20260916,Bearing1_2,113,114,True,0.005941386235463142,6.921983789709429e-06,0.0059344642516734325
ranking,20260916,Bearing1_2,114,115,True,0.0063958864302549046,2.623456356332099e-05,0.0063696518666915836
ranking,20260916,Bearing1_2,115,116,True,0.006299324879364576,1.690073960958216e-05,0.006282424139754994
ranking,20260916,Bearing1_2,116,117,True,0.006356812695230474,3.5138773633036635e-06,0.00635329881786717
ranking,20260916,Bearing1_2,117,118,True,0.006075754967241664,9.530344115660228e-06,0.006066224623126004
ranking,20260916,Bearing1_2,118,119,True,0.006638688577368157,1.887476850015446e-05,0.0066198138088680025
ranking,20260916,Bearing1_2,119,120,True,0.006344698664179305,9.164046751664046e-06,0.006335534617427641
ranking,20260916,Bearing1_2,120,121,True,0.007186929753515869,3.501312644971222e-05,0.007151916627066157
ranking,20260916,Bearing1_2,121,122,True,0.007409972109599039,5.1941052696236056e-05,0.007358031056902803
ranking,20260916,Bearing1_2,122,123,True,0.007869829161791131,6.275946580558411e-05,0.007807069695985547
ranking,20260916,Bearing1_2,123,124,True,0.007896648232417647,1.80946802927906e-05,0.007878553552124856
ranking,20260916,Bearing1_2,124,125,True,0.008458735661406536,0.00010481639372983409,0.008353919267676702
ranking,20260916,Bearing1_2,125,126,True,0.008378910279134288,0.000208970130872288,0.008169940148262
ranking,20260916,Bearing1_2,126,127,True,0.008293021855934057,1.2014826172190851e-05,0.008281007029761867
ranking,20260916,Bearing1_2,127,128,True,0.008662353538966272,4.529330038849366e-05,0.008617060238577778
ranking,20260916,Bearing1_2,128,129,True,0.008952529155067168,1.9845387413397475e-05,0.00893268376765377
ranking,20260916,Bearing1_2,129,130,True,0.009518123944872059,1.5238278239237957e-05,0.009502885666632821
ranking,20260916,Bearing1_2,130,131,True,0.009570785536197945,8.327067378743891e-06,0.009562458468819202
ranking,20260916,Bearing1_2,131,132,True,0.009557696444971953,2.5685526097163347e-06,0.009555127892362236
ranking,20260916,Bearing1_2,132,133,True,0.010106050089234486,2.0169618267118494e-05,0.010085880470967368
ranking,20260916,Bearing1_2,133,134,True,0.009347272789455019,2.4447254162396348e-05,0.009322825535292623
ranking,20260916,Bearing1_2,134,135,True,0.010013448525569402,2.028112402285842e-05,0.009993167401546543
ranking,20260916,Bearing1_2,135,136,True,0.010398446655017324,3.5210876887958875e-05,0.010363235778129365
ranking,20260916,Bearing1_2,136,137,True,0.009971264778869227,2.2707894197893097e-05,0.009948556884671333
ranking,20260916,Bearing1_2,137,138,True,0.010014693034463562,9.636532057655245e-06,0.010005056502405907
ranking,20260916,Bearing1_2,138,139,True,0.009604159931768663,5.733903467586288e-06,0.009598426028301077
ranking,20260916,Bearing1_2,139,140,True,0.009247519468772225,7.864914886468455e-06,0.009239654553885757
ranking,20260916,Bearing1_2,140,141,True,0.009025019739056006,9.50337019567371e-06,0.009015516368860332
ranking,20260916,Bearing1_2,141,142,True,0.009112263789575081,4.080691738295172e-06,0.009108183097836786
ranking,20260916,Bearing1_2,142,143,True,0.00857834838097915,1.334413033760029e-05,0.00856500425064155
ranking,20260916,Bearing1_2,143,144,True,0.008790003390458878,6.473864040401622e-06,0.008783529526418477
ranking,20260916,Bearing1_2,144,145,True,0.009455794526729733,4.5469940715747725e-05,0.009410324586013985
ranking,20260916,Bearing1_2,145,146,True,0.01160895409702789,0.0002020910797000397,0.01140686301732785
ranking,20260916,Bearing1_2,146,147,True,0.012413140124408528,2.456509318449207e-05,0.012388575031224036
ranking,20260916,Bearing1_2,147,148,True,0.012903005132102408,1.7678371939666704e-05,0.01288532676016274
ranking,20260916,Bearing1_2,148,149,True,0.013235204824013636,5.72670888310256e-06,0.013229478115130533
ranking,20260916,Bearing1_2,149,150,True,0.013791833975119516,2.3529817832823596e-05,0.013768304157286693
ranking,20260916,Bearing1_2,150,151,True,0.01474084606161341,3.535743692850701e-05,0.014705488624684904
ranking,20260916,Bearing1_2,151,152,True,0.0147025600890629,6.1232906336528e-06,0.014696436798429247
ranking,20260916,Bearing1_2,152,153,True,0.014830250904196873,1.2188754164199622e-05,0.014818062150032674
ranking,20260916,Bearing1_2,153,154,True,0.01492101332405582,2.0196929312987777e-05,0.014900816394742833
ranking,20260916,Bearing1_2,154,155,True,0.016306675359373912,5.2940292874836814e-05,0.016253735066499075
ranking,20260916,Bearing1_2,155,156,True,0.016137142869411036,1.2050731371004986e-05,0.01612509213804003
ranking,20260916,Bearing1_2,156,157,True,0.016462435567518696,1.7744523070462037e-05,0.016444691044448234
ranking,20260916,Bearing1_2,157,158,True,0.01812872212030925,5.755620492209346e-05,0.018071165915387155
ranking,20260916,Bearing1_2,158,159,True,0.01861743038170971,8.559825772636032e-06,0.018608870555937074
ranking,20260916,Bearing1_2,159,160,True,0.025515739485854283,0.0006373348938950585,0.024878404591959224
ranking,20260916,Bearing1_3,0,1,False,0.11551324557512999,0.00011832212592821634,0.11539492344920177
ranking,20260916,Bearing1_3,1,2,False,0.022946273718844168,0.0037537352473009378,0.01919253847154323
ranking,20260916,Bearing1_3,2,3,False,0.01722441775018524,0.00030737633392163843,0.0169170414162636
ranking,20260916,Bearing1_3,3,4,False,0.007640000916580902,0.005968956451397389,0.0016710444651835132
ranking,20260916,Bearing1_3,4,5,False,0.01329806884740492,0.0008591830701334402,0.01243888577727148
ranking,20260916,Bearing1_3,5,6,False,0.006909449788054189,0.0013975217079860158,0.005511928080068174
ranking,20260916,Bearing1_3,6,7,False,0.017773733434296446,0.002308820330654271,0.015464913103642175
ranking,20260916,Bearing1_3,7,8,False,0.017089863500586944,0.0002167293813499782,0.016873134119236965
ranking,20260916,Bearing1_3,8,9,False,0.022176706275786273,0.000697405768733006,0.021479300507053267
ranking,20260916,Bearing1_3,9,10,False,0.014009113317626998,0.0007595428460263065,0.013249570471600691
ranking,20260916,Bearing1_3,10,11,False,0.006420810575946234,0.0030773190810577944,0.0033434914948884398
ranking,20260916,Bearing1_3,11,12,False,0.010103895350766834,9.262580363156303e-05,0.01001126954713527
ranking,20260916,Bearing1_3,12,13,False,0.006928826953298994,0.000447695219918387,0.006481131733380607
ranking,20260916,Bearing1_3,13,14,False,0.018455985646141926,0.0027197431336389855,0.01573624251250294
ranking,20260916,Bearing1_3,14,15,False,0.013308775937844075,4.021492527961357e-05,0.013268561012564462
ranking,20260916,Bearing1_3,15,16,False,0.013242765477116336,2.277460556143751e-05,0.013219990871554899
ranking,20260916,Bearing1_3,16,17,False,0.011283327025012113,0.0001389612228379633,0.01114436580217415
ranking,20260916,Bearing1_3,17,18,False,0.004148934088334499,0.003898857714375481,0.0002500763739590184
ranking,20260916,Bearing1_3,18,19,False,0.004504780281422427,0.00019089795978288748,0.0043138823216395394
ranking,20260916,Bearing1_3,19,20,False,0.004349123544670874,0.00014457071466900118,0.004204552830001873
ranking,20260916,Bearing1_3,20,21,False,0.0059598184961942025,0.00017131510540480122,0.005788503390789401
ranking,20260916,Bearing1_3,21,22,False,0.0024768988073446963,0.00126828440988902,0.0012086143974556762
ranking,20260916,Bearing1_3,22,23,False,0.002948316332549439,3.6143721331427514e-05,0.0029121726112180113
ranking,20260916,Bearing1_3,23,24,False,0.0075716375176853035,0.0014063036651350558,0.006165333852550248
ranking,20260916,Bearing1_3,24,25,True,0.005760692147305235,7.239882070564363e-05,0.005688293326599592
ranking,20260916,Bearing1_3,25,26,True,0.005693650720786536,0.0001125169001170434,0.005581133820669493
ranking,20260916,Bearing1_3,26,27,True,0.003916254271643993,0.000394586644233641,0.003521667627410352
ranking,20260916,Bearing1_3,27,28,True,0.0052616257780755404,0.0001647965710844801,0.00509682920699106
ranking,20260916,Bearing1_3,28,29,True,0.0038359305938229227,0.0001854283650573052,0.0036505022287656175
ranking,20260916,Bearing1_3,29,30,True,0.0078122252962202765,0.0009719425725052133,0.006840282723715063
ranking,20260916,Bearing1_3,30,31,True,0.00304479451961015,0.0009605241866665892,0.002084270332943561
ranking,20260916,Bearing1_3,31,32,True,0.006466802748036571,0.00044100433751737,0.006025798410519201
ranking,20260916,Bearing1_3,32,33,True,0.008648927099784487,0.0005992895412418875,0.0080496375585426
ranking,20260916,Bearing1_3,33,34,True,0.007619543845066801,5.712841090854681e-05,0.007562415434158254
ranking,20260916,Bearing1_3,34,35,True,0.005652530038787518,0.0001615719177863184,0.005490958121001199
ranking,20260916,Bearing1_3,35,36,True,0.00565754238050431,6.283300962195426e-05,0.005594709370882356
ranking,20260916,Bearing1_3,36,37,True,0.013674907906533917,0.002144325480912812,0.011530582425621105
ranking,20260916,Bearing1_3,37,38,True,0.011125921000711969,6.159257940119289e-05,0.011064328421310776
ranking,20260916,Bearing1_3,38,39,True,0.014140059109195136,0.0003851502297038678,0.013754908879491268
ranking,20260916,Bearing1_3,39,40,True,0.009096458819840336,0.0003753876771952491,0.008721071142645087
ranking,20260916,Bearing1_3,40,41,True,0.006662572915956844,0.000478927897347603,0.006183645018609241
ranking,20260916,Bearing1_3,41,42,True,0.008693557156220777,9.123752693263043e-05,0.008602319629288147
ranking,20260916,Bearing1_3,42,43,True,0.01595872277903254,0.001453866636438761,0.01450485614259378
ranking,20260916,Bearing1_3,43,44,True,0.006869589447887847,0.0012697454149019904,0.005599844032985857
ranking,20260916,Bearing1_3,44,45,True,0.011298720826516728,0.0002920893975897343,0.011006631428926994
ranking,20260916,Bearing1_3,45,46,True,0.010973490516448692,5.379382344017358e-05,0.010919696693008518
ranking,20260916,Bearing1_3,46,47,True,0.00789585707752849,0.0003173199993966591,0.007578537078131831
ranking,20260916,Bearing1_3,47,48,True,0.008562636285205372,7.67401255714617e-05,0.00848589615963391
ranking,20260916,Bearing1_3,48,49,True,0.004366820341601851,0.0014212617097655311,0.0029455586318363203
ranking,20260916,Bearing1_3,49,50,True,0.011897847456111776,0.0018267605046276003,0.010071086951484176
ranking,20260916,Bearing1_3,50,51,True,0.010577131171146448,8.548119740225957e-05,0.010491649973744188
ranking,20260916,Bearing1_3,51,52,True,0.01735934647877002,0.0012530998064903542,0.016106246672279667
ranking,20260916,Bearing1_3,52,53,True,0.013002186756580159,8.491224041051737e-05,0.012917274516169641
ranking,20260916,Bearing1_3,53,54,True,0.01291069663966482,1.8398674654918068e-05,0.012892297965009902
ranking,20260916,Bearing1_3,54,55,True,0.010829317238659542,0.0002208545153621344,0.010608462723297407
ranking,20260916,Bearing1_3,55,56,True,0.01701720349228708,0.0008163463317032438,0.016200857160583837
ranking,20260916,Bearing1_3,56,57,True,0.010532349829873056,0.000542719124496216,0.00998963070537684
ranking,20260916,Bearing1_3,57,58,True,0.002730816378516465,0.009099382383283228,-0.0063685660047667625
ranking,20260916,Bearing1_3,58,59,True,0.002144012110306903,0.002148235129425302,-4.223019118398952e-06
ranking,20260916,Bearing1_3,59,60,True,0.0031395278820127714,0.003182840213412419,-4.331233139964752e-05
ranking,20260916,Bearing1_3,60,61,True,0.0036165518758934923,0.002358333149459213,0.0012582187264342792
ranking,20260916,Bearing1_3,61,62,True,0.002159551477632249,0.0018765332060866058,0.0002830182715456431
ranking,20260916,Bearing1_3,62,63,True,0.0019974222232121974,3.028532711546461e-05,0.001967136896096733
ranking,20260916,Bearing1_3,63,64,True,0.002670608020707732,0.0011113505825051107,0.0015592574382026214
ranking,20260916,Bearing1_3,64,65,True,0.00231050961906476,0.00013110535360283393,0.002179404265461926
ranking,20260916,Bearing1_3,65,66,True,0.0035478730384284063,0.004082586674485356,-0.0005347136360569493
ranking,20260916,Bearing1_3,66,67,True,0.002199478201873717,0.00023277181685443793,0.001966706385019279
ranking,20260916,Bearing1_3,67,68,True,0.0021339296034952326,7.059373359652454e-05,0.002063335869898708
ranking,20260916,Bearing1_3,68,69,True,0.0019471275924463072,0.0001837223734537652,0.001763405218992542
ranking,20260916,Bearing1_3,69,70,True,0.0017316594775138583,7.471952039850294e-05,0.0016569399571153554
ranking,20260916,Bearing1_3,70,71,True,0.011421852570492774,0.007439356530085206,0.003982496040407568
ranking,20260916,Bearing1_3,71,72,True,0.013531592325307429,0.0033694574958644807,0.010162134829442948
ranking,20260916,Bearing1_3,72,73,True,0.00334245149497292,0.0006997604868956842,0.002642691008077236
ranking,20260916,Bearing1_3,73,74,True,0.008997678582090884,0.0014825738398940302,0.007515104742196854
ranking,20260916,Bearing1_3,74,75,True,0.007266816828632727,0.0002131912982363815,0.007053625530396346
ranking,20260916,Bearing1_3,75,76,True,0.009652407345129177,0.0006334190456982469,0.00901898829943093
ranking,20260916,Bearing1_3,76,77,True,0.009694591339211911,0.0003492226423986722,0.009345368696813239
ranking,20260916,Bearing1_3,77,78,True,0.01144882437074557,0.0006128351124061737,0.010835989258339396
ranking,20260916,Bearing1_3,78,79,True,0.0031606547306921584,0.001884839468402788,0.0012758152622893704
ranking,20260916,Bearing1_3,79,80,True,0.015263956622220576,0.0028970660641789436,0.012366890558041632
ranking,20260916,Bearing1_3,80,81,True,0.007036578812403604,0.0002760280756319844,0.00676055073677162
ranking,20260916,Bearing1_3,81,82,True,0.014009922102559358,0.0013938436168245971,0.01261607848573476
ranking,20260916,Bearing1_3,82,83,True,0.013377249357290566,0.0004658957441279199,0.012911353613162646
ranking,20260916,Bearing1_3,83,84,True,0.008353119832463562,0.00010796864717121935,0.008245151185292343
ranking,20260916,Bearing1_3,84,85,True,0.009947960556019098,6.096744323258463e-05,0.009886993112786513
ranking,20260916,Bearing1_3,85,86,True,0.0031477176933094597,0.002529659861465916,0.0006180578318435437
ranking,20260916,Bearing1_3,86,87,True,0.02130020479671657,0.00496112261316739,0.01633908218354918
ranking,20260916,Bearing1_3,87,88,True,0.02156273025320843,0.0019178076181560755,0.019644922635052353
ranking,20260916,Bearing1_3,88,89,True,0.01014634691819083,0.0001189580593319306,0.010027388858858899
ranking,20260916,Bearing1_3,89,90,True,0.01055583571724128,8.31401308989399e-05,0.01047269558634234
ranking,20260916,Bearing1_3,90,91,True,0.09413341851904988,0.04717440064996481,0.046959017869085073
ranking,20260916,Bearing1_3,91,92,True,0.01645176591773634,0.0006912132685101824,0.015760552649226156
ranking,20260916,Bearing1_3,92,93,True,0.03024266893044114,0.007181618479080498,0.023061050451360643
ranking,20260916,Bearing1_3,93,94,True,0.011557935142604947,0.00011224113348795584,0.011445694009116991
ranking,20260916,Bearing1_3,94,95,True,0.01683765568668605,0.0037103448412381113,0.013127310845447937
ranking,20260916,Bearing1_3,95,96,True,0.005471179310916341,0.0012655340105993673,0.004205645300316974
ranking,20260916,Bearing1_3,96,97,True,0.003802884181823174,0.0004668218425649684,0.0033360623392582056
ranking,20260916,Bearing1_3,97,98,True,0.014428345981286839,0.005196502199396491,0.009231843781890348
ranking,20260916,Bearing1_3,98,99,True,0.007009887209278531,3.960911280387336e-05,0.006970278096474658
ranking,20260916,Bearing1_3,99,100,True,0.007344770056079142,0.0007779263214615639,0.006566843734617578
ranking,20260916,Bearing1_3,100,101,True,0.007118821995391045,0.0006349172499540146,0.00648390474543703
ranking,20260916,Bearing1_3,101,102,True,0.009338581143765623,0.0033292228472419083,0.006009358296523715
ranking,20260916,Bearing1_3,102,103,True,0.005383971260755516,0.00018061601883800904,0.005203355241917507
ranking,20260916,Bearing1_3,103,104,True,0.0043793908113514135,0.0010222459859505761,0.0033571448254008374
ranking,20260916,Bearing1_3,104,105,True,0.005153153895093965,0.001158689283329295,0.00399446461176467
ranking,20260916,Bearing1_3,105,106,True,0.004847069448487673,0.000735374112991849,0.004111695335495824
ranking,20260916,Bearing1_3,106,107,True,0.005136649735504761,0.004845857940381393,0.0002907917951233685
ranking,20260916,Bearing1_3,107,108,True,0.012688956048805267,0.001070648981112754,0.011618307067692513
ranking,20260916,Bearing1_3,108,109,True,0.0058712056634249166,0.0032611686328891665,0.00261003703053575
ranking,20260916,Bearing1_3,109,110,True,0.009092850479646586,0.0011474064722278854,0.0079454440074187
ranking,20260916,Bearing1_3,110,111,True,0.046880073234206066,0.008015728497412056,0.03886434473679401
ranking,20260916,Bearing1_3,111,112,True,0.008527226629666984,0.007044430880341679,0.0014827957493253052
ranking,20260916,Bearing1_3,112,113,True,0.010161271304241382,0.0013163120056560729,0.008844959298585309
ranking,20260916,Bearing1_3,113,114,True,0.035523974933312275,0.002178796989028342,0.03334517794428393
ranking,20260916,Bearing1_3,114,115,True,0.037400760455057025,0.00032826678034325596,0.03707249367471377
ranking,20260916,Bearing1_3,115,116,True,0.008210399872041307,0.008503700082655996,-0.0002933002106146887
ranking,20260916,Bearing1_3,116,117,True,0.02824122002493823,0.0006451429512708273,0.027596077073667402
ranking,20260916,Bearing1_3,117,118,True,0.020799844368866616,0.0016545274993404746,0.01914531686952614
ranking,20260916,Bearing1_3,118,119,True,0.016399111087594065,0.0031432685063919052,0.01325584258120216
ranking,20260916,Bearing1_3,119,120,True,0.02404977663718455,0.0009133776038652286,0.02313639903331932
ranking,20260916,Bearing1_3,120,121,True,0.03962166025303304,4.691730924147319e-05,0.03957474294379157
ranking,20260916,Bearing1_3,121,122,True,0.021626275425660424,0.007268514309544116,0.014357761116116308
ranking,20260916,Bearing1_3,122,123,True,0.015113407040189486,0.007780125306453556,0.00733328173373593
ranking,20260916,Bearing1_3,123,124,True,0.026978796755429357,0.000987994353636168,0.02599080240179319
ranking,20260916,Bearing1_3,124,125,True,0.07783079287037253,0.004001322027761489,0.07382947084261104
ranking,20260916,Bearing1_3,125,126,True,0.03990361711475998,0.008133103372529149,0.03177051374223083
ranking,20260916,Bearing1_3,126,127,True,0.04921224666759372,0.00044671536852547433,0.04876553129906824
ranking,20260916,Bearing1_3,127,128,True,0.01016242530269551,0.02603763318620622,-0.01587520788351071
ranking,20260916,Bearing1_3,128,129,True,0.009658310874783638,0.0047665926977060735,0.004891718177077564
ranking,20260916,Bearing1_3,129,130,True,0.04898979561403394,0.005655820306856185,0.04333397530717775
ranking,20260916,Bearing1_3,130,131,True,0.004619994964741636,0.07723745983093977,-0.07261746486619813
ranking,20260916,Bearing1_3,131,132,True,0.003786608273088632,0.00371660286327824,7.000540981039194e-05
ranking,20260916,Bearing1_3,132,133,True,0.011906964355148375,0.01054981304332614,0.0013571513118222356
ranking,20260916,Bearing1_3,133,134,True,0.0068518205735017546,0.00022025187809049385,0.006631568695411261
ranking,20260916,Bearing1_3,134,135,True,0.0037390172274172073,4.7927925464819054e-05,0.0036910893019523883
ranking,20260916,Bearing1_3,135,136,True,0.005350687351892702,0.0012747837754432112,0.004075903576449491
ranking,20260916,Bearing1_3,136,137,True,0.004134380207688082,0.00010799877327372087,0.004026381434414361
ranking,20260916,Bearing1_3,137,138,True,0.0040368899863096885,0.00020568181571434252,0.003831208170595346
ranking,20260916,Bearing1_3,138,139,True,0.0015248626075390348,0.00032864351578609785,0.001196219091752937
ranking,20260916,Bearing1_3,139,140,True,0.0019302452539022852,0.0001525215147921699,0.0017777237391101153
ranking,20260916,Bearing1_3,140,141,True,0.0017895648627472838,5.809722928518113e-05,0.0017314676334621026
ranking,20260916,Bearing1_3,141,142,True,0.0020254863914033194,7.968485326514951e-05,0.00194580153813817
ranking,20260916,Bearing1_3,142,143,True,0.0024041044164988534,0.00010466774593176353,0.00229943667056709
ranking,20260916,Bearing1_3,143,144,True,0.0021578322953317297,3.66478448956542e-05,0.0021211844504360755
ranking,20260916,Bearing1_3,144,145,True,0.007503294997150078,0.002793087434838526,0.0047102075623115525
ranking,20260916,Bearing1_3,145,146,True,0.004483230502501101,0.0003305421278128051,0.004152688374688296
ranking,20260916,Bearing1_3,146,147,True,0.003380320652468072,7.979634619914577e-05,0.003300524306268926
ranking,20260916,Bearing1_3,147,148,True,0.004726767316242331,0.0003127326908725081,0.004414034625369823
ranking,20260916,Bearing1_3,148,149,True,0.017647587032115553,0.005238185534381046,0.012409401497734507
ranking,20260916,Bearing1_3,149,150,True,0.01912757817444799,0.00019187858507052624,0.018935699589377464
ranking,20260916,Bearing1_3,150,151,True,0.01934407265162008,2.673573648337424e-05,0.019317336915136707
ranking,20260916,Bearing1_3,151,152,True,0.021793855676150997,0.00016123462648920395,0.021632621049661793
ranking,20260916,Bearing1_3,152,153,True,0.01850631927663926,9.279720427457505e-05,0.018413522072364685
ranking,20260916,Bearing1_3,153,154,True,0.019464175527900807,6.864401291295508e-05,0.01939553151498785
ranking,20260916,Bearing1_3,154,155,True,0.019390806533920113,8.524738152715372e-06,0.019382281795767398
ranking,20260916,Bearing1_3,155,156,True,0.020058388254255988,1.752813626154648e-05,0.02004086011799444
ranking,20260916,Bearing1_3,156,157,True,0.019788221012277063,5.040503056719103e-06,0.019783180509220344
ranking,20260916,Bearing1_4,0,1,False,0.06323408469324932,0.00012572069090310833,0.0631083640023462
ranking,20260916,Bearing1_4,1,2,False,0.012241966254805448,0.00023224595861393027,0.012009720296191517
ranking,20260916,Bearing1_4,2,3,False,0.008228519815020263,0.000163001993087164,0.0080655178219331
ranking,20260916,Bearing1_4,3,4,False,0.010409486960995196,0.0009584444251231616,0.009451042535872034
ranking,20260916,Bearing1_4,4,5,False,0.010793118776064148,0.0002868809579013032,0.010506237818162845
ranking,20260916,Bearing1_4,5,6,False,0.01584953120618593,0.0010292627121089026,0.014820268494077027
ranking,20260916,Bearing1_4,6,7,False,0.009840295486355899,0.0005729211111429322,0.009267374375212967
ranking,20260916,Bearing1_4,7,8,False,0.028929848747793585,0.005872335750609636,0.02305751299718395
ranking,20260916,Bearing1_4,8,9,False,0.024308651831233874,0.00012572454983228454,0.02418292728140159
ranking,20260916,Bearing1_4,9,10,False,0.030557221733033657,0.0006404144696716685,0.02991680726336199
ranking,20260916,Bearing1_4,10,11,False,0.027421743521699682,5.383009289516849e-05,0.027367913428804513
ranking,20260916,Bearing1_4,11,12,False,0.031345461087767035,0.00023910457093734294,0.031106356516829692
ranking,20260916,Bearing1_4,12,13,False,0.0458376141032204,0.0018769379967125133,0.04396067610650789
ranking,20260916,Bearing1_4,13,14,False,0.04635629360564053,0.00022955047779760207,0.04612674312784293
ranking,20260916,Bearing1_4,14,15,False,0.04576404462568462,0.00010575762655662402,0.045658286999127995
ranking,20260916,Bearing1_4,15,16,False,0.04789363592863083,0.00012347998119821568,0.04777015594743261
ranking,20260916,Bearing1_4,16,17,False,0.0505544887855649,0.00018017489959021304,0.050374313885974686
ranking,20260916,Bearing1_4,17,18,False,0.04366356070386246,0.00028556876713992096,0.04337799193672254
ranking,20260916,Bearing1_4,18,19,False,0.04838313383515924,0.0001173569068271263,0.048265776928332116
ranking,20260916,Bearing1_4,19,20,False,0.07498029107227921,0.003309400985017419,0.0716708900872618
ranking,20260916,Bearing1_4,20,21,False,0.04181504715234041,0.003381762857316062,0.03843328429502435
ranking,20260916,Bearing1_4,21,22,False,0.07356727914884686,0.0034426682686898857,0.07012461088015698
ranking,20260916,Bearing1_4,22,23,False,0.0568473965395242,0.0004643329666578211,0.056383063572866376
ranking,20260916,Bearing1_4,23,24,False,0.0627702095080167,9.41601303452444e-05,0.06267604937767146
ranking,20260916,Bearing1_4,24,25,True,0.08984144311398268,0.002903077780501917,0.08693836533348076
ranking,20260916,Bearing1_4,25,26,True,0.07047635084018111,0.000537026695383247,0.06993932414479787
ranking,20260916,Bearing1_4,26,27,True,0.06434830999933183,0.0002531607617584086,0.06409514923757342
ranking,20260916,Bearing1_4,27,28,True,0.05625244008842856,0.0005542779526876984,0.05569816213574086
ranking,20260916,Bearing1_4,28,29,True,0.0361244102823548,0.0030418973765335977,0.033082512905821204
ranking,20260916,Bearing1_4,29,30,True,0.04430083284387365,4.142384335814597e-05,0.044259409000515504
ranking,20260916,Bearing1_4,30,31,True,0.03314531367504969,0.0009142670314759016,0.03223104664357379
ranking,20260916,Bearing1_4,31,32,True,0.05383478989824653,0.0019080804049735889,0.05192670949327294
ranking,20260916,Bearing1_4,32,33,True,0.042729832872282714,0.00026047069559353986,0.042469362176689174
ranking,20260916,Bearing1_4,33,34,True,0.04001965973293409,0.0001553857829623695,0.03986427394997172
ranking,20260916,Bearing1_4,34,35,True,0.050567722180858254,0.0005826004198752344,0.04998512176098302
ranking,20260916,Bearing1_4,35,36,True,0.031196783966151997,0.0020216801058268175,0.02917510386032518
ranking,20260916,Bearing1_4,36,37,True,0.0714778786059469,0.006878610234707594,0.0645992683712393
ranking,20260916,Bearing1_4,37,38,True,0.0793594631832093,0.0015765636962896679,0.07778289948691963
ranking,20260916,Bearing1_4,38,39,True,0.04963725863490254,0.0025647827133070678,0.04707247592159547
ranking,20260916,Bearing1_4,39,40,True,0.05351121863350272,4.898820907328627e-05,0.053462230424429436
ranking,20260916,Bearing1_4,40,41,True,0.04810382693540305,0.0002671990633302812,0.04783662787207277
ranking,20260916,Bearing1_4,41,42,True,0.03282858117017895,0.0020869757718173787,0.03074160539836157
ranking,20260916,Bearing1_4,42,43,True,0.06562678702175617,0.00437446273281239,0.06125232428894378
ranking,20260916,Bearing1_4,43,44,True,0.03676317440113053,0.002476615467458032,0.034286558933672495
ranking,20260916,Bearing1_4,44,45,True,0.05024825781583786,0.0005190094962017611,0.0497292483196361
ranking,20260916,Bearing1_4,45,46,True,0.03340893244603649,0.0016814157643239014,0.031727516681712586
ranking,20260916,Bearing1_4,46,47,True,0.02835910752764903,0.0006670058392046485,0.02769210168844438
ranking,20260916,Bearing1_4,47,48,True,0.015454802425665548,0.0032510348974028602,0.012203767528262688
ranking,20260916,Bearing1_4,48,49,True,0.01314891965375864,0.0009025831204780843,0.012246336533280555
ranking,20260916,Bearing1_4,49,50,True,0.00525218471068456,0.026986262062564492,-0.021734077351879932
ranking,20260916,Bearing1_4,50,51,True,0.0020228940520610195,0.00010435891914539752,0.001918535132915622
ranking,20260916,Bearing1_4,51,52,True,0.002636990495830105,0.00015231537634008419,0.0024846751194900207
ranking,20260916,Bearing1_4,52,53,True,0.002550651893216127,0.003857015137327835,-0.001306363244111708
ranking,20260916,Bearing1_4,53,54,True,0.0020596733347701957,0.000549104048332083,0.0015105692864381126
ranking,20260916,Bearing1_4,54,55,True,0.003527178173953871,0.0009561158694850747,0.0025710623044687964
ranking,20260916,Bearing1_4,55,56,True,0.0036817067330048303,0.005873550777323544,-0.0021918440443187137
ranking,20260916,Bearing1_4,56,57,True,0.0013402183526523004,0.0003216467275706236,0.0010185716250816768
ranking,20260916,Bearing1_4,57,58,True,0.0017846526170615107,0.00027168757026174717,0.0015129650467997635
ranking,20260916,Bearing1_4,58,59,True,0.0015240033972077072,3.0366082668820127e-05,0.001493637314538887
ranking,20260916,Bearing1_4,59,60,True,0.002374570858592051,0.001160711224656552,0.001213859633935499
ranking,20260916,Bearing1_4,60,61,True,0.008692764195984637,0.00925706879934296,-0.0005643046033583232
ranking,20260916,Bearing1_4,61,62,True,0.001581400380246123,0.0019164285768056288,-0.0003350281965595059
ranking,20260916,Bearing1_4,62,63,True,0.0017507252883888214,0.00018156028602334118,0.0015691650023654802
ranking,20260916,Bearing1_4,63,64,True,0.001572656956689844,0.0003292416226940986,0.0012434153339957454
ranking,20260916,Bearing1_4,64,65,True,0.0017898877392781287,0.0005979177229460397,0.001191970016332089
ranking,20260916,Bearing1_4,65,66,True,0.0013312572555150837,0.00012131712027496633,0.0012099401352401173
ranking,20260916,Bearing1_4,66,67,True,0.0014870740296828444,0.00015649190243038902,0.0013305821272524554
ranking,20260916,Bearing1_4,67,68,True,0.0018204171758426924,0.0002081361338497345,0.0016122810419929579
ranking,20260916,Bearing1_4,68,69,True,0.0018391325742186382,9.673942668086966e-05,0.0017423931475377685
ranking,20260916,Bearing1_4,69,70,True,0.0020292455251365027,0.00019895727336916025,0.0018302882517673424
ranking,20260916,Bearing1_4,70,71,True,0.0019680573282130354,0.00191849323164206,4.956409657097538e-05
ranking,20260916,Bearing1_4,71,72,True,0.0024385707548333357,0.0015575989673379809,0.0008809717874953549
ranking,20260916,Bearing1_4,72,73,True,0.0013276584963932692,0.00022252578537518275,0.0011051327110180864
ranking,20260916,Bearing1_4,73,74,True,0.005625000725558493,0.003258458658820018,0.002366542066738475
ranking,20260916,Bearing1_4,74,75,True,0.001630849763387232,0.0020219190264469944,-0.0003910692630597623
ranking,20260916,Bearing1_4,75,76,True,0.003876496707555077,0.0018053800304187462,0.002071116677136331
ranking,20260916,Bearing1_4,76,77,True,0.002290592969984573,0.00023999709947020165,0.002050595870514371
ranking,20260916,Bearing1_4,77,78,True,0.0019860605414336874,7.597639881140594e-05,0.0019100841426222814
ranking,20260916,Bearing1_4,78,79,True,0.0062672615313204005,0.002098116630804725,0.0041691449005156755
ranking,20260916,Bearing1_4,79,80,True,0.047519866144284606,0.029525219928473234,0.017994646215811372
ranking,20260916,Bearing1_4,80,81,True,0.015937289950670674,0.0003045249095698921,0.015632765041100782
ranking,20260916,Bearing1_4,81,82,True,0.011578668956644833,0.00027956452052535496,0.011299104436119478
ranking,20260916,Bearing1_4,82,83,True,0.04241346847265959,0.01415960828308016,0.028253860189579427
ranking,20260916,Bearing1_4,83,84,True,0.028172534774057567,0.002585473812359851,0.025587060961697716
ranking,20260916,Bearing1_4,84,85,True,0.02008536910170733,0.0014888916948621045,0.018596477406845224
ranking,20260916,Bearing1_4,85,86,True,0.005356356983611477,0.003787902503972873,0.0015684544796386035
ranking,20260916,Bearing1_4,86,87,True,0.0390837152954191,0.016519874916411936,0.02256384037900716
ranking,20260916,Bearing1_4,87,88,True,0.014963238906148035,0.0001276845218214362,0.014835554384326599
ranking,20260916,Bearing1_4,88,89,True,0.030851982126478106,0.010000741691328585,0.02085124043514952
ranking,20260916,Bearing1_4,89,90,True,0.00836673976664315,0.008013436861801893,0.00035330290484125726
ranking,20260916,Bearing1_4,90,91,True,0.007412007218590588,0.004024125344585627,0.003387881874004961
ranking,20260916,Bearing1_4,91,92,True,0.008357898576832667,0.0012149804715591017,0.007142918105273566
ranking,20260916,Bearing1_4,92,93,True,0.00469466607682989,0.0009021633923111949,0.003792502684518695
ranking,20260916,Bearing1_4,93,94,True,0.005059402585175121,0.0009560814642100013,0.00410332112096512
ranking,20260916,Bearing1_4,94,95,True,0.0038830123078952283,0.0026628563355188817,0.0012201559723763467
ranking,20260916,Bearing1_4,95,96,True,0.009958714441097527,0.00024857416016788036,0.009710140280929647
ranking,20260916,Bearing1_4,96,97,True,0.015070496443513548,0.0009094031765926047,0.014161093266920943
ranking,20260916,Bearing1_4,97,98,True,0.008593088161433116,0.000284847321381676,0.00830824084005144
ranking,20260916,Bearing1_4,98,99,True,0.005401883822742093,0.0008671204996062443,0.004534763323135849
ranking,20260916,Bearing1_4,99,100,True,0.006134604293947632,0.00025402950632269494,0.005880574787624937
ranking,20260916,Bearing1_4,100,101,True,0.014534467547491658,0.0009658803955971962,0.013568587151894462
ranking,20260916,Bearing1_4,101,102,True,0.005204095731080827,0.0013127220081514679,0.003891373722929359
ranking,20260916,Bearing1_4,102,103,True,0.004399341471071239,0.001263766062038485,0.0031355754090327537
ranking,20260916,Bearing1_4,103,104,True,0.020946289674611762,0.0035801611666101962,0.017366128508001566
ranking,20260916,Bearing1_4,104,105,True,0.007175164140790002,0.00117008079905645,0.0060050833417335525
ranking,20260916,Bearing1_4,105,106,True,0.01660515047115041,0.001807777167414315,0.014797373303736094
ranking,20260916,Bearing1_4,106,107,True,0.0044122846293248585,0.0028203495021443814,0.0015919351271804771
ranking,20260916,Bearing1_4,107,108,True,0.004792132205693633,0.000933439630898647,0.0038586925747949863
ranking,20260916,Bearing1_4,108,109,True,0.027498601586557925,0.006937707541510463,0.020560894045047462
ranking,20260916,Bearing1_4,109,110,True,0.006136595166026382,0.0023167335020843893,0.0038198616639419924
ranking,20260916,Bearing1_4,110,111,True,0.01186815281289455,0.0004242765553499339,0.011443876257544616
ranking,20260916,Bearing1_4,111,112,True,0.009207515303558012,4.7879223771474244e-05,0.009159636079786537
ranking,20260916,Bearing1_4,112,113,True,0.004980365051558522,0.0013155753622413613,0.0036647896893171605
ranking,20260916,Bearing1_4,113,114,True,0.005382360981457168,0.0005101891110825818,0.004872171870374586
ranking,20260916,Bearing1_4,114,115,True,0.008652872063976247,4.486740537545941e-05,0.008608004658600787
ranking,20260916,Bearing1_4,115,116,True,0.011282774263236206,0.00014009140042681167,0.011142682862809394
ranking,20260916,Bearing1_4,116,117,True,0.011356089831679128,0.00012334447504969148,0.011232745356629437
ranking,20260916,Bearing1_4,117,118,True,0.01351704047556268,0.00039668074168730527,0.013120359733875375
ranking,20260916,Bearing1_4,118,119,True,0.00309470198044437,0.004396018281113356,-0.0013013163006689865
ranking,20260916,Bearing1_4,119,120,True,0.03720425697974861,0.013191398233175278,0.02401285874657333
ranking,20260916,Bearing1_4,120,121,True,3.9027581810951233,3.5113658905029297,0.3913922905921936
ranking,20260916,Bearing1_5,0,1,False,0.04355052436881124,0.004455303802387789,0.03909522056642345
ranking,20260916,Bearing1_5,1,2,False,0.019061683131440077,0.006497024034615606,0.012564659096824471
ranking,20260916,Bearing1_5,2,3,False,0.01330623611829651,0.001118398598919157,0.012187837519377354
ranking,20260916,Bearing1_5,3,4,False,0.017598175802959304,0.001577689137775451,0.016020486665183853
ranking,20260916,Bearing1_5,4,5,False,0.010723310332764413,0.00046344751717697363,0.01025986281558744
ranking,20260916,Bearing1_5,5,6,False,0.014629088954279723,0.00024713674292797805,0.014381952211351745
ranking,20260916,Bearing1_5,6,7,False,0.021796885994262993,0.0011720491675077938,0.0206248368267552
ranking,20260916,Bearing1_5,7,8,False,0.021604407986160368,0.00018673685652004224,0.021417671129640325
ranking,20260916,Bearing1_5,8,9,False,0.02231200302776415,8.876359197529382e-05,0.022223239435788855
ranking,20260916,Bearing1_5,9,10,False,0.025713034774526022,0.00044181756402394967,0.025271217210502073
ranking,20260916,Bearing1_5,10,11,False,0.019823630140308524,0.00042596456114551984,0.019397665579163004
ranking,20260916,Bearing1_5,11,12,False,0.02747903545969166,0.0005336153008101974,0.02694542015888146
ranking,20260916,Bearing1_5,12,13,False,0.026597690317430533,5.9068350795499214e-05,0.026538621966635034
ranking,20260916,Bearing1_5,13,14,False,0.02968101011356339,0.00018525412883718673,0.029495755984726202
ranking,20260916,Bearing1_5,14,15,False,0.02031919106229907,0.0007366517220361857,0.019582539340262883
ranking,20260916,Bearing1_5,15,16,False,0.01907266636408167,0.0002403147668701422,0.018832351597211527
ranking,20260916,Bearing1_5,16,17,False,0.017785871772503015,0.0001869223339099335,0.01759894943859308
ranking,20260916,Bearing1_5,17,18,False,0.0159841350869101,0.00016499403818670544,0.015819141048723395
ranking,20260916,Bearing1_5,18,19,False,0.01750807635289675,5.857014287613538e-05,0.017449506210020616
ranking,20260916,Bearing1_5,19,20,False,0.027065621514339,0.0013345386032597162,0.025731082911079284
ranking,20260916,Bearing1_5,20,21,False,0.02231515772291459,7.058840233753472e-05,0.022244569320577057
ranking,20260916,Bearing1_5,21,22,False,0.027081160515081137,0.00031926027895679,0.026761900236124347
ranking,20260916,Bearing1_5,22,23,False,0.023402006430842448,0.00011904899628234489,0.023282957434560103
ranking,20260916,Bearing1_5,23,24,False,0.026518637081608176,0.00019765698471019277,0.026320980096897983
ranking,20260916,Bearing1_5,24,25,True,0.029599804343888536,0.0001662315817156923,0.029433572762172844
ranking,20260916,Bearing1_5,25,26,True,0.029939021624159068,8.25209846215813e-05,0.029856500639537487
ranking,20260916,Bearing1_5,26,27,True,0.017888883167870517,0.0015851003918214701,0.016303782776049047
ranking,20260916,Bearing1_5,27,28,True,0.021156046871055878,0.00012688373357860883,0.02102916313747727
ranking,20260916,Bearing1_5,28,29,True,0.011226283932046499,0.002206113684223965,0.009020170247822534
ranking,20260916,Bearing1_5,29,30,True,0.011684274875733536,0.00015495232399764802,0.011529322551735888
ranking,20260916,Bearing1_5,30,31,True,0.012098872248316184,0.00019736001877390663,0.011901512229542277
ranking,20260916,Bearing1_5,31,32,True,0.011194474089279538,0.00014179560710658734,0.01105267848217295
ranking,20260916,Bearing1_5,32,33,True,0.004020754051452968,0.008129976922646165,-0.004109222871193197
ranking,20260916,Bearing1_5,33,34,True,0.03526585071813315,0.043372469022870064,-0.008106618304736912
ranking,20260916,Bearing1_5,34,35,True,0.05009291158057749,0.020487299072556198,0.029605612508021295
ranking,20260916,Bearing1_5,35,36,True,0.09416816849261522,0.036437260918319225,0.057730907574296
ranking,20260916,Bearing1_5,36,37,True,0.07788392715156078,0.016099888365715742,0.06178403878584504
ranking,20260916,Bearing1_5,37,38,True,0.04317673994228244,0.0040130574780050665,0.03916368246427737
ranking,20260916,Bearing1_5,38,39,True,0.1206326182000339,0.059218183159828186,0.06141443504020572
ranking,20260916,Bearing1_5,39,40,True,0.06996256345883012,0.019529672106727958,0.05043289135210216
ranking,20260916,Bearing1_5,40,41,True,0.03748960260418244,0.014694986515678465,0.02279461608850397
ranking,20260916,Bearing1_5,41,42,True,0.013054135525408128,0.005758346975198947,0.007295788550209181
ranking,20260916,Bearing1_5,42,43,True,0.010552635474596173,0.00024962925681393244,0.01030300621778224
ranking,20260916,Bearing1_5,43,44,True,0.02178536623614491,7.618667893893871e-05,0.02170917955720597
ranking,20260916,Bearing1_5,44,45,True,0.03190043819631683,0.00026941794294543797,0.03163102025337139
ranking,20260916,Bearing1_5,45,46,True,0.04078555555315688,0.000160252345722256,0.040625303207434627
ranking,20260916,Bearing1_5,46,47,True,0.04851372126722708,8.982366184184798e-06,0.0485047389010429
ranking,20260916,Bearing1_5,47,48,True,0.051818622392602265,3.7165352637202886e-05,0.05178145703996506
ranking,20260916,Bearing1_5,48,49,True,0.056421441258862615,0.0001072426225459111,0.056314198636316704
ranking,20260916,Bearing1_5,49,50,True,0.05256455112248659,0.0009364494999317685,0.05162810162255482
ranking,20260916,Bearing1_5,50,51,True,0.05399883433710784,0.0004942103014400345,0.0535046240356678
ranking,20260917,Bearing1_1,0,1,False,0.2233532890677452,0.019437940325587988,0.20391534874215722
ranking,20260917,Bearing1_1,1,2,False,0.10228261491283774,0.001062930496118497,0.10121968441671925
ranking,20260917,Bearing1_1,2,3,False,0.08010345743969083,0.0009837937468546443,0.07911966369283618
ranking,20260917,Bearing1_1,3,4,False,0.03399811137933284,0.01134567114058882,0.02265244023874402
ranking,20260917,Bearing1_1,4,5,False,0.019655004318337888,0.005488365364726633,0.014166638953611255
ranking,20260917,Bearing1_1,5,6,False,0.008436630567757675,0.005337759241228923,0.0030988713265287515
ranking,20260917,Bearing1_1,6,7,False,0.015358817152446136,0.00017228962868109932,0.015186527523765037
ranking,20260917,Bearing1_1,7,8,False,0.011769176911911927,0.0003942497405660106,0.011374927171345917
ranking,20260917,Bearing1_1,8,9,False,0.0009141731133013309,0.014233438996598125,-0.013319265883296794
ranking,20260917,Bearing1_1,9,10,False,0.0006051557927548856,0.0011541252679307945,-0.0005489694751759089
ranking,20260917,Bearing1_1,10,11,False,0.010809829051140696,0.014989871997386217,-0.004180042946245521
ranking,20260917,Bearing1_1,11,12,False,0.002145515274605714,9.198155566991773e-05,0.002053533718935796
ranking,20260917,Bearing1_1,12,13,False,0.006821895673056133,0.0028219512023497373,0.003999944470706396
ranking,20260917,Bearing1_1,13,14,False,0.0006133070182841038,0.0014162624793243594,-0.0008029554610402556
ranking,20260917,Bearing1_1,14,15,False,0.004219541369820945,0.0013595329219242558,0.002860008447896689
ranking,20260917,Bearing1_1,15,16,False,0.00602517873630859,0.0010186779945797753,0.005006500741728814
ranking,20260917,Bearing1_1,16,17,False,0.01282165275188163,0.0031656745995860547,0.009655978152295575
ranking,20260917,Bearing1_1,17,18,False,0.0023160289895258757,0.0011547785252332687,0.001161250464292607
ranking,20260917,Bearing1_1,18,19,False,0.005844228813657537,0.0004923819651594386,0.0053518468484980986
ranking,20260917,Bearing1_1,19,20,False,0.0039229767135111615,8.712622280881988e-05,0.0038358504907023416
ranking,20260917,Bearing1_1,20,21,False,0.030702814692631364,0.01296363992150873,0.017739174771122634
ranking,20260917,Bearing1_1,21,22,False,0.0029764179686253556,0.024891065899282694,-0.02191464793065734
ranking,20260917,Bearing1_1,22,23,False,0.024506975896656513,0.018088716082274914,0.006418259814381599
ranking,20260917,Bearing1_1,23,24,False,0.02216112392488867,0.002278247782669496,0.019882876142219175
ranking,20260917,Bearing1_1,24,25,True,0.0023896037455415353,0.003931108234610292,-0.0015415044890687568
ranking,20260917,Bearing1_1,25,26,True,0.007725568881141953,0.0005832093081608036,0.0071423595729811495
ranking,20260917,Bearing1_1,26,27,True,0.04662747750990093,0.018876298679970205,0.027751178829930723
ranking,20260917,Bearing1_1,27,28,True,0.0007488198354508313,0.01707959920167923,-0.0163307793662284
ranking,20260917,Bearing1_1,28,29,True,0.015010621689725667,0.004800515860551968,0.010210105829173699
ranking,20260917,Bearing1_1,29,30,True,0.02301267220173031,0.0031544652592856437,0.019858206942444667
ranking,20260917,Bearing1_1,30,31,True,0.00591959293524269,0.0013136696652509272,0.004605923269991763
ranking,20260917,Bearing1_1,31,32,True,0.0019197475239707273,0.005389750993344933,-0.0034700034693742055
ranking,20260917,Bearing1_1,32,33,True,0.010070252290461212,0.002146241895388812,0.0079240103950724
ranking,20260917,Bearing1_1,33,34,True,0.051217107800766826,0.019994114991277456,0.03122299280948937
ranking,20260917,Bearing1_1,34,35,True,0.02109381090849638,0.0005778091131674046,0.020516001795328975
ranking,20260917,Bearing1_1,35,36,True,0.009693154422166117,0.03271249053068459,-0.023019336108518473
ranking,20260917,Bearing1_1,36,37,True,0.03510434925556183,0.02669460279867053,0.008409746456891298
ranking,20260917,Bearing1_1,37,38,True,0.001869226417511527,0.013434621971100569,-0.011565395553589042
ranking,20260917,Bearing1_1,38,39,True,0.004301351371474027,0.0005789428059870261,0.003722408565487001
ranking,20260917,Bearing1_1,39,40,True,0.07231789408251643,0.0427776463329792,0.02954024774953723
ranking,20260917,Bearing1_1,40,41,True,0.0033998738108493853,0.033179401187226176,-0.02977952737637679
ranking,20260917,Bearing1_1,41,42,True,0.002673996117664501,0.00314064507256262,-0.00046664895489811897
ranking,20260917,Bearing1_1,42,43,True,0.0020511887360044057,0.002663458770257421,-0.0006122700342530152
ranking,20260917,Bearing1_1,43,44,True,0.07872879924252629,0.05438178451731801,0.024347014725208282
ranking,20260917,Bearing1_1,44,45,True,0.002684681330492822,0.026938887778669596,-0.024254206448176774
ranking,20260917,Bearing1_1,45,46,True,0.047730453312397,0.03131873952224851,0.016411713790148497
ranking,20260917,Bearing1_1,46,47,True,0.0026004498884191207,0.008956651960033923,-0.006356202071614803
ranking,20260917,Bearing1_1,47,48,True,0.0064913616679405095,0.015540386142674834,-0.009049024474734324
ranking,20260917,Bearing1_1,48,49,True,0.004711584195398633,0.0007287733506018412,0.003982810844796791
ranking,20260917,Bearing1_1,49,50,True,0.02612578694242984,0.008446235355222598,0.017679551587207243
ranking,20260917,Bearing1_1,50,51,True,0.002989392285712711,0.011550931143574417,-0.008561538857861706
ranking,20260917,Bearing1_1,51,52,True,0.012820141826523468,0.0033820482130977325,0.009438093613425735
ranking,20260917,Bearing1_1,52,53,True,0.012988676375243813,0.001011524193941682,0.011977152181302131
ranking,20260917,Bearing1_1,53,54,True,0.002975235656776931,0.0026067016588058323,0.00036853399797109887
ranking,20260917,Bearing1_1,54,55,True,0.016500674304552376,0.0034029930538963526,0.013097681250656024
ranking,20260917,Bearing1_1,55,56,True,0.022830306261312217,0.0024605994258308783,0.020369706835481338
ranking,20260917,Bearing1_1,56,57,True,0.00217602571660791,0.00926924915984273,-0.00709322344323482
ranking,20260917,Bearing1_1,57,58,True,0.009631178923882544,0.0015293671567633282,0.008101811767119216
ranking,20260917,Bearing1_1,58,59,True,0.008132248723995872,1.919593213983717e-05,0.008113052791856035
ranking,20260917,Bearing1_1,59,60,True,0.0068049369732534615,0.0005105095206090482,0.006294427452644413
ranking,20260917,Bearing1_1,60,61,True,0.01490251044742763,0.003337808554078947,0.011564701893348683
ranking,20260917,Bearing1_1,61,62,True,0.0033348058786941692,0.012525077792815864,-0.009190271914121695
ranking,20260917,Bearing1_1,62,63,True,0.0037621876826960943,0.00012762252089260073,0.0036345651618034935
ranking,20260917,Bearing1_1,63,64,True,0.056853981921449304,0.029827943071722984,0.02702603884972632
ranking,20260917,Bearing1_1,64,65,True,0.007673287138459273,0.0038473253516713157,0.003825961786787957
ranking,20260917,Bearing1_1,65,66,True,0.026001189718954265,0.007082877738866955,0.01891831198008731
ranking,20260917,Bearing1_1,66,67,True,0.00513536388416469,0.0014698325394419953,0.0036655313447226945
ranking,20260917,Bearing1_1,67,68,True,0.009868194152659271,0.0009005443312162242,0.008967649821443047
ranking,20260917,Bearing1_1,68,69,True,0.016672203404596075,0.0027881958230864257,0.01388400758150965
ranking,20260917,Bearing1_1,69,70,True,0.03371190035250038,0.010691683972254395,0.023020216380245984
ranking,20260917,Bearing1_1,70,71,True,0.030121155839879066,0.006794449232984334,0.02332670660689473
ranking,20260917,Bearing1_1,71,72,True,0.022037801827536896,0.005099117857753299,0.016938683969783597
ranking,20260917,Bearing1_1,72,73,True,0.011334373506542761,0.003231654438422993,0.008102719068119768
ranking,20260917,Bearing1_1,73,74,True,0.012563833123331758,0.009557472658343613,0.003006360464988145
ranking,20260917,Bearing1_1,74,75,True,0.01969928076141514,0.025020939181558788,-0.005321658420143649
ranking,20260917,Bearing1_1,75,76,True,0.010953975288430229,0.002938293677289039,0.00801568161114119
ranking,20260917,Bearing1_1,76,77,True,0.008000798469993242,0.044800158590078354,-0.03679936012008511
ranking,20260917,Bearing1_1,77,78,True,0.15802607499063015,0.2267765924334526,-0.06875051744282246
ranking,20260917,Bearing1_1,78,79,True,0.050383283756673336,6.226569507816748e-05,0.05032101806159517
ranking,20260917,Bearing1_1,79,80,True,0.015302542335120961,0.00031985747591534164,0.01498268485920562
ranking,20260917,Bearing1_1,80,81,True,0.002817924396708804,1.6708748717064736e-05,0.0028012156479917394
ranking,20260917,Bearing1_1,81,82,True,0.002815884836309124,1.3183611358158487e-05,0.0028027012249509653
ranking,20260917,Bearing1_1,82,83,True,0.004583411231578793,0.0006332990315058851,0.003950112200072908
ranking,20260917,Bearing1_1,83,84,True,0.008943183129304089,1.4830552381273066e-05,0.008928352576922816
ranking,20260917,Bearing1_1,84,85,True,0.013151378137990832,3.7890557024411464e-05,0.01311348758096642
ranking,20260917,Bearing1_1,85,86,True,0.01842070376733318,2.6768419459699544e-05,0.01839393534787348
ranking,20260917,Bearing1_1,86,87,True,0.02073550969362259,8.688711952231642e-05,0.020648622574100273
ranking,20260917,Bearing1_1,87,88,True,0.024508278933353722,1.6445488117966534e-05,0.024491833445235756
ranking,20260917,Bearing1_1,88,89,True,0.026156905689276755,7.608439194228822e-05,0.026080821297334467
ranking,20260917,Bearing1_1,89,90,True,0.027929767151363194,2.14124518151948e-05,0.027908354699548
ranking,20260917,Bearing1_1,90,91,True,0.03187947487458587,3.354295654389716e-05,0.03184593191804197
ranking,20260917,Bearing1_1,91,92,True,0.031209076289087534,0.000138763264658337,0.031070313024429197
ranking,20260917,Bearing1_1,92,93,True,0.032336346223019063,2.402884225105595e-05,0.03231231738076801
ranking,20260917,Bearing1_1,93,94,True,0.03414860519114882,5.881591466305736e-06,0.03414272359968251
ranking,20260917,Bearing1_1,94,95,True,0.034761067596264184,3.8246814312969946e-05,0.034722820781951214
ranking,20260917,Bearing1_1,95,96,True,0.03621006605681032,5.5921630292221636e-05,0.0361541444265181
ranking,20260917,Bearing1_1,96,97,True,0.03448380879126489,7.142266326809477e-05,0.0344123861279968
ranking,20260917,Bearing1_1,97,98,True,0.038128497428260744,4.002207330700003e-05,0.038088475354953744
ranking,20260917,Bearing1_1,98,99,True,0.037297541624866426,4.570308900042619e-05,0.037251838535866
ranking,20260917,Bearing1_1,99,100,True,0.03948675096035004,5.470650381766973e-05,0.03943204445653237
ranking,20260917,Bearing1_1,100,101,True,0.03877093305345625,3.255596840290309e-05,0.038738377085053344
ranking,20260917,Bearing1_1,101,102,True,0.03893219190649688,1.1748787549947792e-05,0.038920443118946935
ranking,20260917,Bearing1_1,102,103,True,0.03834193467628211,1.692500835304145e-05,0.038325009667929066
ranking,20260917,Bearing1_1,103,104,True,0.03960106091108173,1.0421984815156549e-05,0.039590638926266575
ranking,20260917,Bearing1_1,104,105,True,0.03967376903165132,3.677005154045787e-05,0.03963699898011086
ranking,20260917,Bearing1_1,105,106,True,0.04120629164390266,1.5948774304774815e-05,0.041190342869597885
ranking,20260917,Bearing1_1,106,107,True,0.03976734331808984,5.7687076605361653e-05,0.03970965624148448
ranking,20260917,Bearing1_1,107,108,True,0.04181955731473863,1.977582065393335e-05,0.0417997814940847
ranking,20260917,Bearing1_1,108,109,True,0.039315368863753974,4.7555218202433025e-05,0.03926781364555154
ranking,20260917,Bearing1_1,109,110,True,0.03954615909606218,2.4718786733046727e-05,0.03952144030932914
ranking,20260917,Bearing1_1,110,111,True,0.04000982642173767,2.05674973301484e-05,0.03998925892440752
ranking,20260917,Bearing1_1,111,112,True,0.038849901873618364,2.869719702580653e-05,0.03882120467659256
ranking,20260917,Bearing1_1,112,113,True,0.039869416039437056,0.00010480465604700839,0.03976461138339005
ranking,20260917,Bearing1_1,113,114,True,0.037690551835112274,5.449807920854255e-05,0.03763605375590373
ranking,20260917,Bearing1_1,114,115,True,0.038651394308544695,2.1652610598721367e-05,0.038629741697945974
ranking,20260917,Bearing1_1,115,116,True,0.03951813071034849,2.7506973844459992e-05,0.03949062373650403
ranking,20260917,Bearing1_1,116,117,True,0.04076541808899492,7.211206058066466e-05,0.040693306028414256
ranking,20260917,Bearing1_1,117,118,True,0.038342659594491124,6.079167940242769e-05,0.038281867915088696
ranking,20260917,Bearing1_1,118,119,True,0.03856139222625643,1.3970411146146944e-05,0.03854742181511028
ranking,20260917,Bearing1_1,119,120,True,0.037077481392771006,5.17774641051183e-05,0.03702570392866589
ranking,20260917,Bearing1_1,120,121,True,0.034023333282675594,0.00015789664923460123,0.03386543663344099
ranking,20260917,Bearing1_1,121,122,True,0.025368889764649794,0.002487897914761561,0.022880991849888233
ranking,20260917,Bearing1_2,0,1,False,0.14897083211690187,6.884074901059023e-05,0.14890199136789128
ranking,20260917,Bearing1_2,1,2,False,0.01239023168454878,0.006535779626574367,0.005854452057974413
ranking,20260917,Bearing1_2,2,3,False,0.0188324605114758,0.0015294107288355008,0.0173030497826403
ranking,20260917,Bearing1_2,3,4,False,0.02273852360667661,0.0007184710370395919,0.022020052569637016
ranking,20260917,Bearing1_2,4,5,False,0.028866096050478518,0.0009322044970758725,0.027933891553402646
ranking,20260917,Bearing1_2,5,6,False,0.009342703515358153,0.0047103650867938995,0.004632338428564253
ranking,20260917,Bearing1_2,6,7,False,0.00870796928393247,0.0005457370043586707,0.0081622322795738
ranking,20260917,Bearing1_2,7,8,False,0.005360498442314565,0.000983730473308242,0.004376767969006323
ranking,20260917,Bearing1_2,8,9,False,0.015542847395408899,0.0016990351432468742,0.013843812252162024
ranking,20260917,Bearing1_2,9,10,False,0.014159707527142018,0.00014805132607875748,0.01401165620106326
ranking,20260917,Bearing1_2,10,11,False,0.013497733787517063,8.690047934578615e-05,0.013410833308171277
ranking,20260917,Bearing1_2,11,12,False,0.014261298550991341,0.00011772474164217783,0.014143573809349164
ranking,20260917,Bearing1_2,12,13,False,0.01566368728526868,0.0001364793828315669,0.015527207902437112
ranking,20260917,Bearing1_2,13,14,False,0.008853250081301667,0.0010230270181637025,0.007830223063137964
ranking,20260917,Bearing1_2,14,15,False,0.03536799969151616,0.007978285546414554,0.027389714145101607
ranking,20260917,Bearing1_2,15,16,False,0.034332173760049045,0.0005402407268775278,0.03379193303317152
ranking,20260917,Bearing1_2,16,17,False,0.024848333792760968,0.0003877186339025229,0.024460615158858445
ranking,20260917,Bearing1_2,17,18,False,0.02168496756348759,0.00045533086677096435,0.021229636696716625
ranking,20260917,Bearing1_2,18,19,False,0.024754410376772285,0.0001619445542928588,0.024592465822479426
ranking,20260917,Bearing1_2,19,20,False,0.033949819509871304,0.0008102233841782436,0.03313959612569306
ranking,20260917,Bearing1_2,20,21,False,0.05204811366274953,0.002815003666910343,0.049233109995839186
ranking,20260917,Bearing1_2,21,22,False,0.02136581891681999,0.004765727091580629,0.01660009182523936
ranking,20260917,Bearing1_2,22,23,False,0.01570300740422681,0.0015113247136469,0.01419168269057991
ranking,20260917,Bearing1_2,23,24,False,0.014221386212739162,0.0005751893449996714,0.01364619686773949
ranking,20260917,Bearing1_2,24,25,True,0.024543398874811828,0.001193298838188639,0.02335010003662319
ranking,20260917,Bearing1_2,25,26,True,0.008828417525364785,0.0035887772392015904,0.005239640286163194
ranking,20260917,Bearing1_2,26,27,True,0.02182377193821594,0.0018696146871661767,0.019954157251049764
ranking,20260917,Bearing1_2,27,28,True,0.02309469348983839,0.0002161158573414923,0.0228785776324969
ranking,20260917,Bearing1_2,28,29,True,0.021945697255432606,6.647471219167755e-05,0.021879222543240928
ranking,20260917,Bearing1_2,29,30,True,0.012350420773145743,0.0014935230719856918,0.010856897701160051
ranking,20260917,Bearing1_2,30,31,True,0.09057792089879513,0.033611845690757036,0.05696607520803809
ranking,20260917,Bearing1_2,31,32,True,0.08107363386079669,0.001172259777376894,0.0799013740834198
ranking,20260917,Bearing1_2,32,33,True,0.029921552282758057,0.010398878657724708,0.01952267362503335
ranking,20260917,Bearing1_2,33,34,True,0.016430805524578318,0.0045752406876999885,0.01185556483687833
ranking,20260917,Bearing1_2,34,35,True,0.020616880210582167,9.183998399464599e-05,0.02052504022658752
ranking,20260917,Bearing1_2,35,36,True,0.001645539194214507,0.016289993189275265,-0.014644453995060758
ranking,20260917,Bearing1_2,36,37,True,0.007222012849524617,0.01921697927173227,-0.011994966422207654
ranking,20260917,Bearing1_2,37,38,True,0.03349587111733854,0.027182398596778512,0.006313472520560026
ranking,20260917,Bearing1_2,38,39,True,0.004224850126774982,0.0010108935093740001,0.0032139566174009815
ranking,20260917,Bearing1_2,39,40,True,0.019983488251455128,0.00809983559884131,0.011883652652613819
ranking,20260917,Bearing1_2,40,41,True,0.019447267288342118,0.05279303016141057,-0.03334576287306845
ranking,20260917,Bearing1_2,41,42,True,0.007959368696901947,0.01576642505824566,-0.007807056361343712
ranking,20260917,Bearing1_2,42,43,True,0.0684574511833489,0.04225450428202748,0.02620294690132141
ranking,20260917,Bearing1_2,43,44,True,0.0025189039079123177,0.035057443426921964,-0.032538539519009646
ranking,20260917,Bearing1_2,44,45,True,0.30283926613628864,0.280951164662838,0.02188810147345066
ranking,20260917,Bearing1_2,45,46,True,0.1458410695195198,0.01717927190475166,0.12866179761476815
ranking,20260917,Bearing1_2,46,47,True,0.005438054399022008,0.01063047454226762,-0.005192420143245613
ranking,20260917,Bearing1_2,47,48,True,0.12940413132309914,0.13738737907260656,-0.007983247749507427
ranking,20260917,Bearing1_2,48,49,True,0.036837697378359735,0.07207534881308675,-0.03523765143472701
ranking,20260917,Bearing1_2,49,50,True,0.16072111669927835,0.08931050170212984,0.07141061499714851
ranking,20260917,Bearing1_2,50,51,True,0.0067105661286746,0.007068879378493875,-0.00035831324981927537
ranking,20260917,Bearing1_2,51,52,True,0.03324237116612494,0.03238578210584819,0.0008565890602767467
ranking,20260917,Bearing1_2,52,53,True,0.0055559078317060084,0.001640920013755931,0.0039149878179500774
ranking,20260917,Bearing1_2,53,54,True,0.03282714093438699,0.010180504235904664,0.022646636698482325
ranking,20260917,Bearing1_2,54,55,True,0.02148370108875497,0.07503901282325387,-0.0535553117344989
ranking,20260917,Bearing1_2,55,56,True,0.013524803245672956,0.0021686769105144776,0.011356126335158478
ranking,20260917,Bearing1_2,56,57,True,0.0037159840503591113,0.028315146919339895,-0.024599162868980784
ranking,20260917,Bearing1_2,57,58,True,0.0038923691517993575,0.010688543901778758,-0.0067961747499794
ranking,20260917,Bearing1_2,58,59,True,0.021864910901058465,0.0003275818846226741,0.02153732901643579
ranking,20260917,Bearing1_2,59,60,True,0.014303217816632241,0.00984646868892014,0.004456749127712101
ranking,20260917,Bearing1_2,60,61,True,0.03662744889152236,0.00018363127184928274,0.03644381761967308
ranking,20260917,Bearing1_2,61,62,True,0.05746036674827337,0.21035071089863777,-0.1528903441503644
ranking,20260917,Bearing1_2,62,63,True,0.09279510099440813,0.025576062267646194,0.06721903872676194
ranking,20260917,Bearing1_2,63,64,True,0.07975063472986221,0.002178072798415087,0.07757256193144713
ranking,20260917,Bearing1_2,64,65,True,0.023633714765310287,0.006403321109246463,0.017230393656063825
ranking,20260917,Bearing1_2,65,66,True,0.04949482181109488,0.0121789172408171,0.03731590457027778
ranking,20260917,Bearing1_2,66,67,True,0.029091679258272052,0.0005256007189018419,0.02856607853937021
ranking,20260917,Bearing1_2,67,68,True,0.015070052933879197,0.0007313453206734266,0.01433870761320577
ranking,20260917,Bearing1_2,68,69,True,0.003917932539479807,0.002434597408864647,0.0014833351306151599
ranking,20260917,Bearing1_2,69,70,True,0.00961212428228464,0.0035462668965919875,0.006065857385692652
ranking,20260917,Bearing1_2,70,71,True,0.0012859971804459747,0.0058162714703939855,-0.004530274289948011
ranking,20260917,Bearing1_2,71,72,True,0.005356580441002734,0.004540561931207776,0.0008160185097949579
ranking,20260917,Bearing1_2,72,73,True,0.004209390284813708,3.074454975049434e-05,0.004178645735063213
ranking,20260917,Bearing1_2,73,74,True,0.007544435500676627,0.001301998388953507,0.00624243711172312
ranking,20260917,Bearing1_2,74,75,True,0.0032461843511555344,0.0011539936785993632,0.002092190672556171
ranking,20260917,Bearing1_2,75,76,True,0.0032936350980889983,7.724182865587181e-05,0.0032163932694331265
ranking,20260917,Bearing1_2,76,77,True,0.0028089539432585298,4.464635900092162e-06,0.0028044893073584376
ranking,20260917,Bearing1_2,77,78,True,0.006100117738242261,0.0015823780559003353,0.004517739682341926
ranking,20260917,Bearing1_2,78,79,True,0.0033511480542074423,0.0005605657388514373,0.002790582315356005
ranking,20260917,Bearing1_2,79,80,True,0.009311879040978965,0.0030111851228866726,0.006300693918092293
ranking,20260917,Bearing1_2,80,81,True,0.008404645525388332,5.287653550567484e-05,0.008351768989882657
ranking,20260917,Bearing1_2,81,82,True,0.003791436112805968,0.0012851556784880813,0.002506280434317887
ranking,20260917,Bearing1_2,82,83,True,0.004741471784655005,0.00016787505910542677,0.004573596725549578
ranking,20260917,Bearing1_2,83,84,True,0.007548807910495725,0.0007714078019489534,0.006777400108546772
ranking,20260917,Bearing1_2,84,85,True,0.003775949776354537,0.001182447205792414,0.002593502570562123
ranking,20260917,Bearing1_2,85,86,True,0.005318809551681625,0.0005196747813442926,0.004799134770337332
ranking,20260917,Bearing1_2,86,87,True,0.004341935185948387,5.420241188858199e-05,0.004287732774059805
ranking,20260917,Bearing1_2,87,88,True,0.0024607928229443132,0.0005056599320596433,0.00195513289088467
ranking,20260917,Bearing1_2,88,89,True,0.0044448732733144425,0.0007423437855322845,0.003702529487782158
ranking,20260917,Bearing1_2,89,90,True,0.004646539498935454,4.806733659279416e-05,0.004598472162342659
ranking,20260917,Bearing1_2,90,91,True,0.006401029552762338,0.00033181995240738615,0.006069209600354952
ranking,20260917,Bearing1_2,91,92,True,0.005772243928731768,3.1274664422653586e-05,0.005740969264309115
ranking,20260917,Bearing1_2,92,93,True,0.007764098512780038,0.00030953050600146526,0.0074545680067785725
ranking,20260917,Bearing1_2,93,94,True,0.007097379814467786,2.6258150114699674e-05,0.007071121664353086
ranking,20260917,Bearing1_2,94,95,True,0.007235551337657853,1.3586812983135133e-05,0.007221964524674718
ranking,20260917,Bearing1_2,95,96,True,0.006183060423154529,4.1863557271426544e-05,0.006141196865883103
ranking,20260917,Bearing1_2,96,97,True,0.005973838457066449,2.1711203949337232e-05,0.005952127253117112
ranking,20260917,Bearing1_2,97,98,True,0.006364321614000801,2.0548229343830826e-05,0.00634377338465697
ranking,20260917,Bearing1_2,98,99,True,0.005911768996156752,2.9586624679112106e-05,0.00588218237147764
ranking,20260917,Bearing1_2,99,100,True,0.006412418651168039,3.728659676660584e-05,0.006375132054401433
ranking,20260917,Bearing1_2,100,101,True,0.00738823346546269,8.151907741194009e-05,0.00730671438805075
ranking,20260917,Bearing1_2,101,102,True,0.008193089946871623,5.599324129690331e-05,0.00813709670557472
ranking,20260917,Bearing1_2,102,103,True,0.008553000407118816,1.7645049940284707e-05,0.008535355357178531
ranking,20260917,Bearing1_2,103,104,True,0.008196147187845781,1.7772357082890267e-05,0.008178374830762891
ranking,20260917,Bearing1_2,104,105,True,0.0069009250692033675,7.389034067273315e-05,0.006827034728530634
ranking,20260917,Bearing1_2,105,106,True,0.007497825286918669,4.13479681355966e-05,0.007456477318783072
ranking,20260917,Bearing1_2,106,107,True,0.007490126215998316,2.727886518982814e-05,0.007462847350808488
ranking,20260917,Bearing1_2,107,108,True,0.007319070675293915,2.002267182810158e-05,0.007299048003465813
ranking,20260917,Bearing1_2,108,109,True,0.007008939974184614,1.0449317130678537e-05,0.006998490657053935
ranking,20260917,Bearing1_2,109,110,True,0.006987038901570486,5.2563727344079325e-06,0.006981782528836078
ranking,20260917,Bearing1_2,110,111,True,0.006025903259796905,4.428666034073103e-05,0.005981616599456174
ranking,20260917,Bearing1_2,111,112,True,0.006366891082507209,3.558958190019723e-05,0.006331301500607012
ranking,20260917,Bearing1_2,112,113,True,0.005466854967380641,4.329955280013564e-05,0.005423555414580505
ranking,20260917,Bearing1_2,113,114,True,0.0056159652177711905,6.921983789709429e-06,0.005609043233981481
ranking,20260917,Bearing1_2,114,115,True,0.006179866339152795,2.623456356332099e-05,0.006153631775589474
ranking,20260917,Bearing1_2,115,116,True,0.006121663203884964,1.690073960958216e-05,0.006104762464275382
ranking,20260917,Bearing1_2,116,117,True,0.006225171948244679,3.5138773633036635e-06,0.006221658070881375
ranking,20260917,Bearing1_2,117,118,True,0.00597708708846767,9.530344115660228e-06,0.0059675567443520094
ranking,20260917,Bearing1_2,118,119,True,0.00655235007070587,1.887476850015446e-05,0.006533475302205716
ranking,20260917,Bearing1_2,119,120,True,0.006153611437184736,9.164046751664046e-06,0.006144447390433072
ranking,20260917,Bearing1_2,120,121,True,0.006909280586114619,3.501312644971222e-05,0.006874267459664907
ranking,20260917,Bearing1_2,121,122,True,0.0074118095290032215,5.1941052696236056e-05,0.0073598684763069855
ranking,20260917,Bearing1_2,122,123,True,0.007764012356346939,6.275946580558411e-05,0.007701252890541355
ranking,20260917,Bearing1_2,123,124,True,0.0077551855210913345,1.80946802927906e-05,0.007737090840798544
ranking,20260917,Bearing1_2,124,125,True,0.008078624858171679,0.00010481639372983409,0.007973808464441845
ranking,20260917,Bearing1_2,125,126,True,0.00811079984123353,0.000208970130872288,0.007901829710361241
ranking,20260917,Bearing1_2,126,127,True,0.008328710551722907,1.2014826172190851e-05,0.008316695725550716
ranking,20260917,Bearing1_2,127,128,True,0.008583021757658571,4.529330038849366e-05,0.008537728457270077
ranking,20260917,Bearing1_2,128,129,True,0.00885993431438692,1.9845387413397475e-05,0.008840088926973522
ranking,20260917,Bearing1_2,129,130,True,0.009337988187326118,1.5238278239237957e-05,0.00932274990908688
ranking,20260917,Bearing1_2,130,131,True,0.00930141776916571,8.327067378743891e-06,0.009293090701786966
ranking,20260917,Bearing1_2,131,132,True,0.009400183917023242,2.5685526097163347e-06,0.009397615364413525
ranking,20260917,Bearing1_2,132,133,True,0.010118644684553146,2.0169618267118494e-05,0.010098475066286028
ranking,20260917,Bearing1_2,133,134,True,0.009339499199995771,2.4447254162396348e-05,0.009315051945833375
ranking,20260917,Bearing1_2,134,135,True,0.009953931643394753,2.028112402285842e-05,0.009933650519371895
ranking,20260917,Bearing1_2,135,136,True,0.01044964324682951,3.5210876887958875e-05,0.01041443236994155
ranking,20260917,Bearing1_2,136,137,True,0.010050988523289561,2.2707894197893097e-05,0.010028280629091668
ranking,20260917,Bearing1_2,137,138,True,0.009968929371098056,9.636532057655245e-06,0.009959292839040401
ranking,20260917,Bearing1_2,138,139,True,0.009595085313776508,5.733903467586288e-06,0.009589351410308922
ranking,20260917,Bearing1_2,139,140,True,0.00931723220855929,7.864914886468455e-06,0.009309367293672821
ranking,20260917,Bearing1_2,140,141,True,0.009067045873962343,9.50337019567371e-06,0.009057542503766669
ranking,20260917,Bearing1_2,141,142,True,0.009189387550577521,4.080691738295172e-06,0.009185306858839226
ranking,20260917,Bearing1_2,142,143,True,0.008647934009786695,1.334413033760029e-05,0.008634589879449095
ranking,20260917,Bearing1_2,143,144,True,0.008829913364024833,6.473864040401622e-06,0.008823439499984431
ranking,20260917,Bearing1_2,144,145,True,0.009742679365444928,4.5469940715747725e-05,0.00969720942472918
ranking,20260917,Bearing1_2,145,146,True,0.011987298988969997,0.0002020910797000397,0.011785207909269957
ranking,20260917,Bearing1_2,146,147,True,0.01284336403477937,2.456509318449207e-05,0.012818798941594878
ranking,20260917,Bearing1_2,147,148,True,0.01327472151024267,1.7678371939666704e-05,0.013257043138303004
ranking,20260917,Bearing1_2,148,149,True,0.013521310756914318,5.72670888310256e-06,0.013515584048031215
ranking,20260917,Bearing1_2,149,150,True,0.014035425992915407,2.3529817832823596e-05,0.014011896175082583
ranking,20260917,Bearing1_2,150,151,True,0.014919701585313305,3.535743692850701e-05,0.014884344148384798
ranking,20260917,Bearing1_2,151,152,True,0.0149785227549728,6.1232906336528e-06,0.014972399464339148
ranking,20260917,Bearing1_2,152,153,True,0.015093094145413488,1.2188754164199622e-05,0.015080905391249289
ranking,20260917,Bearing1_2,153,154,True,0.015246565541019663,2.0196929312987777e-05,0.015226368611706675
ranking,20260917,Bearing1_2,154,155,True,0.01668289450753946,5.2940292874836814e-05,0.016629954214664622
ranking,20260917,Bearing1_2,155,156,True,0.01640711768413894,1.2050731371004986e-05,0.016395066952767934
ranking,20260917,Bearing1_2,156,157,True,0.016780818070401438,1.7744523070462037e-05,0.016763073547330976
ranking,20260917,Bearing1_2,157,158,True,0.018468421243596822,5.755620492209346e-05,0.01841086503867473
ranking,20260917,Bearing1_2,158,159,True,0.019030779891181737,8.559825772636032e-06,0.0190222200654091
ranking,20260917,Bearing1_2,159,160,True,0.026044260914204642,0.0006373348938950585,0.025406926020309584
ranking,20260917,Bearing1_3,0,1,False,0.1656348528340459,0.00011832212592821634,0.16551653070811767
ranking,20260917,Bearing1_3,1,2,False,0.025529653066769242,0.0037537352473009378,0.021775917819468305
ranking,20260917,Bearing1_3,2,3,False,0.017574444646015763,0.00030737633392163843,0.017267068312094125
ranking,20260917,Bearing1_3,3,4,False,0.00430631627727962,0.005968956451397389,-0.0016626401741177688
ranking,20260917,Bearing1_3,4,5,False,0.013071650813799351,0.0008591830701334402,0.012212467743665911
ranking,20260917,Bearing1_3,5,6,False,0.005564614573813742,0.0013975217079860158,0.004167092865827726
ranking,20260917,Bearing1_3,6,7,False,0.017487112141679972,0.002308820330654271,0.015178291811025701
ranking,20260917,Bearing1_3,7,8,False,0.017140060081146657,0.0002167293813499782,0.01692333069979668
ranking,20260917,Bearing1_3,8,9,False,0.02261033491231501,0.000697405768733006,0.021912929143582005
ranking,20260917,Bearing1_3,9,10,False,0.013299870799528435,0.0007595428460263065,0.012540327953502128
ranking,20260917,Bearing1_3,10,11,False,0.00497914917923481,0.0030773190810577944,0.0019018300981770153
ranking,20260917,Bearing1_3,11,12,False,0.008650288764329161,9.262580363156303e-05,0.008557662960697598
ranking,20260917,Bearing1_3,12,13,False,0.005574383965722518,0.000447695219918387,0.005126688745804131
ranking,20260917,Bearing1_3,13,14,False,0.017176914610899985,0.0027197431336389855,0.014457171477261
ranking,20260917,Bearing1_3,14,15,False,0.012400538951624185,4.021492527961357e-05,0.012360324026344571
ranking,20260917,Bearing1_3,15,16,False,0.011867535722558387,2.277460556143751e-05,0.011844761116996949
ranking,20260917,Bearing1_3,16,17,False,0.01001326762343524,0.0001389612228379633,0.009874306400597277
ranking,20260917,Bearing1_3,17,18,False,0.0021456702077671252,0.003898857714375481,-0.0017531875066083558
ranking,20260917,Bearing1_3,18,19,False,0.0028663729417530703,0.00019089795978288748,0.002675474981970183
ranking,20260917,Bearing1_3,19,20,False,0.0026835023918465595,0.00014457071466900118,0.0025389316771775583
ranking,20260917,Bearing1_3,20,21,False,0.004611611031577922,0.00017131510540480122,0.004440295926173121
ranking,20260917,Bearing1_3,21,22,False,0.0010817913589562522,0.00126828440988902,-0.0001864930509327678
ranking,20260917,Bearing1_3,22,23,False,0.001495339616496949,3.6143721331427514e-05,0.0014591958951655215
ranking,20260917,Bearing1_3,23,24,False,0.005976049345918,0.0014063036651350558,0.004569745680782944
ranking,20260917,Bearing1_3,24,25,True,0.004219069277951348,7.239882070564363e-05,0.004146670457245705
ranking,20260917,Bearing1_3,25,26,True,0.004398390359710902,0.0001125169001170434,0.004285873459593859
ranking,20260917,Bearing1_3,26,27,True,0.002266384612994443,0.000394586644233641,0.0018717979687608022
ranking,20260917,Bearing1_3,27,28,True,0.0037591804311887245,0.0001647965710844801,0.0035943838601042444
ranking,20260917,Bearing1_3,28,29,True,0.0026361936147623055,0.0001854283650573052,0.0024507652497050003
ranking,20260917,Bearing1_3,29,30,True,0.0064444767267559655,0.0009719425725052133,0.005472534154250752
ranking,20260917,Bearing1_3,30,31,True,0.0020216973970264007,0.0009605241866665892,0.0010611732103598115
ranking,20260917,Bearing1_3,31,32,True,0.004614296660292894,0.00044100433751737,0.004173292322775524
ranking,20260917,Bearing1_3,32,33,True,0.007456390347215347,0.0005992895412418875,0.0068571008059734595
ranking,20260917,Bearing1_3,33,34,True,0.006307513467618264,5.712841090854681e-05,0.0062503850567097174
ranking,20260917,Bearing1_3,34,35,True,0.004427796426170971,0.0001615719177863184,0.004266224508384653
ranking,20260917,Bearing1_3,35,36,True,0.004109380726731615,6.283300962195426e-05,0.004046547717109661
ranking,20260917,Bearing1_3,36,37,True,0.012354073114693165,0.002144325480912812,0.010209747633780353
ranking,20260917,Bearing1_3,37,38,True,0.009973243926651776,6.159257940119289e-05,0.009911651347250583
ranking,20260917,Bearing1_3,38,39,True,0.012717842007987201,0.0003851502297038678,0.012332691778283333
ranking,20260917,Bearing1_3,39,40,True,0.007997663211426698,0.0003753876771952491,0.0076222755342314485
ranking,20260917,Bearing1_3,40,41,True,0.005357876965717878,0.000478927897347603,0.004878949068370275
ranking,20260917,Bearing1_3,41,42,True,0.007302014113520272,9.123752693263043e-05,0.007210776586587642
ranking,20260917,Bearing1_3,42,43,True,0.014742261613719165,0.001453866636438761,0.013288394977280404
ranking,20260917,Bearing1_3,43,44,True,0.005764415618614294,0.0012697454149019904,0.004494670203712303
ranking,20260917,Bearing1_3,44,45,True,0.009931236563716084,0.0002920893975897343,0.00963914716612635
ranking,20260917,Bearing1_3,45,46,True,0.009559353275108151,5.379382344017358e-05,0.009505559451667978
ranking,20260917,Bearing1_3,46,47,True,0.0067688028793782,0.0003173199993966591,0.0064514828799815405
ranking,20260917,Bearing1_3,47,48,True,0.007093371474184096,7.67401255714617e-05,0.007016631348612634
ranking,20260917,Bearing1_3,48,49,True,0.0027838858622999396,0.0014212617097655311,0.0013626241525344085
ranking,20260917,Bearing1_3,49,50,True,0.010551881947321817,0.0018267605046276003,0.008725121442694217
ranking,20260917,Bearing1_3,50,51,True,0.009502442291704938,8.548119740225957e-05,0.009416961094302678
ranking,20260917,Bearing1_3,51,52,True,0.0160785453626886,0.0012530998064903542,0.014825445556198247
ranking,20260917,Bearing1_3,52,53,True,0.0118555196095258,8.491224041051737e-05,0.011770607369115282
ranking,20260917,Bearing1_3,53,54,True,0.011863596591865644,1.8398674654918068e-05,0.011845197917210726
ranking,20260917,Bearing1_3,54,55,True,0.009802206404856406,0.0002208545153621344,0.009581351889494272
ranking,20260917,Bearing1_3,55,56,True,0.01599216612521559,0.0008163463317032438,0.015175819793512346
ranking,20260917,Bearing1_3,56,57,True,0.009718021712615155,0.000542719124496216,0.009175302588118939
ranking,20260917,Bearing1_3,57,58,True,0.0011785831461565976,0.009099382383283228,-0.00792079923712663
ranking,20260917,Bearing1_3,58,59,True,0.0007922752721469806,0.002148235129425302,-0.0013559598572783216
ranking,20260917,Bearing1_3,59,60,True,0.002239389605399822,0.003182840213412419,-0.0009434506080125971
ranking,20260917,Bearing1_3,60,61,True,0.002117631315968538,0.002358333149459213,-0.0002407018334906752
ranking,20260917,Bearing1_3,61,62,True,0.0010180070078718018,0.0018765332060866058,-0.000858526198214804
ranking,20260917,Bearing1_3,62,63,True,0.000781317454155328,3.028532711546461e-05,0.0007510321270398634
ranking,20260917,Bearing1_3,63,64,True,0.0017770886888115456,0.0011113505825051107,0.0006657381063064349
ranking,20260917,Bearing1_3,64,65,True,0.0012387577583581333,0.00013110535360283393,0.0011076524047552994
ranking,20260917,Bearing1_3,65,66,True,0.002603398280825786,0.004082586674485356,-0.0014791883936595696
ranking,20260917,Bearing1_3,66,67,True,0.0016107110586176532,0.00023277181685443793,0.0013779392417632153
ranking,20260917,Bearing1_3,67,68,True,0.0012624305971371541,7.059373359652454e-05,0.0011918368635406296
ranking,20260917,Bearing1_3,68,69,True,0.0011189809917482307,0.0001837223734537652,0.0009352586182944655
ranking,20260917,Bearing1_3,69,70,True,0.0008145164686084172,7.471952039850294e-05,0.0007397969482099143
ranking,20260917,Bearing1_3,70,71,True,0.0106820507789962,0.007439356530085206,0.0032426942489109933
ranking,20260917,Bearing1_3,71,72,True,0.014354531012941152,0.0033694574958644807,0.010985073517076671
ranking,20260917,Bearing1_3,72,73,True,0.003134805640002014,0.0006997604868956842,0.00243504515310633
ranking,20260917,Bearing1_3,73,74,True,0.008513591077644378,0.0014825738398940302,0.007031017237750348
ranking,20260917,Bearing1_3,74,75,True,0.006398279627319425,0.0002131912982363815,0.006185088329083044
ranking,20260917,Bearing1_3,75,76,True,0.008475849172100425,0.0006334190456982469,0.007842430126402178
ranking,20260917,Bearing1_3,76,77,True,0.008621240151114762,0.0003492226423986722,0.00827201750871609
ranking,20260917,Bearing1_3,77,78,True,0.010240128496661782,0.0006128351124061737,0.009627293384255609
ranking,20260917,Bearing1_3,78,79,True,0.0016930563797359355,0.001884839468402788,-0.00019178308866685256
ranking,20260917,Bearing1_3,79,80,True,0.012772891786880791,0.0028970660641789436,0.009875825722701848
ranking,20260917,Bearing1_3,80,81,True,0.005396517663029954,0.0002760280756319844,0.0051204895873979694
ranking,20260917,Bearing1_3,81,82,True,0.011831730837002397,0.0013938436168245971,0.0104378872201778
ranking,20260917,Bearing1_3,82,83,True,0.011710407386999577,0.0004658957441279199,0.011244511642871657
ranking,20260917,Bearing1_3,83,84,True,0.006530945043778047,0.00010796864717121935,0.006422976396606828
ranking,20260917,Bearing1_3,84,85,True,0.007424971787258983,6.096744323258463e-05,0.007364004344026398
ranking,20260917,Bearing1_3,85,86,True,0.0011371162454452133,0.002529659861465916,-0.0013925436160207028
ranking,20260917,Bearing1_3,86,87,True,0.017089565750211477,0.00496112261316739,0.012128443137044087
ranking,20260917,Bearing1_3,87,88,True,0.019772548228502274,0.0019178076181560755,0.017854740610346198
ranking,20260917,Bearing1_3,88,89,True,0.008836378285195678,0.0001189580593319306,0.008717420225863748
ranking,20260917,Bearing1_3,89,90,True,0.008207191538531333,8.31401308989399e-05,0.008124051407632393
ranking,20260917,Bearing1_3,90,91,True,0.08753214683383703,0.04717440064996481,0.04035774618387222
ranking,20260917,Bearing1_3,91,92,True,0.014937894069589674,0.0006912132685101824,0.014246680801079492
ranking,20260917,Bearing1_3,92,93,True,0.02531471592374146,0.007181618479080498,0.01813309744466096
ranking,20260917,Bearing1_3,93,94,True,0.005986055155517533,0.00011224113348795584,0.005873814022029578
ranking,20260917,Bearing1_3,94,95,True,0.009605801838915795,0.0037103448412381113,0.005895456997677684
ranking,20260917,Bearing1_3,95,96,True,0.00031238137611921957,0.0012655340105993673,-0.0009531526344801478
ranking,20260917,Bearing1_3,96,97,True,0.0010678603759970429,0.0004668218425649684,0.0006010385334320745
ranking,20260917,Bearing1_3,97,98,True,0.003918147944204975,0.005196502199396491,-0.0012783542551915161
ranking,20260917,Bearing1_3,98,99,True,0.000659986097844012,3.960911280387336e-05,0.0006203769850401386
ranking,20260917,Bearing1_3,99,100,True,0.0006649697002103494,0.0007779263214615639,-0.00011295662125121453
ranking,20260917,Bearing1_3,100,101,True,0.0005995130634914858,0.0006349172499540146,-3.540418646252874e-05
ranking,20260917,Bearing1_3,101,102,True,0.0012033240855089389,0.0033292228472419083,-0.0021258987617329694
ranking,20260917,Bearing1_3,102,103,True,0.0019403650931053562,0.00018061601883800904,0.0017597490742673472
ranking,20260917,Bearing1_3,103,104,True,0.0017749795565578097,0.0010222459859505761,0.0007527335706072336
ranking,20260917,Bearing1_3,104,105,True,0.0022280384933424102,0.001158689283329295,0.0010693492100131152
ranking,20260917,Bearing1_3,105,106,True,0.004463219265744556,0.000735374112991849,0.0037278451527527068
ranking,20260917,Bearing1_3,106,107,True,0.002092772194828285,0.004845857940381393,-0.0027530857455531077
ranking,20260917,Bearing1_3,107,108,True,0.019389969296753407,0.001070648981112754,0.018319320315640653
ranking,20260917,Bearing1_3,108,109,True,0.010663885215763003,0.0032611686328891665,0.007402716582873836
ranking,20260917,Bearing1_3,109,110,True,0.01389589492464438,0.0011474064722278854,0.012748488452416495
ranking,20260917,Bearing1_3,110,111,True,0.0645489594899118,0.008015728497412056,0.05653323099249974
ranking,20260917,Bearing1_3,111,112,True,0.020234613853972405,0.007044430880341679,0.013190182973630726
ranking,20260917,Bearing1_3,112,113,True,0.021135845337994397,0.0013163120056560729,0.019819533332338324
ranking,20260917,Bearing1_3,113,114,True,0.05419583898037672,0.002178796989028342,0.05201704199134838
ranking,20260917,Bearing1_3,114,115,True,0.06053556175902486,0.00032826678034325596,0.0602072949786816
ranking,20260917,Bearing1_3,115,116,True,0.020703692629467696,0.008503700082655996,0.0121999925468117
ranking,20260917,Bearing1_3,116,117,True,0.045818325597792864,0.0006451429512708273,0.045173182646522037
ranking,20260917,Bearing1_3,117,118,True,0.036168531281873584,0.0016545274993404746,0.03451400378253311
ranking,20260917,Bearing1_3,118,119,True,0.027943607536144555,0.0031432685063919052,0.02480033902975265
ranking,20260917,Bearing1_3,119,120,True,0.03469078568741679,0.0009133776038652286,0.03377740808355156
ranking,20260917,Bearing1_3,120,121,True,0.05187172279693186,4.691730924147319e-05,0.05182480548769039
ranking,20260917,Bearing1_3,121,122,True,0.028587750741280615,0.007268514309544116,0.0213192364317365
ranking,20260917,Bearing1_3,122,123,True,0.01804800843819976,0.007780125306453556,0.010267883131746203
ranking,20260917,Bearing1_3,123,124,True,0.02901452360674739,0.000987994353636168,0.02802652925311122
ranking,20260917,Bearing1_3,124,125,True,0.08095297124236822,0.004001322027761489,0.07695164921460673
ranking,20260917,Bearing1_3,125,126,True,0.041920692659914494,0.008133103372529149,0.033787589287385345
ranking,20260917,Bearing1_3,126,127,True,0.05073094693943858,0.00044671536852547433,0.05028423157091311
ranking,20260917,Bearing1_3,127,128,True,0.009491363220149651,0.02603763318620622,-0.01654626996605657
ranking,20260917,Bearing1_3,128,129,True,0.008234220673330128,0.0047665926977060735,0.0034676279756240547
ranking,20260917,Bearing1_3,129,130,True,0.04668911872431636,0.005655820306856185,0.04103329841746017
ranking,20260917,Bearing1_3,130,131,True,0.0027165507344761863,0.07723745983093977,-0.07452090909646358
ranking,20260917,Bearing1_3,131,132,True,0.003248266448281356,0.00371660286327824,-0.00046833641499688383
ranking,20260917,Bearing1_3,132,133,True,0.01308610284468159,0.01054981304332614,0.0025362898013554513
ranking,20260917,Bearing1_3,133,134,True,0.00880558528842812,0.00022025187809049385,0.008585333410337626
ranking,20260917,Bearing1_3,134,135,True,0.005595913151410059,4.7927925464819054e-05,0.00554798522594524
ranking,20260917,Bearing1_3,135,136,True,0.00771043744691724,0.0012747837754432112,0.006435653671474029
ranking,20260917,Bearing1_3,136,137,True,0.00634271254784835,0.00010799877327372087,0.0062347137745746295
ranking,20260917,Bearing1_3,137,138,True,0.006308807691311813,0.00020568181571434252,0.0061031258755974704
ranking,20260917,Bearing1_3,138,139,True,0.0031772496913617942,0.00032864351578609785,0.0028486061755756964
ranking,20260917,Bearing1_3,139,140,True,0.0035514326709744637,0.0001525215147921699,0.0033989111561822938
ranking,20260917,Bearing1_3,140,141,True,0.0034891306995632476,5.809722928518113e-05,0.0034310334702780665
ranking,20260917,Bearing1_3,141,142,True,0.003301274158729939,7.968485326514951e-05,0.0032215893054647893
ranking,20260917,Bearing1_3,142,143,True,0.0035522047753602237,0.00010466774593176353,0.00344753702942846
ranking,20260917,Bearing1_3,143,144,True,0.003212390823705391,3.66478448956542e-05,0.003175742978809737
ranking,20260917,Bearing1_3,144,145,True,0.008070433640568808,0.002793087434838526,0.005277346205730282
ranking,20260917,Bearing1_3,145,146,True,0.005325158010236919,0.0003305421278128051,0.004994615882424114
ranking,20260917,Bearing1_3,146,147,True,0.003992304250459711,7.979634619914577e-05,0.003912507904260565
ranking,20260917,Bearing1_3,147,148,True,0.0051905365749007615,0.0003127326908725081,0.004877803884028253
ranking,20260917,Bearing1_3,148,149,True,0.017582562202306917,0.005238185534381046,0.012344376667925872
ranking,20260917,Bearing1_3,149,150,True,0.0189238652237691,0.00019187858507052624,0.018731986638698572
ranking,20260917,Bearing1_3,150,151,True,0.01909244366834173,2.673573648337424e-05,0.019065707931858356
ranking,20260917,Bearing1_3,151,152,True,0.021207148689427413,0.00016123462648920395,0.02104591406293821
ranking,20260917,Bearing1_3,152,153,True,0.017986502818530425,9.279720427457505e-05,0.01789370561425585
ranking,20260917,Bearing1_3,153,154,True,0.018756368255708367,6.864401291295508e-05,0.01868772424279541
ranking,20260917,Bearing1_3,154,155,True,0.018459367216564715,8.524738152715372e-06,0.018450842478412
ranking,20260917,Bearing1_3,155,156,True,0.01896538186701946,1.752813626154648e-05,0.018947853730757913
ranking,20260917,Bearing1_3,156,157,True,0.018545797909609973,5.040503056719103e-06,0.018540757406553254
ranking,20260917,Bearing1_4,0,1,False,0.09844575356692076,0.00012572069090310833,0.09832003287601765
ranking,20260917,Bearing1_4,1,2,False,0.01515688351355493,0.00023224595861393027,0.014924637554941
ranking,20260917,Bearing1_4,2,3,False,0.007562664628494531,0.000163001993087164,0.007399662635407367
ranking,20260917,Bearing1_4,3,4,False,0.010551607221714221,0.0009584444251231616,0.00959316279659106
ranking,20260917,Bearing1_4,4,5,False,0.011085997946793213,0.0002868809579013032,0.01079911698889191
ranking,20260917,Bearing1_4,5,6,False,0.016277898277621716,0.0010292627121089026,0.015248635565512814
ranking,20260917,Bearing1_4,6,7,False,0.009295755255152471,0.0005729211111429322,0.00872283414400954
ranking,20260917,Bearing1_4,7,8,False,0.029324391507543623,0.005872335750609636,0.023452055756933987
ranking,20260917,Bearing1_4,8,9,False,0.02463008265476674,0.00012572454983228454,0.024504358104934454
ranking,20260917,Bearing1_4,9,10,False,0.03050522378180176,0.0006404144696716685,0.02986480931213009
ranking,20260917,Bearing1_4,10,11,False,0.026998504414223135,5.383009289516849e-05,0.026944674321327966
ranking,20260917,Bearing1_4,11,12,False,0.031679583131335676,0.00023910457093734294,0.03144047856039833
ranking,20260917,Bearing1_4,12,13,False,0.04645727970637381,0.0018769379967125133,0.0445803417096613
ranking,20260917,Bearing1_4,13,14,False,0.047228988260030746,0.00022955047779760207,0.046999437782233144
ranking,20260917,Bearing1_4,14,15,False,0.046768098371103406,0.00010575762655662402,0.04666234074454678
ranking,20260917,Bearing1_4,15,16,False,0.04874103516340256,0.00012347998119821568,0.04861755518220434
ranking,20260917,Bearing1_4,16,17,False,0.05146852042526007,0.00018017489959021304,0.051288345525669854
ranking,20260917,Bearing1_4,17,18,False,0.04379305709153414,0.00028556876713992096,0.04350748832439422
ranking,20260917,Bearing1_4,18,19,False,0.048977453261613846,0.0001173569068271263,0.04886009635478672
ranking,20260917,Bearing1_4,19,20,False,0.07625712780281901,0.003309400985017419,0.0729477268178016
ranking,20260917,Bearing1_4,20,21,False,0.04238662717398256,0.003381762857316062,0.0390048643166665
ranking,20260917,Bearing1_4,21,22,False,0.07529663806781173,0.0034426682686898857,0.07185396979912184
ranking,20260917,Bearing1_4,22,23,False,0.058407554402947426,0.0004643329666578211,0.057943221436289605
ranking,20260917,Bearing1_4,23,24,False,0.06402331311255693,9.41601303452444e-05,0.06392915298221169
ranking,20260917,Bearing1_4,24,25,True,0.09226647578179836,0.002903077780501917,0.08936339800129645
ranking,20260917,Bearing1_4,25,26,True,0.07290618633851409,0.000537026695383247,0.07236915964313084
ranking,20260917,Bearing1_4,26,27,True,0.06632423610426486,0.0002531607617584086,0.06607107534250645
ranking,20260917,Bearing1_4,27,28,True,0.05736700864508748,0.0005542779526876984,0.05681273069239978
ranking,20260917,Bearing1_4,28,29,True,0.03670948464423418,0.0030418973765335977,0.03366758726770058
ranking,20260917,Bearing1_4,29,30,True,0.04417505953460932,4.142384335814597e-05,0.04413363569125117
ranking,20260917,Bearing1_4,30,31,True,0.03287576569709927,0.0009142670314759016,0.03196149866562337
ranking,20260917,Bearing1_4,31,32,True,0.05387868010438979,0.0019080804049735889,0.0519705996994162
ranking,20260917,Bearing1_4,32,33,True,0.04265419184230268,0.00026047069559353986,0.04239372114670914
ranking,20260917,Bearing1_4,33,34,True,0.039811226073652506,0.0001553857829623695,0.039655840290690136
ranking,20260917,Bearing1_4,34,35,True,0.0508022743742913,0.0005826004198752344,0.050219673954416066
ranking,20260917,Bearing1_4,35,36,True,0.030900163459591568,0.0020216801058268175,0.02887848335376475
ranking,20260917,Bearing1_4,36,37,True,0.07147418661043048,0.006878610234707594,0.06459557637572289
ranking,20260917,Bearing1_4,37,38,True,0.08155845897272229,0.0015765636962896679,0.07998189527643262
ranking,20260917,Bearing1_4,38,39,True,0.05043887905776501,0.0025647827133070678,0.04787409634445794
ranking,20260917,Bearing1_4,39,40,True,0.054499438032507896,4.898820907328627e-05,0.05445044982343461
ranking,20260917,Bearing1_4,40,41,True,0.04870732151903212,0.0002671990633302812,0.04844012245570184
ranking,20260917,Bearing1_4,41,42,True,0.03271842759568244,0.0020869757718173787,0.030631451823865063
ranking,20260917,Bearing1_4,42,43,True,0.06554427114315331,0.00437446273281239,0.06116980841034092
ranking,20260917,Bearing1_4,43,44,True,0.03712976584210992,0.002476615467458032,0.034653150374651887
ranking,20260917,Bearing1_4,44,45,True,0.050424607237800956,0.0005190094962017611,0.049905597741599195
ranking,20260917,Bearing1_4,45,46,True,0.032723565702326596,0.0016814157643239014,0.031042149938002694
ranking,20260917,Bearing1_4,46,47,True,0.02775817969813943,0.0006670058392046485,0.02709117385893478
ranking,20260917,Bearing1_4,47,48,True,0.014470428403001279,0.0032510348974028602,0.011219393505598418
ranking,20260917,Bearing1_4,48,49,True,0.01175731023249682,0.0009025831204780843,0.010854727112018736
ranking,20260917,Bearing1_4,49,50,True,0.003995745654634675,0.026986262062564492,-0.022990516407929817
ranking,20260917,Bearing1_4,50,51,True,0.0009455161188327565,0.00010435891914539752,0.000841157199687359
ranking,20260917,Bearing1_4,51,52,True,0.0018863982752463926,0.00015231537634008419,0.0017340828989063084
ranking,20260917,Bearing1_4,52,53,True,0.002483982837475196,0.003857015137327835,-0.001373032299852639
ranking,20260917,Bearing1_4,53,54,True,0.0011967687669312,0.000549104048332083,0.0006476647185991169
ranking,20260917,Bearing1_4,54,55,True,0.0028222091004863614,0.0009561158694850747,0.0018660932310012868
ranking,20260917,Bearing1_4,55,56,True,0.0033088031286752084,0.005873550777323544,-0.0025647476486483356
ranking,20260917,Bearing1_4,56,57,True,0.0008619639455815786,0.0003216467275706236,0.000540317218010955
ranking,20260917,Bearing1_4,57,58,True,0.0012578413570736302,0.00027168757026174717,0.000986153786811883
ranking,20260917,Bearing1_4,58,59,True,0.0009198451366501104,3.0366082668820127e-05,0.0008894790539812902
ranking,20260917,Bearing1_4,59,60,True,0.0020637881766560895,0.001160711224656552,0.0009030769519995374
ranking,20260917,Bearing1_4,60,61,True,0.007062204342219047,0.00925706879934296,-0.002194864457123913
ranking,20260917,Bearing1_4,61,62,True,0.000783064145963408,0.0019164285768056288,-0.0011333644308422208
ranking,20260917,Bearing1_4,62,63,True,0.0008618932082526953,0.00018156028602334118,0.0006803329222293542
ranking,20260917,Bearing1_4,63,64,True,0.0013927457519002928,0.0003292416226940986,0.0010635041292061942
ranking,20260917,Bearing1_4,64,65,True,0.0014502904319186882,0.0005979177229460397,0.0008523727089726485
ranking,20260917,Bearing1_4,65,66,True,0.0012029420620365272,0.00012131712027496633,0.0010816249417615609
ranking,20260917,Bearing1_4,66,67,True,0.0006261684757191688,0.00015649190243038902,0.00046967657328877976
ranking,20260917,Bearing1_4,67,68,True,0.001259297076103394,0.0002081361338497345,0.0010511609422536594
ranking,20260917,Bearing1_4,68,69,True,0.0012983448350496474,9.673942668086966e-05,0.0012016054083687777
ranking,20260917,Bearing1_4,69,70,True,0.0018569877877894214,0.00019895727336916025,0.0016580305144202612
ranking,20260917,Bearing1_4,70,71,True,0.0010178316574354085,0.00191849323164206,-0.0009006615742066515
ranking,20260917,Bearing1_4,71,72,True,0.0022408508791613713,0.0015575989673379809,0.0006832519118233904
ranking,20260917,Bearing1_4,72,73,True,0.0008485090573984166,0.00022252578537518275,0.0006259832720232339
ranking,20260917,Bearing1_4,73,74,True,0.005636320565827191,0.003258458658820018,0.0023778619070071727
ranking,20260917,Bearing1_4,74,75,True,0.0010486580680009183,0.0020219190264469944,-0.0009732609584460761
ranking,20260917,Bearing1_4,75,76,True,0.0038244822098931763,0.0018053800304187462,0.00201910217947443
ranking,20260917,Bearing1_4,76,77,True,0.0021708710720815816,0.00023999709947020165,0.00193087397261138
ranking,20260917,Bearing1_4,77,78,True,0.0018715149262789055,7.597639881140594e-05,0.0017955385274674995
ranking,20260917,Bearing1_4,78,79,True,0.006877213483676314,0.002098116630804725,0.004779096852871589
ranking,20260917,Bearing1_4,79,80,True,0.05190330999903381,0.029525219928473234,0.022378090070560575
ranking,20260917,Bearing1_4,80,81,True,0.021567339776083827,0.0003045249095698921,0.021262814866513935
ranking,20260917,Bearing1_4,81,82,True,0.015017893951153383,0.00027956452052535496,0.014738329430628028
ranking,20260917,Bearing1_4,82,83,True,0.04702894832007587,0.01415960828308016,0.03286934003699571
ranking,20260917,Bearing1_4,83,84,True,0.0342045120196417,0.002585473812359851,0.03161903820728185
ranking,20260917,Bearing1_4,84,85,True,0.024838478595484048,0.0014888916948621045,0.023349586900621944
ranking,20260917,Bearing1_4,85,86,True,0.005514897345165082,0.003787902503972873,0.0017269948411922087
ranking,20260917,Bearing1_4,86,87,True,0.03736200032290071,0.016519874916411936,0.020842125406488776
ranking,20260917,Bearing1_4,87,88,True,0.017427478975150734,0.0001276845218214362,0.017299794453329298
ranking,20260917,Bearing1_4,88,89,True,0.033514015725813806,0.010000741691328585,0.02351327403448522
ranking,20260917,Bearing1_4,89,90,True,0.007773064076900482,0.008013436861801893,-0.00024037278490141034
ranking,20260917,Bearing1_4,90,91,True,0.009003679486340843,0.004024125344585627,0.004979554141755216
ranking,20260917,Bearing1_4,91,92,True,0.006463511539841704,0.0012149804715591017,0.0052485310682826025
ranking,20260917,Bearing1_4,92,93,True,0.004402142468279635,0.0009021633923111949,0.00349997907596844
ranking,20260917,Bearing1_4,93,94,True,0.005033091987570515,0.0009560814642100013,0.004077010523360514
ranking,20260917,Bearing1_4,94,95,True,0.004835993735468946,0.0026628563355188817,0.0021731373999500647
ranking,20260917,Bearing1_4,95,96,True,0.007220494891953422,0.00024857416016788036,0.006971920731785541
ranking,20260917,Bearing1_4,96,97,True,0.012855956595103635,0.0009094031765926047,0.01194655341851103
ranking,20260917,Bearing1_4,97,98,True,0.008258846284206811,0.000284847321381676,0.007973998962825135
ranking,20260917,Bearing1_4,98,99,True,0.004990870692950011,0.0008671204996062443,0.004123750193343767
ranking,20260917,Bearing1_4,99,100,True,0.005429396175713919,0.00025402950632269494,0.005175366669391224
ranking,20260917,Bearing1_4,100,101,True,0.012488555508753052,0.0009658803955971962,0.011522675113155856
ranking,20260917,Bearing1_4,101,102,True,0.004703354794855841,0.0013127220081514679,0.003390632786704373
ranking,20260917,Bearing1_4,102,103,True,0.003632082771673595,0.001263766062038485,0.00236831670963511
ranking,20260917,Bearing1_4,103,104,True,0.018140755564672872,0.0035801611666101962,0.014560594398062676
ranking,20260917,Bearing1_4,104,105,True,0.006679071168520068,0.00117008079905645,0.005508990369463618
ranking,20260917,Bearing1_4,105,106,True,0.015254802085109986,0.001807777167414315,0.013447024917695671
ranking,20260917,Bearing1_4,106,107,True,0.0034633516024342725,0.0028203495021443814,0.0006430021002898911
ranking,20260917,Bearing1_4,107,108,True,0.003688291154048784,0.000933439630898647,0.002754851523150137
ranking,20260917,Bearing1_4,108,109,True,0.0238461853004992,0.006937707541510463,0.016908477758988738
ranking,20260917,Bearing1_4,109,110,True,0.006209742986357014,0.0023167335020843893,0.003893009484272625
ranking,20260917,Bearing1_4,110,111,True,0.01077445552800782,0.0004242765553499339,0.010350178972657886
ranking,20260917,Bearing1_4,111,112,True,0.008756205095323821,4.7879223771474244e-05,0.008708325871552347
ranking,20260917,Bearing1_4,112,113,True,0.004635298620655703,0.0013155753622413613,0.003319723258414342
ranking,20260917,Bearing1_4,113,114,True,0.004353154975888174,0.0005101891110825818,0.003842965864805592
ranking,20260917,Bearing1_4,114,115,True,0.006721832863149757,4.486740537545941e-05,0.006676965457774298
ranking,20260917,Bearing1_4,115,116,True,0.009778743187780492,0.00014009140042681167,0.00963865178735368
ranking,20260917,Bearing1_4,116,117,True,0.01063511324900901,0.00012334447504969148,0.010511768773959318
ranking,20260917,Bearing1_4,117,118,True,0.012742563485517167,0.00039668074168730527,0.012345882743829861
ranking,20260917,Bearing1_4,118,119,True,0.0028583773378159094,0.004396018281113356,-0.001537640943297447
ranking,20260917,Bearing1_4,119,120,True,0.033571249223314226,0.013191398233175278,0.020379850990138948
ranking,20260917,Bearing1_4,120,121,True,3.930270552635193,3.5113658905029297,0.4189046621322632
ranking,20260917,Bearing1_5,0,1,False,0.06508189206942916,0.004455303802387789,0.06062658826704137
ranking,20260917,Bearing1_5,1,2,False,0.02501711738295853,0.006497024034615606,0.018520093348342925
ranking,20260917,Bearing1_5,2,3,False,0.01505703671136871,0.001118398598919157,0.013938638112449553
ranking,20260917,Bearing1_5,3,4,False,0.01904947229195386,0.001577689137775451,0.01747178315417841
ranking,20260917,Bearing1_5,4,5,False,0.010421152619528584,0.00046344751717697363,0.00995770510235161
ranking,20260917,Bearing1_5,5,6,False,0.014541588490828872,0.00024713674292797805,0.014294451747900894
ranking,20260917,Bearing1_5,6,7,False,0.022226128668989986,0.0011720491675077938,0.021054079501482192
ranking,20260917,Bearing1_5,7,8,False,0.02225654199719429,0.00018673685652004224,0.022069805140674248
ranking,20260917,Bearing1_5,8,9,False,0.022791929717641324,8.876359197529382e-05,0.02270316612566603
ranking,20260917,Bearing1_5,9,10,False,0.026045474223792553,0.00044181756402394967,0.025603656659768603
ranking,20260917,Bearing1_5,10,11,False,0.019710328371729702,0.00042596456114551984,0.019284363810584182
ranking,20260917,Bearing1_5,11,12,False,0.0273617577040568,0.0005336153008101974,0.026828142403246602
ranking,20260917,Bearing1_5,12,13,False,0.026839662925340235,5.9068350795499214e-05,0.026780594574544736
ranking,20260917,Bearing1_5,13,14,False,0.029929303796961904,0.00018525412883718673,0.029744049668124717
ranking,20260917,Bearing1_5,14,15,False,0.02046824526041746,0.0007366517220361857,0.019731593538381276
ranking,20260917,Bearing1_5,15,16,False,0.018875730223953724,0.0002403147668701422,0.01863541545708358
ranking,20260917,Bearing1_5,16,17,False,0.01702657586429268,0.0001869223339099335,0.016839653530382748
ranking,20260917,Bearing1_5,17,18,False,0.015425418270751834,0.00016499403818670544,0.015260424232565128
ranking,20260917,Bearing1_5,18,19,False,0.016585618373937905,5.857014287613538e-05,0.01652704823106177
ranking,20260917,Bearing1_5,19,20,False,0.026915269321762025,0.0013345386032597162,0.02558073071850231
ranking,20260917,Bearing1_5,20,21,False,0.02210972795728594,7.058840233753472e-05,0.022039139554948406
ranking,20260917,Bearing1_5,21,22,False,0.027062842389568686,0.00031926027895679,0.026743582110611896
ranking,20260917,Bearing1_5,22,23,False,0.023241834773216397,0.00011904899628234489,0.02312278577693405
ranking,20260917,Bearing1_5,23,24,False,0.026558015146292746,0.00019765698471019277,0.026360358161582553
ranking,20260917,Bearing1_5,24,25,True,0.029651718912646174,0.0001662315817156923,0.029485487330930482
ranking,20260917,Bearing1_5,25,26,True,0.02988965855911374,8.25209846215813e-05,0.02980713757449216
ranking,20260917,Bearing1_5,26,27,True,0.017654329945798963,0.0015851003918214701,0.016069229553977493
ranking,20260917,Bearing1_5,27,28,True,0.020146183902397752,0.00012688373357860883,0.020019300168819143
ranking,20260917,Bearing1_5,28,29,True,0.00987295152299339,0.002206113684223965,0.007666837838769425
ranking,20260917,Bearing1_5,29,30,True,0.010592686783638783,0.00015495232399764802,0.010437734459641135
ranking,20260917,Bearing1_5,30,31,True,0.010587896860670298,0.00019736001877390663,0.010390536841896392
ranking,20260917,Bearing1_5,31,32,True,0.009604790713638067,0.00014179560710658734,0.00946299510653148
ranking,20260917,Bearing1_5,32,33,True,0.001703112122413586,0.008129976922646165,-0.006426864800232579
ranking,20260917,Bearing1_5,33,34,True,0.032307096873410046,0.043372469022870064,-0.011065372149460018
ranking,20260917,Bearing1_5,34,35,True,0.05149956257082522,0.020487299072556198,0.03101226349826902
ranking,20260917,Bearing1_5,35,36,True,0.09974451875314116,0.036437260918319225,0.06330725783482194
ranking,20260917,Bearing1_5,36,37,True,0.08683551428839564,0.016099888365715742,0.0707356259226799
ranking,20260917,Bearing1_5,37,38,True,0.04582757246680558,0.0040130574780050665,0.04181451498880051
ranking,20260917,Bearing1_5,38,39,True,0.12086488120257854,0.059218183159828186,0.06164669804275036
ranking,20260917,Bearing1_5,39,40,True,0.0729450979270041,0.019529672106727958,0.05341542582027614
ranking,20260917,Bearing1_5,40,41,True,0.03721429384313524,0.014694986515678465,0.022519307327456772
ranking,20260917,Bearing1_5,41,42,True,0.010908650459668934,0.005758346975198947,0.005150303484469987
ranking,20260917,Bearing1_5,42,43,True,0.0054554312977455055,0.00024962925681393244,0.005205802040931573
ranking,20260917,Bearing1_5,43,44,True,0.017371486304909922,7.618667893893871e-05,0.017295299625970983
ranking,20260917,Bearing1_5,44,45,True,0.030269393930211663,0.00026941794294543797,0.029999975987266225
ranking,20260917,Bearing1_5,45,46,True,0.043310342938639224,0.000160252345722256,0.04315009059291697
ranking,20260917,Bearing1_5,46,47,True,0.05573357525281608,8.982366184184798e-06,0.055724592886631896
ranking,20260917,Bearing1_5,47,48,True,0.06356003973633051,3.7165352637202886e-05,0.0635228743836933
ranking,20260917,Bearing1_5,48,49,True,0.07158695999532938,0.0001072426225459111,0.07147971737278347
ranking,20260917,Bearing1_5,49,50,True,0.06908833398483694,0.0009364494999317685,0.06815188448490517
ranking,20260917,Bearing1_5,50,51,True,0.0727599790552631,0.0004942103014400345,0.07226576875382307
ranking,20260918,Bearing1_1,0,1,False,0.27855451591312885,0.019437940325587988,0.25911657558754086
ranking,20260918,Bearing1_1,1,2,False,0.10299073136411607,0.001062930496118497,0.10192780086799758
ranking,20260918,Bearing1_1,2,3,False,0.07795192260527983,0.0009837937468546443,0.07696812885842519
ranking,20260918,Bearing1_1,3,4,False,0.03582806392478233,0.01134567114058882,0.024482392784193507
ranking,20260918,Bearing1_1,4,5,False,0.022041275260562543,0.005488365364726633,0.01655290989583591
ranking,20260918,Bearing1_1,5,6,False,0.010990657304574825,0.005337759241228923,0.005652898063345901
ranking,20260918,Bearing1_1,6,7,False,0.017359694525566738,0.00017228962868109932,0.01718740489688564
ranking,20260918,Bearing1_1,7,8,False,0.013932401445345022,0.0003942497405660106,0.013538151704779011
ranking,20260918,Bearing1_1,8,9,False,0.003964121301123669,0.014233438996598125,-0.010269317695474456
ranking,20260918,Bearing1_1,9,10,False,0.0025548186017658736,0.0011541252679307945,0.001400693333835079
ranking,20260918,Bearing1_1,10,11,False,0.010630716555169784,0.014989871997386217,-0.004359155442216434
ranking,20260918,Bearing1_1,11,12,False,0.001284101852661479,9.198155566991773e-05,0.0011921202969915612
ranking,20260918,Bearing1_1,12,13,False,0.004181531471658673,0.0028219512023497373,0.0013595802693089354
ranking,20260918,Bearing1_1,13,14,False,0.0003801859658683071,0.0014162624793243594,-0.0010360765134560523
ranking,20260918,Bearing1_1,14,15,False,0.0021453081935760565,0.0013595329219242558,0.0007857752716518007
ranking,20260918,Bearing1_1,15,16,False,0.003454418980254559,0.0010186779945797753,0.0024357409856747836
ranking,20260918,Bearing1_1,16,17,False,0.009279866411816329,0.0031656745995860547,0.006114191812230274
ranking,20260918,Bearing1_1,17,18,False,0.0011504738527037262,0.0011547785252332687,-4.304672529542586e-06
ranking,20260918,Bearing1_1,18,19,False,0.003413971029658569,0.0004923819651594386,0.0029215890644991305
ranking,20260918,Bearing1_1,19,20,False,0.0023797413127795153,8.712622280881988e-05,0.0022926150899706954
ranking,20260918,Bearing1_1,20,21,False,0.024443927453830838,0.01296363992150873,0.011480287532322109
ranking,20260918,Bearing1_1,21,22,False,0.006368714261043351,0.024891065899282694,-0.018522351638239343
ranking,20260918,Bearing1_1,22,23,False,0.018552769673988223,0.018088716082274914,0.0004640535917133093
ranking,20260918,Bearing1_1,23,24,False,0.016903013514820486,0.002278247782669496,0.01462476573215099
ranking,20260918,Bearing1_1,24,25,True,0.0012949828212640568,0.003931108234610292,-0.0026361254133462353
ranking,20260918,Bearing1_1,25,26,True,0.004172156868662569,0.0005832093081608036,0.003588947560501765
ranking,20260918,Bearing1_1,26,27,True,0.03764560562558472,0.018876298679970205,0.018769306945614517
ranking,20260918,Bearing1_1,27,28,True,0.0035052321486546134,0.01707959920167923,-0.013574367053024616
ranking,20260918,Bearing1_1,28,29,True,0.010386188165284693,0.004800515860551968,0.005585672304732725
ranking,20260918,Bearing1_1,29,30,True,0.017833581834565848,0.0031544652592856437,0.014679116575280204
ranking,20260918,Bearing1_1,30,31,True,0.00424989053635727,0.0013136696652509272,0.002936220871106343
ranking,20260918,Bearing1_1,31,32,True,0.0020869572754236287,0.005389750993344933,-0.003302793717921304
ranking,20260918,Bearing1_1,32,33,True,0.007279966215719469,0.002146241895388812,0.005133724320330657
ranking,20260918,Bearing1_1,33,34,True,0.04403863498009741,0.019994114991277456,0.024044519988819957
ranking,20260918,Bearing1_1,34,35,True,0.0161905269997078,0.0005778091131674046,0.015612717886540395
ranking,20260918,Bearing1_1,35,36,True,0.015250597352860495,0.03271249053068459,-0.017461893177824095
ranking,20260918,Bearing1_1,36,37,True,0.030420490191318095,0.02669460279867053,0.0037258873926475644
ranking,20260918,Bearing1_1,37,38,True,0.002106332602124894,0.013434621971100569,-0.011328289368975675
ranking,20260918,Bearing1_1,38,39,True,0.0029157261396903777,0.0005789428059870261,0.0023367833337033517
ranking,20260918,Bearing1_1,39,40,True,0.0658302353695035,0.0427776463329792,0.023052589036524296
ranking,20260918,Bearing1_1,40,41,True,0.00843425092580219,0.033179401187226176,-0.024745150261423987
ranking,20260918,Bearing1_1,41,42,True,0.0037265180217218585,0.00314064507256262,0.0005858729491592385
ranking,20260918,Bearing1_1,42,43,True,0.0016425520125267212,0.002663458770257421,-0.0010209067577306996
ranking,20260918,Bearing1_1,43,44,True,0.07198923220857978,0.05438178451731801,0.01760744769126177
ranking,20260918,Bearing1_1,44,45,True,0.00470590173790697,0.026938887778669596,-0.022232986040762626
ranking,20260918,Bearing1_1,45,46,True,0.04232239490374923,0.03131873952224851,0.011003655381500721
ranking,20260918,Bearing1_1,46,47,True,0.004301013036638324,0.008956651960033923,-0.0046556389233956
ranking,20260918,Bearing1_1,47,48,True,0.007946075438667322,0.015540386142674834,-0.007594310704007512
ranking,20260918,Bearing1_1,48,49,True,0.002886239075451158,0.0007287733506018412,0.0021574657248493168
ranking,20260918,Bearing1_1,49,50,True,0.02185312134679407,0.008446235355222598,0.013406885991571471
ranking,20260918,Bearing1_1,50,51,True,0.003578629531716615,0.011550931143574417,-0.007972301611857802
ranking,20260918,Bearing1_1,51,52,True,0.010005277785239741,0.0033820482130977325,0.006623229572142009
ranking,20260918,Bearing1_1,52,53,True,0.011495920829474926,0.001011524193941682,0.010484396635533244
ranking,20260918,Bearing1_1,53,54,True,0.0025543122582121214,0.0026067016588058323,-5.238940059371089e-05
ranking,20260918,Bearing1_1,54,55,True,0.012314278923440725,0.0034029930538963526,0.008911285869544372
ranking,20260918,Bearing1_1,55,56,True,0.016859472962096334,0.0024605994258308783,0.014398873536265455
ranking,20260918,Bearing1_1,56,57,True,0.0029393503987762415,0.00926924915984273,-0.006329898761066488
ranking,20260918,Bearing1_1,57,58,True,0.007343670281898085,0.0015293671567633282,0.0058143031251347566
ranking,20260918,Bearing1_1,58,59,True,0.0069263528442888855,1.919593213983717e-05,0.006907156912149048
ranking,20260918,Bearing1_1,59,60,True,0.0051455954152856975,0.0005105095206090482,0.004635085894676649
ranking,20260918,Bearing1_1,60,61,True,0.012821923533920199,0.003337808554078947,0.009484114979841252
ranking,20260918,Bearing1_1,61,62,True,0.003887065653287891,0.012525077792815864,-0.008638012139527973
ranking,20260918,Bearing1_1,62,63,True,0.0022799933394708205,0.00012762252089260073,0.0021523708185782198
ranking,20260918,Bearing1_1,63,64,True,0.050703069660812616,0.029827943071722984,0.020875126589089632
ranking,20260918,Bearing1_1,64,65,True,0.00613056502947984,0.0038473253516713157,0.002283239677808524
ranking,20260918,Bearing1_1,65,66,True,0.020953745231963694,0.007082877738866955,0.013870867493096739
ranking,20260918,Bearing1_1,66,67,True,0.004418433727551019,0.0014698325394419953,0.0029486011881090235
ranking,20260918,Bearing1_1,67,68,True,0.008689399183488433,0.0009005443312162242,0.007788854852272209
ranking,20260918,Bearing1_1,68,69,True,0.015954643109580502,0.0027881958230864257,0.013166447286494076
ranking,20260918,Bearing1_1,69,70,True,0.032296656165272,0.010691683972254395,0.021604972193017602
ranking,20260918,Bearing1_1,70,71,True,0.02827520578284748,0.006794449232984334,0.021480756549863145
ranking,20260918,Bearing1_1,71,72,True,0.019482805655940183,0.005099117857753299,0.014383687798186884
ranking,20260918,Bearing1_1,72,73,True,0.011454855226475047,0.003231654438422993,0.008223200788052054
ranking,20260918,Bearing1_1,73,74,True,0.014196405114489608,0.009557472658343613,0.004638932456145994
ranking,20260918,Bearing1_1,74,75,True,0.023925889933479993,0.025020939181558788,-0.0010950492480787943
ranking,20260918,Bearing1_1,75,76,True,0.01477156412875047,0.002938293677289039,0.01183327045146143
ranking,20260918,Bearing1_1,76,77,True,0.012919563057948835,0.044800158590078354,-0.03188059553212952
ranking,20260918,Bearing1_1,77,78,True,0.15606266353279352,0.2267765924334526,-0.07071392890065908
ranking,20260918,Bearing1_1,78,79,True,0.029489808715879917,6.226569507816748e-05,0.02942754302080175
ranking,20260918,Bearing1_1,79,80,True,0.002636131973758893,0.00031985747591534164,0.002316274497843551
ranking,20260918,Bearing1_1,80,81,True,0.0021119020675541833,1.6708748717064736e-05,0.0020951933188371186
ranking,20260918,Bearing1_1,81,82,True,0.009770233766175807,1.3183611358158487e-05,0.009757050154817648
ranking,20260918,Bearing1_1,82,83,True,0.012983824010007083,0.0006332990315058851,0.012350524978501198
ranking,20260918,Bearing1_1,83,84,True,0.020103951101191342,1.4830552381273066e-05,0.02008912054881007
ranking,20260918,Bearing1_1,84,85,True,0.025469517102465034,3.7890557024411464e-05,0.025431626545440622
ranking,20260918,Bearing1_1,85,86,True,0.03052573441527784,2.6768419459699544e-05,0.03049896599581814
ranking,20260918,Bearing1_1,86,87,True,0.031796158757060766,8.688711952231642e-05,0.03170927163753845
ranking,20260918,Bearing1_1,87,88,True,0.03474676120094955,1.6445488117966534e-05,0.03473031571283158
ranking,20260918,Bearing1_1,88,89,True,0.035432968055829406,7.608439194228822e-05,0.03535688366388712
ranking,20260918,Bearing1_1,89,90,True,0.036144425510428846,2.14124518151948e-05,0.03612301305861365
ranking,20260918,Bearing1_1,90,91,True,0.039354601642116904,3.354295654389716e-05,0.03932105868557301
ranking,20260918,Bearing1_1,91,92,True,0.03761421062517911,0.000138763264658337,0.037475447360520775
ranking,20260918,Bearing1_1,92,93,True,0.03798433090560138,2.402884225105595e-05,0.037960302063350326
ranking,20260918,Bearing1_1,93,94,True,0.03917308687232435,5.881591466305736e-06,0.03916720528085804
ranking,20260918,Bearing1_1,94,95,True,0.03927000588737428,3.8246814312969946e-05,0.03923175907306131
ranking,20260918,Bearing1_1,95,96,True,0.04003327712416649,5.5921630292221636e-05,0.03997735549387427
ranking,20260918,Bearing1_1,96,97,True,0.037679681670852005,7.142266326809477e-05,0.03760825900758391
ranking,20260918,Bearing1_1,97,98,True,0.04109307925682515,4.002207330700003e-05,0.04105305718351815
ranking,20260918,Bearing1_1,98,99,True,0.03973282757215202,4.570308900042619e-05,0.03968712448315159
ranking,20260918,Bearing1_1,99,100,True,0.04192462842911482,5.470650381766973e-05,0.04186992192529715
ranking,20260918,Bearing1_1,100,101,True,0.040926748886704445,3.255596840290309e-05,0.04089419291830154
ranking,20260918,Bearing1_1,101,102,True,0.04084714036434889,1.1748787549947792e-05,0.04083539157679894
ranking,20260918,Bearing1_1,102,103,True,0.0402160327648744,1.692500835304145e-05,0.04019910775652136
ranking,20260918,Bearing1_1,103,104,True,0.04125991545151919,1.0421984815156549e-05,0.041249493466704035
ranking,20260918,Bearing1_1,104,105,True,0.04109823133330792,3.677005154045787e-05,0.041061461281767464
ranking,20260918,Bearing1_1,105,106,True,0.0425716582685709,1.5948774304774815e-05,0.042555709494266125
ranking,20260918,Bearing1_1,106,107,True,0.04107185412431136,5.7687076605361653e-05,0.041014167047705996
ranking,20260918,Bearing1_1,107,108,True,0.043156729894690216,1.977582065393335e-05,0.04313695407403628
ranking,20260918,Bearing1_1,108,109,True,0.0406114052166231,4.7555218202433025e-05,0.040563849998420665
ranking,20260918,Bearing1_1,109,110,True,0.04074051429051906,2.4718786733046727e-05,0.04071579550378601
ranking,20260918,Bearing1_1,110,111,True,0.04117203538771719,2.05674973301484e-05,0.04115146789038704
ranking,20260918,Bearing1_1,111,112,True,0.03987819532630965,2.869719702580653e-05,0.039849498129283845
ranking,20260918,Bearing1_1,112,113,True,0.041346304962644354,0.00010480465604700839,0.041241500306597345
ranking,20260918,Bearing1_1,113,114,True,0.03910363084287383,5.449807920854255e-05,0.039049132763665284
ranking,20260918,Bearing1_1,114,115,True,0.040141559147741646,2.1652610598721367e-05,0.040119906537142924
ranking,20260918,Bearing1_1,115,116,True,0.04112106774118729,2.7506973844459992e-05,0.04109356076734283
ranking,20260918,Bearing1_1,116,117,True,0.042209304752759635,7.211206058066466e-05,0.04213719269217897
ranking,20260918,Bearing1_1,117,118,True,0.03994168431381695,6.079167940242769e-05,0.03988089263441452
ranking,20260918,Bearing1_1,118,119,True,0.040317571692867205,1.3970411146146944e-05,0.04030360128172106
ranking,20260918,Bearing1_1,119,120,True,0.038793065963545814,5.17774641051183e-05,0.038741288499440696
ranking,20260918,Bearing1_1,120,121,True,0.03619219744723523,0.00015789664923460123,0.03603430079800063
ranking,20260918,Bearing1_1,121,122,True,0.028733881743391976,0.002487897914761561,0.026245983828630415
ranking,20260918,Bearing1_2,0,1,False,0.1606973041780293,6.884074901059023e-05,0.1606284634290187
ranking,20260918,Bearing1_2,1,2,False,0.016053334806201747,0.006535779626574367,0.00951755517962738
ranking,20260918,Bearing1_2,2,3,False,0.019735477806534618,0.0015294107288355008,0.018206067077699117
ranking,20260918,Bearing1_2,3,4,False,0.025274277969401737,0.0007184710370395919,0.024555806932362145
ranking,20260918,Bearing1_2,4,5,False,0.030729271500604227,0.0009322044970758725,0.029797067003528355
ranking,20260918,Bearing1_2,5,6,False,0.0124053179152952,0.0047103650867938995,0.0076949528285013
ranking,20260918,Bearing1_2,6,7,False,0.011014135514244572,0.0005457370043586707,0.010468398509885901
ranking,20260918,Bearing1_2,7,8,False,0.008345085748260317,0.000983730473308242,0.007361355274952075
ranking,20260918,Bearing1_2,8,9,False,0.01816588987276191,0.0016990351432468742,0.016466854729515035
ranking,20260918,Bearing1_2,9,10,False,0.016477664496960642,0.00014805132607875748,0.016329613170881885
ranking,20260918,Bearing1_2,10,11,False,0.015715344637101225,8.690047934578615e-05,0.01562844415775544
ranking,20260918,Bearing1_2,11,12,False,0.01678755496584472,0.00011772474164217783,0.016669830224202542
ranking,20260918,Bearing1_2,12,13,False,0.017975564528114774,0.0001364793828315669,0.017839085145283207
ranking,20260918,Bearing1_2,13,14,False,0.011868006480654003,0.0010230270181637025,0.0108449794624903
ranking,20260918,Bearing1_2,14,15,False,0.038169320789165795,0.007978285546414554,0.03019103524275124
ranking,20260918,Bearing1_2,15,16,False,0.0363106592267286,0.0005402407268775278,0.035770418499851075
ranking,20260918,Bearing1_2,16,17,False,0.027351845645171124,0.0003877186339025229,0.0269641270112686
ranking,20260918,Bearing1_2,17,18,False,0.023803728501889054,0.00045533086677096435,0.02334839763511809
ranking,20260918,Bearing1_2,18,19,False,0.026735688003100222,0.0001619445542928588,0.026573743448807363
ranking,20260918,Bearing1_2,19,20,False,0.03549598131212406,0.0008102233841782436,0.034685757927945815
ranking,20260918,Bearing1_2,20,21,False,0.05282173561863601,0.002815003666910343,0.05000673195172567
ranking,20260918,Bearing1_2,21,22,False,0.023786992471286794,0.004765727091580629,0.019021265379706165
ranking,20260918,Bearing1_2,22,23,False,0.017810173747420777,0.0015113247136469,0.016298849033773877
ranking,20260918,Bearing1_2,23,24,False,0.016526573861483485,0.0005751893449996714,0.015951384516483813
ranking,20260918,Bearing1_2,24,25,True,0.026441402165801264,0.001193298838188639,0.025248103327612625
ranking,20260918,Bearing1_2,25,26,True,0.01160221912596171,0.0035887772392015904,0.00801344188676012
ranking,20260918,Bearing1_2,26,27,True,0.02393794096133206,0.0018696146871661767,0.022068326274165884
ranking,20260918,Bearing1_2,27,28,True,0.025530470549711026,0.0002161158573414923,0.025314354692369534
ranking,20260918,Bearing1_2,28,29,True,0.02405804346926743,6.647471219167755e-05,0.023991568757075754
ranking,20260918,Bearing1_2,29,30,True,0.014965483522246359,0.0014935230719856918,0.013471960450260667
ranking,20260918,Bearing1_2,30,31,True,0.09022165345959365,0.033611845690757036,0.05660980776883662
ranking,20260918,Bearing1_2,31,32,True,0.08043973834719509,0.001172259777376894,0.0792674785698182
ranking,20260918,Bearing1_2,32,33,True,0.031099710518901702,0.010398878657724708,0.020700831861176994
ranking,20260918,Bearing1_2,33,34,True,0.017853890894912183,0.0045752406876999885,0.013278650207212195
ranking,20260918,Bearing1_2,34,35,True,0.021469485440320568,9.183998399464599e-05,0.021377645456325922
ranking,20260918,Bearing1_2,35,36,True,0.004554464601824293,0.016289993189275265,-0.011735528587450972
ranking,20260918,Bearing1_2,36,37,True,0.00969265159983479,0.01921697927173227,-0.009524327671897481
ranking,20260918,Bearing1_2,37,38,True,0.03295486909337342,0.027182398596778512,0.005772470496594906
ranking,20260918,Bearing1_2,38,39,True,0.002418354219116736,0.0010108935093740001,0.001407460709742736
ranking,20260918,Bearing1_2,39,40,True,0.015862388885580003,0.00809983559884131,0.007762553286738694
ranking,20260918,Bearing1_2,40,41,True,0.02749127586139366,0.05279303016141057,-0.02530175430001691
ranking,20260918,Bearing1_2,41,42,True,0.006596441247893381,0.01576642505824566,-0.009169983810352278
ranking,20260918,Bearing1_2,42,43,True,0.061511528212577105,0.04225450428202748,0.01925702393054962
ranking,20260918,Bearing1_2,43,44,True,0.006892092500493163,0.035057443426921964,-0.0281653509264288
ranking,20260918,Bearing1_2,44,45,True,0.28378112241625786,0.280951164662838,0.002829957753419876
ranking,20260918,Bearing1_2,45,46,True,0.11446226993575692,0.01717927190475166,0.09728299803100526
ranking,20260918,Bearing1_2,46,47,True,0.007843136472729384,0.01063047454226762,-0.0027873380695382366
ranking,20260918,Bearing1_2,47,48,True,0.13819545321166515,0.13738737907260656,0.0008080741390585899
ranking,20260918,Bearing1_2,48,49,True,0.04784517013467848,0.07207534881308675,-0.024230178678408265
ranking,20260918,Bearing1_2,49,50,True,0.17763626482337713,0.08931050170212984,0.08832576312124729
ranking,20260918,Bearing1_2,50,51,True,0.008013513717742171,0.007068879378493875,0.0009446343392482959
ranking,20260918,Bearing1_2,51,52,True,0.03583152772625908,0.03238578210584819,0.0034457456204108894
ranking,20260918,Bearing1_2,52,53,True,0.009435256187543928,0.001640920013755931,0.007794336173787997
ranking,20260918,Bearing1_2,53,54,True,0.032142980583103054,0.010180504235904664,0.02196247634719839
ranking,20260918,Bearing1_2,54,55,True,0.03785097334184684,0.07503901282325387,-0.03718803948140703
ranking,20260918,Bearing1_2,55,56,True,0.012763983766490128,0.0021686769105144776,0.01059530685597565
ranking,20260918,Bearing1_2,56,57,True,0.008084520733973477,0.028315146919339895,-0.020230626185366418
ranking,20260918,Bearing1_2,57,58,True,0.00811138457351035,0.010688543901778758,-0.002577159328268408
ranking,20260918,Bearing1_2,58,59,True,0.025010150449816138,0.0003275818846226741,0.024682568565193463
ranking,20260918,Bearing1_2,59,60,True,0.017719821980790584,0.00984646868892014,0.007873353291870444
ranking,20260918,Bearing1_2,60,61,True,0.0415144393364244,0.00018363127184928274,0.04133080806457512
ranking,20260918,Bearing1_2,61,62,True,0.05901539884507656,0.21035071089863777,-0.1513353120535612
ranking,20260918,Bearing1_2,62,63,True,0.08291242783889174,0.025576062267646194,0.05733636557124555
ranking,20260918,Bearing1_2,63,64,True,0.06568074552342296,0.002178072798415087,0.06350267272500787
ranking,20260918,Bearing1_2,64,65,True,0.015077588614076376,0.006403321109246463,0.008674267504829913
ranking,20260918,Bearing1_2,65,66,True,0.03734841267578304,0.0121789172408171,0.02516949543496594
ranking,20260918,Bearing1_2,66,67,True,0.020476454636082053,0.0005256007189018419,0.01995085391718021
ranking,20260918,Bearing1_2,67,68,True,0.009207700641127303,0.0007313453206734266,0.008476355320453877
ranking,20260918,Bearing1_2,68,69,True,0.0017555066062300284,0.002434597408864647,-0.0006790908026346187
ranking,20260918,Bearing1_2,69,70,True,0.006654733829236648,0.0035462668965919875,0.00310846693264466
ranking,20260918,Bearing1_2,70,71,True,0.0016807047935003538,0.0058162714703939855,-0.004135566676893632
ranking,20260918,Bearing1_2,71,72,True,0.004124443884736095,0.004540561931207776,-0.0004161180464716807
ranking,20260918,Bearing1_2,72,73,True,0.003283923095295904,3.074454975049434e-05,0.00325317854554541
ranking,20260918,Bearing1_2,73,74,True,0.0061869536202721065,0.001301998388953507,0.0048849552313185995
ranking,20260918,Bearing1_2,74,75,True,0.0029322898262762465,0.0011539936785993632,0.0017782961476768833
ranking,20260918,Bearing1_2,75,76,True,0.0032360643144784262,7.724182865587181e-05,0.0031588224858225544
ranking,20260918,Bearing1_2,76,77,True,0.0029053985999780707,4.464635900092162e-06,0.0029009339640779785
ranking,20260918,Bearing1_2,77,78,True,0.006100351301483897,0.0015823780559003353,0.004517973245583562
ranking,20260918,Bearing1_2,78,79,True,0.003221224481421814,0.0005605657388514373,0.0026606587425703765
ranking,20260918,Bearing1_2,79,80,True,0.009508862967777532,0.0030111851228866726,0.006497677844890859
ranking,20260918,Bearing1_2,80,81,True,0.008547017714590766,5.287653550567484e-05,0.00849414117908509
ranking,20260918,Bearing1_2,81,82,True,0.0039002345078955614,0.0012851556784880813,0.00261507882940748
ranking,20260918,Bearing1_2,82,83,True,0.004948762030380749,0.00016787505910542677,0.004780886971275322
ranking,20260918,Bearing1_2,83,84,True,0.008280462388938759,0.0007714078019489534,0.007509054586989805
ranking,20260918,Bearing1_2,84,85,True,0.004039474298224377,0.001182447205792414,0.002857027092431963
ranking,20260918,Bearing1_2,85,86,True,0.00595497536687617,0.0005196747813442926,0.005435300585531877
ranking,20260918,Bearing1_2,86,87,True,0.005063417787868119,5.420241188858199e-05,0.005009215375979537
ranking,20260918,Bearing1_2,87,88,True,0.002821064206727897,0.0005056599320596433,0.0023154042746682535
ranking,20260918,Bearing1_2,88,89,True,0.005088691867968009,0.0007423437855322845,0.004346348082435725
ranking,20260918,Bearing1_2,89,90,True,0.00534597653813762,4.806733659279416e-05,0.005297909201544826
ranking,20260918,Bearing1_2,90,91,True,0.007347586750256596,0.00033181995240738615,0.00701576679784921
ranking,20260918,Bearing1_2,91,92,True,0.006915217687492259,3.1274664422653586e-05,0.006883943023069605
ranking,20260918,Bearing1_2,92,93,True,0.00911241679568775,0.00030953050600146526,0.008802886289686285
ranking,20260918,Bearing1_2,93,94,True,0.008338731902767904,2.6258150114699674e-05,0.008312473752653204
ranking,20260918,Bearing1_2,94,95,True,0.00848040655546356,1.3586812983135133e-05,0.008466819742480425
ranking,20260918,Bearing1_2,95,96,True,0.0073664341143739875,4.1863557271426544e-05,0.007324570557102561
ranking,20260918,Bearing1_2,96,97,True,0.0070619488033116795,2.1711203949337232e-05,0.007040237599362342
ranking,20260918,Bearing1_2,97,98,True,0.0075351069899625145,2.0548229343830826e-05,0.007514558760618684
ranking,20260918,Bearing1_2,98,99,True,0.0070501952432096004,2.9586624679112106e-05,0.007020608618530488
ranking,20260918,Bearing1_2,99,100,True,0.007668553676921874,3.728659676660584e-05,0.0076312670801552684
ranking,20260918,Bearing1_2,100,101,True,0.009008948676637374,8.151907741194009e-05,0.008927429599225434
ranking,20260918,Bearing1_2,101,102,True,0.009973408741643652,5.599324129690331e-05,0.009917415500346749
ranking,20260918,Bearing1_2,102,103,True,0.010078385093947873,1.7645049940284707e-05,0.010060740044007588
ranking,20260918,Bearing1_2,103,104,True,0.010042480353149585,1.7772357082890267e-05,0.010024707996066695
ranking,20260918,Bearing1_2,104,105,True,0.008678208170749713,7.389034067273315e-05,0.00860431783007698
ranking,20260918,Bearing1_2,105,106,True,0.008924409601604566,4.13479681355966e-05,0.00888306163346897
ranking,20260918,Bearing1_2,106,107,True,0.00924498456879519,2.727886518982814e-05,0.009217705703605361
ranking,20260918,Bearing1_2,107,108,True,0.009150565892923623,2.002267182810158e-05,0.009130543221095522
ranking,20260918,Bearing1_2,108,109,True,0.008674304583109915,1.0449317130678537e-05,0.008663855265979237
ranking,20260918,Bearing1_2,109,110,True,0.008712619353900664,5.2563727344079325e-06,0.008707362981166256
ranking,20260918,Bearing1_2,110,111,True,0.00793190325202886,4.428666034073103e-05,0.007887616591688129
ranking,20260918,Bearing1_2,111,112,True,0.008075163648754824,3.558958190019723e-05,0.008039574066854627
ranking,20260918,Bearing1_2,112,113,True,0.0072164769226219505,4.329955280013564e-05,0.007173177369821815
ranking,20260918,Bearing1_2,113,114,True,0.007218270184239373,6.921983789709429e-06,0.007211348200449663
ranking,20260918,Bearing1_2,114,115,True,0.00793460965178383,2.623456356332099e-05,0.00790837508822051
ranking,20260918,Bearing1_2,115,116,True,0.007736179388302844,1.690073960958216e-05,0.007719278648693262
ranking,20260918,Bearing1_2,116,117,True,0.007871908688684925,3.5138773633036635e-06,0.007868394811321622
ranking,20260918,Bearing1_2,117,118,True,0.00778130011894973,9.530344115660228e-06,0.00777176977483407
ranking,20260918,Bearing1_2,118,119,True,0.008424720959737897,1.887476850015446e-05,0.008405846191237742
ranking,20260918,Bearing1_2,119,120,True,0.008204463389120065,9.164046751664046e-06,0.0081952993423684
ranking,20260918,Bearing1_2,120,121,True,0.009126624980126508,3.501312644971222e-05,0.009091611853676795
ranking,20260918,Bearing1_2,121,122,True,0.009177792817354202,5.1941052696236056e-05,0.009125851764657966
ranking,20260918,Bearing1_2,122,123,True,0.009804700006498024,6.275946580558411e-05,0.00974194054069244
ranking,20260918,Bearing1_2,123,124,True,0.009909595581120811,1.80946802927906e-05,0.00989150090082802
ranking,20260918,Bearing1_2,124,125,True,0.010741804973804392,0.00010481639372983409,0.010636988580074558
ranking,20260918,Bearing1_2,125,126,True,0.010260759358061478,0.000208970130872288,0.01005178922718919
ranking,20260918,Bearing1_2,126,127,True,0.01020258454082068,1.2014826172190851e-05,0.01019056971464849
ranking,20260918,Bearing1_2,127,128,True,0.010874829356907867,4.529330038849366e-05,0.010829536056519373
ranking,20260918,Bearing1_2,128,129,True,0.011237577244173735,1.9845387413397475e-05,0.011217731856760338
ranking,20260918,Bearing1_2,129,130,True,0.011951071064686403,1.5238278239237957e-05,0.011935832786447165
ranking,20260918,Bearing1_2,130,131,True,0.012036891741445288,8.327067378743891e-06,0.012028564674066544
ranking,20260918,Bearing1_2,131,132,True,0.012120574683649465,2.5685526097163347e-06,0.012118006131039749
ranking,20260918,Bearing1_2,132,133,True,0.01291859574848786,2.0169618267118494e-05,0.012898426130220741
ranking,20260918,Bearing1_2,133,134,True,0.011989082908257842,2.4447254162396348e-05,0.011964635654095446
ranking,20260918,Bearing1_2,134,135,True,0.012763790495228022,2.028112402285842e-05,0.012743509371205164
ranking,20260918,Bearing1_2,135,136,True,0.013328003289643675,3.5210876887958875e-05,0.013292792412755716
ranking,20260918,Bearing1_2,136,137,True,0.01266816517454572,2.2707894197893097e-05,0.012645457280347827
ranking,20260918,Bearing1_2,137,138,True,0.012868234276538715,9.636532057655245e-06,0.01285859774448106
ranking,20260918,Bearing1_2,138,139,True,0.012384783825837076,5.733903467586288e-06,0.01237904992236949
ranking,20260918,Bearing1_2,139,140,True,0.012110309064155445,7.864914886468455e-06,0.012102444149268976
ranking,20260918,Bearing1_2,140,141,True,0.01176295368350111,9.50337019567371e-06,0.011753450313305436
ranking,20260918,Bearing1_2,141,142,True,0.01186618601786904,4.080691738295172e-06,0.011862105326130745
ranking,20260918,Bearing1_2,142,143,True,0.011153908388223499,1.334413033760029e-05,0.011140564257885899
ranking,20260918,Bearing1_2,143,144,True,0.011304681072942913,6.473864040401622e-06,0.011298207208902511
ranking,20260918,Bearing1_2,144,145,True,0.012439721205737442,4.5469940715747725e-05,0.012394251265021694
ranking,20260918,Bearing1_2,145,146,True,0.014691214601043612,0.0002020910797000397,0.014489123521343572
ranking,20260918,Bearing1_2,146,147,True,0.015623824787326157,2.456509318449207e-05,0.015599259694141665
ranking,20260918,Bearing1_2,147,148,True,0.016267593920929357,1.7678371939666704e-05,0.01624991554898969
ranking,20260918,Bearing1_2,148,149,True,0.016671567631419748,5.72670888310256e-06,0.016665840922536646
ranking,20260918,Bearing1_2,149,150,True,0.017354350711684674,2.3529817832823596e-05,0.01733082089385185
ranking,20260918,Bearing1_2,150,151,True,0.018482042447431013,3.535743692850701e-05,0.018446685010502506
ranking,20260918,Bearing1_2,151,152,True,0.0184694005001802,6.1232906336528e-06,0.018463277209546547
ranking,20260918,Bearing1_2,152,153,True,0.018748348229564726,1.2188754164199622e-05,0.018736159475400527
ranking,20260918,Bearing1_2,153,154,True,0.0190784196020104,2.0196929312987777e-05,0.01905822267269741
ranking,20260918,Bearing1_2,154,155,True,0.020379586989292875,5.2940292874836814e-05,0.020326646696418038
ranking,20260918,Bearing1_2,155,156,True,0.020344377786386758,1.2050731371004986e-05,0.020332327055015753
ranking,20260918,Bearing1_2,156,157,True,0.020817779790377244,1.7744523070462037e-05,0.020800035267306782
ranking,20260918,Bearing1_2,157,158,True,0.022613809123868123,5.755620492209346e-05,0.02255625291894603
ranking,20260918,Bearing1_2,158,159,True,0.02330739182070829,8.559825772636032e-06,0.023298831994935654
ranking,20260918,Bearing1_2,159,160,True,0.03099431804730557,0.0006373348938950585,0.03035698315341051
ranking,20260918,Bearing1_3,0,1,False,0.18549248296767473,0.00011832212592821634,0.18537416084174652
ranking,20260918,Bearing1_3,1,2,False,0.028379826243181583,0.0037537352473009378,0.024626090995880645
ranking,20260918,Bearing1_3,2,3,False,0.019061460818193154,0.00030737633392163843,0.018754084484271516
ranking,20260918,Bearing1_3,3,4,False,0.007355472560448106,0.005968956451397389,0.0013865161090507172
ranking,20260918,Bearing1_3,4,5,False,0.01522945556536115,0.0008591830701334402,0.01437027249522771
ranking,20260918,Bearing1_3,5,6,False,0.008429231780496593,0.0013975217079860158,0.0070317100725105774
ranking,20260918,Bearing1_3,6,7,False,0.019911017145204823,0.002308820330654271,0.017602196814550553
ranking,20260918,Bearing1_3,7,8,False,0.019613227397712762,0.0002167293813499782,0.019396498016362784
ranking,20260918,Bearing1_3,8,9,False,0.02462701065815054,0.000697405768733006,0.023929604889417533
ranking,20260918,Bearing1_3,9,10,False,0.015787245371029712,0.0007595428460263065,0.015027702525003406
ranking,20260918,Bearing1_3,10,11,False,0.008322091664012987,0.0030773190810577944,0.005244772582955193
ranking,20260918,Bearing1_3,11,12,False,0.010987820518494118,9.262580363156303e-05,0.010895194714862555
ranking,20260918,Bearing1_3,12,13,False,0.00812647833754454,0.000447695219918387,0.007678783117626153
ranking,20260918,Bearing1_3,13,14,False,0.01927815126691712,0.0027197431336389855,0.016558408133278135
ranking,20260918,Bearing1_3,14,15,False,0.014649127097527526,4.021492527961357e-05,0.014608912172247912
ranking,20260918,Bearing1_3,15,16,False,0.013884250234696083,2.277460556143751e-05,0.013861475629134645
ranking,20260918,Bearing1_3,16,17,False,0.012483634753152728,0.0001389612228379633,0.012344673530314765
ranking,20260918,Bearing1_3,17,18,False,0.005070447866273753,0.003898857714375481,0.0011715901518982719
ranking,20260918,Bearing1_3,18,19,False,0.005395100379246287,0.00019089795978288748,0.0052042024194633996
ranking,20260918,Bearing1_3,19,20,False,0.004872229749253165,0.00014457071466900118,0.004727659034584164
ranking,20260918,Bearing1_3,20,21,False,0.0065686159978213254,0.00017131510540480122,0.006397300892416524
ranking,20260918,Bearing1_3,21,22,False,0.0033691958687995793,0.00126828440988902,0.0021009114589105593
ranking,20260918,Bearing1_3,22,23,False,0.0034980725513378275,3.6143721331427514e-05,0.0034619288300064
ranking,20260918,Bearing1_3,23,24,False,0.008133221048410633,0.0014063036651350558,0.006726917383275577
ranking,20260918,Bearing1_3,24,25,True,0.006328991850750754,7.239882070564363e-05,0.00625659303004511
ranking,20260918,Bearing1_3,25,26,True,0.006553823754074983,0.0001125169001170434,0.00644130685395794
ranking,20260918,Bearing1_3,26,27,True,0.0044177628096804256,0.000394586644233641,0.004023176165446785
ranking,20260918,Bearing1_3,27,28,True,0.006030163262039423,0.0001647965710844801,0.005865366690954943
ranking,20260918,Bearing1_3,28,29,True,0.00475922080215696,0.0001854283650573052,0.004573792437099655
ranking,20260918,Bearing1_3,29,30,True,0.008547887386157527,0.0009719425725052133,0.007575944813652313
ranking,20260918,Bearing1_3,30,31,True,0.0044399778698789305,0.0009605241866665892,0.0034794536832123413
ranking,20260918,Bearing1_3,31,32,True,0.006537180384839303,0.00044100433751737,0.006096176047321933
ranking,20260918,Bearing1_3,32,33,True,0.00965806813405834,0.0005992895412418875,0.009058778592816452
ranking,20260918,Bearing1_3,33,34,True,0.008838160370942205,5.712841090854681e-05,0.008781031960033658
ranking,20260918,Bearing1_3,34,35,True,0.0067637629126693355,0.0001615719177863184,0.006602190994883017
ranking,20260918,Bearing1_3,35,36,True,0.006271027883485658,6.283300962195426e-05,0.006208194873863704
ranking,20260918,Bearing1_3,36,37,True,0.01463173008596641,0.002144325480912812,0.012487404605053598
ranking,20260918,Bearing1_3,37,38,True,0.012745331777296087,6.159257940119289e-05,0.012683739197894894
ranking,20260918,Bearing1_3,38,39,True,0.014970496709793224,0.0003851502297038678,0.014585346480089356
ranking,20260918,Bearing1_3,39,40,True,0.010732260874647181,0.0003753876771952491,0.010356873197451932
ranking,20260918,Bearing1_3,40,41,True,0.007845041609471082,0.000478927897347603,0.007366113712123479
ranking,20260918,Bearing1_3,41,42,True,0.009515030793409096,9.123752693263043e-05,0.009423793266476466
ranking,20260918,Bearing1_3,42,43,True,0.0172390568695846,0.001453866636438761,0.01578519023314584
ranking,20260918,Bearing1_3,43,44,True,0.008684866148541914,0.0012697454149019904,0.007415120733639924
ranking,20260918,Bearing1_3,44,45,True,0.01216586387999996,0.0002920893975897343,0.011873774482410226
ranking,20260918,Bearing1_3,45,46,True,0.01179597510235908,5.379382344017358e-05,0.011742181278918906
ranking,20260918,Bearing1_3,46,47,True,0.009512923479633173,0.0003173199993966591,0.009195603480236514
ranking,20260918,Bearing1_3,47,48,True,0.009463734219025355,7.67401255714617e-05,0.009386994093453893
ranking,20260918,Bearing1_3,48,49,True,0.005140306544593187,0.0014212617097655311,0.003719044834827656
ranking,20260918,Bearing1_3,49,50,True,0.012767506286763819,0.0018267605046276003,0.010940745782136219
ranking,20260918,Bearing1_3,50,51,True,0.012094874417925894,8.548119740225957e-05,0.012009393220523634
ranking,20260918,Bearing1_3,51,52,True,0.018429060426569777,0.0012530998064903542,0.017175960620079422
ranking,20260918,Bearing1_3,52,53,True,0.014256467549785157,8.491224041051737e-05,0.01417155530937464
ranking,20260918,Bearing1_3,53,54,True,0.014264330740843434,1.8398674654918068e-05,0.014245932066188516
ranking,20260918,Bearing1_3,54,55,True,0.011950678384891944,0.0002208545153621344,0.01172982386952981
ranking,20260918,Bearing1_3,55,56,True,0.01839774121242499,0.0008163463317032438,0.017581394880721746
ranking,20260918,Bearing1_3,56,57,True,0.01222900474385824,0.000542719124496216,0.011686285619362025
ranking,20260918,Bearing1_3,57,58,True,0.004660081569454633,0.009099382383283228,-0.004439300813828595
ranking,20260918,Bearing1_3,58,59,True,0.0028108961741963867,0.002148235129425302,0.0006626610447710846
ranking,20260918,Bearing1_3,59,60,True,0.003286959988599847,0.003182840213412419,0.00010411977518742788
ranking,20260918,Bearing1_3,60,61,True,0.003683981483845855,0.002358333149459213,0.001325648334386642
ranking,20260918,Bearing1_3,61,62,True,0.0018621220578722841,0.0018765332060866058,-1.4411148214321656e-05
ranking,20260918,Bearing1_3,62,63,True,0.0016816505103633972,3.028532711546461e-05,0.0016513651832479326
ranking,20260918,Bearing1_3,63,64,True,0.0031264920585272193,0.0011113505825051107,0.0020151414760221087
ranking,20260918,Bearing1_3,64,65,True,0.0028301566326902616,0.00013110535360283393,0.0026990512790874277
ranking,20260918,Bearing1_3,65,66,True,0.0031138737676883466,0.004082586674485356,-0.0009687129067970091
ranking,20260918,Bearing1_3,66,67,True,0.0018513196846470237,0.00023277181685443793,0.0016185478677925857
ranking,20260918,Bearing1_3,67,68,True,0.0015191064394457499,7.059373359652454e-05,0.0014485127058492253
ranking,20260918,Bearing1_3,68,69,True,0.0014165578586471383,0.0001837223734537652,0.0012328354851933732
ranking,20260918,Bearing1_3,69,70,True,0.0010161591618498278,7.471952039850294e-05,0.0009414396414513249
ranking,20260918,Bearing1_3,70,71,True,0.009290404452258372,0.007439356530085206,0.0018510479221731657
ranking,20260918,Bearing1_3,71,72,True,0.011324559673084877,0.0033694574958644807,0.007955102177220397
ranking,20260918,Bearing1_3,72,73,True,0.001544904775073519,0.0006997604868956842,0.0008451442881778348
ranking,20260918,Bearing1_3,73,74,True,0.005446399980428396,0.0014825738398940302,0.0039638261405343655
ranking,20260918,Bearing1_3,74,75,True,0.0043942575739492895,0.0002131912982363815,0.004181066275712908
ranking,20260918,Bearing1_3,75,76,True,0.005987406439089682,0.0006334190456982469,0.005353987393391435
ranking,20260918,Bearing1_3,76,77,True,0.005813889758428559,0.0003492226423986722,0.0054646671160298865
ranking,20260918,Bearing1_3,77,78,True,0.007304595521418378,0.0006128351124061737,0.006691760409012204
ranking,20260918,Bearing1_3,78,79,True,0.0016794911671240698,0.001884839468402788,-0.00020534830127871828
ranking,20260918,Bearing1_3,79,80,True,0.009269506175769493,0.0028970660641789436,0.006372440111590549
ranking,20260918,Bearing1_3,80,81,True,0.0036960794927836105,0.0002760280756319844,0.003420051417151626
ranking,20260918,Bearing1_3,81,82,True,0.008632123324787244,0.0013938436168245971,0.007238279707962647
ranking,20260918,Bearing1_3,82,83,True,0.008572402643039823,0.0004658957441279199,0.008106506898911903
ranking,20260918,Bearing1_3,83,84,True,0.004690969936291367,0.00010796864717121935,0.004583001289120148
ranking,20260918,Bearing1_3,84,85,True,0.005541010530578205,6.096744323258463e-05,0.005480043087345621
ranking,20260918,Bearing1_3,85,86,True,0.0020097644464840414,0.002529659861465916,-0.0005198954149818746
ranking,20260918,Bearing1_3,86,87,True,0.012374470650684088,0.00496112261316739,0.007413348037516698
ranking,20260918,Bearing1_3,87,88,True,0.014844329270999879,0.0019178076181560755,0.012926521652843803
ranking,20260918,Bearing1_3,88,89,True,0.006392722050605926,0.0001189580593319306,0.006273763991273995
ranking,20260918,Bearing1_3,89,90,True,0.00603111343218643,8.31401308989399e-05,0.00594797330128749
ranking,20260918,Bearing1_3,90,91,True,0.07764098583720624,0.04717440064996481,0.030466585187241435
ranking,20260918,Bearing1_3,91,92,True,0.013738267020926287,0.0006912132685101824,0.013047053752416105
ranking,20260918,Bearing1_3,92,93,True,0.022543877785210498,0.007181618479080498,0.01536225930613
ranking,20260918,Bearing1_3,93,94,True,0.008483960282319458,0.00011224113348795584,0.008371719148831502
ranking,20260918,Bearing1_3,94,95,True,0.011829479022708256,0.0037103448412381113,0.008119134181470145
ranking,20260918,Bearing1_3,95,96,True,0.005242184765734237,0.0012655340105993673,0.0039766507551348695
ranking,20260918,Bearing1_3,96,97,True,0.004858907843072302,0.0004668218425649684,0.004392086000507334
ranking,20260918,Bearing1_3,97,98,True,0.011220360119295947,0.005196502199396491,0.006023857919899456
ranking,20260918,Bearing1_3,98,99,True,0.0061261320597623126,3.960911280387336e-05,0.006086522946958439
ranking,20260918,Bearing1_3,99,100,True,0.006420640263513633,0.0007779263214615639,0.005642713942052069
ranking,20260918,Bearing1_3,100,101,True,0.006106443829935415,0.0006349172499540146,0.005471526579981401
ranking,20260918,Bearing1_3,101,102,True,0.007446733929100446,0.0033292228472419083,0.004117511081858538
ranking,20260918,Bearing1_3,102,103,True,0.005953731708814303,0.00018061601883800904,0.005773115689976294
ranking,20260918,Bearing1_3,103,104,True,0.004757617169161676,0.0010222459859505761,0.0037353711832111003
ranking,20260918,Bearing1_3,104,105,True,0.0051559211181597675,0.001158689283329295,0.0039972318348304725
ranking,20260918,Bearing1_3,105,106,True,0.004291847715963477,0.000735374112991849,0.0035564736029716285
ranking,20260918,Bearing1_3,106,107,True,0.0038633586445939727,0.004845857940381393,-0.0009824992957874201
ranking,20260918,Bearing1_3,107,108,True,0.012274313236048329,0.001070648981112754,0.011203664254935575
ranking,20260918,Bearing1_3,108,109,True,0.004339278020779602,0.0032611686328891665,0.0010781093878904358
ranking,20260918,Bearing1_3,109,110,True,0.006501590818515979,0.0011474064722278854,0.005354184346288093
ranking,20260918,Bearing1_3,110,111,True,0.0420231178868562,0.008015728497412056,0.03400738938944414
ranking,20260918,Bearing1_3,111,112,True,0.005186060163396178,0.007044430880341679,-0.001858370716945501
ranking,20260918,Bearing1_3,112,113,True,0.006717302092624777,0.0013163120056560729,0.005400990086968704
ranking,20260918,Bearing1_3,113,114,True,0.0288742589764297,0.002178796989028342,0.02669546198740136
ranking,20260918,Bearing1_3,114,115,True,0.02934801613446325,0.00032826678034325596,0.029019749354119995
ranking,20260918,Bearing1_3,115,116,True,0.004405269437484094,0.008503700082655996,-0.004098430645171902
ranking,20260918,Bearing1_3,116,117,True,0.021232515515293926,0.0006451429512708273,0.0205873725640231
ranking,20260918,Bearing1_3,117,118,True,0.014799953205510974,0.0016545274993404746,0.0131454257061705
ranking,20260918,Bearing1_3,118,119,True,0.01123766548698768,0.0031432685063919052,0.008094396980595775
ranking,20260918,Bearing1_3,119,120,True,0.01761871762573719,0.0009133776038652286,0.01670534002187196
ranking,20260918,Bearing1_3,120,121,True,0.03202953387517482,4.691730924147319e-05,0.03198261656593335
ranking,20260918,Bearing1_3,121,122,True,0.015055703406687826,0.007268514309544116,0.00778718909714371
ranking,20260918,Bearing1_3,122,123,True,0.010507046186830848,0.007780125306453556,0.0027269208803772926
ranking,20260918,Bearing1_3,123,124,True,0.022942857583984733,0.000987994353636168,0.021954863230348565
ranking,20260918,Bearing1_3,124,125,True,0.0739717879332602,0.004001322027761489,0.06997046590549871
ranking,20260918,Bearing1_3,125,126,True,0.034533868078142405,0.008133103372529149,0.026400764705613256
ranking,20260918,Bearing1_3,126,127,True,0.04395220894366503,0.00044671536852547433,0.04350549357513955
ranking,20260918,Bearing1_3,127,128,True,0.007260636310093105,0.02603763318620622,-0.018776996876113117
ranking,20260918,Bearing1_3,128,129,True,0.008173255264409818,0.0047665926977060735,0.0034066625667037442
ranking,20260918,Bearing1_3,129,130,True,0.04913068003952503,0.005655820306856185,0.04347485973266885
ranking,20260918,Bearing1_3,130,131,True,0.0016861164899637515,0.07723745983093977,-0.07555134334097602
ranking,20260918,Bearing1_3,131,132,True,0.0017058833836927079,0.00371660286327824,-0.002010719479585532
ranking,20260918,Bearing1_3,132,133,True,0.008852464699884877,0.01054981304332614,-0.0016973483434412628
ranking,20260918,Bearing1_3,133,134,True,0.004963113713074563,0.00022025187809049385,0.004742861834984069
ranking,20260918,Bearing1_3,134,135,True,0.0026677878049667925,4.7927925464819054e-05,0.0026198598795019734
ranking,20260918,Bearing1_3,135,136,True,0.004144161866975082,0.0012747837754432112,0.002869378091531871
ranking,20260918,Bearing1_3,136,137,True,0.00342160408035852,0.00010799877327372087,0.0033136053070847993
ranking,20260918,Bearing1_3,137,138,True,0.0037352174185798503,0.00020568181571434252,0.003529535602865508
ranking,20260918,Bearing1_3,138,139,True,0.0017520677404263552,0.00032864351578609785,0.0014234242246402573
ranking,20260918,Bearing1_3,139,140,True,0.0019184228606263787,0.0001525215147921699,0.0017659013458342088
ranking,20260918,Bearing1_3,140,141,True,0.0020320779121902888,5.809722928518113e-05,0.0019739806829051076
ranking,20260918,Bearing1_3,141,142,True,0.0023379839012704906,7.968485326514951e-05,0.002258299048005341
ranking,20260918,Bearing1_3,142,143,True,0.00260160625930439,0.00010466774593176353,0.0024969385133726263
ranking,20260918,Bearing1_3,143,144,True,0.0024973944964585826,3.66478448956542e-05,0.0024607466515629284
ranking,20260918,Bearing1_3,144,145,True,0.007543949248542958,0.002793087434838526,0.004750861813704432
ranking,20260918,Bearing1_3,145,146,True,0.0048906329457167885,0.0003305421278128051,0.004560090817903983
ranking,20260918,Bearing1_3,146,147,True,0.0036454608809890487,7.979634619914577e-05,0.003565664534789903
ranking,20260918,Bearing1_3,147,148,True,0.00497195161824493,0.0003127326908725081,0.004659218927372422
ranking,20260918,Bearing1_3,148,149,True,0.018347045304835774,0.005238185534381046,0.013108859770454728
ranking,20260918,Bearing1_3,149,150,True,0.020265167215256952,0.00019187858507052624,0.020073288630186426
ranking,20260918,Bearing1_3,150,151,True,0.020696788349596318,2.673573648337424e-05,0.020670052613112944
ranking,20260918,Bearing1_3,151,152,True,0.02350172264414141,0.00016123462648920395,0.023340488017652206
ranking,20260918,Bearing1_3,152,153,True,0.02014028194389539,9.279720427457505e-05,0.020047484739620813
ranking,20260918,Bearing1_3,153,154,True,0.02152104202832561,6.864401291295508e-05,0.021452398015412655
ranking,20260918,Bearing1_3,154,155,True,0.021487109013833106,8.524738152715372e-06,0.02147858427568039
ranking,20260918,Bearing1_3,155,156,True,0.02221870279754512,1.752813626154648e-05,0.022201174661283574
ranking,20260918,Bearing1_3,156,157,True,0.021958511279080994,5.040503056719103e-06,0.021953470776024275
ranking,20260918,Bearing1_4,0,1,False,0.09420906705781817,0.00012572069090310833,0.09408334636691507
ranking,20260918,Bearing1_4,1,2,False,0.01456962812517304,0.00023224595861393027,0.01433738216655911
ranking,20260918,Bearing1_4,2,3,False,0.00900480464224529,0.000163001993087164,0.008841802649158126
ranking,20260918,Bearing1_4,3,4,False,0.013072232382910443,0.0009584444251231616,0.012113787957787281
ranking,20260918,Bearing1_4,4,5,False,0.014145691733574495,0.0002868809579013032,0.013858810775673192
ranking,20260918,Bearing1_4,5,6,False,0.019008238043170422,0.0010292627121089026,0.01797897533106152
ranking,20260918,Bearing1_4,6,7,False,0.011987583737209206,0.0005729211111429322,0.011414662626066274
ranking,20260918,Bearing1_4,7,8,False,0.031751691130921245,0.005872335750609636,0.02587935538031161
ranking,20260918,Bearing1_4,8,9,False,0.02758390952658374,0.00012572454983228454,0.027458184976751454
ranking,20260918,Bearing1_4,9,10,False,0.03266980733314995,0.0006404144696716685,0.03202939286347828
ranking,20260918,Bearing1_4,10,11,False,0.028833474185375962,5.383009289516849e-05,0.028779644092480794
ranking,20260918,Bearing1_4,11,12,False,0.03319479453784879,0.00023910457093734294,0.03295568996691145
ranking,20260918,Bearing1_4,12,13,False,0.047131890314631164,0.0018769379967125133,0.04525495231791865
ranking,20260918,Bearing1_4,13,14,False,0.04797612427501008,0.00022955047779760207,0.04774657379721248
ranking,20260918,Bearing1_4,14,15,False,0.04777780963922851,0.00010575762655662402,0.047672052012671884
ranking,20260918,Bearing1_4,15,16,False,0.04950259590987116,0.00012347998119821568,0.049379115928672945
ranking,20260918,Bearing1_4,16,17,False,0.051859673199942335,0.00018017489959021304,0.05167949830035212
ranking,20260918,Bearing1_4,17,18,False,0.0445186922152061,0.00028556876713992096,0.04423312344806618
ranking,20260918,Bearing1_4,18,19,False,0.0496037655393593,0.0001173569068271263,0.049486408632532175
ranking,20260918,Bearing1_4,19,20,False,0.07497641199734062,0.003309400985017419,0.0716670110123232
ranking,20260918,Bearing1_4,20,21,False,0.04323710742028197,0.003381762857316062,0.03985534456296591
ranking,20260918,Bearing1_4,21,22,False,0.07358459592796862,0.0034426682686898857,0.07014192765927874
ranking,20260918,Bearing1_4,22,23,False,0.058525085216388106,0.0004643329666578211,0.058060752249730285
ranking,20260918,Bearing1_4,23,24,False,0.06350768939591944,9.41601303452444e-05,0.0634135292655742
ranking,20260918,Bearing1_4,24,25,True,0.09021321218460798,0.002903077780501917,0.08731013440410607
ranking,20260918,Bearing1_4,25,26,True,0.07192663528257981,0.000537026695383247,0.07138960858719656
ranking,20260918,Bearing1_4,26,27,True,0.06556721043307334,0.0002531607617584086,0.06531404967131493
ranking,20260918,Bearing1_4,27,28,True,0.056741021340712905,0.0005542779526876984,0.056186743388025207
ranking,20260918,Bearing1_4,28,29,True,0.03839096080264426,0.0030418973765335977,0.03534906342611066
ranking,20260918,Bearing1_4,29,30,True,0.04455615350161679,4.142384335814597e-05,0.044514729658258645
ranking,20260918,Bearing1_4,30,31,True,0.03443277487895102,0.0009142670314759016,0.03351850784747512
ranking,20260918,Bearing1_4,31,32,True,0.0541993614169769,0.0019080804049735889,0.05229128101200331
ranking,20260918,Bearing1_4,32,33,True,0.04434708275948651,0.00026047069559353986,0.04408661206389297
ranking,20260918,Bearing1_4,33,34,True,0.04083703429205343,0.0001553857829623695,0.04068164850909106
ranking,20260918,Bearing1_4,34,35,True,0.05087567347800359,0.0005826004198752344,0.05029307305812836
ranking,20260918,Bearing1_4,35,36,True,0.032634472789141,0.0020216801058268175,0.030612792683314183
ranking,20260918,Bearing1_4,36,37,True,0.07027875713538378,0.006878610234707594,0.06340014690067619
ranking,20260918,Bearing1_4,37,38,True,0.08065900742076337,0.0015765636962896679,0.0790824437244737
ranking,20260918,Bearing1_4,38,39,True,0.05071669854805805,0.0025647827133070678,0.04815191583475098
ranking,20260918,Bearing1_4,39,40,True,0.05465199542231858,4.898820907328627e-05,0.05460300721324529
ranking,20260918,Bearing1_4,40,41,True,0.049384407146135345,0.0002671990633302812,0.049117208082805064
ranking,20260918,Bearing1_4,41,42,True,0.03494795323058497,0.0020869757718173787,0.03286097745876759
ranking,20260918,Bearing1_4,42,43,True,0.06481007358524948,0.00437446273281239,0.060435610852437094
ranking,20260918,Bearing1_4,43,44,True,0.03912577200389933,0.002476615467458032,0.036649156536441296
ranking,20260918,Bearing1_4,44,45,True,0.05086785112507641,0.0005190094962017611,0.05034884162887465
ranking,20260918,Bearing1_4,45,46,True,0.03421350385178812,0.0016814157643239014,0.03253208808746422
ranking,20260918,Bearing1_4,46,47,True,0.029832669142706436,0.0006670058392046485,0.029165663303501788
ranking,20260918,Bearing1_4,47,48,True,0.017548852127220016,0.0032510348974028602,0.014297817229817156
ranking,20260918,Bearing1_4,48,49,True,0.014674998124974081,0.0009025831204780843,0.013772415004495997
ranking,20260918,Bearing1_4,49,50,True,0.009445511586818611,0.026986262062564492,-0.01754075047574588
ranking,20260918,Bearing1_4,50,51,True,0.0028592918497754027,0.00010435891914539752,0.002754932930630005
ranking,20260918,Bearing1_4,51,52,True,0.0033922532020369545,0.00015231537634008419,0.0032399378256968703
ranking,20260918,Bearing1_4,52,53,True,0.00408455275282904,0.003857015137327835,0.00022753761550120544
ranking,20260918,Bearing1_4,53,54,True,0.002376615742832655,0.000549104048332083,0.001827511694500572
ranking,20260918,Bearing1_4,54,55,True,0.004598999009758131,0.0009561158694850747,0.0036428831402730566
ranking,20260918,Bearing1_4,55,56,True,0.003962594739192582,0.005873550777323544,-0.001910956038130962
ranking,20260918,Bearing1_4,56,57,True,0.001484148116844608,0.0003216467275706236,0.0011625013892739844
ranking,20260918,Bearing1_4,57,58,True,0.0021515763873196647,0.00027168757026174717,0.0018798888170579175
ranking,20260918,Bearing1_4,58,59,True,0.0018277795582548606,3.0366082668820127e-05,0.0017974134755860405
ranking,20260918,Bearing1_4,59,60,True,0.002279048964538788,0.001160711224656552,0.0011183377398822358
ranking,20260918,Bearing1_4,60,61,True,0.009352365595987067,0.00925706879934296,9.529679664410651e-05
ranking,20260918,Bearing1_4,61,62,True,0.002233364251878811,0.0019164285768056288,0.0003169356750731822
ranking,20260918,Bearing1_4,62,63,True,0.0017339776686640107,0.00018156028602334118,0.0015524173826406695
ranking,20260918,Bearing1_4,63,64,True,0.002018629534404681,0.0003292416226940986,0.0016893879117105826
ranking,20260918,Bearing1_4,64,65,True,0.0015570674772789062,0.0005979177229460397,0.0009591497543328664
ranking,20260918,Bearing1_4,65,66,True,0.001503741120984614,0.00012131712027496633,0.0013824240007096478
ranking,20260918,Bearing1_4,66,67,True,0.0010498276219550462,0.00015649190243038902,0.0008933357195246572
ranking,20260918,Bearing1_4,67,68,True,0.0015004135848357691,0.0002081361338497345,0.0012922774509860346
ranking,20260918,Bearing1_4,68,69,True,0.0014708512753713876,9.673942668086966e-05,0.001374111848690518
ranking,20260918,Bearing1_4,69,70,True,0.0014943502144433296,0.00019895727336916025,0.0012953929410741694
ranking,20260918,Bearing1_4,70,71,True,0.002097500107055339,0.00191849323164206,0.00017900687541327898
ranking,20260918,Bearing1_4,71,72,True,0.0022155296242090117,0.0015575989673379809,0.0006579306568710308
ranking,20260918,Bearing1_4,72,73,True,0.0009901071055082866,0.00022252578537518275,0.0007675813201331039
ranking,20260918,Bearing1_4,73,74,True,0.0044091410672990605,0.003258458658820018,0.0011506824084790424
ranking,20260918,Bearing1_4,74,75,True,0.001552986262822742,0.0020219190264469944,-0.0004689327636242524
ranking,20260918,Bearing1_4,75,76,True,0.0027578216649999376,0.0018053800304187462,0.0009524416345811915
ranking,20260918,Bearing1_4,76,77,True,0.001651780463362229,0.00023999709947020165,0.0014117833638920274
ranking,20260918,Bearing1_4,77,78,True,0.0013752265045781087,7.597639881140594e-05,0.0012992501057667027
ranking,20260918,Bearing1_4,78,79,True,0.004838726825255435,0.002098116630804725,0.00274061019445071
ranking,20260918,Bearing1_4,79,80,True,0.0441199925262481,0.029525219928473234,0.014594772597774863
ranking,20260918,Bearing1_4,80,81,True,0.014470715395873412,0.0003045249095698921,0.01416619048630352
ranking,20260918,Bearing1_4,81,82,True,0.009181470319163054,0.00027956452052535496,0.0089019057986377
ranking,20260918,Bearing1_4,82,83,True,0.03621962131001055,0.01415960828308016,0.022060013026930392
ranking,20260918,Bearing1_4,83,84,True,0.024893899506423622,0.002585473812359851,0.02230842569406377
ranking,20260918,Bearing1_4,84,85,True,0.017772433762729634,0.0014888916948621045,0.01628354206786753
ranking,20260918,Bearing1_4,85,86,True,0.00470555280270446,0.003787902503972873,0.0009176502987315871
ranking,20260918,Bearing1_4,86,87,True,0.03498639690224081,0.016519874916411936,0.018466521985828876
ranking,20260918,Bearing1_4,87,88,True,0.015048260662752,0.0001276845218214362,0.014920576140930564
ranking,20260918,Bearing1_4,88,89,True,0.031158564845100045,0.010000741691328585,0.02115782315377146
ranking,20260918,Bearing1_4,89,90,True,0.007356487596553052,0.008013436861801893,-0.0006569492652488407
ranking,20260918,Bearing1_4,90,91,True,0.006857585111305298,0.004024125344585627,0.0028334597667196704
ranking,20260918,Bearing1_4,91,92,True,0.0076593234480242245,0.0012149804715591017,0.006444342976465123
ranking,20260918,Bearing1_4,92,93,True,0.003985975662089913,0.0009021633923111949,0.0030838122697787185
ranking,20260918,Bearing1_4,93,94,True,0.003986168981100491,0.0009560814642100013,0.0030300875168904895
ranking,20260918,Bearing1_4,94,95,True,0.003656066813164216,0.0026628563355188817,0.0009932104776453343
ranking,20260918,Bearing1_4,95,96,True,0.0067072960155201145,0.00024857416016788036,0.006458721855352234
ranking,20260918,Bearing1_4,96,97,True,0.011734780473489081,0.0009094031765926047,0.010825377296896477
ranking,20260918,Bearing1_4,97,98,True,0.0065844107148222975,0.000284847321381676,0.0062995633934406214
ranking,20260918,Bearing1_4,98,99,True,0.004449905511137331,0.0008671204996062443,0.0035827850115310866
ranking,20260918,Bearing1_4,99,100,True,0.004483375557128966,0.00025402950632269494,0.004229346050806271
ranking,20260918,Bearing1_4,100,101,True,0.010878557887991747,0.0009658803955971962,0.00991267749239455
ranking,20260918,Bearing1_4,101,102,True,0.00391936486994382,0.0013127220081514679,0.002606642861792352
ranking,20260918,Bearing1_4,102,103,True,0.003527183533151401,0.001263766062038485,0.0022634174711129162
ranking,20260918,Bearing1_4,103,104,True,0.014652685393230058,0.0035801611666101962,0.011072524226619862
ranking,20260918,Bearing1_4,104,105,True,0.005296484088148645,0.00117008079905645,0.004126403289092195
ranking,20260918,Bearing1_4,105,106,True,0.012815880476409802,0.001807777167414315,0.011008103308995487
ranking,20260918,Bearing1_4,106,107,True,0.003646479395683855,0.0028203495021443814,0.0008261298935394734
ranking,20260918,Bearing1_4,107,108,True,0.003674513229270815,0.000933439630898647,0.002741073598372168
ranking,20260918,Bearing1_4,108,109,True,0.020866524893790483,0.006937707541510463,0.01392881735228002
ranking,20260918,Bearing1_4,109,110,True,0.004780592183578847,0.0023167335020843893,0.0024638586814944574
ranking,20260918,Bearing1_4,110,111,True,0.008431240683350438,0.0004242765553499339,0.008006964128000504
ranking,20260918,Bearing1_4,111,112,True,0.00692756479838863,4.7879223771474244e-05,0.006879685574617156
ranking,20260918,Bearing1_4,112,113,True,0.004039273250782571,0.0013155753622413613,0.00272369788854121
ranking,20260918,Bearing1_4,113,114,True,0.0035434187052487687,0.0005101891110825818,0.003033229594166187
ranking,20260918,Bearing1_4,114,115,True,0.005602702669193604,4.486740537545941e-05,0.005557835263818145
ranking,20260918,Bearing1_4,115,116,True,0.0076785375576946535,0.00014009140042681167,0.007538446157267842
ranking,20260918,Bearing1_4,116,117,True,0.007852852632709073,0.00012334447504969148,0.007729508157659382
ranking,20260918,Bearing1_4,117,118,True,0.009823844601957177,0.00039668074168730527,0.009427163860269872
ranking,20260918,Bearing1_4,118,119,True,0.0028904027808493993,0.004396018281113356,-0.001505615500263957
ranking,20260918,Bearing1_4,119,120,True,0.0280979112139903,0.013191398233175278,0.014906512980815023
ranking,20260918,Bearing1_4,120,121,True,3.85799977183342,3.5113658905029297,0.3466338813304901
ranking,20260918,Bearing1_5,0,1,False,0.06890367640880868,0.004455303802387789,0.06444837260642089
ranking,20260918,Bearing1_5,1,2,False,0.021136203693913558,0.006497024034615606,0.014639179659297952
ranking,20260918,Bearing1_5,2,3,False,0.016066277083155,0.001118398598919157,0.014947878484235844
ranking,20260918,Bearing1_5,3,4,False,0.021218227775534615,0.001577689137775451,0.019640538637759164
ranking,20260918,Bearing1_5,4,5,False,0.013280420425871853,0.00046344751717697363,0.01281697290869488
ranking,20260918,Bearing1_5,5,6,False,0.01693030763715342,0.00024713674292797805,0.01668317089422544
ranking,20260918,Bearing1_5,6,7,False,0.02463163222273579,0.0011720491675077938,0.023459583055227995
ranking,20260918,Bearing1_5,7,8,False,0.024916560878409655,0.00018673685652004224,0.024729824021889613
ranking,20260918,Bearing1_5,8,9,False,0.02501252254614883,8.876359197529382e-05,0.024923758954173536
ranking,20260918,Bearing1_5,9,10,False,0.028487414441769943,0.00044181756402394967,0.028045596877745993
ranking,20260918,Bearing1_5,10,11,False,0.02236943260368207,0.00042596456114551984,0.02194346804253655
ranking,20260918,Bearing1_5,11,12,False,0.029766599902359303,0.0005336153008101974,0.029232984601549106
ranking,20260918,Bearing1_5,12,13,False,0.029019043339303607,5.9068350795499214e-05,0.028959974988508108
ranking,20260918,Bearing1_5,13,14,False,0.03161657375312643,0.00018525412883718673,0.031431319624289245
ranking,20260918,Bearing1_5,14,15,False,0.023274457969819196,0.0007366517220361857,0.02253780624778301
ranking,20260918,Bearing1_5,15,16,False,0.021785682469271705,0.0002403147668701422,0.021545367702401563
ranking,20260918,Bearing1_5,16,17,False,0.019710136626599706,0.0001869223339099335,0.019523214292689772
ranking,20260918,Bearing1_5,17,18,False,0.018581466478281072,0.00016499403818670544,0.018416472440094367
ranking,20260918,Bearing1_5,18,19,False,0.018965934171319532,5.857014287613538e-05,0.018907364028443396
ranking,20260918,Bearing1_5,19,20,False,0.02930583395936992,0.0013345386032597162,0.027971295356110204
ranking,20260918,Bearing1_5,20,21,False,0.02482334418721166,7.058840233753472e-05,0.024752755784874125
ranking,20260918,Bearing1_5,21,22,False,0.029680896983336424,0.00031926027895679,0.029361636704379634
ranking,20260918,Bearing1_5,22,23,False,0.025692018685276707,0.00011904899628234489,0.025572969688994363
ranking,20260918,Bearing1_5,23,24,False,0.029208513242338086,0.00019765698471019277,0.029010856257627893
ranking,20260918,Bearing1_5,24,25,True,0.032372460580518236,0.0001662315817156923,0.032206228998802544
ranking,20260918,Bearing1_5,25,26,True,0.03191349441476632,8.25209846215813e-05,0.03183097343014474
ranking,20260918,Bearing1_5,26,27,True,0.02082201403391082,0.0015851003918214701,0.01923691364208935
ranking,20260918,Bearing1_5,27,28,True,0.02239758001849168,0.00012688373357860883,0.022270696284913072
ranking,20260918,Bearing1_5,28,29,True,0.012623114222151344,0.002206113684223965,0.010417000537927379
ranking,20260918,Bearing1_5,29,30,True,0.013195954390539555,0.00015495232399764802,0.013041002066541907
ranking,20260918,Bearing1_5,30,31,True,0.012825461093598278,0.00019736001877390663,0.012628101074824372
ranking,20260918,Bearing1_5,31,32,True,0.011729755008673237,0.00014179560710658734,0.01158795940156665
ranking,20260918,Bearing1_5,32,33,True,0.0041498257296552765,0.008129976922646165,-0.003980151192990888
ranking,20260918,Bearing1_5,33,34,True,0.03165603952948004,0.043372469022870064,-0.011716429493390024
ranking,20260918,Bearing1_5,34,35,True,0.042612047982402146,0.020487299072556198,0.022124748909845948
ranking,20260918,Bearing1_5,35,36,True,0.07980182091705501,0.036437260918319225,0.043364559998735785
ranking,20260918,Bearing1_5,36,37,True,0.06401531206211075,0.016099888365715742,0.04791542369639501
ranking,20260918,Bearing1_5,37,38,True,0.032715254372305935,0.0040130574780050665,0.02870219689430087
ranking,20260918,Bearing1_5,38,39,True,0.09963460173457861,0.059218183159828186,0.04041641857475042
ranking,20260918,Bearing1_5,39,40,True,0.05334337387466803,0.019529672106727958,0.033813701767940074
ranking,20260918,Bearing1_5,40,41,True,0.024698247827473097,0.014694986515678465,0.010003261311794631
ranking,20260918,Bearing1_5,41,42,True,0.009934525078278966,0.005758346975198947,0.004176178103080019
ranking,20260918,Bearing1_5,42,43,True,0.015810522927495185,0.00024962925681393244,0.015560893670681253
ranking,20260918,Bearing1_5,43,44,True,0.02945860684849322,7.618667893893871e-05,0.02938242016955428
ranking,20260918,Bearing1_5,44,45,True,0.03789510199567303,0.00026941794294543797,0.03762568405272759
ranking,20260918,Bearing1_5,45,46,True,0.04551508685108274,0.000160252345722256,0.045354834505360486
ranking,20260918,Bearing1_5,46,47,True,0.05188949196599424,8.982366184184798e-06,0.051880509599810054
ranking,20260918,Bearing1_5,47,48,True,0.05379910534247756,3.7165352637202886e-05,0.05376193998984036
ranking,20260918,Bearing1_5,48,49,True,0.05690351943485439,0.0001072426225459111,0.05679627681230848
ranking,20260918,Bearing1_5,49,50,True,0.052469597867457196,0.0009364494999317685,0.05153314836752543
ranking,20260918,Bearing1_5,50,51,True,0.05561711124028079,0.0004942103014400345,0.05512290093884076
