bearing_id,step_id,normalized_lifetime,level
Bearing3_1,0,0.0,
Bearing3_1,1,0.00039416633819471815,
Bearing3_1,2,0.0007883326763894363,
Bearing3_1,3,0.0011824990145841545,
Bearing3_1,4,0.0015766653527788726,
Bearing3_1,5,0.001970831690973591,
Bearing3_1,6,0.002364998029168309,
Bearing3_1,7,0.0027591643673630273,
Bearing3_1,8,0.0031533307055577452,
Bearing3_1,9,0.0035474970437524636,
Bearing3_1,10,0.003941663381947182,
Bearing3_1,11,0.0043358297201418995,
Bearing3_1,12,0.004729996058336618,
Bearing3_1,13,0.005124162396531336,
Bearing3_1,14,0.005518328734726055,
Bearing3_1,15,0.005912495072920773,0.07243969490926788
Bearing3_1,16,0.0063066614111154905,0.11276395668498655
Bearing3_1,17,0.006700827749310209,0.12072339666505694
Bearing3_1,18,0.007094994087504927,0.13613745811226657
Bearing3_1,19,0.007489160425699646,0.0719755886268387
Bearing3_1,20,0.007883326763894364,0.08245401072903517
Bearing3_1,21,0.008277493102089082,0.058418834127723876
Bearing3_1,22,0.008671659440283799,0.04978908203086582
Bearing3_1,23,0.009065825778478517,0.04315465128122911
Bearing3_1,24,0.009459992116673236,0.03331687098526585
Bearing3_1,25,0.009854158454867954,-0.009527287962148957
Bearing3_1,26,0.010248324793062672,-0.02675789474957476
Bearing3_1,27,0.01064249113125739,-0.05988280160890029
Bearing3_1,28,0.01103665746945211,-0.13211768837742457
Bearing3_1,29,0.011430823807646828,-0.11742710985978928
Bearing3_1,30,0.011824990145841546,-0.15354605012313471
Bearing3_1,31,0.012219156484036263,-0.15263179336387797
Bearing3_1,32,0.012613322822230981,-0.14921710757372617
Bearing3_1,33,0.0130074891604257,-0.16454114390998628
Bearing3_1,34,0.013401655498620418,-0.17767746958783232
Bearing3_1,35,0.013795821836815136,-0.18834503117325987
Bearing3_1,36,0.014189988175009854,-0.2544566760787234
Bearing3_1,37,0.014584154513204573,-0.28727389310350226
Bearing3_1,38,0.014978320851399291,-0.28924961793197357
Bearing3_1,39,0.015372487189594008,-0.3619336208930279
Bearing3_1,40,0.015766653527788728,-0.3279118330166062
Bearing3_1,41,0.016160819865983445,-0.3236471662722933
Bearing3_1,42,0.016554986204178165,-0.3411364433188775
Bearing3_1,43,0.01694915254237288,-0.340612198847149
Bearing3_1,44,0.017343318880567598,-0.3652965852758395
Bearing3_1,45,0.017737485218762318,-0.3499310026347729
Bearing3_1,46,0.018131651556957035,-0.3402522357010634
Bearing3_1,47,0.018525817895151755,-0.3170253288835004
Bearing3_1,48,0.01891998423334647,-0.2813930301093559
Bearing3_1,49,0.01931415057154119,-0.2277774573412708
Bearing3_1,50,0.019708316909735908,-0.2711567984680494
Bearing3_1,51,0.02010248324793063,-0.31332478290168037
Bearing3_1,52,0.020496649586125345,-0.3029405650587395
Bearing3_1,53,0.02089081592432006,-0.3043367203240785
Bearing3_1,54,0.02128498226251478,-0.2822847672599479
Bearing3_1,55,0.0216791486007095,-0.29056037920651734
Bearing3_1,56,0.02207331493890422,-0.2734245486577251
Bearing3_1,57,0.022467481277098935,-0.30071725725149834
Bearing3_1,58,0.022861647615293655,-0.35827158682779536
Bearing3_1,59,0.023255813953488372,-0.3551358772705747
Bearing3_1,60,0.023649980291683092,-0.34162725493380824
Bearing3_1,61,0.02404414662987781,-0.34032174947046034
Bearing3_1,62,0.024438312968072525,-0.3900124284018233
Bearing3_1,63,0.024832479306267245,-0.40130916528886607
Bearing3_1,64,0.025226645644461962,-0.4058607813509661
Bearing3_1,65,0.025620811982656682,-0.37323306358025365
Bearing3_1,66,0.0260149783208514,-0.36165280922954457
Bearing3_1,67,0.02640914465904612,-0.311947809965824
Bearing3_1,68,0.026803310997240835,-0.26670001488082534
Bearing3_1,69,0.027197477335435555,-0.2578912731570985
Bearing3_1,70,0.027591643673630272,-0.2525426779102439
Bearing3_1,71,0.02798581001182499,-0.22413152139202724
Bearing3_1,72,0.02837997635001971,-0.1964061108218838
Bearing3_1,73,0.028774142688214426,-0.15996643067938943
Bearing3_1,74,0.029168309026409146,-0.1487666709878532
Bearing3_1,75,0.029562475364603862,-0.14895911047736093
Bearing3_1,76,0.029956641702798582,-0.15015426702728638
Bearing3_1,77,0.0303508080409933,-0.17364261805482045
Bearing3_1,78,0.030744974379188016,-0.1779060075498903
Bearing3_1,79,0.031139140717382736,-0.238046799921357
Bearing3_1,80,0.031533307055577456,-0.30882210066233523
Bearing3_1,81,0.03192747339377217,-0.31889833033995674
Bearing3_1,82,0.03232163973196689,-0.3080553320264574
Bearing3_1,83,0.032715806070161606,-0.34115272681170417
Bearing3_1,84,0.03310997240835633,-0.35804881004049827
Bearing3_1,85,0.033504138746551046,-0.36566813167145135
Bearing3_1,86,0.03389830508474576,-0.38041545799933635
Bearing3_1,87,0.03429247142294048,-0.41203547052832923
Bearing3_1,88,0.034686637761135196,-0.4000566150733283
Bearing3_1,89,0.03508080409932992,-0.35242533957738903
Bearing3_1,90,0.035474970437524636,-0.2686998529308814
Bearing3_1,91,0.03586913677571935,-0.26595959209180997
Bearing3_1,92,0.03626330311391407,-0.29050235875220276
Bearing3_1,93,0.03665746945210879,-0.2889817321737548
Bearing3_1,94,0.03705163579030351,-0.28536431019104574
Bearing3_1,95,0.037445802128498226,-0.2892428755788381
Bearing3_1,96,0.03783996846669294,-0.2873954882291965
Bearing3_1,97,0.03823413480488766,-0.27126702217254767
Bearing3_1,98,0.03862830114308238,-0.31790390268931457
Bearing3_1,99,0.0390224674812771,-0.37475740521995027
Bearing3_1,100,0.039416633819471816,-0.38446317256818674
Bearing3_1,101,0.03981080015766653,-0.3600374395034778
Bearing3_1,102,0.04020496649586126,-0.3219167358011836
Bearing3_1,103,0.04059913283405597,-0.2827510260261097
Bearing3_1,104,0.04099329917225069,-0.20757002577999256
Bearing3_1,105,0.041387465510445406,-0.12298550128943245
Bearing3_1,106,0.04178163184864012,-0.041035429924144405
Bearing3_1,107,0.04217579818683485,0.04185540283626678
Bearing3_1,108,0.04256996452502956,0.14443156433958249
Bearing3_1,109,0.04296413086322428,0.23603827400192987
Bearing3_1,110,0.043358297201419,0.26904980611121965
Bearing3_1,111,0.04375246353961372,0.27429990576801266
Bearing3_1,112,0.04414662987780844,0.2558084352464292
Bearing3_1,113,0.04454079621600315,0.19883702420174817
Bearing3_1,114,0.04493496255419787,0.1236863957042508
Bearing3_1,115,0.04532912889239259,0.03844082395677615
Bearing3_1,116,0.04572329523058731,-0.07633201086210865
Bearing3_1,117,0.04611746156878203,-0.176409785758312
Bearing3_1,118,0.046511627906976744,-0.266414262866291
Bearing3_1,119,0.04690579424517146,-0.30092344429659906
Bearing3_1,120,0.047299960583366184,-0.3877430458038591
Bearing3_1,121,0.0476941269215609,-0.4695097712713938
Bearing3_1,122,0.04808829325975562,-0.5688918364061468
Bearing3_1,123,0.048482459597950334,-0.6228886208556511
Bearing3_1,124,0.04887662593614505,-0.6831360857743533
Bearing3_1,125,0.049270792274339774,-0.7542653281133879
Bearing3_1,126,0.04966495861253449,-0.758849243258162
Bearing3_1,127,0.05005912495072921,-0.852614331003376
Bearing3_1,128,0.050453291288923924,-0.8794726547288834
Bearing3_1,129,0.05084745762711865,-0.9337474505042195
Bearing3_1,130,0.051241623965313364,-1.000584182573372
Bearing3_1,131,0.05163579030350808,-1.0224257690075231
Bearing3_1,132,0.0520299566417028,-0.8819138142108274
Bearing3_1,133,0.052424122979897514,-0.7409434066472484
Bearing3_1,134,0.05281828931809224,-0.595782419666847
Bearing3_1,135,0.053212455656286954,-0.4734555260132073
Bearing3_1,136,0.05360662199448167,-0.4217352989742634
Bearing3_1,137,0.05400078833267639,-0.269246145701778
Bearing3_1,138,0.05439495467087111,-0.15218967522311938
Bearing3_1,139,0.05478912100906583,-0.03585357674468766
Bearing3_1,140,0.055183287347260544,0.15415149964006547
Bearing3_1,141,0.05557745368545526,0.2837431417885271
Bearing3_1,142,0.05597162002364998,0.30359817087288465
Bearing3_1,143,0.0563657863618447,0.2931999789180056
Bearing3_1,144,0.05675995270003942,0.25208881931024385
Bearing3_1,145,0.057154119038234134,0.23730734045946816
Bearing3_1,146,0.05754828537642885,0.2258521865412963
Bearing3_1,147,0.057942451714623575,0.22062495397417486
Bearing3_1,148,0.05833661805281829,0.15940323514120508
Bearing3_1,149,0.05873078439101301,0.09058356456169143
Bearing3_1,150,0.059124950729207724,0.04344391323694093
Bearing3_1,151,0.05951911706740244,0.014701651062722148
Bearing3_1,152,0.059913283405597165,-0.033121420401782085
Bearing3_1,153,0.06030744974379188,-0.07167413043939619
Bearing3_1,154,0.0607016160819866,-0.12784766643557222
Bearing3_1,155,0.061095782420181315,-0.15419923303872454
Bearing3_1,156,0.06148994875837603,-0.11088407650047132
Bearing3_1,157,0.061884115096570755,-0.03835506487476692
Bearing3_1,158,0.06227828143476547,0.05294892618483414
Bearing3_1,159,0.06267244777296019,0.19448179176105512
Bearing3_1,160,0.06306661411115491,0.29446613506180686
Bearing3_1,161,0.06346078044934962,0.3768647314264092
Bearing3_1,162,0.06385494678754434,0.46228514877172894
Bearing3_1,163,0.06424911312573907,0.5315871422224143
Bearing3_1,164,0.06464327946393378,0.6122993436959233
Bearing3_1,165,0.0650374458021285,0.6341639749762942
Bearing3_1,166,0.06543161214032321,0.6217530417236425
Bearing3_1,167,0.06582577847851794,0.5960703540501463
Bearing3_1,168,0.06621994481671266,0.6067668186130382
Bearing3_1,169,0.06661411115490737,0.5080638711149883
Bearing3_1,170,0.06700827749310209,0.39617651396231757
Bearing3_1,171,0.0674024438312968,0.35700032307639595
Bearing3_1,172,0.06779661016949153,0.3549000842464484
Bearing3_1,173,0.06819077650768625,0.29493100069072276
Bearing3_1,174,0.06858494284588096,0.27174623437690365
Bearing3_1,175,0.06897910918407568,0.26353986212111613
Bearing3_1,176,0.06937327552227039,0.2961189366493938
Bearing3_1,177,0.06976744186046512,0.29182126520464585
Bearing3_1,178,0.07016160819865984,0.2456614096909115
Bearing3_1,179,0.07055577453685455,0.25925571949334664
Bearing3_1,180,0.07094994087504927,0.24416917188843637
Bearing3_1,181,0.071344107213244,0.17825512427035095
Bearing3_1,182,0.0717382735514387,0.05642548186809813
Bearing3_1,183,0.07213243988963343,0.007722056440107194
Bearing3_1,184,0.07252660622782814,0.02625476236757173
Bearing3_1,185,0.07292077256602286,0.022405389164757813
Bearing3_1,186,0.07331493890421759,0.006429395693241344
Bearing3_1,187,0.0737091052424123,-0.0010533926173083186
Bearing3_1,188,0.07410327158060702,-0.007791634800541935
Bearing3_1,189,0.07449743791880173,-0.030539071208639485
Bearing3_1,190,0.07489160425699645,-0.014332523928814567
Bearing3_1,191,0.07528577059519118,-0.014753477931305926
Bearing3_1,192,0.07567993693338589,0.004873514693735664
Bearing3_1,193,0.07607410327158061,-0.010075236227040697
Bearing3_1,194,0.07646826960977532,-0.015135050630075053
Bearing3_1,195,0.07686243594797004,0.0490905144090685
Bearing3_1,196,0.07725660228616477,0.10293628238580461
Bearing3_1,197,0.07765076862435948,0.09206497221294474
Bearing3_1,198,0.0780449349625542,0.12416981615215408
Bearing3_1,199,0.07843910130074892,0.12925328334352323
Bearing3_1,200,0.07883326763894363,0.14744546883538423
Bearing3_1,201,0.07922743397713836,0.15726192409460799
Bearing3_1,202,0.07962160031533307,0.186610893662788
Bearing3_1,203,0.08001576665352779,0.20714154364898416
Bearing3_1,204,0.08040993299172251,0.1580556238022825
Bearing3_1,205,0.08080409932991722,0.04270443565721073
Bearing3_1,206,0.08119826566811195,-0.08970498456018168
Bearing3_1,207,0.08159243200630666,-0.1581606728787138
Bearing3_1,208,0.08198659834450138,-0.2669798923315033
Bearing3_1,209,0.0823807646826961,-0.3645239658346589
Bearing3_1,210,0.08277493102089081,-0.47801486163756185
Bearing3_1,211,0.08316909735908554,-0.5557519363914528
Bearing3_1,212,0.08356326369728025,-0.6484710230038001
Bearing3_1,213,0.08395743003547497,-0.6966434362480435
Bearing3_1,214,0.0843515963736697,-0.7986631724059379
Bearing3_1,215,0.0847457627118644,-0.8502023734261452
Bearing3_1,216,0.08513992905005913,-0.8985018687019555
Bearing3_1,217,0.08553409538825384,-0.9710071732184851
Bearing3_1,218,0.08592826172644856,-1.0329776029037552
Bearing3_1,219,0.08632242806464328,-0.9179934622570564
Bearing3_1,220,0.086716594402838,-0.797249207151896
Bearing3_1,221,0.08711076074103272,-0.6862876856386588
Bearing3_1,222,0.08750492707922744,-0.593176544914351
Bearing3_1,223,0.08789909341742215,-0.5064062295372515
Bearing3_1,224,0.08829325975561687,-0.38914496613747074
Bearing3_1,225,0.08868742609381158,-0.29053831919587914
Bearing3_1,226,0.0890815924320063,-0.17073723619576556
Bearing3_1,227,0.08947575877020103,-0.001735333107208814
Bearing3_1,228,0.08986992510839574,0.1474884286204785
Bearing3_1,229,0.09026409144659046,0.13657274458474947
Bearing3_1,230,0.09065825778478517,0.08702737968383337
Bearing3_1,231,0.0910524241229799,0.017806701920255474
Bearing3_1,232,0.09144659046117462,-0.010331499726252236
Bearing3_1,233,0.09184075679936933,-0.058277487502181244
Bearing3_1,234,0.09223492313756405,-0.09053072101649247
Bearing3_1,235,0.09262908947575876,-0.10490078494312949
Bearing3_1,236,0.09302325581395349,-0.12229585907875344
Bearing3_1,237,0.09341742215214821,-0.17532736636423088
Bearing3_1,238,0.09381158849034292,-0.22111382259452542
Bearing3_1,239,0.09420575482853764,-0.28767659055600364
Bearing3_1,240,0.09459992116673237,-0.3273376043211101
Bearing3_1,241,0.09499408750492708,-0.3542576420378879
Bearing3_1,242,0.0953882538431218,-0.4124499622119425
Bearing3_1,243,0.09578242018131651,-0.46021301407523063
Bearing3_1,244,0.09617658651951123,-0.5210537276941759
Bearing3_1,245,0.09657075285770596,-0.5518472943034164
Bearing3_1,246,0.09696491919590067,-0.5849113046884915
Bearing3_1,247,0.09735908553409539,-0.639488889877194
Bearing3_1,248,0.0977532518722901,-0.6020065324411121
Bearing3_1,249,0.09814741821048482,-0.5022515062847523
Bearing3_1,250,0.09854158454867955,-0.39876347717350746
Bearing3_1,251,0.09893575088687426,-0.29353633540648405
Bearing3_1,252,0.09932991722506898,-0.2292809572795354
Bearing3_1,253,0.09972408356326369,-0.1192201795285505
Bearing3_1,254,0.10011824990145841,-0.004673493841396958
Bearing3_1,255,0.10051241623965314,0.06870197365847926
Bearing3_1,256,0.10090658257784785,0.11805918111643712
Bearing3_1,257,0.10130074891604257,0.19723376469556617
Bearing3_1,258,0.1016949152542373,0.2179797295714477
Bearing3_1,259,0.102089081592432,0.19427318457929804
Bearing3_1,260,0.10248324793062673,0.17975925753006022
Bearing3_1,261,0.10287741426882144,0.21270363496782277
Bearing3_1,262,0.10327158060701616,0.2809238707302505
Bearing3_1,263,0.10366574694521088,0.3094589157814486
Bearing3_1,264,0.1040599132834056,0.32348528497258383
Bearing3_1,265,0.10445407962160032,0.31787650837790615
Bearing3_1,266,0.10484824595979503,0.35682596568785413
Bearing3_1,267,0.10524241229798975,0.3551895293064543
Bearing3_1,268,0.10563657863618447,0.31760319553039407
Bearing3_1,269,0.10603074497437918,0.3067908624701889
Bearing3_1,270,0.10642491131257391,0.22672539818586662
Bearing3_1,271,0.10681907765076862,0.1351949637836963
Bearing3_1,272,0.10721324398896334,0.1463912144515489
Bearing3_1,273,0.10760741032715807,0.14324908691002808
Bearing3_1,274,0.10800157666535277,0.17436115667124788
Bearing3_1,275,0.1083957430035475,0.21782000134943375
Bearing3_1,276,0.10878990934174222,0.24231771046703154
Bearing3_1,277,0.10918407567993693,0.2868684306062108
Bearing3_1,278,0.10957824201813166,0.34711908813050185
Bearing3_1,279,0.10997240835632636,0.3677233208341054
Bearing3_1,280,0.11036657469452109,0.4630320955171629
Bearing3_1,281,0.11076074103271581,0.5361844177153737
Bearing3_1,282,0.11115490737091052,0.5144234310425373
Bearing3_1,283,0.11154907370910525,0.5313573443463016
Bearing3_1,284,0.11194324004729996,0.5062356685570328
Bearing3_1,285,0.11233740638549468,0.4837428737371622
Bearing3_1,286,0.1127315727236894,0.44592220879877376
Bearing3_1,287,0.11312573906188411,0.3855328803429359
Bearing3_1,288,0.11351990540007884,0.3230366018532548
Bearing3_1,289,0.11391407173827355,0.3360136623355091
Bearing3_1,290,0.11430823807646827,0.3442513565243458
Bearing3_1,291,0.11470240441466299,0.3360088101245508
Bearing3_1,292,0.1150965707528577,0.31991575024923546
Bearing3_1,293,0.11549073709105243,0.2832678836287413
Bearing3_1,294,0.11588490342924715,0.23334057610235517
Bearing3_1,295,0.11627906976744186,0.2590076363168845
Bearing3_1,296,0.11667323610563658,0.29749921028406046
Bearing3_1,297,0.11706740244383129,0.35432604002436624
Bearing3_1,298,0.11746156878202602,0.4313995829082316
Bearing3_1,299,0.11785573512022074,0.44184406422228967
Bearing3_1,300,0.11824990145841545,0.42281593293223707
Bearing3_1,301,0.11864406779661017,0.41733770262518355
Bearing3_1,302,0.11903823413480488,0.40648127126557376
Bearing3_1,303,0.1194324004729996,0.41236227223315786
Bearing3_1,304,0.11982656681119433,0.45467434507730936
Bearing3_1,305,0.12022073314938904,0.4013526336329101
Bearing3_1,306,0.12061489948758376,0.33867873233972745
Bearing3_1,307,0.12100906582577847,0.35490800922402166
Bearing3_1,308,0.1214032321639732,0.3186151074725848
Bearing3_1,309,0.12179739850216792,0.3224356157556717
Bearing3_1,310,0.12219156484036263,0.35208577969502464
Bearing3_1,311,0.12258573117855735,0.341513529252587
Bearing3_1,312,0.12297989751675206,0.3604741134149355
Bearing3_1,313,0.12337406385494679,0.3562471423329913
Bearing3_1,314,0.12376823019314151,0.29923543470718184
Bearing3_1,315,0.12416239653133622,0.3003747965666524
Bearing3_1,316,0.12455656286953094,0.2893307592854825
Bearing3_1,317,0.12495072920772567,0.19687050686719226
Bearing3_1,318,0.12534489554592038,0.12233684461432145
Bearing3_1,319,0.1257390618841151,0.02680149884302809
Bearing3_1,320,0.12613322822230982,-0.06624837780459247
Bearing3_1,321,0.12652739456050452,-0.06261242739562331
Bearing3_1,322,0.12692156089869924,-0.06571498189350869
Bearing3_1,323,0.12731572723689397,-0.01608160526545165
Bearing3_1,324,0.1277098935750887,0.06718515937113592
Bearing3_1,325,0.1281040599132834,0.11043604266147464
Bearing3_1,326,0.12849822625147814,0.16696322888933532
Bearing3_1,327,0.12889239258967283,0.2425479666834895
Bearing3_1,328,0.12928655892786756,0.32394098638647084
Bearing3_1,329,0.12968072526606228,0.3831179560054983
Bearing3_1,330,0.130074891604257,0.46530994356540356
Bearing3_1,331,0.13046905794245173,0.501660340166159
Bearing3_1,332,0.13086322428064642,0.5544597258875369
Bearing3_1,333,0.13125739061884115,0.530768249721859
Bearing3_1,334,0.13165155695703587,0.5265595569883759
Bearing3_1,335,0.1320457232952306,0.5328113697206288
Bearing3_1,336,0.13243988963342532,0.5079704383626306
Bearing3_1,337,0.13283405597162,0.48935184954970207
Bearing3_1,338,0.13322822230981474,0.49289153134812513
Bearing3_1,339,0.13362238864800946,0.5090273400149586
Bearing3_1,340,0.13401655498620418,0.4971101979112964
Bearing3_1,341,0.1344107213243989,0.45646225320727574
Bearing3_1,342,0.1348048876625936,0.43903397207016387
Bearing3_1,343,0.13519905400078833,0.4280758734961478
Bearing3_1,344,0.13559322033898305,0.4204847679495908
Bearing3_1,345,0.13598738667717777,0.36966181126612163
Bearing3_1,346,0.1363815530153725,0.3893121932275413
Bearing3_1,347,0.1367757193535672,0.39160117285096196
Bearing3_1,348,0.13716988569176192,0.40258484973522934
Bearing3_1,349,0.13756405202995664,0.40954437879631483
Bearing3_1,350,0.13795821836815136,0.423344597939202
Bearing3_1,351,0.1383523847063461,0.4651341832807724
Bearing3_1,352,0.13874655104454078,0.4379916587803563
Bearing3_1,353,0.1391407173827355,0.46071453860290107
Bearing3_1,354,0.13953488372093023,0.45897916308116055
Bearing3_1,355,0.13992905005912495,0.5137214479450538
Bearing3_1,356,0.14032321639731968,0.5356266001620689
Bearing3_1,357,0.14071738273551437,0.5503695200765074
Bearing3_1,358,0.1411115490737091,0.5365570165468236
Bearing3_1,359,0.14150571541190382,0.5621392284824269
Bearing3_1,360,0.14189988175009854,0.5795074776348247
Bearing3_1,361,0.14229404808829327,0.5796031232907126
Bearing3_1,362,0.142688214426488,0.624386002094478
Bearing3_1,363,0.1430823807646827,0.6049337829856102
Bearing3_1,364,0.1434765471028774,0.6568184021867589
Bearing3_1,365,0.14387071344107213,0.6371182399162142
Bearing3_1,366,0.14426487977926686,0.6189917578049886
Bearing3_1,367,0.14465904611746158,0.6512628745600033
Bearing3_1,368,0.14505321245565628,0.6554592808965103
Bearing3_1,369,0.145447378793851,0.596824146355704
Bearing3_1,370,0.14584154513204572,0.609730579433817
Bearing3_1,371,0.14623571147024045,0.6435983238724186
Bearing3_1,372,0.14662987780843517,0.6083394114935218
Bearing3_1,373,0.14702404414662987,0.6516464166729544
Bearing3_1,374,0.1474182104848246,0.6298064392096829
Bearing3_1,375,0.14781237682301931,0.6627533289874111
Bearing3_1,376,0.14820654316121404,0.6912715505549917
Bearing3_1,377,0.14860070949940876,0.6669113159879524
Bearing3_1,378,0.14899487583760346,0.6870010080243533
Bearing3_1,379,0.14938904217579818,0.7535588597233438
Bearing3_1,380,0.1497832085139929,0.721420304518112
Bearing3_1,381,0.15017737485218763,0.681320555642755
Bearing3_1,382,0.15057154119038235,0.7154782487500329
Bearing3_1,383,0.15096570752857705,0.6959637456801996
Bearing3_1,384,0.15135987386677177,0.6342978246678986
Bearing3_1,385,0.1517540402049665,0.6201772105652656
Bearing3_1,386,0.15214820654316122,0.6230849119867428
Bearing3_1,387,0.15254237288135594,0.6544744087893416
Bearing3_1,388,0.15293653921955064,0.6610370818461588
Bearing3_1,389,0.15333070555774536,0.6521757684810006
Bearing3_1,390,0.15372487189594009,0.680261572828995
Bearing3_1,391,0.1541190382341348,0.6697672963414575
Bearing3_1,392,0.15451320457232953,0.6892679332827228
Bearing3_1,393,0.15490737091052423,0.6932313619662078
Bearing3_1,394,0.15530153724871895,0.7473340257368031
Bearing3_1,395,0.15569570358691368,0.7603409199403772
Bearing3_1,396,0.1560898699251084,0.7862166292096043
Bearing3_1,397,0.15648403626330312,0.8045742280161567
Bearing3_1,398,0.15687820260149785,0.8167257293444015
Bearing3_1,399,0.15727236893969254,0.8150945037618044
Bearing3_1,400,0.15766653527788727,0.8299702338344777
Bearing3_1,401,0.158060701616082,0.8949221446065317
Bearing3_1,402,0.1584548679542767,0.9148678523562366
Bearing3_1,403,0.15884903429247144,0.8827945877432629
Bearing3_1,404,0.15924320063066613,0.861998261007075
Bearing3_1,405,0.15963736696886086,0.8324039545849997
Bearing3_1,406,0.16003153330705558,0.8132333350977581
Bearing3_1,407,0.1604256996452503,0.7506500204754379
Bearing3_1,408,0.16081986598344503,0.7008078461939846
Bearing3_1,409,0.16121403232163972,0.6950327608984506
Bearing3_1,410,0.16160819865983445,0.677921444588651
Bearing3_1,411,0.16200236499802917,0.6513820968646666
Bearing3_1,412,0.1623965313362239,0.6110038537979439
Bearing3_1,413,0.16279069767441862,0.6771969265217932
Bearing3_1,414,0.1631848640126133,0.7360537367478411
Bearing3_1,415,0.16357903035080804,0.783625014811167
Bearing3_1,416,0.16397319668900276,0.7996845844036552
Bearing3_1,417,0.16436736302719748,0.8564588947589925
Bearing3_1,418,0.1647615293653922,0.9089463795585171
Bearing3_1,419,0.1651556957035869,0.9616733918533923
Bearing3_1,420,0.16554986204178163,0.9462378404522674
Bearing3_1,421,0.16594402837997635,0.9604217515537841
Bearing3_1,422,0.16633819471817107,0.9966748715745488
Bearing3_1,423,0.1667323610563658,0.9983617812969403
Bearing3_1,424,0.1671265273945605,0.9899295206875485
Bearing3_1,425,0.16752069373275522,1.0025149026360083
Bearing3_1,426,0.16791486007094994,1.0020874163231732
Bearing3_1,427,0.16830902640914466,1.004545661551104
Bearing3_1,428,0.1687031927473394,1.016030437943473
Bearing3_1,429,0.16909735908553408,1.009743728212609
Bearing3_1,430,0.1694915254237288,1.0628271941346068
Bearing3_1,431,0.16988569176192353,1.1000566362023687
Bearing3_1,432,0.17027985810011825,1.1313186616465616
Bearing3_1,433,0.17067402443831298,1.1407321592187474
Bearing3_1,434,0.17106819077650767,1.1367261840785507
Bearing3_1,435,0.1714623571147024,1.1528431019735483
Bearing3_1,436,0.17185652345289712,1.1798518520782415
Bearing3_1,437,0.17225068979109184,1.197926749118882
Bearing3_1,438,0.17264485612928657,1.2192755538859938
Bearing3_1,439,0.1730390224674813,1.2074161271093393
Bearing3_1,440,0.173433188805676,1.2231104089685876
Bearing3_1,441,0.1738273551438707,1.207368369811612
Bearing3_1,442,0.17422152148206543,1.1954401891603816
Bearing3_1,443,0.17461568782026016,1.1700815126979305
Bearing3_1,444,0.17500985415845488,1.2230822602626088
Bearing3_1,445,0.17540402049664958,1.1996126002517469
Bearing3_1,446,0.1757981868348443,1.2083322858405519
Bearing3_1,447,0.17619235317303902,1.215078397088391
Bearing3_1,448,0.17658651951123375,1.1963703077699084
Bearing3_1,449,0.17698068584942847,1.2461553086610444
Bearing3_1,450,0.17737485218762317,1.2441822026818494
Bearing3_1,451,0.1777690185258179,1.2637929955529246
Bearing3_1,452,0.1781631848640126,1.2580930898551475
Bearing3_1,453,0.17855735120220734,1.2931813251501714
Bearing3_1,454,0.17895151754040206,1.2929403946439464
Bearing3_1,455,0.17934568387859676,1.287776576112922
Bearing3_1,456,0.17973985021679148,1.2893789639858402
Bearing3_1,457,0.1801340165549862,1.2967102252835478
Bearing3_1,458,0.18052818289318093,1.312397890928098
Bearing3_1,459,0.18092234923137565,1.2897363850490806
Bearing3_1,460,0.18131651556957035,1.3049862980073905
Bearing3_1,461,0.18171068190776507,1.300417608411689
Bearing3_1,462,0.1821048482459598,1.2731843635398956
Bearing3_1,463,0.18249901458415452,1.239081633447635
Bearing3_1,464,0.18289318092234924,1.2119797886917583
Bearing3_1,465,0.18328734726054394,1.2460877506844006
Bearing3_1,466,0.18368151359873866,1.253243817203459
Bearing3_1,467,0.18407567993693338,1.2485247629387424
Bearing3_1,468,0.1844698462751281,1.2629749992776618
Bearing3_1,469,0.18486401261332283,1.269110405378599
Bearing3_1,470,0.18525817895151753,1.2607451246579005
Bearing3_1,471,0.18565234528971225,1.2148426200457592
Bearing3_1,472,0.18604651162790697,1.222111979379116
Bearing3_1,473,0.1864406779661017,1.2513607777059834
Bearing3_1,474,0.18683484430429642,1.2611497105851281
Bearing3_1,475,0.18722901064249114,1.260751392387537
Bearing3_1,476,0.18762317698068584,1.2277151342641537
Bearing3_1,477,0.18801734331888056,1.1986125290920238
Bearing3_1,478,0.1884115096570753,1.1454404068756756
Bearing3_1,479,0.18880567599527,1.1041917909648027
Bearing3_1,480,0.18919984233346474,1.0772545025516802
Bearing3_1,481,0.18959400867165943,1.0919956893572071
Bearing3_1,482,0.18998817500985415,1.0842053631140045
Bearing3_1,483,0.19038234134804888,1.0450810234453587
Bearing3_1,484,0.1907765076862436,1.0090856238970956
Bearing3_1,485,0.19117067402443833,0.9769810656283976
Bearing3_1,486,0.19156484036263302,0.9472069029830607
Bearing3_1,487,0.19195900670082774,0.9344043439728399
Bearing3_1,488,0.19235317303902247,0.9592991775981113
Bearing3_1,489,0.1927473393772172,0.9610182975081265
Bearing3_1,490,0.19314150571541192,0.9473467992869011
Bearing3_1,491,0.1935356720536066,0.9222104966238371
Bearing3_1,492,0.19392983839180133,0.9034658843316095
Bearing3_1,493,0.19432400472999606,0.9373394357152754
Bearing3_1,494,0.19471817106819078,0.9523978558432713
Bearing3_1,495,0.1951123374063855,0.9440586392396112
Bearing3_1,496,0.1955065037445802,0.9721433550470595
Bearing3_1,497,0.19590067008277492,0.9889916593079047
Bearing3_1,498,0.19629483642096965,0.9844628790138733
Bearing3_1,499,0.19668900275916437,0.99508457974582
Bearing3_1,500,0.1970831690973591,1.026108984128984
Bearing3_1,501,0.1974773354355538,1.0386593062391494
Bearing3_1,502,0.19787150177374851,1.0312009985260318
Bearing3_1,503,0.19826566811194324,1.0022743450439706
Bearing3_1,504,0.19865983445013796,0.9780353042820021
Bearing3_1,505,0.19905400078833269,0.9815859449673827
Bearing3_1,506,0.19944816712652738,0.9694788992712603
Bearing3_1,507,0.1998423334647221,0.9184229418963783
Bearing3_1,508,0.20023649980291683,0.8566967625447534
Bearing3_1,509,0.20063066614111155,0.8425442191191775
Bearing3_1,510,0.20102483247930628,0.77665489549613
Bearing3_1,511,0.20141899881750097,0.7870856013778289
Bearing3_1,512,0.2018131651556957,0.7909069526820348
Bearing3_1,513,0.20220733149389042,0.784389972988446
Bearing3_1,514,0.20260149783208514,0.8063838492041434
Bearing3_1,515,0.20299566417027987,0.7896735063344517
Bearing3_1,516,0.2033898305084746,0.7460226734626083
Bearing3_1,517,0.20378399684666929,0.7931020195887971
Bearing3_1,518,0.204178163184864,0.8457962622194947
Bearing3_1,519,0.20457232952305873,0.8649729245136047
Bearing3_1,520,0.20496649586125346,0.8859278633775274
Bearing3_1,521,0.20536066219944818,0.8643490837904704
Bearing3_1,522,0.20575482853764288,0.8801696693943336
Bearing3_1,523,0.2061489948758376,0.879028758657047
Bearing3_1,524,0.20654316121403232,0.875574363095148
Bearing3_1,525,0.20693732755222705,0.8882034401751909
Bearing3_1,526,0.20733149389042177,0.9291824276014218
Bearing3_1,527,0.20772566022861647,0.9277368925231038
Bearing3_1,528,0.2081198265668112,0.8945907821386504
Bearing3_1,529,0.2085139929050059,0.8710585032900233
Bearing3_1,530,0.20890815924320064,0.9006419039864353
Bearing3_1,531,0.20930232558139536,0.8874930261375027
Bearing3_1,532,0.20969649191959006,0.873951221557211
Bearing3_1,533,0.21009065825778478,0.868920932126754
Bearing3_1,534,0.2104848245959795,0.8363705072992346
Bearing3_1,535,0.21087899093417423,0.8455994427402673
Bearing3_1,536,0.21127315727236895,0.8200660674159067
Bearing3_1,537,0.21166732361056365,0.8099557700821757
Bearing3_1,538,0.21206148994875837,0.8409204097629551
Bearing3_1,539,0.2124556562869531,0.8063117709633737
Bearing3_1,540,0.21284982262514782,0.7627178955408911
Bearing3_1,541,0.21324398896334254,0.8115973112786339
Bearing3_1,542,0.21363815530153724,0.8269832087681819
Bearing3_1,543,0.21403232163973196,0.8666305555706895
Bearing3_1,544,0.21442648797792668,0.8851919541041248
Bearing3_1,545,0.2148206543161214,0.8964101539749028
Bearing3_1,546,0.21521482065431613,0.9210582283021382
Bearing3_1,547,0.21560898699251083,0.9132141912014298
Bearing3_1,548,0.21600315333070555,0.8789839065589012
Bearing3_1,549,0.21639731966890027,0.9200883974602296
Bearing3_1,550,0.216791486007095,0.9538303180771541
Bearing3_1,551,0.21718565234528972,0.9194680820375449
Bearing3_1,552,0.21757981868348444,0.9223785225047163
Bearing3_1,553,0.21797398502167914,0.9085836824459449
Bearing3_1,554,0.21836815135987386,0.9312708211997638
Bearing3_1,555,0.2187623176980686,0.9273952018572011
Bearing3_1,556,0.2191564840362633,0.9319998275238177
Bearing3_1,557,0.21955065037445803,0.9346637252017775
Bearing3_1,558,0.21994481671265273,0.9627243309543487
Bearing3_1,559,0.22033898305084745,0.9343959074583547
Bearing3_1,560,0.22073314938904218,0.9062090983681506
Bearing3_1,561,0.2211273157272369,0.9109455764460387
Bearing3_1,562,0.22152148206543162,0.8973706253486228
Bearing3_1,563,0.22191564840362632,0.878091720321383
Bearing3_1,564,0.22230981474182104,0.8280311832254823
Bearing3_1,565,0.22270398108001577,0.8064259200005882
Bearing3_1,566,0.2230981474182105,0.7796548597427592
Bearing3_1,567,0.22349231375640521,0.7649250131953715
Bearing3_1,568,0.2238864800945999,0.745317135013269
Bearing3_1,569,0.22428064643279463,0.7340938997625198
Bearing3_1,570,0.22467481277098936,0.7438081187163814
Bearing3_1,571,0.22506897910918408,0.75221007231344
Bearing3_1,572,0.2254631454473788,0.7555507398541321
Bearing3_1,573,0.2258573117855735,0.7320216709223958
Bearing3_1,574,0.22625147812376822,0.7789251865279512
Bearing3_1,575,0.22664564446196295,0.7875680356378718
Bearing3_1,576,0.22703981080015767,0.7939391254359836
Bearing3_1,577,0.2274339771383524,0.7935758875589312
Bearing3_1,578,0.2278281434765471,0.7861922320380506
Bearing3_1,579,0.22822230981474181,0.8203027264381142
Bearing3_1,580,0.22861647615293654,0.8230126566381977
Bearing3_1,581,0.22901064249113126,0.8383508120147898
Bearing3_1,582,0.22940480882932598,0.8210390230577254
Bearing3_1,583,0.22979897516752068,0.8260264309492964
Bearing3_1,584,0.2301931415057154,0.7927877775096757
Bearing3_1,585,0.23058730784391013,0.772643816991528
Bearing3_1,586,0.23098147418210485,0.7608991188729803
Bearing3_1,587,0.23137564052029957,0.7838980202674668
Bearing3_1,588,0.2317698068584943,0.7945805874188072
Bearing3_1,589,0.232163973196689,0.7801767204849739
Bearing3_1,590,0.23255813953488372,0.7585180276630363
Bearing3_1,591,0.23295230587307844,0.7471151522427086
Bearing3_1,592,0.23334647221127316,0.7047859440635877
Bearing3_1,593,0.2337406385494679,0.7213983388454424
Bearing3_1,594,0.23413480488766258,0.7371802413336437
Bearing3_1,595,0.2345289712258573,0.7272387641149385
Bearing3_1,596,0.23492313756405203,0.7403409843144384
Bearing3_1,597,0.23531730390224675,0.7323595251147329
Bearing3_1,598,0.23571147024044148,0.7351197441354935
Bearing3_1,599,0.23610563657863617,0.7281166625216159
Bearing3_1,600,0.2364998029168309,0.7458547152521519
Bearing3_1,601,0.23689396925502562,0.7260140502003006
Bearing3_1,602,0.23728813559322035,0.7595551548970856
Bearing3_1,603,0.23768230193141507,0.7761677179662937
Bearing3_1,604,0.23807646826960976,0.7726286577925473
Bearing3_1,605,0.2384706346078045,0.7805793067713388
Bearing3_1,606,0.2388648009459992,0.7859579983875135
Bearing3_1,607,0.23925896728419394,0.7657719014596547
Bearing3_1,608,0.23965313362238866,0.7668547510784504
Bearing3_1,609,0.24004729996058335,0.7763118477965324
Bearing3_1,610,0.24044146629877808,0.772189041686064
Bearing3_1,611,0.2408356326369728,0.8092972321742901
Bearing3_1,612,0.24122979897516753,0.819040937450229
Bearing3_1,613,0.24162396531336225,0.8011157180519926
Bearing3_1,614,0.24201813165155694,0.7969507105072864
Bearing3_1,615,0.24241229798975167,0.8008952566094534
Bearing3_1,616,0.2428064643279464,0.790841529187067
Bearing3_1,617,0.24320063066614112,0.7247442244586029
Bearing3_1,618,0.24359479700433584,0.7125613522195557
Bearing3_1,619,0.24398896334253053,0.7203165537495279
Bearing3_1,620,0.24438312968072526,0.7303479781365203
Bearing3_1,621,0.24477729601891998,0.6580768171491415
Bearing3_1,622,0.2451714623571147,0.6379825069469123
Bearing3_1,623,0.24556562869530943,0.5998724355882111
Bearing3_1,624,0.24595979503350412,0.5796258028718373
Bearing3_1,625,0.24635396137169885,0.5540957694906765
Bearing3_1,626,0.24674812770989357,0.5103196701958816
Bearing3_1,627,0.2471422940480883,0.5603323735196956
Bearing3_1,628,0.24753646038628302,0.534660654264038
Bearing3_1,629,0.24793062672447774,0.49765218706498765
Bearing3_1,630,0.24832479306267244,0.4780796751139299
Bearing3_1,631,0.24871895940086716,0.48187765585128883
Bearing3_1,632,0.24911312573906189,0.49685281512582025
Bearing3_1,633,0.2495072920772566,0.5265144189561174
Bearing3_1,634,0.24990145841545133,0.53085327722116
Bearing3_1,635,0.25029562475364603,0.5325927970232982
Bearing3_1,636,0.25068979109184075,0.551012315997492
Bearing3_1,637,0.2510839574300355,0.5640088798583557
Bearing3_1,638,0.2514781237682302,0.5705138392075534
Bearing3_1,639,0.2518722901064249,0.5715504540748664
Bearing3_1,640,0.25226645644461965,0.5433546200592543
Bearing3_1,641,0.25266062278281437,0.5504959928674318
Bearing3_1,642,0.25305478912100904,0.5158132061640093
Bearing3_1,643,0.25344895545920376,0.49145635388471576
Bearing3_1,644,0.2538431217973985,0.4690836028706033
Bearing3_1,645,0.2542372881355932,0.43760508815526267
Bearing3_1,646,0.25463145447378793,0.4094509252331145
Bearing3_1,647,0.25502562081198266,0.3877620929740573
Bearing3_1,648,0.2554197871501774,0.3592012797543221
Bearing3_1,649,0.2558139534883721,0.3341376957444811
Bearing3_1,650,0.2562081198265668,0.3489706665117734
Bearing3_1,651,0.25660228616476155,0.33636420613587337
Bearing3_1,652,0.2569964525029563,0.33900531768462683
Bearing3_1,653,0.25739061884115094,0.3510638420796442
Bearing3_1,654,0.25778478517934567,0.3807092751359719
Bearing3_1,655,0.2581789515175404,0.3973232743445371
Bearing3_1,656,0.2585731178557351,0.436294493334212
Bearing3_1,657,0.25896728419392984,0.45042639311459637
Bearing3_1,658,0.25936145053212456,0.48225021158465464
Bearing3_1,659,0.2597556168703193,0.4891307023810718
Bearing3_1,660,0.260149783208514,0.4717504898033217
Bearing3_1,661,0.26054394954670873,0.48065358004389347
Bearing3_1,662,0.26093811588490345,0.4762235451933939
Bearing3_1,663,0.2613322822230981,0.4682578075138709
Bearing3_1,664,0.26172644856129285,0.4368301978503162
Bearing3_1,665,0.26212061489948757,0.4190280670014902
Bearing3_1,666,0.2625147812376823,0.40040692591133825
Bearing3_1,667,0.262908947575877,0.3535902782234549
Bearing3_1,668,0.26330311391407174,0.35823155877353574
Bearing3_1,669,0.26369728025226646,0.38339602383302185
Bearing3_1,670,0.2640914465904612,0.3791017162517079
Bearing3_1,671,0.2644856129286559,0.3714489343078486
Bearing3_1,672,0.26487977926685063,0.3649680155768898
Bearing3_1,673,0.2652739456050453,0.3412091594298935
Bearing3_1,674,0.26566811194324,0.3365648308488224
Bearing3_1,675,0.26606227828143475,0.34345930603848557
Bearing3_1,676,0.2664564446196295,0.3315315396904938
Bearing3_1,677,0.2668506109578242,0.3545380687116092
Bearing3_1,678,0.2672447772960189,0.3468953083724081
Bearing3_1,679,0.26763894363421364,0.3249812325242334
Bearing3_1,680,0.26803310997240837,0.32451746666633513
Bearing3_1,681,0.2684272763106031,0.3125178198820887
Bearing3_1,682,0.2688214426487978,0.3173251538584302
Bearing3_1,683,0.26921560898699254,0.34058243511191955
Bearing3_1,684,0.2696097753251872,0.34217668427268555
Bearing3_1,685,0.27000394166338193,0.35551206854914463
Bearing3_1,686,0.27039810800157665,0.37365502162009856
Bearing3_1,687,0.2707922743397714,0.3965672621987383
Bearing3_1,688,0.2711864406779661,0.40163728667243853
Bearing3_1,689,0.2715806070161608,0.40740043904792406
Bearing3_1,690,0.27197477335435555,0.4209743488563902
Bearing3_1,691,0.27236893969255027,0.39704589176065563
Bearing3_1,692,0.272763106030745,0.4066893230120834
Bearing3_1,693,0.2731572723689397,0.40801081946443285
Bearing3_1,694,0.2735514387071344,0.3935264437828669
Bearing3_1,695,0.2739456050453291,0.38380094703771983
Bearing3_1,696,0.27433977138352383,0.3755477025643364
Bearing3_1,697,0.27473393772171856,0.341562028795934
Bearing3_1,698,0.2751281040599133,0.33716847910424697
Bearing3_1,699,0.275522270398108,0.3476743637954769
Bearing3_1,700,0.27591643673630273,0.34002570019798456
Bearing3_1,701,0.27631060307449745,0.342762221495539
Bearing3_1,702,0.2767047694126922,0.3418022877919883
Bearing3_1,703,0.2770989357508869,0.3234534869859882
Bearing3_1,704,0.27749310208908157,0.32015650036741106
Bearing3_1,705,0.2778872684272763,0.32718529202795066
Bearing3_1,706,0.278281434765471,0.33398142358564586
Bearing3_1,707,0.27867560110366574,0.35119653837859566
Bearing3_1,708,0.27906976744186046,0.33983417663787724
Bearing3_1,709,0.2794639337800552,0.3528199528248958
Bearing3_1,710,0.2798581001182499,0.36831441486365535
Bearing3_1,711,0.28025226645644463,0.35681124073772585
Bearing3_1,712,0.28064643279463936,0.3662739883254342
Bearing3_1,713,0.2810405991328341,0.38948625815940985
Bearing3_1,714,0.28143476547102875,0.3938841472115368
Bearing3_1,715,0.28182893180922347,0.3429074413929759
Bearing3_1,716,0.2822230981474182,0.37145698220460177
Bearing3_1,717,0.2826172644856129,0.37860146539971506
Bearing3_1,718,0.28301143082380764,0.38304874697621616
Bearing3_1,719,0.28340559716200237,0.37011248822745324
Bearing3_1,720,0.2837997635001971,0.38538240901392096
Bearing3_1,721,0.2841939298383918,0.455998618465595
Bearing3_1,722,0.28458809617658654,0.43266727167064867
Bearing3_1,723,0.28498226251478126,0.42613814069642136
Bearing3_1,724,0.285376428852976,0.4605936368959281
Bearing3_1,725,0.28577059519117065,0.506866474056224
Bearing3_1,726,0.2861647615293654,0.4484127131102237
Bearing3_1,727,0.2865589278675601,0.43929746667624603
Bearing3_1,728,0.2869530942057548,0.45205618978237316
Bearing3_1,729,0.28734726054394955,0.43911396924545726
Bearing3_1,730,0.28774142688214427,0.4112206675256937
Bearing3_1,731,0.288135593220339,0.37170826099921356
Bearing3_1,732,0.2885297595585337,0.36839605230738914
Bearing3_1,733,0.28892392589672844,0.3477453933778305
Bearing3_1,734,0.28931809223492316,0.31276952491366794
Bearing3_1,735,0.28971225857311783,0.306004549033637
Bearing3_1,736,0.29010642491131255,0.3131475593751078
Bearing3_1,737,0.2905005912495073,0.3162120673814746
Bearing3_1,738,0.290894757587702,0.3306164437124423
Bearing3_1,739,0.2912889239258967,0.3444343031790208
Bearing3_1,740,0.29168309026409145,0.3438254378513268
Bearing3_1,741,0.2920772566022862,0.36127566524462273
Bearing3_1,742,0.2924714229404809,0.3916154908396824
Bearing3_1,743,0.2928655892786756,0.4198149393562134
Bearing3_1,744,0.29325975561687034,0.44878912255156267
Bearing3_1,745,0.293653921955065,0.44793370589680287
Bearing3_1,746,0.29404808829325974,0.4997214418991834
Bearing3_1,747,0.29444225463145446,0.5311754966036849
Bearing3_1,748,0.2948364209696492,0.5300374443902639
Bearing3_1,749,0.2952305873078439,0.5316584208492975
Bearing3_1,750,0.29562475364603863,0.5647366702095197
Bearing3_1,751,0.29601891998423335,0.5909175978266423
Bearing3_1,752,0.2964130863224281,0.6135942988652344
Bearing3_1,753,0.2968072526606228,0.5930748752766445
Bearing3_1,754,0.2972014189988175,0.5668723466367096
Bearing3_1,755,0.2975955853370122,0.601335378635562
Bearing3_1,756,0.2979897516752069,0.5526005578575018
Bearing3_1,757,0.29838391801340164,0.531292884181523
Bearing3_1,758,0.29877808435159636,0.5189460509632634
Bearing3_1,759,0.2991722506897911,0.5454187940899203
Bearing3_1,760,0.2995664170279858,0.5368574772937809
Bearing3_1,761,0.29996058336618053,0.5286724230095576
Bearing3_1,762,0.30035474970437526,0.512484425915063
Bearing3_1,763,0.30074891604257,0.5541671738219788
Bearing3_1,764,0.3011430823807647,0.5697463347368045
Bearing3_1,765,0.3015372487189594,0.5994203123901662
Bearing3_1,766,0.3019314150571541,0.6419029896493607
Bearing3_1,767,0.3023255813953488,0.6504020531259215
Bearing3_1,768,0.30271974773354354,0.6656639723806173
Bearing3_1,769,0.30311391407173827,0.6401942046794429
Bearing3_1,770,0.303508080409933,0.6417522028352733
Bearing3_1,771,0.3039022467481277,0.6244110085552624
Bearing3_1,772,0.30429641308632244,0.5901712175454352
Bearing3_1,773,0.30469057942451716,0.5417294926000211
Bearing3_1,774,0.3050847457627119,0.5380531913653472
Bearing3_1,775,0.3054789121009066,0.5000224684720653
Bearing3_1,776,0.3058730784391013,0.4921611864587498
Bearing3_1,777,0.306267244777296,0.46896865627137546
Bearing3_1,778,0.3066614111154907,0.431344634036532
Bearing3_1,779,0.30705557745368545,0.41291034147733885
Bearing3_1,780,0.30744974379188017,0.389718568881206
Bearing3_1,781,0.3078439101300749,0.38265722748001146
Bearing3_1,782,0.3082380764682696,0.3968606066057002
Bearing3_1,783,0.30863224280646434,0.39046845060687563
Bearing3_1,784,0.30902640914465906,0.37517270288668747
Bearing3_1,785,0.3094205754828538,0.31852780771431277
Bearing3_1,786,0.30981474182104846,0.28196644963306444
Bearing3_1,787,0.3102089081592432,0.2793860728926393
Bearing3_1,788,0.3106030744974379,0.2838010299211202
Bearing3_1,789,0.3109972408356326,0.2652558958470964
Bearing3_1,790,0.31139140717382735,0.24707288597881555
Bearing3_1,791,0.3117855735120221,0.2546578818507062
Bearing3_1,792,0.3121797398502168,0.2577699338494958
Bearing3_1,793,0.3125739061884115,0.28495870263937456
Bearing3_1,794,0.31296807252660624,0.31329430904283895
Bearing3_1,795,0.31336223886480097,0.3503331280942086
Bearing3_1,796,0.3137564052029957,0.34862130331408314
Bearing3_1,797,0.31415057154119036,0.3368457286159664
Bearing3_1,798,0.3145447378793851,0.33013613943568043
Bearing3_1,799,0.3149389042175798,0.3218651027157306
Bearing3_1,800,0.31533307055577453,0.29311173234665433
Bearing3_1,801,0.31572723689396925,0.2484414545000123
Bearing3_1,802,0.316121403232164,0.21635652183189252
Bearing3_1,803,0.3165155695703587,0.20744753999375343
Bearing3_1,804,0.3169097359085534,0.18699449885970276
Bearing3_1,805,0.31730390224674815,0.18605075594907064
Bearing3_1,806,0.31769806858494287,0.18829542285111062
Bearing3_1,807,0.31809223492313754,0.19818468994977662
Bearing3_1,808,0.31848640126133226,0.17217690356095855
Bearing3_1,809,0.318880567599527,0.1984094275713295
Bearing3_1,810,0.3192747339377217,0.21197326322742277
Bearing3_1,811,0.31966890027591643,0.2543566401197686
Bearing3_1,812,0.32006306661411116,0.2836630506583511
Bearing3_1,813,0.3204572329523059,0.27814313635545673
Bearing3_1,814,0.3208513992905006,0.24950866517020268
Bearing3_1,815,0.32124556562869533,0.22238718418354347
Bearing3_1,816,0.32163973196689005,0.21870207060735436
Bearing3_1,817,0.3220338983050847,0.22236980074997598
Bearing3_1,818,0.32242806464327944,0.2663606570282475
Bearing3_1,819,0.32282223098147417,0.28513731477070553
Bearing3_1,820,0.3232163973196689,0.2799651038260299
Bearing3_1,821,0.3236105636578636,0.27837533025029576
Bearing3_1,822,0.32400472999605834,0.29919128523169203
Bearing3_1,823,0.32439889633425306,0.2858935678942182
Bearing3_1,824,0.3247930626724478,0.3293117098758961
Bearing3_1,825,0.3251872290106425,0.39269903596994216
Bearing3_1,826,0.32558139534883723,0.4139082341570111
Bearing3_1,827,0.3259755616870319,0.45484969191906083
Bearing3_1,828,0.3263697280252266,0.4842281160888732
Bearing3_1,829,0.32676389436342135,0.47944579285147243
Bearing3_1,830,0.32715806070161607,0.5101514680323295
Bearing3_1,831,0.3275522270398108,0.5125944004072206
Bearing3_1,832,0.3279463933780055,0.48953853860204594
Bearing3_1,833,0.32834055971620024,0.5200414059758669
Bearing3_1,834,0.32873472605439497,0.4951739115671664
Bearing3_1,835,0.3291288923925897,0.47304952626986774
Bearing3_1,836,0.3295230587307844,0.44036991201175885
Bearing3_1,837,0.32991722506897914,0.39228012242718063
Bearing3_1,838,0.3303113914071738,0.34344297316029426
Bearing3_1,839,0.33070555774536853,0.3077006531124574
Bearing3_1,840,0.33109972408356325,0.29844040311845504
Bearing3_1,841,0.331493890421758,0.2846005453663091
Bearing3_1,842,0.3318880567599527,0.26994622140037017
Bearing3_1,843,0.3322822230981474,0.22327514972315754
Bearing3_1,844,0.33267638943634215,0.23720868908106646
Bearing3_1,845,0.33307055577453687,0.22674417977630026
Bearing3_1,846,0.3334647221127316,0.2631449526359872
Bearing3_1,847,0.3338588884509263,0.2791008293759794
Bearing3_1,848,0.334253054789121,0.2959412045936757
Bearing3_1,849,0.3346472211273157,0.31593567021113017
Bearing3_1,850,0.33504138746551043,0.32988896177564214
Bearing3_1,851,0.33543555380370516,0.34717045993553464
Bearing3_1,852,0.3358297201418999,0.38606301998616066
Bearing3_1,853,0.3362238864800946,0.41051803377310636
Bearing3_1,854,0.3366180528182893,0.42087597647912167
Bearing3_1,855,0.33701221915648405,0.4206416182157442
Bearing3_1,856,0.3374063854946788,0.3900191095847616
Bearing3_1,857,0.3378005518328735,0.39880096503772877
Bearing3_1,858,0.33819471817106816,0.4278678081225176
Bearing3_1,859,0.3385888845092629,0.47645902511480936
Bearing3_1,860,0.3389830508474576,0.4987624168850265
Bearing3_1,861,0.33937721718565234,0.50225703067198
Bearing3_1,862,0.33977138352384706,0.5089368356217439
Bearing3_1,863,0.3401655498620418,0.5509223340727116
Bearing3_1,864,0.3405597162002365,0.5846288872450204
Bearing3_1,865,0.34095388253843123,0.6055148356046589
Bearing3_1,866,0.34134804887662595,0.6168419773978933
Bearing3_1,867,0.3417422152148207,0.6099825792514011
Bearing3_1,868,0.34213638155301535,0.5341160946923733
Bearing3_1,869,0.34253054789121007,0.4790947197415611
Bearing3_1,870,0.3429247142294048,0.4707576545933576
Bearing3_1,871,0.3433188805675995,0.4630712345196971
Bearing3_1,872,0.34371304690579424,0.46915751950401485
Bearing3_1,873,0.34410721324398896,0.44906017235529594
Bearing3_1,874,0.3445013795821837,0.443429978694725
Bearing3_1,875,0.3448955459203784,0.4457169614925426
Bearing3_1,876,0.34528971225857313,0.46629121155213227
Bearing3_1,877,0.34568387859676786,0.4611190882033287
Bearing3_1,878,0.3460780449349626,0.49751503083719617
Bearing3_1,879,0.34647221127315725,0.4936866614247545
Bearing3_1,880,0.346866377611352,0.4808578938143325
Bearing3_1,881,0.3472605439495467,0.4540544625047497
Bearing3_1,882,0.3476547102877414,0.3927354747283389
Bearing3_1,883,0.34804887662593614,0.37449646233308675
Bearing3_1,884,0.34844304296413087,0.3236718253881823
Bearing3_1,885,0.3488372093023256,0.3080227645421656
Bearing3_1,886,0.3492313756405203,0.306156632783387
Bearing3_1,887,0.34962554197871504,0.3132569726347727
Bearing3_1,888,0.35001970831690976,0.3048321362062179
Bearing3_1,889,0.35041387465510443,0.31601136424323995
Bearing3_1,890,0.35080804099329915,0.30911549409024763
Bearing3_1,891,0.3512022073314939,0.31272232307061476
Bearing3_1,892,0.3515963736696886,0.331644788072201
Bearing3_1,893,0.3519905400078833,0.3034653325203009
Bearing3_1,894,0.35238470634607805,0.32632617844887213
Bearing3_1,895,0.35277887268427277,0.2878997211677162
Bearing3_1,896,0.3531730390224675,0.2496125811319027
Bearing3_1,897,0.3535672053606622,0.21635224588647978
Bearing3_1,898,0.35396137169885694,0.22978991913786667
Bearing3_1,899,0.3543555380370516,0.20555507726520247
Bearing3_1,900,0.35474970437524633,0.19420826802414243
Bearing3_1,901,0.35514387071344106,0.22450118331015992
Bearing3_1,902,0.3555380370516358,0.24079118447422215
Bearing3_1,903,0.3559322033898305,0.28802893155682285
Bearing3_1,904,0.3563263697280252,0.2948217890907142
Bearing3_1,905,0.35672053606621995,0.33619080198146717
Bearing3_1,906,0.3571147024044147,0.35698114850843726
Bearing3_1,907,0.3575088687426094,0.38037919827199396
Bearing3_1,908,0.3579030350808041,0.3825355533575415
Bearing3_1,909,0.35829720141899885,0.4288833573815368
Bearing3_1,910,0.3586913677571935,0.4397834370688658
Bearing3_1,911,0.35908553409538824,0.4212545085449326
Bearing3_1,912,0.35947970043358296,0.37751664413234615
Bearing3_1,913,0.3598738667717777,0.39028126950027725
Bearing3_1,914,0.3602680331099724,0.382580922859507
Bearing3_1,915,0.36066219944816713,0.3803384467042387
Bearing3_1,916,0.36105636578636185,0.4179161256508543
Bearing3_1,917,0.3614505321245566,0.4382483931388005
Bearing3_1,918,0.3618446984627513,0.42425128073034124
Bearing3_1,919,0.362238864800946,0.4104413419302236
Bearing3_1,920,0.3626330311391407,0.4173690778987421
Bearing3_1,921,0.3630271974773354,0.4594106482863758
Bearing3_1,922,0.36342136381553014,0.512031607494376
Bearing3_1,923,0.36381553015372486,0.5041843245354836
Bearing3_1,924,0.3642096964919196,0.5277017534929345
Bearing3_1,925,0.3646038628301143,0.538461021881775
Bearing3_1,926,0.36499802916830903,0.5272543376020267
Bearing3_1,927,0.36539219550650376,0.506376392307358
Bearing3_1,928,0.3657863618446985,0.526617321133001
Bearing3_1,929,0.3661805281828932,0.5479761906512076
Bearing3_1,930,0.3665746945210879,0.5666959503093423
Bearing3_1,931,0.3669688608592826,0.542292270897667
Bearing3_1,932,0.3673630271974773,0.5226649506780292
Bearing3_1,933,0.36775719353567204,0.4900236924799148
Bearing3_1,934,0.36815135987386677,0.4761993758668159
Bearing3_1,935,0.3685455262120615,0.48057799497513365
Bearing3_1,936,0.3689396925502562,0.44895130159424357
Bearing3_1,937,0.36933385888845094,0.42656045759977645
Bearing3_1,938,0.36972802522664566,0.3964804338817899
Bearing3_1,939,0.3701221915648404,0.3747731568323508
Bearing3_1,940,0.37051635790303505,0.3260140873012275
Bearing3_1,941,0.3709105242412298,0.3061596708397197
Bearing3_1,942,0.3713046905794245,0.3016081525652877
Bearing3_1,943,0.3716988569176192,0.3107803852603186
Bearing3_1,944,0.37209302325581395,0.2754008538572961
Bearing3_1,945,0.37248718959400867,0.2583196445330876
Bearing3_1,946,0.3728813559322034,0.2640797056210641
Bearing3_1,947,0.3732755222703981,0.2628722962935487
Bearing3_1,948,0.37366968860859284,0.297019697674121
Bearing3_1,949,0.37406385494678757,0.3114160315340112
Bearing3_1,950,0.3744580212849823,0.337529225296186
Bearing3_1,951,0.37485218762317696,0.3375004894167043
Bearing3_1,952,0.3752463539613717,0.33476556795954526
Bearing3_1,953,0.3756405202995664,0.33887105727543687
Bearing3_1,954,0.37603468663776113,0.34279260202949013
Bearing3_1,955,0.37642885297595585,0.3326970476025809
Bearing3_1,956,0.3768230193141506,0.3292400177492112
Bearing3_1,957,0.3772171856523453,0.3545560945427969
Bearing3_1,958,0.37761135199054,0.31640186059954567
Bearing3_1,959,0.37800551832873475,0.2618911423712683
Bearing3_1,960,0.37839968466692947,0.2464524679150734
Bearing3_1,961,0.37879385100512414,0.24032643869915665
Bearing3_1,962,0.37918801734331886,0.24806188119528608
Bearing3_1,963,0.3795821836815136,0.22051497641384513
Bearing3_1,964,0.3799763500197083,0.21541781864909848
Bearing3_1,965,0.38037051635790303,0.22153618118768642
Bearing3_1,966,0.38076468269609776,0.21900400914868018
Bearing3_1,967,0.3811588490342925,0.20956704448566837
Bearing3_1,968,0.3815530153724872,0.21660311223594034
Bearing3_1,969,0.3819471817106819,0.22751329743706683
Bearing3_1,970,0.38234134804887665,0.22630786478410364
Bearing3_1,971,0.3827355143870713,0.21202151321101623
Bearing3_1,972,0.38312968072526604,0.18073339891475376
Bearing3_1,973,0.38352384706346077,0.2032034253322627
Bearing3_1,974,0.3839180134016555,0.2368414427687137
Bearing3_1,975,0.3843121797398502,0.23303260634655443
Bearing3_1,976,0.38470634607804494,0.23208010101552318
Bearing3_1,977,0.38510051241623966,0.22164894178325797
Bearing3_1,978,0.3854946787544344,0.22526772780390575
Bearing3_1,979,0.3858888450926291,0.24209518146289657
Bearing3_1,980,0.38628301143082383,0.27916175000558485
Bearing3_1,981,0.3866771777690185,0.28863625880108423
Bearing3_1,982,0.3870713441072132,0.32506020948676767
Bearing3_1,983,0.38746551044540795,0.34375166583891203
Bearing3_1,984,0.38785967678360267,0.3373995397517791
Bearing3_1,985,0.3882538431217974,0.35745956177254506
Bearing3_1,986,0.3886480094599921,0.35519296312493454
Bearing3_1,987,0.38904217579818684,0.3938241890532069
Bearing3_1,988,0.38943634213638156,0.42071135723574143
Bearing3_1,989,0.3898305084745763,0.3994699599429903
Bearing3_1,990,0.390224674812771,0.38120003298746746
Bearing3_1,991,0.39061884115096573,0.3981141069447753
Bearing3_1,992,0.3910130074891604,0.37923770776613297
Bearing3_1,993,0.3914071738273551,0.35605982358765215
Bearing3_1,994,0.39180134016554985,0.3220323219225081
Bearing3_1,995,0.3921955065037446,0.30682198820948603
Bearing3_1,996,0.3925896728419393,0.28960021474498554
Bearing3_1,997,0.392983839180134,0.26305157620688346
Bearing3_1,998,0.39337800551832874,0.23488955666766662
Bearing3_1,999,0.39377217185652347,0.24034129139282281
Bearing3_1,1000,0.3941663381947182,0.22602059716617573
Bearing3_1,1001,0.3945605045329129,0.18408670692042162
Bearing3_1,1002,0.3949546708711076,0.17768599328719525
Bearing3_1,1003,0.3953488372093023,0.19140391652369165
Bearing3_1,1004,0.39574300354749703,0.18895576073326947
Bearing3_1,1005,0.39613716988569175,0.15962418407920284
Bearing3_1,1006,0.3965313362238865,0.18640209127862217
Bearing3_1,1007,0.3969255025620812,0.17520094632321995
Bearing3_1,1008,0.3973196689002759,0.1872305907754246
Bearing3_1,1009,0.39771383523847065,0.2053725929405222
Bearing3_1,1010,0.39810800157666537,0.21501597531110933
Bearing3_1,1011,0.3985021679148601,0.24260368491012113
Bearing3_1,1012,0.39889633425305476,0.25965576428811243
Bearing3_1,1013,0.3992905005912495,0.2535444655860843
Bearing3_1,1014,0.3996846669294442,0.2747128177908629
Bearing3_1,1015,0.40007883326763893,0.27641868301787365
Bearing3_1,1016,0.40047299960583366,0.2770983144451818
Bearing3_1,1017,0.4008671659440284,0.28106510590682365
Bearing3_1,1018,0.4012613322822231,0.2746931999262332
Bearing3_1,1019,0.40165549862041783,0.2813300813070584
Bearing3_1,1020,0.40204966495861255,0.2963956690961781
Bearing3_1,1021,0.4024438312968073,0.30489385592543294
Bearing3_1,1022,0.40283799763500194,0.32369673449966285
Bearing3_1,1023,0.40323216397319667,0.34839986087703567
Bearing3_1,1024,0.4036263303113914,0.3397049035099598
Bearing3_1,1025,0.4040204966495861,0.37119666232030984
Bearing3_1,1026,0.40441466298778084,0.36235884895686893
Bearing3_1,1027,0.40480882932597556,0.3325604642538961
Bearing3_1,1028,0.4052029956641703,0.34074345133087
Bearing3_1,1029,0.405597162002365,0.3231176717187166
Bearing3_1,1030,0.40599132834055973,0.28991278003326004
Bearing3_1,1031,0.40638549467875446,0.291120340323119
Bearing3_1,1032,0.4067796610169492,0.246572920169506
Bearing3_1,1033,0.40717382735514385,0.1913818356556719
Bearing3_1,1034,0.40756799369333857,0.2349599574536645
Bearing3_1,1035,0.4079621600315333,0.23768543460239755
Bearing3_1,1036,0.408356326369728,0.25036641867909015
Bearing3_1,1037,0.40875049270792274,0.29833804071464776
Bearing3_1,1038,0.40914465904611746,0.3245662179545989
Bearing3_1,1039,0.4095388253843122,0.33774320802537394
Bearing3_1,1040,0.4099329917225069,0.3788192248313461
Bearing3_1,1041,0.41032715806070164,0.38152721595388894
Bearing3_1,1042,0.41072132439889636,0.4411073729567164
Bearing3_1,1043,0.411115490737091,0.5061073077995895
Bearing3_1,1044,0.41150965707528575,0.48684372514537666
Bearing3_1,1045,0.4119038234134805,0.48836825693651875
Bearing3_1,1046,0.4122979897516752,0.5120009884525734
Bearing3_1,1047,0.4126921560898699,0.5072084358706106
Bearing3_1,1048,0.41308632242806465,0.47601987259643763
Bearing3_1,1049,0.41348048876625937,0.4581922459301011
Bearing3_1,1050,0.4138746551044541,0.4328028097854862
Bearing3_1,1051,0.4142688214426488,0.42343688263529244
Bearing3_1,1052,0.41466298778084354,0.3967708586664032
Bearing3_1,1053,0.4150571541190382,0.3789013284430762
Bearing3_1,1054,0.41545132045723293,0.38030082096311457
Bearing3_1,1055,0.41584548679542765,0.3708068237202297
Bearing3_1,1056,0.4162396531336224,0.33589599093327155
Bearing3_1,1057,0.4166338194718171,0.3406173926720209
Bearing3_1,1058,0.4170279858100118,0.3375471970872538
Bearing3_1,1059,0.41742215214820655,0.3568597593271968
Bearing3_1,1060,0.4178163184864013,0.358201692004113
Bearing3_1,1061,0.418210484824596,0.38892651107770526
Bearing3_1,1062,0.4186046511627907,0.37683175419623083
Bearing3_1,1063,0.41899881750098544,0.37456772858666865
Bearing3_1,1064,0.4193929838391801,0.35264288906922214
Bearing3_1,1065,0.41978715017737483,0.33865582487321266
Bearing3_1,1066,0.42018131651556956,0.35012132333212065
Bearing3_1,1067,0.4205754828537643,0.33681218427371074
Bearing3_1,1068,0.420969649191959,0.3368223661464955
Bearing3_1,1069,0.42136381553015373,0.32804909074700717
Bearing3_1,1070,0.42175798186834845,0.3193106097766636
Bearing3_1,1071,0.4221521482065432,0.25944671092960575
Bearing3_1,1072,0.4225463145447379,0.2543250169769638
Bearing3_1,1073,0.4229404808829326,0.2301020625972016
Bearing3_1,1074,0.4233346472211273,0.23132637604017842
Bearing3_1,1075,0.423728813559322,0.24113229720879065
Bearing3_1,1076,0.42412297989751674,0.24722456432895087
Bearing3_1,1077,0.42451714623571146,0.2535754593149031
Bearing3_1,1078,0.4249113125739062,0.2829644863577166
Bearing3_1,1079,0.4253054789121009,0.3174977503288876
Bearing3_1,1080,0.42569964525029563,0.3454045668685109
Bearing3_1,1081,0.42609381158849036,0.40278335651198216
Bearing3_1,1082,0.4264879779266851,0.4368451484413721
Bearing3_1,1083,0.4268821442648798,0.49771254842227497
Bearing3_1,1084,0.42727631060307447,0.5320151145416739
Bearing3_1,1085,0.4276704769412692,0.5528089489691852
Bearing3_1,1086,0.4280646432794639,0.5803408012187615
Bearing3_1,1087,0.42845880961765864,0.5699340610498217
Bearing3_1,1088,0.42885297595585337,0.5908043804531098
Bearing3_1,1089,0.4292471422940481,0.6203429174346258
Bearing3_1,1090,0.4296413086322428,0.6163928694156209
Bearing3_1,1091,0.43003547497043754,0.624586873753968
Bearing3_1,1092,0.43042964130863226,0.6641009878829108
Bearing3_1,1093,0.430823807646827,0.6457530633046448
Bearing3_1,1094,0.43121797398502165,0.662404068894426
Bearing3_1,1095,0.4316121403232164,0.6784042103554481
Bearing3_1,1096,0.4320063066614111,0.7075997903794831
Bearing3_1,1097,0.4324004729996058,0.763340976260071
Bearing3_1,1098,0.43279463933780055,0.729013876971064
Bearing3_1,1099,0.43318880567599527,0.6806903873563215
Bearing3_1,1100,0.43358297201419,0.7019187858334923
Bearing3_1,1101,0.4339771383523847,0.6923137847036989
Bearing3_1,1102,0.43437130469057944,0.6504561711829961
Bearing3_1,1103,0.43476547102877416,0.6216555731335891
Bearing3_1,1104,0.4351596373669689,0.6364187186010868
Bearing3_1,1105,0.43555380370516356,0.6177703995849517
Bearing3_1,1106,0.4359479700433583,0.578872782600335
Bearing3_1,1107,0.436342136381553,0.5870868115120558
Bearing3_1,1108,0.4367363027197477,0.6131258146296349
Bearing3_1,1109,0.43713046905794245,0.6480747899025954
Bearing3_1,1110,0.4375246353961372,0.6600771826287549
Bearing3_1,1111,0.4379188017343319,0.691149232625608
Bearing3_1,1112,0.4383129680725266,0.7163656667460659
Bearing3_1,1113,0.43870713441072134,0.7754716638010437
Bearing3_1,1114,0.43910130074891607,0.7699642955293011
Bearing3_1,1115,0.43949546708711074,0.7970415991411202
Bearing3_1,1116,0.43988963342530546,0.8113611414683604
Bearing3_1,1117,0.4402837997635002,0.8124185960911966
Bearing3_1,1118,0.4406779661016949,0.8231176977535885
Bearing3_1,1119,0.44107213243988963,0.8221577989148153
Bearing3_1,1120,0.44146629877808435,0.8101181633082412
Bearing3_1,1121,0.4418604651162791,0.8125369523236824
Bearing3_1,1122,0.4422546314544738,0.8359995113343295
Bearing3_1,1123,0.4426487977926685,0.8228901748240066
Bearing3_1,1124,0.44304296413086325,0.8170414457110674
Bearing3_1,1125,0.4434371304690579,0.8326355739482023
Bearing3_1,1126,0.44383129680725264,0.8545164872333819
Bearing3_1,1127,0.44422546314544736,0.8669114540471107
Bearing3_1,1128,0.4446196294836421,0.8526993504574106
Bearing3_1,1129,0.4450137958218368,0.8702842963766511
Bearing3_1,1130,0.44540796216003153,0.8684578155825855
Bearing3_1,1131,0.44580212849822626,0.8883300616387111
Bearing3_1,1132,0.446196294836421,0.8870834762422358
Bearing3_1,1133,0.4465904611746157,0.8541971568209945
Bearing3_1,1134,0.44698462751281043,0.8401433447486972
Bearing3_1,1135,0.4473787938510051,0.7846054586667282
Bearing3_1,1136,0.4477729601891998,0.7343402513601526
Bearing3_1,1137,0.44816712652739454,0.6557068083035615
Bearing3_1,1138,0.44856129286558927,0.6558132968415165
Bearing3_1,1139,0.448955459203784,0.628594646492857
Bearing3_1,1140,0.4493496255419787,0.5969601517466486
Bearing3_1,1141,0.44974379188017344,0.5392159414579614
Bearing3_1,1142,0.45013795821836816,0.4841361286416982
Bearing3_1,1143,0.4505321245565629,0.4891102006257655
Bearing3_1,1144,0.4509262908947576,0.47979491680717457
Bearing3_1,1145,0.45132045723295233,0.4634795750767332
Bearing3_1,1146,0.451714623571147,0.4663584193586752
Bearing3_1,1147,0.4521087899093417,0.48922075797678294
Bearing3_1,1148,0.45250295624753645,0.47786603068458466
Bearing3_1,1149,0.45289712258573117,0.4512665908299051
Bearing3_1,1150,0.4532912889239259,0.4602712692411265
Bearing3_1,1151,0.4536854552621206,0.44791859017546376
Bearing3_1,1152,0.45407962160031534,0.42616002571745204
Bearing3_1,1153,0.45447378793851007,0.3896354084288106
Bearing3_1,1154,0.4548679542767048,0.3511770152688486
Bearing3_1,1155,0.4552621206148995,0.3556830653587627
Bearing3_1,1156,0.4556562869530942,0.3539003649526425
Bearing3_1,1157,0.4560504532912889,0.35618220603988143
Bearing3_1,1158,0.45644461962948363,0.33793334783572043
Bearing3_1,1159,0.45683878596767835,0.3281333747992983
Bearing3_1,1160,0.4572329523058731,0.35284044375500373
Bearing3_1,1161,0.4576271186440678,0.3513706878361816
Bearing3_1,1162,0.4580212849822625,0.3577801771589407
Bearing3_1,1163,0.45841545132045725,0.3662171749783865
Bearing3_1,1164,0.45880961765865197,0.38150268134688714
Bearing3_1,1165,0.4592037839968467,0.3986647860919468
Bearing3_1,1166,0.45959795033504136,0.39568711984856647
Bearing3_1,1167,0.4599921166732361,0.3789254309073448
Bearing3_1,1168,0.4603862830114308,0.38156688586667814
Bearing3_1,1169,0.46078044934962553,0.39034082937174447
Bearing3_1,1170,0.46117461568782026,0.35717273511383596
Bearing3_1,1171,0.461568782026015,0.3571368785076798
Bearing3_1,1172,0.4619629483642097,0.3617892056154667
Bearing3_1,1173,0.4623571147024044,0.37663434978188914
Bearing3_1,1174,0.46275128104059915,0.37967292083303766
Bearing3_1,1175,0.4631454473787939,0.37194614688166916
Bearing3_1,1176,0.4635396137169886,0.37607635656154276
Bearing3_1,1177,0.46393378005518326,0.38025241269258225
Bearing3_1,1178,0.464327946393378,0.37296052131183655
Bearing3_1,1179,0.4647221127315727,0.3760763556506552
Bearing3_1,1180,0.46511627906976744,0.34899630358426814
Bearing3_1,1181,0.46551044540796216,0.35242193261735233
Bearing3_1,1182,0.4659046117461569,0.3761046292103032
Bearing3_1,1183,0.4662987780843516,0.36835865287645536
Bearing3_1,1184,0.46669294442254633,0.3766728561236487
Bearing3_1,1185,0.46708711076074105,0.38219841509807745
Bearing3_1,1186,0.4674812770989358,0.35339417662869854
Bearing3_1,1187,0.46787544343713044,0.34428859177627735
Bearing3_1,1188,0.46826960977532517,0.36276134856525544
Bearing3_1,1189,0.4686637761135199,0.34028753969498077
Bearing3_1,1190,0.4690579424517146,0.3759745377914315
Bearing3_1,1191,0.46945210878990934,0.3598908079211374
Bearing3_1,1192,0.46984627512810406,0.3378068646540692
Bearing3_1,1193,0.4702404414662988,0.3539540465501737
Bearing3_1,1194,0.4706346078044935,0.3530116712257468
Bearing3_1,1195,0.47102877414268823,0.36994992069694377
Bearing3_1,1196,0.47142294048088296,0.3901229088344079
Bearing3_1,1197,0.4718171068190776,0.39312262630295053
Bearing3_1,1198,0.47221127315727235,0.37767148767467557
Bearing3_1,1199,0.4726054394954671,0.3919122899565804
Bearing3_1,1200,0.4729996058336618,0.36763476727786004
Bearing3_1,1201,0.4733937721718565,0.36579827376641716
Bearing3_1,1202,0.47378793851005124,0.3687830542420548
Bearing3_1,1203,0.47418210484824597,0.3364321874607299
Bearing3_1,1204,0.4745762711864407,0.31163306574581207
Bearing3_1,1205,0.4749704375246354,0.28044258285825574
Bearing3_1,1206,0.47536460386283014,0.27527252499979465
Bearing3_1,1207,0.4757587702010248,0.27334658104228104
Bearing3_1,1208,0.47615293653921953,0.2802564218201256
Bearing3_1,1209,0.47654710287741425,0.2998188734567758
Bearing3_1,1210,0.476941269215609,0.32833017436492745
Bearing3_1,1211,0.4773354355538037,0.3381567984640277
Bearing3_1,1212,0.4777296018919984,0.34107709961983773
Bearing3_1,1213,0.47812376823019315,0.35178681324373473
Bearing3_1,1214,0.47851793456838787,0.3403912079060092
Bearing3_1,1215,0.4789121009065826,0.32973193365043874
Bearing3_1,1216,0.4793062672447773,0.3203601192849705
Bearing3_1,1217,0.47970043358297204,0.32758094488192024
Bearing3_1,1218,0.4800945999211667,0.30935575907850044
Bearing3_1,1219,0.48048876625936143,0.3069131889489601
Bearing3_1,1220,0.48088293259755616,0.28586333232597966
Bearing3_1,1221,0.4812770989357509,0.2973503401993864
Bearing3_1,1222,0.4816712652739456,0.2812895349229351
Bearing3_1,1223,0.4820654316121403,0.28913611427062347
Bearing3_1,1224,0.48245959795033505,0.332754702384796
Bearing3_1,1225,0.4828537642885298,0.3481997634868017
Bearing3_1,1226,0.4832479306267245,0.35879714584192257
Bearing3_1,1227,0.4836420969649192,0.34113664408295147
Bearing3_1,1228,0.4840362633031139,0.3486152840809623
Bearing3_1,1229,0.4844304296413086,0.3204392158383355
Bearing3_1,1230,0.48482459597950334,0.31782657425237637
Bearing3_1,1231,0.48521876231769806,0.30969879611020934
Bearing3_1,1232,0.4856129286558928,0.3018384236586992
Bearing3_1,1233,0.4860070949940875,0.28383603661764983
Bearing3_1,1234,0.48640126133228223,0.26109264410331273
Bearing3_1,1235,0.48679542767047695,0.26821158950325164
Bearing3_1,1236,0.4871895940086717,0.26334204287792795
Bearing3_1,1237,0.4875837603468664,0.27389473841657114
Bearing3_1,1238,0.48797792668506107,0.2644581865072217
Bearing3_1,1239,0.4883720930232558,0.27456728338067593
Bearing3_1,1240,0.4887662593614505,0.2700768566133042
Bearing3_1,1241,0.48916042569964524,0.24727602488109696
Bearing3_1,1242,0.48955459203783996,0.2284226108438286
Bearing3_1,1243,0.4899487583760347,0.24975876838834904
Bearing3_1,1244,0.4903429247142294,0.24567636210540952
Bearing3_1,1245,0.49073709105242413,0.2398441219244704
Bearing3_1,1246,0.49113125739061886,0.23973688851763564
Bearing3_1,1247,0.4915254237288136,0.23857328983035148
Bearing3_1,1248,0.49191959006700825,0.22423029393172905
Bearing3_1,1249,0.492313756405203,0.21934702434318662
Bearing3_1,1250,0.4927079227433977,0.2139466230011286
Bearing3_1,1251,0.4931020890815924,0.2378256330501431
Bearing3_1,1252,0.49349625541978714,0.26793740533727106
Bearing3_1,1253,0.49389042175798187,0.23742159763273193
Bearing3_1,1254,0.4942845880961766,0.21831953140074417
Bearing3_1,1255,0.4946787544343713,0.20356449463009163
Bearing3_1,1256,0.49507292077256604,0.1838063714558211
Bearing3_1,1257,0.49546708711076076,0.16482712735438002
Bearing3_1,1258,0.4958612534489555,0.18105626037442554
Bearing3_1,1259,0.49625541978715015,0.18210941936633307
Bearing3_1,1260,0.4966495861253449,0.18921084888491038
Bearing3_1,1261,0.4970437524635396,0.16710373202929993
Bearing3_1,1262,0.4974379188017343,0.1410882506605371
Bearing3_1,1263,0.49783208513992905,0.14400470474436083
Bearing3_1,1264,0.49822625147812377,0.14843153660032923
Bearing3_1,1265,0.4986204178163185,0.1344866697546067
Bearing3_1,1266,0.4990145841545132,0.15749717361591964
Bearing3_1,1267,0.49940875049270794,0.1573045751110454
Bearing3_1,1268,0.49980291683090267,0.16303055289918755
Bearing3_1,1269,0.5001970831690974,0.1540798878934117
Bearing3_1,1270,0.5005912495072921,0.15813614169085616
Bearing3_1,1271,0.5009854158454868,0.16031209861460022
Bearing3_1,1272,0.5013795821836815,0.14522977764648523
Bearing3_1,1273,0.5017737485218763,0.14428498902759815
Bearing3_1,1274,0.502167914860071,0.14987668432995058
Bearing3_1,1275,0.5025620811982656,0.1592350069092967
Bearing3_1,1276,0.5029562475364604,0.12490190359970473
Bearing3_1,1277,0.5033504138746551,0.13032013860083685
Bearing3_1,1278,0.5037445802128498,0.11740726101030377
Bearing3_1,1279,0.5041387465510445,0.12802758637727435
Bearing3_1,1280,0.5045329128892393,0.10306355800326725
Bearing3_1,1281,0.504927079227434,0.09867904694844362
Bearing3_1,1282,0.5053212455656287,0.12563085903983512
Bearing3_1,1283,0.5057154119038234,0.12829249034084583
Bearing3_1,1284,0.5061095782420181,0.1363555658835426
Bearing3_1,1285,0.5065037445802129,0.14390086940694574
Bearing3_1,1286,0.5068979109184075,0.1649287105465521
Bearing3_1,1287,0.5072920772566023,0.17821558154402156
Bearing3_1,1288,0.507686243594797,0.16165166565178724
Bearing3_1,1289,0.5080804099329918,0.13459504792597402
Bearing3_1,1290,0.5084745762711864,0.14290147187434568
Bearing3_1,1291,0.5088687426093812,0.15035764974715504
Bearing3_1,1292,0.5092629089475759,0.16212645386396723
Bearing3_1,1293,0.5096570752857706,0.16115724696991357
Bearing3_1,1294,0.5100512416239653,0.14548494068529752
Bearing3_1,1295,0.51044540796216,0.13078239951702003
Bearing3_1,1296,0.5108395743003548,0.12679985409656766
Bearing3_1,1297,0.5112337406385494,0.11574853870550124
Bearing3_1,1298,0.5116279069767442,0.12747728427418775
Bearing3_1,1299,0.5120220733149389,0.14899922642255586
Bearing3_1,1300,0.5124162396531337,0.1626225965152086
Bearing3_1,1301,0.5128104059913283,0.17740078839879675
Bearing3_1,1302,0.5132045723295231,0.16669595896514994
Bearing3_1,1303,0.5135987386677178,0.17627230314294073
Bearing3_1,1304,0.5139929050059125,0.19826558794735466
Bearing3_1,1305,0.5143870713441072,0.21189286804932572
Bearing3_1,1306,0.5147812376823019,0.21335152361805348
Bearing3_1,1307,0.5151754040204967,0.2147731962973891
Bearing3_1,1308,0.5155695703586913,0.20800144131483442
Bearing3_1,1309,0.5159637366968861,0.2178543683670615
Bearing3_1,1310,0.5163579030350808,0.19693808379224453
Bearing3_1,1311,0.5167520693732756,0.1758034720383515
Bearing3_1,1312,0.5171462357114702,0.15623031496645373
Bearing3_1,1313,0.517540402049665,0.14795838319317375
Bearing3_1,1314,0.5179345683878597,0.12959652386872583
Bearing3_1,1315,0.5183287347260543,0.09062985660680616
Bearing3_1,1316,0.5187229010642491,0.09814851952830075
Bearing3_1,1317,0.5191170674024438,0.09915183891650695
Bearing3_1,1318,0.5195112337406386,0.10662979774763588
Bearing3_1,1319,0.5199054000788332,0.08226049989581032
Bearing3_1,1320,0.520299566417028,0.0881107313670944
Bearing3_1,1321,0.5206937327552227,0.09010599009007395
Bearing3_1,1322,0.5210878990934175,0.09226045246434902
Bearing3_1,1323,0.5214820654316121,0.10513111233813743
Bearing3_1,1324,0.5218762317698069,0.12343141316195501
Bearing3_1,1325,0.5222703981080016,0.16741132818436233
Bearing3_1,1326,0.5226645644461962,0.18397038043775876
Bearing3_1,1327,0.523058730784391,0.18354046514758768
Bearing3_1,1328,0.5234528971225857,0.18527703702310577
Bearing3_1,1329,0.5238470634607805,0.19425211408227183
Bearing3_1,1330,0.5242412297989751,0.18689978339366212
Bearing3_1,1331,0.5246353961371699,0.19836339699230937
Bearing3_1,1332,0.5250295624753646,0.21072339705668117
Bearing3_1,1333,0.5254237288135594,0.202767450770072
Bearing3_1,1334,0.525817895151754,0.18888189173229325
Bearing3_1,1335,0.5262120614899488,0.18564913624013588
Bearing3_1,1336,0.5266062278281435,0.16149641297111955
Bearing3_1,1337,0.5270003941663381,0.15838106039817917
Bearing3_1,1338,0.5273945605045329,0.16027297731299142
Bearing3_1,1339,0.5277887268427276,0.1655397809631362
Bearing3_1,1340,0.5281828931809224,0.1807752070613515
Bearing3_1,1341,0.528577059519117,0.18274602680509652
Bearing3_1,1342,0.5289712258573118,0.1830988640770213
Bearing3_1,1343,0.5293653921955065,0.18795343064218267
Bearing3_1,1344,0.5297595585337013,0.19359813051173655
Bearing3_1,1345,0.5301537248718959,0.17151941373127433
Bearing3_1,1346,0.5305478912100906,0.1673179451641486
Bearing3_1,1347,0.5309420575482854,0.1850496878948007
Bearing3_1,1348,0.53133622388648,0.1795899483422921
Bearing3_1,1349,0.5317303902246748,0.14748375661469498
Bearing3_1,1350,0.5321245565628695,0.12375473874231664
Bearing3_1,1351,0.5325187229010643,0.11488377324842494
Bearing3_1,1352,0.532912889239259,0.13331558348339353
Bearing3_1,1353,0.5333070555774537,0.13008285880040724
Bearing3_1,1354,0.5337012219156484,0.1221138702151557
Bearing3_1,1355,0.5340953882538432,0.15281587460510257
Bearing3_1,1356,0.5344895545920378,0.16645665914448887
Bearing3_1,1357,0.5348837209302325,0.15256965346007006
Bearing3_1,1358,0.5352778872684273,0.1728606762676851
Bearing3_1,1359,0.535672053606622,0.21377325482026183
Bearing3_1,1360,0.5360662199448167,0.2412021463160563
Bearing3_1,1361,0.5364603862830114,0.22737086153452646
Bearing3_1,1362,0.5368545526212062,0.21298875452464605
Bearing3_1,1363,0.5372487189594009,0.21199153244739435
Bearing3_1,1364,0.5376428852975956,0.23062894330311234
Bearing3_1,1365,0.5380370516357903,0.25668626296110003
Bearing3_1,1366,0.5384312179739851,0.2588293839413941
Bearing3_1,1367,0.5388253843121797,0.26002504681618566
Bearing3_1,1368,0.5392195506503744,0.2395235241039789
Bearing3_1,1369,0.5396137169885692,0.22633690650083255
Bearing3_1,1370,0.5400078833267639,0.22659631700647154
Bearing3_1,1371,0.5404020496649586,0.2379301663954628
Bearing3_1,1372,0.5407962160031533,0.2401990113197024
Bearing3_1,1373,0.5411903823413481,0.24262315196045808
Bearing3_1,1374,0.5415845486795428,0.23992265854970202
Bearing3_1,1375,0.5419787150177375,0.1883391926818177
Bearing3_1,1376,0.5423728813559322,0.17720428082236064
Bearing3_1,1377,0.5427670476941269,0.1852803465165051
Bearing3_1,1378,0.5431612140323216,0.20714620825426167
Bearing3_1,1379,0.5435553803705163,0.21554325604709978
Bearing3_1,1380,0.5439495467087111,0.22925911727277487
Bearing3_1,1381,0.5443437130469058,0.24504709005601583
Bearing3_1,1382,0.5447378793851005,0.250522341689818
Bearing3_1,1383,0.5451320457232952,0.25539287870450267
Bearing3_1,1384,0.54552621206149,0.2367780581047992
Bearing3_1,1385,0.5459203783996847,0.23913458323474676
Bearing3_1,1386,0.5463145447378794,0.23074016190923752
Bearing3_1,1387,0.5467087110760741,0.22671147017713772
Bearing3_1,1388,0.5471028774142688,0.21979550519993452
Bearing3_1,1389,0.5474970437524636,0.21977290235369154
Bearing3_1,1390,0.5478912100906582,0.20523351539397144
Bearing3_1,1391,0.548285376428853,0.18191538662405154
Bearing3_1,1392,0.5486795427670477,0.1894459937327066
Bearing3_1,1393,0.5490737091052424,0.18545698896755053
Bearing3_1,1394,0.5494678754434371,0.20068428759239415
Bearing3_1,1395,0.5498620417816319,0.21466674522285842
Bearing3_1,1396,0.5502562081198266,0.2046355944780806
Bearing3_1,1397,0.5506503744580212,0.19695533120163275
Bearing3_1,1398,0.551044540796216,0.1852446603760466
Bearing3_1,1399,0.5514387071344107,0.16306611874491556
Bearing3_1,1400,0.5518328734726055,0.14496624847723066
Bearing3_1,1401,0.5522270398108001,0.1472749453519065
Bearing3_1,1402,0.5526212061489949,0.14814823611181555
Bearing3_1,1403,0.5530153724871896,0.15425754893483107
Bearing3_1,1404,0.5534095388253844,0.1528956950157859
Bearing3_1,1405,0.553803705163579,0.1435285047969219
Bearing3_1,1406,0.5541978715017738,0.1531309982816085
Bearing3_1,1407,0.5545920378399685,0.15170594211007335
Bearing3_1,1408,0.5549862041781631,0.1646874196116094
Bearing3_1,1409,0.5553803705163579,0.18529165854041826
Bearing3_1,1410,0.5557745368545526,0.1968292831918235
Bearing3_1,1411,0.5561687031927474,0.2129250906959698
Bearing3_1,1412,0.556562869530942,0.2016503617090642
Bearing3_1,1413,0.5569570358691368,0.1990146796909847
Bearing3_1,1414,0.5573512022073315,0.19493428729154663
Bearing3_1,1415,0.5577453685455263,0.19978445108035395
Bearing3_1,1416,0.5581395348837209,0.21764234962483187
Bearing3_1,1417,0.5585337012219157,0.22373571277021836
Bearing3_1,1418,0.5589278675601104,0.22805793282025907
Bearing3_1,1419,0.559322033898305,0.22451905516123033
Bearing3_1,1420,0.5597162002364998,0.23708373893232143
Bearing3_1,1421,0.5601103665746945,0.24444806100257194
Bearing3_1,1422,0.5605045329128893,0.23595286620740213
Bearing3_1,1423,0.5608986992510839,0.23612704142729143
Bearing3_1,1424,0.5612928655892787,0.22165322783432936
Bearing3_1,1425,0.5616870319274734,0.23154213454814418
Bearing3_1,1426,0.5620811982656682,0.20972642351648552
Bearing3_1,1427,0.5624753646038628,0.19371170742366173
Bearing3_1,1428,0.5628695309420575,0.17853781994855975
Bearing3_1,1429,0.5632636972802523,0.18702720873688372
Bearing3_1,1430,0.5636578636184469,0.1909381407405572
Bearing3_1,1431,0.5640520299566417,0.18368380893008712
Bearing3_1,1432,0.5644461962948364,0.1851950006895574
Bearing3_1,1433,0.5648403626330312,0.18303475967457983
Bearing3_1,1434,0.5652345289712258,0.20758629231916684
Bearing3_1,1435,0.5656286953094206,0.2196750021511565
Bearing3_1,1436,0.5660228616476153,0.2553685261480464
Bearing3_1,1437,0.5664170279858101,0.28165348978352045
Bearing3_1,1438,0.5668111943240047,0.27853993884907424
Bearing3_1,1439,0.5672053606621994,0.28490447767537674
Bearing3_1,1440,0.5675995270003942,0.2805717592052692
Bearing3_1,1441,0.5679936933385888,0.26718213535887836
Bearing3_1,1442,0.5683878596767836,0.27949002193586264
Bearing3_1,1443,0.5687820260149783,0.27243559016065677
Bearing3_1,1444,0.5691761923531731,0.2713962193848358
Bearing3_1,1445,0.5695703586913677,0.26193180308856684
Bearing3_1,1446,0.5699645250295625,0.2609751798472857
Bearing3_1,1447,0.5703586913677572,0.24419114595495453
Bearing3_1,1448,0.570752857705952,0.22723070317412977
Bearing3_1,1449,0.5711470240441466,0.21295166026542378
Bearing3_1,1450,0.5715411903823413,0.21392770154329782
Bearing3_1,1451,0.5719353567205361,0.2250711397568228
Bearing3_1,1452,0.5723295230587307,0.21940377340739098
Bearing3_1,1453,0.5727236893969255,0.23779009056543376
Bearing3_1,1454,0.5731178557351202,0.24275883907360832
Bearing3_1,1455,0.573512022073315,0.22856361681085216
Bearing3_1,1456,0.5739061884115096,0.2161080267398705
Bearing3_1,1457,0.5743003547497044,0.20463331414370484
Bearing3_1,1458,0.5746945210878991,0.2410053266640591
Bearing3_1,1459,0.5750886874260938,0.2350185505374059
Bearing3_1,1460,0.5754828537642885,0.24689442832010572
Bearing3_1,1461,0.5758770201024832,0.23103084352696834
Bearing3_1,1462,0.576271186440678,0.22925776721252328
Bearing3_1,1463,0.5766653527788727,0.20031590855138273
Bearing3_1,1464,0.5770595191170674,0.17197165946163165
Bearing3_1,1465,0.5774536854552621,0.18520485375479026
Bearing3_1,1466,0.5778478517934569,0.16652946299601484
Bearing3_1,1467,0.5782420181316515,0.16787607045616232
Bearing3_1,1468,0.5786361844698463,0.16939423208555232
Bearing3_1,1469,0.579030350808041,0.1770800686306951
Bearing3_1,1470,0.5794245171462357,0.1553185608487295
Bearing3_1,1471,0.5798186834844304,0.1597706199308544
Bearing3_1,1472,0.5802128498226251,0.17322937521085988
Bearing3_1,1473,0.5806070161608199,0.18366160599300274
Bearing3_1,1474,0.5810011824990146,0.21834871731101155
Bearing3_1,1475,0.5813953488372093,0.21375640472787483
Bearing3_1,1476,0.581789515175404,0.256447405503643
Bearing3_1,1477,0.5821836815135988,0.2913705344950149
Bearing3_1,1478,0.5825778478517935,0.28981275505929377
Bearing3_1,1479,0.5829720141899882,0.29402256725571807
Bearing3_1,1480,0.5833661805281829,0.3178696176032444
Bearing3_1,1481,0.5837603468663776,0.3301066653549971
Bearing3_1,1482,0.5841545132045723,0.3288781799878998
Bearing3_1,1483,0.584548679542767,0.3279981484594745
Bearing3_1,1484,0.5849428458809618,0.3323476167003747
Bearing3_1,1485,0.5853370122191565,0.34031255135996363
Bearing3_1,1486,0.5857311785573512,0.30593573514731964
Bearing3_1,1487,0.5861253448955459,0.2809549236247343
Bearing3_1,1488,0.5865195112337407,0.28961783424036136
Bearing3_1,1489,0.5869136775719354,0.2859647445508077
Bearing3_1,1490,0.58730784391013,0.2701533075282923
Bearing3_1,1491,0.5877020102483248,0.24224994147141707
Bearing3_1,1492,0.5880961765865195,0.2294203687696898
Bearing3_1,1493,0.5884903429247142,0.2233822567387315
Bearing3_1,1494,0.5888845092629089,0.19468848190318036
Bearing3_1,1495,0.5892786756011037,0.17080680442062524
Bearing3_1,1496,0.5896728419392984,0.18567788330438562
Bearing3_1,1497,0.5900670082774931,0.21099283892993242
Bearing3_1,1498,0.5904611746156878,0.23507286400854496
Bearing3_1,1499,0.5908553409538826,0.2612892898725727
Bearing3_1,1500,0.5912495072920773,0.28222759636222056
Bearing3_1,1501,0.5916436736302719,0.31823098357498797
Bearing3_1,1502,0.5920378399684667,0.32568911325549316
Bearing3_1,1503,0.5924320063066614,0.3546900723443608
Bearing3_1,1504,0.5928261726448562,0.3623155366871519
Bearing3_1,1505,0.5932203389830508,0.3695023367621134
Bearing3_1,1506,0.5936145053212456,0.35307804732650466
Bearing3_1,1507,0.5940086716594403,0.36487560334676894
Bearing3_1,1508,0.594402837997635,0.30827391459281184
Bearing3_1,1509,0.5947970043358297,0.29267834425937894
Bearing3_1,1510,0.5951911706740244,0.3000026480222745
Bearing3_1,1511,0.5955853370122192,0.3113210335757405
Bearing3_1,1512,0.5959795033504138,0.32325153438449367
Bearing3_1,1513,0.5963736696886086,0.26772000864859774
Bearing3_1,1514,0.5967678360268033,0.2835856367847698
Bearing3_1,1515,0.5971620023649981,0.3025704481884725
Bearing3_1,1516,0.5975561687031927,0.33455708089761427
Bearing3_1,1517,0.5979503350413875,0.32001120406158307
Bearing3_1,1518,0.5983445013795822,0.3307400123569536
Bearing3_1,1519,0.598738667717777,0.3189782449663245
Bearing3_1,1520,0.5991328340559716,0.27671238057103353
Bearing3_1,1521,0.5995270003941663,0.23572569943364036
Bearing3_1,1522,0.5999211667323611,0.22544492827762977
Bearing3_1,1523,0.6003153330705557,0.2433883458505775
Bearing3_1,1524,0.6007094994087505,0.21355964833397084
Bearing3_1,1525,0.6011036657469452,0.1924167790262367
Bearing3_1,1526,0.60149783208514,0.18292613907962757
Bearing3_1,1527,0.6018919984233346,0.17637696907605543
Bearing3_1,1528,0.6022861647615294,0.15967281877082032
Bearing3_1,1529,0.6026803310997241,0.14763001178176266
Bearing3_1,1530,0.6030744974379189,0.17332877064839503
Bearing3_1,1531,0.6034686637761135,0.16587728915770678
Bearing3_1,1532,0.6038628301143082,0.14900113678403035
Bearing3_1,1533,0.604256996452503,0.14586962122762098
Bearing3_1,1534,0.6046511627906976,0.14134697431631513
Bearing3_1,1535,0.6050453291288924,0.13077297349120948
Bearing3_1,1536,0.6054394954670871,0.09804818453469426
Bearing3_1,1537,0.6058336618052819,0.07330595899696354
Bearing3_1,1538,0.6062278281434765,0.05918739852297759
Bearing3_1,1539,0.6066219944816713,0.051205296690274384
Bearing3_1,1540,0.607016160819866,0.03125334470315645
Bearing3_1,1541,0.6074103271580606,0.035232619310855924
Bearing3_1,1542,0.6078044934962554,0.032800475842099004
Bearing3_1,1543,0.6081986598344501,0.014732314733963473
Bearing3_1,1544,0.6085928261726449,0.007739796855507805
Bearing3_1,1545,0.6089869925108395,0.0004203294428383797
Bearing3_1,1546,0.6093811588490343,0.009874318786249527
Bearing3_1,1547,0.609775325187229,0.008246661925883145
Bearing3_1,1548,0.6101694915254238,0.015844653049883542
Bearing3_1,1549,0.6105636578636184,0.0229637005831361
Bearing3_1,1550,0.6109578242018132,-0.005719405563822164
Bearing3_1,1551,0.6113519905400079,-0.014318432565297329
Bearing3_1,1552,0.6117461568782026,-0.039461122587749635
Bearing3_1,1553,0.6121403232163973,-0.011118963212018686
Bearing3_1,1554,0.612534489554592,-0.01395232807545337
Bearing3_1,1555,0.6129286558927868,-0.017677088714336608
Bearing3_1,1556,0.6133228222309814,-0.008185600791033861
Bearing3_1,1557,0.6137169885691762,0.0037737446018703906
Bearing3_1,1558,0.6141111549073709,0.0032155400449065618
Bearing3_1,1559,0.6145053212455657,-0.0019451771594434814
Bearing3_1,1560,0.6148994875837603,-0.00988210300757964
Bearing3_1,1561,0.6152936539219551,-0.01866942652879916
Bearing3_1,1562,0.6156878202601498,-0.01644325573942757
Bearing3_1,1563,0.6160819865983445,-0.06582170857080911
Bearing3_1,1564,0.6164761529365392,-0.06911621411499078
Bearing3_1,1565,0.6168703192747339,-0.04621313787210739
Bearing3_1,1566,0.6172644856129287,-0.05610253983462251
Bearing3_1,1567,0.6176586519511233,-0.07353097282834503
Bearing3_1,1568,0.6180528182893181,-0.07149059738939703
Bearing3_1,1569,0.6184469846275128,-0.055878497583316686
Bearing3_1,1570,0.6188411509657076,-0.02758118565189342
Bearing3_1,1571,0.6192353173039022,-0.023312236263074014
Bearing3_1,1572,0.6196294836420969,-0.004559640740747053
Bearing3_1,1573,0.6200236499802917,0.0277251848887755
Bearing3_1,1574,0.6204178163184864,0.003764629094335381
Bearing3_1,1575,0.6208119826566811,0.0008391677300897127
Bearing3_1,1576,0.6212061489948758,-0.010646663885916752
Bearing3_1,1577,0.6216003153330706,-0.012478372198786569
Bearing3_1,1578,0.6219944816712653,-0.015186228160084367
Bearing3_1,1579,0.62238864800946,-0.039844922812932615
Bearing3_1,1580,0.6227828143476547,-0.06038524935547392
Bearing3_1,1581,0.6231769806858495,-0.07007117875626175
Bearing3_1,1582,0.6235711470240441,-0.08027122892467713
Bearing3_1,1583,0.6239653133622388,-0.07099199937862957
Bearing3_1,1584,0.6243594797004336,-0.03484474728531843
Bearing3_1,1585,0.6247536460386283,-0.039433645835226336
Bearing3_1,1586,0.625147812376823,-0.06049347030777798
Bearing3_1,1587,0.6255419787150177,-0.07581096129173029
Bearing3_1,1588,0.6259361450532125,-0.08304178765340556
Bearing3_1,1589,0.6263303113914072,-0.10146271576678725
Bearing3_1,1590,0.6267244777296019,-0.09342070846268678
Bearing3_1,1591,0.6271186440677966,-0.08852074135500351
Bearing3_1,1592,0.6275128104059914,-0.11150780906595333
Bearing3_1,1593,0.627906976744186,-0.1279802465458111
Bearing3_1,1594,0.6283011430823807,-0.16340513261397072
Bearing3_1,1595,0.6286953094205755,-0.17820630645808158
Bearing3_1,1596,0.6290894757587702,-0.1666178937454867
Bearing3_1,1597,0.629483642096965,-0.17142214470130812
Bearing3_1,1598,0.6298778084351596,-0.16875180705936815
Bearing3_1,1599,0.6302719747733544,-0.14038748247154378
Bearing3_1,1600,0.6306661411115491,-0.13760538970577976
Bearing3_1,1601,0.6310603074497438,-0.09589243027858131
Bearing3_1,1602,0.6314544737879385,-0.0939704313516599
Bearing3_1,1603,0.6318486401261332,-0.08440354332418994
Bearing3_1,1604,0.632242806464328,-0.06188550812793943
Bearing3_1,1605,0.6326369728025226,-0.04095572191831269
Bearing3_1,1606,0.6330311391407174,-0.009482062786913204
Bearing3_1,1607,0.6334253054789121,0.02863787950789411
Bearing3_1,1608,0.6338194718171068,0.04686804126238524
Bearing3_1,1609,0.6342136381553015,0.046706305375110155
Bearing3_1,1610,0.6346078044934963,0.04919843721365027
Bearing3_1,1611,0.635001970831691,0.0360814906131425
Bearing3_1,1612,0.6353961371698857,0.08962312189141382
Bearing3_1,1613,0.6357903035080804,0.07876593955951507
Bearing3_1,1614,0.6361844698462751,0.09213297163232245
Bearing3_1,1615,0.6365786361844699,0.07878514390378208
Bearing3_1,1616,0.6369728025226645,0.04465602153841969
Bearing3_1,1617,0.6373669688608593,0.06153138273663468
Bearing3_1,1618,0.637761135199054,0.08384155862154985
Bearing3_1,1619,0.6381553015372488,0.10515833716837872
Bearing3_1,1620,0.6385494678754434,0.14553331210256026
Bearing3_1,1621,0.6389436342136382,0.150982796185629
Bearing3_1,1622,0.6393378005518329,0.12095665478945691
Bearing3_1,1623,0.6397319668900275,0.15172695326500607
Bearing3_1,1624,0.6401261332282223,0.16961634285632968
Bearing3_1,1625,0.640520299566417,0.19974141629380937
Bearing3_1,1626,0.6409144659046118,0.22364852550271688
Bearing3_1,1627,0.6413086322428064,0.18907327583381878
Bearing3_1,1628,0.6417027985810012,0.16369029745476552
Bearing3_1,1629,0.6420969649191959,0.13981970960973397
Bearing3_1,1630,0.6424911312573907,0.10868360295282538
Bearing3_1,1631,0.6428852975955853,0.08616734028691107
Bearing3_1,1632,0.6432794639337801,0.05165823814825236
Bearing3_1,1633,0.6436736302719748,0.02058777925496483
Bearing3_1,1634,0.6440677966101694,-0.019293022445511968
Bearing3_1,1635,0.6444619629483642,-0.0703879569233468
Bearing3_1,1636,0.6448561292865589,-0.1243215319188008
Bearing3_1,1637,0.6452502956247537,-0.17992451828976264
Bearing3_1,1638,0.6456444619629483,-0.20737473131139428
Bearing3_1,1639,0.6460386283011431,-0.22819676880080744
Bearing3_1,1640,0.6464327946393378,-0.28214505999893913
Bearing3_1,1641,0.6468269609775326,-0.30431777064007476
Bearing3_1,1642,0.6472211273157272,-0.29487474151260656
Bearing3_1,1643,0.647615293653922,-0.3122415703618778
Bearing3_1,1644,0.6480094599921167,-0.3132771150225418
Bearing3_1,1645,0.6484036263303113,-0.3083505501372109
Bearing3_1,1646,0.6487977926685061,-0.28221241390265456
Bearing3_1,1647,0.6491919590067008,-0.2710047014484581
Bearing3_1,1648,0.6495861253448956,-0.2897841628863893
Bearing3_1,1649,0.6499802916830902,-0.3307686217449944
Bearing3_1,1650,0.650374458021285,-0.32510417479626885
Bearing3_1,1651,0.6507686243594797,-0.3404378312939923
Bearing3_1,1652,0.6511627906976745,-0.3424154781495646
Bearing3_1,1653,0.6515569570358691,-0.36921445430595123
Bearing3_1,1654,0.6519511233740638,-0.4029618266052905
Bearing3_1,1655,0.6523452897122586,-0.41365822297028787
Bearing3_1,1656,0.6527394560504532,-0.42942096266867724
Bearing3_1,1657,0.653133622388648,-0.4295745631348929
Bearing3_1,1658,0.6535277887268427,-0.4396763110842814
Bearing3_1,1659,0.6539219550650375,-0.42053739098109694
Bearing3_1,1660,0.6543161214032321,-0.41367118308626516
Bearing3_1,1661,0.6547102877414269,-0.4122495732419845
Bearing3_1,1662,0.6551044540796216,-0.4090753010662658
Bearing3_1,1663,0.6554986204178164,-0.381940766879076
Bearing3_1,1664,0.655892786756011,-0.3798901772808044
Bearing3_1,1665,0.6562869530942057,-0.4104787947278076
Bearing3_1,1666,0.6566811194324005,-0.45188130612845157
Bearing3_1,1667,0.6570752857705952,-0.46162789760052875
Bearing3_1,1668,0.6574694521087899,-0.4425434466640666
Bearing3_1,1669,0.6578636184469846,-0.4433282303353662
Bearing3_1,1670,0.6582577847851794,-0.44098660199812983
Bearing3_1,1671,0.658651951123374,-0.44076416891303216
Bearing3_1,1672,0.6590461174615688,-0.46115600034976206
Bearing3_1,1673,0.6594402837997635,-0.5082281944434858
Bearing3_1,1674,0.6598344501379583,-0.4912485563809221
Bearing3_1,1675,0.6602286164761529,-0.4722131864665339
Bearing3_1,1676,0.6606227828143476,-0.43787497725035485
Bearing3_1,1677,0.6610169491525424,-0.43193475919428936
Bearing3_1,1678,0.6614111154907371,-0.4560673077785661
Bearing3_1,1679,0.6618052818289318,-0.46081613404190974
Bearing3_1,1680,0.6621994481671265,-0.4461071446550838
Bearing3_1,1681,0.6625936145053213,-0.45448485199958455
Bearing3_1,1682,0.662987780843516,-0.44282353991808926
Bearing3_1,1683,0.6633819471817107,-0.3768215669765978
Bearing3_1,1684,0.6637761135199054,-0.39355176991725205
Bearing3_1,1685,0.6641702798581001,-0.38295800116273826
Bearing3_1,1686,0.6645644461962948,-0.39165253127461375
Bearing3_1,1687,0.6649586125344895,-0.3737375258128644
Bearing3_1,1688,0.6653527788726843,-0.35115312330052606
Bearing3_1,1689,0.665746945210879,-0.3539238539163679
Bearing3_1,1690,0.6661411115490737,-0.35987726417280896
Bearing3_1,1691,0.6665352778872684,-0.32326815561150896
Bearing3_1,1692,0.6669294442254632,-0.30774372845102127
Bearing3_1,1693,0.6673236105636579,-0.3305554330871413
Bearing3_1,1694,0.6677177769018526,-0.2842384392952129
Bearing3_1,1695,0.6681119432400473,-0.2444388263611975
Bearing3_1,1696,0.668506109578242,-0.20913703365308867
Bearing3_1,1697,0.6689002759164367,-0.1984291083681151
Bearing3_1,1698,0.6692944422546314,-0.19376079778376365
Bearing3_1,1699,0.6696886085928262,-0.15010106080897026
Bearing3_1,1700,0.6700827749310209,-0.12453350565394208
Bearing3_1,1701,0.6704769412692156,-0.11884215580049591
Bearing3_1,1702,0.6708711076074103,-0.09885278701963715
Bearing3_1,1703,0.6712652739456051,-0.10363786117899446
Bearing3_1,1704,0.6716594402837998,-0.1269248246137687
Bearing3_1,1705,0.6720536066219945,-0.1509408908434156
Bearing3_1,1706,0.6724477729601892,-0.1471303200596741
Bearing3_1,1707,0.6728419392983839,-0.11734455131429418
Bearing3_1,1708,0.6732361056365787,-0.09937321124608212
Bearing3_1,1709,0.6736302719747733,-0.07675572807888435
Bearing3_1,1710,0.6740244383129681,-0.07761499141620871
Bearing3_1,1711,0.6744186046511628,-0.0769573668462035
Bearing3_1,1712,0.6748127709893575,-0.05310275606330319
Bearing3_1,1713,0.6752069373275522,0.01945239129180123
Bearing3_1,1714,0.675601103665747,0.04650390730674462
Bearing3_1,1715,0.6759952700039417,0.07938375488385636
Bearing3_1,1716,0.6763894363421363,0.09760225066119946
Bearing3_1,1717,0.6767836026803311,0.09644663399979188
Bearing3_1,1718,0.6771777690185258,0.11388390142496196
Bearing3_1,1719,0.6775719353567206,0.13214035515843975
Bearing3_1,1720,0.6779661016949152,0.17622051069302888
Bearing3_1,1721,0.67836026803311,0.2169308849223445
Bearing3_1,1722,0.6787544343713047,0.20891577136132114
Bearing3_1,1723,0.6791486007094995,0.20120633201722016
Bearing3_1,1724,0.6795427670476941,0.22150080585754095
Bearing3_1,1725,0.6799369333858889,0.233727537941685
Bearing3_1,1726,0.6803310997240836,0.2641312614147277
Bearing3_1,1727,0.6807252660622782,0.30217778722600863
Bearing3_1,1728,0.681119432400473,0.3117869435644284
Bearing3_1,1729,0.6815135987386677,0.31758353076909096
Bearing3_1,1730,0.6819077650768625,0.30536673563008787
Bearing3_1,1731,0.6823019314150571,0.29055688757546766
Bearing3_1,1732,0.6826960977532519,0.3065891796257588
Bearing3_1,1733,0.6830902640914466,0.300877097120694
Bearing3_1,1734,0.6834844304296414,0.26911478345666573
Bearing3_1,1735,0.683878596767836,0.269690942484093
Bearing3_1,1736,0.6842727631060307,0.25604392662076525
Bearing3_1,1737,0.6846669294442255,0.23876864038132012
Bearing3_1,1738,0.6850610957824201,0.20489656863835726
Bearing3_1,1739,0.6854552621206149,0.16835896625123076
Bearing3_1,1740,0.6858494284588096,0.15566701949439338
Bearing3_1,1741,0.6862435947970044,0.15304400324259876
Bearing3_1,1742,0.686637761135199,0.15177047722490827
Bearing3_1,1743,0.6870319274733938,0.1465026294069548
Bearing3_1,1744,0.6874260938115885,0.13562157378507397
Bearing3_1,1745,0.6878202601497833,0.10278677667467224
Bearing3_1,1746,0.6882144264879779,0.08433665500729567
Bearing3_1,1747,0.6886085928261726,0.04096859729917292
Bearing3_1,1748,0.6890027591643674,0.05322016495851676
Bearing3_1,1749,0.689396925502562,0.025767565479976016
Bearing3_1,1750,0.6897910918407568,-0.0015570640104314777
Bearing3_1,1751,0.6901852581789515,-0.0565041590524555
Bearing3_1,1752,0.6905794245171463,-0.09545235609463112
Bearing3_1,1753,0.6909735908553409,-0.11129851356451304
Bearing3_1,1754,0.6913677571935357,-0.0805757594732945
Bearing3_1,1755,0.6917619235317304,-0.0912086301727736
Bearing3_1,1756,0.6921560898699252,-0.12534444484044105
Bearing3_1,1757,0.6925502562081198,-0.12386183262034298
Bearing3_1,1758,0.6929444225463145,-0.1580869223829688
Bearing3_1,1759,0.6933385888845093,-0.16086959127537598
Bearing3_1,1760,0.693732755222704,-0.1699292811651339
Bearing3_1,1761,0.6941269215608987,-0.16062314817931791
Bearing3_1,1762,0.6945210878990934,-0.13930356037079786
Bearing3_1,1763,0.6949152542372882,-0.12912013828105937
Bearing3_1,1764,0.6953094205754828,-0.13632150998857745
Bearing3_1,1765,0.6957035869136776,-0.11742571018356948
Bearing3_1,1766,0.6960977532518723,-0.0738922406859303
Bearing3_1,1767,0.696491919590067,-0.1063165303928495
Bearing3_1,1768,0.6968860859282617,-0.06486069362425896
Bearing3_1,1769,0.6972802522664564,-0.03478461700758996
Bearing3_1,1770,0.6976744186046512,0.018027790926908028
Bearing3_1,1771,0.6980685849428458,0.030462590910667865
Bearing3_1,1772,0.6984627512810406,0.045174331952805916
Bearing3_1,1773,0.6988569176192353,0.059267970063765454
Bearing3_1,1774,0.6992510839574301,0.05626374396797821
Bearing3_1,1775,0.6996452502956247,0.06717191611519346
Bearing3_1,1776,0.7000394166338195,0.06669909220396952
Bearing3_1,1777,0.7004335829720142,0.1345210965889565
Bearing3_1,1778,0.7008277493102089,0.10468509821856267
Bearing3_1,1779,0.7012219156484036,0.12299999522109661
Bearing3_1,1780,0.7016160819865983,0.11107618253377101
Bearing3_1,1781,0.7020102483247931,0.1535047565911601
Bearing3_1,1782,0.7024044146629878,0.14632208499890173
Bearing3_1,1783,0.7027985810011825,0.1381315166719425
Bearing3_1,1784,0.7031927473393772,0.16518867899406064
Bearing3_1,1785,0.703586913677572,0.16375295434361162
Bearing3_1,1786,0.7039810800157666,0.1711553840644787
Bearing3_1,1787,0.7043752463539614,0.17450565744320023
Bearing3_1,1788,0.7047694126921561,0.21618048135240034
Bearing3_1,1789,0.7051635790303508,0.20506854610580444
Bearing3_1,1790,0.7055577453685455,0.17532737993807332
Bearing3_1,1791,0.7059519117067402,0.13330414405072155
Bearing3_1,1792,0.706346078044935,0.11562795185017186
Bearing3_1,1793,0.7067402443831297,0.11808233854551764
Bearing3_1,1794,0.7071344107213244,0.09014249908041667
Bearing3_1,1795,0.7075285770595191,0.06937672023282661
Bearing3_1,1796,0.7079227433977139,0.04047373876715818
Bearing3_1,1797,0.7083169097359086,0.005400649538944225
Bearing3_1,1798,0.7087110760741032,-0.01866359830472946
Bearing3_1,1799,0.709105242412298,-0.0251916965621225
Bearing3_1,1800,0.7094994087504927,-0.002845780679461787
Bearing3_1,1801,0.7098935750886874,0.024415053592392953
Bearing3_1,1802,0.7102877414268821,0.04671107079055774
Bearing3_1,1803,0.7106819077650769,0.026901145547607874
Bearing3_1,1804,0.7110760741032716,0.037650766361033136
Bearing3_1,1805,0.7114702404414663,0.07986443141061353
Bearing3_1,1806,0.711864406779661,0.07501304243082171
Bearing3_1,1807,0.7122585731178558,0.08252677148555924
Bearing3_1,1808,0.7126527394560505,0.09336207186944069
Bearing3_1,1809,0.7130469057942451,0.09962664995307022
Bearing3_1,1810,0.7134410721324399,0.08252484134970314
Bearing3_1,1811,0.7138352384706346,0.09413880850671341
Bearing3_1,1812,0.7142294048088293,0.08265313614293406
Bearing3_1,1813,0.714623571147024,0.07454826871915136
Bearing3_1,1814,0.7150177374852188,0.06227167027893262
Bearing3_1,1815,0.7154119038234135,0.034686968459627876
Bearing3_1,1816,0.7158060701616082,0.061952765803873766
Bearing3_1,1817,0.7162002364998029,0.09166085904947456
Bearing3_1,1818,0.7165944028379977,0.10658435730671194
Bearing3_1,1819,0.7169885691761924,0.11812863733861875
Bearing3_1,1820,0.717382735514387,0.160120176946418
Bearing3_1,1821,0.7177769018525818,0.16484085200551896
Bearing3_1,1822,0.7181710681907765,0.174775795373942
Bearing3_1,1823,0.7185652345289713,0.19102958488605132
Bearing3_1,1824,0.7189594008671659,0.21537558779371202
Bearing3_1,1825,0.7193535672053607,0.23219017403637604
Bearing3_1,1826,0.7197477335435554,0.22721314154608194
Bearing3_1,1827,0.7201418998817501,0.20787555397110435
Bearing3_1,1828,0.7205360662199448,0.21764016374886594
Bearing3_1,1829,0.7209302325581395,0.2073816167719687
Bearing3_1,1830,0.7213243988963343,0.17195201159368667
Bearing3_1,1831,0.7217185652345289,0.16065122080903027
Bearing3_1,1832,0.7221127315727237,0.15664528035925124
Bearing3_1,1833,0.7225068979109184,0.1393875658793878
Bearing3_1,1834,0.7229010642491132,0.12047026350588008
Bearing3_1,1835,0.7232952305873078,0.10384959241691476
Bearing3_1,1836,0.7236893969255026,0.09034921013860822
Bearing3_1,1837,0.7240835632636973,0.08526380396660185
Bearing3_1,1838,0.724477729601892,0.06078531840192024
Bearing3_1,1839,0.7248718959400867,0.05997651957380806
Bearing3_1,1840,0.7252660622782814,0.06830596778825004
Bearing3_1,1841,0.7256602286164762,0.0683792803745246
Bearing3_1,1842,0.7260543949546708,0.053986565500752294
Bearing3_1,1843,0.7264485612928656,0.06343651138300017
Bearing3_1,1844,0.7268427276310603,0.07408153355532059
Bearing3_1,1845,0.7272368939692551,0.07201652648722058
Bearing3_1,1846,0.7276310603074497,0.07961108397524627
Bearing3_1,1847,0.7280252266456445,0.08095953487228247
Bearing3_1,1848,0.7284193929838392,0.09790949137770191
Bearing3_1,1849,0.7288135593220338,0.08904670117768114
Bearing3_1,1850,0.7292077256602286,0.07292637776526964
Bearing3_1,1851,0.7296018919984233,0.06945908037075565
Bearing3_1,1852,0.7299960583366181,0.09448798717909138
Bearing3_1,1853,0.7303902246748127,0.09669619112210699
Bearing3_1,1854,0.7307843910130075,0.07994106333222215
Bearing3_1,1855,0.7311785573512022,0.07746466050996519
Bearing3_1,1856,0.731572723689397,0.11098952416546504
Bearing3_1,1857,0.7319668900275916,0.11698926770501898
Bearing3_1,1858,0.7323610563657864,0.11939009095573291
Bearing3_1,1859,0.7327552227039811,0.13167468917305103
Bearing3_1,1860,0.7331493890421757,0.1412554900107376
Bearing3_1,1861,0.7335435553803705,0.12712435784700288
Bearing3_1,1862,0.7339377217185652,0.10694641449690243
Bearing3_1,1863,0.73433188805676,0.12902939095852028
Bearing3_1,1864,0.7347260543949546,0.14293571887679718
Bearing3_1,1865,0.7351202207331494,0.15384138696836686
Bearing3_1,1866,0.7355143870713441,0.12452849559163046
Bearing3_1,1867,0.7359085534095389,0.13071133815113398
Bearing3_1,1868,0.7363027197477335,0.12141764027557045
Bearing3_1,1869,0.7366968860859283,0.1275763799315272
Bearing3_1,1870,0.737091052424123,0.11917677070782666
Bearing3_1,1871,0.7374852187623177,0.12405118170203262
Bearing3_1,1872,0.7378793851005124,0.12173044094913126
Bearing3_1,1873,0.7382735514387071,0.11531561225656113
Bearing3_1,1874,0.7386677177769019,0.12254673916704481
Bearing3_1,1875,0.7390618841150965,0.10983018977590342
Bearing3_1,1876,0.7394560504532913,0.10600951974174906
Bearing3_1,1877,0.739850216791486,0.09453147464763749
Bearing3_1,1878,0.7402443831296808,0.07953317900446491
Bearing3_1,1879,0.7406385494678754,0.05273639415156558
Bearing3_1,1880,0.7410327158060701,0.0811234779709659
Bearing3_1,1881,0.7414268821442649,0.08949058356077341
Bearing3_1,1882,0.7418210484824596,0.10551038961621043
Bearing3_1,1883,0.7422152148206543,0.1061087252951611
Bearing3_1,1884,0.742609381158849,0.12430293135999457
Bearing3_1,1885,0.7430035474970438,0.1336404878505411
Bearing3_1,1886,0.7433977138352384,0.1579466948757257
Bearing3_1,1887,0.7437918801734332,0.17576942937262122
Bearing3_1,1888,0.7441860465116279,0.2038417217630451
Bearing3_1,1889,0.7445802128498227,0.2119599847156735
Bearing3_1,1890,0.7449743791880173,0.19437541169692843
Bearing3_1,1891,0.745368545526212,0.19345534731019692
Bearing3_1,1892,0.7457627118644068,0.21673313549334047
Bearing3_1,1893,0.7461568782026015,0.2160773459939466
Bearing3_1,1894,0.7465510445407962,0.19219462248000355
Bearing3_1,1895,0.7469452108789909,0.1803925549126938
Bearing3_1,1896,0.7473393772171857,0.14597066114576593
Bearing3_1,1897,0.7477335435553804,0.1397405480036784
Bearing3_1,1898,0.7481277098935751,0.1201224781767252
Bearing3_1,1899,0.7485218762317698,0.1701727970492724
Bearing3_1,1900,0.7489160425699646,0.1874327948081612
Bearing3_1,1901,0.7493102089081592,0.18288919573483087
Bearing3_1,1902,0.7497043752463539,0.14324780391346534
Bearing3_1,1903,0.7500985415845487,0.1454307632717426
Bearing3_1,1904,0.7504927079227434,0.13533969287984887
Bearing3_1,1905,0.7508868742609381,0.14283059797232744
Bearing3_1,1906,0.7512810405991328,0.16507256873064816
Bearing3_1,1907,0.7516752069373276,0.15800952770958646
Bearing3_1,1908,0.7520693732755223,0.149933167858356
Bearing3_1,1909,0.752463539613717,0.10603032645715404
Bearing3_1,1910,0.7528577059519117,0.09049786598110768
Bearing3_1,1911,0.7532518722901064,0.10739945821056562
Bearing3_1,1912,0.7536460386283012,0.11500596222742224
Bearing3_1,1913,0.7540402049664958,0.09844709809065016
Bearing3_1,1914,0.7544343713046906,0.10779677139135035
Bearing3_1,1915,0.7548285376428853,0.10771919037203899
Bearing3_1,1916,0.75522270398108,0.10768494869257457
Bearing3_1,1917,0.7556168703192747,0.10876524032469426
Bearing3_1,1918,0.7560110366574695,0.13162165942780374
Bearing3_1,1919,0.7564052029956642,0.12717597492667237
Bearing3_1,1920,0.7567993693338589,0.13558501075555002
Bearing3_1,1921,0.7571935356720536,0.11952750292968237
Bearing3_1,1922,0.7575877020102483,0.12534017091296695
Bearing3_1,1923,0.757981868348443,0.12168733262144152
Bearing3_1,1924,0.7583760346866377,0.0987956726463518
Bearing3_1,1925,0.7587702010248325,0.10278745848741595
Bearing3_1,1926,0.7591643673630272,0.10107671413090369
Bearing3_1,1927,0.759558533701222,0.11377178441545457
Bearing3_1,1928,0.7599527000394166,0.10579256964486698
Bearing3_1,1929,0.7603468663776114,0.12451454246729161
Bearing3_1,1930,0.7607410327158061,0.13459388969857028
Bearing3_1,1931,0.7611351990540007,0.1470020223323559
Bearing3_1,1932,0.7615293653921955,0.11859854644917682
Bearing3_1,1933,0.7619235317303902,0.1659749224974693
Bearing3_1,1934,0.762317698068585,0.17750272796106295
Bearing3_1,1935,0.7627118644067796,0.18074240109892428
Bearing3_1,1936,0.7631060307449744,0.17642385302862665
Bearing3_1,1937,0.7635001970831691,0.16576654949156577
Bearing3_1,1938,0.7638943634213639,0.15841783354575562
Bearing3_1,1939,0.7642885297595585,0.14963577478073273
Bearing3_1,1940,0.7646826960977533,0.14052123216578843
Bearing3_1,1941,0.765076862435948,0.11761155120827627
Bearing3_1,1942,0.7654710287741426,0.1134584314505255
Bearing3_1,1943,0.7658651951123374,0.0992578130436352
Bearing3_1,1944,0.7662593614505321,0.11259271482221249
Bearing3_1,1945,0.7666535277887269,0.10122547241798927
Bearing3_1,1946,0.7670476941269215,0.10180320364667665
Bearing3_1,1947,0.7674418604651163,0.11420304462523309
Bearing3_1,1948,0.767836026803311,0.09294347059840576
Bearing3_1,1949,0.7682301931415058,0.08480732555865174
Bearing3_1,1950,0.7686243594797004,0.06346411378370376
Bearing3_1,1951,0.7690185258178952,0.06532095616716671
Bearing3_1,1952,0.7694126921560899,0.08063678063767518
Bearing3_1,1953,0.7698068584942845,0.056701100494236746
Bearing3_1,1954,0.7702010248324793,0.027234170996764062
Bearing3_1,1955,0.770595191170674,0.03419298788647689
Bearing3_1,1956,0.7709893575088688,0.029985594174983275
Bearing3_1,1957,0.7713835238470634,0.008254704863691864
Bearing3_1,1958,0.7717776901852582,0.020282323717537593
Bearing3_1,1959,0.7721718565234529,0.012948802504945395
Bearing3_1,1960,0.7725660228616477,0.013370597238384763
Bearing3_1,1961,0.7729601891998423,0.03336361599952671
Bearing3_1,1962,0.773354355538037,0.04397058115273483
Bearing3_1,1963,0.7737485218762318,0.03813112598085555
Bearing3_1,1964,0.7741426882144264,0.057370403632937814
Bearing3_1,1965,0.7745368545526212,0.06607562805229679
Bearing3_1,1966,0.7749310208908159,0.05427532435469436
Bearing3_1,1967,0.7753251872290107,0.05816610576898802
Bearing3_1,1968,0.7757193535672053,0.08431837810015021
Bearing3_1,1969,0.7761135199054001,0.09685510551369679
Bearing3_1,1970,0.7765076862435948,0.09535865847754428
Bearing3_1,1971,0.7769018525817896,0.10449535053809567
Bearing3_1,1972,0.7772960189199842,0.10269121253250608
Bearing3_1,1973,0.7776901852581789,0.10631765331212448
Bearing3_1,1974,0.7780843515963737,0.11924145350217308
Bearing3_1,1975,0.7784785179345683,0.10136406024266224
Bearing3_1,1976,0.7788726842727631,0.11179686923453805
Bearing3_1,1977,0.7792668506109578,0.1194149417333511
Bearing3_1,1978,0.7796610169491526,0.09265135630975885
Bearing3_1,1979,0.7800551832873472,0.08792588973251639
Bearing3_1,1980,0.780449349625542,0.09730395728834108
Bearing3_1,1981,0.7808435159637367,0.07818507800786749
Bearing3_1,1982,0.7812376823019315,0.07711004146610252
Bearing3_1,1983,0.7816318486401261,0.09179400199538773
Bearing3_1,1984,0.7820260149783208,0.0972543071305141
Bearing3_1,1985,0.7824201813165156,0.10724601539836512
Bearing3_1,1986,0.7828143476547103,0.1047276502895544
Bearing3_1,1987,0.783208513992905,0.09802214494227464
Bearing3_1,1988,0.7836026803310997,0.11103617900352485
Bearing3_1,1989,0.7839968466692945,0.10062920770387773
Bearing3_1,1990,0.7843910130074891,0.1003811774696611
Bearing3_1,1991,0.7847851793456839,0.09161781872135177
Bearing3_1,1992,0.7851793456838786,0.08841830700015711
Bearing3_1,1993,0.7855735120220733,0.07577581933532349
Bearing3_1,1994,0.785967678360268,0.0815894006515511
Bearing3_1,1995,0.7863618446984627,0.06661079710219854
Bearing3_1,1996,0.7867560110366575,0.09033291253157208
Bearing3_1,1997,0.7871501773748522,0.08788229901138231
Bearing3_1,1998,0.7875443437130469,0.09884266746189108
Bearing3_1,1999,0.7879385100512416,0.12833237706505612
Bearing3_1,2000,0.7883326763894364,0.12596117528789827
Bearing3_1,2001,0.788726842727631,0.13996398406802524
Bearing3_1,2002,0.7891210090658258,0.15262875884435886
Bearing3_1,2003,0.7895151754040205,0.17798733865915417
Bearing3_1,2004,0.7899093417422152,0.17957215479709226
Bearing3_1,2005,0.7903035080804099,0.18618784300641336
Bearing3_1,2006,0.7906976744186046,0.15940670715809363
Bearing3_1,2007,0.7910918407567994,0.17042000202491542
Bearing3_1,2008,0.7914860070949941,0.18702871643965308
Bearing3_1,2009,0.7918801734331888,0.18642254810983122
Bearing3_1,2010,0.7922743397713835,0.20805207340435133
Bearing3_1,2011,0.7926685061095783,0.217478485079297
Bearing3_1,2012,0.793062672447773,0.2409096374297322
Bearing3_1,2013,0.7934568387859677,0.24338863928387894
Bearing3_1,2014,0.7938510051241624,0.2181968222253441
Bearing3_1,2015,0.7942451714623571,0.22787661500124382
Bearing3_1,2016,0.7946393378005518,0.2530303501782718
Bearing3_1,2017,0.7950335041387465,0.24365469513339816
Bearing3_1,2018,0.7954276704769413,0.2399263479967353
Bearing3_1,2019,0.795821836815136,0.23821720191818305
Bearing3_1,2020,0.7962160031533307,0.2350601683700388
Bearing3_1,2021,0.7966101694915254,0.23319640477518194
Bearing3_1,2022,0.7970043358297202,0.21076299588356093
Bearing3_1,2023,0.7973985021679149,0.18800942126644588
Bearing3_1,2024,0.7977926685061095,0.19936655837606282
Bearing3_1,2025,0.7981868348443043,0.21111585240740066
Bearing3_1,2026,0.798581001182499,0.2007811515710146
Bearing3_1,2027,0.7989751675206938,0.24832073541110206
Bearing3_1,2028,0.7993693338588884,0.2424141129591338
Bearing3_1,2029,0.7997635001970832,0.2354472608709016
Bearing3_1,2030,0.8001576665352779,0.23819344845969231
Bearing3_1,2031,0.8005518328734726,0.2215399975107697
Bearing3_1,2032,0.8009459992116673,0.24240017898032473
Bearing3_1,2033,0.8013401655498621,0.272205424495226
Bearing3_1,2034,0.8017343318880568,0.2813260658825045
Bearing3_1,2035,0.8021284982262514,0.29299720896419507
Bearing3_1,2036,0.8025226645644462,0.31378820871338303
Bearing3_1,2037,0.8029168309026409,0.3057646376142603
Bearing3_1,2038,0.8033109972408357,0.31720011802999243
Bearing3_1,2039,0.8037051635790303,0.33485617456317607
Bearing3_1,2040,0.8040993299172251,0.3497893740889806
Bearing3_1,2041,0.8044934962554198,0.3840212597912799
Bearing3_1,2042,0.8048876625936146,0.38172786170720724
Bearing3_1,2043,0.8052818289318092,0.3761013678872892
Bearing3_1,2044,0.8056759952700039,0.37942838572405135
Bearing3_1,2045,0.8060701616081987,0.3864735790487081
Bearing3_1,2046,0.8064643279463933,0.37725491536069883
Bearing3_1,2047,0.8068584942845881,0.35025862602319574
Bearing3_1,2048,0.8072526606227828,0.3534025149936023
Bearing3_1,2049,0.8076468269609776,0.3628727352491897
Bearing3_1,2050,0.8080409932991722,0.3464749026628245
Bearing3_1,2051,0.808435159637367,0.34191494389881333
Bearing3_1,2052,0.8088293259755617,0.3365868327031739
Bearing3_1,2053,0.8092234923137565,0.3272011169546059
Bearing3_1,2054,0.8096176586519511,0.32590428935567495
Bearing3_1,2055,0.8100118249901458,0.30602459273865745
Bearing3_1,2056,0.8104059913283406,0.3080701932310983
Bearing3_1,2057,0.8108001576665352,0.2979707816938306
Bearing3_1,2058,0.81119432400473,0.2772084747572253
Bearing3_1,2059,0.8115884903429247,0.24997771295608154
Bearing3_1,2060,0.8119826566811195,0.23439207927705663
Bearing3_1,2061,0.8123768230193141,0.2073190367483706
Bearing3_1,2062,0.8127709893575089,0.19279156912841175
Bearing3_1,2063,0.8131651556957036,0.20380885367102483
Bearing3_1,2064,0.8135593220338984,0.19955992642855597
Bearing3_1,2065,0.813953488372093,0.19484004424179585
Bearing3_1,2066,0.8143476547102877,0.1934473392715943
Bearing3_1,2067,0.8147418210484825,0.2129026948573896
Bearing3_1,2068,0.8151359873866771,0.22607181387505748
Bearing3_1,2069,0.8155301537248719,0.2248643777328229
Bearing3_1,2070,0.8159243200630666,0.23580104511544975
Bearing3_1,2071,0.8163184864012614,0.25366276883531674
Bearing3_1,2072,0.816712652739456,0.24859640926398777
Bearing3_1,2073,0.8171068190776508,0.23621862808428098
Bearing3_1,2074,0.8175009854158455,0.23083958778662955
Bearing3_1,2075,0.8178951517540402,0.2360701388848192
Bearing3_1,2076,0.8182893180922349,0.20908091732277684
Bearing3_1,2077,0.8186834844304296,0.1971411433494304
Bearing3_1,2078,0.8190776507686244,0.1759436359604935
Bearing3_1,2079,0.819471817106819,0.1573405452535154
Bearing3_1,2080,0.8198659834450138,0.12920869308050492
Bearing3_1,2081,0.8202601497832085,0.11053623744049342
Bearing3_1,2082,0.8206543161214033,0.1126702040179726
Bearing3_1,2083,0.8210484824595979,0.1041220043482091
Bearing3_1,2084,0.8214426487977927,0.10102816312623213
Bearing3_1,2085,0.8218368151359874,0.10046391323455912
Bearing3_1,2086,0.822230981474182,0.12446683893149216
Bearing3_1,2087,0.8226251478123768,0.12771494149969773
Bearing3_1,2088,0.8230193141505715,0.13974784293360362
Bearing3_1,2089,0.8234134804887663,0.1554489343637859
Bearing3_1,2090,0.823807646826961,0.18383501460563176
Bearing3_1,2091,0.8242018131651557,0.2168873080196334
Bearing3_1,2092,0.8245959795033504,0.22063710023987954
Bearing3_1,2093,0.8249901458415452,0.24101863597498813
Bearing3_1,2094,0.8253843121797398,0.26496345414788836
Bearing3_1,2095,0.8257784785179346,0.24750731036642531
Bearing3_1,2096,0.8261726448561293,0.22461928852172677
Bearing3_1,2097,0.826566811194324,0.20893574660310246
Bearing3_1,2098,0.8269609775325187,0.21158499319403612
Bearing3_1,2099,0.8273551438707134,0.20408317596360948
Bearing3_1,2100,0.8277493102089082,0.19341746964897463
Bearing3_1,2101,0.8281434765471029,0.1667407887802358
Bearing3_1,2102,0.8285376428852976,0.18716338786179676
Bearing3_1,2103,0.8289318092234923,0.17444304824052237
Bearing3_1,2104,0.8293259755616871,0.15425372663257791
Bearing3_1,2105,0.8297201418998817,0.16740999901164857
Bearing3_1,2106,0.8301143082380764,0.17962316575945528
Bearing3_1,2107,0.8305084745762712,0.20886216573393712
Bearing3_1,2108,0.8309026409144659,0.20872385442452268
Bearing3_1,2109,0.8312968072526606,0.21837298434393437
Bearing3_1,2110,0.8316909735908553,0.21095557918784186
Bearing3_1,2111,0.8320851399290501,0.21173437284914415
Bearing3_1,2112,0.8324793062672448,0.18882482671225692
Bearing3_1,2113,0.8328734726054395,0.18095666926278658
Bearing3_1,2114,0.8332676389436342,0.1706733360230901
Bearing3_1,2115,0.833661805281829,0.1782116154713785
Bearing3_1,2116,0.8340559716200237,0.16796189983672138
Bearing3_1,2117,0.8344501379582183,0.13564149793943037
Bearing3_1,2118,0.8348443042964131,0.12946367088870417
Bearing3_1,2119,0.8352384706346078,0.12705086515146635
Bearing3_1,2120,0.8356326369728025,0.13590040407047954
Bearing3_1,2121,0.8360268033109972,0.12918585153354567
Bearing3_1,2122,0.836420969649192,0.10399131565846464
Bearing3_1,2123,0.8368151359873867,0.08938592032713251
Bearing3_1,2124,0.8372093023255814,0.07755250919591214
Bearing3_1,2125,0.8376034686637761,0.06798028879363119
Bearing3_1,2126,0.8379976350019709,0.059741630820885704
Bearing3_1,2127,0.8383918013401656,0.07176264829583484
Bearing3_1,2128,0.8387859676783602,0.06595797290642799
Bearing3_1,2129,0.839180134016555,0.0783792603823228
Bearing3_1,2130,0.8395743003547497,0.06960350236453532
Bearing3_1,2131,0.8399684666929444,0.07347204835835434
Bearing3_1,2132,0.8403626330311391,0.08188878245378015
Bearing3_1,2133,0.8407567993693339,0.08761105662840944
Bearing3_1,2134,0.8411509657075286,0.09369495825738673
Bearing3_1,2135,0.8415451320457233,0.10674933518679772
Bearing3_1,2136,0.841939298383918,0.12417471270825212
Bearing3_1,2137,0.8423334647221127,0.12035136698179678
Bearing3_1,2138,0.8427276310603075,0.14830966956854436
Bearing3_1,2139,0.8431217973985021,0.15300165953074568
Bearing3_1,2140,0.8435159637366969,0.16526213283665941
Bearing3_1,2141,0.8439101300748916,0.16332705535554445
Bearing3_1,2142,0.8443042964130864,0.2075872199743428
Bearing3_1,2143,0.844698462751281,0.2222576652572689
Bearing3_1,2144,0.8450926290894758,0.2446923214921398
Bearing3_1,2145,0.8454867954276705,0.22635495557173213
Bearing3_1,2146,0.8458809617658652,0.22204511513340236
Bearing3_1,2147,0.8462751281040599,0.2422044152821849
Bearing3_1,2148,0.8466692944422546,0.23151378013885965
Bearing3_1,2149,0.8470634607804494,0.2109522313892514
Bearing3_1,2150,0.847457627118644,0.22107193548112494
Bearing3_1,2151,0.8478517934568388,0.22284243932125164
Bearing3_1,2152,0.8482459597950335,0.19829632855749763
Bearing3_1,2153,0.8486401261332283,0.18843023987548374
Bearing3_1,2154,0.8490342924714229,0.17651451209880736
Bearing3_1,2155,0.8494284588096177,0.17182458777615775
Bearing3_1,2156,0.8498226251478124,0.17224240992111245
Bearing3_1,2157,0.850216791486007,0.16743074993374568
Bearing3_1,2158,0.8506109578242018,0.15235668147908168
Bearing3_1,2159,0.8510051241623965,0.14527100886431563
Bearing3_1,2160,0.8513992905005913,0.12818294598791188
Bearing3_1,2161,0.8517934568387859,0.152955056453096
Bearing3_1,2162,0.8521876231769807,0.14779334780287898
Bearing3_1,2163,0.8525817895151754,0.17435479067361187
Bearing3_1,2164,0.8529759558533702,0.18757440693709201
Bearing3_1,2165,0.8533701221915648,0.22500234447857884
Bearing3_1,2166,0.8537642885297596,0.25678014629885004
Bearing3_1,2167,0.8541584548679543,0.2716394414008695
Bearing3_1,2168,0.8545526212061489,0.28099838633579377
Bearing3_1,2169,0.8549467875443437,0.32834707958150666
Bearing3_1,2170,0.8553409538825384,0.3600419136999076
Bearing3_1,2171,0.8557351202207332,0.3619442163187806
Bearing3_1,2172,0.8561292865589278,0.3618015203461513
Bearing3_1,2173,0.8565234528971226,0.34745643273778
Bearing3_1,2174,0.8569176192353173,0.3408203792619259
Bearing3_1,2175,0.8573117855735121,0.31260216436509547
Bearing3_1,2176,0.8577059519117067,0.30529127901865805
Bearing3_1,2177,0.8581001182499015,0.31194202446353547
Bearing3_1,2178,0.8584942845880962,0.3084693865160419
Bearing3_1,2179,0.8588884509262908,0.2956957348142451
Bearing3_1,2180,0.8592826172644856,0.2963712883911575
Bearing3_1,2181,0.8596767836026803,0.30425324566463746
Bearing3_1,2182,0.8600709499408751,0.32433858840351304
Bearing3_1,2183,0.8604651162790697,0.3332452199318714
Bearing3_1,2184,0.8608592826172645,0.3352321269934037
Bearing3_1,2185,0.8612534489554592,0.36548732320682403
Bearing3_1,2186,0.861647615293654,0.3841221773555719
Bearing3_1,2187,0.8620417816318486,0.38622220555219056
Bearing3_1,2188,0.8624359479700433,0.38703219004716527
Bearing3_1,2189,0.8628301143082381,0.37208000018905346
Bearing3_1,2190,0.8632242806464328,0.3667308841438257
Bearing3_1,2191,0.8636184469846275,0.35934990742561307
Bearing3_1,2192,0.8640126133228222,0.36645412028877133
Bearing3_1,2193,0.864406779661017,0.3753543266787919
Bearing3_1,2194,0.8648009459992116,0.39639719045242366
Bearing3_1,2195,0.8651951123374064,0.3977053704912562
Bearing3_1,2196,0.8655892786756011,0.37491023158314235
Bearing3_1,2197,0.8659834450137959,0.3720573502793464
Bearing3_1,2198,0.8663776113519905,0.3786679526717571
Bearing3_1,2199,0.8667717776901852,0.4113906164232515
Bearing3_1,2200,0.86716594402838,0.4080972724400155
Bearing3_1,2201,0.8675601103665747,0.3887802150594148
Bearing3_1,2202,0.8679542767047694,0.37702013174065285
Bearing3_1,2203,0.8683484430429641,0.3889896509109963
Bearing3_1,2204,0.8687426093811589,0.3899298710040029
Bearing3_1,2205,0.8691367757193535,0.3684004090845966
Bearing3_1,2206,0.8695309420575483,0.36892660633274854
Bearing3_1,2207,0.869925108395743,0.38521138608267397
Bearing3_1,2208,0.8703192747339378,0.3933648080728364
Bearing3_1,2209,0.8707134410721324,0.3913189772036295
Bearing3_1,2210,0.8711076074103271,0.39908669716173273
Bearing3_1,2211,0.8715017737485219,0.4155733680871152
Bearing3_1,2212,0.8718959400867166,0.43101910877688
Bearing3_1,2213,0.8722901064249113,0.41361155599165134
Bearing3_1,2214,0.872684272763106,0.4177468254695749
Bearing3_1,2215,0.8730784391013008,0.4167109645966197
Bearing3_1,2216,0.8734726054394955,0.40758665904833274
Bearing3_1,2217,0.8738667717776902,0.3796618970949154
Bearing3_1,2218,0.8742609381158849,0.36410678394194473
Bearing3_1,2219,0.8746551044540796,0.3223332883662374
Bearing3_1,2220,0.8750492707922743,0.29817359107117525
Bearing3_1,2221,0.875443437130469,0.28818313353781405
Bearing3_1,2222,0.8758376034686638,0.2770341788446505
Bearing3_1,2223,0.8762317698068585,0.25896181921151573
Bearing3_1,2224,0.8766259361450532,0.23587054546971417
Bearing3_1,2225,0.8770201024832479,0.23628540051580665
Bearing3_1,2226,0.8774142688214427,0.2265331235973937
Bearing3_1,2227,0.8778084351596374,0.20610270585133844
Bearing3_1,2228,0.8782026014978321,0.18617592543851386
Bearing3_1,2229,0.8785967678360268,0.19876112937241064
Bearing3_1,2230,0.8789909341742215,0.20603055717999147
Bearing3_1,2231,0.8793851005124163,0.20540505774970344
Bearing3_1,2232,0.8797792668506109,0.18821498123366456
Bearing3_1,2233,0.8801734331888057,0.18978715834296997
Bearing3_1,2234,0.8805675995270004,0.1910109179555992
Bearing3_1,2235,0.8809617658651951,0.2011756241580279
Bearing3_1,2236,0.8813559322033898,0.2068494303608206
Bearing3_1,2237,0.8817500985415846,0.20431088503484993
Bearing3_1,2238,0.8821442648797793,0.22826264421538217
Bearing3_1,2239,0.882538431217974,0.23140309042626547
Bearing3_1,2240,0.8829325975561687,0.23571242132575945
Bearing3_1,2241,0.8833267638943634,0.24602102828123468
Bearing3_1,2242,0.8837209302325582,0.250924845859943
Bearing3_1,2243,0.8841150965707528,0.2487068186423979
Bearing3_1,2244,0.8845092629089476,0.2519848691414489
Bearing3_1,2245,0.8849034292471423,0.24239303573073015
Bearing3_1,2246,0.885297595585337,0.26489965179834957
Bearing3_1,2247,0.8856917619235317,0.3087926679030311
Bearing3_1,2248,0.8860859282617265,0.30534162404648274
Bearing3_1,2249,0.8864800945999212,0.296859154629658
Bearing3_1,2250,0.8868742609381158,0.28959447055538823
Bearing3_1,2251,0.8872684272763106,0.26934940202191965
Bearing3_1,2252,0.8876625936145053,0.26131369905669144
Bearing3_1,2253,0.8880567599527001,0.25784555829567746
Bearing3_1,2254,0.8884509262908947,0.24189388439117437
Bearing3_1,2255,0.8888450926290895,0.2513202080698944
Bearing3_1,2256,0.8892392589672842,0.24837491849668009
Bearing3_1,2257,0.889633425305479,0.237265847366905
Bearing3_1,2258,0.8900275916436736,0.2522492946813924
Bearing3_1,2259,0.8904217579818684,0.26311954624968353
Bearing3_1,2260,0.8908159243200631,0.27341114663928695
Bearing3_1,2261,0.8912100906582577,0.3037710060361142
Bearing3_1,2262,0.8916042569964525,0.32466024629325296
Bearing3_1,2263,0.8919984233346472,0.3348605422008524
Bearing3_1,2264,0.892392589672842,0.35182863723072944
Bearing3_1,2265,0.8927867560110366,0.3245431837817091
Bearing3_1,2266,0.8931809223492314,0.30273565627701854
Bearing3_1,2267,0.8935750886874261,0.27011533195254
Bearing3_1,2268,0.8939692550256209,0.26591960860452424
Bearing3_1,2269,0.8943634213638155,0.2570602749557861
Bearing3_1,2270,0.8947575877020102,0.2333824300563557
Bearing3_1,2271,0.895151754040205,0.19608239391303872
Bearing3_1,2272,0.8955459203783996,0.17013385784984184
Bearing3_1,2273,0.8959400867165944,0.15415431583009953
Bearing3_1,2274,0.8963342530547891,0.13599352895586447
Bearing3_1,2275,0.8967284193929839,0.13176698970695438
Bearing3_1,2276,0.8971225857311785,0.13867465629543146
Bearing3_1,2277,0.8975167520693733,0.12304734297524814
Bearing3_1,2278,0.897910918407568,0.07919980194592442
Bearing3_1,2279,0.8983050847457628,0.07899133414725926
Bearing3_1,2280,0.8986992510839574,0.09564270449986542
Bearing3_1,2281,0.8990934174221521,0.10185156766180523
Bearing3_1,2282,0.8994875837603469,0.1119856025002552
Bearing3_1,2283,0.8998817500985415,0.12695836909633326
Bearing3_1,2284,0.9002759164367363,0.14198233597729354
Bearing3_1,2285,0.900670082774931,0.1683461084570155
Bearing3_1,2286,0.9010642491131258,0.18155662503330838
Bearing3_1,2287,0.9014584154513204,0.21872987866174376
Bearing3_1,2288,0.9018525817895152,0.26318385779576897
Bearing3_1,2289,0.9022467481277099,0.2774944984801221
Bearing3_1,2290,0.9026409144659047,0.27901901500657617
Bearing3_1,2291,0.9030350808040993,0.3038659890996287
Bearing3_1,2292,0.903429247142294,0.30895332639059225
Bearing3_1,2293,0.9038234134804888,0.3247373351483427
Bearing3_1,2294,0.9042175798186834,0.32936234954749116
Bearing3_1,2295,0.9046117461568782,0.34383163955947904
Bearing3_1,2296,0.9050059124950729,0.3431346303625687
Bearing3_1,2297,0.9054000788332677,0.34197048766805405
Bearing3_1,2298,0.9057942451714623,0.3363743680834267
Bearing3_1,2299,0.9061884115096571,0.3055840823091041
Bearing3_1,2300,0.9065825778478518,0.31341910916173754
Bearing3_1,2301,0.9069767441860465,0.3242223065234959
Bearing3_1,2302,0.9073709105242412,0.349996850998822
Bearing3_1,2303,0.9077650768624359,0.34656568765816803
Bearing3_1,2304,0.9081592432006307,0.34058272801675116
Bearing3_1,2305,0.9085534095388254,0.33002309518252165
Bearing3_1,2306,0.9089475758770201,0.3237455141328852
Bearing3_1,2307,0.9093417422152148,0.31190207105208156
Bearing3_1,2308,0.9097359085534096,0.3241436737667536
Bearing3_1,2309,0.9101300748916042,0.337594775198255
Bearing3_1,2310,0.910524241229799,0.33293266598380544
Bearing3_1,2311,0.9109184075679937,0.32923487929225004
Bearing3_1,2312,0.9113125739061884,0.30926021434366746
Bearing3_1,2313,0.9117067402443831,0.29998868806869305
Bearing3_1,2314,0.9121009065825778,0.3039350837776951
Bearing3_1,2315,0.9124950729207726,0.28187004080891775
Bearing3_1,2316,0.9128892392589673,0.26898882848837014
Bearing3_1,2317,0.913283405597162,0.29456360466852705
Bearing3_1,2318,0.9136775719353567,0.28490178224520724
Bearing3_1,2319,0.9140717382735515,0.3020366912227904
Bearing3_1,2320,0.9144659046117461,0.2911534239607903
Bearing3_1,2321,0.9148600709499409,0.25503245267235275
Bearing3_1,2322,0.9152542372881356,0.2375599974349442
Bearing3_1,2323,0.9156484036263303,0.2552172567817738
Bearing3_1,2324,0.916042569964525,0.25852199607744036
Bearing3_1,2325,0.9164367363027197,0.2582024340498605
Bearing3_1,2326,0.9168309026409145,0.26475603736230047
Bearing3_1,2327,0.9172250689791092,0.23826704234007093
Bearing3_1,2328,0.9176192353173039,0.23308108337670905
Bearing3_1,2329,0.9180134016554986,0.2000602752311988
Bearing3_1,2330,0.9184075679936934,0.19757262329117892
Bearing3_1,2331,0.918801734331888,0.2096356825824873
Bearing3_1,2332,0.9191959006700827,0.20238427224440575
Bearing3_1,2333,0.9195900670082775,0.17005622531703332
Bearing3_1,2334,0.9199842333464722,0.15899956575480217
Bearing3_1,2335,0.920378399684667,0.19541159982617826
Bearing3_1,2336,0.9207725660228616,0.243209162546628
Bearing3_1,2337,0.9211667323610564,0.3309695195434421
Bearing3_1,2338,0.9215608986992511,0.40532957177060813
Bearing3_1,2339,0.9219550650374458,0.49682044550324334
Bearing3_1,2340,0.9223492313756405,0.6014305758128733
Bearing3_1,2341,0.9227433977138353,0.6959974077893571
Bearing3_1,2342,0.92313756405203,0.8063991050204622
Bearing3_1,2343,0.9235317303902246,0.9383851446188423
Bearing3_1,2344,0.9239258967284194,1.0671981762138165
Bearing3_1,2345,0.9243200630666141,1.1805897318418546
Bearing3_1,2346,0.9247142294048089,1.2697913092110336
Bearing3_1,2347,0.9251083957430035,1.3318078494541938
Bearing3_1,2348,0.9255025620811983,1.423999972160956
Bearing3_1,2349,0.925896728419393,1.5196175631626927
Bearing3_1,2350,0.9262908947575877,1.57025237230193
Bearing3_1,2351,0.9266850610957824,1.6534776971464056
Bearing3_1,2352,0.9270792274339772,1.7275849509700252
Bearing3_1,2353,0.9274733937721719,1.7872874875391194
Bearing3_1,2354,0.9278675601103665,1.8099072128590223
Bearing3_1,2355,0.9282617264485613,1.8185826539863932
Bearing3_1,2356,0.928655892786756,1.8619780904360197
Bearing3_1,2357,0.9290500591249508,1.9018838049011204
Bearing3_1,2358,0.9294442254631454,1.9161419686865462
Bearing3_1,2359,0.9298383918013402,1.9449552876803247
Bearing3_1,2360,0.9302325581395349,1.9703676935142773
Bearing3_1,2361,0.9306267244777296,1.9966123209146283
Bearing3_1,2362,0.9310208908159243,2.020649497602547
Bearing3_1,2363,0.931415057154119,2.055050369010492
Bearing3_1,2364,0.9318092234923138,2.1192714532283716
Bearing3_1,2365,0.9322033898305084,2.1599870070908285
Bearing3_1,2366,0.9325975561687032,2.163942176359281
Bearing3_1,2367,0.9329917225068979,2.1872192322659862
Bearing3_1,2368,0.9333858888450927,2.1817260477944513
Bearing3_1,2369,0.9337800551832873,2.2032784628864177
Bearing3_1,2370,0.9341742215214821,2.2264367589250345
Bearing3_1,2371,0.9345683878596768,2.241208476538775
Bearing3_1,2372,0.9349625541978716,2.257279794328591
Bearing3_1,2373,0.9353567205360662,2.2383230271563876
Bearing3_1,2374,0.9357508868742609,2.251614828187079
Bearing3_1,2375,0.9361450532124557,2.2958459340180295
Bearing3_1,2376,0.9365392195506503,2.3344914125492693
Bearing3_1,2377,0.9369333858888451,2.369919568921388
Bearing3_1,2378,0.9373275522270398,2.420777729478765
Bearing3_1,2379,0.9377217185652346,2.474422192832802
Bearing3_1,2380,0.9381158849034292,2.5332853917694407
Bearing3_1,2381,0.938510051241624,2.5812513444230416
Bearing3_1,2382,0.9389042175798187,2.6646499201438747
Bearing3_1,2383,0.9392983839180133,2.758470414998718
Bearing3_1,2384,0.9396925502562081,2.8273640255694774
Bearing3_1,2385,0.9400867165944028,2.880020911675153
Bearing3_1,2386,0.9404808829325976,2.976055087297265
Bearing3_1,2387,0.9408750492707922,3.0468130004871283
Bearing3_1,2388,0.941269215608987,3.132202140306589
Bearing3_1,2389,0.9416633819471817,3.1702865459586036
Bearing3_1,2390,0.9420575482853765,3.241968234656832
Bearing3_1,2391,0.9424517146235711,3.304912864216149
Bearing3_1,2392,0.9428458809617659,3.338400539557855
Bearing3_1,2393,0.9432400472999606,3.402807347243595
Bearing3_1,2394,0.9436342136381553,3.431746770164762
Bearing3_1,2395,0.94402837997635,3.5074906959365
Bearing3_1,2396,0.9444225463145447,3.515474458543827
Bearing3_1,2397,0.9448167126527395,3.5503162254325225
Bearing3_1,2398,0.9452108789909341,3.6562743661254884
Bearing3_1,2399,0.9456050453291289,3.687073179950727
Bearing3_1,2400,0.9459992116673236,3.7193169079869213
Bearing3_1,2401,0.9463933780055184,3.740946766485412
Bearing3_1,2402,0.946787544343713,3.7977987054134585
Bearing3_1,2403,0.9471817106819078,3.8229367662892964
Bearing3_1,2404,0.9475758770201025,3.8581482555331617
Bearing3_1,2405,0.9479700433582972,3.8685587637712695
Bearing3_1,2406,0.9483642096964919,3.896558699851199
Bearing3_1,2407,0.9487583760346866,3.955810075693924
Bearing3_1,2408,0.9491525423728814,3.9570654296396603
Bearing3_1,2409,0.949546708711076,4.019092212081669
Bearing3_1,2410,0.9499408750492708,4.088752753358284
Bearing3_1,2411,0.9503350413874655,4.1511965706322815
Bearing3_1,2412,0.9507292077256603,4.185512754276223
Bearing3_1,2413,0.9511233740638549,4.254001243869171
Bearing3_1,2414,0.9515175404020496,4.347630787776699
Bearing3_1,2415,0.9519117067402444,4.438597349571735
Bearing3_1,2416,0.9523058730784391,4.553566703153985
Bearing3_1,2417,0.9527000394166338,4.654840322560263
Bearing3_1,2418,0.9530942057548285,4.782886784047165
Bearing3_1,2419,0.9534883720930233,4.937817102030162
Bearing3_1,2420,0.953882538431218,5.0359999697429405
Bearing3_1,2421,0.9542767047694127,5.140076125560532
Bearing3_1,2422,0.9546708711076074,5.297558845136033
Bearing3_1,2423,0.9550650374458022,5.4535317539771695
Bearing3_1,2424,0.9554592037839968,5.6189340901524165
Bearing3_1,2425,0.9558533701221915,5.7787038020480646
Bearing3_1,2426,0.9562475364603863,5.9285049061711375
Bearing3_1,2427,0.956641702798581,6.023302900290029
Bearing3_1,2428,0.9570358691367757,6.117887203416212
Bearing3_1,2429,0.9574300354749704,6.200980169674823
Bearing3_1,2430,0.9578242018131652,6.322894048242583
Bearing3_1,2431,0.9582183681513599,6.500381359932275
Bearing3_1,2432,0.9586125344895546,6.62737307341354
Bearing3_1,2433,0.9590067008277493,6.732842294418089
Bearing3_1,2434,0.9594008671659441,6.794167805501734
Bearing3_1,2435,0.9597950335041388,6.871900067700496
Bearing3_1,2436,0.9601891998423334,6.918528738148302
Bearing3_1,2437,0.9605833661805282,6.975012442876408
Bearing3_1,2438,0.9609775325187229,7.027176398196585
Bearing3_1,2439,0.9613716988569176,7.122033831485626
Bearing3_1,2440,0.9617658651951123,7.1753353565325355
Bearing3_1,2441,0.9621600315333071,7.171558654105235
Bearing3_1,2442,0.9625541978715018,7.23187952400789
Bearing3_1,2443,0.9629483642096965,7.302726281284978
Bearing3_1,2444,0.9633425305478912,7.41430890085263
Bearing3_1,2445,0.9637366968860859,7.481527699593198
Bearing3_1,2446,0.9641308632242807,7.621768258984604
Bearing3_1,2447,0.9645250295624753,7.748622440118156
Bearing3_1,2448,0.9649191959006701,7.854235409016802
Bearing3_1,2449,0.9653133622388648,7.943343209692702
Bearing3_1,2450,0.9657075285770595,8.0667501799974
Bearing3_1,2451,0.9661016949152542,8.259565341776161
Bearing3_1,2452,0.966495861253449,8.367830410696829
Bearing3_1,2453,0.9668900275916437,8.4949342092856
Bearing3_1,2454,0.9672841939298384,8.604856094600226
Bearing3_1,2455,0.9676783602680331,8.768718027757796
Bearing3_1,2456,0.9680725266062278,8.895137014732533
Bearing3_1,2457,0.9684666929444226,9.032555051638942
Bearing3_1,2458,0.9688608592826172,9.219200362596329
Bearing3_1,2459,0.969255025620812,9.360564060011592
Bearing3_1,2460,0.9696491919590067,9.506644561193678
Bearing3_1,2461,0.9700433582972015,9.614239400533878
Bearing3_1,2462,0.9704375246353961,9.775393013979741
Bearing3_1,2463,0.9708316909735909,10.017230069207239
Bearing3_1,2464,0.9712258573117856,10.574724017355333
Bearing3_1,2465,0.9716200236499803,11.152896297980098
Bearing3_1,2466,0.972014189988175,11.729677826440708
Bearing3_1,2467,0.9724083563263697,12.323141253069739
Bearing3_1,2468,0.9728025226645645,12.919727133347129
Bearing3_1,2469,0.9731966890027591,13.485429476550772
Bearing3_1,2470,0.9735908553409539,14.100002606606065
Bearing3_1,2471,0.9739850216791486,14.693350869479412
Bearing3_1,2472,0.9743791880173434,15.263592241304499
Bearing3_1,2473,0.974773354355538,15.716635594157598
Bearing3_1,2474,0.9751675206937328,15.908724695165258
Bearing3_1,2475,0.9755616870319275,16.04067700705435
Bearing3_1,2476,0.9759558533701221,16.20523974403745
Bearing3_1,2477,0.9763500197083169,16.350541801073057
Bearing3_1,2478,0.9767441860465116,16.47358423135318
Bearing3_1,2479,0.9771383523847064,16.670724420617397
Bearing3_1,2480,0.977532518722901,16.74136220788337
Bearing3_1,2481,0.9779266850610958,16.892672128132524
Bearing3_1,2482,0.9783208513992905,17.050497403627226
Bearing3_1,2483,0.9787150177374853,17.21624474637754
Bearing3_1,2484,0.9791091840756799,17.35606263621254
Bearing3_1,2485,0.9795033504138747,17.575409332479854
Bearing3_1,2486,0.9798975167520694,17.756984903756447
Bearing3_1,2487,0.980291683090264,17.95990122220025
Bearing3_1,2488,0.9806858494284588,18.122005674832504
Bearing3_1,2489,0.9810800157666535,18.3090617195692
Bearing3_1,2490,0.9814741821048483,18.565481873480056
Bearing3_1,2491,0.9818683484430429,18.752142600930203
Bearing3_1,2492,0.9822625147812377,18.912542173221404
Bearing3_1,2493,0.9826566811194324,19.195433297896404
Bearing3_1,2494,0.9830508474576272,19.38297181582886
Bearing3_1,2495,0.9834450137958218,19.5090140521936
Bearing3_1,2496,0.9838391801340165,19.647913512968056
Bearing3_1,2497,0.9842333464722113,19.765772322466482
Bearing3_1,2498,0.984627512810406,19.89652872558221
Bearing3_1,2499,0.9850216791486007,19.980351262923662
Bearing3_1,2500,0.9854158454867954,20.07263146186065
Bearing3_1,2501,0.9858100118249902,20.143039861064512
Bearing3_1,2502,0.9862041781631848,20.305200901545422
Bearing3_1,2503,0.9865983445013796,20.394383705990073
Bearing3_1,2504,0.9869925108395743,20.543489280347664
Bearing3_1,2505,0.9873866771777691,20.70897168960618
Bearing3_1,2506,0.9877808435159637,20.863136997047654
Bearing3_1,2507,0.9881750098541584,21.067742989640813
Bearing3_1,2508,0.9885691761923532,21.258633685778026
Bearing3_1,2509,0.9889633425305479,21.444174555309793
Bearing3_1,2510,0.9893575088687426,21.642003689952503
Bearing3_1,2511,0.9897516752069373,21.84665763503633
Bearing3_1,2512,0.9901458415451321,22.016942349631343
Bearing3_1,2513,0.9905400078833267,22.140878520477372
Bearing3_1,2514,0.9909341742215215,22.293972324887743
Bearing3_1,2515,0.9913283405597162,22.434109014582116
Bearing3_1,2516,0.991722506897911,22.602581439044933
Bearing3_1,2517,0.9921166732361056,22.733605595906198
Bearing3_1,2518,0.9925108395743003,22.9912202816266
Bearing3_1,2519,0.9929050059124951,23.251763648678512
Bearing3_1,2520,0.9932991722506898,23.49046497307573
Bearing3_1,2521,0.9936933385888845,23.76420764809847
Bearing3_1,2522,0.9940875049270792,23.993476976151587
Bearing3_1,2523,0.994481671265274,24.30719107067956
Bearing3_1,2524,0.9948758376034686,24.732272730306782
Bearing3_1,2525,0.9952700039416634,25.194090740571678
Bearing3_1,2526,0.9956641702798581,25.449600824507055
Bearing3_1,2527,0.9960583366180528,25.512930035506283
Bearing3_1,2528,0.9964525029562475,25.70361939639513
Bearing3_1,2529,0.9968466692944422,25.895083780738453
Bearing3_1,2530,0.997240835632637,26.13734190569145
Bearing3_1,2531,0.9976350019708317,26.526444220365754
Bearing3_1,2532,0.9980291683090264,26.91632581634456
Bearing3_1,2533,0.9984233346472211,27.24567912266877
Bearing3_1,2534,0.9988175009854159,27.490886073474883
Bearing3_1,2535,0.9992116673236106,27.70849362702028
Bearing3_1,2536,0.9996058336618053,28.313260772885407
Bearing3_1,2537,1.0,29.047685604791763
Bearing3_2,0,0.0,
Bearing3_2,1,0.0004008016032064128,
Bearing3_2,2,0.0008016032064128256,
Bearing3_2,3,0.0012024048096192384,
Bearing3_2,4,0.0016032064128256513,
Bearing3_2,5,0.002004008016032064,
Bearing3_2,6,0.002404809619238477,
Bearing3_2,7,0.0028056112224448897,
Bearing3_2,8,0.0032064128256513026,
Bearing3_2,9,0.0036072144288577155,
Bearing3_2,10,0.004008016032064128,
Bearing3_2,11,0.004408817635270541,
Bearing3_2,12,0.004809619238476954,
Bearing3_2,13,0.0052104208416833666,
Bearing3_2,14,0.0056112224448897794,
Bearing3_2,15,0.006012024048096192,2.205449282954113
Bearing3_2,16,0.006412825651302605,1.2593117736071757
Bearing3_2,17,0.006813627254509018,1.5056286138665094
Bearing3_2,18,0.007214428857715431,0.9976181970820055
Bearing3_2,19,0.007615230460921844,0.8613184536745063
Bearing3_2,20,0.008016032064128256,0.8509494938203326
Bearing3_2,21,0.008416833667334669,0.9172633875209864
Bearing3_2,22,0.008817635270541082,1.1267380242984106
Bearing3_2,23,0.009218436873747494,1.1370240394340583
Bearing3_2,24,0.009619238476953907,1.3445779747861977
Bearing3_2,25,0.01002004008016032,1.2036418440267946
Bearing3_2,26,0.010420841683366733,1.3382048894325425
Bearing3_2,27,0.010821643286573146,1.3445192377713262
Bearing3_2,28,0.011222444889779559,1.6159029842735504
Bearing3_2,29,0.011623246492985972,1.7907590389264492
Bearing3_2,30,0.012024048096192385,1.906174658875313
Bearing3_2,31,0.012424849699398798,1.9932529270375803
Bearing3_2,32,0.01282565130260521,2.1188060607197454
Bearing3_2,33,0.013226452905811623,2.5183990273626975
Bearing3_2,34,0.013627254509018036,2.583201502244904
Bearing3_2,35,0.014028056112224449,2.831335009878399
Bearing3_2,36,0.014428857715430862,2.8292117735342197
Bearing3_2,37,0.014829659318637275,2.8649279560739638
Bearing3_2,38,0.015230460921843688,2.8804797247376075
Bearing3_2,39,0.0156312625250501,2.904463323441459
Bearing3_2,40,0.01603206412825651,3.0135075461118896
Bearing3_2,41,0.016432865731462926,3.047956100281392
Bearing3_2,42,0.016833667334669337,3.1047041797739356
Bearing3_2,43,0.017234468937875752,2.8240363955156886
Bearing3_2,44,0.017635270541082163,2.726608762177404
Bearing3_2,45,0.018036072144288578,2.6795821752903004
Bearing3_2,46,0.01843687374749499,2.8589136352234563
Bearing3_2,47,0.018837675350701404,2.9448329218759994
Bearing3_2,48,0.019238476953907815,3.002284580998387
Bearing3_2,49,0.01963927855711423,3.163778820956004
Bearing3_2,50,0.02004008016032064,3.323764538424361
Bearing3_2,51,0.020440881763527055,3.7285446672233724
Bearing3_2,52,0.020841683366733466,3.8796021636168576
Bearing3_2,53,0.02124248496993988,4.314229547207137
Bearing3_2,54,0.021643286573146292,4.632860738421822
Bearing3_2,55,0.022044088176352707,4.789576669898092
Bearing3_2,56,0.022444889779559118,4.871355072942598
Bearing3_2,57,0.022845691382765532,5.237318323977172
Bearing3_2,58,0.023246492985971944,5.442709331475048
Bearing3_2,59,0.023647294589178358,5.889024560180164
Bearing3_2,60,0.02404809619238477,6.064393876561616
Bearing3_2,61,0.024448897795591184,5.792960557253267
Bearing3_2,62,0.024849699398797595,5.965995751963429
Bearing3_2,63,0.02525050100200401,5.823267313802129
Bearing3_2,64,0.02565130260521042,5.851596312475744
Bearing3_2,65,0.026052104208416832,6.34334354235922
Bearing3_2,66,0.026452905811623247,6.394632940715425
Bearing3_2,67,0.026853707414829658,6.115352490202338
Bearing3_2,68,0.027254509018036072,6.302278982008948
Bearing3_2,69,0.027655310621242483,6.188449454925743
Bearing3_2,70,0.028056112224448898,6.203956074352265
Bearing3_2,71,0.02845691382765531,6.608154285570937
Bearing3_2,72,0.028857715430861724,6.498850870451939
Bearing3_2,73,0.029258517034068135,6.894080622556308
Bearing3_2,74,0.02965931863727455,6.887145332100621
Bearing3_2,75,0.03006012024048096,6.906524786007293
Bearing3_2,76,0.030460921843687375,7.326080829349363
Bearing3_2,77,0.030861723446893786,7.623706391701873
Bearing3_2,78,0.0312625250501002,7.6596289882596125
Bearing3_2,79,0.031663326653306616,7.739126195411383
Bearing3_2,80,0.03206412825651302,7.7119327477274995
Bearing3_2,81,0.03246492985971944,7.824018302415745
Bearing3_2,82,0.03286573146292585,7.925392514133972
Bearing3_2,83,0.03326653306613227,8.13024401012733
Bearing3_2,84,0.033667334669338675,8.505505719931573
Bearing3_2,85,0.03406813627254509,8.839626977470687
Bearing3_2,86,0.034468937875751504,8.963201209994082
Bearing3_2,87,0.03486973947895792,9.321326961471907
Bearing3_2,88,0.035270541082164326,9.662825188350833
Bearing3_2,89,0.03567134268537074,9.772066440339522
Bearing3_2,90,0.036072144288577156,9.96871496292225
Bearing3_2,91,0.03647294589178357,9.887849162081066
Bearing3_2,92,0.03687374749498998,9.793710652083728
Bearing3_2,93,0.03727454909819639,9.402471556856193
Bearing3_2,94,0.03767535070140281,9.148073792797042
Bearing3_2,95,0.03807615230460922,8.489007763327596
Bearing3_2,96,0.03847695390781563,8.10006290077109
Bearing3_2,97,0.038877755511022044,7.763153617657418
Bearing3_2,98,0.03927855711422846,7.178885718676436
Bearing3_2,99,0.039679358717434866,6.614235572929533
Bearing3_2,100,0.04008016032064128,6.220194959355455
Bearing3_2,101,0.040480961923847696,5.893572682137275
Bearing3_2,102,0.04088176352705411,5.554019074617402
Bearing3_2,103,0.04128256513026052,5.209552662087971
Bearing3_2,104,0.04168336673346693,4.750596747805689
Bearing3_2,105,0.04208416833667335,4.620039464649715
Bearing3_2,106,0.04248496993987976,4.437687721676871
Bearing3_2,107,0.04288577154308617,4.075881726979215
Bearing3_2,108,0.043286573146292584,4.079354924275684
Bearing3_2,109,0.043687374749499,4.158199815310288
Bearing3_2,110,0.04408817635270541,4.05810135459723
Bearing3_2,111,0.04448897795591182,4.038611315386624
Bearing3_2,112,0.044889779559118236,4.212175424741728
Bearing3_2,113,0.04529058116232465,4.2544880384253645
Bearing3_2,114,0.045691382765531065,4.696523713593459
Bearing3_2,115,0.04609218436873747,5.201434993538986
Bearing3_2,116,0.04649298597194389,5.495296715496387
Bearing3_2,117,0.0468937875751503,5.568073843737029
Bearing3_2,118,0.047294589178356716,5.7666061958612875
Bearing3_2,119,0.047695390781563124,5.9873955635235045
Bearing3_2,120,0.04809619238476954,6.234720882925654
Bearing3_2,121,0.04849699398797595,6.10913747859954
Bearing3_2,122,0.04889779559118237,5.988335545443659
Bearing3_2,123,0.049298597194388775,5.956498006420958
Bearing3_2,124,0.04969939879759519,5.771094410505651
Bearing3_2,125,0.050100200400801605,5.192895859158698
Bearing3_2,126,0.05050100200400802,4.819013742132585
Bearing3_2,127,0.05090180360721443,4.834738152326075
Bearing3_2,128,0.05130260521042084,4.754465122190939
Bearing3_2,129,0.051703406813627256,4.541948663904571
Bearing3_2,130,0.052104208416833664,4.337780457186697
Bearing3_2,131,0.05250501002004008,4.475092708977408
Bearing3_2,132,0.05290581162324649,4.465579174710831
Bearing3_2,133,0.05330661322645291,4.480902206940689
Bearing3_2,134,0.053707414829659315,4.268050082972749
Bearing3_2,135,0.05410821643286573,4.269072865165402
Bearing3_2,136,0.054509018036072145,4.205716521516658
Bearing3_2,137,0.05490981963927856,4.0430989496060254
Bearing3_2,138,0.05531062124248497,3.8075458497599826
Bearing3_2,139,0.05571142284569138,3.792394828845463
Bearing3_2,140,0.056112224448897796,3.95160278386212
Bearing3_2,141,0.05651302605210421,3.8756577338290112
Bearing3_2,142,0.05691382765531062,4.1761318296080505
Bearing3_2,143,0.05731462925851703,4.142765851455621
Bearing3_2,144,0.05771543086172345,4.336633141665199
Bearing3_2,145,0.05811623246492986,4.2431160728762745
Bearing3_2,146,0.05851703406813627,4.3632185154098995
Bearing3_2,147,0.058917835671342685,4.638650076668773
Bearing3_2,148,0.0593186372745491,4.9175260893121635
Bearing3_2,149,0.059719438877755514,4.788312626112978
Bearing3_2,150,0.06012024048096192,4.608498215329553
Bearing3_2,151,0.060521042084168336,4.764828132245116
Bearing3_2,152,0.06092184368737475,4.664715848816006
Bearing3_2,153,0.061322645290581165,5.1155361474124135
Bearing3_2,154,0.06172344689378757,5.2164065963562845
Bearing3_2,155,0.06212424849699399,5.361509814434834
Bearing3_2,156,0.0625250501002004,5.482300242077384
Bearing3_2,157,0.06292585170340681,5.454498742074499
Bearing3_2,158,0.06332665330661323,5.369126520176731
Bearing3_2,159,0.06372745490981964,5.8981796975357295
Bearing3_2,160,0.06412825651302605,6.2809878501775085
Bearing3_2,161,0.06452905811623247,6.4302250562899586
Bearing3_2,162,0.06492985971943888,6.682772811856341
Bearing3_2,163,0.06533066132264528,6.440751727686153
Bearing3_2,164,0.0657314629258517,6.512666854466995
Bearing3_2,165,0.06613226452905811,6.829982690336098
Bearing3_2,166,0.06653306613226453,7.036975919385078
Bearing3_2,167,0.06693386773547094,7.196502932880779
Bearing3_2,168,0.06733466933867735,7.858191234415204
Bearing3_2,169,0.06773547094188377,8.296013566183854
Bearing3_2,170,0.06813627254509018,8.579242907258338
Bearing3_2,171,0.06853707414829659,8.999565223927599
Bearing3_2,172,0.06893787575150301,9.084063125116877
Bearing3_2,173,0.06933867735470942,9.318365624236046
Bearing3_2,174,0.06973947895791584,9.664937789460986
Bearing3_2,175,0.07014028056112225,9.803418086610463
Bearing3_2,176,0.07054108216432865,9.798619604734053
Bearing3_2,177,0.07094188376753507,10.005444302974416
Bearing3_2,178,0.07134268537074148,9.799978261238731
Bearing3_2,179,0.07174348697394789,9.319558979650175
Bearing3_2,180,0.07214428857715431,8.961828673597296
Bearing3_2,181,0.07254509018036072,8.497686817332719
Bearing3_2,182,0.07294589178356714,8.081074326279591
Bearing3_2,183,0.07334669338677355,7.716127659958497
Bearing3_2,184,0.07374749498997996,7.272072787222673
Bearing3_2,185,0.07414829659318638,6.810841338392845
Bearing3_2,186,0.07454909819639279,6.402792207608473
Bearing3_2,187,0.07494989979959919,6.1123635094922815
Bearing3_2,188,0.07535070140280561,5.51088758021322
Bearing3_2,189,0.07575150300601202,5.143487037083199
Bearing3_2,190,0.07615230460921844,4.917227478084777
Bearing3_2,191,0.07655310621242485,4.913105422289204
Bearing3_2,192,0.07695390781563126,5.015771327596615
Bearing3_2,193,0.07735470941883768,4.992387366803478
Bearing3_2,194,0.07775551102204409,4.775186351476916
Bearing3_2,195,0.0781563126252505,4.918971601038622
Bearing3_2,196,0.07855711422845692,5.072519393881047
Bearing3_2,197,0.07895791583166333,4.965942399591997
Bearing3_2,198,0.07935871743486973,5.141399580676778
Bearing3_2,199,0.07975951903807615,5.345838605065599
Bearing3_2,200,0.08016032064128256,5.394310360736336
Bearing3_2,201,0.08056112224448898,5.206779112350977
Bearing3_2,202,0.08096192384769539,5.297642890954752
Bearing3_2,203,0.0813627254509018,5.594772680078767
Bearing3_2,204,0.08176352705410822,5.871253644418756
Bearing3_2,205,0.08216432865731463,5.626227358795797
Bearing3_2,206,0.08256513026052104,5.6529563127239015
Bearing3_2,207,0.08296593186372746,5.574315785559177
Bearing3_2,208,0.08336673346693386,5.330126160903016
Bearing3_2,209,0.08376753507014029,5.146595931161525
Bearing3_2,210,0.0841683366733467,5.125261889564298
Bearing3_2,211,0.0845691382765531,5.1893517556234015
Bearing3_2,212,0.08496993987975952,4.847495134087945
Bearing3_2,213,0.08537074148296593,4.540704546554517
Bearing3_2,214,0.08577154308617234,4.570974039878471
Bearing3_2,215,0.08617234468937876,4.7620575136892285
Bearing3_2,216,0.08657314629258517,4.520150447370474
Bearing3_2,217,0.08697394789579159,4.449990939206899
Bearing3_2,218,0.087374749498998,4.520274922068457
Bearing3_2,219,0.0877755511022044,4.531187137955919
Bearing3_2,220,0.08817635270541083,4.442457716190591
Bearing3_2,221,0.08857715430861723,4.428298670594069
Bearing3_2,222,0.08897795591182364,4.419958109261357
Bearing3_2,223,0.08937875751503006,4.337706107094577
Bearing3_2,224,0.08977955911823647,3.9492982142511814
Bearing3_2,225,0.09018036072144289,3.711119725945396
Bearing3_2,226,0.0905811623246493,3.7516022172879024
Bearing3_2,227,0.09098196392785571,4.018632061543046
Bearing3_2,228,0.09138276553106213,3.871136132040391
Bearing3_2,229,0.09178356713426854,3.9123364159770957
Bearing3_2,230,0.09218436873747494,3.8568255900979502
Bearing3_2,231,0.09258517034068137,3.6840001470872776
Bearing3_2,232,0.09298597194388777,3.7006373703054214
Bearing3_2,233,0.09338677354709418,3.748714564158804
Bearing3_2,234,0.0937875751503006,3.885979263506358
Bearing3_2,235,0.09418837675350701,4.064230921764585
Bearing3_2,236,0.09458917835671343,4.093059173974306
Bearing3_2,237,0.09498997995991984,3.922957798319061
Bearing3_2,238,0.09539078156312625,4.016212575049467
Bearing3_2,239,0.09579158316633267,4.016430272724522
Bearing3_2,240,0.09619238476953908,4.032608993847131
Bearing3_2,241,0.09659318637274548,3.9310698161441073
Bearing3_2,242,0.0969939879759519,3.889803705428478
Bearing3_2,243,0.09739478957915831,3.8734335855435886
Bearing3_2,244,0.09779559118236474,3.725888078617259
Bearing3_2,245,0.09819639278557114,3.6391591889191846
Bearing3_2,246,0.09859719438877755,3.7026208016568005
Bearing3_2,247,0.09899799599198397,3.7134676815050254
Bearing3_2,248,0.09939879759519038,3.710865058349642
Bearing3_2,249,0.09979959919839679,3.661104928592775
Bearing3_2,250,0.10020040080160321,3.718095256646307
Bearing3_2,251,0.10060120240480962,3.7924906591019196
Bearing3_2,252,0.10100200400801604,3.8430189967737767
Bearing3_2,253,0.10140280561122245,3.8142357582147226
Bearing3_2,254,0.10180360721442885,3.8435165804722615
Bearing3_2,255,0.10220440881763528,3.8001215506835613
Bearing3_2,256,0.10260521042084168,3.67155285128443
Bearing3_2,257,0.10300601202404809,3.411363793549959
Bearing3_2,258,0.10340681362725451,3.428486761287896
Bearing3_2,259,0.10380761523046092,3.6733383261941817
Bearing3_2,260,0.10420841683366733,3.5939911276008667
Bearing3_2,261,0.10460921843687375,3.76187844985141
Bearing3_2,262,0.10501002004008016,3.8411773914757097
Bearing3_2,263,0.10541082164328658,3.838391071886117
Bearing3_2,264,0.10581162324649299,3.876517861242257
Bearing3_2,265,0.1062124248496994,4.051518904858572
Bearing3_2,266,0.10661322645290582,4.183463864375744
Bearing3_2,267,0.10701402805611222,4.385174636527767
Bearing3_2,268,0.10741482965931863,4.324733782120089
Bearing3_2,269,0.10781563126252505,3.960450404884957
Bearing3_2,270,0.10821643286573146,3.972750689573276
Bearing3_2,271,0.10861723446893788,3.7981647143834225
Bearing3_2,272,0.10901803607214429,3.761994383092072
Bearing3_2,273,0.1094188376753507,3.8491374227803803
Bearing3_2,274,0.10981963927855712,3.831520970471664
Bearing3_2,275,0.11022044088176353,3.7960640824158802
Bearing3_2,276,0.11062124248496993,3.736709730093339
Bearing3_2,277,0.11102204408817636,3.8948080815417803
Bearing3_2,278,0.11142284569138276,3.973119496193445
Bearing3_2,279,0.11182364729458918,4.008210171280273
Bearing3_2,280,0.11222444889779559,4.076053745646817
Bearing3_2,281,0.112625250501002,4.228530766823473
Bearing3_2,282,0.11302605210420842,4.299546479796125
Bearing3_2,283,0.11342685370741483,4.187767748045753
Bearing3_2,284,0.11382765531062124,4.2609270590919355
Bearing3_2,285,0.11422845691382766,4.197996206447531
Bearing3_2,286,0.11462925851703407,4.22312086606308
Bearing3_2,287,0.11503006012024049,4.019656398507053
Bearing3_2,288,0.1154308617234469,4.109037429025051
Bearing3_2,289,0.1158316633266533,4.094678073436464
Bearing3_2,290,0.11623246492985972,4.132251114983152
Bearing3_2,291,0.11663326653306613,3.947936757430709
Bearing3_2,292,0.11703406813627254,3.862919103242607
Bearing3_2,293,0.11743486973947896,3.958947275327232
Bearing3_2,294,0.11783567134268537,4.096885950556579
Bearing3_2,295,0.11823647294589178,4.204459454726951
Bearing3_2,296,0.1186372745490982,4.1644419794782745
Bearing3_2,297,0.1190380761523046,4.295603196480148
Bearing3_2,298,0.11943887775551103,4.10264630604655
Bearing3_2,299,0.11983967935871744,4.1197150408127365
Bearing3_2,300,0.12024048096192384,4.130158480713311
Bearing3_2,301,0.12064128256513026,4.157109264766804
Bearing3_2,302,0.12104208416833667,4.0793299680847595
Bearing3_2,303,0.12144288577154308,3.9398608855537978
Bearing3_2,304,0.1218436873747495,3.760461511219982
Bearing3_2,305,0.12224448897795591,3.633311858568257
Bearing3_2,306,0.12264529058116233,3.636079189202139
Bearing3_2,307,0.12304609218436874,3.4736006360994907
Bearing3_2,308,0.12344689378757515,3.5320744917721187
Bearing3_2,309,0.12384769539078157,3.4904655654389636
Bearing3_2,310,0.12424849699398798,3.3504450074424397
Bearing3_2,311,0.12464929859719438,3.3146996112831872
Bearing3_2,312,0.1250501002004008,3.545988895734999
Bearing3_2,313,0.1254509018036072,3.767836509096882
Bearing3_2,314,0.12585170340681362,3.6873327598065395
Bearing3_2,315,0.12625250501002003,3.5138317889278534
Bearing3_2,316,0.12665330661322646,3.5986977820349644
Bearing3_2,317,0.12705410821643287,3.6259994567911504
Bearing3_2,318,0.12745490981963928,3.582839992997586
Bearing3_2,319,0.12785571142284569,3.5357811631577585
Bearing3_2,320,0.1282565130260521,3.537066445292082
Bearing3_2,321,0.12865731462925853,3.485485795089624
Bearing3_2,322,0.12905811623246494,3.2377333338558216
Bearing3_2,323,0.12945891783567134,3.1398698117107693
Bearing3_2,324,0.12985971943887775,3.2600302435994806
Bearing3_2,325,0.13026052104208416,3.57251762351378
Bearing3_2,326,0.13066132264529057,3.8273472076381245
Bearing3_2,327,0.131062124248497,3.756311156555225
Bearing3_2,328,0.1314629258517034,3.7463363038171997
Bearing3_2,329,0.13186372745490982,3.9685605005818636
Bearing3_2,330,0.13226452905811623,4.292301721427646
Bearing3_2,331,0.13266533066132263,4.3230738498343815
Bearing3_2,332,0.13306613226452907,4.507562698150937
Bearing3_2,333,0.13346693386773548,4.346710095184069
Bearing3_2,334,0.13386773547094188,4.247566300410748
Bearing3_2,335,0.1342685370741483,4.226925775799534
Bearing3_2,336,0.1346693386773547,3.865666840958722
Bearing3_2,337,0.13507014028056114,4.122330110088734
Bearing3_2,338,0.13547094188376754,4.145502240003703
Bearing3_2,339,0.13587174348697395,4.000247004985486
Bearing3_2,340,0.13627254509018036,4.001250739875012
Bearing3_2,341,0.13667334669338677,4.200160170617919
Bearing3_2,342,0.13707414829659317,3.9619916419999717
Bearing3_2,343,0.1374749498997996,4.127398950708594
Bearing3_2,344,0.13787575150300602,4.0521366637362055
Bearing3_2,345,0.13827655310621242,4.016338685605115
Bearing3_2,346,0.13867735470941883,4.015966869178844
Bearing3_2,347,0.13907815631262524,3.881715551040277
Bearing3_2,348,0.13947895791583168,3.965275049877382
Bearing3_2,349,0.13987975951903808,4.002480622787142
Bearing3_2,350,0.1402805611222445,3.6306782081465707
Bearing3_2,351,0.1406813627254509,3.4461441921425924
Bearing3_2,352,0.1410821643286573,3.589493943118208
Bearing3_2,353,0.14148296593186374,3.474479260189414
Bearing3_2,354,0.14188376753507015,3.5645758268578094
Bearing3_2,355,0.14228456913827656,3.567812926131083
Bearing3_2,356,0.14268537074148296,3.606402754092104
Bearing3_2,357,0.14308617234468937,3.6348034806637877
Bearing3_2,358,0.14348697394789578,3.8159936354341206
Bearing3_2,359,0.14388777555110221,3.762466565320458
Bearing3_2,360,0.14428857715430862,3.844561628762142
Bearing3_2,361,0.14468937875751503,3.823473474282534
Bearing3_2,362,0.14509018036072144,3.8534449183697035
Bearing3_2,363,0.14549098196392785,3.7800412304865865
Bearing3_2,364,0.14589178356713428,3.771758199693218
Bearing3_2,365,0.1462925851703407,3.491010453163841
Bearing3_2,366,0.1466933867735471,3.458131950117931
Bearing3_2,367,0.1470941883767535,3.339339316300601
Bearing3_2,368,0.1474949899799599,3.0575283842393466
Bearing3_2,369,0.14789579158316632,3.1253204811797097
Bearing3_2,370,0.14829659318637275,3.284917610289713
Bearing3_2,371,0.14869739478957916,3.473979535425144
Bearing3_2,372,0.14909819639278557,3.541265697887924
Bearing3_2,373,0.14949899799599198,3.6787878594215875
Bearing3_2,374,0.14989979959919839,3.683817981076148
Bearing3_2,375,0.15030060120240482,3.794040813989496
Bearing3_2,376,0.15070140280561123,4.091057801351458
Bearing3_2,377,0.15110220440881764,4.247846927403788
Bearing3_2,378,0.15150300601202404,4.43833551437377
Bearing3_2,379,0.15190380761523045,4.644444918816676
Bearing3_2,380,0.1523046092184369,4.677852776503515
Bearing3_2,381,0.1527054108216433,5.111379721938432
Bearing3_2,382,0.1531062124248497,5.251925652256185
Bearing3_2,383,0.1535070140280561,5.476903885397016
Bearing3_2,384,0.15390781563126252,5.970984590296317
Bearing3_2,385,0.15430861723446893,6.238473268709984
Bearing3_2,386,0.15470941883767536,6.171244122222172
Bearing3_2,387,0.15511022044088177,6.289922300417268
Bearing3_2,388,0.15551102204408818,6.71488784563501
Bearing3_2,389,0.15591182364729458,6.921716510179121
Bearing3_2,390,0.156312625250501,7.236577294963652
Bearing3_2,391,0.15671342685370743,7.258793389103945
Bearing3_2,392,0.15711422845691383,7.695389889573738
Bearing3_2,393,0.15751503006012024,7.782136011645415
Bearing3_2,394,0.15791583166332665,7.985117823880744
Bearing3_2,395,0.15831663326653306,8.227964167856616
Bearing3_2,396,0.15871743486973947,8.196091204630061
Bearing3_2,397,0.1591182364729459,8.232791291985688
Bearing3_2,398,0.1595190380761523,8.051109819505367
Bearing3_2,399,0.15991983967935872,7.9733949846952585
Bearing3_2,400,0.16032064128256512,7.733230868111832
Bearing3_2,401,0.16072144288577153,7.697345941817565
Bearing3_2,402,0.16112224448897797,7.339961012078686
Bearing3_2,403,0.16152304609218437,7.402851312304854
Bearing3_2,404,0.16192384769539078,6.931418676004894
Bearing3_2,405,0.1623246492985972,6.749063005570764
Bearing3_2,406,0.1627254509018036,6.7152469948207685
Bearing3_2,407,0.16312625250501003,6.734759403260378
Bearing3_2,408,0.16352705410821644,6.5317251648959225
Bearing3_2,409,0.16392785571142285,6.4765054018566435
Bearing3_2,410,0.16432865731462926,6.413697218205021
Bearing3_2,411,0.16472945891783566,6.198991980916339
Bearing3_2,412,0.16513026052104207,6.065685754883477
Bearing3_2,413,0.1655310621242485,5.675689498329226
Bearing3_2,414,0.16593186372745491,5.61256132298167
Bearing3_2,415,0.16633266533066132,5.498171373572548
Bearing3_2,416,0.16673346693386773,5.6271758953920905
Bearing3_2,417,0.16713426853707414,5.510665492886696
Bearing3_2,418,0.16753507014028057,5.542452381259213
Bearing3_2,419,0.16793587174348698,5.36571616391288
Bearing3_2,420,0.1683366733466934,5.373335787564372
Bearing3_2,421,0.1687374749498998,5.305359614977755
Bearing3_2,422,0.1691382765531062,5.3134975941161295
Bearing3_2,423,0.1695390781563126,5.5629545055500484
Bearing3_2,424,0.16993987975951905,5.706550053640207
Bearing3_2,425,0.17034068136272545,5.809901921449207
Bearing3_2,426,0.17074148296593186,5.760706054693214
Bearing3_2,427,0.17114228456913827,5.938643375232504
Bearing3_2,428,0.17154308617234468,6.0829092990956255
Bearing3_2,429,0.1719438877755511,6.147942961971063
Bearing3_2,430,0.17234468937875752,6.185172752897929
Bearing3_2,431,0.17274549098196393,6.1810841655346005
Bearing3_2,432,0.17314629258517034,6.172129224658927
Bearing3_2,433,0.17354709418837674,6.335906144645301
Bearing3_2,434,0.17394789579158318,6.3973189213997355
Bearing3_2,435,0.1743486973947896,6.4077780880673245
Bearing3_2,436,0.174749498997996,6.46631350846331
Bearing3_2,437,0.1751503006012024,6.31617600680957
Bearing3_2,438,0.1755511022044088,6.125023305506758
Bearing3_2,439,0.17595190380761522,6.344856468974495
Bearing3_2,440,0.17635270541082165,6.397378643740607
Bearing3_2,441,0.17675350701402806,6.4496309686653435
Bearing3_2,442,0.17715430861723447,6.464796395204688
Bearing3_2,443,0.17755511022044088,6.426514775234381
Bearing3_2,444,0.17795591182364728,6.316688235386204
Bearing3_2,445,0.17835671342685372,6.312756198958542
Bearing3_2,446,0.17875751503006013,6.5336825052154435
Bearing3_2,447,0.17915831663326653,6.476396873052252
Bearing3_2,448,0.17955911823647294,6.600284585100594
Bearing3_2,449,0.17995991983967935,6.379547493279327
Bearing3_2,450,0.18036072144288579,6.171670264163169
Bearing3_2,451,0.1807615230460922,6.007011252679525
Bearing3_2,452,0.1811623246492986,6.105278932227317
Bearing3_2,453,0.181563126252505,6.009875749360477
Bearing3_2,454,0.18196392785571142,5.904063458528432
Bearing3_2,455,0.18236472945891782,5.708674587016023
Bearing3_2,456,0.18276553106212426,5.447975850190832
Bearing3_2,457,0.18316633266533067,5.588604229948865
Bearing3_2,458,0.18356713426853707,5.4877777471136024
Bearing3_2,459,0.18396793587174348,5.430318473886354
Bearing3_2,460,0.1843687374749499,5.5294898347760055
Bearing3_2,461,0.18476953907815633,5.624685839769711
Bearing3_2,462,0.18517034068136273,5.316713576908262
Bearing3_2,463,0.18557114228456914,5.418089815955494
Bearing3_2,464,0.18597194388777555,5.60814088684471
Bearing3_2,465,0.18637274549098196,5.847627612694858
Bearing3_2,466,0.18677354709418836,5.739239803181624
Bearing3_2,467,0.1871743486973948,5.634392384821251
Bearing3_2,468,0.1875751503006012,5.589843196997295
Bearing3_2,469,0.18797595190380761,5.656296958008882
Bearing3_2,470,0.18837675350701402,5.851713137286427
Bearing3_2,471,0.18877755511022043,5.857632804662455
Bearing3_2,472,0.18917835671342687,6.0031571518273354
Bearing3_2,473,0.18957915831663327,5.776867243176265
Bearing3_2,474,0.18997995991983968,5.619619746742954
Bearing3_2,475,0.1903807615230461,5.3110309194818015
Bearing3_2,476,0.1907815631262525,5.366538678491963
Bearing3_2,477,0.19118236472945893,5.351705247907132
Bearing3_2,478,0.19158316633266534,5.394760865850808
Bearing3_2,479,0.19198396793587175,5.32351539305681
Bearing3_2,480,0.19238476953907815,5.118244485842705
Bearing3_2,481,0.19278557114228456,5.029584638626881
Bearing3_2,482,0.19318637274549097,4.920811000163877
Bearing3_2,483,0.1935871743486974,4.923131107545892
Bearing3_2,484,0.1939879759519038,4.8214040538322305
Bearing3_2,485,0.19438877755511022,4.941227627538705
Bearing3_2,486,0.19478957915831663,4.99865487071438
Bearing3_2,487,0.19519038076152304,5.051266896865219
Bearing3_2,488,0.19559118236472947,5.09697589482763
Bearing3_2,489,0.19599198396793588,5.110356609732297
Bearing3_2,490,0.1963927855711423,5.037655575209279
Bearing3_2,491,0.1967935871743487,5.11915038108154
Bearing3_2,492,0.1971943887775551,5.4749558348094
Bearing3_2,493,0.1975951903807615,5.531915961626811
Bearing3_2,494,0.19799599198396794,5.731726274231278
Bearing3_2,495,0.19839679358717435,5.83812260043343
Bearing3_2,496,0.19879759519038076,5.817893876428783
Bearing3_2,497,0.19919839679358717,5.915269286013308
Bearing3_2,498,0.19959919839679358,6.059087064892286
Bearing3_2,499,0.2,6.1147130785666075
Bearing3_2,500,0.20040080160320642,6.045869110239804
Bearing3_2,501,0.20080160320641283,6.056866555839016
Bearing3_2,502,0.20120240480961923,5.905342419248891
Bearing3_2,503,0.20160320641282564,5.780974680591698
Bearing3_2,504,0.20200400801603208,5.814312533018946
Bearing3_2,505,0.20240480961923848,5.753242683005516
Bearing3_2,506,0.2028056112224449,5.735517966146088
Bearing3_2,507,0.2032064128256513,5.6015361824520316
Bearing3_2,508,0.2036072144288577,5.499861910188498
Bearing3_2,509,0.20400801603206412,5.4899047355452755
Bearing3_2,510,0.20440881763527055,5.818417040571916
Bearing3_2,511,0.20480961923847696,5.69788060968758
Bearing3_2,512,0.20521042084168337,5.622610219300533
Bearing3_2,513,0.20561122244488977,6.000698462614379
Bearing3_2,514,0.20601202404809618,6.097630670965882
Bearing3_2,515,0.20641282565130262,6.229505178327932
Bearing3_2,516,0.20681362725450902,6.172595782392131
Bearing3_2,517,0.20721442885771543,6.15099944297607
Bearing3_2,518,0.20761523046092184,6.1246715972787085
Bearing3_2,519,0.20801603206412825,6.007698525882096
Bearing3_2,520,0.20841683366733466,5.876998445316689
Bearing3_2,521,0.2088176352705411,6.010082548911868
Bearing3_2,522,0.2092184368737475,6.299121798059927
Bearing3_2,523,0.2096192384769539,6.130159171905615
Bearing3_2,524,0.21002004008016031,5.94393087196177
Bearing3_2,525,0.21042084168336672,5.787416585481995
Bearing3_2,526,0.21082164328657316,5.838272636670647
Bearing3_2,527,0.21122244488977956,5.972165175219866
Bearing3_2,528,0.21162324649298597,6.05604277759482
Bearing3_2,529,0.21202404809619238,6.175813031389678
Bearing3_2,530,0.2124248496993988,6.19795884034728
Bearing3_2,531,0.21282565130260522,6.099552525323489
Bearing3_2,532,0.21322645290581163,5.806440738667389
Bearing3_2,533,0.21362725450901804,5.6082046712621345
Bearing3_2,534,0.21402805611222445,5.637038304313353
Bearing3_2,535,0.21442885771543085,5.842554212643454
Bearing3_2,536,0.21482965931863726,5.9666757609681405
Bearing3_2,537,0.2152304609218437,5.881462724418563
Bearing3_2,538,0.2156312625250501,5.799705011031284
Bearing3_2,539,0.2160320641282565,5.811387670557866
Bearing3_2,540,0.21643286573146292,5.733658884610726
Bearing3_2,541,0.21683366733466933,5.804890401628237
Bearing3_2,542,0.21723446893787576,5.982457075017381
Bearing3_2,543,0.21763527054108217,6.069392747765756
Bearing3_2,544,0.21803607214428858,6.155665610258504
Bearing3_2,545,0.218436873747495,5.951488290064898
Bearing3_2,546,0.2188376753507014,5.980184115102973
Bearing3_2,547,0.21923847695390783,5.7744194798624715
Bearing3_2,548,0.21963927855711424,5.6361831171108845
Bearing3_2,549,0.22004008016032064,5.786509799964427
Bearing3_2,550,0.22044088176352705,5.823407745727824
Bearing3_2,551,0.22084168336673346,5.696811696346843
Bearing3_2,552,0.22124248496993987,5.634114861680789
Bearing3_2,553,0.2216432865731463,5.650397696914338
Bearing3_2,554,0.2220440881763527,5.708184443858572
Bearing3_2,555,0.22244488977955912,5.824505758907888
Bearing3_2,556,0.22284569138276553,5.62985506889747
Bearing3_2,557,0.22324649298597193,5.703155369649629
Bearing3_2,558,0.22364729458917837,5.654674666188533
Bearing3_2,559,0.22404809619238478,5.55428563100376
Bearing3_2,560,0.22444889779559118,5.638317340628067
Bearing3_2,561,0.2248496993987976,5.760896143052227
Bearing3_2,562,0.225250501002004,5.605677988473862
Bearing3_2,563,0.2256513026052104,5.467898794465269
Bearing3_2,564,0.22605210420841684,5.227928351416818
Bearing3_2,565,0.22645290581162325,5.014120228463385
Bearing3_2,566,0.22685370741482966,4.860127825011873
Bearing3_2,567,0.22725450901803607,4.830483377162546
Bearing3_2,568,0.22765531062124247,5.027098026076231
Bearing3_2,569,0.2280561122244489,4.82358938337262
Bearing3_2,570,0.22845691382765532,4.5770342238029915
Bearing3_2,571,0.22885771543086172,4.327951506318801
Bearing3_2,572,0.22925851703406813,4.386048464261522
Bearing3_2,573,0.22965931863727454,4.416797596378191
Bearing3_2,574,0.23006012024048098,4.472997804093023
Bearing3_2,575,0.23046092184368738,4.5080668992177015
Bearing3_2,576,0.2308617234468938,4.816759237121781
Bearing3_2,577,0.2312625250501002,4.794945162082394
Bearing3_2,578,0.2316633266533066,4.642664278359275
Bearing3_2,579,0.232064128256513,4.709087634110851
Bearing3_2,580,0.23246492985971945,4.863094070306502
Bearing3_2,581,0.23286573146292586,4.963947084869097
Bearing3_2,582,0.23326653306613226,4.793073841763106
Bearing3_2,583,0.23366733466933867,4.795362536793392
Bearing3_2,584,0.23406813627254508,4.7807886313406875
Bearing3_2,585,0.23446893787575152,4.743009711590821
Bearing3_2,586,0.23486973947895792,4.637963987777791
Bearing3_2,587,0.23527054108216433,4.637575853951328
Bearing3_2,588,0.23567134268537074,4.490849967862873
Bearing3_2,589,0.23607214428857715,4.464158955172061
Bearing3_2,590,0.23647294589178355,4.299252396343735
Bearing3_2,591,0.23687374749499,4.281445823766459
Bearing3_2,592,0.2372745490981964,4.345334600732532
Bearing3_2,593,0.2376753507014028,4.354123318361677
Bearing3_2,594,0.2380761523046092,4.597625815052898
Bearing3_2,595,0.23847695390781562,4.688549475687099
Bearing3_2,596,0.23887775551102206,4.712816268772427
Bearing3_2,597,0.23927855711422846,5.034130470441487
Bearing3_2,598,0.23967935871743487,5.493530417638013
Bearing3_2,599,0.24008016032064128,5.536499699370726
Bearing3_2,600,0.24048096192384769,5.55257687362113
Bearing3_2,601,0.24088176352705412,5.544772361830207
Bearing3_2,602,0.24128256513026053,5.62909631604559
Bearing3_2,603,0.24168336673346694,5.753388295034975
Bearing3_2,604,0.24208416833667334,5.649708889557699
Bearing3_2,605,0.24248496993987975,5.5289325363099975
Bearing3_2,606,0.24288577154308616,5.308888913119887
Bearing3_2,607,0.2432865731462926,5.091312007728105
Bearing3_2,608,0.243687374749499,4.803335831031171
Bearing3_2,609,0.2440881763527054,4.701001109992143
Bearing3_2,610,0.24448897795591182,4.793832492694061
Bearing3_2,611,0.24488977955911823,5.051899357094326
Bearing3_2,612,0.24529058116232466,5.062773566982383
Bearing3_2,613,0.24569138276553107,5.189527383825199
Bearing3_2,614,0.24609218436873748,4.852630354453496
Bearing3_2,615,0.24649298597194388,4.932773871562063
Bearing3_2,616,0.2468937875751503,4.970977711623506
Bearing3_2,617,0.2472945891783567,4.9737178099794175
Bearing3_2,618,0.24769539078156314,4.883694193767601
Bearing3_2,619,0.24809619238476954,5.048332398172506
Bearing3_2,620,0.24849699398797595,5.044308676383717
Bearing3_2,621,0.24889779559118236,4.842003310376873
Bearing3_2,622,0.24929859719438877,4.934888361585662
Bearing3_2,623,0.2496993987975952,4.76386461764687
Bearing3_2,624,0.2501002004008016,4.902819388181149
Bearing3_2,625,0.250501002004008,4.914449863075397
Bearing3_2,626,0.2509018036072144,4.986178978597133
Bearing3_2,627,0.25130260521042086,4.898121451589228
Bearing3_2,628,0.25170340681362724,4.982873165345436
Bearing3_2,629,0.2521042084168337,4.903229667706197
Bearing3_2,630,0.25250501002004005,5.1272433655604575
Bearing3_2,631,0.2529058116232465,5.141899564242212
Bearing3_2,632,0.2533066132264529,5.038428324366214
Bearing3_2,633,0.2537074148296593,5.018581729692146
Bearing3_2,634,0.25410821643286574,5.042243156146725
Bearing3_2,635,0.2545090180360721,5.159879787822119
Bearing3_2,636,0.25490981963927856,5.0314713599427385
Bearing3_2,637,0.255310621242485,5.00287855999275
Bearing3_2,638,0.25571142284569137,5.118233649267493
Bearing3_2,639,0.2561122244488978,5.0191156078861905
Bearing3_2,640,0.2565130260521042,4.704842626889232
Bearing3_2,641,0.2569138276553106,4.626161251251602
Bearing3_2,642,0.25731462925851706,4.437282882435977
Bearing3_2,643,0.25771543086172344,4.308893572934047
Bearing3_2,644,0.2581162324649299,4.265053752678705
Bearing3_2,645,0.25851703406813625,3.9668874711264928
Bearing3_2,646,0.2589178356713427,4.125068191048404
Bearing3_2,647,0.2593186372745491,4.071529989307431
Bearing3_2,648,0.2597194388777555,3.91230235562075
Bearing3_2,649,0.26012024048096194,4.067546672215432
Bearing3_2,650,0.2605210420841683,4.0644508095280125
Bearing3_2,651,0.26092184368737475,4.177732525546321
Bearing3_2,652,0.26132264529058113,4.280906355108936
Bearing3_2,653,0.26172344689378757,4.368667517258128
Bearing3_2,654,0.262124248496994,4.426895169422339
Bearing3_2,655,0.2625250501002004,4.4208370982302
Bearing3_2,656,0.2629258517034068,4.261337084476426
Bearing3_2,657,0.2633266533066132,4.361702953125123
Bearing3_2,658,0.26372745490981964,4.356513217066954
Bearing3_2,659,0.26412825651302607,4.095483636245727
Bearing3_2,660,0.26452905811623245,3.9778636688851385
Bearing3_2,661,0.2649298597194389,3.9452396581301405
Bearing3_2,662,0.26533066132264527,3.8248518880273985
Bearing3_2,663,0.2657314629258517,3.7384986633937394
Bearing3_2,664,0.26613226452905814,3.719341081377263
Bearing3_2,665,0.2665330661322645,3.8736595145421893
Bearing3_2,666,0.26693386773547095,3.9329816522801933
Bearing3_2,667,0.26733466933867733,4.057625244710017
Bearing3_2,668,0.26773547094188377,4.119182613188317
Bearing3_2,669,0.2681362725450902,4.37335917488101
Bearing3_2,670,0.2685370741482966,4.536467908816379
Bearing3_2,671,0.268937875751503,4.414985703019726
Bearing3_2,672,0.2693386773547094,4.4789367637117365
Bearing3_2,673,0.26973947895791583,4.532484933445756
Bearing3_2,674,0.27014028056112227,4.440475736422313
Bearing3_2,675,0.27054108216432865,4.443300893007654
Bearing3_2,676,0.2709418837675351,4.39620075827503
Bearing3_2,677,0.27134268537074147,4.312883112802991
Bearing3_2,678,0.2717434869739479,4.47106660644203
Bearing3_2,679,0.27214428857715434,4.346201910070219
Bearing3_2,680,0.2725450901803607,4.222722917171939
Bearing3_2,681,0.27294589178356715,4.200128930285397
Bearing3_2,682,0.27334669338677353,4.2382523015979015
Bearing3_2,683,0.27374749498997997,4.126531841897545
Bearing3_2,684,0.27414829659318635,4.061381132194365
Bearing3_2,685,0.2745490981963928,4.036345670778987
Bearing3_2,686,0.2749498997995992,4.232820360210581
Bearing3_2,687,0.2753507014028056,4.03469327838714
Bearing3_2,688,0.27575150300601203,3.7375019098304216
Bearing3_2,689,0.2761523046092184,3.7790107872236347
Bearing3_2,690,0.27655310621242485,3.8015539549640045
Bearing3_2,691,0.2769539078156313,3.7826673255875365
Bearing3_2,692,0.27735470941883766,3.694252037550817
Bearing3_2,693,0.2777555110220441,3.637033524405478
Bearing3_2,694,0.2781563126252505,3.6477010400538683
Bearing3_2,695,0.2785571142284569,3.6598987367007174
Bearing3_2,696,0.27895791583166335,3.4568589605081117
Bearing3_2,697,0.27935871743486973,3.4673679527222574
Bearing3_2,698,0.27975951903807617,3.4291697884680126
Bearing3_2,699,0.28016032064128255,3.495810427795899
Bearing3_2,700,0.280561122244489,3.4586527687463673
Bearing3_2,701,0.2809619238476954,3.6347602636268768
Bearing3_2,702,0.2813627254509018,3.5937798484721624
Bearing3_2,703,0.28176352705410823,3.7094067921310434
Bearing3_2,704,0.2821643286573146,3.672303829438256
Bearing3_2,705,0.28256513026052105,3.587839659481941
Bearing3_2,706,0.2829659318637275,3.529112089898721
Bearing3_2,707,0.28336673346693386,3.5435310227533554
Bearing3_2,708,0.2837675350701403,3.581144459368468
Bearing3_2,709,0.2841683366733467,3.3620732191414033
Bearing3_2,710,0.2845691382765531,3.4221895488276615
Bearing3_2,711,0.2849699398797595,3.4604290746525463
Bearing3_2,712,0.28537074148296593,3.366866370019187
Bearing3_2,713,0.28577154308617236,3.4929427980565975
Bearing3_2,714,0.28617234468937874,3.523142154828129
Bearing3_2,715,0.2865731462925852,3.630599141008125
Bearing3_2,716,0.28697394789579156,3.7094930435549003
Bearing3_2,717,0.287374749498998,3.934524121667542
Bearing3_2,718,0.28777555110220443,4.152887457706972
Bearing3_2,719,0.2881763527054108,4.407802364973207
Bearing3_2,720,0.28857715430861725,4.379579038687557
Bearing3_2,721,0.2889779559118236,4.46660473400156
Bearing3_2,722,0.28937875751503006,4.61231435685303
Bearing3_2,723,0.2897795591182365,4.429587750741816
Bearing3_2,724,0.2901803607214429,4.413773833957996
Bearing3_2,725,0.2905811623246493,4.386416807141634
Bearing3_2,726,0.2909819639278557,4.344271173451813
Bearing3_2,727,0.2913827655310621,4.163990985465111
Bearing3_2,728,0.29178356713426856,3.9561184733099815
Bearing3_2,729,0.29218436873747494,3.782073651839802
Bearing3_2,730,0.2925851703406814,3.726377253691303
Bearing3_2,731,0.29298597194388776,3.4778548173709796
Bearing3_2,732,0.2933867735470942,3.470454040587866
Bearing3_2,733,0.29378757515030063,3.4891485445354498
Bearing3_2,734,0.294188376753507,3.6225802082242398
Bearing3_2,735,0.29458917835671344,3.650883436627443
Bearing3_2,736,0.2949899799599198,3.662750509925766
Bearing3_2,737,0.29539078156312626,3.6449493561950392
Bearing3_2,738,0.29579158316633264,3.6632898505726814
Bearing3_2,739,0.2961923847695391,3.867099915490873
Bearing3_2,740,0.2965931863727455,3.8380678108710575
Bearing3_2,741,0.2969939879759519,3.905072120997614
Bearing3_2,742,0.2973947895791583,3.9483059705986583
Bearing3_2,743,0.2977955911823647,3.832696060461122
Bearing3_2,744,0.29819639278557114,3.6204851926442365
Bearing3_2,745,0.2985971943887776,3.3375963094237746
Bearing3_2,746,0.29899799599198396,3.4098215984528744
Bearing3_2,747,0.2993987975951904,3.49876069278121
Bearing3_2,748,0.29979959919839677,3.5131092016179872
Bearing3_2,749,0.3002004008016032,3.188001140528065
Bearing3_2,750,0.30060120240480964,3.2914753319947336
Bearing3_2,751,0.301002004008016,3.1851317457319963
Bearing3_2,752,0.30140280561122246,3.073789598276615
Bearing3_2,753,0.30180360721442884,3.28278894306339
Bearing3_2,754,0.3022044088176353,3.2981814909382705
Bearing3_2,755,0.3026052104208417,3.2877201992132212
Bearing3_2,756,0.3030060120240481,3.169797131689173
Bearing3_2,757,0.3034068136272545,3.0092187729403164
Bearing3_2,758,0.3038076152304609,2.79803344856279
Bearing3_2,759,0.30420841683366734,2.723157813074144
Bearing3_2,760,0.3046092184368738,2.6831656482900565
Bearing3_2,761,0.30501002004008015,2.640330227468209
Bearing3_2,762,0.3054108216432866,2.6637901573262477
Bearing3_2,763,0.30581162324649297,2.4504158151972746
Bearing3_2,764,0.3062124248496994,2.3722977362034228
Bearing3_2,765,0.3066132264529058,2.231372402046083
Bearing3_2,766,0.3070140280561122,2.101925621813823
Bearing3_2,767,0.30741482965931866,2.048510416187959
Bearing3_2,768,0.30781563126252504,2.1256690451180122
Bearing3_2,769,0.30821643286573147,2.0923769642078
Bearing3_2,770,0.30861723446893785,2.18721052392347
Bearing3_2,771,0.3090180360721443,2.261616531765867
Bearing3_2,772,0.3094188376753507,2.3779357674324775
Bearing3_2,773,0.3098196392785571,2.3904752741415978
Bearing3_2,774,0.31022044088176354,2.528758112338648
Bearing3_2,775,0.3106212424849699,2.7950129081085118
Bearing3_2,776,0.31102204408817635,2.8298693739713827
Bearing3_2,777,0.3114228456913828,2.893655297027197
Bearing3_2,778,0.31182364729458917,2.952787131652317
Bearing3_2,779,0.3122244488977956,3.2422973417221015
Bearing3_2,780,0.312625250501002,3.122973740323011
Bearing3_2,781,0.3130260521042084,3.041975461518435
Bearing3_2,782,0.31342685370741485,3.0497651058669475
Bearing3_2,783,0.31382765531062123,3.219867644472616
Bearing3_2,784,0.31422845691382767,3.3747092156978633
Bearing3_2,785,0.31462925851703405,3.629695787840361
Bearing3_2,786,0.3150300601202405,3.70539262704758
Bearing3_2,787,0.3154308617234469,3.970333965222003
Bearing3_2,788,0.3158316633266533,4.138752335508759
Bearing3_2,789,0.31623246492985974,4.072405483699329
Bearing3_2,790,0.3166332665330661,4.104571397912687
Bearing3_2,791,0.31703406813627255,4.2897440517811045
Bearing3_2,792,0.31743486973947893,4.492056750522498
Bearing3_2,793,0.31783567134268537,4.489809177587399
Bearing3_2,794,0.3182364729458918,4.328316095124734
Bearing3_2,795,0.3186372745490982,4.205623132439894
Bearing3_2,796,0.3190380761523046,4.439328345414475
Bearing3_2,797,0.319438877755511,4.298478233318755
Bearing3_2,798,0.31983967935871743,4.3340121915100935
Bearing3_2,799,0.32024048096192387,4.275548659421911
Bearing3_2,800,0.32064128256513025,4.388984309097066
Bearing3_2,801,0.3210420841683367,4.421476333975567
Bearing3_2,802,0.32144288577154306,4.236386243259163
Bearing3_2,803,0.3218436873747495,4.339318315188075
Bearing3_2,804,0.32224448897795593,4.60371432377403
Bearing3_2,805,0.3226452905811623,4.520862493387885
Bearing3_2,806,0.32304609218436875,4.39016181769866
Bearing3_2,807,0.32344689378757513,4.497054405021837
Bearing3_2,808,0.32384769539078156,4.441664482501788
Bearing3_2,809,0.324248496993988,4.512919742576046
Bearing3_2,810,0.3246492985971944,4.45725618444816
Bearing3_2,811,0.3250501002004008,4.443404800217233
Bearing3_2,812,0.3254509018036072,4.391971966965317
Bearing3_2,813,0.32585170340681363,4.375834213665536
Bearing3_2,814,0.32625250501002007,4.2597669691634845
Bearing3_2,815,0.32665330661322645,4.262114688889052
Bearing3_2,816,0.3270541082164329,4.266351092427779
Bearing3_2,817,0.32745490981963926,4.3097795337614695
Bearing3_2,818,0.3278557114228457,4.2291368236616425
Bearing3_2,819,0.3282565130260521,4.3463110918514385
Bearing3_2,820,0.3286573146292585,4.412359032082521
Bearing3_2,821,0.32905811623246495,4.386387227670225
Bearing3_2,822,0.3294589178356713,4.457778115056373
Bearing3_2,823,0.32985971943887776,4.3384896167547575
Bearing3_2,824,0.33026052104208414,4.267782381700681
Bearing3_2,825,0.3306613226452906,4.202676527347417
Bearing3_2,826,0.331062124248497,4.339182069462136
Bearing3_2,827,0.3314629258517034,4.245628968679161
Bearing3_2,828,0.33186372745490983,4.302927493117233
Bearing3_2,829,0.3322645290581162,4.045770194921209
Bearing3_2,830,0.33266533066132264,3.939845795654365
Bearing3_2,831,0.3330661322645291,3.952964218075801
Bearing3_2,832,0.33346693386773546,3.932012907403498
Bearing3_2,833,0.3338677354709419,3.917801339308582
Bearing3_2,834,0.3342685370741483,3.8449358916701897
Bearing3_2,835,0.3346693386773547,3.825980409116782
Bearing3_2,836,0.33507014028056115,3.6739922237785585
Bearing3_2,837,0.3354709418837675,3.626341617590922
Bearing3_2,838,0.33587174348697396,3.617492727783953
Bearing3_2,839,0.33627254509018034,3.7792729850167106
Bearing3_2,840,0.3366733466933868,3.6647127558133796
Bearing3_2,841,0.3370741482965932,3.982267029792741
Bearing3_2,842,0.3374749498997996,4.034890656041516
Bearing3_2,843,0.337875751503006,4.2625928058320035
Bearing3_2,844,0.3382765531062124,4.397687558543812
Bearing3_2,845,0.33867735470941884,4.390748268052234
Bearing3_2,846,0.3390781563126252,4.476221507175414
Bearing3_2,847,0.33947895791583166,4.434948945576965
Bearing3_2,848,0.3398797595190381,4.51759041359273
Bearing3_2,849,0.3402805611222445,4.502253305031637
Bearing3_2,850,0.3406813627254509,4.670402220325273
Bearing3_2,851,0.3410821643286573,4.336270996556527
Bearing3_2,852,0.3414829659318637,4.342752984523021
Bearing3_2,853,0.34188376753507016,4.182807617283519
Bearing3_2,854,0.34228456913827654,4.0913998241930285
Bearing3_2,855,0.342685370741483,4.162084019798264
Bearing3_2,856,0.34308617234468936,4.141545888929112
Bearing3_2,857,0.3434869739478958,4.06087668322664
Bearing3_2,858,0.3438877755511022,3.8330399798605193
Bearing3_2,859,0.3442885771543086,3.727162514158343
Bearing3_2,860,0.34468937875751504,3.5789643881886457
Bearing3_2,861,0.3450901803607214,3.609932597019353
Bearing3_2,862,0.34549098196392786,3.4121034958713388
Bearing3_2,863,0.3458917835671343,3.2189188152596913
Bearing3_2,864,0.34629258517034067,3.1297458769452033
Bearing3_2,865,0.3466933867735471,2.9450776019142415
Bearing3_2,866,0.3470941883767535,2.721352363390905
Bearing3_2,867,0.3474949899799599,2.7534214755221518
Bearing3_2,868,0.34789579158316636,2.7488307184647156
Bearing3_2,869,0.34829659318637274,2.782507406363547
Bearing3_2,870,0.3486973947895792,2.818680005711822
Bearing3_2,871,0.34909819639278555,2.776763771249741
Bearing3_2,872,0.349498997995992,2.738737822495793
Bearing3_2,873,0.3498997995991984,2.832917951438736
Bearing3_2,874,0.3503006012024048,2.819272248566567
Bearing3_2,875,0.35070140280561124,3.09298782085239
Bearing3_2,876,0.3511022044088176,3.091252567954122
Bearing3_2,877,0.35150300601202406,2.9530482814033974
Bearing3_2,878,0.35190380761523044,2.9759067645210195
Bearing3_2,879,0.35230460921843687,2.9106610458051603
Bearing3_2,880,0.3527054108216433,2.868948928567452
Bearing3_2,881,0.3531062124248497,2.6643476216093824
Bearing3_2,882,0.3535070140280561,2.666782960515328
Bearing3_2,883,0.3539078156312625,2.361163906164682
Bearing3_2,884,0.35430861723446894,2.3739800302988696
Bearing3_2,885,0.35470941883767537,2.3088595545126185
Bearing3_2,886,0.35511022044088175,2.430848983549001
Bearing3_2,887,0.3555110220440882,2.3802573911461726
Bearing3_2,888,0.35591182364729457,2.2926346844283687
Bearing3_2,889,0.356312625250501,2.2092377530515916
Bearing3_2,890,0.35671342685370744,2.3145422405598906
Bearing3_2,891,0.3571142284569138,2.2537135194231555
Bearing3_2,892,0.35751503006012025,2.130425545735964
Bearing3_2,893,0.35791583166332663,2.041607706262511
Bearing3_2,894,0.35831663326653307,1.9219859152016086
Bearing3_2,895,0.3587174348697395,1.7618337866072888
Bearing3_2,896,0.3591182364729459,1.5654728670225395
Bearing3_2,897,0.3595190380761523,1.5660829482970373
Bearing3_2,898,0.3599198396793587,1.511628958318575
Bearing3_2,899,0.36032064128256514,1.2708864915588274
Bearing3_2,900,0.36072144288577157,1.108471777303437
Bearing3_2,901,0.36112224448897795,1.1629897415894823
Bearing3_2,902,0.3615230460921844,1.1745791439184996
Bearing3_2,903,0.36192384769539077,1.3437328143644724
Bearing3_2,904,0.3623246492985972,1.2023471788345925
Bearing3_2,905,0.3627254509018036,1.1534432685982294
Bearing3_2,906,0.36312625250501,1.2453967258667649
Bearing3_2,907,0.36352705410821645,1.2590282748446129
Bearing3_2,908,0.36392785571142283,1.3592224792425904
Bearing3_2,909,0.36432865731462927,1.7748397302611285
Bearing3_2,910,0.36472945891783565,1.8850243452242004
Bearing3_2,911,0.3651302605210421,1.9720676136326722
Bearing3_2,912,0.3655310621242485,2.49366288375989
Bearing3_2,913,0.3659318637274549,2.449695680239312
Bearing3_2,914,0.36633266533066133,2.7550016652485936
Bearing3_2,915,0.3667334669338677,2.8911808118929945
Bearing3_2,916,0.36713426853707415,2.8034600686701814
Bearing3_2,917,0.3675350701402806,2.7244972809014856
Bearing3_2,918,0.36793587174348696,2.613311779761855
Bearing3_2,919,0.3683366733466934,2.8137698362325967
Bearing3_2,920,0.3687374749498998,2.6486463882619242
Bearing3_2,921,0.3691382765531062,3.0186359152556923
Bearing3_2,922,0.36953907815631265,3.1548518027264785
Bearing3_2,923,0.36993987975951903,4.333543745295287
Bearing3_2,924,0.37034068136272547,5.211738036515474
Bearing3_2,925,0.37074148296593185,6.05637713980107
Bearing3_2,926,0.3711422845691383,6.835277122484049
Bearing3_2,927,0.3715430861723447,7.978273862194074
Bearing3_2,928,0.3719438877755511,8.407923669854885
Bearing3_2,929,0.37234468937875753,8.694965308483253
Bearing3_2,930,0.3727454909819639,9.393302953221665
Bearing3_2,931,0.37314629258517035,9.78620455076882
Bearing3_2,932,0.3735470941883767,10.230268287290643
Bearing3_2,933,0.37394789579158316,10.123371461622861
Bearing3_2,934,0.3743486973947896,10.034607872805804
Bearing3_2,935,0.374749498997996,9.316284770829737
Bearing3_2,936,0.3751503006012024,9.455608742329844
Bearing3_2,937,0.3755511022044088,8.721360275677048
Bearing3_2,938,0.37595190380761523,8.717384016096918
Bearing3_2,939,0.37635270541082166,8.69031957577858
Bearing3_2,940,0.37675350701402804,8.979282995689426
Bearing3_2,941,0.3771543086172345,9.066473360148171
Bearing3_2,942,0.37755511022044086,9.165142262255484
Bearing3_2,943,0.3779559118236473,9.205351593806204
Bearing3_2,944,0.37835671342685373,9.140143668226516
Bearing3_2,945,0.3787575150300601,9.851600244390635
Bearing3_2,946,0.37915831663326655,10.224220589417317
Bearing3_2,947,0.3795591182364729,10.134261508233466
Bearing3_2,948,0.37995991983967936,10.733563371163083
Bearing3_2,949,0.3803607214428858,10.50560459850551
Bearing3_2,950,0.3807615230460922,9.927368024847812
Bearing3_2,951,0.3811623246492986,9.547292463150871
Bearing3_2,952,0.381563126252505,9.02897214261889
Bearing3_2,953,0.3819639278557114,8.68932567017631
Bearing3_2,954,0.38236472945891786,8.438662638450136
Bearing3_2,955,0.38276553106212424,7.774400321956007
Bearing3_2,956,0.3831663326653307,6.8733367471710185
Bearing3_2,957,0.38356713426853706,7.203332066344821
Bearing3_2,958,0.3839679358717435,6.691892561009206
Bearing3_2,959,0.3843687374749499,6.771727750346261
Bearing3_2,960,0.3847695390781563,6.977626894596701
Bearing3_2,961,0.38517034068136274,6.892014037391059
Bearing3_2,962,0.3855711422845691,6.854476771016001
Bearing3_2,963,0.38597194388777556,6.7115124187196695
Bearing3_2,964,0.38637274549098194,6.4832133387534
Bearing3_2,965,0.3867735470941884,6.979903338390159
Bearing3_2,966,0.3871743486973948,6.973593424501468
Bearing3_2,967,0.3875751503006012,7.001007486828255
Bearing3_2,968,0.3879759519038076,7.074908525936182
Bearing3_2,969,0.388376753507014,7.261144455137997
Bearing3_2,970,0.38877755511022044,7.343871127668007
Bearing3_2,971,0.3891783567134269,7.457787493948809
Bearing3_2,972,0.38957915831663326,7.605759846817456
Bearing3_2,973,0.3899799599198397,7.935267456821874
Bearing3_2,974,0.39038076152304607,7.968224904244532
Bearing3_2,975,0.3907815631262525,8.217425610755063
Bearing3_2,976,0.39118236472945894,8.249039456994824
Bearing3_2,977,0.3915831663326653,8.260188639985333
Bearing3_2,978,0.39198396793587176,8.241278317483669
Bearing3_2,979,0.39238476953907814,7.863201691449566
Bearing3_2,980,0.3927855711422846,7.936435408382121
Bearing3_2,981,0.393186372745491,8.437106836008438
Bearing3_2,982,0.3935871743486974,8.24208668047206
Bearing3_2,983,0.3939879759519038,7.907135888206985
Bearing3_2,984,0.3943887775551102,8.10055813214468
Bearing3_2,985,0.39478957915831664,6.992094563521991
Bearing3_2,986,0.395190380761523,7.109457688133117
Bearing3_2,987,0.39559118236472945,6.524583336075499
Bearing3_2,988,0.3959919839679359,6.7125668996079195
Bearing3_2,989,0.39639278557114227,7.132989475302392
Bearing3_2,990,0.3967935871743487,7.305852303496129
Bearing3_2,991,0.3971943887775551,6.813744507504152
Bearing3_2,992,0.3975951903807615,6.710960993266187
Bearing3_2,993,0.39799599198396796,6.467153727612001
Bearing3_2,994,0.39839679358717434,5.787539593661997
Bearing3_2,995,0.39879759519038077,6.195954925552861
Bearing3_2,996,0.39919839679358715,6.21431463272293
Bearing3_2,997,0.3995991983967936,6.356357765437179
Bearing3_2,998,0.4,5.6213768195589875
Bearing3_2,999,0.4004008016032064,4.963961598135755
Bearing3_2,1000,0.40080160320641284,4.244951628834737
Bearing3_2,1001,0.4012024048096192,3.888073849564475
Bearing3_2,1002,0.40160320641282565,4.325742860802932
Bearing3_2,1003,0.4020040080160321,4.475515070741315
Bearing3_2,1004,0.40240480961923847,4.901025563430808
Bearing3_2,1005,0.4028056112224449,4.816936858550338
Bearing3_2,1006,0.4032064128256513,4.452898217425618
Bearing3_2,1007,0.4036072144288577,4.313505923900971
Bearing3_2,1008,0.40400801603206415,4.314268162059489
Bearing3_2,1009,0.40440881763527053,4.444249345667201
Bearing3_2,1010,0.40480961923847697,4.787475764633091
Bearing3_2,1011,0.40521042084168335,5.045408086187167
Bearing3_2,1012,0.4056112224448898,4.729305466384496
Bearing3_2,1013,0.40601202404809617,4.513277686737648
Bearing3_2,1014,0.4064128256513026,4.560207028378995
Bearing3_2,1015,0.40681362725450904,4.2655424669547415
Bearing3_2,1016,0.4072144288577154,4.190566179567328
Bearing3_2,1017,0.40761523046092185,5.011301581349865
Bearing3_2,1018,0.40801603206412823,5.560701309135144
Bearing3_2,1019,0.40841683366733467,5.462984924969261
Bearing3_2,1020,0.4088176352705411,5.253853714237387
Bearing3_2,1021,0.4092184368737475,4.932434751592605
Bearing3_2,1022,0.4096192384769539,5.0462246994010425
Bearing3_2,1023,0.4100200400801603,5.731033191527198
Bearing3_2,1024,0.41042084168336673,6.2081526797838915
Bearing3_2,1025,0.41082164328657317,7.327939519432178
Bearing3_2,1026,0.41122244488977955,8.308324625812649
Bearing3_2,1027,0.411623246492986,8.654666002051446
Bearing3_2,1028,0.41202404809619236,9.187874957475966
Bearing3_2,1029,0.4124248496993988,10.115882509796206
Bearing3_2,1030,0.41282565130260523,10.78313727338384
Bearing3_2,1031,0.4132264529058116,11.55337458951823
Bearing3_2,1032,0.41362725450901805,11.846792445739144
Bearing3_2,1033,0.41402805611222443,11.910386334815183
Bearing3_2,1034,0.41442885771543087,11.981309590124106
Bearing3_2,1035,0.4148296593186373,11.851009666368174
Bearing3_2,1036,0.4152304609218437,11.758887969392013
Bearing3_2,1037,0.4156312625250501,11.562511755930378
Bearing3_2,1038,0.4160320641282565,11.472991665003784
Bearing3_2,1039,0.41643286573146293,11.454858222782224
Bearing3_2,1040,0.4168336673346693,11.39320929045731
Bearing3_2,1041,0.41723446893787575,11.35472031156013
Bearing3_2,1042,0.4176352705410822,11.378232576723224
Bearing3_2,1043,0.41803607214428856,11.458401695680678
Bearing3_2,1044,0.418436873747495,11.466619287251712
Bearing3_2,1045,0.4188376753507014,11.487305017471822
Bearing3_2,1046,0.4192384769539078,11.444513891115108
Bearing3_2,1047,0.41963927855711425,11.378723175601841
Bearing3_2,1048,0.42004008016032063,11.282132320929453
Bearing3_2,1049,0.42044088176352706,11.14375546243528
Bearing3_2,1050,0.42084168336673344,11.0721296130101
Bearing3_2,1051,0.4212424849699399,10.935420227418694
Bearing3_2,1052,0.4216432865731463,10.751326175410266
Bearing3_2,1053,0.4220440881763527,10.515656033126561
Bearing3_2,1054,0.42244488977955913,10.347815496642692
Bearing3_2,1055,0.4228456913827655,10.16971555262526
Bearing3_2,1056,0.42324649298597194,10.052757670696552
Bearing3_2,1057,0.4236472945891784,10.000507026630387
Bearing3_2,1058,0.42404809619238476,9.964174518936908
Bearing3_2,1059,0.4244488977955912,9.887280889783137
Bearing3_2,1060,0.4248496993987976,9.795565392740393
Bearing3_2,1061,0.425250501002004,9.831393545668444
Bearing3_2,1062,0.42565130260521045,9.752093321258707
Bearing3_2,1063,0.4260521042084168,9.887899021755457
Bearing3_2,1064,0.42645290581162326,9.588712899361338
Bearing3_2,1065,0.42685370741482964,9.333221956917566
Bearing3_2,1066,0.4272545090180361,9.395667799157826
Bearing3_2,1067,0.4276553106212425,8.890955464638528
Bearing3_2,1068,0.4280561122244489,8.264751161591686
Bearing3_2,1069,0.42845691382765533,7.527210167190501
Bearing3_2,1070,0.4288577154308617,6.774814583678375
Bearing3_2,1071,0.42925851703406814,6.394001293743565
Bearing3_2,1072,0.4296593186372745,6.181343708352347
Bearing3_2,1073,0.43006012024048096,6.169189897954206
Bearing3_2,1074,0.4304609218436874,6.24219544082096
Bearing3_2,1075,0.4308617234468938,6.902130942833791
Bearing3_2,1076,0.4312625250501002,6.924786290619511
Bearing3_2,1077,0.4316633266533066,7.455813466717203
Bearing3_2,1078,0.432064128256513,8.125855058735024
Bearing3_2,1079,0.43246492985971946,9.013635010545523
Bearing3_2,1080,0.43286573146292584,9.90274216533967
Bearing3_2,1081,0.4332665330661323,10.427475460097781
Bearing3_2,1082,0.43366733466933866,10.802207900070124
Bearing3_2,1083,0.4340681362725451,10.816915311077807
Bearing3_2,1084,0.4344689378757515,11.223368761808146
Bearing3_2,1085,0.4348697394789579,10.954844510460513
Bearing3_2,1086,0.43527054108216434,10.98203791499606
Bearing3_2,1087,0.4356713426853707,11.070627078699042
Bearing3_2,1088,0.43607214428857716,11.07033654959155
Bearing3_2,1089,0.4364729458917836,11.063952655479131
Bearing3_2,1090,0.43687374749499,11.081406253426199
Bearing3_2,1091,0.4372745490981964,11.049202853935428
Bearing3_2,1092,0.4376753507014028,11.037807677694406
Bearing3_2,1093,0.4380761523046092,11.072252169147603
Bearing3_2,1094,0.43847695390781566,11.063944476615927
Bearing3_2,1095,0.43887775551102204,11.066170739724745
Bearing3_2,1096,0.4392785571142285,11.092751257810031
Bearing3_2,1097,0.43967935871743485,11.07218771501341
Bearing3_2,1098,0.4400801603206413,11.068669042789049
Bearing3_2,1099,0.44048096192384767,11.123169903547062
Bearing3_2,1100,0.4408817635270541,11.195015538111544
Bearing3_2,1101,0.44128256513026054,11.289590326407382
Bearing3_2,1102,0.4416833667334669,11.282629907706276
Bearing3_2,1103,0.44208416833667336,11.291315581719772
Bearing3_2,1104,0.44248496993987974,11.306996832610663
Bearing3_2,1105,0.44288577154308617,11.384926790544625
Bearing3_2,1106,0.4432865731462926,11.443530508177137
Bearing3_2,1107,0.443687374749499,11.53738454242447
Bearing3_2,1108,0.4440881763527054,11.625427702945967
Bearing3_2,1109,0.4444889779559118,11.590888727172526
Bearing3_2,1110,0.44488977955911824,11.488018781979644
Bearing3_2,1111,0.4452905811623247,11.307638861089313
Bearing3_2,1112,0.44569138276553105,11.43170035744009
Bearing3_2,1113,0.4460921843687375,11.349437857787532
Bearing3_2,1114,0.44649298597194387,11.310866861355311
Bearing3_2,1115,0.4468937875751503,11.14316213571664
Bearing3_2,1116,0.44729458917835674,11.096544497958186
Bearing3_2,1117,0.4476953907815631,10.914176629259135
Bearing3_2,1118,0.44809619238476955,10.78430453927361
Bearing3_2,1119,0.44849699398797593,10.699689957247207
Bearing3_2,1120,0.44889779559118237,10.667708459994788
Bearing3_2,1121,0.4492985971943888,10.712673784017179
Bearing3_2,1122,0.4496993987975952,10.57833947558227
Bearing3_2,1123,0.4501002004008016,10.56731880907586
Bearing3_2,1124,0.450501002004008,10.544755462420156
Bearing3_2,1125,0.45090180360721444,10.649313299319818
Bearing3_2,1126,0.4513026052104208,10.646038730254944
Bearing3_2,1127,0.45170340681362725,10.627298837565563
Bearing3_2,1128,0.4521042084168337,10.66653236097498
Bearing3_2,1129,0.45250501002004007,10.73685541028437
Bearing3_2,1130,0.4529058116232465,10.813441154795814
Bearing3_2,1131,0.4533066132264529,10.925176171673927
Bearing3_2,1132,0.4537074148296593,11.046210083176565
Bearing3_2,1133,0.45410821643286575,11.092063669350903
Bearing3_2,1134,0.45450901803607213,11.054218195877613
Bearing3_2,1135,0.45490981963927857,11.052054535706214
Bearing3_2,1136,0.45531062124248495,11.076183661595342
Bearing3_2,1137,0.4557114228456914,11.162826125687738
Bearing3_2,1138,0.4561122244488978,11.299047802698379
Bearing3_2,1139,0.4565130260521042,11.310311703282244
Bearing3_2,1140,0.45691382765531063,11.29463460142434
Bearing3_2,1141,0.457314629258517,11.23120775463115
Bearing3_2,1142,0.45771543086172345,11.11262421410033
Bearing3_2,1143,0.4581162324649299,11.0999945950709
Bearing3_2,1144,0.45851703406813626,11.114353111259332
Bearing3_2,1145,0.4589178356713427,11.046277857184597
Bearing3_2,1146,0.4593186372745491,11.050928605739736
Bearing3_2,1147,0.4597194388777555,11.06827185180938
Bearing3_2,1148,0.46012024048096195,10.948512864200588
Bearing3_2,1149,0.46052104208416833,10.970830792976084
Bearing3_2,1150,0.46092184368737477,11.072188070279662
Bearing3_2,1151,0.46132264529058115,11.05332488293838
Bearing3_2,1152,0.4617234468937876,11.146085879001872
Bearing3_2,1153,0.46212424849699396,11.244611552797755
Bearing3_2,1154,0.4625250501002004,11.30111938044412
Bearing3_2,1155,0.46292585170340683,11.345346352215337
Bearing3_2,1156,0.4633266533066132,11.307197098190775
Bearing3_2,1157,0.46372745490981965,11.291858923144735
Bearing3_2,1158,0.464128256513026,11.324527591798237
Bearing3_2,1159,0.46452905811623246,11.23805493616104
Bearing3_2,1160,0.4649298597194389,11.169859134670459
Bearing3_2,1161,0.4653306613226453,11.179071212230657
Bearing3_2,1162,0.4657314629258517,11.226897238119221
Bearing3_2,1163,0.4661322645290581,11.201815117436649
Bearing3_2,1164,0.46653306613226453,11.26231565390611
Bearing3_2,1165,0.46693386773547096,11.302471671358898
Bearing3_2,1166,0.46733466933867734,11.339240971396638
Bearing3_2,1167,0.4677354709418838,11.373573099086986
Bearing3_2,1168,0.46813627254509016,11.394714105197735
Bearing3_2,1169,0.4685370741482966,11.518606551254877
Bearing3_2,1170,0.46893787575150303,11.561848858674143
Bearing3_2,1171,0.4693386773547094,11.555173989817089
Bearing3_2,1172,0.46973947895791585,11.506577828888435
Bearing3_2,1173,0.4701402805611222,11.468635353422531
Bearing3_2,1174,0.47054108216432866,11.433611673974625
Bearing3_2,1175,0.4709418837675351,11.443902479877982
Bearing3_2,1176,0.4713426853707415,11.44261448367926
Bearing3_2,1177,0.4717434869739479,11.481402684273633
Bearing3_2,1178,0.4721442885771543,11.512321768508102
Bearing3_2,1179,0.4725450901803607,11.536488579510111
Bearing3_2,1180,0.4729458917835671,11.575491723834116
Bearing3_2,1181,0.47334669338677354,11.644747069010627
Bearing3_2,1182,0.47374749498998,11.78456481190155
Bearing3_2,1183,0.47414829659318636,11.860493146014843
Bearing3_2,1184,0.4745490981963928,11.857960589428014
Bearing3_2,1185,0.4749498997995992,11.900393192631572
Bearing3_2,1186,0.4753507014028056,11.904765083242705
Bearing3_2,1187,0.47575150300601204,12.022341319652913
Bearing3_2,1188,0.4761523046092184,11.972815023791762
Bearing3_2,1189,0.47655310621242486,11.898742301884823
Bearing3_2,1190,0.47695390781563124,11.688705993206932
Bearing3_2,1191,0.4773547094188377,11.693367754615755
Bearing3_2,1192,0.4777555110220441,11.623566779310092
Bearing3_2,1193,0.4781563126252505,11.442454884908845
Bearing3_2,1194,0.4785571142284569,11.265597912645257
Bearing3_2,1195,0.4789579158316633,10.902200499274114
Bearing3_2,1196,0.47935871743486974,10.626941543497761
Bearing3_2,1197,0.4797595190380762,10.27110486668727
Bearing3_2,1198,0.48016032064128256,10.04354182403596
Bearing3_2,1199,0.480561122244489,9.758765253027407
Bearing3_2,1200,0.48096192384769537,9.655938574869728
Bearing3_2,1201,0.4813627254509018,9.309049973531211
Bearing3_2,1202,0.48176352705410824,8.867717431113316
Bearing3_2,1203,0.4821643286573146,8.782747567802094
Bearing3_2,1204,0.48256513026052106,8.793488684742071
Bearing3_2,1205,0.48296593186372744,8.908170752637554
Bearing3_2,1206,0.4833667334669339,9.022320249283528
Bearing3_2,1207,0.48376753507014025,8.905657145653398
Bearing3_2,1208,0.4841683366733467,8.774157844709933
Bearing3_2,1209,0.4845691382765531,8.94135552664998
Bearing3_2,1210,0.4849699398797595,9.067350918454341
Bearing3_2,1211,0.48537074148296594,9.25051531399087
Bearing3_2,1212,0.4857715430861723,9.482806121622144
Bearing3_2,1213,0.48617234468937875,9.487603458424399
Bearing3_2,1214,0.4865731462925852,9.477126495193067
Bearing3_2,1215,0.48697394789579157,9.438101125559848
Bearing3_2,1216,0.487374749498998,9.344974211655037
Bearing3_2,1217,0.4877755511022044,9.562582762249894
Bearing3_2,1218,0.4881763527054108,9.793613389911846
Bearing3_2,1219,0.48857715430861726,9.77030169056425
Bearing3_2,1220,0.48897795591182364,9.864441733600584
Bearing3_2,1221,0.48937875751503007,9.856917726048604
Bearing3_2,1222,0.48977955911823645,9.822268740992072
Bearing3_2,1223,0.4901803607214429,9.943883979507472
Bearing3_2,1224,0.4905811623246493,10.02163048082135
Bearing3_2,1225,0.4909819639278557,10.33166191816056
Bearing3_2,1226,0.49138276553106214,10.560286304587647
Bearing3_2,1227,0.4917835671342685,10.700593406650036
Bearing3_2,1228,0.49218436873747495,10.85786275463707
Bearing3_2,1229,0.4925851703406814,11.051933783423118
Bearing3_2,1230,0.49298597194388777,11.148163221341674
Bearing3_2,1231,0.4933867735470942,11.352760384116916
Bearing3_2,1232,0.4937875751503006,11.557978656808874
Bearing3_2,1233,0.494188376753507,11.749408860793727
Bearing3_2,1234,0.4945891783567134,11.93293192887759
Bearing3_2,1235,0.49498997995991983,11.967289683765227
Bearing3_2,1236,0.49539078156312627,12.06911662465943
Bearing3_2,1237,0.49579158316633265,12.121423056342792
Bearing3_2,1238,0.4961923847695391,12.217225814675913
Bearing3_2,1239,0.49659318637274547,12.342995696333894
Bearing3_2,1240,0.4969939879759519,12.463619118195124
Bearing3_2,1241,0.49739478957915834,12.583496461941206
Bearing3_2,1242,0.4977955911823647,12.707478712797094
Bearing3_2,1243,0.49819639278557115,12.850180179946154
Bearing3_2,1244,0.49859719438877753,12.866691943853732
Bearing3_2,1245,0.49899799599198397,12.866643706406663
Bearing3_2,1246,0.4993987975951904,12.818071892052464
Bearing3_2,1247,0.4997995991983968,12.777557782640113
Bearing3_2,1248,0.5002004008016032,12.7002022150215
Bearing3_2,1249,0.5006012024048097,12.593736662339094
Bearing3_2,1250,0.501002004008016,12.486329571619613
Bearing3_2,1251,0.5014028056112224,12.337630611990855
Bearing3_2,1252,0.5018036072144288,12.260272696970931
Bearing3_2,1253,0.5022044088176353,12.104199094634856
Bearing3_2,1254,0.5026052104208417,12.092273761875596
Bearing3_2,1255,0.503006012024048,12.070798581916874
Bearing3_2,1256,0.5034068136272545,12.151683056545856
Bearing3_2,1257,0.5038076152304609,12.199081860129493
Bearing3_2,1258,0.5042084168336673,12.14500729034347
Bearing3_2,1259,0.5046092184368738,12.098913901809773
Bearing3_2,1260,0.5050100200400801,12.05550878385609
Bearing3_2,1261,0.5054108216432865,12.083934613486546
Bearing3_2,1262,0.505811623246493,12.052884528172003
Bearing3_2,1263,0.5062124248496994,12.04636193057644
Bearing3_2,1264,0.5066132264529059,12.082999866488574
Bearing3_2,1265,0.5070140280561122,12.08080282013333
Bearing3_2,1266,0.5074148296593186,12.01964006158111
Bearing3_2,1267,0.507815631262525,11.938653618657682
Bearing3_2,1268,0.5082164328657315,12.034335972665648
Bearing3_2,1269,0.5086172344689379,11.955378127266995
Bearing3_2,1270,0.5090180360721442,11.788549667863037
Bearing3_2,1271,0.5094188376753507,11.596934120607301
Bearing3_2,1272,0.5098196392785571,11.282970499820784
Bearing3_2,1273,0.5102204408817635,10.996507918886392
Bearing3_2,1274,0.51062124248497,10.52932289025875
Bearing3_2,1275,0.5110220440881763,10.306467239271628
Bearing3_2,1276,0.5114228456913827,10.141490524423242
Bearing3_2,1277,0.5118236472945892,10.140744837308622
Bearing3_2,1278,0.5122244488977956,10.043467110048443
Bearing3_2,1279,0.512625250501002,10.086510280293654
Bearing3_2,1280,0.5130260521042084,10.212595555412983
Bearing3_2,1281,0.5134268537074148,10.311019483344035
Bearing3_2,1282,0.5138276553106212,10.60630834525713
Bearing3_2,1283,0.5142284569138277,10.832916025855093
Bearing3_2,1284,0.5146292585170341,11.217823535665257
Bearing3_2,1285,0.5150300601202404,11.383187056712998
Bearing3_2,1286,0.5154308617234469,11.610221073734895
Bearing3_2,1287,0.5158316633266533,11.646579849764988
Bearing3_2,1288,0.5162324649298597,11.680447340656604
Bearing3_2,1289,0.5166332665330662,11.69777097334116
Bearing3_2,1290,0.5170340681362725,11.727965212927897
Bearing3_2,1291,0.5174348697394789,11.762283905181677
Bearing3_2,1292,0.5178356713426854,11.71847222553879
Bearing3_2,1293,0.5182364729458918,11.672439199827545
Bearing3_2,1294,0.5186372745490982,11.60618801473644
Bearing3_2,1295,0.5190380761523046,11.57153539519187
Bearing3_2,1296,0.519438877755511,11.4182067369811
Bearing3_2,1297,0.5198396793587174,11.389598304561872
Bearing3_2,1298,0.5202404809619239,11.395314912982053
Bearing3_2,1299,0.5206412825651303,11.44492526320104
Bearing3_2,1300,0.5210420841683366,11.472087451719789
Bearing3_2,1301,0.5214428857715431,11.440625282706833
Bearing3_2,1302,0.5218436873747495,11.50340542034341
Bearing3_2,1303,0.522244488977956,11.581581552526199
Bearing3_2,1304,0.5226452905811623,11.613114879421186
Bearing3_2,1305,0.5230460921843687,11.639094485642016
Bearing3_2,1306,0.5234468937875751,11.775464811578967
Bearing3_2,1307,0.5238476953907816,11.8383638154517
Bearing3_2,1308,0.524248496993988,11.880271728745322
Bearing3_2,1309,0.5246492985971943,11.928626166689618
Bearing3_2,1310,0.5250501002004008,11.948842232393982
Bearing3_2,1311,0.5254509018036072,12.04477224742853
Bearing3_2,1312,0.5258517034068136,12.018949811868072
Bearing3_2,1313,0.5262525050100201,12.050550171062268
Bearing3_2,1314,0.5266533066132264,12.120112725786518
Bearing3_2,1315,0.5270541082164328,12.172963360358803
Bearing3_2,1316,0.5274549098196393,12.124759327473132
Bearing3_2,1317,0.5278557114228457,12.094969768597377
Bearing3_2,1318,0.5282565130260521,12.086319117796398
Bearing3_2,1319,0.5286573146292585,12.08362983516935
Bearing3_2,1320,0.5290581162324649,12.148338584684637
Bearing3_2,1321,0.5294589178356713,12.162273744773053
Bearing3_2,1322,0.5298597194388778,12.063566413636272
Bearing3_2,1323,0.5302605210420842,11.938549957668332
Bearing3_2,1324,0.5306613226452905,11.884227003094491
Bearing3_2,1325,0.531062124248497,11.863982712289193
Bearing3_2,1326,0.5314629258517034,11.84485056895337
Bearing3_2,1327,0.5318637274549098,11.76107970141073
Bearing3_2,1328,0.5322645290581163,11.611595490446815
Bearing3_2,1329,0.5326653306613226,11.573685431118534
Bearing3_2,1330,0.533066132264529,11.40546351649667
Bearing3_2,1331,0.5334669338677355,11.364712640530438
Bearing3_2,1332,0.5338677354709419,11.37619224767278
Bearing3_2,1333,0.5342685370741483,11.342319115803814
Bearing3_2,1334,0.5346693386773547,11.129527068671782
Bearing3_2,1335,0.5350701402805611,10.96945627884407
Bearing3_2,1336,0.5354709418837675,10.8157962296029
Bearing3_2,1337,0.535871743486974,10.818058485043514
Bearing3_2,1338,0.5362725450901804,11.051808088346988
Bearing3_2,1339,0.5366733466933867,11.102796720603163
Bearing3_2,1340,0.5370741482965932,11.221601488316088
Bearing3_2,1341,0.5374749498997996,11.203928132558964
Bearing3_2,1342,0.537875751503006,11.355725133539142
Bearing3_2,1343,0.5382765531062125,11.517852473195203
Bearing3_2,1344,0.5386773547094188,11.793236550353488
Bearing3_2,1345,0.5390781563126252,11.97253576720481
Bearing3_2,1346,0.5394789579158317,12.183862715797153
Bearing3_2,1347,0.5398797595190381,12.33090432761956
Bearing3_2,1348,0.5402805611222445,12.32734151329375
Bearing3_2,1349,0.5406813627254509,12.313355072604205
Bearing3_2,1350,0.5410821643286573,12.28589762737339
Bearing3_2,1351,0.5414829659318637,12.348860881572017
Bearing3_2,1352,0.5418837675350702,12.3013735548938
Bearing3_2,1353,0.5422845691382766,12.312469290709126
Bearing3_2,1354,0.5426853707414829,12.316445700165028
Bearing3_2,1355,0.5430861723446894,12.317420467479332
Bearing3_2,1356,0.5434869739478958,12.331803068981639
Bearing3_2,1357,0.5438877755511022,12.32871644147638
Bearing3_2,1358,0.5442885771543087,12.34597547107716
Bearing3_2,1359,0.544689378757515,12.378173523097654
Bearing3_2,1360,0.5450901803607214,12.446917453460156
Bearing3_2,1361,0.5454909819639279,12.436108731199013
Bearing3_2,1362,0.5458917835671343,12.495242111652091
Bearing3_2,1363,0.5462925851703406,12.455472864480207
Bearing3_2,1364,0.5466933867735471,12.4801648042881
Bearing3_2,1365,0.5470941883767535,12.537590461365161
Bearing3_2,1366,0.5474949899799599,12.557163376659858
Bearing3_2,1367,0.5478957915831664,12.608658451019192
Bearing3_2,1368,0.5482965931863727,12.52718545680418
Bearing3_2,1369,0.5486973947895791,12.46833705669622
Bearing3_2,1370,0.5490981963927856,12.356763497492928
Bearing3_2,1371,0.549498997995992,12.253953377157876
Bearing3_2,1372,0.5498997995991984,12.140791897116161
Bearing3_2,1373,0.5503006012024048,12.097054131925926
Bearing3_2,1374,0.5507014028056112,12.055817499559245
Bearing3_2,1375,0.5511022044088176,11.97655800628306
Bearing3_2,1376,0.5515030060120241,11.910625621979156
Bearing3_2,1377,0.5519038076152305,11.863349599910098
Bearing3_2,1378,0.5523046092184368,11.908684184169458
Bearing3_2,1379,0.5527054108216433,11.964874360662765
Bearing3_2,1380,0.5531062124248497,12.067133521299315
Bearing3_2,1381,0.5535070140280561,12.168470647650514
Bearing3_2,1382,0.5539078156312626,12.28487807991167
Bearing3_2,1383,0.5543086172344689,12.37499825792896
Bearing3_2,1384,0.5547094188376753,12.403904763698607
Bearing3_2,1385,0.5551102204408818,12.496172561022435
Bearing3_2,1386,0.5555110220440882,12.560526159388196
Bearing3_2,1387,0.5559118236472946,12.591557648162473
Bearing3_2,1388,0.556312625250501,12.620079863331785
Bearing3_2,1389,0.5567134268537074,12.635453785297369
Bearing3_2,1390,0.5571142284569138,12.614347677816314
Bearing3_2,1391,0.5575150300601203,12.58517074130108
Bearing3_2,1392,0.5579158316633267,12.504527336319951
Bearing3_2,1393,0.558316633266533,12.406193908072597
Bearing3_2,1394,0.5587174348697395,12.252125924755571
Bearing3_2,1395,0.5591182364729459,12.200061202445566
Bearing3_2,1396,0.5595190380761523,12.164792166709042
Bearing3_2,1397,0.5599198396793588,12.119841486794284
Bearing3_2,1398,0.5603206412825651,12.058613422116576
Bearing3_2,1399,0.5607214428857715,12.0278288377095
Bearing3_2,1400,0.561122244488978,12.129340077250566
Bearing3_2,1401,0.5615230460921844,12.153565901558107
Bearing3_2,1402,0.5619238476953908,12.225041116739845
Bearing3_2,1403,0.5623246492985972,12.341665265642806
Bearing3_2,1404,0.5627254509018036,12.502935626497415
Bearing3_2,1405,0.56312625250501,12.473278128177103
Bearing3_2,1406,0.5635270541082165,12.437608784263968
Bearing3_2,1407,0.5639278557114229,12.34934208288164
Bearing3_2,1408,0.5643286573146292,12.11058630267995
Bearing3_2,1409,0.5647294589178357,11.835087618103302
Bearing3_2,1410,0.5651302605210421,11.489758577444395
Bearing3_2,1411,0.5655310621242485,11.225420280445999
Bearing3_2,1412,0.565931863727455,11.076668344080769
Bearing3_2,1413,0.5663326653306613,10.942560585970956
Bearing3_2,1414,0.5667334669338677,10.837725273538132
Bearing3_2,1415,0.5671342685370742,10.73694085122662
Bearing3_2,1416,0.5675350701402806,10.77699618544489
Bearing3_2,1417,0.5679358717434869,10.79723172112729
Bearing3_2,1418,0.5683366733466934,11.02391489595405
Bearing3_2,1419,0.5687374749498998,11.241629444267835
Bearing3_2,1420,0.5691382765531062,11.453016169722238
Bearing3_2,1421,0.5695390781563127,11.713751700403582
Bearing3_2,1422,0.569939879759519,11.807280595391353
Bearing3_2,1423,0.5703406813627254,11.870451997710155
Bearing3_2,1424,0.5707414829659319,11.942845721592338
Bearing3_2,1425,0.5711422845691383,12.060584881941475
Bearing3_2,1426,0.5715430861723447,12.085811003169827
Bearing3_2,1427,0.571943887775551,12.003097450149026
Bearing3_2,1428,0.5723446893787575,11.781090652146203
Bearing3_2,1429,0.5727454909819639,11.649139826645271
Bearing3_2,1430,0.5731462925851704,11.565137048878912
Bearing3_2,1431,0.5735470941883768,11.521266933064322
Bearing3_2,1432,0.5739478957915831,11.454168828636147
Bearing3_2,1433,0.5743486973947896,11.422146277045865
Bearing3_2,1434,0.574749498997996,11.526593030328039
Bearing3_2,1435,0.5751503006012024,11.522523623250065
Bearing3_2,1436,0.5755511022044089,11.43739362385384
Bearing3_2,1437,0.5759519038076152,11.53735041529016
Bearing3_2,1438,0.5763527054108216,11.776180654254803
Bearing3_2,1439,0.576753507014028,11.955177264053422
Bearing3_2,1440,0.5771543086172345,12.072996775890926
Bearing3_2,1441,0.5775551102204409,12.13475755502794
Bearing3_2,1442,0.5779559118236473,12.246195836272534
Bearing3_2,1443,0.5783567134268537,12.341259373339042
Bearing3_2,1444,0.5787575150300601,12.223885314654899
Bearing3_2,1445,0.5791583166332666,12.25307509634408
Bearing3_2,1446,0.579559118236473,12.330090356482946
Bearing3_2,1447,0.5799599198396793,12.434697660172969
Bearing3_2,1448,0.5803607214428858,12.496811810005866
Bearing3_2,1449,0.5807615230460922,12.567540061128117
Bearing3_2,1450,0.5811623246492986,12.609049420455658
Bearing3_2,1451,0.5815631262525051,12.574667859215316
Bearing3_2,1452,0.5819639278557114,12.54102841969526
Bearing3_2,1453,0.5823647294589178,12.545397650255289
Bearing3_2,1454,0.5827655310621243,12.586270096455666
Bearing3_2,1455,0.5831663326653307,12.586881353884232
Bearing3_2,1456,0.5835671342685371,12.57719717101267
Bearing3_2,1457,0.5839679358717434,12.389236958033607
Bearing3_2,1458,0.5843687374749499,12.194891915765696
Bearing3_2,1459,0.5847695390781563,11.985517029796885
Bearing3_2,1460,0.5851703406813628,11.874761038872974
Bearing3_2,1461,0.5855711422845692,11.848031203147967
Bearing3_2,1462,0.5859719438877755,11.880379987218165
Bearing3_2,1463,0.586372745490982,11.763968493714486
Bearing3_2,1464,0.5867735470941884,11.756956383122056
Bearing3_2,1465,0.5871743486973948,11.732564496557412
Bearing3_2,1466,0.5875751503006013,11.710547043943013
Bearing3_2,1467,0.5879759519038076,11.843376650885007
Bearing3_2,1468,0.588376753507014,11.939663267845814
Bearing3_2,1469,0.5887775551102205,12.085593709874813
Bearing3_2,1470,0.5891783567134269,12.138414565671187
Bearing3_2,1471,0.5895791583166332,12.182954761784831
Bearing3_2,1472,0.5899799599198396,12.149020044190223
Bearing3_2,1473,0.5903807615230461,12.302547620497485
Bearing3_2,1474,0.5907815631262525,12.245099992179034
Bearing3_2,1475,0.591182364729459,12.283524198260697
Bearing3_2,1476,0.5915831663326653,12.329296477387086
Bearing3_2,1477,0.5919839679358717,12.355742203579045
Bearing3_2,1478,0.5923847695390781,12.423036691883203
Bearing3_2,1479,0.5927855711422846,12.44110923644426
Bearing3_2,1480,0.593186372745491,12.481340735123995
Bearing3_2,1481,0.5935871743486973,12.51742772097324
Bearing3_2,1482,0.5939879759519038,12.644648849612608
Bearing3_2,1483,0.5943887775551102,12.533135896917155
Bearing3_2,1484,0.5947895791583167,12.56081094358198
Bearing3_2,1485,0.5951903807615231,12.476765785674175
Bearing3_2,1486,0.5955911823647294,12.416623552682255
Bearing3_2,1487,0.5959919839679358,12.197557453892998
Bearing3_2,1488,0.5963927855711423,11.970455501563661
Bearing3_2,1489,0.5967935871743487,11.693186738733157
Bearing3_2,1490,0.5971943887775552,11.489048791759936
Bearing3_2,1491,0.5975951903807615,11.300573144585735
Bearing3_2,1492,0.5979959919839679,11.103171072837348
Bearing3_2,1493,0.5983967935871743,11.04104077697389
Bearing3_2,1494,0.5987975951903808,11.020227367786736
Bearing3_2,1495,0.5991983967935872,11.019279330376389
Bearing3_2,1496,0.5995991983967935,11.01251630515757
Bearing3_2,1497,0.6,11.153142131581362
Bearing3_2,1498,0.6004008016032064,11.342465646941408
Bearing3_2,1499,0.6008016032064128,11.582953060702138
Bearing3_2,1500,0.6012024048096193,11.753304120222818
Bearing3_2,1501,0.6016032064128256,11.896294938945
Bearing3_2,1502,0.602004008016032,12.008778933926669
Bearing3_2,1503,0.6024048096192385,12.078427038446188
Bearing3_2,1504,0.6028056112224449,12.105861379688532
Bearing3_2,1505,0.6032064128256514,12.17063159407206
Bearing3_2,1506,0.6036072144288577,12.149609017173633
Bearing3_2,1507,0.6040080160320641,12.170844156388537
Bearing3_2,1508,0.6044088176352705,12.402805743947638
Bearing3_2,1509,0.604809619238477,12.418788742352664
Bearing3_2,1510,0.6052104208416834,12.415400530229597
Bearing3_2,1511,0.6056112224448897,12.406670458376986
Bearing3_2,1512,0.6060120240480962,12.420500201886203
Bearing3_2,1513,0.6064128256513026,12.438624482680918
Bearing3_2,1514,0.606813627254509,12.455730118871555
Bearing3_2,1515,0.6072144288577155,12.485800719648847
Bearing3_2,1516,0.6076152304609218,12.575406503644897
Bearing3_2,1517,0.6080160320641282,12.650859481923858
Bearing3_2,1518,0.6084168336673347,12.493032513213446
Bearing3_2,1519,0.6088176352705411,12.540106224260692
Bearing3_2,1520,0.6092184368737475,12.534836264757732
Bearing3_2,1521,0.6096192384769539,12.59280691508712
Bearing3_2,1522,0.6100200400801603,12.53518102673957
Bearing3_2,1523,0.6104208416833667,12.388750585821942
Bearing3_2,1524,0.6108216432865732,12.206841101929658
Bearing3_2,1525,0.6112224448897795,12.26794570550735
Bearing3_2,1526,0.6116232464929859,12.132253254411953
Bearing3_2,1527,0.6120240480961924,12.070004880655643
Bearing3_2,1528,0.6124248496993988,11.967530095541969
Bearing3_2,1529,0.6128256513026052,11.8885331720524
Bearing3_2,1530,0.6132264529058116,11.901820385710838
Bearing3_2,1531,0.613627254509018,11.96604199014595
Bearing3_2,1532,0.6140280561122244,12.106034138409065
Bearing3_2,1533,0.6144288577154309,12.370295395366847
Bearing3_2,1534,0.6148296593186373,12.717920388382593
Bearing3_2,1535,0.6152304609218436,12.723414926247125
Bearing3_2,1536,0.6156312625250501,12.918022724202638
Bearing3_2,1537,0.6160320641282565,12.97323202936405
Bearing3_2,1538,0.6164328657314629,13.094958980881325
Bearing3_2,1539,0.6168336673346694,13.2217920811434
Bearing3_2,1540,0.6172344689378757,13.336700017223754
Bearing3_2,1541,0.6176352705410821,13.450524759767195
Bearing3_2,1542,0.6180360721442886,13.49593411495189
Bearing3_2,1543,0.618436873747495,13.503695761234757
Bearing3_2,1544,0.6188376753507014,13.239964544696042
Bearing3_2,1545,0.6192384769539078,13.086660141973264
Bearing3_2,1546,0.6196392785571142,12.972606434995715
Bearing3_2,1547,0.6200400801603206,12.776271136599364
Bearing3_2,1548,0.6204408817635271,12.658920745454774
Bearing3_2,1549,0.6208416833667335,12.399019295870955
Bearing3_2,1550,0.6212424849699398,11.933780987970072
Bearing3_2,1551,0.6216432865731463,11.525726791811616
Bearing3_2,1552,0.6220440881763527,11.224859781142294
Bearing3_2,1553,0.6224448897795591,10.986411553801723
Bearing3_2,1554,0.6228456913827656,11.011835469839017
Bearing3_2,1555,0.6232464929859719,11.022669961643004
Bearing3_2,1556,0.6236472945891783,10.958209586499288
Bearing3_2,1557,0.6240480961923848,11.04041377029685
Bearing3_2,1558,0.6244488977955912,11.196401979801198
Bearing3_2,1559,0.6248496993987976,11.30314206135705
Bearing3_2,1560,0.625250501002004,11.612712583383574
Bearing3_2,1561,0.6256513026052104,11.792461697523596
Bearing3_2,1562,0.6260521042084168,12.016230825810771
Bearing3_2,1563,0.6264529058116233,12.129837744084279
Bearing3_2,1564,0.6268537074148297,12.303063058089581
Bearing3_2,1565,0.627254509018036,12.319865723960314
Bearing3_2,1566,0.6276553106212425,12.370271424242935
Bearing3_2,1567,0.6280561122244489,12.427304097191879
Bearing3_2,1568,0.6284569138276553,12.31727533688743
Bearing3_2,1569,0.6288577154308618,12.35361932795912
Bearing3_2,1570,0.6292585170340681,12.354588701213137
Bearing3_2,1571,0.6296593186372745,12.324795639690578
Bearing3_2,1572,0.630060120240481,12.294721444080167
Bearing3_2,1573,0.6304609218436874,12.291906035479021
Bearing3_2,1574,0.6308617234468938,12.185474065003152
Bearing3_2,1575,0.6312625250501002,12.231301310599349
Bearing3_2,1576,0.6316633266533066,12.28607673020714
Bearing3_2,1577,0.632064128256513,12.309756411448113
Bearing3_2,1578,0.6324649298597195,12.28903126117007
Bearing3_2,1579,0.6328657314629259,12.317069585072229
Bearing3_2,1580,0.6332665330661322,12.4527004990841
Bearing3_2,1581,0.6336673346693387,12.614503026926338
Bearing3_2,1582,0.6340681362725451,12.67654600668494
Bearing3_2,1583,0.6344689378757515,12.730986780808255
Bearing3_2,1584,0.6348697394789579,12.80641037106704
Bearing3_2,1585,0.6352705410821643,12.70638109956239
Bearing3_2,1586,0.6356713426853707,12.59992101569583
Bearing3_2,1587,0.6360721442885772,12.527398735271369
Bearing3_2,1588,0.6364729458917836,12.626714862076419
Bearing3_2,1589,0.6368737474949899,12.605718938451009
Bearing3_2,1590,0.6372745490981964,12.62852794824099
Bearing3_2,1591,0.6376753507014028,12.723077832684288
Bearing3_2,1592,0.6380761523046092,12.599416132579021
Bearing3_2,1593,0.6384769539078157,12.53038419328196
Bearing3_2,1594,0.638877755511022,12.356153477006519
Bearing3_2,1595,0.6392785571142284,12.379601078027644
Bearing3_2,1596,0.6396793587174349,12.4704135539806
Bearing3_2,1597,0.6400801603206413,12.533642143031525
Bearing3_2,1598,0.6404809619238477,12.501614140818265
Bearing3_2,1599,0.6408817635270541,12.623511902467673
Bearing3_2,1600,0.6412825651302605,12.622761210481482
Bearing3_2,1601,0.6416833667334669,12.501283521267089
Bearing3_2,1602,0.6420841683366734,12.5826974432291
Bearing3_2,1603,0.6424849699398798,12.738545669504497
Bearing3_2,1604,0.6428857715430861,12.85960238208994
Bearing3_2,1605,0.6432865731462926,13.002435481533457
Bearing3_2,1606,0.643687374749499,12.918821569520915
Bearing3_2,1607,0.6440881763527054,12.793678841277025
Bearing3_2,1608,0.6444889779559119,12.687839875158327
Bearing3_2,1609,0.6448897795591182,12.579980111606904
Bearing3_2,1610,0.6452905811623246,12.473132525975242
Bearing3_2,1611,0.6456913827655311,12.47574030160838
Bearing3_2,1612,0.6460921843687375,12.433914470781357
Bearing3_2,1613,0.6464929859719439,12.36012332958789
Bearing3_2,1614,0.6468937875751503,12.437784448936297
Bearing3_2,1615,0.6472945891783567,12.496660391507465
Bearing3_2,1616,0.6476953907815631,12.681150564314112
Bearing3_2,1617,0.6480961923847696,12.871642968481671
Bearing3_2,1618,0.648496993987976,13.004125474455801
Bearing3_2,1619,0.6488977955911823,13.073482742302598
Bearing3_2,1620,0.6492985971943888,13.100771836595802
Bearing3_2,1621,0.6496993987975952,13.027308839988283
Bearing3_2,1622,0.6501002004008016,12.91439517843944
Bearing3_2,1623,0.6505010020040081,12.699111269467158
Bearing3_2,1624,0.6509018036072144,12.513436274038428
Bearing3_2,1625,0.6513026052104208,12.32014534082027
Bearing3_2,1626,0.6517034068136273,12.177113051418653
Bearing3_2,1627,0.6521042084168337,12.13354267502515
Bearing3_2,1628,0.6525050100200401,12.065789477875414
Bearing3_2,1629,0.6529058116232465,12.034818106537115
Bearing3_2,1630,0.6533066132264529,12.037755970043136
Bearing3_2,1631,0.6537074148296593,12.093886729657651
Bearing3_2,1632,0.6541082164328658,12.229502633153299
Bearing3_2,1633,0.6545090180360722,12.390624422091037
Bearing3_2,1634,0.6549098196392785,12.528336533217376
Bearing3_2,1635,0.655310621242485,12.59506454331795
Bearing3_2,1636,0.6557114228456914,12.572805986720404
Bearing3_2,1637,0.6561122244488978,12.57238842057548
Bearing3_2,1638,0.6565130260521042,12.599799978400672
Bearing3_2,1639,0.6569138276553106,12.619112253487037
Bearing3_2,1640,0.657314629258517,12.722504296894897
Bearing3_2,1641,0.6577154308617235,12.777654176240747
Bearing3_2,1642,0.6581162324649299,12.810901439595966
Bearing3_2,1643,0.6585170340681362,12.909524823407716
Bearing3_2,1644,0.6589178356713427,12.910621077049873
Bearing3_2,1645,0.6593186372745491,12.956791651533129
Bearing3_2,1646,0.6597194388777555,13.065810469882805
Bearing3_2,1647,0.660120240480962,13.011627950807561
Bearing3_2,1648,0.6605210420841683,12.918063006148405
Bearing3_2,1649,0.6609218436873747,12.85711648918043
Bearing3_2,1650,0.6613226452905812,12.689715110540666
Bearing3_2,1651,0.6617234468937876,12.551807800450382
Bearing3_2,1652,0.662124248496994,12.499125348134962
Bearing3_2,1653,0.6625250501002004,12.399348645711397
Bearing3_2,1654,0.6629258517034068,12.349704240856148
Bearing3_2,1655,0.6633266533066132,12.316878209127637
Bearing3_2,1656,0.6637274549098197,12.299506609184593
Bearing3_2,1657,0.6641282565130261,12.380219231246858
Bearing3_2,1658,0.6645290581162324,12.483770278137506
Bearing3_2,1659,0.6649298597194389,12.455445867473031
Bearing3_2,1660,0.6653306613226453,12.537267425822426
Bearing3_2,1661,0.6657314629258517,12.568803116886912
Bearing3_2,1662,0.6661322645290582,12.577614987413245
Bearing3_2,1663,0.6665330661322645,12.622885949098192
Bearing3_2,1664,0.6669338677354709,12.671584004670375
Bearing3_2,1665,0.6673346693386774,12.691657007473541
Bearing3_2,1666,0.6677354709418838,12.701853198607694
Bearing3_2,1667,0.6681362725450902,12.723608641716979
Bearing3_2,1668,0.6685370741482966,12.68858387404098
Bearing3_2,1669,0.668937875751503,12.721784832890325
Bearing3_2,1670,0.6693386773547094,12.710851224917317
Bearing3_2,1671,0.6697394789579159,12.728379306028094
Bearing3_2,1672,0.6701402805611223,12.732003010799504
Bearing3_2,1673,0.6705410821643286,12.765667186190218
Bearing3_2,1674,0.670941883767535,12.7709876891463
Bearing3_2,1675,0.6713426853707415,12.759585964983533
Bearing3_2,1676,0.6717434869739479,12.821431659632662
Bearing3_2,1677,0.6721442885771544,12.85968341106942
Bearing3_2,1678,0.6725450901803607,12.954477549657991
Bearing3_2,1679,0.6729458917835671,13.09613015815496
Bearing3_2,1680,0.6733466933867736,13.176824891650517
Bearing3_2,1681,0.67374749498998,13.165831633181508
Bearing3_2,1682,0.6741482965931864,13.20600568430344
Bearing3_2,1683,0.6745490981963927,13.253605525946323
Bearing3_2,1684,0.6749498997995992,13.285150366547356
Bearing3_2,1685,0.6753507014028056,13.316391118526294
Bearing3_2,1686,0.675751503006012,13.304635500904487
Bearing3_2,1687,0.6761523046092185,13.324602068243271
Bearing3_2,1688,0.6765531062124248,13.304628050567354
Bearing3_2,1689,0.6769539078156313,13.17617005420814
Bearing3_2,1690,0.6773547094188377,13.004206757023217
Bearing3_2,1691,0.6777555110220441,12.004036232758395
Bearing3_2,1692,0.6781563126252504,11.205285277349128
Bearing3_2,1693,0.6785571142284569,11.105219133799384
Bearing3_2,1694,0.6789579158316633,11.103438758533997
Bearing3_2,1695,0.6793587174348698,11.139203037140598
Bearing3_2,1696,0.6797595190380762,11.182638830799707
Bearing3_2,1697,0.6801603206412825,11.164691143918501
Bearing3_2,1698,0.680561122244489,11.147433755321439
Bearing3_2,1699,0.6809619238476954,11.18477104149532
Bearing3_2,1700,0.6813627254509018,11.265927384155502
Bearing3_2,1701,0.6817635270541083,12.330590941431485
Bearing3_2,1702,0.6821643286573146,13.076018875591327
Bearing3_2,1703,0.682565130260521,13.078743327315298
Bearing3_2,1704,0.6829659318637274,13.003474946996539
Bearing3_2,1705,0.6833667334669339,12.837558906993184
Bearing3_2,1706,0.6837675350701403,12.57846190418805
Bearing3_2,1707,0.6841683366733466,12.382503317416537
Bearing3_2,1708,0.6845691382765531,12.256065625457916
Bearing3_2,1709,0.6849699398797595,12.127095703385987
Bearing3_2,1710,0.685370741482966,12.072921570562341
Bearing3_2,1711,0.6857715430861724,11.967358566319517
Bearing3_2,1712,0.6861723446893787,12.038807502033203
Bearing3_2,1713,0.6865731462925851,12.115761456329006
Bearing3_2,1714,0.6869739478957916,12.179792618308706
Bearing3_2,1715,0.687374749498998,12.325475127812433
Bearing3_2,1716,0.6877755511022045,12.50206211230192
Bearing3_2,1717,0.6881763527054108,12.612611673662254
Bearing3_2,1718,0.6885771543086172,12.606303161569668
Bearing3_2,1719,0.6889779559118236,12.97294040518168
Bearing3_2,1720,0.6893787575150301,12.914384036728341
Bearing3_2,1721,0.6897795591182365,13.232332067794161
Bearing3_2,1722,0.6901803607214428,13.048393006819964
Bearing3_2,1723,0.6905811623246493,12.874954653927972
Bearing3_2,1724,0.6909819639278557,12.80817968022868
Bearing3_2,1725,0.6913827655310621,12.79434577101591
Bearing3_2,1726,0.6917835671342686,12.772043174339169
Bearing3_2,1727,0.6921843687374749,12.804913771357286
Bearing3_2,1728,0.6925851703406813,12.796498361696646
Bearing3_2,1729,0.6929859719438878,12.531308774981891
Bearing3_2,1730,0.6933867735470942,12.637714085587328
Bearing3_2,1731,0.6937875751503007,12.432196851944214
Bearing3_2,1732,0.694188376753507,12.568242012828508
Bearing3_2,1733,0.6945891783567134,12.705331151679463
Bearing3_2,1734,0.6949899799599198,12.758652264124024
Bearing3_2,1735,0.6953907815631263,12.751938356568834
Bearing3_2,1736,0.6957915831663327,12.790146899802249
Bearing3_2,1737,0.696192384769539,12.689330858239272
Bearing3_2,1738,0.6965931863727455,13.010871301303743
Bearing3_2,1739,0.6969939879759519,12.98171085599319
Bearing3_2,1740,0.6973947895791583,13.216333158340149
Bearing3_2,1741,0.6977955911823648,13.091488947281778
Bearing3_2,1742,0.6981963927855711,13.044744943418607
Bearing3_2,1743,0.6985971943887775,12.968945884557211
Bearing3_2,1744,0.698997995991984,13.078444587404613
Bearing3_2,1745,0.6993987975951904,13.035830371935987
Bearing3_2,1746,0.6997995991983968,12.97939486183336
Bearing3_2,1747,0.7002004008016032,13.113509751915483
Bearing3_2,1748,0.7006012024048096,12.82297527690758
Bearing3_2,1749,0.701002004008016,12.844262648551478
Bearing3_2,1750,0.7014028056112225,12.645815529231466
Bearing3_2,1751,0.7018036072144288,12.804569004741925
Bearing3_2,1752,0.7022044088176352,12.873594798584671
Bearing3_2,1753,0.7026052104208417,12.93827339606843
Bearing3_2,1754,0.7030060120240481,12.953449606496974
Bearing3_2,1755,0.7034068136272545,12.996347749853578
Bearing3_2,1756,0.7038076152304609,13.051715212712802
Bearing3_2,1757,0.7042084168336673,13.072284582035213
Bearing3_2,1758,0.7046092184368737,13.201845594442768
Bearing3_2,1759,0.7050100200400802,13.247111947172224
Bearing3_2,1760,0.7054108216432866,13.222831370411717
Bearing3_2,1761,0.7058116232464929,13.081533408219718
Bearing3_2,1762,0.7062124248496994,13.034873789794279
Bearing3_2,1763,0.7066132264529058,13.014030338386167
Bearing3_2,1764,0.7070140280561122,12.880876179431093
Bearing3_2,1765,0.7074148296593187,12.90042472673881
Bearing3_2,1766,0.707815631262525,12.885106150470893
Bearing3_2,1767,0.7082164328657314,12.792704843436528
Bearing3_2,1768,0.7086172344689379,12.743900275327757
Bearing3_2,1769,0.7090180360721443,12.739732496757885
Bearing3_2,1770,0.7094188376753507,12.726261592385395
Bearing3_2,1771,0.7098196392785571,12.778979377773334
Bearing3_2,1772,0.7102204408817635,13.018440316593148
Bearing3_2,1773,0.7106212424849699,12.976169133723383
Bearing3_2,1774,0.7110220440881764,13.02296645019518
Bearing3_2,1775,0.7114228456913828,12.960366333022563
Bearing3_2,1776,0.7118236472945891,12.987634035518985
Bearing3_2,1777,0.7122244488977956,13.06263640447006
Bearing3_2,1778,0.712625250501002,13.084937838582423
Bearing3_2,1779,0.7130260521042084,13.179497004721686
Bearing3_2,1780,0.7134268537074149,13.256428526523262
Bearing3_2,1781,0.7138276553106212,13.34765187866518
Bearing3_2,1782,0.7142284569138276,13.14547107287223
Bearing3_2,1783,0.7146292585170341,13.092340703217861
Bearing3_2,1784,0.7150300601202405,12.947892685362216
Bearing3_2,1785,0.7154308617234469,12.892161087323364
Bearing3_2,1786,0.7158316633266533,12.876022917399775
Bearing3_2,1787,0.7162324649298597,12.917238914301226
Bearing3_2,1788,0.7166332665330661,12.957018668838003
Bearing3_2,1789,0.7170340681362726,12.84978272366908
Bearing3_2,1790,0.717434869739479,12.747523417722118
Bearing3_2,1791,0.7178356713426853,12.7053829656729
Bearing3_2,1792,0.7182364729458918,12.635625401790529
Bearing3_2,1793,0.7186372745490982,12.854186178552771
Bearing3_2,1794,0.7190380761523046,12.95707396886289
Bearing3_2,1795,0.7194388777555111,13.06370656958191
Bearing3_2,1796,0.7198396793587174,13.098978313540078
Bearing3_2,1797,0.7202404809619238,13.056936969510337
Bearing3_2,1798,0.7206412825651303,13.128742456804693
Bearing3_2,1799,0.7210420841683367,13.172701191309105
Bearing3_2,1800,0.7214428857715431,13.306855928016992
Bearing3_2,1801,0.7218436873747495,13.349129030027887
Bearing3_2,1802,0.7222444889779559,13.45639678263663
Bearing3_2,1803,0.7226452905811623,13.381500433471592
Bearing3_2,1804,0.7230460921843688,13.443708078200217
Bearing3_2,1805,0.7234468937875751,13.493379401221054
Bearing3_2,1806,0.7238476953907815,13.46912219171804
Bearing3_2,1807,0.724248496993988,13.425979446454605
Bearing3_2,1808,0.7246492985971944,13.322084816204
Bearing3_2,1809,0.7250501002004008,13.357739927457667
Bearing3_2,1810,0.7254509018036072,13.313030618554572
Bearing3_2,1811,0.7258517034068136,13.298836981939974
Bearing3_2,1812,0.72625250501002,13.310687433284096
Bearing3_2,1813,0.7266533066132265,13.344806147998431
Bearing3_2,1814,0.7270541082164329,13.342114969968819
Bearing3_2,1815,0.7274549098196392,13.329411857272186
Bearing3_2,1816,0.7278557114228457,13.323435911352167
Bearing3_2,1817,0.7282565130260521,13.374048271528391
Bearing3_2,1818,0.7286573146292585,13.403842247251834
Bearing3_2,1819,0.729058116232465,13.389034974024785
Bearing3_2,1820,0.7294589178356713,13.371743492770808
Bearing3_2,1821,0.7298597194388777,13.35202009685752
Bearing3_2,1822,0.7302605210420842,13.329216924156324
Bearing3_2,1823,0.7306613226452906,13.31179527698074
Bearing3_2,1824,0.731062124248497,13.295221870176189
Bearing3_2,1825,0.7314629258517034,13.263642504570564
Bearing3_2,1826,0.7318637274549098,13.328196417630005
Bearing3_2,1827,0.7322645290581162,13.351044902839263
Bearing3_2,1828,0.7326653306613227,13.291632312443102
Bearing3_2,1829,0.7330661322645291,13.266278714942478
Bearing3_2,1830,0.7334669338677354,13.245616713681006
Bearing3_2,1831,0.7338677354709419,13.214266870855457
Bearing3_2,1832,0.7342685370741483,13.187946749374074
Bearing3_2,1833,0.7346693386773547,13.139140775501488
Bearing3_2,1834,0.7350701402805612,13.121035893054003
Bearing3_2,1835,0.7354709418837675,13.102951769293302
Bearing3_2,1836,0.7358717434869739,13.059514622608035
Bearing3_2,1837,0.7362725450901804,13.047536453485716
Bearing3_2,1838,0.7366733466933868,13.082011812907712
Bearing3_2,1839,0.7370741482965932,13.0959521254433
Bearing3_2,1840,0.7374749498997996,12.87389429017404
Bearing3_2,1841,0.737875751503006,12.656103679834285
Bearing3_2,1842,0.7382765531062124,12.6358887669907
Bearing3_2,1843,0.7386773547094189,12.701496178543351
Bearing3_2,1844,0.7390781563126253,12.679773636755863
Bearing3_2,1845,0.7394789579158316,12.795938170120035
Bearing3_2,1846,0.7398797595190381,12.812695216308887
Bearing3_2,1847,0.7402805611222445,12.833911903154847
Bearing3_2,1848,0.7406813627254509,12.916090806207162
Bearing3_2,1849,0.7410821643286574,12.889041800542424
Bearing3_2,1850,0.7414829659318637,13.180003070554037
Bearing3_2,1851,0.7418837675350701,13.426414034887845
Bearing3_2,1852,0.7422845691382766,13.42155633852317
Bearing3_2,1853,0.742685370741483,13.350055800383824
Bearing3_2,1854,0.7430861723446894,13.361903465360854
Bearing3_2,1855,0.7434869739478958,13.242753702459478
Bearing3_2,1856,0.7438877755511022,13.237553419044904
Bearing3_2,1857,0.7442885771543086,13.221055724004248
Bearing3_2,1858,0.7446893787575151,13.091733647739554
Bearing3_2,1859,0.7450901803607214,13.072742182138038
Bearing3_2,1860,0.7454909819639278,13.150436868800899
Bearing3_2,1861,0.7458917835671343,13.14376197917936
Bearing3_2,1862,0.7462925851703407,13.2209194166151
Bearing3_2,1863,0.7466933867735471,13.29445782443372
Bearing3_2,1864,0.7470941883767535,13.324159375782907
Bearing3_2,1865,0.7474949899799599,13.405112572954312
Bearing3_2,1866,0.7478957915831663,13.468587249946944
Bearing3_2,1867,0.7482965931863728,13.473026526555746
Bearing3_2,1868,0.7486973947895792,13.56294159008236
Bearing3_2,1869,0.7490981963927855,13.597187535715488
Bearing3_2,1870,0.749498997995992,13.46084256010215
Bearing3_2,1871,0.7498997995991984,13.481523246511022
Bearing3_2,1872,0.7503006012024048,13.371852864243658
Bearing3_2,1873,0.7507014028056113,13.362520317470066
Bearing3_2,1874,0.7511022044088176,13.345754664406325
Bearing3_2,1875,0.751503006012024,13.377732175239583
Bearing3_2,1876,0.7519038076152305,13.274867139308483
Bearing3_2,1877,0.7523046092184369,13.24177021996698
Bearing3_2,1878,0.7527054108216433,13.198716787786799
Bearing3_2,1879,0.7531062124248497,13.20962502716213
Bearing3_2,1880,0.7535070140280561,13.158553717563558
Bearing3_2,1881,0.7539078156312625,13.152294392745329
Bearing3_2,1882,0.754308617234469,13.207336246391028
Bearing3_2,1883,0.7547094188376754,13.156543315313105
Bearing3_2,1884,0.7551102204408817,13.260589262108931
Bearing3_2,1885,0.7555110220440882,13.160011716627505
Bearing3_2,1886,0.7559118236472946,13.12923125350776
Bearing3_2,1887,0.756312625250501,13.010807709761611
Bearing3_2,1888,0.7567134268537075,12.997288332131035
Bearing3_2,1889,0.7571142284569138,13.044686589848315
Bearing3_2,1890,0.7575150300601202,13.151546007557366
Bearing3_2,1891,0.7579158316633267,13.18150320465781
Bearing3_2,1892,0.7583166332665331,13.221560748658566
Bearing3_2,1893,0.7587174348697395,13.28614604471995
Bearing3_2,1894,0.7591182364729459,13.180804044838217
Bearing3_2,1895,0.7595190380761523,13.250902188007426
Bearing3_2,1896,0.7599198396793587,13.316765903765054
Bearing3_2,1897,0.7603206412825652,13.492913896456566
Bearing3_2,1898,0.7607214428857716,13.592177909394781
Bearing3_2,1899,0.7611222444889779,13.558044300077416
Bearing3_2,1900,0.7615230460921844,13.561418349038988
Bearing3_2,1901,0.7619238476953908,13.5718534034207
Bearing3_2,1902,0.7623246492985972,13.59683088746927
Bearing3_2,1903,0.7627254509018037,13.557743042520533
Bearing3_2,1904,0.76312625250501,13.643984368003364
Bearing3_2,1905,0.7635270541082164,13.584965634150285
Bearing3_2,1906,0.7639278557114229,13.57417429708766
Bearing3_2,1907,0.7643286573146293,13.482379449770349
Bearing3_2,1908,0.7647294589178357,13.321837310748109
Bearing3_2,1909,0.765130260521042,13.330400949633164
Bearing3_2,1910,0.7655310621242485,13.291068829725827
Bearing3_2,1911,0.7659318637274549,13.320293817292306
Bearing3_2,1912,0.7663326653306614,13.295224053515767
Bearing3_2,1913,0.7667334669338677,13.281537591847414
Bearing3_2,1914,0.7671342685370741,13.292252291686898
Bearing3_2,1915,0.7675350701402806,13.39685704797767
Bearing3_2,1916,0.767935871743487,13.445170200619959
Bearing3_2,1917,0.7683366733466934,13.509317661934677
Bearing3_2,1918,0.7687374749498997,13.660569927591983
Bearing3_2,1919,0.7691382765531062,13.685550571992067
Bearing3_2,1920,0.7695390781563126,13.736339354509564
Bearing3_2,1921,0.769939879759519,13.655688332494062
Bearing3_2,1922,0.7703406813627255,13.63994781863666
Bearing3_2,1923,0.7707414829659318,13.682265214656406
Bearing3_2,1924,0.7711422845691382,13.676196733029538
Bearing3_2,1925,0.7715430861723447,13.647891377005479
Bearing3_2,1926,0.7719438877755511,13.61769002604817
Bearing3_2,1927,0.7723446893787576,13.613707613400305
Bearing3_2,1928,0.7727454909819639,13.585118023198891
Bearing3_2,1929,0.7731462925851703,13.553919025362257
Bearing3_2,1930,0.7735470941883767,13.582148431669108
Bearing3_2,1931,0.7739478957915832,13.5455524729567
Bearing3_2,1932,0.7743486973947896,13.586426657311055
Bearing3_2,1933,0.774749498997996,13.615197885934872
Bearing3_2,1934,0.7751503006012024,13.573763304213907
Bearing3_2,1935,0.7755511022044088,13.226389344339832
Bearing3_2,1936,0.7759519038076153,13.083333432882764
Bearing3_2,1937,0.7763527054108217,12.994206644139462
Bearing3_2,1938,0.776753507014028,12.984194237106896
Bearing3_2,1939,0.7771543086172344,12.978665293392748
Bearing3_2,1940,0.7775551102204409,12.962674174358238
Bearing3_2,1941,0.7779559118236473,13.053869871209272
Bearing3_2,1942,0.7783567134268538,13.075055485693435
Bearing3_2,1943,0.7787575150300601,13.0366066491999
Bearing3_2,1944,0.7791583166332665,12.990094997020705
Bearing3_2,1945,0.779559118236473,13.289906476702523
Bearing3_2,1946,0.7799599198396794,13.457838177265547
Bearing3_2,1947,0.7803607214428858,13.573016188496066
Bearing3_2,1948,0.7807615230460921,13.597742644451122
Bearing3_2,1949,0.7811623246492986,13.62080095780551
Bearing3_2,1950,0.781563126252505,13.58351304522812
Bearing3_2,1951,0.7819639278557114,13.565035259096154
Bearing3_2,1952,0.7823647294589179,13.547740828853325
Bearing3_2,1953,0.7827655310621242,13.558707098541253
Bearing3_2,1954,0.7831663326653306,13.610340886275903
Bearing3_2,1955,0.7835671342685371,13.682117836415438
Bearing3_2,1956,0.7839679358717435,13.635014841996654
Bearing3_2,1957,0.78436873747495,13.616228506366308
Bearing3_2,1958,0.7847695390781563,13.652220689272468
Bearing3_2,1959,0.7851703406813627,13.602205344428418
Bearing3_2,1960,0.7855711422845691,13.606180309299436
Bearing3_2,1961,0.7859719438877756,13.675054316589742
Bearing3_2,1962,0.786372745490982,13.68959322879669
Bearing3_2,1963,0.7867735470941883,13.741497083860136
Bearing3_2,1964,0.7871743486973948,13.822795483086328
Bearing3_2,1965,0.7875751503006012,13.846025948189046
Bearing3_2,1966,0.7879759519038076,14.001286759381301
Bearing3_2,1967,0.7883767535070141,14.095305395822034
Bearing3_2,1968,0.7887775551102204,14.152053579563542
Bearing3_2,1969,0.7891783567134268,14.239354903580466
Bearing3_2,1970,0.7895791583166333,14.268213465390094
Bearing3_2,1971,0.7899799599198397,14.248399255847243
Bearing3_2,1972,0.790380761523046,14.269882095984826
Bearing3_2,1973,0.7907815631262525,14.19235404195311
Bearing3_2,1974,0.7911823647294589,14.17243420147139
Bearing3_2,1975,0.7915831663326653,14.086558404067997
Bearing3_2,1976,0.7919839679358718,13.938645358329097
Bearing3_2,1977,0.7923847695390781,13.865804351450214
Bearing3_2,1978,0.7927855711422845,13.739897566179474
Bearing3_2,1979,0.793186372745491,13.77299609326079
Bearing3_2,1980,0.7935871743486974,13.740407201361132
Bearing3_2,1981,0.7939879759519038,13.715692321017205
Bearing3_2,1982,0.7943887775551102,13.620126332928885
Bearing3_2,1983,0.7947895791583166,13.638476458623106
Bearing3_2,1984,0.795190380761523,13.485982708106999
Bearing3_2,1985,0.7955911823647295,13.48066696089146
Bearing3_2,1986,0.7959919839679359,13.454385062283084
Bearing3_2,1987,0.7963927855711422,13.531235421700838
Bearing3_2,1988,0.7967935871743487,13.52786125875748
Bearing3_2,1989,0.7971943887775551,13.456601924225662
Bearing3_2,1990,0.7975951903807615,13.484319514463465
Bearing3_2,1991,0.797995991983968,13.537081894874913
Bearing3_2,1992,0.7983967935871743,13.555629391336439
Bearing3_2,1993,0.7987975951903807,13.528812498691735
Bearing3_2,1994,0.7991983967935872,13.57845634822181
Bearing3_2,1995,0.7995991983967936,13.614301292638563
Bearing3_2,1996,0.8,13.669906911182233
Bearing3_2,1997,0.8004008016032064,13.645382087311315
Bearing3_2,1998,0.8008016032064128,13.683431077368287
Bearing3_2,1999,0.8012024048096192,13.672797043775281
Bearing3_2,2000,0.8016032064128257,13.625689729735011
Bearing3_2,2001,0.8020040080160321,13.539282465652846
Bearing3_2,2002,0.8024048096192384,13.545068125276135
Bearing3_2,2003,0.8028056112224449,13.663226042013088
Bearing3_2,2004,0.8032064128256513,13.807348843864267
Bearing3_2,2005,0.8036072144288577,13.84009476429371
Bearing3_2,2006,0.8040080160320642,13.926330484243191
Bearing3_2,2007,0.8044088176352705,13.888620858339355
Bearing3_2,2008,0.8048096192384769,13.904406732481348
Bearing3_2,2009,0.8052104208416834,13.863193954102869
Bearing3_2,2010,0.8056112224448898,13.957207482518621
Bearing3_2,2011,0.8060120240480962,14.02035990768631
Bearing3_2,2012,0.8064128256513026,14.115862172230546
Bearing3_2,2013,0.806813627254509,14.112976368655064
Bearing3_2,2014,0.8072144288577154,13.988824862916085
Bearing3_2,2015,0.8076152304609219,13.945751514440591
Bearing3_2,2016,0.8080160320641283,13.873636328503963
Bearing3_2,2017,0.8084168336673346,13.907435241967573
Bearing3_2,2018,0.8088176352705411,13.80384762484108
Bearing3_2,2019,0.8092184368737475,13.813850671751343
Bearing3_2,2020,0.8096192384769539,13.757263968804674
Bearing3_2,2021,0.8100200400801604,13.690593121719024
Bearing3_2,2022,0.8104208416833667,13.623325756603887
Bearing3_2,2023,0.8108216432865731,13.529188483849543
Bearing3_2,2024,0.8112224448897796,13.59464437526385
Bearing3_2,2025,0.811623246492986,13.555889263700749
Bearing3_2,2026,0.8120240480961923,13.61847013933017
Bearing3_2,2027,0.8124248496993988,13.648329202903042
Bearing3_2,2028,0.8128256513026052,13.79329575543862
Bearing3_2,2029,0.8132264529058116,13.894894272658211
Bearing3_2,2030,0.8136272545090181,13.960829339080869
Bearing3_2,2031,0.8140280561122244,14.047234135574024
Bearing3_2,2032,0.8144288577154308,14.129610780181793
Bearing3_2,2033,0.8148296593186373,14.219850600819854
Bearing3_2,2034,0.8152304609218437,14.266153692642694
Bearing3_2,2035,0.8156312625250501,14.376947635564568
Bearing3_2,2036,0.8160320641282565,14.41757896726757
Bearing3_2,2037,0.8164328657314629,14.422274772205451
Bearing3_2,2038,0.8168336673346693,14.433440805930127
Bearing3_2,2039,0.8172344689378758,14.450621788835786
Bearing3_2,2040,0.8176352705410822,14.528530269480191
Bearing3_2,2041,0.8180360721442885,14.557622871502584
Bearing3_2,2042,0.818436873747495,14.627241227231412
Bearing3_2,2043,0.8188376753507014,14.66729116233898
Bearing3_2,2044,0.8192384769539078,14.691443065639612
Bearing3_2,2045,0.8196392785571143,14.720145403111289
Bearing3_2,2046,0.8200400801603206,14.701538646679627
Bearing3_2,2047,0.820440881763527,14.683570152920657
Bearing3_2,2048,0.8208416833667335,14.690739469437826
Bearing3_2,2049,0.8212424849699399,14.718758235177205
Bearing3_2,2050,0.8216432865731463,14.665403310348243
Bearing3_2,2051,0.8220440881763527,14.648180189607974
Bearing3_2,2052,0.8224448897795591,14.590463152597588
Bearing3_2,2053,0.8228456913827655,14.531474414538241
Bearing3_2,2054,0.823246492985972,14.473119139713123
Bearing3_2,2055,0.8236472945891784,14.612748023858131
Bearing3_2,2056,0.8240480961923847,14.414193065392217
Bearing3_2,2057,0.8244488977955912,14.32008437759678
Bearing3_2,2058,0.8248496993987976,14.273200196996862
Bearing3_2,2059,0.825250501002004,14.204309370464063
Bearing3_2,2060,0.8256513026052105,14.099669820845216
Bearing3_2,2061,0.8260521042084168,14.056290109613778
Bearing3_2,2062,0.8264529058116232,14.058793918404143
Bearing3_2,2063,0.8268537074148297,14.012263600139741
Bearing3_2,2064,0.8272545090180361,14.052223067836033
Bearing3_2,2065,0.8276553106212425,13.966972360193626
Bearing3_2,2066,0.8280561122244489,14.225710495005947
Bearing3_2,2067,0.8284569138276553,14.381043102275465
Bearing3_2,2068,0.8288577154308617,14.538637003221979
Bearing3_2,2069,0.8292585170340682,14.670597008362972
Bearing3_2,2070,0.8296593186372746,14.879775263497129
Bearing3_2,2071,0.8300601202404809,15.0056807186404
Bearing3_2,2072,0.8304609218436874,15.132324558965891
Bearing3_2,2073,0.8308617234468938,15.359744620462886
Bearing3_2,2074,0.8312625250501002,15.41069357461131
Bearing3_2,2075,0.8316633266533067,15.481602218139605
Bearing3_2,2076,0.832064128256513,15.570642485037464
Bearing3_2,2077,0.8324649298597194,15.622113987891069
Bearing3_2,2078,0.8328657314629259,15.526319725079295
Bearing3_2,2079,0.8332665330661323,15.553842467377759
Bearing3_2,2080,0.8336673346693386,15.530692611521706
Bearing3_2,2081,0.8340681362725451,15.51496734773761
Bearing3_2,2082,0.8344689378757515,15.495715471302228
Bearing3_2,2083,0.8348697394789579,15.445058586072445
Bearing3_2,2084,0.8352705410821644,15.411180269511869
Bearing3_2,2085,0.8356713426853707,15.367835303410933
Bearing3_2,2086,0.8360721442885771,15.247016804564447
Bearing3_2,2087,0.8364729458917836,15.233094492116289
Bearing3_2,2088,0.83687374749499,15.306650740556965
Bearing3_2,2089,0.8372745490981964,15.248570524957524
Bearing3_2,2090,0.8376753507014028,15.28326535030782
Bearing3_2,2091,0.8380761523046092,15.31081228224752
Bearing3_2,2092,0.8384769539078156,15.252942153953521
Bearing3_2,2093,0.8388777555110221,15.281408520437129
Bearing3_2,2094,0.8392785571142285,15.28700737628589
Bearing3_2,2095,0.8396793587174348,15.23974619838908
Bearing3_2,2096,0.8400801603206413,15.260091711222532
Bearing3_2,2097,0.8404809619238477,15.22470413073492
Bearing3_2,2098,0.8408817635270541,15.230174620374886
Bearing3_2,2099,0.8412825651302606,15.285131522837114
Bearing3_2,2100,0.8416833667334669,15.251811382902147
Bearing3_2,2101,0.8420841683366733,15.252790511811977
Bearing3_2,2102,0.8424849699398798,15.270828791575761
Bearing3_2,2103,0.8428857715430862,15.208540013031541
Bearing3_2,2104,0.8432865731462926,15.278244402000794
Bearing3_2,2105,0.843687374749499,15.301887634337465
Bearing3_2,2106,0.8440881763527054,15.361557268684706
Bearing3_2,2107,0.8444889779559118,15.373022131474514
Bearing3_2,2108,0.8448897795591183,15.388972540064533
Bearing3_2,2109,0.8452905811623247,15.359158946161841
Bearing3_2,2110,0.845691382765531,15.428271300790518
Bearing3_2,2111,0.8460921843687375,15.448654182427685
Bearing3_2,2112,0.8464929859719439,15.459817448267756
Bearing3_2,2113,0.8468937875751503,15.485427823152918
Bearing3_2,2114,0.8472945891783568,15.496383044213767
Bearing3_2,2115,0.8476953907815631,15.518814865496154
Bearing3_2,2116,0.8480961923847695,15.4630453659153
Bearing3_2,2117,0.848496993987976,15.360495609293196
Bearing3_2,2118,0.8488977955911824,15.197359062498077
Bearing3_2,2119,0.8492985971943888,15.020245145526516
Bearing3_2,2120,0.8496993987975952,14.85280818443243
Bearing3_2,2121,0.8501002004008016,14.709582462396714
Bearing3_2,2122,0.850501002004008,14.576528050680144
Bearing3_2,2123,0.8509018036072145,14.426930255667775
Bearing3_2,2124,0.8513026052104209,14.238796801812901
Bearing3_2,2125,0.8517034068136272,14.216938114433749
Bearing3_2,2126,0.8521042084168337,14.179429428978688
Bearing3_2,2127,0.8525050100200401,14.26404364192766
Bearing3_2,2128,0.8529058116232465,14.345322602422508
Bearing3_2,2129,0.853306613226453,14.374723605444421
Bearing3_2,2130,0.8537074148296593,14.390005849624576
Bearing3_2,2131,0.8541082164328657,14.578201311812796
Bearing3_2,2132,0.8545090180360722,14.692457286058675
Bearing3_2,2133,0.8549098196392786,14.806134893356926
Bearing3_2,2134,0.855310621242485,15.000466360295377
Bearing3_2,2135,0.8557114228456913,14.811244492179577
Bearing3_2,2136,0.8561122244488978,14.803124774424926
Bearing3_2,2137,0.8565130260521042,14.776678219344287
Bearing3_2,2138,0.8569138276553107,14.74070784362485
Bearing3_2,2139,0.857314629258517,14.868753455034987
Bearing3_2,2140,0.8577154308617234,14.956199870438374
Bearing3_2,2141,0.8581162324649299,14.942233023321489
Bearing3_2,2142,0.8585170340681363,14.980118971139017
Bearing3_2,2143,0.8589178356713427,14.954333638872026
Bearing3_2,2144,0.859318637274549,14.938661525484033
Bearing3_2,2145,0.8597194388777555,15.022366501617924
Bearing3_2,2146,0.8601202404809619,15.057321345272541
Bearing3_2,2147,0.8605210420841684,15.152754909865688
Bearing3_2,2148,0.8609218436873748,15.197004938994954
Bearing3_2,2149,0.8613226452905811,15.264592864158308
Bearing3_2,2150,0.8617234468937875,15.291121918458572
Bearing3_2,2151,0.862124248496994,15.295481228168137
Bearing3_2,2152,0.8625250501002004,15.212816346751291
Bearing3_2,2153,0.8629258517034069,15.322751509685537
Bearing3_2,2154,0.8633266533066132,15.35864311133599
Bearing3_2,2155,0.8637274549098196,15.49260597034468
Bearing3_2,2156,0.864128256513026,15.513046535490227
Bearing3_2,2157,0.8645290581162325,15.346278321510514
Bearing3_2,2158,0.8649298597194389,15.4192864338374
Bearing3_2,2159,0.8653306613226452,15.472956825002665
Bearing3_2,2160,0.8657314629258517,15.596090577625242
Bearing3_2,2161,0.8661322645290581,15.37430032663119
Bearing3_2,2162,0.8665330661322646,15.198301185480137
Bearing3_2,2163,0.866933867735471,14.906418096969626
Bearing3_2,2164,0.8673346693386773,14.806293576570548
Bearing3_2,2165,0.8677354709418837,14.853709334775601
Bearing3_2,2166,0.8681362725450902,14.977517425020562
Bearing3_2,2167,0.8685370741482966,15.204495449243003
Bearing3_2,2168,0.868937875751503,15.207979935930542
Bearing3_2,2169,0.8693386773547094,15.1511896908967
Bearing3_2,2170,0.8697394789579158,15.04317478992102
Bearing3_2,2171,0.8701402805611222,15.301783987494323
Bearing3_2,2172,0.8705410821643287,15.641118796477766
Bearing3_2,2173,0.8709418837675351,15.982426404622709
Bearing3_2,2174,0.8713426853707414,16.053466506772345
Bearing3_2,2175,0.8717434869739479,16.111399404788123
Bearing3_2,2176,0.8721442885771543,16.05177934377863
Bearing3_2,2177,0.8725450901803607,16.11863278352205
Bearing3_2,2178,0.8729458917835672,16.31379621340047
Bearing3_2,2179,0.8733466933867735,16.48208658305888
Bearing3_2,2180,0.87374749498998,16.436180288151036
Bearing3_2,2181,0.8741482965931864,16.52682797703128
Bearing3_2,2182,0.8745490981963928,16.608994094681552
Bearing3_2,2183,0.8749498997995993,16.594488881272706
Bearing3_2,2184,0.8753507014028056,16.80572153314218
Bearing3_2,2185,0.875751503006012,16.72219895990382
Bearing3_2,2186,0.8761523046092184,16.740945131660023
Bearing3_2,2187,0.8765531062124249,16.836981451567933
Bearing3_2,2188,0.8769539078156313,16.851301868660734
Bearing3_2,2189,0.8773547094188376,16.95705308323026
Bearing3_2,2190,0.8777555110220441,17.092187616810516
Bearing3_2,2191,0.8781563126252505,17.07026324120809
Bearing3_2,2192,0.878557114228457,17.07513937182308
Bearing3_2,2193,0.8789579158316633,17.19520037594855
Bearing3_2,2194,0.8793587174348697,17.245307954703655
Bearing3_2,2195,0.8797595190380761,17.541798066347948
Bearing3_2,2196,0.8801603206412826,17.770313682004087
Bearing3_2,2197,0.880561122244489,17.742388762368638
Bearing3_2,2198,0.8809619238476953,17.66199204204982
Bearing3_2,2199,0.8813627254509018,17.64536422765553
Bearing3_2,2200,0.8817635270541082,17.351747283647036
Bearing3_2,2201,0.8821643286573146,17.38055580033284
Bearing3_2,2202,0.8825651302605211,17.360126427612602
Bearing3_2,2203,0.8829659318637274,17.374105064292984
Bearing3_2,2204,0.8833667334669338,17.43301337804133
Bearing3_2,2205,0.8837675350701403,17.672545782327973
Bearing3_2,2206,0.8841683366733467,17.590607046300534
Bearing3_2,2207,0.8845691382765531,17.70477864986764
Bearing3_2,2208,0.8849699398797595,18.34239783912222
Bearing3_2,2209,0.8853707414829659,18.792599000894665
Bearing3_2,2210,0.8857715430861723,19.798473608830115
Bearing3_2,2211,0.8861723446893788,18.884833126943924
Bearing3_2,2212,0.8865731462925852,18.251758825315182
Bearing3_2,2213,0.8869739478957915,17.90319052672612
Bearing3_2,2214,0.887374749498998,17.594489210836475
Bearing3_2,2215,0.8877755511022044,17.098372457011003
Bearing3_2,2216,0.8881763527054108,17.145657312317095
Bearing3_2,2217,0.8885771543086173,17.433645418723717
Bearing3_2,2218,0.8889779559118236,17.307919650232467
Bearing3_2,2219,0.88937875751503,17.75035413124477
Bearing3_2,2220,0.8897795591182365,17.52918331295129
Bearing3_2,2221,0.8901803607214429,18.835376030869206
Bearing3_2,2222,0.8905811623246493,20.29822484892145
Bearing3_2,2223,0.8909819639278557,21.26347633835708
Bearing3_2,2224,0.8913827655310621,21.93966001154923
Bearing3_2,2225,0.8917835671342685,22.926334219303232
Bearing3_2,2226,0.892184368737475,23.58000788882784
Bearing3_2,2227,0.8925851703406814,23.599405701197824
Bearing3_2,2228,0.8929859719438877,23.532676096124895
Bearing3_2,2229,0.8933867735470942,22.92702360348274
Bearing3_2,2230,0.8937875751503006,23.692138653640914
Bearing3_2,2231,0.894188376753507,24.00834815888489
Bearing3_2,2232,0.8945891783567135,23.725693916922854
Bearing3_2,2233,0.8949899799599198,23.508658133769735
Bearing3_2,2234,0.8953907815631262,23.85978438422487
Bearing3_2,2235,0.8957915831663327,23.64319169714301
Bearing3_2,2236,0.8961923847695391,23.83289055516615
Bearing3_2,2237,0.8965931863727455,23.949282860256876
Bearing3_2,2238,0.8969939879759519,24.10712534479491
Bearing3_2,2239,0.8973947895791583,24.218135661932493
Bearing3_2,2240,0.8977955911823647,23.670042612692434
Bearing3_2,2241,0.8981963927855712,23.468411941980357
Bearing3_2,2242,0.8985971943887776,23.82280208806235
Bearing3_2,2243,0.8989979959919839,24.369719140333267
Bearing3_2,2244,0.8993987975951904,24.583398567269136
Bearing3_2,2245,0.8997995991983968,24.8699072047689
Bearing3_2,2246,0.9002004008016032,24.981514262628366
Bearing3_2,2247,0.9006012024048096,25.31093934046912
Bearing3_2,2248,0.901002004008016,25.670155670673786
Bearing3_2,2249,0.9014028056112224,25.979820042366857
Bearing3_2,2250,0.9018036072144289,25.755042625615054
Bearing3_2,2251,0.9022044088176353,26.11518422138771
Bearing3_2,2252,0.9026052104208416,25.996002422364406
Bearing3_2,2253,0.9030060120240481,25.879019437579757
Bearing3_2,2254,0.9034068136272545,25.71623515416523
Bearing3_2,2255,0.9038076152304609,25.67182527673907
Bearing3_2,2256,0.9042084168336674,25.5335021226413
Bearing3_2,2257,0.9046092184368737,25.424447873479743
Bearing3_2,2258,0.9050100200400801,25.61616446620811
Bearing3_2,2259,0.9054108216432866,25.822449182494488
Bearing3_2,2260,0.905811623246493,26.378385709515634
Bearing3_2,2261,0.9062124248496994,26.563074761151597
Bearing3_2,2262,0.9066132264529058,26.494570793135296
Bearing3_2,2263,0.9070140280561122,26.03626622920317
Bearing3_2,2264,0.9074148296593186,26.020101433074664
Bearing3_2,2265,0.9078156312625251,26.279834796510624
Bearing3_2,2266,0.9082164328657315,26.033968124019943
Bearing3_2,2267,0.9086172344689378,25.617452629953966
Bearing3_2,2268,0.9090180360721443,25.25418086961148
Bearing3_2,2269,0.9094188376753507,25.18738417542098
Bearing3_2,2270,0.9098196392785571,24.976966131410187
Bearing3_2,2271,0.9102204408817636,24.5475558382541
Bearing3_2,2272,0.9106212424849699,25.213966660345125
Bearing3_2,2273,0.9110220440881763,25.954564519333438
Bearing3_2,2274,0.9114228456913828,25.957054369592434
Bearing3_2,2275,0.9118236472945892,25.83340687754287
Bearing3_2,2276,0.9122244488977956,26.26746470957781
Bearing3_2,2277,0.912625250501002,26.718385893324296
Bearing3_2,2278,0.9130260521042084,26.93125621546228
Bearing3_2,2279,0.9134268537074148,26.775364708912946
Bearing3_2,2280,0.9138276553106213,26.562253978732866
Bearing3_2,2281,0.9142284569138277,26.67345564081188
Bearing3_2,2282,0.914629258517034,25.985193078452
Bearing3_2,2283,0.9150300601202405,26.072812981377712
Bearing3_2,2284,0.9154308617234469,26.220433029963694
Bearing3_2,2285,0.9158316633266533,25.568885603994335
Bearing3_2,2286,0.9162324649298598,25.113171776000478
Bearing3_2,2287,0.9166332665330661,24.874593610105688
Bearing3_2,2288,0.9170340681362725,25.126724413382878
Bearing3_2,2289,0.917434869739479,24.133638004490074
Bearing3_2,2290,0.9178356713426854,23.38731420256397
Bearing3_2,2291,0.9182364729458918,22.848322024010535
Bearing3_2,2292,0.9186372745490982,22.71979991923935
Bearing3_2,2293,0.9190380761523046,21.987008973724148
Bearing3_2,2294,0.919438877755511,21.478419871389555
Bearing3_2,2295,0.9198396793587175,21.702052606974828
Bearing3_2,2296,0.9202404809619239,21.457619119204296
Bearing3_2,2297,0.9206412825651302,21.37198588720326
Bearing3_2,2298,0.9210420841683367,20.61474867429403
Bearing3_2,2299,0.9214428857715431,21.441016221145603
Bearing3_2,2300,0.9218436873747495,22.331499538573993
Bearing3_2,2301,0.9222444889779559,22.625580731779692
Bearing3_2,2302,0.9226452905811623,22.76271290228862
Bearing3_2,2303,0.9230460921843687,22.309469538343954
Bearing3_2,2304,0.9234468937875752,21.84387659986805
Bearing3_2,2305,0.9238476953907816,21.25052747307741
Bearing3_2,2306,0.9242484969939879,21.06887631305174
Bearing3_2,2307,0.9246492985971944,20.57988100792884
Bearing3_2,2308,0.9250501002004008,20.074641867447575
Bearing3_2,2309,0.9254509018036072,19.481016338949125
Bearing3_2,2310,0.9258517034068137,18.444886485138248
Bearing3_2,2311,0.92625250501002,17.665857932522524
Bearing3_2,2312,0.9266533066132264,16.58438304625603
Bearing3_2,2313,0.9270541082164329,16.104085289905083
Bearing3_2,2314,0.9274549098196393,15.66709878151693
Bearing3_2,2315,0.9278557114228457,15.310496779861822
Bearing3_2,2316,0.928256513026052,14.701377962564461
Bearing3_2,2317,0.9286573146292585,14.130532127460636
Bearing3_2,2318,0.9290581162324649,13.622446586250856
Bearing3_2,2319,0.9294589178356714,12.906526977411806
Bearing3_2,2320,0.9298597194388778,12.49248832775736
Bearing3_2,2321,0.9302605210420841,12.068041869626711
Bearing3_2,2322,0.9306613226452906,11.601894032353135
Bearing3_2,2323,0.931062124248497,11.080681964354655
Bearing3_2,2324,0.9314629258517034,10.611083939013863
Bearing3_2,2325,0.9318637274549099,10.015921839633972
Bearing3_2,2326,0.9322645290581162,9.464524948255528
Bearing3_2,2327,0.9326653306613226,9.02012035959143
Bearing3_2,2328,0.9330661322645291,8.977800569338042
Bearing3_2,2329,0.9334669338677355,8.628294450480368
Bearing3_2,2330,0.9338677354709419,8.567171509141764
Bearing3_2,2331,0.9342685370741483,9.334658238031825
Bearing3_2,2332,0.9346693386773547,9.141195461427339
Bearing3_2,2333,0.9350701402805611,9.745020042238036
Bearing3_2,2334,0.9354709418837676,10.748301146627881
Bearing3_2,2335,0.935871743486974,12.016135399769487
Bearing3_2,2336,0.9362725450901803,13.302198025033695
Bearing3_2,2337,0.9366733466933868,14.651006719766105
Bearing3_2,2338,0.9370741482965932,15.738637329900325
Bearing3_2,2339,0.9374749498997996,18.087783640367533
Bearing3_2,2340,0.9378757515030061,19.603000902009846
Bearing3_2,2341,0.9382765531062124,19.23516744529571
Bearing3_2,2342,0.9386773547094188,19.716140653688363
Bearing3_2,2343,0.9390781563126253,19.89520189145351
Bearing3_2,2344,0.9394789579158317,18.62822724483963
Bearing3_2,2345,0.9398797595190381,17.553626925227327
Bearing3_2,2346,0.9402805611222445,17.02566052633123
Bearing3_2,2347,0.9406813627254509,17.467826480857575
Bearing3_2,2348,0.9410821643286573,17.02287858653283
Bearing3_2,2349,0.9414829659318638,15.326111517876276
Bearing3_2,2350,0.9418837675350702,14.86879305363918
Bearing3_2,2351,0.9422845691382765,15.573028857274497
Bearing3_2,2352,0.942685370741483,15.947152636053719
Bearing3_2,2353,0.9430861723446894,16.56205503245373
Bearing3_2,2354,0.9434869739478958,17.800195414686662
Bearing3_2,2355,0.9438877755511023,18.327847507600588
Bearing3_2,2356,0.9442885771543086,18.95084028389821
Bearing3_2,2357,0.944689378757515,18.25591400154222
Bearing3_2,2358,0.9450901803607215,17.76659963292186
Bearing3_2,2359,0.9454909819639279,18.38993441141927
Bearing3_2,2360,0.9458917835671342,18.79337171430144
Bearing3_2,2361,0.9462925851703406,18.991492197472077
Bearing3_2,2362,0.9466933867735471,19.18623300701311
Bearing3_2,2363,0.9470941883767535,18.934054708870494
Bearing3_2,2364,0.94749498997996,19.20247527907961
Bearing3_2,2365,0.9478957915831663,20.145741766017146
Bearing3_2,2366,0.9482965931863727,20.04723018414311
Bearing3_2,2367,0.9486973947895792,20.147495392490615
Bearing3_2,2368,0.9490981963927856,21.1274533538172
Bearing3_2,2369,0.949498997995992,21.607921099264026
Bearing3_2,2370,0.9498997995991983,20.99271721006837
Bearing3_2,2371,0.9503006012024048,20.44640182180317
Bearing3_2,2372,0.9507014028056112,20.55594419793031
Bearing3_2,2373,0.9511022044088177,20.447231467760368
Bearing3_2,2374,0.9515030060120241,20.118107463050094
Bearing3_2,2375,0.9519038076152304,19.613080549530352
Bearing3_2,2376,0.9523046092184368,19.707125262494785
Bearing3_2,2377,0.9527054108216433,20.086643186823153
Bearing3_2,2378,0.9531062124248497,19.854547146893154
Bearing3_2,2379,0.9535070140280562,19.324762300483066
Bearing3_2,2380,0.9539078156312625,20.04281485601707
Bearing3_2,2381,0.9543086172344689,20.084552665290904
Bearing3_2,2382,0.9547094188376753,19.250971160593657
Bearing3_2,2383,0.9551102204408818,18.984562721939046
Bearing3_2,2384,0.9555110220440882,18.99742697512619
Bearing3_2,2385,0.9559118236472945,18.877887621368465
Bearing3_2,2386,0.956312625250501,18.476482642486623
Bearing3_2,2387,0.9567134268537074,17.828237036546028
Bearing3_2,2388,0.9571142284569139,17.572039144330457
Bearing3_2,2389,0.9575150300601203,17.54717343131737
Bearing3_2,2390,0.9579158316633266,16.98809952466069
Bearing3_2,2391,0.958316633266533,17.22728026606693
Bearing3_2,2392,0.9587174348697395,18.086086974783292
Bearing3_2,2393,0.9591182364729459,18.463691138792495
Bearing3_2,2394,0.9595190380761524,17.581672120813387
Bearing3_2,2395,0.9599198396793587,17.126648448842754
Bearing3_2,2396,0.9603206412825651,17.076984176585192
Bearing3_2,2397,0.9607214428857715,17.143452956731032
Bearing3_2,2398,0.961122244488978,17.023240224144406
Bearing3_2,2399,0.9615230460921844,16.78779818057031
Bearing3_2,2400,0.9619238476953907,16.46865472270213
Bearing3_2,2401,0.9623246492985972,16.069660694711143
Bearing3_2,2402,0.9627254509018036,15.932751577764359
Bearing3_2,2403,0.96312625250501,15.680609509864661
Bearing3_2,2404,0.9635270541082165,16.39517715008713
Bearing3_2,2405,0.9639278557114228,16.65159324190055
Bearing3_2,2406,0.9643286573146292,16.760294441183788
Bearing3_2,2407,0.9647294589178357,16.705221733494476
Bearing3_2,2408,0.9651302605210421,16.67777222728654
Bearing3_2,2409,0.9655310621242486,16.68686074391323
Bearing3_2,2410,0.9659318637274549,16.918953166439888
Bearing3_2,2411,0.9663326653306613,17.11601007317783
Bearing3_2,2412,0.9667334669338677,17.271702535286956
Bearing3_2,2413,0.9671342685370742,17.592343725834738
Bearing3_2,2414,0.9675350701402805,17.95442298087784
Bearing3_2,2415,0.9679358717434869,18.075446652672003
Bearing3_2,2416,0.9683366733466934,17.989059251947456
Bearing3_2,2417,0.9687374749498998,17.602937165217003
Bearing3_2,2418,0.9691382765531062,17.270503318697862
Bearing3_2,2419,0.9695390781563126,16.830474297975584
Bearing3_2,2420,0.969939879759519,16.189880690881715
Bearing3_2,2421,0.9703406813627254,15.52727949698243
Bearing3_2,2422,0.9707414829659319,14.921479719097505
Bearing3_2,2423,0.9711422845691383,14.25182981504463
Bearing3_2,2424,0.9715430861723446,13.559130647781018
Bearing3_2,2425,0.9719438877755511,14.127022544214787
Bearing3_2,2426,0.9723446893787575,13.640286515739334
Bearing3_2,2427,0.972745490981964,14.214889269003805
Bearing3_2,2428,0.9731462925851704,14.169351487789687
Bearing3_2,2429,0.9735470941883767,14.643341678979121
Bearing3_2,2430,0.9739478957915831,14.511235393817518
Bearing3_2,2431,0.9743486973947896,15.185978945036661
Bearing3_2,2432,0.974749498997996,16.06869243780266
Bearing3_2,2433,0.9751503006012024,16.702394921355484
Bearing3_2,2434,0.9755511022044088,17.412083384511366
Bearing3_2,2435,0.9759519038076152,16.423680020298775
Bearing3_2,2436,0.9763527054108216,17.207213487075638
Bearing3_2,2437,0.9767535070140281,16.51927956565466
Bearing3_2,2438,0.9771543086172345,17.403712814953114
Bearing3_2,2439,0.9775551102204408,16.9595302236253
Bearing3_2,2440,0.9779559118236473,18.008256359597933
Bearing3_2,2441,0.9783567134268537,16.469706092404788
Bearing3_2,2442,0.9787575150300601,14.898391326175382
Bearing3_2,2443,0.9791583166332666,13.622570515649334
Bearing3_2,2444,0.9795591182364729,12.533920562707852
Bearing3_2,2445,0.9799599198396793,13.137790808568505
Bearing3_2,2446,0.9803607214428858,13.323049246075588
Bearing3_2,2447,0.9807615230460922,14.177531086342077
Bearing3_2,2448,0.9811623246492986,14.460290669637512
Bearing3_2,2449,0.981563126252505,14.293028246892769
Bearing3_2,2450,0.9819639278557114,13.973642394477716
Bearing3_2,2451,0.9823647294589178,14.910642618920718
Bearing3_2,2452,0.9827655310621243,16.198275530094648
Bearing3_2,2453,0.9831663326653307,17.369732146478228
Bearing3_2,2454,0.983567134268537,18.62336130455936
Bearing3_2,2455,0.9839679358717435,18.870735679821912
Bearing3_2,2456,0.9843687374749499,17.187582189057505
Bearing3_2,2457,0.9847695390781563,16.53782339961947
Bearing3_2,2458,0.9851703406813628,15.8603462653094
Bearing3_2,2459,0.9855711422845691,16.336472469683947
Bearing3_2,2460,0.9859719438877755,15.977041472671328
Bearing3_2,2461,0.986372745490982,16.05961185685755
Bearing3_2,2462,0.9867735470941884,15.839570797110241
Bearing3_2,2463,0.9871743486973948,14.367079492627813
Bearing3_2,2464,0.9875751503006012,13.325787302265828
Bearing3_2,2465,0.9879759519038076,12.54240436184632
Bearing3_2,2466,0.988376753507014,12.778722543823129
Bearing3_2,2467,0.9887775551102205,13.282677836665993
Bearing3_2,2468,0.9891783567134268,13.125670195604249
Bearing3_2,2469,0.9895791583166332,12.450974259383495
Bearing3_2,2470,0.9899799599198397,12.907734689988908
Bearing3_2,2471,0.9903807615230461,13.084502740789848
Bearing3_2,2472,0.9907815631262525,13.016855698388307
Bearing3_2,2473,0.9911823647294589,13.959460104171708
Bearing3_2,2474,0.9915831663326653,13.926747540927906
Bearing3_2,2475,0.9919839679358717,14.672822073223756
Bearing3_2,2476,0.9923847695390782,16.47965081481426
Bearing3_2,2477,0.9927855711422846,17.283875763926495
Bearing3_2,2478,0.9931863727454909,17.421044239429616
Bearing3_2,2479,0.9935871743486974,19.100445282245595
Bearing3_2,2480,0.9939879759519038,19.868705160490805
Bearing3_2,2481,0.9943887775551102,20.155735496170138
Bearing3_2,2482,0.9947895791583167,21.02110140400646
Bearing3_2,2483,0.995190380761523,22.166213521768803
Bearing3_2,2484,0.9955911823647294,23.358909467514295
Bearing3_2,2485,0.9959919839679359,23.321630223211894
Bearing3_2,2486,0.9963927855711423,22.95244580337482
Bearing3_2,2487,0.9967935871743487,22.292346685078705
Bearing3_2,2488,0.9971943887775551,23.033593003549825
Bearing3_2,2489,0.9975951903807615,22.54067349764066
Bearing3_2,2490,0.9979959919839679,21.913275250980863
Bearing3_2,2491,0.9983967935871744,22.241864620000598
Bearing3_2,2492,0.9987975951903808,22.20720231132658
Bearing3_2,2493,0.9991983967935871,21.265658639257488
Bearing3_2,2494,0.9995991983967936,21.289686092372023
Bearing3_2,2495,1.0,21.528469679053863
Bearing3_3,0,0.0,
Bearing3_3,1,0.002702702702702703,
Bearing3_3,2,0.005405405405405406,
Bearing3_3,3,0.008108108108108109,
Bearing3_3,4,0.010810810810810811,
Bearing3_3,5,0.013513513513513514,
Bearing3_3,6,0.016216216216216217,
Bearing3_3,7,0.01891891891891892,
Bearing3_3,8,0.021621621621621623,
Bearing3_3,9,0.024324324324324326,
Bearing3_3,10,0.02702702702702703,
Bearing3_3,11,0.02972972972972973,
Bearing3_3,12,0.032432432432432434,
Bearing3_3,13,0.03513513513513514,
Bearing3_3,14,0.03783783783783784,
Bearing3_3,15,0.04054054054054054,0.7376280342094167
Bearing3_3,16,0.043243243243243246,0.7509363660442429
Bearing3_3,17,0.04594594594594595,0.7290646253335874
Bearing3_3,18,0.04864864864864865,0.7335275380685489
Bearing3_3,19,0.051351351351351354,0.697734512648426
Bearing3_3,20,0.05405405405405406,0.677851588229674
Bearing3_3,21,0.05675675675675676,0.6613740969232118
Bearing3_3,22,0.05945945945945946,0.6680242977903049
Bearing3_3,23,0.062162162162162166,0.6628611874504893
Bearing3_3,24,0.06486486486486487,0.6562240481196986
Bearing3_3,25,0.06756756756756757,0.6375314059770361
Bearing3_3,26,0.07027027027027027,0.6290051751010612
Bearing3_3,27,0.07297297297297298,0.6109160937742487
Bearing3_3,28,0.07567567567567568,0.5987631075118631
Bearing3_3,29,0.07837837837837838,0.5912804111316099
Bearing3_3,30,0.08108108108108109,0.5872999431728309
Bearing3_3,31,0.08378378378378379,0.6024478670514829
Bearing3_3,32,0.08648648648648649,0.5943336268323324
Bearing3_3,33,0.0891891891891892,0.5911756351570966
Bearing3_3,34,0.0918918918918919,0.5871668442075565
Bearing3_3,35,0.0945945945945946,0.5864883613957358
Bearing3_3,36,0.0972972972972973,0.5698502934784203
Bearing3_3,37,0.1,0.5725026647783966
Bearing3_3,38,0.10270270270270271,0.5569474506579585
Bearing3_3,39,0.10540540540540541,0.5587597256413017
Bearing3_3,40,0.10810810810810811,0.5624737539995486
Bearing3_3,41,0.11081081081081082,0.5446479058465978
Bearing3_3,42,0.11351351351351352,0.5267858833695149
Bearing3_3,43,0.11621621621621622,0.5224362567213345
Bearing3_3,44,0.11891891891891893,0.5013870775446658
Bearing3_3,45,0.12162162162162163,0.4825498645069968
Bearing3_3,46,0.12432432432432433,0.46356338817464016
Bearing3_3,47,0.12702702702702703,0.4393328177453412
Bearing3_3,48,0.12972972972972974,0.42626991710797324
Bearing3_3,49,0.13243243243243244,0.4054102365151236
Bearing3_3,50,0.13513513513513514,0.3784025684148359
Bearing3_3,51,0.13783783783783785,0.35468412625468027
Bearing3_3,52,0.14054054054054055,0.3303767719291238
Bearing3_3,53,0.14324324324324325,0.29310156028306966
Bearing3_3,54,0.14594594594594595,0.281806478452669
Bearing3_3,55,0.14864864864864866,0.26590971061377794
Bearing3_3,56,0.15135135135135136,0.24351367852877512
Bearing3_3,57,0.15405405405405406,0.2197725226473274
Bearing3_3,58,0.15675675675675677,0.19519955739484715
Bearing3_3,59,0.15945945945945947,0.16758541952606681
Bearing3_3,60,0.16216216216216217,0.12950214437933333
Bearing3_3,61,0.16486486486486487,0.10642549609881155
Bearing3_3,62,0.16756756756756758,0.07880681669617018
Bearing3_3,63,0.17027027027027028,0.06133664109090231
Bearing3_3,64,0.17297297297297298,0.03972363930714433
Bearing3_3,65,0.17567567567567569,0.014448647904035971
Bearing3_3,66,0.1783783783783784,-0.003662912634906787
Bearing3_3,67,0.1810810810810811,-0.011223818974142116
Bearing3_3,68,0.1837837837837838,-0.03543003964833773
Bearing3_3,69,0.1864864864864865,-0.06123574732647276
Bearing3_3,70,0.1891891891891892,-0.0627697771040013
Bearing3_3,71,0.1918918918918919,-0.07487307524344364
Bearing3_3,72,0.1945945945945946,-0.08436775005644251
Bearing3_3,73,0.1972972972972973,-0.09395584451588171
Bearing3_3,74,0.2,-0.11133217424908932
Bearing3_3,75,0.20270270270270271,-0.11842463525321519
Bearing3_3,76,0.20540540540540542,-0.1145190826486668
Bearing3_3,77,0.20810810810810812,-0.1269650299361265
Bearing3_3,78,0.21081081081081082,-0.11341546883160729
Bearing3_3,79,0.21351351351351353,-0.09551613152623377
Bearing3_3,80,0.21621621621621623,-0.10116984118249901
Bearing3_3,81,0.21891891891891893,-0.10147517417620136
Bearing3_3,82,0.22162162162162163,-0.09036160180767937
Bearing3_3,83,0.22432432432432434,-0.09977204094965969
Bearing3_3,84,0.22702702702702704,-0.08595529058383858
Bearing3_3,85,0.22972972972972974,-0.0844450724527863
Bearing3_3,86,0.23243243243243245,-0.08877090502432428
Bearing3_3,87,0.23513513513513515,-0.09088079631586574
Bearing3_3,88,0.23783783783783785,-0.11481594275506586
Bearing3_3,89,0.24054054054054055,-0.12863587834117693
Bearing3_3,90,0.24324324324324326,-0.1312568218886619
Bearing3_3,91,0.24594594594594596,-0.14330999637270386
Bearing3_3,92,0.24864864864864866,-0.15711226125784536
Bearing3_3,93,0.25135135135135134,-0.15973999697359054
Bearing3_3,94,0.25405405405405407,-0.17267638998638438
Bearing3_3,95,0.25675675675675674,-0.18559354110884635
Bearing3_3,96,0.2594594594594595,-0.208522236629716
Bearing3_3,97,0.26216216216216215,-0.2301670149738455
Bearing3_3,98,0.2648648648648649,-0.24035037697480127
Bearing3_3,99,0.26756756756756755,-0.2521962504053733
Bearing3_3,100,0.2702702702702703,-0.2752888645173172
Bearing3_3,101,0.27297297297297296,-0.2939175175660581
Bearing3_3,102,0.2756756756756757,-0.3133025741565302
Bearing3_3,103,0.27837837837837837,-0.31376200048431074
Bearing3_3,104,0.2810810810810811,-0.33505034851834725
Bearing3_3,105,0.28378378378378377,-0.35248871732312786
Bearing3_3,106,0.2864864864864865,-0.3553544935673049
Bearing3_3,107,0.2891891891891892,-0.35151233927527936
Bearing3_3,108,0.2918918918918919,-0.35129499262218183
Bearing3_3,109,0.2945945945945946,-0.359720327040581
Bearing3_3,110,0.2972972972972973,-0.3662687412888943
Bearing3_3,111,0.3,-0.3676940271584509
Bearing3_3,112,0.3027027027027027,-0.36471955254231886
Bearing3_3,113,0.3054054054054054,-0.3796118971639823
Bearing3_3,114,0.3081081081081081,-0.384801849138559
Bearing3_3,115,0.3108108108108108,-0.39946394596979645
Bearing3_3,116,0.31351351351351353,-0.4158107391796775
Bearing3_3,117,0.3162162162162162,-0.43469180520301637
Bearing3_3,118,0.31891891891891894,-0.4434478135374856
Bearing3_3,119,0.3216216216216216,-0.4582484775367467
Bearing3_3,120,0.32432432432432434,-0.4580977586441718
Bearing3_3,121,0.327027027027027,-0.45935048477595597
Bearing3_3,122,0.32972972972972975,-0.4730227360255023
Bearing3_3,123,0.3324324324324324,-0.47699542655638727
Bearing3_3,124,0.33513513513513515,-0.4797323641260249
Bearing3_3,125,0.33783783783783783,-0.47243653196963364
Bearing3_3,126,0.34054054054054056,-0.46558456992783637
Bearing3_3,127,0.34324324324324323,-0.4536754094435714
Bearing3_3,128,0.34594594594594597,-0.46132730644228
Bearing3_3,129,0.34864864864864864,-0.4555935254542014
Bearing3_3,130,0.35135135135135137,-0.45403956749301777
Bearing3_3,131,0.35405405405405405,-0.45968988303274
Bearing3_3,132,0.3567567567567568,-0.4702128931800084
Bearing3_3,133,0.35945945945945945,-0.48230102717175943
Bearing3_3,134,0.3621621621621622,-0.4994014967186805
Bearing3_3,135,0.36486486486486486,-0.5054218638552426
Bearing3_3,136,0.3675675675675676,-0.5196502455635115
Bearing3_3,137,0.37027027027027026,-0.5362779824152206
Bearing3_3,138,0.372972972972973,-0.540832923263839
Bearing3_3,139,0.37567567567567567,-0.5476003907506004
Bearing3_3,140,0.3783783783783784,-0.5624528785944027
Bearing3_3,141,0.3810810810810811,-0.580576959237957
Bearing3_3,142,0.3837837837837838,-0.5887298835832973
Bearing3_3,143,0.3864864864864865,-0.613876823214207
Bearing3_3,144,0.3891891891891892,-0.6294632957073925
Bearing3_3,145,0.3918918918918919,-0.637559123472085
Bearing3_3,146,0.3945945945945946,-0.6467149055829438
Bearing3_3,147,0.3972972972972973,-0.652225240952256
Bearing3_3,148,0.4,-0.6663486122839564
Bearing3_3,149,0.4027027027027027,-0.6819129652404807
Bearing3_3,150,0.40540540540540543,-0.6877008655974326
Bearing3_3,151,0.4081081081081081,-0.6950094154175206
Bearing3_3,152,0.41081081081081083,-0.7023481872602737
Bearing3_3,153,0.4135135135135135,-0.7093913131730012
Bearing3_3,154,0.41621621621621624,-0.7091442040058824
Bearing3_3,155,0.4189189189189189,-0.7187318684342741
Bearing3_3,156,0.42162162162162165,-0.7372745733775943
Bearing3_3,157,0.4243243243243243,-0.7547410915100555
Bearing3_3,158,0.42702702702702705,-0.7683635871929908
Bearing3_3,159,0.4297297297297297,-0.774470381817743
Bearing3_3,160,0.43243243243243246,-0.7769815513645055
Bearing3_3,161,0.43513513513513513,-0.7931215047177915
Bearing3_3,162,0.43783783783783786,-0.8029255820508905
Bearing3_3,163,0.44054054054054054,-0.8062513916469388
Bearing3_3,164,0.44324324324324327,-0.8198476344453116
Bearing3_3,165,0.44594594594594594,-0.8336065551453382
Bearing3_3,166,0.4486486486486487,-0.8362132880852211
Bearing3_3,167,0.45135135135135135,-0.846720160534668
Bearing3_3,168,0.4540540540540541,-0.8577940195570513
Bearing3_3,169,0.45675675675675675,-0.8792067058850128
Bearing3_3,170,0.4594594594594595,-0.9073715596037351
Bearing3_3,171,0.46216216216216216,-0.9196576753281287
Bearing3_3,172,0.4648648648648649,-0.9316820231684119
Bearing3_3,173,0.46756756756756757,-0.9358672797726948
Bearing3_3,174,0.4702702702702703,-0.9546009579350117
Bearing3_3,175,0.47297297297297297,-0.9651639168076243
Bearing3_3,176,0.4756756756756757,-0.9753603089771609
Bearing3_3,177,0.4783783783783784,-0.9862813169823174
Bearing3_3,178,0.4810810810810811,-0.9862875170835063
Bearing3_3,179,0.4837837837837838,-0.9806297141759593
Bearing3_3,180,0.4864864864864865,-0.9830080394951624
Bearing3_3,181,0.4891891891891892,-0.9866211828441962
Bearing3_3,182,0.4918918918918919,-0.9933609392335008
Bearing3_3,183,0.4945945945945946,-1.012389412096795
Bearing3_3,184,0.4972972972972973,-1.0119105215216153
Bearing3_3,185,0.5,-1.023044062544543
Bearing3_3,186,0.5027027027027027,-1.034515740044497
Bearing3_3,187,0.5054054054054054,-1.0417102616752565
Bearing3_3,188,0.5081081081081081,-1.0656137268202341
Bearing3_3,189,0.5108108108108108,-1.0899339491211868
Bearing3_3,190,0.5135135135135135,-1.0974879419103922
Bearing3_3,191,0.5162162162162162,-1.1104920031991976
Bearing3_3,192,0.518918918918919,-1.1211395627847942
Bearing3_3,193,0.5216216216216216,-1.122664635367876
Bearing3_3,194,0.5243243243243243,-1.123431813586709
Bearing3_3,195,0.527027027027027,-1.1371228354928329
Bearing3_3,196,0.5297297297297298,-1.1556401451094807
Bearing3_3,197,0.5324324324324324,-1.1647235652560521
Bearing3_3,198,0.5351351351351351,-1.1734320448286133
Bearing3_3,199,0.5378378378378378,-1.1854549381734525
Bearing3_3,200,0.5405405405405406,-1.2046750980224108
Bearing3_3,201,0.5432432432432432,-1.2179919003135011
Bearing3_3,202,0.5459459459459459,-1.2221612132546693
Bearing3_3,203,0.5486486486486486,-1.2301550342741854
Bearing3_3,204,0.5513513513513514,-1.2625690118018145
Bearing3_3,205,0.5540540540540541,-1.2743680507480775
Bearing3_3,206,0.5567567567567567,-1.2746932241568083
Bearing3_3,207,0.5594594594594594,-1.2786675852594136
Bearing3_3,208,0.5621621621621622,-1.2808353927718314
Bearing3_3,209,0.5648648648648649,-1.2760791281607498
Bearing3_3,210,0.5675675675675675,-1.2886369675446274
Bearing3_3,211,0.5702702702702702,-1.2917584131499278
Bearing3_3,212,0.572972972972973,-1.3079981806411662
Bearing3_3,213,0.5756756756756757,-1.3171922871641093
Bearing3_3,214,0.5783783783783784,-1.2931121572192068
Bearing3_3,215,0.581081081081081,-1.276599415706233
Bearing3_3,216,0.5837837837837838,-1.2704107991686475
Bearing3_3,217,0.5864864864864865,-1.2630053174622573
Bearing3_3,218,0.5891891891891892,-1.251965526629966
Bearing3_3,219,0.5918918918918918,-1.245965197487738
Bearing3_3,220,0.5945945945945946,-1.2259314017974898
Bearing3_3,221,0.5972972972972973,-1.2236404892890889
Bearing3_3,222,0.6,-1.2037513494366048
Bearing3_3,223,0.6027027027027027,-1.1879880009757147
Bearing3_3,224,0.6054054054054054,-1.1795246962054824
Bearing3_3,225,0.6081081081081081,-1.1804297365198582
Bearing3_3,226,0.6108108108108108,-1.1887105300115193
Bearing3_3,227,0.6135135135135135,-1.1963841010087415
Bearing3_3,228,0.6162162162162163,-1.2079208636395284
Bearing3_3,229,0.6189189189189189,-1.2188209639356933
Bearing3_3,230,0.6216216216216216,-1.2217544988172253
Bearing3_3,231,0.6243243243243243,-1.215908752597223
Bearing3_3,232,0.6270270270270271,-1.2269195279190535
Bearing3_3,233,0.6297297297297297,-1.2382058826659774
Bearing3_3,234,0.6324324324324324,-1.2421795532168451
Bearing3_3,235,0.6351351351351351,-1.2519929898038245
Bearing3_3,236,0.6378378378378379,-1.2485107888496207
Bearing3_3,237,0.6405405405405405,-1.2538462257909164
Bearing3_3,238,0.6432432432432432,-1.2659582448295883
Bearing3_3,239,0.6459459459459459,-1.2619804048754975
Bearing3_3,240,0.6486486486486487,-1.2707229891514136
Bearing3_3,241,0.6513513513513514,-1.2749965898087852
Bearing3_3,242,0.654054054054054,-1.2815424206792776
Bearing3_3,243,0.6567567567567567,-1.2842960217663795
Bearing3_3,244,0.6594594594594595,-1.2998203936586594
Bearing3_3,245,0.6621621621621622,-1.3070851327717774
Bearing3_3,246,0.6648648648648648,-1.3230623358453584
Bearing3_3,247,0.6675675675675675,-1.3235014148418023
Bearing3_3,248,0.6702702702702703,-1.3031012800893174
Bearing3_3,249,0.672972972972973,-1.2919700216417935
Bearing3_3,250,0.6756756756756757,-1.2815825098520288
Bearing3_3,251,0.6783783783783783,-1.2871115169006084
Bearing3_3,252,0.6810810810810811,-1.284871776754334
Bearing3_3,253,0.6837837837837838,-1.2829379414590343
Bearing3_3,254,0.6864864864864865,-1.2745008554763588
Bearing3_3,255,0.6891891891891891,-1.2682904376955129
Bearing3_3,256,0.6918918918918919,-1.2565836742613166
Bearing3_3,257,0.6945945945945946,-1.2597102992876408
Bearing3_3,258,0.6972972972972973,-1.2729131709947823
Bearing3_3,259,0.7,-1.2939073641995136
Bearing3_3,260,0.7027027027027027,-1.304170686590417
Bearing3_3,261,0.7054054054054054,-1.308669133660569
Bearing3_3,262,0.7081081081081081,-1.3223876909569872
Bearing3_3,263,0.7108108108108108,-1.3356756841434017
Bearing3_3,264,0.7135135135135136,-1.3583699400505862
Bearing3_3,265,0.7162162162162162,-1.3718882844798796
Bearing3_3,266,0.7189189189189189,-1.3871767546280627
Bearing3_3,267,0.7216216216216216,-1.407499319938011
Bearing3_3,268,0.7243243243243244,-1.414584516411518
Bearing3_3,269,0.727027027027027,-1.4166535012520458
Bearing3_3,270,0.7297297297297297,-1.4291756869162537
Bearing3_3,271,0.7324324324324324,-1.4377418941820044
Bearing3_3,272,0.7351351351351352,-1.4422649820326965
Bearing3_3,273,0.7378378378378379,-1.458147281209532
Bearing3_3,274,0.7405405405405405,-1.4591325119417902
Bearing3_3,275,0.7432432432432432,-1.4685388339771632
Bearing3_3,276,0.745945945945946,-1.4708814079130694
Bearing3_3,277,0.7486486486486487,-1.472087822428609
Bearing3_3,278,0.7513513513513513,-1.4838893770290205
Bearing3_3,279,0.754054054054054,-1.498046085524074
Bearing3_3,280,0.7567567567567568,-1.5085594190082077
Bearing3_3,281,0.7594594594594595,-1.521421475838184
Bearing3_3,282,0.7621621621621621,-1.5262606882997152
Bearing3_3,283,0.7648648648648648,-1.528089736506439
Bearing3_3,284,0.7675675675675676,-1.5417888237065385
Bearing3_3,285,0.7702702702702703,-1.544353537079835
Bearing3_3,286,0.772972972972973,-1.545435084783873
Bearing3_3,287,0.7756756756756756,-1.546484748600864
Bearing3_3,288,0.7783783783783784,-1.5478539712326096
Bearing3_3,289,0.7810810810810811,-1.549890304653786
Bearing3_3,290,0.7837837837837838,-1.5590015975988398
Bearing3_3,291,0.7864864864864864,-1.5589495063093033
Bearing3_3,292,0.7891891891891892,-1.5625180313787137
Bearing3_3,293,0.7918918918918919,-1.5728078796782314
Bearing3_3,294,0.7945945945945946,-1.564786710704544
Bearing3_3,295,0.7972972972972973,-1.5751546485764838
Bearing3_3,296,0.8,-1.5709475041186534
Bearing3_3,297,0.8027027027027027,-1.576247719472604
Bearing3_3,298,0.8054054054054054,-1.5750891238669347
Bearing3_3,299,0.8081081081081081,-1.573102794181617
Bearing3_3,300,0.8108108108108109,-1.5644477030307005
Bearing3_3,301,0.8135135135135135,-1.5667825475539836
Bearing3_3,302,0.8162162162162162,-1.5728797348782797
Bearing3_3,303,0.8189189189189189,-1.5552247079521466
Bearing3_3,304,0.8216216216216217,-1.56571561723884
Bearing3_3,305,0.8243243243243243,-1.5652608482569832
Bearing3_3,306,0.827027027027027,-1.5788764960934878
Bearing3_3,307,0.8297297297297297,-1.5910895799479112
Bearing3_3,308,0.8324324324324325,-1.6015421206319744
Bearing3_3,309,0.8351351351351352,-1.617732228243133
Bearing3_3,310,0.8378378378378378,-1.629363267294601
Bearing3_3,311,0.8405405405405405,-1.6237956664305933
Bearing3_3,312,0.8432432432432433,-1.6142801828711684
Bearing3_3,313,0.845945945945946,-1.612130531728356
Bearing3_3,314,0.8486486486486486,-1.6031123610273792
Bearing3_3,315,0.8513513513513513,-1.5941460338910896
Bearing3_3,316,0.8540540540540541,-1.594058218163698
Bearing3_3,317,0.8567567567567568,-1.5814010556471323
Bearing3_3,318,0.8594594594594595,-1.5782782667085893
Bearing3_3,319,0.8621621621621621,-1.5588802549687557
Bearing3_3,320,0.8648648648648649,-1.5465351498979771
Bearing3_3,321,0.8675675675675676,-1.5363754817015278
Bearing3_3,322,0.8702702702702703,-1.5371103056436737
Bearing3_3,323,0.8729729729729729,-1.5473580873406447
Bearing3_3,324,0.8756756756756757,-1.544136093450229
Bearing3_3,325,0.8783783783783784,-1.5462427133622951
Bearing3_3,326,0.8810810810810811,-1.543177226678338
Bearing3_3,327,0.8837837837837837,-1.5301729992593693
Bearing3_3,328,0.8864864864864865,-1.523722684729723
Bearing3_3,329,0.8891891891891892,-1.532129493461865
Bearing3_3,330,0.8918918918918919,-1.5346294971154966
Bearing3_3,331,0.8945945945945946,-1.5514047391806842
Bearing3_3,332,0.8972972972972973,-1.5583561922215552
Bearing3_3,333,0.9,-1.5485268894216841
Bearing3_3,334,0.9027027027027027,-1.5627900790872291
Bearing3_3,335,0.9054054054054054,-1.5656422669468448
Bearing3_3,336,0.9081081081081082,-1.5650285928926662
Bearing3_3,337,0.9108108108108108,-1.577402149620225
Bearing3_3,338,0.9135135135135135,-1.5582278709374724
Bearing3_3,339,0.9162162162162162,-1.5254425114419812
Bearing3_3,340,0.918918918918919,-1.4512815762363886
Bearing3_3,341,0.9216216216216216,-1.3404060588836235
Bearing3_3,342,0.9243243243243243,-1.0673707216079893
Bearing3_3,343,0.927027027027027,-0.6963539805722948
Bearing3_3,344,0.9297297297297298,-0.1425718987054176
Bearing3_3,345,0.9324324324324325,0.6421357895195401
Bearing3_3,346,0.9351351351351351,1.4883452044350869
Bearing3_3,347,0.9378378378378378,2.3665989168699437
Bearing3_3,348,0.9405405405405406,3.4410370954208593
Bearing3_3,349,0.9432432432432433,4.532628825393138
Bearing3_3,350,0.9459459459459459,5.56949199167511
Bearing3_3,351,0.9486486486486486,6.757387254784801
Bearing3_3,352,0.9513513513513514,7.830202134235397
Bearing3_3,353,0.9540540540540541,8.783025310557084
Bearing3_3,354,0.9567567567567568,9.631235355917996
Bearing3_3,355,0.9594594594594594,10.257561414069345
Bearing3_3,356,0.9621621621621622,10.826713562747813
Bearing3_3,357,0.9648648648648649,11.406858248583882
Bearing3_3,358,0.9675675675675676,11.765887793527996
Bearing3_3,359,0.9702702702702702,12.144792631981897
Bearing3_3,360,0.972972972972973,12.520913547059605
Bearing3_3,361,0.9756756756756757,12.78178494752343
Bearing3_3,362,0.9783783783783784,12.956408049983988
Bearing3_3,363,0.981081081081081,13.212301609312064
Bearing3_3,364,0.9837837837837838,13.405121096762466
Bearing3_3,365,0.9864864864864865,13.624484946844465
Bearing3_3,366,0.9891891891891892,13.81994274040029
Bearing3_3,367,0.9918918918918919,14.016758871470007
Bearing3_3,368,0.9945945945945946,14.182806460263981
Bearing3_3,369,0.9972972972972973,14.3039688838011
Bearing3_3,370,1.0,14.440749091639631
