bearing_id,split,step_id,normalized_lifetime,distance_level,gru_level,gru_hidden_distance,gru_next_step_mse,included_in_common_score,gru_hidden_0,gru_hidden_1,gru_hidden_2,gru_hidden_3,gru_hidden_4,gru_hidden_5,gru_hidden_6,gru_hidden_7
Bearing1_1,train,0,0.0,,,0.48004812,0.16337626,False,0.8715289831161499,0.6750173568725586,-0.7700330018997192,0.7796064615249634,0.023420117795467377,-0.7421737909317017,0.8573105335235596,0.9588406682014465
Bearing1_1,train,1,0.00819672131147541,,,0.38988715,0.081559956,False,0.9381797313690186,0.8435286283493042,-0.6785702705383301,0.8056017756462097,-0.060518085956573486,-0.8746558427810669,0.968276858329773,0.9578626155853271
Bearing1_1,train,2,0.01639344262295082,,,0.30919665,0.06851371,False,0.936301052570343,0.8615173101425171,-0.6142432689666748,0.7983102798461914,-0.14560401439666748,-0.876144289970398,0.9765075445175171,0.9538794159889221
Bearing1_1,train,3,0.02459016393442623,,,0.24802727,0.031605907,False,0.9321089386940002,0.858156681060791,-0.5787845849990845,0.7913103103637695,-0.21461190283298492,-0.8659102320671082,0.9769433736801147,0.9485810399055481
Bearing1_1,train,4,0.03278688524590164,,,0.16477416,0.019619778,False,0.9185532927513123,0.8363314270973206,-0.5344588160514832,0.7634837031364441,-0.2796021103858948,-0.8380354046821594,0.9716231226921082,0.9286823272705078
Bearing1_1,train,5,0.040983606557377046,,,0.10641982,0.010338707,False,0.9072323441505432,0.8126224875450134,-0.5076534152030945,0.7408382296562195,-0.33294034004211426,-0.8163487315177917,0.9673222303390503,0.9106707572937012
Bearing1_1,train,6,0.04918032786885246,,,0.0718398,0.015856024,False,0.8939509391784668,0.7875025272369385,-0.4856942594051361,0.7157054543495178,-0.3770986497402191,-0.7918806076049805,0.9617342352867126,0.8915570974349976
Bearing1_1,train,7,0.05737704918032787,,,0.08820937,0.012846567,False,0.893160343170166,0.7867722511291504,-0.4827457368373871,0.7146621942520142,-0.4035460352897644,-0.7886208891868591,0.9615216255187988,0.8942100405693054
Bearing1_1,train,8,0.06557377049180328,,,0.10161542,0.0038910126,False,0.8892403244972229,0.7830526232719421,-0.4786111116409302,0.7072320580482483,-0.42550891637802124,-0.7853104472160339,0.960710883140564,0.888863205909729
Bearing1_1,train,9,0.07377049180327869,,,0.13360426,0.002448151,False,0.8678525686264038,0.7405732870101929,-0.44884446263313293,0.6698688268661499,-0.452190637588501,-0.7449964284896851,0.9490435123443604,0.8457044959068298
Bearing1_1,train,10,0.08196721311475409,,,0.16812737,0.012225281,False,0.8554399609565735,0.7201607823371887,-0.435632586479187,0.6493025422096252,-0.4670288562774658,-0.7244177460670471,0.9432711601257324,0.8287240862846375
Bearing1_1,train,11,0.09016393442622951,,,0.26462498,0.0028441334,False,0.8287578821182251,0.6617306470870972,-0.40142300724983215,0.6135079264640808,-0.48460209369659424,-0.6686755418777466,0.9282979965209961,0.7640962600708008
Bearing1_1,train,12,0.09836065573770492,,,0.28477558,0.006952971,False,0.822909951210022,0.6499075889587402,-0.39404746890068054,0.6019290685653687,-0.48867687582969666,-0.6511169672012329,0.9241478443145752,0.7666246294975281
Bearing1_1,train,13,0.10655737704918032,,,0.3366697,0.0014459459,False,0.8075003623962402,0.6250641942024231,-0.38251298666000366,0.5759559869766235,-0.4968138337135315,-0.6296811699867249,0.9156327843666077,0.7331629991531372
Bearing1_1,train,14,0.11475409836065574,,,0.30982345,0.0048916787,False,0.8123202919960022,0.6382503509521484,-0.3959251642227173,0.5785322785377502,-0.49621638655662537,-0.6420581936836243,0.9183540940284729,0.7587328553199768
Bearing1_1,train,15,0.12295081967213115,1.5807108879089355,0.3427122235298157,0.34271222,0.0062890374,True,0.8042977452278137,0.6241630911827087,-0.38450151681900024,0.5706340074539185,-0.49917125701904297,-0.6239103674888611,0.9122380018234253,0.7330905199050903
Bearing1_1,train,16,0.13114754098360656,1.6577584743499756,0.35895514488220215,0.37519807,0.012704028,True,0.7946680784225464,0.6003738045692444,-0.37970295548439026,0.5554707646369934,-0.5004660487174988,-0.6068785786628723,0.9065554141998291,0.7191934585571289
Bearing1_1,train,17,0.13934426229508196,1.7724541425704956,0.38539432485898334,0.43827268,0.0025209885,True,0.7775859236717224,0.5639011859893799,-0.3699846565723419,0.5320353507995605,-0.5026702284812927,-0.5786966681480408,0.8946735858917236,0.6766559481620789
Bearing1_1,train,18,0.14754098360655737,1.791355013847351,0.39134038239717484,0.40917856,0.006549704,True,0.7832469344139099,0.5747557878494263,-0.37831005454063416,0.5385751724243164,-0.4958447813987732,-0.5858832597732544,0.8990536332130432,0.7048632502555847
Bearing1_1,train,19,0.1557377049180328,1.8241615295410156,0.39840357303619384,0.42665634,0.0049949302,True,0.7791787981987,0.5625476837158203,-0.375823050737381,0.5345642566680908,-0.4932101368904114,-0.5801988840103149,0.8965818881988525,0.6876868009567261
Bearing1_1,train,20,0.16393442622950818,1.8423190116882324,0.4026031295458476,0.4236009,0.032068674,True,0.7794958353042603,0.5641466975212097,-0.3793812394142151,0.5351641774177551,-0.4909728765487671,-0.5780414938926697,0.8949128985404968,0.690744161605835
Bearing1_1,train,21,0.1721311475409836,1.9324582815170288,0.42511247737067087,0.56016856,0.0049125873,True,0.7450326681137085,0.4970671236515045,-0.35441845655441284,0.4922455847263336,-0.5006142854690552,-0.5217504501342773,0.8693155646324158,0.5945513248443604
Bearing1_1,train,22,0.18032786885245902,1.904271125793457,0.4219626113772392,0.39991355,0.02810788,True,0.7787633538246155,0.5835758447647095,-0.38904547691345215,0.530658483505249,-0.48448026180267334,-0.5799952149391174,0.8941383957862854,0.7192443609237671
Bearing1_1,train,23,0.1885245901639344,1.955491542816162,0.43363063865237766,0.52697486,0.021305924,True,0.752721905708313,0.5146498680114746,-0.3620767593383789,0.5005321502685547,-0.49438804388046265,-0.5333280563354492,0.8742840886116028,0.616715669631958
Bearing1_1,train,24,0.19672131147540983,2.016653537750244,0.4518311440944672,0.6156357,0.0021824716,True,0.7249641418457031,0.4806479215621948,-0.3386828303337097,0.46346020698547363,-0.49933555722236633,-0.4837545156478882,0.8528434634208679,0.5753839612007141
Bearing1_1,train,25,0.20491803278688525,2.0861611366271973,0.47240263819694517,0.54842716,0.008560451,True,0.7400491833686829,0.5104021430015564,-0.35534295439720154,0.47633492946624756,-0.48908641934394836,-0.5114067196846008,0.8668574094772339,0.6259913444519043
Bearing1_1,train,26,0.21311475409836064,2.1498563289642334,0.4908785581588745,0.55995727,0.04691755,True,0.736781895160675,0.5007387399673462,-0.3563230633735657,0.4728196859359741,-0.488837867975235,-0.5107216835021973,0.864662766456604,0.6155263185501099
Bearing1_1,train,27,0.22131147540983606,2.2521233558654785,0.5222255736589432,0.75174284,0.0027216568,True,0.6867737770080566,0.41810548305511475,-0.3160404562950134,0.42282718420028687,-0.49916747212409973,-0.42798012495040894,0.8290346264839172,0.47756776213645935
Bearing1_1,train,28,0.22950819672131148,2.3072562217712402,0.5417682558298111,0.6046054,0.017877445,True,0.718272864818573,0.4757424294948578,-0.35464349389076233,0.45171040296554565,-0.4758251905441284,-0.4767451286315918,0.8514167666435242,0.6043561100959778
Bearing1_1,train,29,0.23770491803278687,2.38350248336792,0.5662632644176483,0.6716064,0.024110453,True,0.7047155499458313,0.4499066472053528,-0.34228673577308655,0.4310953915119171,-0.4828927516937256,-0.46002432703971863,0.8365613222122192,0.5423121452331543
Bearing1_1,train,30,0.2459016393442623,2.4891350269317627,0.6007640182971954,0.76860845,0.006802867,True,0.6762787699699402,0.40413424372673035,-0.32474419474601746,0.3992392122745514,-0.4855172038078308,-0.41401129961013794,0.8132544755935669,0.4875984191894531
Bearing1_1,train,31,0.2540983606557377,2.5230562686920166,0.6188403189182281,0.7409316,0.0025857093,True,0.6785123944282532,0.42136529088020325,-0.33155345916748047,0.39776891469955444,-0.4753935635089874,-0.4163051247596741,0.81463623046875,0.518871545791626
Bearing1_1,train,32,0.26229508196721313,2.598602533340454,0.6416324853897095,0.6278352,0.012963327,True,0.7084410786628723,0.4724249243736267,-0.3564523756504059,0.4298309087753296,-0.464770644903183,-0.46721798181533813,0.8390434384346008,0.5903760194778442
Bearing1_1,train,33,0.27049180327868855,2.630685806274414,0.6555383026599884,0.666033,0.052708805,True,0.7033668756484985,0.45539912581443787,-0.34457534551620483,0.42874523997306824,-0.4723401963710785,-0.45790228247642517,0.835580587387085,0.5481327176094055
Bearing1_1,train,34,0.2786885245901639,2.710963010787964,0.6816408157348632,0.8766608,0.019899845,True,0.6512177586555481,0.3577149212360382,-0.30304303765296936,0.37758851051330566,-0.4880291223526001,-0.3689940869808197,0.795966386795044,0.40292757749557495
Bearing1_1,train,35,0.28688524590163933,2.825164794921875,0.721232271194458,0.9443417,0.01150761,True,0.6215424537658691,0.3172089159488678,-0.30129528045654297,0.3358365595340729,-0.47759562730789185,-0.3337770104408264,0.7727617025375366,0.38976988196372986
Bearing1_1,train,36,0.29508196721311475,2.8423752784729004,0.7336992502212525,0.68462706,0.045305315,True,0.6849557161331177,0.437205970287323,-0.36133044958114624,0.39990878105163574,-0.44696372747421265,-0.4347425103187561,0.8223313093185425,0.5738621950149536
Bearing1_1,train,37,0.30327868852459017,2.8731236457824707,0.7456578075885772,0.8713284,0.0020349775,True,0.6476279497146606,0.35248520970344543,-0.32596856355667114,0.3635289967060089,-0.46716028451919556,-0.3747401237487793,0.7843871712684631,0.412666916847229
Bearing1_1,train,38,0.3114754098360656,2.910956621170044,0.759104710817337,0.7390744,0.0067501934,True,0.6732122898101807,0.4196910560131073,-0.3402683734893799,0.3916265368461609,-0.4551616907119751,-0.4100661277770996,0.8127104043960571,0.528435468673706
Bearing1_1,train,39,0.319672131147541,2.9132370948791504,0.7631055533885955,0.71161485,0.07895171,True,0.6862156391143799,0.43413862586021423,-0.3448127806186676,0.40357866883277893,-0.4576570987701416,-0.429057776927948,0.8168334364891052,0.5329089164733887
Bearing1_1,train,40,0.32786885245901637,2.988157033920288,0.7870465338230133,1.0080183,0.007649636,True,0.6127378344535828,0.2990095019340515,-0.290951669216156,0.33290666341781616,-0.4827384352684021,-0.31763508915901184,0.7599420547485352,0.3152412474155426
Bearing1_1,train,41,0.3360655737704918,2.992945909500122,0.7925939202308655,0.79640543,0.0026440297,True,0.6537489295005798,0.3845369517803192,-0.3390319347381592,0.3657548129558563,-0.45028427243232727,-0.38169845938682556,0.7960112690925598,0.5090208649635315
Bearing1_1,train,42,0.3442622950819672,3.006256341934204,0.7969382166862488,0.6712782,0.0025314358,True,0.6956362724304199,0.4440598487854004,-0.361311137676239,0.4105648100376129,-0.4460187256336212,-0.44332268834114075,0.8236169815063477,0.5695863366127014
Bearing1_1,train,43,0.3524590163934426,2.9723997116088867,0.7880152583122253,0.57680345,0.089037806,True,0.7244021892547607,0.49425116181373596,-0.37132543325424194,0.44784146547317505,-0.45086750388145447,-0.4914802610874176,0.8464115262031555,0.6136188507080078
Bearing1_1,train,44,0.36065573770491804,2.983635663986206,0.7891117334365845,0.8876256,0.005174808,True,0.6522770524024963,0.3431117534637451,-0.31597787141799927,0.3785010278224945,-0.4824957251548767,-0.37463200092315674,0.7878308296203613,0.3847302198410034
Bearing1_1,train,45,0.36885245901639346,2.9101014137268066,0.7664960026741028,0.7181844,0.054876782,True,0.6756868958473206,0.4265175759792328,-0.34549185633659363,0.39271268248558044,-0.46182888746261597,-0.4210855960845947,0.8158167600631714,0.5523220300674438
Bearing1_1,train,46,0.3770491803278688,3.008561849594116,0.7923671543598175,0.9433386,0.00457807,True,0.6277655959129333,0.33152931928634644,-0.30122727155685425,0.34730714559555054,-0.47832661867141724,-0.33928194642066956,0.775058925151825,0.3623712658882141
Bearing1_1,train,47,0.38524590163934425,2.98543119430542,0.7902010142803192,0.849667,0.0051515205,True,0.6413192749023438,0.3553972542285919,-0.32722043991088867,0.3550848960876465,-0.4555875062942505,-0.3605043888092041,0.7886248826980591,0.4716521203517914
Bearing1_1,train,48,0.39344262295081966,2.957216739654541,0.7809805274009705,0.64686954,0.008341882,True,0.6986210346221924,0.45593520998954773,-0.36550775170326233,0.4181901216506958,-0.4413897395133972,-0.4514145851135254,0.8323638439178467,0.5872349143028259
Bearing1_1,train,49,0.4016393442622951,2.942250967025757,0.774193263053894,0.6437422,0.02990708,True,0.7063443660736084,0.4665202498435974,-0.35457515716552734,0.4310716986656189,-0.45460188388824463,-0.46153128147125244,0.8344618678092957,0.56573486328125
Bearing1_1,train,50,0.4098360655737705,2.8719143867492676,0.7500986456871033,0.7670721,0.00383553,True,0.6763565540313721,0.4101039469242096,-0.3225230574607849,0.40291303396224976,-0.47313547134399414,-0.41114822030067444,0.8171375393867493,0.48027756810188293
Bearing1_1,train,51,0.4180327868852459,2.8390073776245117,0.7355617403984069,0.6510364,0.01552884,True,0.6987671256065369,0.461262583732605,-0.35127338767051697,0.41590359807014465,-0.4674833416938782,-0.4564690887928009,0.8338826298713684,0.5861966013908386
Bearing1_1,train,52,0.4262295081967213,2.8607239723205566,0.7386272251605988,0.701933,0.0143586695,True,0.6918408870697021,0.4307992160320282,-0.3431633412837982,0.40973958373069763,-0.4745180606842041,-0.44535893201828003,0.8276056051254272,0.5352840423583984
Bearing1_1,train,53,0.4344262295081967,2.918579578399658,0.7550112068653106,0.74064326,0.0036864174,True,0.6844055652618408,0.4115782678127289,-0.3344164192676544,0.40891242027282715,-0.47482237219810486,-0.4215679466724396,0.8215743899345398,0.5069613456726074
Bearing1_1,train,54,0.4426229508196721,2.838043689727783,0.7343267977237702,0.6807815,0.018918741,True,0.6973479986190796,0.4426434636116028,-0.34287339448928833,0.42384612560272217,-0.4676658511161804,-0.4410635232925415,0.8325487375259399,0.5532498955726624
Bearing1_1,train,55,0.45081967213114754,2.8651576042175293,0.7373127400875091,0.74804384,0.023390327,True,0.6838533878326416,0.4123399257659912,-0.32937052845954895,0.4073390066623688,-0.47644153237342834,-0.42122650146484375,0.8217823505401611,0.4960349202156067
Bearing1_1,train,56,0.45901639344262296,2.830383777618408,0.726476788520813,0.83497906,0.002998397,True,0.6533477306365967,0.37346404790878296,-0.3166597783565521,0.3718273937702179,-0.4816044569015503,-0.3828220069408417,0.8001714944839478,0.45142945647239685
Bearing1_1,train,57,0.4672131147540984,2.791140556335449,0.7133644819259644,0.71854395,0.0122122625,True,0.6787232756614685,0.43052229285240173,-0.343304842710495,0.39419594407081604,-0.4664910137653351,-0.4262450933456421,0.8187974095344543,0.5404725670814514
Bearing1_1,train,58,0.47540983606557374,2.8315210342407227,0.7228893041610718,0.74211776,0.009910662,True,0.6780743598937988,0.4127463698387146,-0.3415413498878479,0.393451988697052,-0.4707222282886505,-0.42343154549598694,0.8157041668891907,0.5146538615226746
Bearing1_1,train,59,0.48360655737704916,2.8610920906066895,0.7328457117080689,0.7433063,0.00850416,True,0.6767456531524658,0.4128536880016327,-0.3425568640232086,0.39151817560195923,-0.47175484895706177,-0.4226120114326477,0.8141240477561951,0.5157762765884399
Bearing1_1,train,60,0.4918032786885246,2.8378734588623047,0.7293983042240143,0.732598,0.017200995,True,0.6779115200042725,0.42515021562576294,-0.3413076400756836,0.392984002828598,-0.46911200881004333,-0.42290428280830383,0.8118939995765686,0.5248983502388
Bearing1_1,train,61,0.5,2.890111207962036,0.7437672197818757,0.79472554,0.0040274044,True,0.6644117832183838,0.3938399851322174,-0.32651039958000183,0.3845573961734772,-0.47047966718673706,-0.39933884143829346,0.8074471354484558,0.47174298763275146
Bearing1_1,train,62,0.5081967213114754,2.860776662826538,0.739479374885559,0.6590546,0.005622707,True,0.695863664150238,0.45957151055336,-0.3528081774711609,0.41190165281295776,-0.4610474109649658,-0.45052197575569153,0.8282544016838074,0.5804482102394104
Bearing1_1,train,63,0.5163934426229508,2.822263240814209,0.7287539422512055,0.63338894,0.06103397,True,0.7097653150558472,0.4699755012989044,-0.35512015223503113,0.4308816194534302,-0.46490395069122314,-0.4701402187347412,0.8379179239273071,0.576889157295227
Bearing1_1,train,64,0.5245901639344263,2.8921995162963867,0.7474007964134216,0.86725,0.0074778544,True,0.6531567573547363,0.36372455954551697,-0.3066084086894989,0.37847185134887695,-0.4882693290710449,-0.3733937442302704,0.7972851991653442,0.40839385986328125
Bearing1_1,train,65,0.5327868852459017,2.905261993408203,0.7566696047782898,0.8407319,0.028220288,True,0.6499477624893188,0.3725835382938385,-0.31367218494415283,0.36970028281211853,-0.47363266348838806,-0.364744633436203,0.7941221594810486,0.462076872587204
Bearing1_1,train,66,0.5409836065573771,2.9361257553100586,0.7699092566967011,0.9673756,0.0064597167,True,0.6180086731910706,0.31682658195495605,-0.29495516419410706,0.3325997591018677,-0.4738115668296814,-0.31574806571006775,0.7635568976402283,0.37048614025115967
Bearing1_1,train,67,0.5491803278688525,2.9966444969177246,0.7918776571750641,0.93822795,0.012777257,True,0.6188009977340698,0.3279097080230713,-0.3036003112792969,0.3298332393169403,-0.45480161905288696,-0.3185923397541046,0.7671394944190979,0.4075228273868561
Bearing1_1,train,68,0.5573770491803278,3.0515329837799072,0.8147908687591553,0.9712499,0.020756142,True,0.6067311763763428,0.31143754720687866,-0.30343011021614075,0.31689968705177307,-0.4503018856048584,-0.3074398338794708,0.7588375210762024,0.38577279448509216
Bearing1_1,train,69,0.5655737704918032,3.1310858726501465,0.8475472211837769,1.0708698,0.03684517,True,0.5776947140693665,0.2773905396461487,-0.28703466057777405,0.28575432300567627,-0.4500798285007477,-0.26906055212020874,0.7303559184074402,0.3125433623790741
Bearing1_1,train,70,0.5737704918032787,3.2682323455810547,0.9012564480304718,1.2696903,0.03047334,True,0.5170580148696899,0.19846723973751068,-0.2560274600982666,0.22224374115467072,-0.4534858465194702,-0.18892955780029297,0.6749317049980164,0.18390044569969177
Bearing1_1,train,71,0.5819672131147541,3.4203429222106934,0.9684146344661713,1.4663074,0.023138942,True,0.4468976855278015,0.1181260496377945,-0.2296362817287445,0.14561046659946442,-0.44247305393218994,-0.10246612131595612,0.6121098399162292,0.08092080801725388
Bearing1_1,train,72,0.5901639344262295,3.6565468311309814,1.0691393256187438,1.6663015,0.012384338,True,0.36221441626548767,0.05199124291539192,-0.20801198482513428,0.04842611402273178,-0.420771986246109,-0.03304183855652809,0.5350946187973022,-0.02526240423321724
Bearing1_1,train,73,0.5983606557377049,3.9176220893859863,1.1896420896053315,1.8384166,0.013613743,True,0.28480008244514465,-0.005770714953541756,-0.1903938204050064,-0.03148366138339043,-0.38867247104644775,0.035973161458969116,0.46738386154174805,-0.10568000376224518
Bearing1_1,train,74,0.6065573770491803,4.141284465789795,1.310058057308197,2.0714097,0.019199016,True,0.18287184834480286,-0.08158805966377258,-0.16004493832588196,-0.12704351544380188,-0.35922473669052124,0.11775046586990356,0.374251127243042,-0.22958941757678986
Bearing1_1,train,75,0.6147540983606558,4.470841407775879,1.4647060692310334,2.387212,0.019423122,True,0.0378989577293396,-0.19972193241119385,-0.11056682467460632,-0.2518824338912964,-0.3260687291622162,0.22598837316036224,0.24818292260169983,-0.3802315592765808
Bearing1_1,train,76,0.6229508196721312,4.734234809875488,1.616668438911438,2.4869993,0.008126656,True,-0.03561215102672577,-0.22285257279872894,-0.12110354751348495,-0.3229558765888214,-0.2543300986289978,0.25632956624031067,0.20465098321437836,-0.40008744597435
Bearing1_1,train,77,0.6311475409836066,5.116789817810059,1.8009850442409516,2.781394,0.14274131,True,-0.18000206351280212,-0.3256760239601135,-0.04821894317865372,-0.4282837510108948,-0.22361554205417633,0.3582437038421631,0.07416796684265137,-0.5249563455581665
Bearing1_1,train,78,0.639344262295082,5.714841365814209,2.020190346240997,3.163303,0.03403236,True,-0.3772493600845337,-0.4871059060096741,0.10227997601032257,-0.5534664988517761,-0.14980193972587585,0.5052857995033264,-0.11465314030647278,-0.6094579696655273
Bearing1_1,train,79,0.6475409836065574,6.293141841888428,2.2549283266067506,3.4182496,0.00623379,True,-0.5212589502334595,-0.5755565166473389,0.19006456434726715,-0.644615888595581,-0.05464619770646095,0.5927238464355469,-0.2311762571334839,-0.6697603464126587
Bearing1_1,train,80,0.6557377049180327,6.830620765686035,2.4868844985961913,3.589252,0.0019197273,True,-0.622100830078125,-0.6294856071472168,0.2389596700668335,-0.706960916519165,0.010221311822533607,0.6465579271316528,-0.308861643075943,-0.7142276763916016
Bearing1_1,train,81,0.6639344262295082,7.326503753662109,2.71055862903595,3.7030487,0.0069085974,True,-0.6911693811416626,-0.6620058417320251,0.26242655515670776,-0.7497574687004089,0.04649195820093155,0.6779320240020752,-0.3634025454521179,-0.7495775818824768
Bearing1_1,train,82,0.6721311475409836,7.793318271636963,2.922091507911682,3.7816303,0.00958749,True,-0.7380410432815552,-0.6834573149681091,0.27329617738723755,-0.7795971632003784,0.0704820305109024,0.6966993808746338,-0.4034958779811859,-0.7781661748886108
Bearing1_1,train,83,0.680327868852459,8.245183944702148,3.1226486921310426,3.8439884,0.01525695,True,-0.7711121439933777,-0.7014381289482117,0.2853616178035736,-0.8016406297683716,0.09373632073402405,0.7116584777832031,-0.43674951791763306,-0.8012456893920898
Bearing1_1,train,84,0.6885245901639344,8.652021408081055,3.3042991876602175,3.8879147,0.019824686,True,-0.7942105531692505,-0.7138535380363464,0.28995802998542786,-0.8170493841171265,0.1069110706448555,0.7203437685966492,-0.4620929956436157,-0.8205500841140747
Bearing1_1,train,85,0.6967213114754098,8.983538627624512,3.457716464996338,3.9213848,0.024895301,True,-0.8105792999267578,-0.7222650051116943,0.29667168855667114,-0.8282385468482971,0.11270564049482346,0.7269855737686157,-0.4821969270706177,-0.8367095589637756
Bearing1_1,train,86,0.7049180327868853,9.340927124023438,3.6036044120788575,3.9458787,0.026001833,True,-0.8214708566665649,-0.7287455797195435,0.2972256541252136,-0.8358684182167053,0.12267877906560898,0.730686604976654,-0.4979071319103241,-0.8504616618156433
Bearing1_1,train,87,0.7131147540983607,9.600300788879395,3.721989393234253,3.9652438,0.029201686,True,-0.8299530744552612,-0.7334846258163452,0.30131882429122925,-0.8419293761253357,0.12346325814723969,0.7335029244422913,-0.5102503299713135,-0.8620719909667969
Bearing1_1,train,88,0.7213114754098361,9.630768775939941,3.803735041618347,3.9807594,0.02993917,True,-0.8357577919960022,-0.736884355545044,0.3034544289112091,-0.8462632894515991,0.12671060860157013,0.7359943985939026,-0.5209910273551941,-0.8720389604568481
Bearing1_1,train,89,0.7295081967213115,9.660893440246582,3.8613583564758303,3.9944828,0.030701451,True,-0.840422511100769,-0.7401766180992126,0.3067932426929474,-0.8493330478668213,0.13182921707630157,0.7389280796051025,-0.529586911201477,-0.8805805444717407
Bearing1_1,train,90,0.7377049180327869,9.684713363647461,3.9030577182769775,4.0062456,0.03381381,True,-0.8441755175590515,-0.7430797219276428,0.31001654267311096,-0.8518038988113403,0.13503524661064148,0.7415735125541687,-0.5372936725616455,-0.887947142124176
Bearing1_1,train,91,0.7459016393442623,9.707818984985352,3.9341310024261475,4.0137815,0.032486606,True,-0.8468059301376343,-0.7440996170043945,0.3109864592552185,-0.853611409664154,0.1328558623790741,0.7424618601799011,-0.5434262156486511,-0.8942805528640747
Bearing1_1,train,92,0.7540983606557377,9.734452247619629,3.958275008201599,4.0230703,0.032597005,True,-0.84917151927948,-0.7467129826545715,0.31392189860343933,-0.8554260730743408,0.1387656182050705,0.7445038557052612,-0.5491045117378235,-0.8998011946678162
Bearing1_1,train,93,0.7622950819672131,9.750935554504395,3.976923966407776,4.030478,0.033686504,True,-0.8513702154159546,-0.7489244341850281,0.3162757158279419,-0.8566393256187439,0.14096581935882568,0.7463104128837585,-0.5535454154014587,-0.904580295085907
Bearing1_1,train,94,0.7704918032786885,9.766923904418945,3.991781163215637,4.0364866,0.033693302,True,-0.8529976606369019,-0.750717282295227,0.31776490807533264,-0.857288122177124,0.14346753060817719,0.7480244040489197,-0.5571290254592896,-0.908702552318573
Bearing1_1,train,95,0.7786885245901639,9.78254508972168,4.003911805152893,4.042691,0.034568757,True,-0.8547548055648804,-0.7522188425064087,0.3204061686992645,-0.858364999294281,0.14521995186805725,0.7496118545532227,-0.5612061619758606,-0.9123685956001282
Bearing1_1,train,96,0.7868852459016393,9.799245834350586,4.014029264450073,4.0470533,0.032324385,True,-0.8558388948440552,-0.7538897395133972,0.3206983804702759,-0.8587329387664795,0.14806939661502838,0.7506687641143799,-0.5637652277946472,-0.9155049324035645
Bearing1_1,train,97,0.7950819672131147,9.816034317016602,4.022799777984619,4.052949,0.03546076,True,-0.8573731780052185,-0.755702018737793,0.32435449957847595,-0.8597722053527832,0.14870183169841766,0.7525486350059509,-0.5674155354499817,-0.91839599609375
Bearing1_1,train,98,0.8032786885245902,9.830093383789062,4.030343556404114,4.056197,0.03423632,True,-0.8580307364463806,-0.7564786672592163,0.3246300220489502,-0.8597642183303833,0.15060564875602722,0.7536815404891968,-0.5698230862617493,-0.9208264946937561
Bearing1_1,train,99,0.8114754098360656,9.842700958251953,4.036782312393188,4.0588703,0.03593666,True,-0.8590495586395264,-0.7571564316749573,0.32446402311325073,-0.8606142401695251,0.14838725328445435,0.753724992275238,-0.5723978281021118,-0.923050582408905
Bearing1_1,train,100,0.819672131147541,9.852789878845215,4.042261743545533,4.06104,0.034926016,True,-0.8593834042549133,-0.758004903793335,0.3244418203830719,-0.8606492280960083,0.15152567625045776,0.7541980743408203,-0.573377788066864,-0.9248171448707581
Bearing1_1,train,101,0.8278688524590164,9.866508483886719,4.047299385070801,4.064158,0.034866087,True,-0.8600910305976868,-0.7586672306060791,0.3267405331134796,-0.8607521653175354,0.15292078256607056,0.75560462474823,-0.5750557780265808,-0.9264863729476929
Bearing1_1,train,102,0.8360655737704918,9.876221656799316,4.051663827896118,4.066715,0.033994947,True,-0.8606890439987183,-0.7595849633216858,0.32770153880119324,-0.860908031463623,0.1545821726322174,0.756430983543396,-0.5764802694320679,-0.9279796481132507
Bearing1_1,train,103,0.8442622950819673,9.885843276977539,4.055613231658936,4.069972,0.03505833,True,-0.8614975810050964,-0.7606385946273804,0.33072954416275024,-0.8611742258071899,0.15564793348312378,0.7578650712966919,-0.5779268741607666,-0.9293120503425598
Bearing1_1,train,104,0.8524590163934426,9.894556045532227,4.059060001373291,4.0709543,0.03473859,True,-0.8619514107704163,-0.7613409757614136,0.32975316047668457,-0.8612061142921448,0.15506374835968018,0.7580400109291077,-0.5785366296768188,-0.9304295182228088
Bearing1_1,train,105,0.860655737704918,9.902055740356445,4.062047529220581,4.0725665,0.036059465,True,-0.8625390529632568,-0.7613770365715027,0.33110755681991577,-0.8614694476127625,0.15394596755504608,0.7586295008659363,-0.5796549916267395,-0.9314818978309631
Bearing1_1,train,106,0.8688524590163934,9.906930923461914,4.064619827270508,4.0727763,0.034753095,True,-0.8627491593360901,-0.761141300201416,0.330788254737854,-0.8617368936538696,0.15206283330917358,0.7582387924194336,-0.5801384449005127,-0.9323030710220337
Bearing1_1,train,107,0.8770491803278688,9.911271095275879,4.066774225234985,4.074493,0.036301464,True,-0.8630857467651367,-0.7621179819107056,0.33060401678085327,-0.8620138168334961,0.15591458976268768,0.7586313486099243,-0.5806145071983337,-0.9330942034721375
Bearing1_1,train,108,0.8852459016393442,9.916345596313477,4.06861891746521,4.074644,0.03391404,True,-0.8630937337875366,-0.762364387512207,0.33013734221458435,-0.8616960644721985,0.15662533044815063,0.758682370185852,-0.5803682208061218,-0.933682918548584
Bearing1_1,train,109,0.8934426229508197,9.922260284423828,4.070416688919067,4.076848,0.034247026,True,-0.8637105822563171,-0.7628223896026611,0.3336142301559448,-0.8621606230735779,0.1553884744644165,0.7596316933631897,-0.5813480019569397,-0.9343761205673218
Bearing1_1,train,110,0.9016393442622951,9.92956829071045,4.072272491455078,4.079598,0.034431353,True,-0.8641929626464844,-0.7638140320777893,0.33450639247894287,-0.8622314929962158,0.1603676974773407,0.7610744833946228,-0.582735538482666,-0.9350495934486389
Bearing1_1,train,111,0.9098360655737705,9.93623161315918,4.073979282379151,4.081226,0.03327585,True,-0.8644471764564514,-0.7648751139640808,0.3348938822746277,-0.8619619607925415,0.16244477033615112,0.7620707154273987,-0.5834779143333435,-0.9355996251106262
Bearing1_1,train,112,0.9180327868852459,9.942983627319336,4.075654077529907,4.0834627,0.034381557,True,-0.8650085926055908,-0.765645444393158,0.3367713391780853,-0.8622814416885376,0.16188094019889832,0.7630234360694885,-0.5851847529411316,-0.936221182346344
Bearing1_1,train,113,0.9262295081967213,9.94914436340332,4.077115297317505,4.084584,0.032035183,True,-0.8652849793434143,-0.7670776844024658,0.33514219522476196,-0.8618894815444946,0.16693472862243652,0.7635157704353333,-0.5850443243980408,-0.9366775751113892
Bearing1_1,train,114,0.9344262295081968,9.957662582397461,4.078705596923828,4.0868573,0.033163946,True,-0.8661808967590332,-0.7680023908615112,0.3380811810493469,-0.8623470067977905,0.16478422284126282,0.7645130753517151,-0.5861648917198181,-0.9372192025184631
Bearing1_1,train,115,0.9426229508196722,9.966322898864746,4.080342435836792,4.088935,0.033889715,True,-0.86651611328125,-0.7688934803009033,0.3395965099334717,-0.8622991442680359,0.16680952906608582,0.7657682299613953,-0.5871785879135132,-0.9376909732818604
Bearing1_1,train,116,0.9508196721311475,9.976485252380371,4.081961679458618,4.0889688,0.03453511,True,-0.8667190074920654,-0.7697569727897644,0.3372349143028259,-0.8620040416717529,0.16836419701576233,0.7656644582748413,-0.5869424343109131,-0.9380542039871216
Bearing1_1,train,117,0.9590163934426229,9.981118202209473,4.083409023284912,4.0889664,0.032669555,True,-0.8667329549789429,-0.7695924043655396,0.33774805068969727,-0.8619034290313721,0.1666136234998703,0.7656645774841309,-0.5871980786323547,-0.9382967352867126
Bearing1_1,train,118,0.9672131147540983,9.990734100341797,4.08496584892273,4.0902123,0.032940105,True,-0.8672469854354858,-0.7699166536331177,0.33976244926452637,-0.8624289631843567,0.1645938903093338,0.7660647630691528,-0.5878276824951172,-0.9386424422264099
Bearing1_1,train,119,0.9754098360655737,9.998408317565918,4.0864501953125,4.0916915,0.031617533,True,-0.8676081895828247,-0.7704795598983765,0.34101223945617676,-0.8624863028526306,0.1670091450214386,0.7668806314468384,-0.5880670547485352,-0.9389641284942627
Bearing1_1,train,120,0.9836065573770492,10.007654190063477,4.087758207321167,4.092678,0.029184362,True,-0.8681291341781616,-0.7714336514472961,0.34084904193878174,-0.8629063963890076,0.16664524376392365,0.7669877409934998,-0.5883974432945251,-0.9393355250358582
Bearing1_1,train,121,0.9918032786885246,10.021825790405273,4.0893043041229244,4.096687,0.023095755,True,-0.8691420555114746,-0.7734105587005615,0.3441609740257263,-0.8634851574897766,0.17043033242225647,0.7690686583518982,-0.5896292924880981,-0.9398411512374878
Bearing1_1,train,122,1.0,10.055891036987305,4.091656303405761,4.1069827,,True,-0.8718765377998352,-0.7793071866035461,0.3519120216369629,-0.8649805188179016,0.18139924108982086,0.7741321921348572,-0.5923649668693542,-0.9408620595932007
Bearing1_2,train,0,0.0,,,0.5336455,0.10382751,False,0.7684314250946045,0.5299494862556458,-0.6484073996543884,0.6294741630554199,-9.624393715057522e-05,-0.5782895088195801,0.7767931222915649,0.873390257358551
Bearing1_2,train,1,0.00625,,,0.2853537,0.015538348,False,0.898205578327179,0.7462362051010132,-0.6153887510299683,0.7239357829093933,-0.0936388224363327,-0.7870951890945435,0.9390097856521606,0.9088525176048279
Bearing1_2,train,2,0.0125,,,0.15511526,0.017592795,False,0.8947358131408691,0.7660977244377136,-0.5384270548820496,0.7136119604110718,-0.20412611961364746,-0.7868883609771729,0.9526071548461914,0.8885610103607178
Bearing1_2,train,3,0.01875,,,0.08121136,0.020701816,False,0.8968193531036377,0.7816891074180603,-0.5099231600761414,0.7163019776344299,-0.2810496389865875,-0.7902451753616333,0.9579059481620789,0.8971880078315735
Bearing1_2,train,4,0.025,,,0.0552154,0.027186893,False,0.8978017568588257,0.7921320199966431,-0.5040985345840454,0.7204116582870483,-0.3318093419075012,-0.799190104007721,0.9624004364013672,0.9024431109428406
Bearing1_2,train,5,0.03125,,,0.07037944,0.010413605,False,0.9010953307151794,0.8040498495101929,-0.5066649317741394,0.726026713848114,-0.36790239810943604,-0.8093535304069519,0.9652615189552307,0.9103356599807739
Bearing1_2,train,6,0.0375,,,0.06309439,0.0102712205,False,0.8911758661270142,0.7873350977897644,-0.4840821921825409,0.7111484408378601,-0.40098294615745544,-0.7907589673995972,0.9609759449958801,0.8886715173721313
Bearing1_2,train,7,0.04375,,,0.08130971,0.0067713656,False,0.8872547149658203,0.7760462164878845,-0.47144925594329834,0.705126941204071,-0.42455604672431946,-0.7783017158508301,0.9589274525642395,0.8812157511711121
Bearing1_2,train,8,0.05,,,0.10267009,0.01674926,False,0.8795996308326721,0.7642541527748108,-0.45848706364631653,0.6920403242111206,-0.44157129526138306,-0.764859676361084,0.9557149410247803,0.8702511787414551
Bearing1_2,train,9,0.05625,,,0.10372766,0.015435871,False,0.8854163885116577,0.7766603231430054,-0.4698738157749176,0.7008718252182007,-0.44918084144592285,-0.7766032814979553,0.9588345885276794,0.8841140866279602
Bearing1_2,train,10,0.0625,,,0.109011926,0.014415792,False,0.887864351272583,0.7788299322128296,-0.4744206368923187,0.7053818702697754,-0.4555724263191223,-0.781668484210968,0.9606056213378906,0.8890488743782043
Bearing1_2,train,11,0.06875,,,0.1149345,0.015480641,False,0.8872810006141663,0.7823020219802856,-0.47375068068504333,0.7052133679389954,-0.46077895164489746,-0.7844449877738953,0.9610068798065186,0.8868638873100281
Bearing1_2,train,12,0.075,,,0.1170301,0.01717683,False,0.8882579207420349,0.7838427424430847,-0.47763851284980774,0.7060233950614929,-0.46363964676856995,-0.7858158946037292,0.9606978297233582,0.8885788321495056
Bearing1_2,train,13,0.08125,,,0.11941129,0.010595774,False,0.8899722695350647,0.7857998609542847,-0.4789077043533325,0.7100195288658142,-0.46532514691352844,-0.7886307239532471,0.9617521166801453,0.8910510540008545
Bearing1_2,train,14,0.0875,,,0.12369499,0.036688942,False,0.884607195854187,0.7780866622924805,-0.46892741322517395,0.7010145783424377,-0.46960878372192383,-0.7795357704162598,0.9587821364402771,0.8782517313957214
Bearing1_2,train,15,0.09375,0.28526145219802856,0.12596987187862396,0.12596987,0.034352183,True,0.8973712921142578,0.802071213722229,-0.4942631721496582,0.7228350639343262,-0.4631485641002655,-0.803616464138031,0.9652318954467773,0.9072751402854919
Bearing1_2,train,16,0.1,0.33863717317581177,0.131286159157753,0.13660245,0.025455572,True,0.9022940397262573,0.8146340250968933,-0.5026830434799194,0.7313232421875,-0.46221163868904114,-0.8168073296546936,0.9681383967399597,0.9137079119682312
Bearing1_2,train,17,0.10625,0.3369918167591095,0.13305546343326569,0.13659407,0.022955893,True,0.8994512557983398,0.8144897222518921,-0.4968467056751251,0.7241067290306091,-0.4662885367870331,-0.8136520981788635,0.966579258441925,0.9098658561706543
Bearing1_2,train,18,0.1125,0.3128265142440796,0.1326834186911583,0.13156728,0.025399422,True,0.898636519908905,0.8061184287071228,-0.4942697584629059,0.7258566617965698,-0.46617352962493896,-0.8081666231155396,0.9660324454307556,0.9053750038146973
Bearing1_2,train,19,0.11875,0.30707186460494995,0.13287669718265532,0.13364981,0.03441328,True,0.8982192873954773,0.8091253042221069,-0.49357905983924866,0.7229761481285095,-0.46713516116142273,-0.8090952038764954,0.9661895036697388,0.9082514643669128
Bearing1_2,train,20,0.125,0.3245510160923004,0.1340766673286756,0.14007652,0.052140042,True,0.9027034044265747,0.8170453906059265,-0.5001559853553772,0.7325201630592346,-0.46490171551704407,-0.8161709308624268,0.9682316780090332,0.9149725437164307
Bearing1_2,train,21,0.13125,0.37369781732559204,0.13742136103766306,0.15748952,0.022084396,True,0.909977376461029,0.8328917026519775,-0.5173724889755249,0.7460440993309021,-0.461210697889328,-0.8326150178909302,0.9715202450752258,0.9263783693313599
Bearing1_2,train,22,0.1375,0.3691544830799103,0.13782391138374805,0.14064176,0.017414628,True,0.901735246181488,0.817049503326416,-0.5030838847160339,0.7302631139755249,-0.46587541699409485,-0.8194125890731812,0.968148410320282,0.9114324450492859
Bearing1_2,train,23,0.14375,0.34606561064720154,0.13715577456686232,0.13181068,0.016067991,True,0.8964179754257202,0.8036235570907593,-0.4873470664024353,0.7225399613380432,-0.46965649724006653,-0.8033548593521118,0.9648870825767517,0.8996138572692871
Bearing1_2,train,24,0.15,0.31720349192619324,0.13604011833667756,0.12599921,0.025806304,True,0.8927978873252869,0.7909656763076782,-0.48358649015426636,0.7167238593101501,-0.46989211440086365,-0.7960859537124634,0.9634202718734741,0.892576277256012
Bearing1_2,train,25,0.15625,0.3088708519935608,0.13625514209270478,0.12812011,0.010537447,True,0.8969029188156128,0.8002744317054749,-0.48768624663352966,0.7244675159454346,-0.4667162299156189,-0.8000507950782776,0.9650717973709106,0.9033675193786621
Bearing1_2,train,26,0.1625,0.27766385674476624,0.13508334755897522,0.1248845,0.023349354,True,0.8879499435424805,0.7838090658187866,-0.47369563579559326,0.7085292935371399,-0.4707760512828827,-0.7859404683113098,0.9612218737602234,0.8845581412315369
Bearing1_2,train,27,0.16875,0.25814175605773926,0.13425278812646865,0.12828848,0.02444696,True,0.8924346566200256,0.7954955697059631,-0.48298102617263794,0.7117559313774109,-0.47117361426353455,-0.7965191006660461,0.9632107019424438,0.8980703353881836
Bearing1_2,train,28,0.175,0.2535565495491028,0.1342312887310982,0.13135229,0.023546679,True,0.8955637812614441,0.8008607625961304,-0.4909376800060272,0.7178805470466614,-0.47093096375465393,-0.8041274547576904,0.9647732377052307,0.9016295075416565
Bearing1_2,train,29,0.18125,0.24510768055915833,0.13402021825313568,0.1315391,0.013638629,True,0.8972312211990356,0.8017763495445251,-0.4908377528190613,0.7233684062957764,-0.4699229300022125,-0.8031873106956482,0.965042233467102,0.9029639959335327
Bearing1_2,train,30,0.1875,0.20635986328125,0.1325945198535919,0.12581953,0.09124148,True,0.8911599516868591,0.7888225317001343,-0.4811086356639862,0.7129429578781128,-0.47080835700035095,-0.7933796644210815,0.9628510475158691,0.8921498656272888
Bearing1_2,train,31,0.19375,0.22801204025745392,0.13363923728466034,0.1679367,0.07879776,True,0.9159432053565979,0.8388303518295288,-0.5282155275344849,0.7635347843170166,-0.4553345739841461,-0.8355944752693176,0.9735848903656006,0.9356038570404053
Bearing1_2,train,32,0.2,0.2993956506252289,0.13849484473466872,0.18919784,0.030813556,True,0.9222502708435059,0.8563311100006104,-0.540520191192627,0.7749390006065369,-0.44937705993652344,-0.8518722057342529,0.9763161540031433,0.9420166015625
Bearing1_2,train,33,0.20625,0.3392033874988556,0.14058144837617875,0.15267672,0.017987965,True,0.9125786423683167,0.830480694770813,-0.520820677280426,0.7578298449516296,-0.45084983110427856,-0.8317320942878723,0.9716264009475708,0.9219935536384583
Bearing1_2,train,34,0.2125,0.35770612955093384,0.14057499766349793,0.1259347,0.021859206,True,0.9009718894958496,0.8081145882606506,-0.5005307197570801,0.7345902323722839,-0.45546865463256836,-0.8101207613945007,0.9668181538581848,0.9068507552146912
Bearing1_2,train,35,0.21875,0.3594352602958679,0.1399380825459957,0.12175096,0.004866937,True,0.8988942503929138,0.8037243485450745,-0.4926159977912903,0.7309314608573914,-0.45631375908851624,-0.8019800186157227,0.96554034948349,0.9043875336647034
Bearing1_2,train,36,0.225,0.3905980587005615,0.1401069663465023,0.12657334,0.009707286,True,0.877796471118927,0.7626326084136963,-0.46481528878211975,0.6918773651123047,-0.4701216220855713,-0.7661945223808289,0.9559193849563599,0.8652241826057434
Bearing1_2,train,37,0.23125,0.48257318139076233,0.14814883545041085,0.20870717,0.033779826,True,0.8474984169006348,0.6980777978897095,-0.42652779817581177,0.6438645124435425,-0.4859468340873718,-0.7068906426429749,0.9406391382217407,0.8078065514564514
Bearing1_2,train,38,0.2375,0.6446975469589233,0.17324152514338492,0.3822792,0.0047184285,True,0.8012527227401733,0.6142253279685974,-0.3765007257461548,0.5778679251670837,-0.5072564482688904,-0.6149640679359436,0.9104436635971069,0.7007343173027039
Bearing1_2,train,39,0.24375,0.7947391271591187,0.19814851209521295,0.38060898,0.020432314,True,0.7988561987876892,0.5999615788459778,-0.38051554560661316,0.5718353986740112,-0.5007885098457336,-0.6019659042358398,0.9098418354988098,0.7263335585594177
Bearing1_2,train,40,0.25,1.0049968957901,0.23347743973135948,0.4791088,0.024633199,True,0.7753563523292542,0.5495305061340332,-0.3607899844646454,0.5424472093582153,-0.5023146867752075,-0.5566547513008118,0.893052875995636,0.6559393405914307
Bearing1_2,train,41,0.25625,1.0200814008712769,0.24182784035801888,0.2514407,0.012521303,True,0.8302544951438904,0.6549566984176636,-0.42677751183509827,0.6175386905670166,-0.4704481065273285,-0.652912437915802,0.926552414894104,0.8049939870834351
Bearing1_2,train,42,0.2625,1.077039361000061,0.25653769746422767,0.3362964,0.06925197,True,0.8114669322967529,0.6198441982269287,-0.39975506067276,0.5885781049728394,-0.4821361303329468,-0.6292980313301086,0.9145106673240662,0.7299518585205078
Bearing1_2,train,43,0.26875,1.2806894779205322,0.30086667761206626,0.5959665,0.007160893,True,0.7423880100250244,0.5016160011291504,-0.3429819345474243,0.5040706992149353,-0.5072746872901917,-0.5101881623268127,0.8682379126548767,0.56842041015625
Bearing1_2,train,44,0.275,1.4274730682373047,0.32937967255711553,0.41106465,0.3130504,True,0.7822337746620178,0.5755953192710876,-0.38943707942962646,0.5473217964172363,-0.47925087809562683,-0.5736509561538696,0.897570788860321,0.7203693985939026
Bearing1_2,train,45,0.28125,1.8285572528839111,0.42871161103248595,1.1150703,0.113101885,True,0.6082321405410767,0.2796991169452667,-0.2774737477302551,0.3794844150543213,-0.5374484658241272,-0.29205816984176636,0.7460082769393921,0.2010502815246582
Bearing1_2,train,46,0.2875,2.2739763259887695,0.5683443590998649,1.5229008,0.009792163,True,0.4500449299812317,0.11228063702583313,-0.20741042494773865,0.19170928001403809,-0.5206822752952576,-0.1018420159816742,0.6189854145050049,0.009471992030739784
Bearing1_2,train,47,0.29375,2.6045987606048584,0.6965172499418258,1.4904361,0.13756005,True,0.42853978276252747,0.11783625185489655,-0.2357182800769806,0.13124306499958038,-0.4365423619747162,-0.08384473621845245,0.6133021116256714,0.10983701795339584
Bearing1_2,train,48,0.3,2.6837680339813232,0.7418329954147339,0.83543664,0.070065774,True,0.6270967721939087,0.3579801917076111,-0.4033525586128235,0.3377242982387543,-0.35611408948898315,-0.34004926681518555,0.766736626625061,0.5643803477287292
Bearing1_2,train,49,0.30625,2.902519702911377,0.8133443295955658,1.0957223,0.18125871,True,0.5921299457550049,0.2555238604545593,-0.3328225612640381,0.3110480308532715,-0.4040125906467438,-0.27286165952682495,0.7174360156059265,0.2801978290081024
Bearing1_2,train,50,0.3125,3.2194037437438965,0.9322901785373687,1.6685673,0.01115256,True,0.40713998675346375,0.04151585325598717,-0.22658215463161469,0.14911164343357086,-0.4531133770942688,-0.049124497920274734,0.5366045832633972,-0.0866297110915184
Bearing1_2,train,51,0.31875,3.6053993701934814,1.0811887741088868,1.7404267,0.035848424,True,0.34141263365745544,0.022692419588565826,-0.21925894916057587,0.04297228157520294,-0.3942868411540985,4.826299846172333e-05,0.5114986300468445,-0.05054207891225815
Bearing1_2,train,52,0.325,4.018645286560059,1.2549773365259171,2.074182,0.008757147,True,0.20599985122680664,-0.090086929500103,-0.1645965874195099,-0.07923535257577896,-0.3709227442741394,0.12053729593753815,0.3857313394546509,-0.24064934253692627
Bearing1_2,train,53,0.33125,4.352823734283447,1.4223810881376266,2.270004,0.038121715,True,0.10283465683460236,-0.16094060242176056,-0.15099747478961945,-0.1843322217464447,-0.31418532133102417,0.18780946731567383,0.31034862995147705,-0.3149139881134033
Bearing1_2,train,54,0.3375,4.726384162902832,1.6022448003292085,2.2097018,0.025250997,True,0.08922553807497025,-0.12824861705303192,-0.2002810686826706,-0.21028758585453033,-0.25754252076148987,0.15757009387016296,0.3205551505088806,-0.2358028143644333
Bearing1_2,train,55,0.34375,4.978218078613281,1.7480854213237762,2.5734766,0.016770188,True,-0.06300121545791626,-0.248704195022583,-0.10506168007850647,-0.32213765382766724,-0.26146095991134644,0.2870382070541382,0.15632686018943787,-0.42927852272987366
Bearing1_2,train,56,0.35,5.14933967590332,1.8678923070430755,2.7209697,0.0054119527,True,-0.1470644176006317,-0.2881968319416046,-0.0888790711760521,-0.39316388964653015,-0.19616901874542236,0.3337824046611786,0.10271704196929932,-0.4901595115661621
Bearing1_2,train,57,0.35625,5.449763774871826,2.0161127984523772,2.972641,0.0063253604,True,-0.27537795901298523,-0.3754875659942627,-0.021059535443782806,-0.4837031662464142,-0.15430821478366852,0.4209211468696594,-0.008393913507461548,-0.5875357985496521
Bearing1_2,train,58,0.3625,5.974964141845703,2.2521312832832336,3.1956215,0.032113858,True,-0.4019920527935028,-0.4449959397315979,0.04648011177778244,-0.5698054432868958,-0.11642490327358246,0.4956706762313843,-0.10845553874969482,-0.6601102352142334
Bearing1_2,train,59,0.36875,6.366019248962402,2.474539303779602,3.3198025,0.020878145,True,-0.48342055082321167,-0.48115071654319763,0.06056075543165207,-0.6243176460266113,-0.06824974715709686,0.52791827917099,-0.16061918437480927,-0.7003383636474609
Bearing1_2,train,60,0.375,6.661942958831787,2.653287661075592,3.4560509,0.04880547,True,-0.5644702911376953,-0.5197698473930359,0.11136168241500854,-0.6789062023162842,-0.05542017146945,0.5690654516220093,-0.2251603901386261,-0.7395966053009033
Bearing1_2,train,61,0.38125,6.992440700531006,2.832476806640625,3.532318,0.04664707,True,-0.616051197052002,-0.5387969613075256,0.11939958482980728,-0.7141519784927368,-0.041712380945682526,0.5844385027885437,-0.2634359896183014,-0.7646331191062927
Bearing1_2,train,62,0.3875,7.457799434661865,2.9976857900619507,3.7262719,0.07121133,True,-0.6959313154220581,-0.6154499650001526,0.2813451290130615,-0.7668107151985168,-0.006884824018925428,0.6669470071792603,-0.36051514744758606,-0.7880648374557495
Bearing1_2,train,63,0.39375,7.982438087463379,3.158437728881836,3.8775234,0.056103043,True,-0.7553207874298096,-0.6751382350921631,0.40113475918769836,-0.8035516738891602,0.0508602000772953,0.7285045385360718,-0.43688106536865234,-0.8026029467582703
Bearing1_2,train,64,0.4,8.57821273803711,3.3361138820648195,3.9864633,0.0118339155,True,-0.8002690076828003,-0.71798175573349,0.47636473178863525,-0.8304339051246643,0.07434134930372238,0.7713711857795715,-0.49672529101371765,-0.8142167329788208
Bearing1_2,train,65,0.40625,9.006579399108887,3.484426188468933,4.0565996,0.032000218,True,-0.8323527574539185,-0.7461749911308289,0.49613022804260254,-0.8487390875816345,0.10651575773954391,0.795322597026825,-0.5412638187408447,-0.8263537883758545
Bearing1_2,train,66,0.4125,9.505128860473633,3.624187731742859,4.118585,0.01619654,True,-0.8578047156333923,-0.7700554132461548,0.5342549085617065,-0.865241289138794,0.10348726063966751,0.8170593976974487,-0.5811920166015625,-0.8352585434913635
Bearing1_2,train,67,0.41875,9.911887168884277,3.7432156801223755,4.1629205,0.006700316,True,-0.8767028450965881,-0.7862021923065186,0.5536750555038452,-0.8779906630516052,0.10191172361373901,0.8304747939109802,-0.6133439540863037,-0.8438523411750793
Bearing1_2,train,68,0.425,10.25728988647461,3.8430845975875854,4.1943107,0.0018701954,True,-0.8897891044616699,-0.7969476580619812,0.558962345123291,-0.8870158195495605,0.1105741634964943,0.8383752107620239,-0.6389561295509338,-0.852187991142273
Bearing1_2,train,69,0.43125,10.588205337524414,3.9323601722717285,4.2125583,0.0051245335,True,-0.8976767063140869,-0.8041747212409973,0.5440737009048462,-0.8921728134155273,0.13570159673690796,0.8401509523391724,-0.6573837399482727,-0.8605993390083313
Bearing1_2,train,70,0.4375,10.897322654724121,4.009967470169068,4.232124,0.0023930816,True,-0.9057532548904419,-0.8106316328048706,0.5519147515296936,-0.898876428604126,0.11837197840213776,0.8435088992118835,-0.6756786704063416,-0.867725670337677
Bearing1_2,train,71,0.44375,11.176082611083984,4.080334997177124,4.2359934,0.0031897312,True,-0.908963680267334,-0.8114392161369324,0.533781886100769,-0.9017411470413208,0.1193779855966568,0.8395147323608398,-0.6858014464378357,-0.8752675652503967
Bearing1_2,train,72,0.45,11.264795303344727,4.1329406023025514,4.252328,0.0024042595,True,-0.9138028621673584,-0.8148581385612488,0.5462616086006165,-0.906692624092102,0.11168862134218216,0.8424696326255798,-0.6991425156593323,-0.8816213607788086
Bearing1_2,train,73,0.45625,11.276509284973145,4.171767544746399,4.265793,0.004444957,True,-0.9173294901847839,-0.817907452583313,0.5520310401916504,-0.9103764295578003,0.11667339503765106,0.8445339798927307,-0.7100381255149841,-0.8875473141670227
Bearing1_2,train,74,0.4625,11.283068656921387,4.201309871673584,4.2818866,0.0024579584,True,-0.9209676384925842,-0.822334349155426,0.5635243654251099,-0.9141326546669006,0.12303869426250458,0.8482419848442078,-0.7212685346603394,-0.8927469849586487
Bearing1_2,train,75,0.46875,11.310616493225098,4.224462032318115,4.288121,0.0024619137,True,-0.9230012893676758,-0.8235604763031006,0.5612587928771973,-0.916283130645752,0.11757276952266693,0.8482174277305603,-0.7292962074279785,-0.8979320526123047
Bearing1_2,train,76,0.475,11.29084300994873,4.242189550399781,4.2958603,0.0021701797,True,-0.9247609972953796,-0.8248883485794067,0.5638515949249268,-0.9183551073074341,0.1168990358710289,0.8490477204322815,-0.7365634441375732,-0.9027210474014282
Bearing1_2,train,77,0.48125,11.281370162963867,4.256128168106079,4.3023067,0.0044011073,True,-0.9260594844818115,-0.8258643746376038,0.5655511021614075,-0.9198855757713318,0.11765170842409134,0.8496823906898499,-0.7425400614738464,-0.9072102904319763
Bearing1_2,train,78,0.4875,11.303449630737305,4.268166494369507,4.314694,0.0025289292,True,-0.9281906485557556,-0.8289408683776855,0.5767860412597656,-0.9219716787338257,0.1257084161043167,0.8532695174217224,-0.7498223781585693,-0.9111903309822083
Bearing1_2,train,79,0.49375,11.335153579711914,4.278742551803589,4.318319,0.0071808416,True,-0.9291874766349792,-0.8301841616630554,0.5733841061592102,-0.9229639172554016,0.1232801005244255,0.8532403707504272,-0.7546270489692688,-0.9150599837303162
Bearing1_2,train,80,0.5,11.369216918945312,4.288671827316284,4.3314166,0.0064447494,True,-0.931397557258606,-0.8339158892631531,0.5871610045433044,-0.9250214099884033,0.13087590038776398,0.8575013875961304,-0.7615139484405518,-0.9184139370918274
Bearing1_2,train,81,0.50625,11.440157890319824,4.299225759506226,4.3415327,0.0028624872,True,-0.9330856800079346,-0.8372260332107544,0.5944541096687317,-0.9261857867240906,0.13952791690826416,0.8610188364982605,-0.7673240303993225,-0.921572744846344
Bearing1_2,train,82,0.5125,11.462969779968262,4.308238792419433,4.3424582,0.0037061565,True,-0.9336686730384827,-0.8375650644302368,0.5906757712364197,-0.926432192325592,0.12975068390369415,0.860686182975769,-0.7706891894340515,-0.9247251749038696
Bearing1_2,train,83,0.51875,11.491144180297852,4.316277408599854,4.346179,0.0061411983,True,-0.9344095587730408,-0.8385002017021179,0.5905593037605286,-0.927168071269989,0.13017813861370087,0.8610733151435852,-0.7742210030555725,-0.9276657104492188
Bearing1_2,train,84,0.525,11.516018867492676,4.323532819747925,4.3544407,0.0030751256,True,-0.9356546998023987,-0.8407518267631531,0.5984634757041931,-0.9282102584838867,0.1370810568332672,0.8636684417724609,-0.7784097790718079,-0.9303361773490906
Bearing1_2,train,85,0.53125,11.540294647216797,4.330174350738526,4.3545365,0.0042649787,True,-0.9358890652656555,-0.8403722047805786,0.595734179019928,-0.9283316731452942,0.12764708697795868,0.8631898760795593,-0.7806989550590515,-0.932989239692688
Bearing1_2,train,86,0.5375,11.571761131286621,4.33647928237915,4.3589096,0.0036636973,True,-0.9365226626396179,-0.8415079712867737,0.5978864431381226,-0.9289936423301697,0.1320103406906128,0.8640884757041931,-0.783363938331604,-0.9354234337806702
Bearing1_2,train,87,0.54375,11.600400924682617,4.3423810482025145,4.3613243,0.002114463,True,-0.9368953704833984,-0.8421506285667419,0.5975044965744019,-0.9293742179870605,0.13279062509536743,0.8643035888671875,-0.7854672074317932,-0.9377493262290955
Bearing1_2,train,88,0.55,11.59913444519043,4.346808862686157,4.358972,0.0035908115,True,-0.9365673065185547,-0.8414761424064636,0.590002179145813,-0.9290995597839355,0.13016526401042938,0.8623607754707336,-0.7857325077056885,-0.939998984336853
Bearing1_2,train,89,0.55625,11.621830940246582,4.351254224777222,4.3627725,0.004090051,True,-0.9369391798973083,-0.8424586653709412,0.5929971933364868,-0.9295565485954285,0.1359032392501831,0.8629523515701294,-0.7873086333274841,-0.9420721530914307
Bearing1_2,train,90,0.5625,11.619585037231445,4.354737710952759,4.3662515,0.00567468,True,-0.9373946189880371,-0.8434081673622131,0.5956648588180542,-0.929906964302063,0.13844481110572815,0.8638765811920166,-0.7890098690986633,-0.9440447092056274
Bearing1_2,train,91,0.56875,11.624458312988281,4.357692527770996,4.371081,0.005229106,True,-0.9381714463233948,-0.8448953032493591,0.6008321642875671,-0.9304786324501038,0.13990183174610138,0.8655759692192078,-0.7911940217018127,-0.9458793997764587
Bearing1_2,train,92,0.575,11.645147323608398,4.3608733177185055,4.374266,0.0069864895,True,-0.9388427734375,-0.8457025289535522,0.6040541529655457,-0.9309211373329163,0.13797488808631897,0.8665958642959595,-0.79301518201828,-0.947638213634491
Bearing1_2,train,93,0.58125,11.668278694152832,4.364221429824829,4.37966,0.0064166095,True,-0.9396657943725586,-0.8473735451698303,0.6095139384269714,-0.9315447211265564,0.14201368391513824,0.8685936331748962,-0.7953451871871948,-0.9492721557617188
Bearing1_2,train,94,0.5875,11.676806449890137,4.367069149017334,4.382918,0.0065399064,True,-0.9403063058853149,-0.8485422730445862,0.6115449070930481,-0.9318321943283081,0.14318081736564636,0.8698486089706421,-0.7970523238182068,-0.9508351683616638
Bearing1_2,train,95,0.59375,11.70338249206543,4.370135164260864,4.3851967,0.005667416,True,-0.9408857822418213,-0.8495371341705322,0.6123406291007996,-0.9321518540382385,0.14207854866981506,0.8705849647521973,-0.7985029220581055,-0.9523172378540039
Bearing1_2,train,96,0.6,11.716262817382812,4.372914123535156,4.386699,0.0053724693,True,-0.9411794543266296,-0.8501636385917664,0.6114305853843689,-0.9323014616966248,0.14360441267490387,0.870844304561615,-0.7996586561203003,-0.9537367224693298
Bearing1_2,train,97,0.60625,11.73249626159668,4.375536823272705,4.3875513,0.0057657864,True,-0.9413714408874512,-0.8507653474807739,0.609950065612793,-0.9323781132698059,0.14442719519138336,0.8707684874534607,-0.8003360629081726,-0.9550797939300537
Bearing1_2,train,98,0.6125,11.760726928710938,4.378565406799316,4.389258,0.005392066,True,-0.9416251182556152,-0.8512669801712036,0.6111791133880615,-0.9325501918792725,0.1444387137889862,0.8711287379264832,-0.8012533783912659,-0.9563614726066589
Bearing1_2,train,99,0.61875,11.775721549987793,4.38131422996521,4.3902607,0.00610102,True,-0.9417234659194946,-0.8518600463867188,0.6099317073822021,-0.9325488805770874,0.1473511904478073,0.8711729645729065,-0.8017624020576477,-0.9575743079185486
Bearing1_2,train,100,0.625,11.791133880615234,4.383908414840699,4.3921933,0.0070085386,True,-0.9419448971748352,-0.8524034023284912,0.6113500595092773,-0.9325971603393555,0.14895720779895782,0.8718375563621521,-0.8026190400123596,-0.9587363004684448
Bearing1_2,train,101,0.63125,11.802267074584961,4.386281538009643,4.394812,0.007823141,True,-0.9423478841781616,-0.8531795740127563,0.6144776344299316,-0.9328502416610718,0.14947043359279633,0.872708261013031,-0.8036918044090271,-0.9598391056060791
Bearing1_2,train,102,0.6375,11.818540573120117,4.388644742965698,4.397898,0.008116136,True,-0.9427869319915771,-0.8541626930236816,0.6176632046699524,-0.9330488443374634,0.152056485414505,0.8739393949508667,-0.8048425316810608,-0.960885763168335
Bearing1_2,train,103,0.64375,11.827544212341309,4.390690517425537,4.400118,0.007932761,True,-0.943172812461853,-0.8550550937652588,0.6190102696418762,-0.9331529140472412,0.15341956913471222,0.8748830556869507,-0.8058916330337524,-0.9618861675262451
Bearing1_2,train,104,0.65,11.837911605834961,4.392546033859253,4.401473,0.006767119,True,-0.9435168504714966,-0.8558336496353149,0.6192429661750793,-0.9332846999168396,0.1529027223587036,0.8753615617752075,-0.806643545627594,-0.9628334045410156
Bearing1_2,train,105,0.65625,11.843536376953125,4.394262409210205,4.4023604,0.0071607656,True,-0.9435944557189941,-0.8561817407608032,0.6188033819198608,-0.9331100583076477,0.1548084169626236,0.8757535219192505,-0.8070381879806519,-0.9637381434440613
Bearing1_2,train,106,0.6625,11.853008270263672,4.39584436416626,4.4025187,0.007232003,True,-0.9437656998634338,-0.8563471436500549,0.6184393763542175,-0.9331838488578796,0.15091410279273987,0.8757120966911316,-0.8075152635574341,-0.964607298374176
Bearing1_2,train,107,0.66875,11.863164901733398,4.397419834136963,4.403306,0.007203906,True,-0.9439186453819275,-0.8565903902053833,0.6185097098350525,-0.9332326650619507,0.1520092636346817,0.875787615776062,-0.8077561259269714,-0.9654349088668823
Bearing1_2,train,108,0.675,11.872108459472656,4.398933458328247,4.404394,0.00685128,True,-0.9440287351608276,-0.8569825291633606,0.6185765266418457,-0.9332692623138428,0.15487778186798096,0.8759889006614685,-0.8080821633338928,-0.9662225246429443
Bearing1_2,train,109,0.68125,11.8804349899292,4.400381803512573,4.404744,0.0068030204,True,-0.9440531730651855,-0.857193112373352,0.6181167960166931,-0.933151364326477,0.1551826298236847,0.876083493232727,-0.8081769943237305,-0.9669713973999023
Bearing1_2,train,110,0.6875,11.887042999267578,4.4017009258270265,4.4053845,0.006117595,True,-0.9440792202949524,-0.857388436794281,0.6182906031608582,-0.9330690503120422,0.15647515654563904,0.8761817812919617,-0.8083141446113586,-0.9676898717880249
Bearing1_2,train,111,0.69375,11.887322425842285,4.402725696563721,4.40506,0.006307735,True,-0.9439912438392639,-0.8573920726776123,0.616948664188385,-0.9328889846801758,0.1560390144586563,0.8759999871253967,-0.8081969022750854,-0.968364953994751
Bearing1_2,train,112,0.7,11.884328842163086,4.403460454940796,4.405246,0.00559691,True,-0.9439906477928162,-0.8572261929512024,0.6175286769866943,-0.9329193234443665,0.15384359657764435,0.8759199976921082,-0.8084344863891602,-0.9690213203430176
Bearing1_2,train,113,0.70625,11.877644538879395,4.40391993522644,4.4047127,0.005805926,True,-0.943839430809021,-0.857003927230835,0.6156979203224182,-0.9327976107597351,0.15450173616409302,0.8755121231079102,-0.8082830309867859,-0.9696372151374817
Bearing1_2,train,114,0.7125,11.870767593383789,4.404188823699951,4.404162,0.0062819305,True,-0.9437404274940491,-0.856731116771698,0.6145043969154358,-0.9327573180198669,0.15271726250648499,0.8751887083053589,-0.8082518577575684,-0.9702264070510864
Bearing1_2,train,115,0.71875,11.869571685791016,4.4044617176055905,4.4050894,0.006190123,True,-0.9437404870986938,-0.8568061590194702,0.6156435012817383,-0.9328505396842957,0.15416653454303741,0.8753848075866699,-0.8084942102432251,-0.9707908034324646
Bearing1_2,train,116,0.725,11.867444038391113,4.4047548294067385,4.40545,0.0062620053,True,-0.943682849407196,-0.8569497466087341,0.6153182983398438,-0.9327625632286072,0.15556417405605316,0.8755289316177368,-0.8085111379623413,-0.97132408618927
Bearing1_2,train,117,0.73125,11.864994049072266,4.4050047397613525,4.405805,0.0060045742,True,-0.9436619877815247,-0.857145369052887,0.6152284741401672,-0.9326881170272827,0.1564418226480484,0.8756288886070251,-0.8084820508956909,-0.9718329906463623
Bearing1_2,train,118,0.7375,11.861859321594238,4.405116128921509,4.405508,0.006580564,True,-0.9436547160148621,-0.8571674823760986,0.6149162650108337,-0.9326434135437012,0.15429435670375824,0.8754409551620483,-0.8082535266876221,-0.9723150134086609
Bearing1_2,train,119,0.74375,11.86170768737793,4.405269432067871,4.406277,0.0063114483,True,-0.9437260627746582,-0.8574347496032715,0.6155925989151001,-0.9326817989349365,0.15607532858848572,0.8756152987480164,-0.8082205653190613,-0.9727808833122253
Bearing1_2,train,120,0.75,11.86067008972168,4.405407571792603,4.406766,0.0071712174,True,-0.9437417387962341,-0.8576332330703735,0.6158665418624878,-0.9326087832450867,0.15736818313598633,0.8757984042167664,-0.8081271052360535,-0.9732208847999573
Bearing1_2,train,121,0.75625,11.864751815795898,4.405675840377808,4.4077425,0.007418315,True,-0.9439108967781067,-0.8580396175384521,0.616866409778595,-0.9326722621917725,0.15834100544452667,0.8761645555496216,-0.8082471489906311,-0.9736484885215759
Bearing1_2,train,122,0.7625,11.869241714477539,4.406033849716186,4.408826,0.00787903,True,-0.944115400314331,-0.8582448363304138,0.6187906265258789,-0.9328435659408569,0.15678149461746216,0.8766103386878967,-0.8087633848190308,-0.9740700721740723
Bearing1_2,train,123,0.76875,11.878317832946777,4.406577062606812,4.410145,0.007918701,True,-0.944301426410675,-0.8588234186172485,0.6190873980522156,-0.9329111576080322,0.1610417366027832,0.8770166635513306,-0.8090431690216064,-0.9744721055030823
Bearing1_2,train,124,0.775,11.88790512084961,4.407237863540649,4.41077,0.008477258,True,-0.9444454908370972,-0.8593723773956299,0.6190927028656006,-0.9328592419624329,0.16158030927181244,0.8773779273033142,-0.809105634689331,-0.9748473167419434
Bearing1_2,train,125,0.78125,11.897150039672852,4.407940912246704,4.41212,0.008453505,True,-0.9445306658744812,-0.8603164553642273,0.6185901761054993,-0.932588517665863,0.16948799788951874,0.8779487013816833,-0.8088600039482117,-0.9751998782157898
Bearing1_2,train,126,0.7875,11.905263900756836,4.40864930152893,4.4125338,0.008393999,True,-0.9447711110115051,-0.8605602383613586,0.6200808882713318,-0.9326584935188293,0.16407543420791626,0.8782638311386108,-0.8093349933624268,-0.975557267665863
Bearing1_2,train,127,0.79375,11.913225173950195,4.409381437301636,4.4131265,0.00876393,True,-0.9449251294136047,-0.8607061505317688,0.6213269233703613,-0.9328034520149231,0.1607213169336319,0.8786141276359558,-0.8098903894424438,-0.9758976697921753
Bearing1_2,train,128,0.8,11.923460960388184,4.410247421264648,4.414168,0.0090613635,True,-0.9451035261154175,-0.8611618876457214,0.6214942336082458,-0.9329503774642944,0.16399027407169342,0.8787996172904968,-0.810174286365509,-0.976223886013031
Bearing1_2,train,129,0.80625,11.932615280151367,4.411096477508545,4.4147677,0.009659612,True,-0.9452734589576721,-0.8615998029708862,0.6215800642967224,-0.9329788684844971,0.164800763130188,0.8789990544319153,-0.8102612495422363,-0.9765349626541138
Bearing1_2,train,130,0.8125,11.944245338439941,4.412011241912841,4.4159136,0.009720607,True,-0.9455100893974304,-0.8621072173118591,0.6226848363876343,-0.9330986738204956,0.16608388721942902,0.8793767094612122,-0.8105480074882507,-0.9768385887145996
Bearing1_2,train,131,0.81875,11.953592300415039,4.41289439201355,4.416574,0.009724136,True,-0.9457104206085205,-0.862615168094635,0.6227419376373291,-0.9331579208374023,0.1669706404209137,0.8796030282974243,-0.8106593489646912,-0.9771243929862976
Bearing1_2,train,132,0.825,11.962820053100586,4.4137248516082765,4.4171305,0.010302321,True,-0.9458683729171753,-0.863053560256958,0.6230148673057556,-0.9331936836242676,0.16720283031463623,0.8798046112060547,-0.8107315301895142,-0.9773975610733032
Bearing1_2,train,133,0.83125,11.971800804138184,4.414537382125855,4.41827,0.009553095,True,-0.9460559487342834,-0.8635552525520325,0.6245689988136292,-0.9332672953605652,0.1678856462240219,0.880266010761261,-0.8109498023986816,-0.9776646494865417
Bearing1_2,train,134,0.8375,11.978128433227539,4.415338945388794,4.4187856,0.010240427,True,-0.9461091756820679,-0.8637668490409851,0.6249421834945679,-0.9331996440887451,0.16810639202594757,0.8805974721908569,-0.81117182970047,-0.9779180884361267
Bearing1_2,train,135,0.84375,11.984493255615234,4.416094207763672,4.4196725,0.01064119,True,-0.9462735652923584,-0.864135205745697,0.6256189346313477,-0.9332656860351562,0.16944636404514313,0.8808929324150085,-0.8114524483680725,-0.9781670570373535
Bearing1_2,train,136,0.85,11.993343353271484,4.416902351379394,4.420615,0.010226125,True,-0.9463768601417542,-0.8646941184997559,0.6259154677391052,-0.9332457184791565,0.17196469008922577,0.8812589645385742,-0.8116775155067444,-0.9784039855003357
Bearing1_2,train,137,0.85625,12.00068473815918,4.417647743225098,4.4205804,0.010283554,True,-0.9464815258979797,-0.8649258017539978,0.6255770921707153,-0.9332788586616516,0.16980798542499542,0.8812422156333923,-0.8118712306022644,-0.978631854057312
Bearing1_2,train,138,0.8625,12.006479263305664,4.41835503578186,4.421241,0.00988012,True,-0.9465475082397461,-0.8651974201202393,0.6258824467658997,-0.9332547783851624,0.17163732647895813,0.8814888000488281,-0.8120311498641968,-0.978847861289978
Bearing1_2,train,139,0.86875,12.010229110717773,4.419000959396362,4.421227,0.009540374,True,-0.9465693831443787,-0.8653054237365723,0.6254306435585022,-0.9332069754600525,0.17133136093616486,0.8814528584480286,-0.8121143579483032,-0.97905433177948
Bearing1_2,train,140,0.875,12.011574745178223,4.419479036331177,4.4206944,0.009319138,True,-0.9465985298156738,-0.8651889562606812,0.6251382827758789,-0.9332442879676819,0.1678963601589203,0.8811714053153992,-0.8120845556259155,-0.979250431060791
Bearing1_2,train,141,0.88125,12.011935234069824,4.419881010055542,4.4205937,0.009423283,True,-0.9465415477752686,-0.8651568293571472,0.6243212223052979,-0.9332385659217834,0.16904789209365845,0.8810144662857056,-0.8120633363723755,-0.9794330596923828
Bearing1_2,train,142,0.8875,12.012174606323242,4.4201959609985355,4.42028,0.008880289,True,-0.9465379118919373,-0.8651073575019836,0.6237500309944153,-0.933299720287323,0.16803611814975739,0.8807353973388672,-0.8120090961456299,-0.9796096086502075
Bearing1_2,train,143,0.89375,12.008977890014648,4.420339441299438,4.419705,0.009117482,True,-0.9464406371116638,-0.8649855852127075,0.6223028302192688,-0.9332728385925293,0.16838514804840088,0.8803433775901794,-0.811822235584259,-0.97977215051651
Bearing1_2,train,144,0.9,12.008056640625,4.4204048156738285,4.4194393,0.009846394,True,-0.9463925361633301,-0.864812433719635,0.6220067143440247,-0.9332725405693054,0.16764941811561584,0.8801738619804382,-0.8117625713348389,-0.9799324870109558
Bearing1_2,train,145,0.90625,12.007669448852539,4.420444774627685,4.420072,0.012010079,True,-0.9464878439903259,-0.8647924661636353,0.6242855787277222,-0.9335035681724548,0.1650385856628418,0.8803545832633972,-0.8120262026786804,-0.9800940752029419
Bearing1_2,train,146,0.9125,12.011397361755371,4.420552968978882,4.421697,0.0128623545,True,-0.9466953873634338,-0.8654865622520447,0.6250578761100769,-0.9336902499198914,0.17109662294387817,0.8807721138000488,-0.8122135996818542,-0.9802624583244324
Bearing1_2,train,147,0.91875,12.01823902130127,4.42081847190857,4.4232354,0.013367745,True,-0.9469478130340576,-0.8661865592002869,0.6269097924232483,-0.9338410496711731,0.17244577407836914,0.8814258575439453,-0.8126413226127625,-0.9804316759109497
Bearing1_2,train,148,0.925,12.026178359985352,4.421128654479981,4.4243426,0.01372502,True,-0.9472052454948425,-0.8668875098228455,0.6277764439582825,-0.9339595437049866,0.17340409755706787,0.8818959593772888,-0.8129372000694275,-0.9805951714515686
Bearing1_2,train,149,0.93125,12.03605842590332,4.421550846099853,4.425449,0.014282399,True,-0.9474530220031738,-0.8675335049629211,0.6287189722061157,-0.9340695142745972,0.17410780489444733,0.882411539554596,-0.813289999961853,-0.9807531833648682
Bearing1_2,train,150,0.9375,12.048206329345703,4.422172260284424,4.4269085,0.015281443,True,-0.9476814866065979,-0.8683288097381592,0.6292378902435303,-0.9340789318084717,0.1789914071559906,0.8829472064971924,-0.8135042190551758,-0.9809070825576782
Bearing1_2,train,151,0.94375,12.062789916992188,4.422887229919434,4.4277434,0.015250742,True,-0.9479640126228333,-0.8689824938774109,0.6305040717124939,-0.9341235756874084,0.17697657644748688,0.8835117816925049,-0.8137646913528442,-0.9810579419136047
Bearing1_2,train,152,0.95,12.077611923217773,4.423727369308471,4.4286814,0.01539329,True,-0.9482107758522034,-0.8695827126502991,0.6312224864959717,-0.9341993927955627,0.17770525813102722,0.8839443922042847,-0.8139960765838623,-0.9812031984329224
Bearing1_2,train,153,0.95625,12.094331741333008,4.424727869033814,4.42971,0.015493622,True,-0.9484003186225891,-0.8701746463775635,0.6317064166069031,-0.9342522621154785,0.1799062043428421,0.8843225240707397,-0.8143028616905212,-0.9813458919525146
Bearing1_2,train,154,0.9625,12.111272811889648,4.425847387313842,4.4306345,0.016899966,True,-0.9485264420509338,-0.8706938028335571,0.6327416300773621,-0.9341544508934021,0.18100076913833618,0.8848642706871033,-0.814455509185791,-0.9814794063568115
Bearing1_2,train,155,0.96875,12.128435134887695,4.426973819732666,4.4313364,0.016763927,True,-0.9487079381942749,-0.8713794350624084,0.6324483752250671,-0.9341314435005188,0.18290966749191284,0.8851756453514099,-0.8145889043807983,-0.9816148281097412
Bearing1_2,train,156,0.975,12.139823913574219,4.427976942062378,4.4317284,0.017090501,True,-0.948915958404541,-0.8718253374099731,0.632972002029419,-0.9342253804206848,0.1810126155614853,0.8853415846824646,-0.8148007988929749,-0.9817464351654053
Bearing1_2,train,157,0.98125,12.150111198425293,4.428926563262939,4.4327316,0.018807322,True,-0.9490628242492676,-0.8723456263542175,0.6336184740066528,-0.934200644493103,0.18389366567134857,0.8857442140579224,-0.8149055242538452,-0.9818718433380127
Bearing1_2,train,158,0.9875,12.162088394165039,4.429846286773682,4.43354,0.019314595,True,-0.9493109583854675,-0.8729206323623657,0.634566068649292,-0.9342711567878723,0.1835012435913086,0.8861371874809265,-0.8150817155838013,-0.9820011258125305
Bearing1_2,train,159,0.99375,12.174339294433594,4.430755472183227,4.4345407,0.026341476,True,-0.9495388269424438,-0.8735093474388123,0.6355048418045044,-0.9343357086181641,0.18479742109775543,0.8865376114845276,-0.8152429461479187,-0.9821279048919678
Bearing1_2,train,160,1.0,12.196332931518555,4.431857013702393,4.437924,,True,-0.9500143527984619,-0.8749902844429016,0.6388897895812988,-0.934558629989624,0.19224703311920166,0.8878176212310791,-0.8158363699913025,-0.9822714924812317
Bearing1_3,train,0,0.0,,,0.50679004,0.1168833,False,0.7858426570892334,0.5589407086372375,-0.6678383946418762,0.6528959274291992,9.69698594417423e-05,-0.6067037582397461,0.7918838262557983,0.891403317451477
Bearing1_3,train,1,0.006369426751592357,,,0.29623142,0.023121886,False,0.9078551530838013,0.7684823274612427,-0.6256310939788818,0.7426849007606506,-0.09112364053726196,-0.8061402440071106,0.9461372494697571,0.9215676784515381
Bearing1_3,train,2,0.012738853503184714,,,0.17888051,0.017237784,False,0.9061322808265686,0.7927808165550232,-0.554627001285553,0.7336567640304565,-0.1951248049736023,-0.8118652105331421,0.9595922827720642,0.9089601039886475
Bearing1_3,train,3,0.01910828025477707,,,0.09841309,0.007391392,False,0.9015582203865051,0.7897892594337463,-0.5177757143974304,0.7282379269599915,-0.2718302011489868,-0.8009304404258728,0.9610942602157593,0.9018625617027283
Bearing1_3,train,4,0.025477707006369428,,,0.035541885,0.0134915905,False,0.8866178393363953,0.768356204032898,-0.47953692078590393,0.7025472521781921,-0.3363316059112549,-0.7736071348190308,0.956077516078949,0.876776933670044
Bearing1_3,train,5,0.03184713375796178,,,0.0381195,0.0069932705,False,0.8886476755142212,0.7727904915809631,-0.4792778491973877,0.7052696943283081,-0.3755747079849243,-0.7773658633232117,0.9581443071365356,0.8855006694793701
Bearing1_3,train,6,0.03821656050955414,,,0.071449615,0.018180573,False,0.8808775544166565,0.7638039588928223,-0.4644148051738739,0.6932831406593323,-0.4073435962200165,-0.7655670046806335,0.9552469849586487,0.8715144395828247
Bearing1_3,train,7,0.044585987261146494,,,0.07860552,0.017509168,False,0.8870108723640442,0.7783017158508301,-0.4760897159576416,0.704222559928894,-0.4234519600868225,-0.7798480987548828,0.9593769907951355,0.8870187401771545
Bearing1_3,train,8,0.050955414012738856,,,0.091477506,0.022648694,False,0.8905326128005981,0.7844862341880798,-0.47970712184906006,0.7099707126617432,-0.4357849061489105,-0.7871262431144714,0.9614030718803406,0.8923082947731018
Bearing1_3,train,9,0.05732484076433121,,,0.103451796,0.014347089,False,0.8949862718582153,0.7944154143333435,-0.48665282130241394,0.7188004851341248,-0.44314390420913696,-0.796994686126709,0.9642759561538696,0.9003499150276184
Bearing1_3,train,10,0.06369426751592357,,,0.11040267,0.0066275615,False,0.8907572031021118,0.7908060550689697,-0.4805702865123749,0.7095034122467041,-0.45427462458610535,-0.7918059825897217,0.9620275497436523,0.8925221562385559
Bearing1_3,train,11,0.07006369426751592,,,0.11943703,0.010362945,False,0.8811129331588745,0.7698834538459778,-0.4662990868091583,0.6922634243965149,-0.46410560607910156,-0.7744429707527161,0.956852376461029,0.8726924657821655
Bearing1_3,train,12,0.07643312101910828,,,0.123257115,0.0071349577,False,0.880169689655304,0.769413948059082,-0.4659731388092041,0.6918115615844727,-0.4684703052043915,-0.7717044353485107,0.9571638107299805,0.8758682012557983
Bearing1_3,train,13,0.08280254777070063,,,0.12993185,0.018789018,False,0.8765702843666077,0.7606221437454224,-0.46217456459999084,0.6851310133934021,-0.4723716080188751,-0.7655410766601562,0.955338180065155,0.8686105608940125
Bearing1_3,train,14,0.08917197452229299,,,0.12087325,0.013583688,False,0.8857114911079407,0.7759227752685547,-0.475425124168396,0.7020676732063293,-0.46918728947639465,-0.7796211242675781,0.9597064256668091,0.8867518305778503
Bearing1_3,train,15,0.09554140127388536,0.09610585123300552,0.12347394227981567,0.12347394,0.013511241,True,0.8858684301376343,0.7788498997688293,-0.4739420413970947,0.7021843791007996,-0.4709310829639435,-0.7817684412002563,0.9602473974227905,0.8860971927642822
Bearing1_3,train,16,0.10191082802547771,0.0979515016078949,0.12425009906291962,0.12502626,0.011520912,True,0.8860782980918884,0.778503954410553,-0.475254088640213,0.7019197940826416,-0.4728623330593109,-0.7826816439628601,0.9600952863693237,0.885215699672699
Bearing1_3,train,17,0.10828025477707007,0.11188552528619766,0.1249581774075826,0.12637433,0.004271847,True,0.8838883638381958,0.7765166759490967,-0.472173810005188,0.6993400454521179,-0.47379037737846375,-0.7791587710380554,0.9590623378753662,0.8807670474052429
Bearing1_3,train,18,0.11464968152866242,0.19195203483104706,0.1292048804461956,0.14194499,0.0046476526,True,0.8726434707641602,0.7527663111686707,-0.45647457242012024,0.6787586212158203,-0.4790658950805664,-0.7581642270088196,0.9525633454322815,0.8580731153488159
Bearing1_3,train,19,0.12101910828025478,0.2496413290500641,0.133917236328125,0.15276666,0.004484019,True,0.8670487999916077,0.746717095375061,-0.44942259788513184,0.6670547723770142,-0.48242688179016113,-0.7494261860847473,0.9501768350601196,0.8544209003448486
Bearing1_3,train,20,0.12738853503184713,0.2976231276988983,0.13785084833701453,0.15751891,0.0061148484,True,0.8649008274078369,0.7394882440567017,-0.4483736455440521,0.6636866927146912,-0.4835953712463379,-0.743956446647644,0.9492868781089783,0.8522430658340454
Bearing1_3,train,21,0.1337579617834395,0.32334375381469727,0.1401799385036741,0.15415448,0.0025663793,True,0.8666141629219055,0.7452526092529297,-0.4500623345375061,0.6663587689399719,-0.48417744040489197,-0.7475665211677551,0.9506959915161133,0.8569011688232422
Bearing1_3,train,22,0.14012738853503184,0.363003671169281,0.14425857551395893,0.17280903,0.0030468444,True,0.8593446016311646,0.7332624793052673,-0.4399902820587158,0.654367208480835,-0.4876287579536438,-0.7346627116203308,0.9463923573493958,0.8411673307418823
Bearing1_3,train,23,0.1464968152866242,0.39680683612823486,0.1479878822962443,0.17782234,0.0077472623,True,0.8578368425369263,0.7277978658676147,-0.4377543032169342,0.6515809893608093,-0.4882332384586334,-0.7294313907623291,0.94533771276474,0.8395363688468933
Bearing1_3,train,24,0.15286624203821655,0.40596818923950195,0.1492191419005394,0.16030048,0.005909855,True,0.8645336031913757,0.7425277233123779,-0.4486813545227051,0.6605757474899292,-0.4874250292778015,-0.7439357042312622,0.9492709636688232,0.8556486368179321
Bearing1_3,train,25,0.1592356687898089,0.44603413343429565,0.15250876247882844,0.15637015,0.0058517773,True,0.8664699792861938,0.7430606484413147,-0.45182499289512634,0.6661184430122375,-0.4868554174900055,-0.7477944493293762,0.9506698250770569,0.8556358218193054
Bearing1_3,train,26,0.16560509554140126,0.48278871178627014,0.15570251941680907,0.15696383,0.0040443107,True,0.866012692451477,0.748710572719574,-0.45155829191207886,0.6643101572990417,-0.4882461130619049,-0.7497959733009338,0.9506157636642456,0.8569939732551575
Bearing1_3,train,27,0.17197452229299362,0.5246332883834839,0.15947552472352983,0.16410439,0.0054148384,True,0.8640051484107971,0.7391111850738525,-0.4493023157119751,0.6595922708511353,-0.4902457594871521,-0.7445982098579407,0.9487634897232056,0.8510657548904419
Bearing1_3,train,28,0.17834394904458598,0.5325088500976562,0.16159698367118835,0.16315958,0.003971127,True,0.8629913330078125,0.7440077066421509,-0.4504068195819855,0.6583557724952698,-0.4903910458087921,-0.7466848492622375,0.9488264322280884,0.8518747687339783
Bearing1_3,train,29,0.18471337579617833,0.5418086647987366,0.16310531347990037,0.16784996,0.007991415,True,0.8611066937446594,0.7397948503494263,-0.4506714940071106,0.6532784104347229,-0.4926357865333557,-0.7455039024353027,0.9483830332756042,0.8498799204826355
Bearing1_3,train,30,0.1910828025477707,0.5311185717582703,0.16287700831890106,0.15523586,0.003159859,True,0.8664439916610718,0.7497351765632629,-0.4571255147457123,0.663882851600647,-0.4901289641857147,-0.7546442747116089,0.9516101479530334,0.8617919087409973
Bearing1_3,train,31,0.19745222929936307,0.5400959849357605,0.16427187621593475,0.16810316,0.006618026,True,0.8606120944023132,0.7423426508903503,-0.4478888213634491,0.654827356338501,-0.4921511113643646,-0.7448292374610901,0.9483672380447388,0.8484371304512024
Bearing1_3,train,32,0.20382165605095542,0.5241339206695557,0.1629234880208969,0.15932515,0.008841657,True,0.8656558990478516,0.7453560829162598,-0.45143628120422363,0.6648183465003967,-0.48988792300224304,-0.7462417483329773,0.9498553276062012,0.8563084006309509
Bearing1_3,train,33,0.21019108280254778,0.49486055970191956,0.16023025363683702,0.15089,0.007799933,True,0.8702754974365234,0.7565261721611023,-0.45898857712745667,0.6692981719970703,-0.4895398020744324,-0.7580121159553528,0.9527574777603149,0.8666834235191345
Bearing1_3,train,34,0.21656050955414013,0.48195284605026245,0.1589237004518509,0.14723495,0.005812104,True,0.8713288903236389,0.7578211426734924,-0.4607464373111725,0.6731843948364258,-0.4874972701072693,-0.7599680423736572,0.9531946182250977,0.8673827648162842
Bearing1_3,train,35,0.2229299363057325,0.4731990396976471,0.15855117738246918,0.15264492,0.0058158827,True,0.8692027926445007,0.755739152431488,-0.4557228684425354,0.6685106754302979,-0.48934903740882874,-0.7567934989929199,0.9522843956947327,0.863665759563446
Bearing1_3,train,36,0.22929936305732485,0.4700429439544678,0.15851381421089172,0.1565902,0.013912364,True,0.8674437999725342,0.7539553046226501,-0.4534805417060852,0.6661106944084167,-0.491082102060318,-0.7529036402702332,0.9513590335845947,0.8611940145492554
Bearing1_3,train,37,0.2356687898089172,0.43677911162376404,0.15650667548179625,0.144033,0.011359798,True,0.8755978345870972,0.769701361656189,-0.46520403027534485,0.6782833337783813,-0.4884192943572998,-0.7689143419265747,0.9556559920310974,0.8778758645057678
Bearing1_3,train,38,0.24203821656050956,0.40674981474876404,0.15442272275686264,0.14232005,0.014396588,True,0.8767046332359314,0.7745434045791626,-0.46872666478157043,0.6809548139572144,-0.4878193736076355,-0.7736188769340515,0.9561772346496582,0.8777596950531006
Bearing1_3,train,39,0.2484076433121019,0.3634348511695862,0.15165914893150328,0.14021422,0.009312244,True,0.8811254501342773,0.7810419797897339,-0.4728696942329407,0.688789963722229,-0.4873334765434265,-0.7792718410491943,0.9582546949386597,0.8855255246162415
Bearing1_3,train,40,0.25477707006369427,0.3419404625892639,0.1502667933702469,0.1413123,0.006835215,True,0.8784353137016296,0.7742155194282532,-0.47106415033340454,0.6836451292037964,-0.48786354064941406,-0.7776653170585632,0.9574124217033386,0.8793308734893799
Bearing1_3,train,41,0.2611464968152866,0.31601279973983765,0.14795637130737305,0.14499894,0.0088969385,True,0.8744466304779053,0.7658398151397705,-0.46388745307922363,0.6787048578262329,-0.48855429887771606,-0.7683490514755249,0.9553094506263733,0.8715272545814514
Bearing1_3,train,42,0.267515923566879,0.29687851667404175,0.1466110661625862,0.1458721,0.016233206,True,0.8740561604499817,0.7679141163825989,-0.46546632051467896,0.6764589548110962,-0.4896165430545807,-0.7684599161148071,0.9549924731254578,0.8728833794593811
Bearing1_3,train,43,0.27388535031847133,0.27328991889953613,0.14556428790092468,0.14042221,0.007059488,True,0.8801305294036865,0.7812697291374207,-0.4758201837539673,0.685479998588562,-0.48765814304351807,-0.7812957167625427,0.9579713940620422,0.8854742646217346
Bearing1_3,train,44,0.2802547770700637,0.26569926738739014,0.14533183127641677,0.14491038,0.011530078,True,0.8747730255126953,0.7710035443305969,-0.46775388717651367,0.6778112649917603,-0.4896109104156494,-0.772024393081665,0.9556654095649719,0.8745278120040894
Bearing1_3,train,45,0.28662420382165604,0.24532660841941833,0.14441117495298386,0.14343835,0.011197303,True,0.8765163421630859,0.7753598093986511,-0.4687610864639282,0.6808427572250366,-0.4889979362487793,-0.7745866775512695,0.9565912485122681,0.879387378692627
Bearing1_3,train,46,0.2929936305732484,0.22126677632331848,0.1429741933941841,0.14222038,0.008101489,True,0.8786067366600037,0.7754048705101013,-0.46976861357688904,0.6850509643554688,-0.48868149518966675,-0.77596116065979,0.9573444128036499,0.8797299265861511
Bearing1_3,train,47,0.29936305732484075,0.22592201828956604,0.14315149188041687,0.14580598,0.008762613,True,0.8752325773239136,0.7707840204238892,-0.4674399197101593,0.6769281625747681,-0.4903896450996399,-0.7722873091697693,0.9554721117019653,0.8748580813407898
Bearing1_3,train,48,0.3057324840764331,0.23301632702350616,0.14337873458862305,0.14459248,0.004501095,True,0.8749223351478577,0.7670272588729858,-0.46778053045272827,0.6782761216163635,-0.48952871561050415,-0.7708011865615845,0.9556369185447693,0.8742430210113525
Bearing1_3,train,49,0.31210191082802546,0.2640635371208191,0.14479403495788573,0.15436722,0.012130639,True,0.8685581684112549,0.7536922097206116,-0.4587755799293518,0.669062614440918,-0.49160441756248474,-0.7580066323280334,0.9521611928939819,0.8593835830688477
Bearing1_3,train,50,0.3184713375796178,0.26839303970336914,0.14524596631526948,0.14583161,0.0107990755,True,0.8737773895263672,0.7679865956306458,-0.467749685049057,0.6744469404220581,-0.4900612533092499,-0.7700525522232056,0.9550186991691589,0.8752039074897766
Bearing1_3,train,51,0.3248407643312102,0.260709673166275,0.14502014517784118,0.14274073,0.017636767,True,0.8766975402832031,0.7716957926750183,-0.46967893838882446,0.6805381774902344,-0.488715261220932,-0.7729080319404602,0.956108570098877,0.878208577632904
Bearing1_3,train,52,0.33121019108280253,0.2409464418888092,0.14419083744287492,0.13757902,0.013260085,True,0.8826988935470581,0.7844245433807373,-0.4766598045825958,0.6929154992103577,-0.48509523272514343,-0.7831320762634277,0.9591211080551147,0.8883904814720154
Bearing1_3,train,53,0.3375796178343949,0.2398112565279007,0.14396639168262482,0.13817775,0.01316723,True,0.8830718994140625,0.7837173938751221,-0.477081298828125,0.6919342875480652,-0.48572778701782227,-0.7842713594436646,0.9592413902282715,0.887923002243042
Bearing1_3,train,54,0.34394904458598724,0.2243357002735138,0.14342261850833893,0.13947265,0.011064029,True,0.881986677646637,0.7848761677742004,-0.4756019413471222,0.6900435090065002,-0.4863327741622925,-0.7846329808235168,0.9592841863632202,0.8877955079078674
Bearing1_3,train,55,0.3503184713375796,0.221642404794693,0.1432560682296753,0.14177285,0.017305877,True,0.8814060688018799,0.7812509536743164,-0.47554919123649597,0.6870784163475037,-0.489070326089859,-0.782953143119812,0.9588354825973511,0.8855612874031067
Bearing1_3,train,56,0.35668789808917195,0.21273675560951233,0.14288786202669143,0.13853832,0.010761764,True,0.8840131163597107,0.7882434725761414,-0.48245710134506226,0.6938350200653076,-0.48564445972442627,-0.7905628681182861,0.9606066942214966,0.8920589685440063
Bearing1_3,train,57,0.3630573248407643,0.20010140538215637,0.14230714738368988,0.13999884,0.002798926,True,0.8816547989845276,0.7829076647758484,-0.4750874638557434,0.689833402633667,-0.48700013756752014,-0.7848111391067505,0.9594497084617615,0.8859965801239014
Bearing1_3,train,58,0.36942675159235666,0.2282659262418747,0.1442040517926216,0.16356152,0.002193726,True,0.8639170527458191,0.7471766471862793,-0.45235732197761536,0.6616214513778687,-0.4933661222457886,-0.7545336484909058,0.9505468606948853,0.8481003046035767
Bearing1_3,train,59,0.37579617834394907,0.2614142596721649,0.14809762686491013,0.19330297,0.0031540054,True,0.8520395159721375,0.7224404811859131,-0.4374542534351349,0.6417619585990906,-0.4975126087665558,-0.7288020253181458,0.9435539841651917,0.8286570906639099
Bearing1_3,train,60,0.3821656050955414,0.33968767523765564,0.1572613000869751,0.23746835,0.0037297877,True,0.8366289734840393,0.6961575150489807,-0.4228089153766632,0.6161196231842041,-0.503167986869812,-0.7031224966049194,0.9351303577423096,0.8001919984817505
Bearing1_3,train,61,0.3885350318471338,0.39857912063598633,0.16371035128831862,0.20723124,0.0021969476,True,0.8448702096939087,0.7096256613731384,-0.43650540709495544,0.6275191307067871,-0.49783816933631897,-0.7155117392539978,0.9397065043449402,0.8263303637504578
Bearing1_3,train,62,0.39490445859872614,0.49215373396873474,0.17310835868120195,0.2315591,0.0020645787,True,0.8373443484306335,0.6935821175575256,-0.42937394976615906,0.616901159286499,-0.4999489188194275,-0.7027289271354675,0.9353028535842896,0.8058643341064453
Bearing1_3,train,63,0.4012738853503185,0.5827553272247314,0.1829102009534836,0.23619618,0.0027808072,True,0.8349280953407288,0.6898327469825745,-0.4308284819126129,0.6115038394927979,-0.499830037355423,-0.700576901435852,0.9335187077522278,0.8038608431816101
Bearing1_3,train,64,0.40764331210191085,0.6578611135482788,0.1904766395688057,0.21513703,0.00240893,True,0.8404751420021057,0.7058355212211609,-0.4372192323207855,0.6182246804237366,-0.49784982204437256,-0.7112324237823486,0.9369969367980957,0.8218062520027161
Bearing1_3,train,65,0.4140127388535032,0.7243267893791199,0.1969531551003456,0.206538,0.0035571712,True,0.8446676135063171,0.7089541554450989,-0.4391418993473053,0.625590980052948,-0.49611297249794006,-0.7167143225669861,0.9387036561965942,0.8240155577659607
Bearing1_3,train,66,0.42038216560509556,0.8289670944213867,0.20802346467971802,0.24924141,0.002235974,True,0.8319807052612305,0.6818616986274719,-0.42547324299812317,0.6069924235343933,-0.5021682977676392,-0.6943313479423523,0.9322447776794434,0.7956495881080627
Bearing1_3,train,67,0.4267515923566879,0.9335963129997253,0.22098533660173417,0.26961756,0.0021907727,True,0.8243728876113892,0.6757549047470093,-0.4173536002635956,0.5951598882675171,-0.5047419667243958,-0.6817867159843445,0.9278024435043335,0.7861921787261963
Bearing1_3,train,68,0.43312101910828027,0.9984180331230164,0.23199962824583054,0.27370444,0.0019902363,True,0.8222190737724304,0.6697540283203125,-0.42048168182373047,0.5906471014022827,-0.5038514137268066,-0.6789131760597229,0.9262180328369141,0.7857495546340942
Bearing1_3,train,69,0.4394904458598726,1.043195366859436,0.2403267115354538,0.2765738,0.0017823658,True,0.8232592344284058,0.6675692796707153,-0.41952863335609436,0.5919912457466125,-0.5041267275810242,-0.6772024631500244,0.9256535172462463,0.7809832692146301
Bearing1_3,train,70,0.445859872611465,1.0598777532577515,0.24376350194215773,0.27183625,0.011361482,True,0.8233064413070679,0.6687029600143433,-0.4204101264476776,0.594013512134552,-0.5021875500679016,-0.6780646443367004,0.9268811941146851,0.785631537437439
Bearing1_3,train,71,0.45222929936305734,1.1402089595794678,0.2579003572463989,0.3485998,0.013487516,True,0.8042771816253662,0.6237800121307373,-0.40069976449012756,0.5697174072265625,-0.5064332485198975,-0.6396501660346985,0.9136551022529602,0.7315325140953064
Bearing1_3,train,72,0.4585987261146497,1.2273310422897339,0.27695934772491454,0.422149,0.0033633602,True,0.784430980682373,0.5853870511054993,-0.3807874917984009,0.5432389378547668,-0.5090324878692627,-0.5976160764694214,0.9002336263656616,0.6925371885299683
Bearing1_3,train,73,0.46496815286624205,1.3009507656097412,0.2941426619887352,0.40802932,0.008963578,True,0.7855086922645569,0.591447651386261,-0.3853929042816162,0.5416699051856995,-0.5028651356697083,-0.600328803062439,0.9010567665100098,0.7081483602523804
Bearing1_3,train,74,0.4713375796178344,1.4089953899383545,0.31728119105100633,0.44652233,0.0072486456,True,0.7770119309425354,0.5683103203773499,-0.37684717774391174,0.5326353311538696,-0.5004191398620605,-0.579693615436554,0.8942455649375916,0.6821589469909668
Bearing1_3,train,75,0.47770700636942676,1.5256640911102295,0.3424792349338531,0.45851845,0.009630786,True,0.7740541696548462,0.5526674389839172,-0.3791239261627197,0.529891848564148,-0.4935261309146881,-0.5742064118385315,0.892423152923584,0.674660325050354
Bearing1_3,train,76,0.4840764331210191,1.6214338541030884,0.36653611063957214,0.48981017,0.009676654,True,0.7655889391899109,0.5411664247512817,-0.37178775668144226,0.5187375545501709,-0.4911433756351471,-0.5551655888557434,0.883613109588623,0.6555222272872925
Bearing1_3,train,77,0.49044585987261147,1.7220561504364014,0.3912419378757477,0.51667583,0.011426428,True,0.7578209042549133,0.5262764692306519,-0.36641523241996765,0.5088854432106018,-0.4878561794757843,-0.5412824153900146,0.8788377046585083,0.640687108039856
Bearing1_3,train,78,0.4968152866242038,1.8324544429779053,0.41884114444255827,0.5496965,0.0031717524,True,0.749079704284668,0.507512092590332,-0.36256104707717896,0.49759331345558167,-0.4848479926586151,-0.5272663831710815,0.8726377487182617,0.618844211101532
Bearing1_3,train,79,0.5031847133757962,1.9202083349227905,0.44102667570114135,0.49842912,0.015205571,True,0.7597901821136475,0.5298957824707031,-0.37671929597854614,0.5093953013420105,-0.4766857624053955,-0.5466909408569336,0.8802191615104675,0.6570353507995605
Bearing1_3,train,80,0.5095541401273885,2.035616397857666,0.469630965590477,0.55787915,0.0070486246,True,0.747597873210907,0.5024152994155884,-0.362975150346756,0.4956306517124176,-0.4804098308086395,-0.5244360566139221,0.8702303767204285,0.6102405190467834
Bearing1_3,train,81,0.5159235668789809,2.101930856704712,0.4897854596376419,0.55014473,0.013976531,True,0.7461785674095154,0.5056430697441101,-0.36677125096321106,0.4918847978115082,-0.47679007053375244,-0.5254493951797485,0.8693585991859436,0.6222148537635803
Bearing1_3,train,82,0.5222929936305732,2.1585476398468018,0.5072334438562394,0.59662884,0.013369106,True,0.7368411421775818,0.4828425347805023,-0.35703155398368835,0.4813849925994873,-0.4778681993484497,-0.5041146278381348,0.8607224822044373,0.5897557139396667
Bearing1_3,train,83,0.5286624203821656,2.2383193969726562,0.5295646876096726,0.63134176,0.008355515,True,0.7277265191078186,0.4646263122558594,-0.35135042667388916,0.47097885608673096,-0.4769665002822876,-0.4857384264469147,0.8540639281272888,0.5707964301109314
Bearing1_3,train,84,0.535031847133758,2.294520378112793,0.5474819064140319,0.6256945,0.0099413125,True,0.7265687584877014,0.46555209159851074,-0.35608723759651184,0.4678429067134857,-0.47161179780960083,-0.4899759590625763,0.8545032143592834,0.5758076310157776
Bearing1_3,train,85,0.5414012738853503,2.349029064178467,0.5649332046508789,0.6330314,0.0031603863,True,0.7246714234352112,0.46205294132232666,-0.35721755027770996,0.4663078188896179,-0.46901944279670715,-0.48590025305747986,0.8517054915428162,0.5696222186088562
Bearing1_3,train,86,0.5477707006369427,2.369248390197754,0.5727303326129913,0.56778145,0.021230817,True,0.7412328124046326,0.49365949630737305,-0.3687962293624878,0.48589760065078735,-0.4633871614933014,-0.5093632340431213,0.8625960946083069,0.6151493191719055
Bearing1_3,train,87,0.554140127388535,2.4143004417419434,0.586208701133728,0.6514595,0.021579556,True,0.7224006056785583,0.459684282541275,-0.3489469289779663,0.4660497307777405,-0.47210511565208435,-0.47614607214927673,0.8484779596328735,0.5515909194946289
Bearing1_3,train,88,0.5605095541401274,2.468461275100708,0.6041386663913727,0.72899616,0.0101715755,True,0.7011566162109375,0.42226287722587585,-0.33484306931495667,0.4387226700782776,-0.476306289434433,-0.440115749835968,0.8320590257644653,0.509583055973053
Bearing1_3,train,89,0.5668789808917197,2.538818836212158,0.6275838732719421,0.7328812,0.010564448,True,0.6976431608200073,0.41875559091567993,-0.33721068501472473,0.4305294454097748,-0.470355749130249,-0.43648892641067505,0.8293501138687134,0.5139156579971313
Bearing1_3,train,90,0.5732484076433121,2.5864131450653076,0.6459583520889283,0.74162394,0.09407437,True,0.6941669583320618,0.41242265701293945,-0.3376367688179016,0.42787495255470276,-0.46466758847236633,-0.4279014766216278,0.825722873210907,0.5133090019226074
Bearing1_3,train,91,0.5796178343949044,2.746676206588745,0.6990974724292756,1.0815359,0.016602948,True,0.6210944652557373,0.25093862414360046,-0.28723418712615967,0.36735233664512634,-0.4708465039730072,-0.2926028072834015,0.7553263902664185,0.25880885124206543
Bearing1_3,train,92,0.5859872611464968,2.876234292984009,0.751597785949707,1.121632,0.03040611,True,0.5906941890716553,0.23133090138435364,-0.28409865498542786,0.322428435087204,-0.44209903478622437,-0.25262799859046936,0.7351477742195129,0.2788795828819275
Bearing1_3,train,93,0.5923566878980892,3.0356686115264893,0.816326481103897,1.2786287,0.011664161,True,0.5451125502586365,0.16726459562778473,-0.2685908079147339,0.27063316106796265,-0.4285742938518524,-0.19369910657405853,0.6908849477767944,0.17099124193191528
Bearing1_3,train,94,0.5987261146496815,3.198683738708496,0.8862869560718536,1.3252993,0.016989332,True,0.5180319547653198,0.15051381289958954,-0.2707332372665405,0.23803356289863586,-0.4009271264076233,-0.16229486465454102,0.6662721633911133,0.1663278490304947
Bearing1_3,train,95,0.6050955414012739,3.3865132331848145,0.9676767945289612,1.4469298,0.005446538,True,0.47904908657073975,0.10665243864059448,-0.25676706433296204,0.1956394910812378,-0.38795408606529236,-0.1174905002117157,0.6273385286331177,0.08480793237686157
Bearing1_3,train,96,0.6114649681528662,3.583500623703003,1.0532028913497924,1.4230424,0.0038064597,True,0.47653836011886597,0.10678113996982574,-0.27783671021461487,0.18821409344673157,-0.35692110657691956,-0.12532934546470642,0.6284471154212952,0.12037433683872223
Bearing1_3,train,97,0.6178343949044586,3.7368850708007812,1.1255170404911041,1.374601,0.014514333,True,0.48775923252105713,0.12406587600708008,-0.2948119342327118,0.19654786586761475,-0.3445838689804077,-0.1459702104330063,0.6367347240447998,0.15822365880012512
Bearing1_3,train,98,0.6242038216560509,3.903785228729248,1.2012038290500642,1.485864,0.007065375,True,0.46557167172431946,0.07609923928976059,-0.2787618041038513,0.17929629981517792,-0.345522940158844,-0.11064764857292175,0.6054536700248718,0.0643867626786232
Bearing1_3,train,99,0.6305732484076433,4.075682640075684,1.2803823173046112,1.5246661,0.007416023,True,0.44383174180984497,0.06305960565805435,-0.2765025198459625,0.1573750525712967,-0.3351253867149353,-0.09324344992637634,0.5909405946731567,0.051258888095617294
Bearing1_3,train,100,0.6369426751592356,4.258383274078369,1.364796268939972,1.5857635,0.0071807783,True,0.42062097787857056,0.039008721709251404,-0.2684575319290161,0.13450342416763306,-0.3269997835159302,-0.06516619026660919,0.5697961449623108,0.021487195044755936
Bearing1_3,train,101,0.643312101910828,4.347109794616699,1.422296905517578,1.6565423,0.009441695,True,0.39579832553863525,0.013743619434535503,-0.26234862208366394,0.11104485392570496,-0.31361106038093567,-0.03752874955534935,0.5432565212249756,-0.021807868033647537
Bearing1_3,train,102,0.6496815286624203,4.476720333099365,1.487977349758148,1.7784364,0.0053055855,True,0.3499230146408081,-0.033385954797267914,-0.24470055103302002,0.06792201101779938,-0.30247366428375244,0.007788339629769325,0.5040870904922485,-0.09276265650987625
Bearing1_3,train,103,0.6560509554140127,4.564897060394287,1.5415907859802247,1.8147631,0.004365955,True,0.3304898142814636,-0.05151759088039398,-0.24811546504497528,0.05054523050785065,-0.27431148290634155,0.030305325984954834,0.4895436763763428,-0.09639272838830948
Bearing1_3,train,104,0.6624203821656051,4.667638301849365,1.5973242282867433,1.8826337,0.0051290886,True,0.3008788824081421,-0.07219624519348145,-0.2429913729429245,0.02471933513879776,-0.2617516815662384,0.051564689725637436,0.46548956632614136,-0.13949549198150635
Bearing1_3,train,105,0.6687898089171974,4.75877046585083,1.6494764685630798,1.9684522,0.0047812248,True,0.266073077917099,-0.10509523749351501,-0.2337523102760315,-0.006346417590975761,-0.24727830290794373,0.08536849170923233,0.4311104118824005,-0.1826256811618805
Bearing1_3,train,106,0.6751592356687898,4.876858234405518,1.7123453617095947,2.0517313,0.005129803,True,0.22227315604686737,-0.1301061064004898,-0.22527427971363068,-0.046995919197797775,-0.23028504848480225,0.11209111660718918,0.3988964557647705,-0.22198976576328278
Bearing1_3,train,107,0.6815286624203821,5.0383100509643555,1.7944673418998718,2.1958208,0.012412384,True,0.15986469388008118,-0.18112733960151672,-0.2059440314769745,-0.10413217544555664,-0.21687954664230347,0.1586807668209076,0.343849241733551,-0.3002987504005432
Bearing1_3,train,108,0.6878980891719745,5.149864673614502,1.8679338455200196,2.220529,0.0056743934,True,0.12662462890148163,-0.17846128344535828,-0.2138151228427887,-0.1391754448413849,-0.19575494527816772,0.1657671481370926,0.3275037109851837,-0.28856581449508667
Bearing1_3,train,109,0.6942675159235668,5.287394046783447,1.9474785804748536,2.3201134,0.008823083,True,0.07873845100402832,-0.20695462822914124,-0.2008279412984848,-0.1834941953420639,-0.189245343208313,0.1921486258506775,0.286594033241272,-0.34408363699913025
Bearing1_3,train,110,0.7006369426751592,5.427834510803223,2.030855965614319,2.4195373,0.04616777,True,0.031350381672382355,-0.24256688356399536,-0.18806378543376923,-0.2253815233707428,-0.1674007922410965,0.22748500108718872,0.24402520060539246,-0.38524487614631653
Bearing1_3,train,111,0.7070063694267515,5.514519691467285,2.0985668420791628,2.333651,0.008127254,True,0.04855170100927353,-0.21155789494514465,-0.22757871448993683,-0.2077341079711914,-0.135319322347641,0.19605639576911926,0.2715659737586975,-0.31462645530700684
Bearing1_3,train,112,0.7133757961783439,5.613099575042725,2.1620827674865724,2.4135957,0.009817228,True,0.019060663878917694,-0.24022576212882996,-0.20910431444644928,-0.2312140017747879,-0.14227686822414398,0.21791702508926392,0.240696519613266,-0.3699610233306885
Bearing1_3,train,113,0.7197452229299363,5.729248046875,2.231287431716919,2.5068097,0.034855615,True,-0.0260601993650198,-0.2662607431411743,-0.18602187931537628,-0.271831214427948,-0.14374889433383942,0.24907301366329193,0.2028883546590805,-0.415584921836853
Bearing1_3,train,114,0.7261146496815286,5.810099124908447,2.2923508167266844,2.4932675,0.036493003,True,-0.032659485936164856,-0.2593832314014435,-0.20497483015060425,-0.27876418828964233,-0.12131533026695251,0.23718906939029694,0.20818914473056793,-0.39805924892425537
Bearing1_3,train,115,0.732484076433121,5.86675500869751,2.3412423849105837,2.457368,0.0077799563,True,-0.023503120988607407,-0.24837535619735718,-0.22106100618839264,-0.2675318717956543,-0.1119474247097969,0.2220512479543686,0.22143550217151642,-0.37374603748321533
Bearing1_3,train,116,0.7388535031847133,5.954381465911865,2.392954969406128,2.5688572,0.027588299,True,-0.06829886138439178,-0.28179579973220825,-0.18398089706897736,-0.3041760325431824,-0.12720750272274017,0.26197129487991333,0.17587700486183167,-0.4398672580718994
Bearing1_3,train,117,0.7452229299363057,5.999567985534668,2.4332276344299317,2.5985475,0.020188587,True,-0.0872916728258133,-0.2946065366268158,-0.1888187974691391,-0.320928692817688,-0.10799465328454971,0.2690800130367279,0.1678464710712433,-0.4483878016471863
Bearing1_3,train,118,0.7515923566878981,6.0780415534973145,2.4781851768493652,2.6701045,0.015906008,True,-0.12334704399108887,-0.31301096081733704,-0.1717919111251831,-0.35031241178512573,-0.10440050065517426,0.29467400908470154,0.13471366465091705,-0.48008784651756287
Bearing1_3,train,119,0.7579617834394905,6.156569480895996,2.523902416229248,2.7772858,0.023572816,True,-0.1798102855682373,-0.3445274233818054,-0.14508922398090363,-0.39532509446144104,-0.09875018149614334,0.3293934464454651,0.0913366973400116,-0.5275409817695618
Bearing1_3,train,120,0.7643312101910829,6.23292875289917,2.5695693731307983,2.8762069,0.03911424,True,-0.2342805564403534,-0.37435391545295715,-0.12681253254413605,-0.43940308690071106,-0.07806400954723358,0.358805775642395,0.04893842712044716,-0.5658908486366272
Bearing1_3,train,121,0.7707006369426752,6.352209568023682,2.629725980758667,2.9352171,0.021139186,True,-0.2768416106700897,-0.38659268617630005,-0.12184806913137436,-0.4726371169090271,-0.06575700640678406,0.37111029028892517,0.02292007952928543,-0.584589958190918
Bearing1_3,train,122,0.7770700636942676,6.472907066345215,2.6933501720428468,3.0498376,0.0148649085,True,-0.3383501172065735,-0.42358383536338806,-0.08558066189289093,-0.5177144408226013,-0.057187892496585846,0.4116276502609253,-0.024146854877471924,-0.6271721124649048
Bearing1_3,train,123,0.7834394904458599,6.619653224945068,2.7621711015701296,3.195019,0.027037375,True,-0.41611793637275696,-0.46977442502975464,-0.03346122428774834,-0.5743093490600586,-0.041500821709632874,0.4632428288459778,-0.0880269855260849,-0.6752959489822388
Bearing1_3,train,124,0.7898089171974523,6.802630424499512,2.843636465072632,3.3079212,0.07826875,True,-0.4826274812221527,-0.5028092861175537,-0.003084201365709305,-0.6210522055625916,-0.01983461156487465,0.49791496992111206,-0.13954010605812073,-0.7109780311584473
Bearing1_3,train,125,0.7961783439490446,6.963197231292725,2.9310075521469114,3.3310788,0.039780974,True,-0.5091673135757446,-0.5041837096214294,-0.022538961842656136,-0.6360378861427307,0.0028548389673233032,0.49549999833106995,-0.15113188326358795,-0.7176569104194641
Bearing1_3,train,126,0.802547770700637,7.124615669250488,3.0152676105499268,3.4114578,0.049152277,True,-0.551954448223114,-0.5293319821357727,0.013618895784020424,-0.6657214760780334,0.01135021261870861,0.5246201753616333,-0.18847064673900604,-0.7410469651222229
Bearing1_3,train,127,0.8089171974522293,7.304739475250244,3.1029725074768066,3.4755964,0.010151022,True,-0.587319552898407,-0.5497041344642639,0.032723598182201385,-0.6888026595115662,0.028042973950505257,0.5446034073829651,-0.21970152854919434,-0.7609622478485107
Bearing1_3,train,128,0.8152866242038217,7.54428768157959,3.1958657264709474,3.5990367,0.009881469,True,-0.6447890400886536,-0.5918374061584473,0.11520233750343323,-0.7278940081596375,0.03747977316379547,0.5965417623519897,-0.27907031774520874,-0.789118230342865
Bearing1_3,train,129,0.821656050955414,7.788665771484375,3.2888522148132324,3.7071507,0.050129026,True,-0.6964502334594727,-0.6260049343109131,0.18294842541217804,-0.7620957493782043,0.04679863899946213,0.6390030980110168,-0.33597713708877563,-0.81266188621521
Bearing1_3,train,130,0.8280254777070064,7.984171390533447,3.375702977180481,3.7447145,0.0044702506,True,-0.7200822830200195,-0.6381577253341675,0.17062883079051971,-0.7743517756462097,0.0652007907629013,0.6466072201728821,-0.3602115213871002,-0.8279136419296265
Bearing1_3,train,131,0.8343949044585988,8.312650680541992,3.4681351661682127,3.859539,0.0035169574,True,-0.7641767263412476,-0.6793274879455566,0.2737942636013031,-0.8060104250907898,0.08449696749448776,0.6955147981643677,-0.41883713006973267,-0.8434376120567322
Bearing1_3,train,132,0.8407643312101911,8.62797737121582,3.5578914880752563,3.9474008,0.011021588,True,-0.8001756072044373,-0.710648238658905,0.3433334231376648,-0.8301990628242493,0.08623943477869034,0.7312729954719543,-0.4681771993637085,-0.8557573556900024
Bearing1_3,train,133,0.8471337579617835,8.949365615844727,3.6410216331481933,4.0263205,0.0060660453,True,-0.829670786857605,-0.7384086847305298,0.40847814083099365,-0.8504985570907593,0.09473302960395813,0.7630022764205933,-0.5141011476516724,-0.8651657104492188
Bearing1_3,train,134,0.8535031847133758,9.263168334960938,3.71866352558136,4.08434,0.0032088356,True,-0.8520605564117432,-0.7594220638275146,0.44534364342689514,-0.8655962347984314,0.10701875388622284,0.7839601039886475,-0.5509262084960938,-0.8734079599380493
Bearing1_3,train,135,0.8598726114649682,9.609502792358398,3.798214912414551,4.1265926,0.0045990264,True,-0.8687776923179626,-0.7747147679328918,0.4656863808631897,-0.8767307996749878,0.11436212062835693,0.7978806495666504,-0.5810506939888,-0.8808138370513916
Bearing1_3,train,136,0.8662420382165605,9.92905044555664,3.873481583595276,4.1641245,0.003488942,True,-0.8820393681526184,-0.787832498550415,0.48706766963005066,-0.8860611319541931,0.1228644996881485,0.8100372552871704,-0.6080788969993591,-0.8872277736663818
Bearing1_3,train,137,0.8726114649681529,10.243814468383789,3.9453295946121214,4.1940765,0.0034543364,True,-0.8923107981681824,-0.7982137203216553,0.5016843676567078,-0.893217921257019,0.13170363008975983,0.8190537095069885,-0.6309777498245239,-0.8930636644363403
Bearing1_3,train,138,0.8789808917197452,10.488104820251465,4.007252621650696,4.218267,0.0014047384,True,-0.9003610610961914,-0.8068796992301941,0.5114673972129822,-0.8988531231880188,0.14037317037582397,0.8256756067276001,-0.6503196358680725,-0.8983446359634399
Bearing1_3,train,139,0.8853503184713376,10.69282341003418,4.059835386276245,4.2329783,0.0018042163,True,-0.905864953994751,-0.8124502897262573,0.5111804604530334,-0.9025745987892151,0.14185938239097595,0.8283873200416565,-0.6651804447174072,-0.9033565521240234
Bearing1_3,train,140,0.89171974522293,10.937886238098145,4.110120558738709,4.247566,0.0016875409,True,-0.9101633429527283,-0.8174929022789001,0.5135605931282043,-0.9057013988494873,0.14961089193820953,0.8314048647880554,-0.6786378622055054,-0.9079571962356567
Bearing1_3,train,141,0.8980891719745223,11.052925109863281,4.150150990486145,4.2598433,0.0019238982,True,-0.9136011600494385,-0.8216496706008911,0.5171777606010437,-0.9081552624702454,0.1533365398645401,0.8338643908500671,-0.6899068355560303,-0.9121899604797363
Bearing1_3,train,142,0.9044585987261147,11.143269538879395,4.182552433013916,4.271415,0.0022837403,True,-0.9165729284286499,-0.8254107236862183,0.5207280516624451,-0.9102837443351746,0.16068477928638458,0.8360923528671265,-0.699968159198761,-0.9161416292190552
Bearing1_3,train,143,0.910828025477707,11.189435005187988,4.208092498779297,4.281721,0.0021768343,True,-0.9190536141395569,-0.8286570906639099,0.5251563191413879,-0.9119664430618286,0.16382811963558197,0.8385436534881592,-0.7090646028518677,-0.9197842478752136
Bearing1_3,train,144,0.9171974522292994,11.227783203125,4.22846794128418,4.2880945,0.006869059,True,-0.9209468364715576,-0.8308500647544861,0.5253192782402039,-0.9132086634635925,0.1615542471408844,0.8394222855567932,-0.716184675693512,-0.9231928586959839
Bearing1_3,train,145,0.9235668789808917,11.289405822753906,4.246233081817627,4.304244,0.004199502,True,-0.923914909362793,-0.8354631066322327,0.5413147211074829,-0.9155310988426208,0.17487068474292755,0.8447807431221008,-0.7253081202507019,-0.9262056946754456
Bearing1_3,train,146,0.9299363057324841,11.326177597045898,4.260958862304688,4.3113823,0.0032156196,True,-0.925774335861206,-0.8384198546409607,0.542488157749176,-0.9165405035018921,0.17642951011657715,0.8466235399246216,-0.7317185401916504,-0.929093599319458
Bearing1_3,train,147,0.9363057324840764,11.354498863220215,4.2731915473937985,4.3164034,0.0043971688,True,-0.9270314574241638,-0.8401423096656799,0.5431267619132996,-0.9173053503036499,0.1734941452741623,0.8477152585983276,-0.737371027469635,-0.9318389296531677
Bearing1_3,train,148,0.9426751592356688,11.384079933166504,4.283706283569336,4.3234143,0.01673247,True,-0.9285598993301392,-0.8419990539550781,0.548986554145813,-0.9185051918029785,0.17193594574928284,0.8496524095535278,-0.7429813146591187,-0.934390127658844
Bearing1_3,train,149,0.9490445859872612,11.45596981048584,4.294397592544556,4.3398914,0.018240722,True,-0.9310141801834106,-0.847525417804718,0.5635474324226379,-0.9201375842094421,0.1999487578868866,0.8555148243904114,-0.7496636509895325,-0.9365645051002502
Bearing1_3,train,150,0.9554140127388535,11.52641487121582,4.304696989059448,4.35056,0.01849747,True,-0.9331381320953369,-0.8524034023284912,0.5712978839874268,-0.9208642840385437,0.20901204645633698,0.8599960803985596,-0.7550145983695984,-0.9385786056518555
Bearing1_3,train,151,0.9617834394904459,11.595991134643555,4.314577960968018,4.358653,0.020931374,True,-0.9349260330200195,-0.8564760088920593,0.5761658549308777,-0.9213618040084839,0.21284997463226318,0.8634305596351624,-0.7597578167915344,-0.9404820799827576
Bearing1_3,train,152,0.9681528662420382,11.667482376098633,4.3240447521209715,4.366083,0.017758695,True,-0.9365524649620056,-0.8601791262626648,0.580613374710083,-0.9218478202819824,0.21702852845191956,0.8664413094520569,-0.76401686668396,-0.9422622919082642
Bearing1_3,train,153,0.9745222929936306,11.73086929321289,4.332898855209351,4.370262,0.018744724,True,-0.9377743005752563,-0.8626207709312439,0.5818233489990234,-0.9221774339675903,0.2140236347913742,0.8680428266525269,-0.7675948143005371,-0.9439924359321594
Bearing1_3,train,154,0.9808917197452229,11.797297477722168,4.341582727432251,4.3749332,0.018711025,True,-0.9387537240982056,-0.8649501800537109,0.5826788544654846,-0.9223987460136414,0.21970243752002716,0.8694446682929993,-0.7705174684524536,-0.9456318020820618
Bearing1_3,train,155,0.9872611464968153,11.838257789611816,4.34899206161499,4.3783374,0.019390963,True,-0.9395283460617065,-0.8668084740638733,0.5832620859146118,-0.922472357749939,0.22112980484962463,0.8705224990844727,-0.7729904055595398,-0.9471936821937561
Bearing1_3,train,156,0.9936305732484076,11.889074325561523,4.356014442443848,4.381606,0.019155677,True,-0.9402074217796326,-0.8684786558151245,0.5840736031532288,-0.9226168990135193,0.22292228043079376,0.8714582324028015,-0.7752760648727417,-0.9486804604530334
Bearing1_3,train,157,1.0,11.943402290344238,4.362792873382569,4.3841877,,True,-0.9407469630241394,-0.86985844373703,0.5838903188705444,-0.9226608872413635,0.2252882421016693,0.8720752596855164,-0.7771337032318115,-0.9501075148582458
Bearing1_4,validation,0,0.0,,,0.6330052,0.064116925,False,0.7115289568901062,0.44809412956237793,-0.587588906288147,0.5577267408370972,-0.006298490799963474,-0.4904569983482361,0.7307993769645691,0.8028445839881897
Bearing1_4,validation,1,0.008264462809917356,,,0.28462583,0.012338001,False,0.8623695969581604,0.6635926961898804,-0.5676571130752563,0.6633368730545044,-0.1091466099023819,-0.7093710899353027,0.909446120262146,0.8495964407920837
Bearing1_4,validation,2,0.01652892561983471,,,0.15116131,0.008149082,False,0.8777955770492554,0.7193147540092468,-0.5165920853614807,0.684029221534729,-0.2145688831806183,-0.7480407953262329,0.9405868053436279,0.8616446256637573
Bearing1_4,validation,3,0.024793388429752067,,,0.07669893,0.010489465,False,0.8787577748298645,0.736501157283783,-0.48430749773979187,0.6882278323173523,-0.2925393581390381,-0.7519645690917969,0.9477930665016174,0.8619340658187866
Bearing1_4,validation,4,0.03305785123966942,,,0.03779316,0.010987993,False,0.8823920488357544,0.7529542446136475,-0.4754527509212494,0.695574939250946,-0.34540507197380066,-0.7600091099739075,0.9525862336158752,0.8706982731819153
Bearing1_4,validation,5,0.04132231404958678,,,0.04425658,0.016180156,False,0.8835825324058533,0.7615201473236084,-0.47368940711021423,0.6975962519645691,-0.38152602314949036,-0.7686249613761902,0.9558373093605042,0.8761494159698486
Bearing1_4,validation,6,0.049586776859504134,,,0.065445274,0.010102741,False,0.8878410458564758,0.7769049406051636,-0.4776839017868042,0.704552173614502,-0.40683457255363464,-0.7802306413650513,0.9591566324234009,0.8865557312965393
Bearing1_4,validation,7,0.05785123966942149,,,0.08050101,0.029453637,False,0.8858631253242493,0.7695906162261963,-0.47243860363960266,0.7031838297843933,-0.42573100328445435,-0.7752797603607178,0.95833420753479,0.8789584040641785
Bearing1_4,validation,8,0.06611570247933884,,,0.103141166,0.024782235,False,0.895212709903717,0.7980220317840576,-0.4890825152397156,0.7169902920722961,-0.43657439947128296,-0.7974040508270264,0.9636432528495789,0.9026603102684021
Bearing1_4,validation,9,0.0743801652892562,,,0.11761196,0.03109746,False,0.8968383073806763,0.8064277768135071,-0.4932778477668762,0.7192136645317078,-0.4467582404613495,-0.8047962784767151,0.964911937713623,0.9054877758026123
Bearing1_4,validation,10,0.08264462809917356,,,0.13079119,0.027918776,False,0.900862991809845,0.814152181148529,-0.4998747706413269,0.727445662021637,-0.4521207809448242,-0.8124882578849792,0.9667631387710571,0.9118372797966003
Bearing1_4,validation,11,0.09090909090909091,,,0.13451575,0.03185442,False,0.9015473127365112,0.8133430480957031,-0.5004943609237671,0.7302878499031067,-0.45624223351478577,-0.8135320544242859,0.9672789573669434,0.9112403988838196
Bearing1_4,validation,12,0.09917355371900827,,,0.14177716,0.046447247,False,0.9027068018913269,0.8188090920448303,-0.503318727016449,0.7327497601509094,-0.45841339230537415,-0.8182857632637024,0.9685782194137573,0.9147587418556213
Bearing1_4,validation,13,0.10743801652892562,,,0.15763475,0.046963885,False,0.9089880585670471,0.8304738998413086,-0.51528000831604,0.745022177696228,-0.4569692015647888,-0.8290194272994995,0.9711275696754456,0.9251397848129272
Bearing1_4,validation,14,0.11570247933884298,,,0.16626295,0.046371225,False,0.911271333694458,0.8373610377311707,-0.5183637738227844,0.7493550777435303,-0.4574074447154999,-0.8350136876106262,0.9721462726593018,0.9273265600204468
Bearing1_4,validation,15,0.12396694214876033,0.7088103294372559,0.17140454053878784,0.17140454,0.04850272,True,0.9116495847702026,0.8404139876365662,-0.5234313011169434,0.7473647594451904,-0.45978450775146484,-0.8394152522087097,0.9724656939506531,0.9285897612571716
Bearing1_4,validation,16,0.1322314049586777,0.7214310169219971,0.17255782335996628,0.1737111,0.051179152,True,0.9123961329460144,0.8415704965591431,-0.5251726508140564,0.7519727945327759,-0.45870083570480347,-0.8399920463562012,0.973010241985321,0.93020099401474
Bearing1_4,validation,17,0.14049586776859505,0.743253231048584,0.17417537669340769,0.17741048,0.044241343,True,0.9130508303642273,0.8455391526222229,-0.5258046388626099,0.7515864968299866,-0.45966020226478577,-0.8417468667030334,0.9729395508766174,0.9315609931945801
Bearing1_4,validation,18,0.1487603305785124,0.7358604669570923,0.1742449440062046,0.17445365,0.04899137,True,0.9113037586212158,0.8425736427307129,-0.5236401557922363,0.7468622922897339,-0.4632444381713867,-0.8393779993057251,0.9722548127174377,0.9290475249290466
Bearing1_4,validation,19,0.15702479338842976,0.739304780960083,0.17482471466064453,0.1771438,0.075722165,True,0.9121816158294678,0.8432669639587402,-0.5262781977653503,0.7481786012649536,-0.46345704793930054,-0.8415590524673462,0.9726350903511047,0.93073570728302
Bearing1_4,validation,20,0.1652892561983471,0.7860205173492432,0.17880359788735709,0.19869801,0.04238023,True,0.9199310541152954,0.8566677570343018,-0.5410241484642029,0.7662056088447571,-0.45878374576568604,-0.8531167507171631,0.9757103323936462,0.941291868686676
Bearing1_4,validation,21,0.17355371900826447,0.7796124815940857,0.1789720697062356,0.1799829,0.074290216,True,0.9140568375587463,0.8449401259422302,-0.5281947255134583,0.7551491856575012,-0.46100884675979614,-0.8433721661567688,0.973465621471405,0.9306493997573853
Bearing1_4,validation,22,0.18181818181818182,0.8102059364318848,0.18154104053974152,0.19952384,0.057504907,True,0.9198675155639648,0.857837438583374,-0.540130078792572,0.7656193375587463,-0.458454966545105,-0.8543903231620789,0.9761220812797546,0.9417799711227417
Bearing1_4,validation,23,0.19008264462809918,0.8232985138893127,0.18302996125486162,0.19494133,0.06345457,True,0.9182910323143005,0.8556616902351379,-0.5370532870292664,0.7613811492919922,-0.4600314497947693,-0.8523579835891724,0.9751988053321838,0.9379221796989441
Bearing1_4,validation,24,0.19834710743801653,0.83753901720047,0.18455324918031693,0.19826284,0.090668894,True,0.9191567301750183,0.8568065166473389,-0.5394552946090698,0.7637439370155334,-0.460070937871933,-0.8543550968170166,0.9758065342903137,0.9394522905349731
Bearing1_4,validation,25,0.2066115702479339,0.8887463808059692,0.18923565596342087,0.21822861,0.07123168,True,0.9248263239860535,0.8686545491218567,-0.5536471605300903,0.7758525609970093,-0.45639824867248535,-0.8650543093681335,0.9781388640403748,0.9484995603561401
Bearing1_4,validation,26,0.21487603305785125,0.9267333745956421,0.19315191805362703,0.21287373,0.06506426,True,0.9232133030891418,0.8658666014671326,-0.5505388975143433,0.7718064785003662,-0.4568381607532501,-0.863720715045929,0.9774781465530396,0.9448596239089966
Bearing1_4,validation,27,0.2231404958677686,0.951966404914856,0.19591482430696489,0.20503955,0.056906108,True,0.92090904712677,0.8616174459457397,-0.5451115965843201,0.7672147750854492,-0.4574107229709625,-0.8592034578323364,0.9765450954437256,0.9426068663597107
Bearing1_4,validation,28,0.23140495867768596,0.9738384485244751,0.1980589061975479,0.19589446,0.036644805,True,0.9184558391571045,0.856246292591095,-0.5374943614006042,0.7626394629478455,-0.4594863951206207,-0.8531790971755981,0.9753631949424744,0.9381232261657715
Bearing1_4,validation,29,0.2396694214876033,0.965939998626709,0.1977642819285393,0.17419755,0.044859532,True,0.9108055830001831,0.8424966931343079,-0.5227201581001282,0.7467167973518372,-0.46379557251930237,-0.8398759961128235,0.9721436500549316,0.9268918037414551
Bearing1_4,validation,30,0.24793388429752067,0.9335775375366211,0.19528937190771103,0.17394891,0.033624597,True,0.9109959006309509,0.8406896591186523,-0.5235435962677002,0.7469964027404785,-0.46508389711380005,-0.8381927609443665,0.9720878601074219,0.9283670783042908
Bearing1_4,validation,31,0.256198347107438,0.9147068858146667,0.1936470627784729,0.16355981,0.054437947,True,0.9072444438934326,0.8329830765724182,-0.5134341716766357,0.7403055429458618,-0.46769165992736816,-0.8298504948616028,0.9703064560890198,0.9214771389961243
Bearing1_4,validation,32,0.2644628099173554,0.8890458941459656,0.1916014790534973,0.179068,0.04329188,True,0.9122459292411804,0.8440203666687012,-0.5232180953025818,0.7485737800598145,-0.467540442943573,-0.8399577140808105,0.9726534485816956,0.9305109977722168
Bearing1_4,validation,33,0.2727272727272727,0.8653548359870911,0.18965503424406052,0.17547688,0.04055763,True,0.9104182720184326,0.8410312533378601,-0.5211943984031677,0.7452076077461243,-0.4688107967376709,-0.8382834792137146,0.9719734787940979,0.9274848699569702
Bearing1_4,validation,34,0.2809917355371901,0.8322417140007019,0.1869605377316475,0.17131788,0.05115862,True,0.9096468091011047,0.8365252614021301,-0.5215672254562378,0.7440729737281799,-0.4687610864639282,-0.8357329964637756,0.9714003205299377,0.9255171418190002
Bearing1_4,validation,35,0.2892561983471074,0.7850996255874634,0.1831356793642044,0.17998002,0.03166753,True,0.9122873544692993,0.8431467413902283,-0.5267635583877563,0.7495855093002319,-0.46774786710739136,-0.8409347534179688,0.9728764891624451,0.930880606174469
Bearing1_4,validation,36,0.2975206611570248,0.7281469702720642,0.1784365579485893,0.16588251,0.07216192,True,0.9062262177467346,0.8337265253067017,-0.5155848860740662,0.7374205589294434,-0.471370667219162,-0.8303884863853455,0.970098614692688,0.9214129447937012
Bearing1_4,validation,37,0.30578512396694213,0.7169775366783142,0.17717090249061584,0.19238299,0.08012673,True,0.91703200340271,0.8505421876907349,-0.5360777378082275,0.759884238243103,-0.46540698409080505,-0.8481597304344177,0.974575936794281,0.937332034111023
Bearing1_4,validation,38,0.3140495867768595,0.7350538969039917,0.17861714214086533,0.21035686,0.05025867,True,0.9210183620452881,0.8635789155960083,-0.5489464998245239,0.7667441964149475,-0.46228882670402527,-0.8604287505149841,0.976871132850647,0.9448702931404114
Bearing1_4,validation,39,0.32231404958677684,0.7554903030395508,0.18068249076604842,0.19485104,0.05414433,True,0.9156292676925659,0.8554160594940186,-0.5370123386383057,0.7552629709243774,-0.4660714268684387,-0.8514325022697449,0.974497377872467,0.9363163113594055
Bearing1_4,validation,40,0.3305785123966942,0.7737849950790405,0.1825780987739563,0.192905,0.048696656,True,0.91451495885849,0.8537472486495972,-0.534622073173523,0.7504736185073853,-0.4683016240596771,-0.8505123257637024,0.9740838408470154,0.9361717104911804
Bearing1_4,validation,41,0.33884297520661155,0.7993320822715759,0.18501720875501632,0.18795091,0.033320457,True,0.9121342897415161,0.85050368309021,-0.5304189920425415,0.7467793822288513,-0.47054386138916016,-0.8461456298828125,0.973315417766571,0.9334996342658997
Bearing1_4,validation,42,0.34710743801652894,0.783850908279419,0.18444606959819793,0.17335661,0.06629344,True,0.904758095741272,0.8407370448112488,-0.5159764885902405,0.7309880256652832,-0.47650787234306335,-0.8343210816383362,0.9701239466667175,0.923733115196228
Bearing1_4,validation,43,0.35537190082644626,0.8042105436325073,0.18619740903377532,0.19299027,0.037290677,True,0.9141601920127869,0.851289689540863,-0.5346836447715759,0.7514217495918274,-0.47178778052330017,-0.8482640385627747,0.9740703701972961,0.9363102316856384
Bearing1_4,validation,44,0.36363636363636365,0.8071917295455933,0.18693383038043976,0.17868209,0.0508451,True,0.9085798263549805,0.8423386812210083,-0.5232212543487549,0.7396791577339172,-0.4745161831378937,-0.8395766615867615,0.9715702533721924,0.9266798496246338
Bearing1_4,validation,45,0.371900826446281,0.8089665174484253,0.1873324230313301,0.18396595,0.033895455,True,0.9106078743934631,0.8453322649002075,-0.5284280776977539,0.7439228892326355,-0.4731745719909668,-0.8431580662727356,0.9726659655570984,0.9315061569213867
Bearing1_4,validation,46,0.38016528925619836,0.812219500541687,0.1878367006778717,0.17092529,0.028803816,True,0.9064610004425049,0.8361244201660156,-0.5179260969161987,0.7371717691421509,-0.4754776358604431,-0.8323821425437927,0.9700440764427185,0.9221779704093933
Bearing1_4,validation,47,0.3884297520661157,0.7659511566162109,0.18485944867134094,0.16261047,0.015766962,True,0.9020222425460815,0.827560305595398,-0.5095884203910828,0.7261499762535095,-0.47860413789749146,-0.8260810375213623,0.9685892462730408,0.9174809455871582
Bearing1_4,validation,48,0.39669421487603307,0.675674557685852,0.17871363312005997,0.1488987,0.013429521,True,0.8934080600738525,0.8108760118484497,-0.4933237135410309,0.7108442783355713,-0.4836887717247009,-0.808607280254364,0.9645422101020813,0.9025468826293945
Bearing1_4,validation,49,0.4049586776859504,0.601828932762146,0.17390967905521393,0.1468115,0.0052139545,True,0.8866463899612427,0.8004831671714783,-0.48228734731674194,0.6969911456108093,-0.4893231689929962,-0.7964104413986206,0.961559534072876,0.8945853114128113
Bearing1_4,validation,50,0.4132231404958678,0.5883620381355286,0.1732885494828224,0.1866937,0.0021018053,True,0.8541490435600281,0.7431626319885254,-0.44005879759788513,0.6390320658683777,-0.5071142911911011,-0.7426797747612,0.9452152252197266,0.8336555361747742
Bearing1_4,validation,51,0.4214876033057851,0.5863317847251892,0.17484223693609238,0.20348778,0.0027493837,True,0.847032368183136,0.7255381941795349,-0.4328703284263611,0.6269526481628418,-0.5110057592391968,-0.7245237827301025,0.9411956667900085,0.830199122428894
Bearing1_4,validation,52,0.4297520661157025,0.6011521816253662,0.1776556611061096,0.20149085,0.0025666668,True,0.8477468490600586,0.7267100811004639,-0.4365236461162567,0.6257556676864624,-0.5121573209762573,-0.7248218059539795,0.9419245719909668,0.8367881774902344
Bearing1_4,validation,53,0.4380165289256198,0.6152285933494568,0.18258485198020935,0.24228218,0.0021563845,True,0.8342000246047974,0.7019631266593933,-0.4204223155975342,0.6038074493408203,-0.5173763036727905,-0.7012691497802734,0.9326148629188538,0.8028151392936707
Bearing1_4,validation,54,0.4462809917355372,0.6422220468521118,0.18775632232427597,0.23039679,0.0036547538,True,0.8366982936859131,0.7052594423294067,-0.42655840516090393,0.6083520650863647,-0.5149431228637695,-0.7038618326187134,0.9346827864646912,0.8162263035774231
Bearing1_4,validation,55,0.45454545454545453,0.6445112824440002,0.19030743688344956,0.2094771,0.0036811358,True,0.8438610434532166,0.7207705974578857,-0.4346868097782135,0.6191585659980774,-0.5116975903511047,-0.716901421546936,0.9386641383171082,0.8296105861663818
Bearing1_4,validation,56,0.4628099173553719,0.7017807364463806,0.19864957183599471,0.25434664,0.0014065935,True,0.8301638960838318,0.6866556406021118,-0.4187175929546356,0.6004430651664734,-0.5162405967712402,-0.6926498413085938,0.9309292435646057,0.792131245136261
Bearing1_4,validation,57,0.47107438016528924,0.7624011039733887,0.2072693258523941,0.24880801,0.0018812162,True,0.8289666771888733,0.6884564757347107,-0.4203508794307709,0.5992482304573059,-0.5127063989639282,-0.6918068528175354,0.9313381314277649,0.8012142777442932
Bearing1_4,validation,58,0.4793388429752066,0.8411428332328796,0.21599758565425872,0.2361813,0.0016020932,True,0.8335849642753601,0.6968861222267151,-0.427727073431015,0.6024686694145203,-0.5122480392456055,-0.701361358165741,0.9332298636436462,0.8089877963066101
Bearing1_4,validation,59,0.48760330578512395,0.9269609451293945,0.22480811178684235,0.23491676,0.002413677,True,0.8346065878868103,0.698521077632904,-0.4262452721595764,0.6060470342636108,-0.5120502710342407,-0.699437141418457,0.9330573678016663,0.8092828989028931
Bearing1_4,validation,60,0.49586776859504134,0.9680719375610352,0.23219861090183258,0.2605987,0.008858358,True,0.8268140554428101,0.6849130988121033,-0.4169134795665741,0.5947301983833313,-0.5156684517860413,-0.6862589120864868,0.9288078546524048,0.7906152009963989
Bearing1_4,validation,61,0.5041322314049587,0.959875762462616,0.23174822628498076,0.19898394,0.0016440001,True,0.8464135527610779,0.7223569750785828,-0.4406433403491974,0.6240362524986267,-0.5081943273544312,-0.7205207943916321,0.940543532371521,0.839309811592102
Bearing1_4,validation,62,0.512396694214876,0.9746609926223755,0.23301150053739547,0.21412359,0.0018236305,True,0.8429921269416809,0.7093793153762817,-0.4329865574836731,0.6210576891899109,-0.5094677805900574,-0.7140740156173706,0.9382565021514893,0.8181012272834778
Bearing1_4,validation,63,0.5206611570247934,0.9666208028793335,0.23143686801195146,0.22653586,0.0016340786,True,0.8380514979362488,0.7052813768386841,-0.4259195923805237,0.6144769787788391,-0.5114012956619263,-0.7046779990196228,0.9355559945106506,0.8122323751449585
Bearing1_4,validation,64,0.5289256198347108,0.9760079383850098,0.2327605441212654,0.24363355,0.0018266808,True,0.8326625227928162,0.7004354596138,-0.41771867871284485,0.6036154627799988,-0.5153383612632751,-0.6964691877365112,0.9329226016998291,0.8036922812461853
Bearing1_4,validation,65,0.5371900826446281,1.0105483531951904,0.23792156726121902,0.26108733,0.0013810578,True,0.8288465142250061,0.684783399105072,-0.41153228282928467,0.5984719395637512,-0.5169751644134521,-0.6850638389587402,0.9299613237380981,0.7923769950866699
Bearing1_4,validation,66,0.5454545454545454,1.0093294382095337,0.23888700753450393,0.26400104,0.0015451359,True,0.8257167339324951,0.6829413175582886,-0.4122416377067566,0.5934703946113586,-0.5148494243621826,-0.6831405758857727,0.9287603497505188,0.7905189394950867
Bearing1_4,validation,67,0.5537190082644629,1.0155646800994873,0.23965564966201783,0.25649443,0.0018824397,True,0.8285692930221558,0.6782615780830383,-0.41833460330963135,0.5987480282783508,-0.5113565325737,-0.6843068599700928,0.9295021891593933,0.7948897480964661
Bearing1_4,validation,68,0.5619834710743802,1.0318629741668701,0.24245754927396773,0.2642003,0.001895324,True,0.8244851231575012,0.6794342398643494,-0.41602441668510437,0.591699481010437,-0.5118983387947083,-0.6809790134429932,0.9270033240318298,0.7891630530357361
Bearing1_4,validation,69,0.5702479338842975,1.0514270067214966,0.2458452045917511,0.2687933,0.0020706311,True,0.8236325979232788,0.6749721169471741,-0.41612371802330017,0.5896894931793213,-0.5124936103820801,-0.679583728313446,0.926416277885437,0.7852203249931335
Bearing1_4,validation,70,0.5785123966942148,1.061556100845337,0.24772704839706422,0.27941713,0.0020551893,True,0.8197503685951233,0.6690683364868164,-0.41244304180145264,0.5847662687301636,-0.5138981342315674,-0.6749439835548401,0.925546407699585,0.778961718082428
Bearing1_4,validation,71,0.5867768595041323,1.0975370407104492,0.25243858695030214,0.24609932,0.0024680546,True,0.8290596604347229,0.6829769015312195,-0.4245927631855011,0.5988470315933228,-0.5070859789848328,-0.6883417963981628,0.930042564868927,0.8031314611434937
Bearing1_4,validation,72,0.5950413223140496,1.1302193403244019,0.25842220336198807,0.27395976,0.0013856546,True,0.8213375210762024,0.674382209777832,-0.4122578799724579,0.5869327187538147,-0.5115898847579956,-0.6764781475067139,0.9256868362426758,0.7811577320098877
Bearing1_4,validation,73,0.6033057851239669,1.1522597074508667,0.2623146429657936,0.26546025,0.0056153517,True,0.8241392374038696,0.6761599183082581,-0.4148156940937042,0.5919393301010132,-0.5105228424072266,-0.6775548458099365,0.9273653030395508,0.7902536392211914
Bearing1_4,validation,74,0.6115702479338843,1.1939268112182617,0.2691519170999527,0.3120063,0.001704274,True,0.8116893768310547,0.6494517922401428,-0.40221792459487915,0.5743550062179565,-0.5153415203094482,-0.6562358140945435,0.9197742342948914,0.755884051322937
Bearing1_4,validation,75,0.6198347107438017,1.2046382427215576,0.2713901370763779,0.28346953,0.003891653,True,0.8173694610595703,0.6628926992416382,-0.41450968384742737,0.5777859687805176,-0.5097947716712952,-0.6692413687705994,0.9219954013824463,0.7805966734886169
Bearing1_4,validation,76,0.628099173553719,1.2338099479675293,0.27600457668304446,0.31014544,0.0023467238,True,0.8113377094268799,0.6495015621185303,-0.4063822329044342,0.5711333155632019,-0.5141553282737732,-0.6565225720405579,0.9186367988586426,0.7589830160140991
Bearing1_4,validation,77,0.6363636363636364,1.258721113204956,0.2811659753322601,0.30810842,0.0020225388,True,0.810093104839325,0.6500317454338074,-0.41025617718696594,0.566075325012207,-0.5135726928710938,-0.6589099764823914,0.9175229072570801,0.7640453577041626
Bearing1_4,validation,78,0.6446280991735537,1.2809555530548096,0.2855408787727356,0.30794933,0.0062584383,True,0.8108119964599609,0.6504808664321899,-0.40813401341438293,0.5693322420120239,-0.5122645497322083,-0.6564525365829468,0.9174834489822388,0.7622856497764587
Bearing1_4,validation,79,0.6528925619834711,1.3216054439544678,0.29396821558475494,0.35306668,0.047422558,True,0.7971639633178711,0.627974808216095,-0.39429497718811035,0.5505775213241577,-0.5146028399467468,-0.6349908709526062,0.9097985029220581,0.733348548412323
Bearing1_4,validation,80,0.6611570247933884,1.4375393390655518,0.321178537607193,0.55152035,0.016016638,True,0.7439120411872864,0.5351305603981018,-0.3486133813858032,0.4816746413707733,-0.533953845500946,-0.5418808460235596,0.8739410638809204,0.6068313717842102
Bearing1_4,validation,81,0.6694214876033058,1.5790953636169434,0.3571715623140335,0.60602957,0.011613762,True,0.7238346934318542,0.4985857307910919,-0.34666720032691956,0.4519668221473694,-0.5270079970359802,-0.509418249130249,0.8596827983856201,0.5896631479263306
Bearing1_4,validation,82,0.6776859504132231,1.71065354347229,0.39334829747676847,0.6357271,0.042458143,True,0.7134342789649963,0.4813463091850281,-0.34389984607696533,0.4374658763408661,-0.5164083242416382,-0.48856329917907715,0.8505744934082031,0.5783883333206177
Bearing1_4,validation,83,0.6859504132231405,1.9038406610488892,0.448120978474617,0.81318706,0.028366707,True,0.6633173227310181,0.4083409607410431,-0.31426510214805603,0.37922370433807373,-0.5202314853668213,-0.4145950973033905,0.8099637031555176,0.45496493577957153
Bearing1_4,validation,84,0.6942148760330579,2.093987226486206,0.5105513960123063,0.93631047,0.020285005,True,0.6231972575187683,0.3527821898460388,-0.2980842888355255,0.3309137523174286,-0.5081155896186829,-0.3499900698661804,0.7727561593055725,0.3923794627189636
Bearing1_4,validation,85,0.7024793388429752,2.321211338043213,0.5840910136699676,1.0188657,0.0054235514,True,0.589102029800415,0.32168900966644287,-0.29034388065338135,0.285955548286438,-0.49646008014678955,-0.30738407373428345,0.7470069527626038,0.35820356011390686
Bearing1_4,validation,86,0.7107438016528925,2.5015010833740234,0.6467254281044006,0.9364896,0.03916897,True,0.6060360074043274,0.34614041447639465,-0.3194657862186432,0.2939817011356354,-0.4719185531139374,-0.33825579285621643,0.7616906762123108,0.43314358592033386
Bearing1_4,validation,87,0.71900826446281,2.747267246246338,0.7282330423593522,1.1231846,0.015203972,True,0.5577967762947083,0.2714426815509796,-0.29143568873405457,0.24799077212810516,-0.47981441020965576,-0.27306225895881653,0.7147700786590576,0.2840806245803833
Bearing1_4,validation,88,0.7272727272727273,2.9955759048461914,0.816408371925354,1.1897026,0.031143306,True,0.5245473980903625,0.25163912773132324,-0.28397196531295776,0.20739655196666718,-0.46977147459983826,-0.2397872507572174,0.690412700176239,0.2621419131755829
Bearing1_4,validation,89,0.7355371900826446,3.27009916305542,0.9193962574005127,1.3829455,0.008370213,True,0.46570253372192383,0.1776050478219986,-0.2532843053340912,0.14892898499965668,-0.4663836658000946,-0.1563439965248108,0.630764365196228,0.1392187625169754
Bearing1_4,validation,90,0.743801652892562,3.420185089111328,0.9928618907928467,1.2861767,0.0074271034,True,0.47785112261772156,0.21572056412696838,-0.28412914276123047,0.14438949525356293,-0.4349621832370758,-0.18698802590370178,0.6484071612358093,0.24218107759952545
Bearing1_4,validation,91,0.7520661157024794,3.535419464111328,1.0472241938114166,1.1496526,0.008432014,True,0.5249705910682678,0.2569788694381714,-0.3190456032752991,0.19275636970996857,-0.4114163815975189,-0.24512718617916107,0.6838805079460144,0.3266805112361908
Bearing1_4,validation,92,0.7603305785123967,3.6597187519073486,1.0999244332313538,1.1627295,0.004773507,True,0.5348359942436218,0.24775834381580353,-0.31220901012420654,0.21059675514698029,-0.4175494611263275,-0.24368003010749817,0.682766854763031,0.2917643189430237
Bearing1_4,validation,93,0.768595041322314,3.7142512798309326,1.130261904001236,1.1165618,0.0051538236,True,0.5491122007369995,0.26512494683265686,-0.31490007042884827,0.22941023111343384,-0.41641470789909363,-0.26104819774627686,0.6981499195098877,0.320557177066803
Bearing1_4,validation,94,0.7768595041322314,3.729818820953369,1.1423321127891541,1.0570126,0.0039605834,True,0.5674993395805359,0.2951808273792267,-0.3220045268535614,0.24974803626537323,-0.4217259883880615,-0.28712695837020874,0.7136852741241455,0.352642685174942
Bearing1_4,validation,95,0.7851239669421488,3.705462694168091,1.1355816960334777,0.95136154,0.010015093,True,0.6009883880615234,0.33257412910461426,-0.33918440341949463,0.2858355641365051,-0.42439785599708557,-0.33126193284988403,0.7442173361778259,0.4219236671924591
Bearing1_4,validation,96,0.7933884297520661,3.7156035900115967,1.1370234727859496,0.95090735,0.015176366,True,0.6060494184494019,0.33498284220695496,-0.3350503444671631,0.29297277331352234,-0.4372999668121338,-0.3402367830276489,0.7467043995857239,0.4057823717594147
Bearing1_4,validation,97,0.8016528925619835,3.6765060424804688,1.1243205726146699,0.99615556,0.008692212,True,0.5920584797859192,0.33011776208877563,-0.3171519935131073,0.2797335982322693,-0.45490503311157227,-0.3195602595806122,0.7368237376213074,0.37197861075401306
Bearing1_4,validation,98,0.8099173553719008,3.630460262298584,1.1042721092700958,0.989218,0.005480114,True,0.5925301313400269,0.3244597911834717,-0.31906983256340027,0.27937033772468567,-0.4533595144748688,-0.321160227060318,0.741459310054779,0.386127769947052
Bearing1_4,validation,99,0.8181818181818182,3.522688388824463,1.0600433707237245,0.94065815,0.006195778,True,0.6083089709281921,0.3426978886127472,-0.32901453971862793,0.29853829741477966,-0.44965317845344543,-0.33914127945899963,0.7538796067237854,0.4159161150455475
Bearing1_4,validation,100,0.8264462809917356,3.451220989227295,1.021779578924179,0.90353876,0.014600398,True,0.6209955811500549,0.35516640543937683,-0.3342452943325043,0.31199467182159424,-0.45022836327552795,-0.35872891545295715,0.7651982307434082,0.4363049268722534
Bearing1_4,validation,101,0.8347107438016529,3.4221482276916504,1.0012097299098968,0.9439541,0.0052672937,True,0.6112536191940308,0.3431420624256134,-0.32278862595558167,0.30383554100990295,-0.45899635553359985,-0.34038788080215454,0.7546764612197876,0.40570035576820374
Bearing1_4,validation,102,0.8429752066115702,3.3616557121276855,0.9747095882892609,0.8977281,0.0044518514,True,0.623924732208252,0.35665735602378845,-0.3308473229408264,0.3193107843399048,-0.4529380202293396,-0.3586718440055847,0.7701842188835144,0.43867647647857666
Bearing1_4,validation,103,0.8512396694214877,3.298497438430786,0.9462920129299164,0.832386,0.02099696,True,0.6468684077262878,0.38288959860801697,-0.3429405093193054,0.3442170321941376,-0.4521629214286804,-0.38686230778694153,0.7843946218490601,0.4761427640914917
Bearing1_4,validation,104,0.859504132231405,3.2771995067596436,0.9315490543842315,0.909583,0.007265377,True,0.6235670447349548,0.3599194288253784,-0.325019896030426,0.3196479082107544,-0.46809083223342896,-0.3616514801979065,0.7671698927879333,0.4165711998939514
Bearing1_4,validation,105,0.8677685950413223,3.2642276287078857,0.9244199991226196,0.880071,0.016676467,True,0.6295004487037659,0.3663412630558014,-0.3313841223716736,0.3267529010772705,-0.4616295397281647,-0.36567261815071106,0.7725571990013123,0.4504598379135132
Bearing1_4,validation,106,0.8760330578512396,3.2639148235321045,0.9232513248920441,0.9392206,0.004469289,True,0.6142245531082153,0.34888210892677307,-0.3174373209476471,0.3088068664073944,-0.46880999207496643,-0.3447640836238861,0.7594048976898193,0.40292292833328247
Bearing1_4,validation,107,0.8842975206611571,3.230133533477783,0.9105347037315369,0.86898935,0.0048422767,True,0.6344422698020935,0.36309367418289185,-0.33719852566719055,0.3338180482387543,-0.4542619287967682,-0.36819398403167725,0.7773078083992004,0.45876678824424744
Bearing1_4,validation,108,0.8925619834710744,3.186040163040161,0.892087185382843,0.8047428,0.027524788,True,0.6550185680389404,0.3907485902309418,-0.34947413206100464,0.35482463240623474,-0.4521561563014984,-0.40004411339759827,0.7919148206710815,0.49366527795791626
Bearing1_4,validation,109,0.9008264462809917,3.1933584213256836,0.8900759816169739,0.9205461,0.006232813,True,0.6239181756973267,0.3564010560512543,-0.31992092728614807,0.32271960377693176,-0.47241082787513733,-0.35946014523506165,0.7673018574714661,0.40064737200737
Bearing1_4,validation,110,0.9090909090909091,3.1855530738830566,0.8870400130748749,0.8731791,0.011925517,True,0.631386935710907,0.3699454665184021,-0.3312644362449646,0.32610347867012024,-0.46633613109588623,-0.37134289741516113,0.7760891914367676,0.45530012249946594
Bearing1_4,validation,111,0.9173553719008265,3.1730644702911377,0.8820717036724091,0.894271,0.009293919,True,0.6270378232002258,0.3625543415546417,-0.32881081104278564,0.3224160969257355,-0.46725645661354065,-0.3669499158859253,0.7725514769554138,0.43176090717315674
Bearing1_4,validation,112,0.9256198347107438,3.17279052734375,0.8813915014266968,0.89092606,0.005043621,True,0.626864492893219,0.36515679955482483,-0.3295081555843353,0.322306752204895,-0.4665687084197998,-0.36677947640419006,0.7719727754592896,0.43622472882270813
Bearing1_4,validation,113,0.9338842975206612,3.1737430095672607,0.8814081013202667,0.832552,0.005423246,True,0.6444936394691467,0.3829464912414551,-0.3411533534526825,0.34210747480392456,-0.4607101380825043,-0.38615354895591736,0.7856718301773071,0.4819566011428833
Bearing1_4,validation,114,0.9421487603305785,3.1373066902160645,0.8691963791847229,0.78746575,0.008685164,True,0.6599103808403015,0.4009207785129547,-0.3480682075023651,0.36159321665763855,-0.45802220702171326,-0.40975895524024963,0.7980776429176331,0.5015558004379272
Bearing1_4,validation,115,0.9504132231404959,3.116856336593628,0.8593316912651062,0.7814241,0.0113463765,True,0.6646480560302734,0.40567564964294434,-0.3452899158000946,0.371277779340744,-0.4612269699573517,-0.4140860140323639,0.8015234470367432,0.4952048361301422
Bearing1_4,validation,116,0.9586776859504132,3.0813190937042236,0.8447928726673126,0.7938324,0.011414064,True,0.6604401469230652,0.40457993745803833,-0.34017735719680786,0.36675864458084106,-0.46879351139068604,-0.4090665876865387,0.7989877462387085,0.48713284730911255
Bearing1_4,validation,117,0.9669421487603306,3.0717363357543945,0.8390723168849945,0.8117838,0.013579035,True,0.6559964418411255,0.4002359211444855,-0.3328653573989868,0.36227792501449585,-0.4732249677181244,-0.39983245730400085,0.7963747978210449,0.4749624729156494
Bearing1_4,validation,118,0.9752066115702479,3.0862514972686768,0.842844831943512,0.84246796,0.0031485716,True,0.6495198011398315,0.3810727894306183,-0.33012449741363525,0.3533608317375183,-0.47450387477874756,-0.3863273859024048,0.7885693311691284,0.45823970437049866
Bearing1_4,validation,119,0.9834710743801653,3.031668186187744,0.8254568338394165,0.74666613,0.037182372,True,0.6722742319107056,0.4224313497543335,-0.3491373658180237,0.379382461309433,-0.4656949043273926,-0.4228172302246094,0.8106763362884521,0.5276978015899658
Bearing1_4,validation,120,0.9917355371900827,3.053175210952759,0.8283196985721588,0.9018077,3.9043899,True,0.6351921558380127,0.35832852125167847,-0.3218793570995331,0.3395889401435852,-0.4825887382030487,-0.37027043104171753,0.776466429233551,0.405254989862442
Bearing1_4,validation,121,1.0,3.964373826980591,0.9113220036029815,1.7242941,,True,0.32419854402542114,-0.11814874410629272,-0.22233134508132935,0.1804184913635254,-0.6550260186195374,-0.04216986894607544,0.16981101036071777,0.3030267357826233
Bearing1_5,holdout_test,0,0.0,,,0.60925937,0.044229176,False,0.7207333445549011,0.4690249562263489,-0.5978412628173828,0.570986270904541,-0.008137119933962822,-0.5053918957710266,0.7416011095046997,0.8169461488723755
Bearing1_5,holdout_test,1,0.0196078431372549,,,0.2830563,0.019259691,False,0.8557119369506836,0.656724750995636,-0.5588492155075073,0.6513044834136963,-0.12263719737529755,-0.6995287537574768,0.9064379930496216,0.835365355014801
Bearing1_5,holdout_test,2,0.0392156862745098,,,0.13874118,0.013368353,False,0.8800141215324402,0.733967661857605,-0.5181254148483276,0.6865136623382568,-0.22356505692005157,-0.7543303966522217,0.9430253505706787,0.8726217746734619
Bearing1_5,holdout_test,3,0.058823529411764705,,,0.0644057,0.01779114,False,0.8861430287361145,0.7582102417945862,-0.4963788092136383,0.6998993754386902,-0.294785737991333,-0.7694777250289917,0.9529892802238464,0.8804690837860107
Bearing1_5,holdout_test,4,0.0784313725490196,,,0.037824217,0.010885316,False,0.8911767601966858,0.7787287831306458,-0.49041473865509033,0.7086898684501648,-0.3450974225997925,-0.7831387519836426,0.9586631059646606,0.8920595049858093
Bearing1_5,holdout_test,5,0.09803921568627451,,,0.04569536,0.014958022,False,0.8882020711898804,0.7749173045158386,-0.47973743081092834,0.7034851908683777,-0.3840792179107666,-0.7800326943397522,0.9582363963127136,0.884111225605011
Bearing1_5,holdout_test,6,0.11764705882352941,,,0.06528352,0.022259334,False,0.8900905251502991,0.7785091996192932,-0.4807772636413574,0.7091588973999023,-0.4081806242465973,-0.7830665111541748,0.9599263072013855,0.8882754445075989
Bearing1_5,holdout_test,7,0.13725490196078433,,,0.086647235,0.022081831,False,0.8946608901023865,0.7920648455619812,-0.4866173565387726,0.7181382775306702,-0.42342060804367065,-0.79363614320755,0.9629268646240234,0.8980745077133179
Bearing1_5,holdout_test,8,0.1568627450980392,,,0.100023836,0.022796994,False,0.8960945010185242,0.7978092432022095,-0.48981666564941406,0.7199230790138245,-0.4344363212585449,-0.7996358275413513,0.964206337928772,0.9020938873291016
Bearing1_5,holdout_test,9,0.17647058823529413,,,0.10896952,0.026205886,False,0.897675096988678,0.7995958924293518,-0.4932354986667633,0.7227655649185181,-0.4420950710773468,-0.8046897053718567,0.9651921987533569,0.9028171896934509
Bearing1_5,holdout_test,10,0.19607843137254902,,,0.118110344,0.020237518,False,0.8986766934394836,0.8078116178512573,-0.493394136428833,0.7258033752441406,-0.4474598467350006,-0.805726170539856,0.9654242992401123,0.9067589640617371
Bearing1_5,holdout_test,11,0.21568627450980393,,,0.11892384,0.02796554,False,0.8971860408782959,0.8023704886436462,-0.4901070296764374,0.7220101952552795,-0.45372438430786133,-0.8037238717079163,0.9649460911750793,0.9017307162284851
Bearing1_5,holdout_test,12,0.23529411764705882,,,0.12563822,0.027063783,False,0.8993591070175171,0.8079646229743958,-0.49664977192878723,0.7260901927947998,-0.4553731083869934,-0.8094879984855652,0.9660614728927612,0.9073869585990906
Bearing1_5,holdout_test,13,0.2549019607843137,,,0.12834486,0.0301484,False,0.9007720351219177,0.8082547187805176,-0.5008062720298767,0.729002058506012,-0.45598146319389343,-0.8126528859138489,0.9669283628463745,0.9090617895126343
Bearing1_5,holdout_test,14,0.27450980392156865,,,0.13450782,0.020699464,False,0.9023700952529907,0.8141559362411499,-0.5015960335731506,0.7324599623680115,-0.45744678378105164,-0.8155495524406433,0.9677435755729675,0.9120224714279175
Bearing1_5,holdout_test,15,0.29411764705882354,0.24039682745933533,0.12867571413516998,0.12867571,0.019427195,True,0.8984444737434387,0.8070963025093079,-0.49357303977012634,0.7241179943084717,-0.4607986509799957,-0.8084276914596558,0.9658554792404175,0.9053955674171448
Bearing1_5,holdout_test,16,0.3137254901960784,0.21456581354141235,0.1281401589512825,0.1276046,0.01811855,True,0.8950133323669434,0.8039978742599487,-0.4886370301246643,0.7168998718261719,-0.46462899446487427,-0.8041103482246399,0.964462161064148,0.9005584120750427
Bearing1_5,holdout_test,17,0.3333333333333333,0.18511275947093964,0.12794305384159088,0.12754884,0.0163032,True,0.8933533430099487,0.7987320423126221,-0.4862965941429138,0.7134365439414978,-0.4683518409729004,-0.80061274766922,0.9638923406600952,0.8982312083244324
Bearing1_5,holdout_test,18,0.35294117647058826,0.1628047525882721,0.12746787443757057,0.12604234,0.017821832,True,0.890505313873291,0.7945601940155029,-0.482438862323761,0.7080912590026855,-0.46993422508239746,-0.7957000136375427,0.9623827934265137,0.8952157497406006
Bearing1_5,holdout_test,19,0.37254901960784315,0.14656177163124084,0.1273169755935669,0.12671338,0.02745055,True,0.8907626271247864,0.7940896153450012,-0.48235756158828735,0.7100159525871277,-0.47091832756996155,-0.7944409251213074,0.9626702666282654,0.8951971530914307
Bearing1_5,holdout_test,20,0.39215686274509803,0.1626031994819641,0.12791472176710764,0.13090345,0.022668017,True,0.8966565132141113,0.8037741780281067,-0.49026983976364136,0.7210385799407959,-0.46721917390823364,-0.8040280342102051,0.965289831161499,0.9049248695373535
Bearing1_5,holdout_test,21,0.4117647058823529,0.17089197039604187,0.12843368308884756,0.13154745,0.027475983,True,0.8960964679718018,0.8054640889167786,-0.48916807770729065,0.7207800149917603,-0.4673633873462677,-0.8046167492866516,0.9653053283691406,0.9029144644737244
Bearing1_5,holdout_test,22,0.43137254901960786,0.1870369017124176,0.12919986434280872,0.13456313,0.023762293,True,0.8984465599060059,0.809461772441864,-0.4951508343219757,0.723392903804779,-0.46602028608322144,-0.810279905796051,0.9662905335426331,0.9079002141952515
Bearing1_5,holdout_test,23,0.45098039215686275,0.19445426762104034,0.1295997036827935,0.13279842,0.026906203,True,0.8980518579483032,0.8072971701622009,-0.4947875440120697,0.7242833971977234,-0.4654776155948639,-0.8093522787094116,0.9662436842918396,0.9055535793304443
Bearing1_5,holdout_test,24,0.47058823529411764,0.2064647227525711,0.1301333039999008,0.1349357,0.030005965,True,0.8989685773849487,0.8115404844284058,-0.49519819021224976,0.7248443961143494,-0.46503692865371704,-0.8106250762939453,0.9661176204681396,0.907737135887146
Bearing1_5,holdout_test,25,0.49019607843137253,0.2184201031923294,0.13096938729286195,0.13703655,0.030354863,True,0.9014490842819214,0.8134127855300903,-0.49891483783721924,0.7298751473426819,-0.46295028924942017,-0.8143446445465088,0.9672182202339172,0.9107760787010193
Bearing1_5,holdout_test,26,0.5098039215686274,0.23768582940101624,0.13226777464151382,0.14058848,0.01820888,True,0.9021764993667603,0.8164822459220886,-0.5023589730262756,0.7310364246368408,-0.4636092483997345,-0.8174102902412415,0.9680051803588867,0.9128110408782959
Bearing1_5,holdout_test,27,0.5294117647058824,0.24487194418907166,0.13253588676452638,0.13022996,0.0214915,True,0.8961958885192871,0.8054109811782837,-0.4921307861804962,0.720904529094696,-0.4656585454940796,-0.806961178779602,0.9651015400886536,0.9009228348731995
Bearing1_5,holdout_test,28,0.5490196078431373,0.2531399428844452,0.13264963477849961,0.12717982,0.0114625385,True,0.8969878554344177,0.7995158433914185,-0.49315473437309265,0.7221460342407227,-0.4651533365249634,-0.8044759035110474,0.9647120833396912,0.9007325768470764
Bearing1_5,holdout_test,29,0.5686274509803921,0.25110000371932983,0.13194552809000015,0.11967231,0.011921318,True,0.8894940614700317,0.7834330201148987,-0.48139867186546326,0.7097898721694946,-0.4675474166870117,-0.7896014451980591,0.9611477255821228,0.8873178958892822
Bearing1_5,holdout_test,30,0.5882352941176471,0.23674461245536804,0.13087185621261596,0.120166734,0.012322072,True,0.8852652907371521,0.7791303992271423,-0.4747769832611084,0.7016721963882446,-0.4690747857093811,-0.7836642265319824,0.9597157835960388,0.8832550048828125
Bearing1_5,holdout_test,31,0.6078431372549019,0.22944529354572296,0.1295478366315365,0.118307255,0.011408652,True,0.885915219783783,0.7719889879226685,-0.4734020531177521,0.7039593458175659,-0.468282014131546,-0.7788350582122803,0.9591683149337769,0.8809925317764282
Bearing1_5,holdout_test,32,0.6274509803921569,0.21901337802410126,0.12789707854390145,0.11805555,0.004056004,True,0.8842695951461792,0.7674415707588196,-0.4730317294597626,0.7012832760810852,-0.46839311718940735,-0.7771298289299011,0.9585829973220825,0.8769717812538147
Bearing1_5,holdout_test,33,0.6470588235294118,0.25595250725746155,0.1291607402265072,0.14543504,0.035005726,True,0.8684234023094177,0.7331648468971252,-0.4482263922691345,0.6762782335281372,-0.4747040867805481,-0.7453936338424683,0.9501009583473206,0.8414174318313599
Bearing1_5,holdout_test,34,0.6666666666666666,0.3869186043739319,0.1467458002269268,0.3107863,0.049929347,True,0.8244644999504089,0.6265699863433838,-0.39744967222213745,0.6163235902786255,-0.4900439381599426,-0.6579182744026184,0.9245012998580933,0.7227878570556641
Bearing1_5,holdout_test,35,0.6862745098039216,0.5824579000473022,0.18291585817933081,0.49873713,0.09411453,True,0.779245913028717,0.5180164575576782,-0.35906586050987244,0.5614849328994751,-0.4955950081348419,-0.5658470392227173,0.8952844142913818,0.6091000437736511
Bearing1_5,holdout_test,36,0.7058823529411765,0.8678755760192871,0.24847431406378745,0.79617304,0.07816188,True,0.7085553407669067,0.3670629560947418,-0.31190332770347595,0.4853062629699707,-0.49741658568382263,-0.42994609475135803,0.8416909575462341,0.41528138518333435
Bearing1_5,holdout_test,37,0.7254901960784313,1.2316941022872925,0.341080666333437,1.0562935,0.043457333,True,0.631066620349884,0.24232223629951477,-0.2761319875717163,0.395068883895874,-0.48329198360443115,-0.3090309500694275,0.781335175037384,0.2643505930900574
Bearing1_5,holdout_test,38,0.7450980392156863,1.6269619464874268,0.451521759480238,1.2315907,0.12124473,True,0.5668898820877075,0.16512088477611542,-0.2625875473022461,0.31844568252563477,-0.44779840111732483,-0.22305062413215637,0.7269624471664429,0.1738761067390442
Bearing1_5,holdout_test,39,0.7647058823529411,2.1514694690704346,0.6071871437132359,1.6763262,0.0706973,True,0.4285573363304138,-0.023407965898513794,-0.20767918229103088,0.19155293703079224,-0.4260620176792145,-0.04825221002101898,0.5956603288650513,-0.11397908627986908
Bearing1_5,holdout_test,40,0.7843137254901961,2.7388739585876465,0.8000196181237698,2.0484915,0.037923146,True,0.26646292209625244,-0.16265709698200226,-0.16061538457870483,0.026504524052143097,-0.367911696434021,0.10128509253263474,0.45979902148246765,-0.29901322722435
Bearing1_5,holdout_test,41,0.803921568627451,3.379429578781128,1.0260189116001128,2.3783002,0.013120034,True,0.09547083079814911,-0.2736150920391083,-0.12331472337245941,-0.14156141877174377,-0.29558050632476807,0.22433996200561523,0.3201189637184143,-0.43254634737968445
Bearing1_5,holdout_test,42,0.8235294117647058,4.051156520843506,1.2768003553152085,2.62587,0.010529255,True,-0.05071979761123657,-0.350598007440567,-0.10323130339384079,-0.27592599391937256,-0.2189108431339264,0.3114498555660248,0.2152620255947113,-0.5153660178184509
Bearing1_5,holdout_test,43,0.8431372549019608,4.6873779296875,1.5405526548624038,2.782958,0.021685941,True,-0.15881717205047607,-0.39120739698410034,-0.1022055521607399,-0.36797648668289185,-0.1483006775379181,0.36059316992759705,0.14694124460220337,-0.5570349097251892
Bearing1_5,holdout_test,44,0.8627450980392157,5.227301597595215,1.7975035279989242,2.880295,0.031582404,True,-0.23353643715381622,-0.41428032517433167,-0.10968073457479477,-0.42505496740341187,-0.09739711880683899,0.3861285448074341,0.1031646877527237,-0.5789141058921814
Bearing1_5,holdout_test,45,0.8823529411764706,5.704980850219727,2.0424469292163847,2.9481711,0.040210813,True,-0.28500106930732727,-0.43334558606147766,-0.11544843763113022,-0.4596244990825653,-0.060105256736278534,0.4034663140773773,0.07295733690261841,-0.5945058465003967
Bearing1_5,holdout_test,46,0.9019607843137255,6.095523357391357,2.2622345805168154,2.9940495,0.047631796,True,-0.32092002034187317,-0.44795140624046326,-0.12025003135204315,-0.48051515221595764,-0.034468553960323334,0.41532811522483826,0.05347888171672821,-0.604351818561554
Bearing1_5,holdout_test,47,0.9215686274509803,6.426583290100098,2.459006369113922,3.0240114,0.050691586,True,-0.34494438767433167,-0.4565160870552063,-0.12405449151992798,-0.4939849376678467,-0.01582702249288559,0.42122963070869446,0.039394184947013855,-0.6112220883369446
Bearing1_5,holdout_test,48,0.9411764705882353,6.730257987976074,2.6406187891960142,3.047715,0.055062752,True,-0.3638317584991455,-0.4615020453929901,-0.12422280013561249,-0.5052686333656311,-0.007580322213470936,0.42562440037727356,0.02686198614537716,-0.6176131963729858
Bearing1_5,holdout_test,49,0.9607843137254902,6.919267177581787,2.7793020486831663,3.0631588,0.05108284,True,-0.3754146695137024,-0.4676454961299896,-0.12683697044849396,-0.5109879374504089,0.0014143572188913822,0.4287739098072052,0.020820962265133858,-0.622105598449707
Bearing1_5,holdout_test,50,0.9803921568627451,7.054939270019531,2.8834521532058717,3.0899925,0.052447245,True,-0.38940855860710144,-0.4824243485927582,-0.12296934425830841,-0.5174652338027954,0.011299902573227882,0.4395628571510315,0.014057030901312828,-0.6316741704940796
Bearing1_5,holdout_test,51,1.0,7.141772270202637,2.957307815551758,3.1168568,,True,-0.40442371368408203,-0.4974079132080078,-0.12011048197746277,-0.5239161252975464,0.0219061691313982,0.4497860074043274,0.009317967109382153,-0.6419979929924011
