bearing_id,step_id,normalized_lifetime,level
Bearing3_1,0,0.0,
Bearing3_1,1,0.00039416633819471815,
Bearing3_1,2,0.0007883326763894363,
Bearing3_1,3,0.0011824990145841545,
Bearing3_1,4,0.0015766653527788726,
Bearing3_1,5,0.001970831690973591,
Bearing3_1,6,0.002364998029168309,
Bearing3_1,7,0.0027591643673630273,
Bearing3_1,8,0.0031533307055577452,
Bearing3_1,9,0.0035474970437524636,
Bearing3_1,10,0.003941663381947182,
Bearing3_1,11,0.0043358297201418995,
Bearing3_1,12,0.004729996058336618,
Bearing3_1,13,0.005124162396531336,
Bearing3_1,14,0.005518328734726055,
Bearing3_1,15,0.005912495072920773,0.37521642058461646
Bearing3_1,16,0.0063066614111154905,0.4021677330131939
Bearing3_1,17,0.006700827749310209,0.39462475452779494
Bearing3_1,18,0.007094994087504927,0.3983666966355937
Bearing3_1,19,0.007489160425699646,0.371042357067324
Bearing3_1,20,0.007883326763894364,0.3828307523748962
Bearing3_1,21,0.008277493102089082,0.3734648917576503
Bearing3_1,22,0.008671659440283799,0.36528156997660216
Bearing3_1,23,0.009065825778478517,0.36673971141092876
Bearing3_1,24,0.009459992116673236,0.36849988683394136
Bearing3_1,25,0.009854158454867954,0.3462947320971498
Bearing3_1,26,0.010248324793062672,0.347860320716888
Bearing3_1,27,0.01064249113125739,0.3402132908583312
Bearing3_1,28,0.01103665746945211,0.30236350884977803
Bearing3_1,29,0.011430823807646828,0.3148986442291746
Bearing3_1,30,0.011824990145841546,0.2848284807884049
Bearing3_1,31,0.012219156484036263,0.27237956647984485
Bearing3_1,32,0.012613322822230981,0.2644167253326799
Bearing3_1,33,0.0130074891604257,0.22826556781005372
Bearing3_1,34,0.013401655498620418,0.18405372563951639
Bearing3_1,35,0.013795821836815136,0.15918335494900376
Bearing3_1,36,0.014189988175009854,0.09758302477249915
Bearing3_1,37,0.014584154513204573,0.031074613129101765
Bearing3_1,38,0.014978320851399291,-0.005479084542918738
Bearing3_1,39,0.015372487189594008,-0.09731655278380932
Bearing3_1,40,0.015766653527788728,-0.10462957155233657
Bearing3_1,41,0.016160819865983445,-0.11871798819507098
Bearing3_1,42,0.016554986204178165,-0.14561692552017577
Bearing3_1,43,0.01694915254237288,-0.15185455559635208
Bearing3_1,44,0.017343318880567598,-0.17395690191972438
Bearing3_1,45,0.017737485218762318,-0.19592668851378342
Bearing3_1,46,0.018131651556957035,-0.22225854798323139
Bearing3_1,47,0.018525817895151755,-0.19896954545797174
Bearing3_1,48,0.01891998423334647,-0.17969275203546942
Bearing3_1,49,0.01931415057154119,-0.1474445788671834
Bearing3_1,50,0.019708316909735908,-0.18283983597118006
Bearing3_1,51,0.02010248324793063,-0.23059275547994193
Bearing3_1,52,0.020496649586125345,-0.23260054840926275
Bearing3_1,53,0.02089081592432006,-0.25785859769150565
Bearing3_1,54,0.02128498226251478,-0.24074498189541246
Bearing3_1,55,0.0216791486007095,-0.24614532933091757
Bearing3_1,56,0.02207331493890422,-0.24884871456526944
Bearing3_1,57,0.022467481277098935,-0.29637336340299425
Bearing3_1,58,0.022861647615293655,-0.33873809579663716
Bearing3_1,59,0.023255813953488372,-0.35334144185613126
Bearing3_1,60,0.023649980291683092,-0.36559023447072436
Bearing3_1,61,0.02404414662987781,-0.3715086457724593
Bearing3_1,62,0.024438312968072525,-0.4205675232592222
Bearing3_1,63,0.024832479306267245,-0.41706883971292913
Bearing3_1,64,0.025226645644461962,-0.4417396721002011
Bearing3_1,65,0.025620811982656682,-0.4080827444138807
Bearing3_1,66,0.0260149783208514,-0.3896134375962739
Bearing3_1,67,0.02640914465904612,-0.3539978998156557
Bearing3_1,68,0.026803310997240835,-0.3174941128013807
Bearing3_1,69,0.027197477335435555,-0.29286044155480423
Bearing3_1,70,0.027591643673630272,-0.2648360580332486
Bearing3_1,71,0.02798581001182499,-0.2380043049582107
Bearing3_1,72,0.02837997635001971,-0.21461976590821688
Bearing3_1,73,0.028774142688214426,-0.19451621832621788
Bearing3_1,74,0.029168309026409146,-0.1856845254368754
Bearing3_1,75,0.029562475364603862,-0.20139135754370013
Bearing3_1,76,0.029956641702798582,-0.20464053348466496
Bearing3_1,77,0.0303508080409933,-0.20198229402890727
Bearing3_1,78,0.030744974379188016,-0.2225227341325517
Bearing3_1,79,0.031139140717382736,-0.26577433584566956
Bearing3_1,80,0.031533307055577456,-0.3151211477662102
Bearing3_1,81,0.03192747339377217,-0.32158705192461634
Bearing3_1,82,0.03232163973196689,-0.31516542902179684
Bearing3_1,83,0.032715806070161606,-0.33280984979640327
Bearing3_1,84,0.03310997240835633,-0.3399172354812231
Bearing3_1,85,0.033504138746551046,-0.3483893264955747
Bearing3_1,86,0.03389830508474576,-0.35802533623864685
Bearing3_1,87,0.03429247142294048,-0.3865816326805289
Bearing3_1,88,0.034686637761135196,-0.3645887260139698
Bearing3_1,89,0.03508080409932992,-0.34560701893255097
Bearing3_1,90,0.035474970437524636,-0.3015170588585071
Bearing3_1,91,0.03586913677571935,-0.29594504088645757
Bearing3_1,92,0.03626330311391407,-0.31286500200812334
Bearing3_1,93,0.03665746945210879,-0.31332502908607707
Bearing3_1,94,0.03705163579030351,-0.3128944111985218
Bearing3_1,95,0.037445802128498226,-0.3127685538588991
Bearing3_1,96,0.03783996846669294,-0.3073813009001448
Bearing3_1,97,0.03823413480488766,-0.2932189429814824
Bearing3_1,98,0.03862830114308238,-0.33975097477774785
Bearing3_1,99,0.0390224674812771,-0.38490936846585255
Bearing3_1,100,0.039416633819471816,-0.38362813650955224
Bearing3_1,101,0.03981080015766653,-0.371130764809639
Bearing3_1,102,0.04020496649586126,-0.32110679590141644
Bearing3_1,103,0.04059913283405597,-0.26808789905117364
Bearing3_1,104,0.04099329917225069,-0.17923516772346612
Bearing3_1,105,0.041387465510445406,-0.08607903597708386
Bearing3_1,106,0.04178163184864012,-0.012319871043543668
Bearing3_1,107,0.04217579818683485,0.059075331603286374
Bearing3_1,108,0.04256996452502956,0.16293183931646726
Bearing3_1,109,0.04296413086322428,0.2579167564638129
Bearing3_1,110,0.043358297201419,0.31115972337448283
Bearing3_1,111,0.04375246353961372,0.34157112536780787
Bearing3_1,112,0.04414662987780844,0.3348524434049421
Bearing3_1,113,0.04454079621600315,0.2943858526590036
Bearing3_1,114,0.04493496255419787,0.24723210444992985
Bearing3_1,115,0.04532912889239259,0.17154691099573402
Bearing3_1,116,0.04572329523058731,0.0712849004774355
Bearing3_1,117,0.04611746156878203,-0.003263410393453836
Bearing3_1,118,0.046511627906976744,-0.06631944436698134
Bearing3_1,119,0.04690579424517146,-0.08642858449874817
Bearing3_1,120,0.047299960583366184,-0.1846705878416326
Bearing3_1,121,0.0476941269215609,-0.25325204600111595
Bearing3_1,122,0.04808829325975562,-0.34684683734315686
Bearing3_1,123,0.048482459597950334,-0.3957584884537596
Bearing3_1,124,0.04887662593614505,-0.4665709968461698
Bearing3_1,125,0.049270792274339774,-0.5138710175947628
Bearing3_1,126,0.04966495861253449,-0.5055343356673367
Bearing3_1,127,0.05005912495072921,-0.6163483874249045
Bearing3_1,128,0.050453291288923924,-0.6648140591625876
Bearing3_1,129,0.05084745762711865,-0.7063862186227482
Bearing3_1,130,0.051241623965313364,-0.7265274732237572
Bearing3_1,131,0.05163579030350808,-0.7522942975290142
Bearing3_1,132,0.0520299566417028,-0.6485290886394274
Bearing3_1,133,0.052424122979897514,-0.5496221794046688
Bearing3_1,134,0.05281828931809224,-0.43783441309013515
Bearing3_1,135,0.053212455656286954,-0.3688914680159381
Bearing3_1,136,0.05360662199448167,-0.3520782104860594
Bearing3_1,137,0.05400078833267639,-0.20202268186619204
Bearing3_1,138,0.05439495467087111,-0.10238426340579368
Bearing3_1,139,0.05478912100906583,-0.023884377412550062
Bearing3_1,140,0.055183287347260544,0.1126736866747178
Bearing3_1,141,0.05557745368545526,0.2122132237865348
Bearing3_1,142,0.05597162002364998,0.2328213777766229
Bearing3_1,143,0.0563657863618447,0.23859571431721296
Bearing3_1,144,0.05675995270003942,0.21231450590330478
Bearing3_1,145,0.057154119038234134,0.21372665216455475
Bearing3_1,146,0.05754828537642885,0.21485071262447103
Bearing3_1,147,0.057942451714623575,0.21325533889808668
Bearing3_1,148,0.05833661805281829,0.15935690593746962
Bearing3_1,149,0.05873078439101301,0.09938908236127945
Bearing3_1,150,0.059124950729207724,0.057974830750066396
Bearing3_1,151,0.05951911706740244,0.037716166336803116
Bearing3_1,152,0.059913283405597165,0.007470780312661912
Bearing3_1,153,0.06030744974379188,-0.042442349144169736
Bearing3_1,154,0.0607016160819866,-0.0870561028427385
Bearing3_1,155,0.061095782420181315,-0.11499774909495881
Bearing3_1,156,0.06148994875837603,-0.06554398045905759
Bearing3_1,157,0.061884115096570755,-0.007352308791533546
Bearing3_1,158,0.06227828143476547,0.06867825145085116
Bearing3_1,159,0.06267244777296019,0.1855082049523189
Bearing3_1,160,0.06306661411115491,0.26628924607848015
Bearing3_1,161,0.06346078044934962,0.3454457523433746
Bearing3_1,162,0.06385494678754434,0.4030440672586947
Bearing3_1,163,0.06424911312573907,0.48059966658067826
Bearing3_1,164,0.06464327946393378,0.5490543419072704
Bearing3_1,165,0.0650374458021285,0.5878415225360316
Bearing3_1,166,0.06543161214032321,0.5614695811812658
Bearing3_1,167,0.06582577847851794,0.5370246815743741
Bearing3_1,168,0.06621994481671266,0.5577589465154589
Bearing3_1,169,0.06661411115490737,0.4936462799796029
Bearing3_1,170,0.06700827749310209,0.4115982893044787
Bearing3_1,171,0.0674024438312968,0.38010600827460206
Bearing3_1,172,0.06779661016949153,0.3887070362768279
Bearing3_1,173,0.06819077650768625,0.3369720554325134
Bearing3_1,174,0.06858494284588096,0.3123102554501261
Bearing3_1,175,0.06897910918407568,0.3051366353349071
Bearing3_1,176,0.06937327552227039,0.3316959362232689
Bearing3_1,177,0.06976744186046512,0.33579313861987403
Bearing3_1,178,0.07016160819865984,0.29227910887250313
Bearing3_1,179,0.07055577453685455,0.30275631713388923
Bearing3_1,180,0.07094994087504927,0.2930284322187697
Bearing3_1,181,0.071344107213244,0.2372615021546572
Bearing3_1,182,0.0717382735514387,0.1404183184895664
Bearing3_1,183,0.07213243988963343,0.10386076591713819
Bearing3_1,184,0.07252660622782814,0.10765825032450363
Bearing3_1,185,0.07292077256602286,0.09616981711989046
Bearing3_1,186,0.07331493890421759,0.08827781823039213
Bearing3_1,187,0.0737091052424123,0.0758139424121523
Bearing3_1,188,0.07410327158060702,0.06540233706574491
Bearing3_1,189,0.07449743791880173,0.040667530658444986
Bearing3_1,190,0.07489160425699645,0.042469979500572505
Bearing3_1,191,0.07528577059519118,0.036978232998258684
Bearing3_1,192,0.07567993693338589,0.039022533618764
Bearing3_1,193,0.07607410327158061,0.01150545697888305
Bearing3_1,194,0.07646826960977532,0.015222725966908596
Bearing3_1,195,0.07686243594797004,0.06842414675901343
Bearing3_1,196,0.07725660228616477,0.1255675216454261
Bearing3_1,197,0.07765076862435948,0.11716034864617837
Bearing3_1,198,0.0780449349625542,0.13520935821456515
Bearing3_1,199,0.07843910130074892,0.12920793698856925
Bearing3_1,200,0.07883326763894363,0.1459468783079449
Bearing3_1,201,0.07922743397713836,0.1560278437481665
Bearing3_1,202,0.07962160031533307,0.19839868071091527
Bearing3_1,203,0.08001576665352779,0.21714646555275782
Bearing3_1,204,0.08040993299172251,0.16592499497998514
Bearing3_1,205,0.08080409932991722,0.08659698559180615
Bearing3_1,206,0.08119826566811195,-0.029921585401996503
Bearing3_1,207,0.08159243200630666,-0.08358518381990944
Bearing3_1,208,0.08198659834450138,-0.1691479695297581
Bearing3_1,209,0.0823807646826961,-0.24576396117146304
Bearing3_1,210,0.08277493102089081,-0.3396887102954857
Bearing3_1,211,0.08316909735908554,-0.4092804392121783
Bearing3_1,212,0.08356326369728025,-0.5172203260685504
Bearing3_1,213,0.08395743003547497,-0.5580152783869448
Bearing3_1,214,0.0843515963736697,-0.625951682329262
Bearing3_1,215,0.0847457627118644,-0.6968437189350469
Bearing3_1,216,0.08513992905005913,-0.744443219392442
Bearing3_1,217,0.08553409538825384,-0.8153239946697987
Bearing3_1,218,0.08592826172644856,-0.8641714066886322
Bearing3_1,219,0.08632242806464328,-0.7757828137137771
Bearing3_1,220,0.086716594402838,-0.6828105165645901
Bearing3_1,221,0.08711076074103272,-0.5935011334337468
Bearing3_1,222,0.08750492707922744,-0.49612390278915824
Bearing3_1,223,0.08789909341742215,-0.4288277120451799
Bearing3_1,224,0.08829325975561687,-0.35208977024275984
Bearing3_1,225,0.08868742609381158,-0.2569854942136072
Bearing3_1,226,0.0890815924320063,-0.1646709969953068
Bearing3_1,227,0.08947575877020103,-0.016161206084107656
Bearing3_1,228,0.08986992510839574,0.11273012423236453
Bearing3_1,229,0.09026409144659046,0.11076685292243091
Bearing3_1,230,0.09065825778478517,0.07922040342879681
Bearing3_1,231,0.0910524241229799,0.027934426781157217
Bearing3_1,232,0.09144659046117462,-0.0007108587585321346
Bearing3_1,233,0.09184075679936933,-0.04566537042275095
Bearing3_1,234,0.09223492313756405,-0.06798929477120133
Bearing3_1,235,0.09262908947575876,-0.08171831525728619
Bearing3_1,236,0.09302325581395349,-0.08573989242761723
Bearing3_1,237,0.09341742215214821,-0.12422854922376739
Bearing3_1,238,0.09381158849034292,-0.17143258975329842
Bearing3_1,239,0.09420575482853764,-0.22192945537371714
Bearing3_1,240,0.09459992116673237,-0.25477918004461475
Bearing3_1,241,0.09499408750492708,-0.2857908393662649
Bearing3_1,242,0.0953882538431218,-0.3233674960894354
Bearing3_1,243,0.09578242018131651,-0.3490262624462425
Bearing3_1,244,0.09617658651951123,-0.3849036447435445
Bearing3_1,245,0.09657075285770596,-0.4151977935171695
Bearing3_1,246,0.09696491919590067,-0.4226236548147576
Bearing3_1,247,0.09735908553409539,-0.47128460621220575
Bearing3_1,248,0.0977532518722901,-0.44044498754315864
Bearing3_1,249,0.09814741821048482,-0.36191686396937134
Bearing3_1,250,0.09854158454867955,-0.27589407215790546
Bearing3_1,251,0.09893575088687426,-0.18763904004753348
Bearing3_1,252,0.09932991722506898,-0.13752172445046537
Bearing3_1,253,0.09972408356326369,-0.05164617092762267
Bearing3_1,254,0.10011824990145841,0.035645923809245465
Bearing3_1,255,0.10051241623965314,0.10168357463920366
Bearing3_1,256,0.10090658257784785,0.131383756314158
Bearing3_1,257,0.10130074891604257,0.19443933280952247
Bearing3_1,258,0.1016949152542373,0.22489403261073
Bearing3_1,259,0.102089081592432,0.22854750140488464
Bearing3_1,260,0.10248324793062673,0.23191617775073467
Bearing3_1,261,0.10287741426882144,0.25804852382409293
Bearing3_1,262,0.10327158060701616,0.32339898229936637
Bearing3_1,263,0.10366574694521088,0.3571475074834714
Bearing3_1,264,0.1040599132834056,0.37996605526454535
Bearing3_1,265,0.10445407962160032,0.38400177437212885
Bearing3_1,266,0.10484824595979503,0.4063173008506091
Bearing3_1,267,0.10524241229798975,0.41223039051091404
Bearing3_1,268,0.10563657863618447,0.3945179225682247
Bearing3_1,269,0.10603074497437918,0.36792488328601597
Bearing3_1,270,0.10642491131257391,0.28321212320375067
Bearing3_1,271,0.10681907765076862,0.24452841789004345
Bearing3_1,272,0.10721324398896334,0.24358407831504797
Bearing3_1,273,0.10760741032715807,0.2237524101863048
Bearing3_1,274,0.10800157666535277,0.24150648937299984
Bearing3_1,275,0.1083957430035475,0.2740859806011414
Bearing3_1,276,0.10878990934174222,0.304657390325986
Bearing3_1,277,0.10918407567993693,0.3285591307465
Bearing3_1,278,0.10957824201813166,0.3733070933650072
Bearing3_1,279,0.10997240835632636,0.40074541167356276
Bearing3_1,280,0.11036657469452109,0.4733569765838556
Bearing3_1,281,0.11076074103271581,0.5131621198656482
Bearing3_1,282,0.11115490737091052,0.5007698109279752
Bearing3_1,283,0.11154907370910525,0.5270654100802021
Bearing3_1,284,0.11194324004729996,0.5098538161457117
Bearing3_1,285,0.11233740638549468,0.49474961861018335
Bearing3_1,286,0.1127315727236894,0.45972862076572174
Bearing3_1,287,0.11312573906188411,0.43729742461775584
Bearing3_1,288,0.11351990540007884,0.38514707064485937
Bearing3_1,289,0.11391407173827355,0.3885303679098707
Bearing3_1,290,0.11430823807646827,0.4077578564828409
Bearing3_1,291,0.11470240441466299,0.39052786655943567
Bearing3_1,292,0.1150965707528577,0.3823348167540519
Bearing3_1,293,0.11549073709105243,0.3522552972634933
Bearing3_1,294,0.11588490342924715,0.3180510645429365
Bearing3_1,295,0.11627906976744186,0.32960897449970317
Bearing3_1,296,0.11667323610563658,0.351157478106685
Bearing3_1,297,0.11706740244383129,0.3863463260527549
Bearing3_1,298,0.11746156878202602,0.4384686105611344
Bearing3_1,299,0.11785573512022074,0.44232517704343177
Bearing3_1,300,0.11824990145841545,0.4301683998379516
Bearing3_1,301,0.11864406779661017,0.42616386759089686
Bearing3_1,302,0.11903823413480488,0.4154061905020633
Bearing3_1,303,0.1194324004729996,0.4242849450324565
Bearing3_1,304,0.11982656681119433,0.460809917084414
Bearing3_1,305,0.12022073314938904,0.4147138624114956
Bearing3_1,306,0.12061489948758376,0.3698452628584042
Bearing3_1,307,0.12100906582577847,0.37762812633841547
Bearing3_1,308,0.1214032321639732,0.3573340158633396
Bearing3_1,309,0.12179739850216792,0.36486365237177576
Bearing3_1,310,0.12219156484036263,0.3855695743545934
Bearing3_1,311,0.12258573117855735,0.3924840253003543
Bearing3_1,312,0.12297989751675206,0.41294159268933567
Bearing3_1,313,0.12337406385494679,0.39544676121333416
Bearing3_1,314,0.12376823019314151,0.33194896517046785
Bearing3_1,315,0.12416239653133622,0.3381396918892511
Bearing3_1,316,0.12455656286953094,0.3327768674211762
Bearing3_1,317,0.12495072920772567,0.2647628145283839
Bearing3_1,318,0.12534489554592038,0.18867220810428814
Bearing3_1,319,0.1257390618841151,0.09948454137987582
Bearing3_1,320,0.12613322822230982,0.025907708923924362
Bearing3_1,321,0.12652739456050452,0.02102144613117941
Bearing3_1,322,0.12692156089869924,0.026154727498132573
Bearing3_1,323,0.12731572723689397,0.08583431128957408
Bearing3_1,324,0.1277098935750887,0.17671826512660532
Bearing3_1,325,0.1281040599132834,0.21537416244018465
Bearing3_1,326,0.12849822625147814,0.26420306441797603
Bearing3_1,327,0.12889239258967283,0.32907254689619797
Bearing3_1,328,0.12928655892786756,0.41208884426205367
Bearing3_1,329,0.12968072526606228,0.4731710209956363
Bearing3_1,330,0.130074891604257,0.5332835481498018
Bearing3_1,331,0.13046905794245173,0.5606861881632217
Bearing3_1,332,0.13086322428064642,0.5952009597263684
Bearing3_1,333,0.13125739061884115,0.5842819335932217
Bearing3_1,334,0.13165155695703587,0.5604049619459144
Bearing3_1,335,0.1320457232952306,0.5700848224921559
Bearing3_1,336,0.13243988963342532,0.5417555078999186
Bearing3_1,337,0.13283405597162,0.5212271921576423
Bearing3_1,338,0.13322822230981474,0.5171393286825489
Bearing3_1,339,0.13362238864800946,0.5313830151515717
Bearing3_1,340,0.13401655498620418,0.5252939857061203
Bearing3_1,341,0.1344107213243989,0.49942314351177935
Bearing3_1,342,0.1348048876625936,0.48780257467631427
Bearing3_1,343,0.13519905400078833,0.47562173153426474
Bearing3_1,344,0.13559322033898305,0.47506856690756205
Bearing3_1,345,0.13598738667717777,0.4621439907111312
Bearing3_1,346,0.1363815530153725,0.49247745100619833
Bearing3_1,347,0.1367757193535672,0.5034907361455534
Bearing3_1,348,0.13716988569176192,0.5355614189452715
Bearing3_1,349,0.13756405202995664,0.5419600853706721
Bearing3_1,350,0.13795821836815136,0.5637049884278179
Bearing3_1,351,0.1383523847063461,0.6047518954147634
Bearing3_1,352,0.13874655104454078,0.5867445028181009
Bearing3_1,353,0.1391407173827355,0.5935713936842861
Bearing3_1,354,0.13953488372093023,0.6128843585268221
Bearing3_1,355,0.13992905005912495,0.6301627040261268
Bearing3_1,356,0.14032321639731968,0.6495205828217807
Bearing3_1,357,0.14071738273551437,0.6668418037335944
Bearing3_1,358,0.1411115490737091,0.664511521345926
Bearing3_1,359,0.14150571541190382,0.6967240890425724
Bearing3_1,360,0.14189988175009854,0.705308251690362
Bearing3_1,361,0.14229404808829327,0.6969518383125985
Bearing3_1,362,0.142688214426488,0.7334068605640024
Bearing3_1,363,0.1430823807646827,0.7122865565675947
Bearing3_1,364,0.1434765471028774,0.7473650902691362
Bearing3_1,365,0.14387071344107213,0.7408093565757892
Bearing3_1,366,0.14426487977926686,0.7131106638294632
Bearing3_1,367,0.14465904611746158,0.747786820765575
Bearing3_1,368,0.14505321245565628,0.7468841760399358
Bearing3_1,369,0.145447378793851,0.7091350480921594
Bearing3_1,370,0.14584154513204572,0.7305095474697794
Bearing3_1,371,0.14623571147024045,0.7418162427521421
Bearing3_1,372,0.14662987780843517,0.7241268694944945
Bearing3_1,373,0.14702404414662987,0.7787136471963678
Bearing3_1,374,0.1474182104848246,0.765444888083577
Bearing3_1,375,0.14781237682301931,0.791657060935392
Bearing3_1,376,0.14820654316121404,0.8422254090526098
Bearing3_1,377,0.14860070949940876,0.8126059934271493
Bearing3_1,378,0.14899487583760346,0.8160955853352952
Bearing3_1,379,0.14938904217579818,0.8632155769241019
Bearing3_1,380,0.1497832085139929,0.8532654085998537
Bearing3_1,381,0.15017737485218763,0.8452465860639959
Bearing3_1,382,0.15057154119038235,0.8693043271003116
Bearing3_1,383,0.15096570752857705,0.8580688756032503
Bearing3_1,384,0.15135987386677177,0.7952674996907854
Bearing3_1,385,0.1517540402049665,0.7815768664343588
Bearing3_1,386,0.15214820654316122,0.7747300165722792
Bearing3_1,387,0.15254237288135594,0.8126960520090435
Bearing3_1,388,0.15293653921955064,0.8184736122256064
Bearing3_1,389,0.15333070555774536,0.8114623036141868
Bearing3_1,390,0.15372487189594009,0.8247697178042488
Bearing3_1,391,0.1541190382341348,0.808601658975763
Bearing3_1,392,0.15451320457232953,0.8113809589996736
Bearing3_1,393,0.15490737091052423,0.8142836755199665
Bearing3_1,394,0.15530153724871895,0.8731932956744661
Bearing3_1,395,0.15569570358691368,0.893187517595285
Bearing3_1,396,0.1560898699251084,0.9038146668815015
Bearing3_1,397,0.15648403626330312,0.9116506610490834
Bearing3_1,398,0.15687820260149785,0.9377747599522346
Bearing3_1,399,0.15727236893969254,0.9248958235216612
Bearing3_1,400,0.15766653527788727,0.943265501136405
Bearing3_1,401,0.158060701616082,1.004598473192152
Bearing3_1,402,0.1584548679542767,1.031961333270447
Bearing3_1,403,0.15884903429247144,0.9924579320356571
Bearing3_1,404,0.15924320063066613,0.9871215337721626
Bearing3_1,405,0.15963736696886086,0.9658516179288055
Bearing3_1,406,0.16003153330705558,0.9601505085857454
Bearing3_1,407,0.1604256996452503,0.9142611065287204
Bearing3_1,408,0.16081986598344503,0.8459063652777028
Bearing3_1,409,0.16121403232163972,0.8619366625608558
Bearing3_1,410,0.16160819865983445,0.8536728284863546
Bearing3_1,411,0.16200236499802917,0.8444955766799479
Bearing3_1,412,0.1623965313362239,0.8128957899766309
Bearing3_1,413,0.16279069767441862,0.8828276101892559
Bearing3_1,414,0.1631848640126133,0.9347928014565253
Bearing3_1,415,0.16357903035080804,0.9709525829912977
Bearing3_1,416,0.16397319668900276,0.9989420115447167
Bearing3_1,417,0.16436736302719748,1.0526353274177622
Bearing3_1,418,0.1647615293653922,1.129965590768029
Bearing3_1,419,0.1651556957035869,1.1670771833080522
Bearing3_1,420,0.16554986204178163,1.144218133096289
Bearing3_1,421,0.16594402837997635,1.153564738583166
Bearing3_1,422,0.16633819471817107,1.1824559207124552
Bearing3_1,423,0.1667323610563658,1.1857575337763613
Bearing3_1,424,0.1671265273945605,1.1780082733225623
Bearing3_1,425,0.16752069373275522,1.1792045352597613
Bearing3_1,426,0.16791486007094994,1.1852177210437163
Bearing3_1,427,0.16830902640914466,1.170802584314309
Bearing3_1,428,0.1687031927473394,1.1634095348911984
Bearing3_1,429,0.16909735908553408,1.1666397557030734
Bearing3_1,430,0.1694915254237288,1.2069725013012058
Bearing3_1,431,0.16988569176192353,1.2488440516556332
Bearing3_1,432,0.17027985810011825,1.2671800067561327
Bearing3_1,433,0.17067402443831298,1.279235640369387
Bearing3_1,434,0.17106819077650767,1.2632712221818951
Bearing3_1,435,0.1714623571147024,1.2891866519155402
Bearing3_1,436,0.17185652345289712,1.3010988374472336
Bearing3_1,437,0.17225068979109184,1.3199901465638548
Bearing3_1,438,0.17264485612928657,1.3641859430995473
Bearing3_1,439,0.1730390224674813,1.3573055328598278
Bearing3_1,440,0.173433188805676,1.389289502260032
Bearing3_1,441,0.1738273551438707,1.3588789481834183
Bearing3_1,442,0.17422152148206543,1.3570638631698742
Bearing3_1,443,0.17461568782026016,1.3376793065148054
Bearing3_1,444,0.17500985415845488,1.3860712233137662
Bearing3_1,445,0.17540402049664958,1.3541362567945476
Bearing3_1,446,0.1757981868348443,1.3602611774348625
Bearing3_1,447,0.17619235317303902,1.380680643704707
Bearing3_1,448,0.17658651951123375,1.3574890779423732
Bearing3_1,449,0.17698068584942847,1.380119328111974
Bearing3_1,450,0.17737485218762317,1.3575711360301015
Bearing3_1,451,0.1777690185258179,1.382389915303244
Bearing3_1,452,0.1781631848640126,1.3667785944905573
Bearing3_1,453,0.17855735120220734,1.3974926704346826
Bearing3_1,454,0.17895151754040206,1.3916283599301285
Bearing3_1,455,0.17934568387859676,1.4053077817683624
Bearing3_1,456,0.17973985021679148,1.405169051633082
Bearing3_1,457,0.1801340165549862,1.3891606018797478
Bearing3_1,458,0.18052818289318093,1.3938785038871866
Bearing3_1,459,0.18092234923137565,1.3856495067091306
Bearing3_1,460,0.18131651556957035,1.4099038759953224
Bearing3_1,461,0.18171068190776507,1.4102770280884083
Bearing3_1,462,0.1821048482459598,1.4004685716944594
Bearing3_1,463,0.18249901458415452,1.373456714039268
Bearing3_1,464,0.18289318092234924,1.3709667151666736
Bearing3_1,465,0.18328734726054394,1.4072229542806816
Bearing3_1,466,0.18368151359873866,1.4140532918352864
Bearing3_1,467,0.18407567993693338,1.427312543606659
Bearing3_1,468,0.1844698462751281,1.4258928396403285
Bearing3_1,469,0.18486401261332283,1.4355168074970035
Bearing3_1,470,0.18525817895151753,1.4285834780509041
Bearing3_1,471,0.18565234528971225,1.3889000287681939
Bearing3_1,472,0.18604651162790697,1.3960632106812798
Bearing3_1,473,0.1864406779661017,1.4275641932992846
Bearing3_1,474,0.18683484430429642,1.4199403894755949
Bearing3_1,475,0.18722901064249114,1.402169285115464
Bearing3_1,476,0.18762317698068584,1.3894574310756027
Bearing3_1,477,0.18801734331888056,1.3699937688606303
Bearing3_1,478,0.1884115096570753,1.344579185518293
Bearing3_1,479,0.18880567599527,1.3037186855845317
Bearing3_1,480,0.18919984233346474,1.2858985789145374
Bearing3_1,481,0.18959400867165943,1.287048358870668
Bearing3_1,482,0.18998817500985415,1.2762613550239472
Bearing3_1,483,0.19038234134804888,1.2423448168422913
Bearing3_1,484,0.1907765076862436,1.224668989362064
Bearing3_1,485,0.19117067402443833,1.2115006826041124
Bearing3_1,486,0.19156484036263302,1.1636178163327746
Bearing3_1,487,0.19195900670082774,1.1539378556960997
Bearing3_1,488,0.19235317303902247,1.1653341176093528
Bearing3_1,489,0.1927473393772172,1.1748722230507511
Bearing3_1,490,0.19314150571541192,1.148888097568909
Bearing3_1,491,0.1935356720536066,1.1359971066057515
Bearing3_1,492,0.19392983839180133,1.1304325120465233
Bearing3_1,493,0.19432400472999606,1.1411566159281188
Bearing3_1,494,0.19471817106819078,1.1467991673062845
Bearing3_1,495,0.1951123374063855,1.1392321177455311
Bearing3_1,496,0.1955065037445802,1.169581995594814
Bearing3_1,497,0.19590067008277492,1.1826172988239554
Bearing3_1,498,0.19629483642096965,1.1786636186379844
Bearing3_1,499,0.19668900275916437,1.1929607377036027
Bearing3_1,500,0.1970831690973591,1.24302979825951
Bearing3_1,501,0.1974773354355538,1.2497277134163378
Bearing3_1,502,0.19787150177374851,1.2484687579261418
Bearing3_1,503,0.19826566811194324,1.2288159829818834
Bearing3_1,504,0.19865983445013796,1.2035161339411944
Bearing3_1,505,0.19905400078833269,1.1939690108556253
Bearing3_1,506,0.19944816712652738,1.201108668776957
Bearing3_1,507,0.1998423334647221,1.1420472921969744
Bearing3_1,508,0.20023649980291683,1.0886964846802818
Bearing3_1,509,0.20063066614111155,1.0607551051834736
Bearing3_1,510,0.20102483247930628,0.9769857466810306
Bearing3_1,511,0.20141899881750097,0.9781631721026038
Bearing3_1,512,0.2018131651556957,0.9804951876743774
Bearing3_1,513,0.20220733149389042,0.9664129054956533
Bearing3_1,514,0.20260149783208514,0.9906328369126056
Bearing3_1,515,0.20299566417027987,0.9804281796317994
Bearing3_1,516,0.2033898305084746,0.9464303189451376
Bearing3_1,517,0.20378399684666929,0.9910620905156339
Bearing3_1,518,0.204178163184864,1.0500653995253486
Bearing3_1,519,0.20457232952305873,1.082409541861792
Bearing3_1,520,0.20496649586125346,1.1117611405627303
Bearing3_1,521,0.20536066219944818,1.119275702726912
Bearing3_1,522,0.20575482853764288,1.1297743125984225
Bearing3_1,523,0.2061489948758376,1.1359243497680256
Bearing3_1,524,0.20654316121403232,1.1388443226185463
Bearing3_1,525,0.20693732755222705,1.1529973404598062
Bearing3_1,526,0.20733149389042177,1.1739511639278
Bearing3_1,527,0.20772566022861647,1.1762237332758478
Bearing3_1,528,0.2081198265668112,1.131117497640281
Bearing3_1,529,0.2085139929050059,1.1027962571668215
Bearing3_1,530,0.20890815924320064,1.1148222275282886
Bearing3_1,531,0.20930232558139536,1.090991531833326
Bearing3_1,532,0.20969649191959006,1.0814596188030738
Bearing3_1,533,0.21009065825778478,1.0872686333688963
Bearing3_1,534,0.2104848245959795,1.0616392312666048
Bearing3_1,535,0.21087899093417423,1.0647380551796957
Bearing3_1,536,0.21127315727236895,1.053433935250077
Bearing3_1,537,0.21166732361056365,1.046092365787084
Bearing3_1,538,0.21206148994875837,1.0811190174276368
Bearing3_1,539,0.2124556562869531,1.06489306413186
Bearing3_1,540,0.21284982262514782,1.0560984195606922
Bearing3_1,541,0.21324398896334254,1.0887731706871775
Bearing3_1,542,0.21363815530153724,1.1056147170788417
Bearing3_1,543,0.21403232163973196,1.1263327410477568
Bearing3_1,544,0.21442648797792668,1.1422197546432122
Bearing3_1,545,0.2148206543161214,1.143954431150803
Bearing3_1,546,0.21521482065431613,1.145919279234709
Bearing3_1,547,0.21560898699251083,1.1500732671630232
Bearing3_1,548,0.21600315333070555,1.1178564920816376
Bearing3_1,549,0.21639731966890027,1.142526149173733
Bearing3_1,550,0.216791486007095,1.160705488707849
Bearing3_1,551,0.21718565234528972,1.138669748018883
Bearing3_1,552,0.21757981868348444,1.123472207838771
Bearing3_1,553,0.21797398502167914,1.1091735436402184
Bearing3_1,554,0.21836815135987386,1.1114000896184797
Bearing3_1,555,0.2187623176980686,1.1258157244354379
Bearing3_1,556,0.2191564840362633,1.1368743740346072
Bearing3_1,557,0.21955065037445803,1.1270799376287874
Bearing3_1,558,0.21994481671265273,1.1575241225669655
Bearing3_1,559,0.22033898305084745,1.1416905441897423
Bearing3_1,560,0.22073314938904218,1.1190028569570647
Bearing3_1,561,0.2211273157272369,1.1217774144208439
Bearing3_1,562,0.22152148206543162,1.115505221512755
Bearing3_1,563,0.22191564840362632,1.1074887254740842
Bearing3_1,564,0.22230981474182104,1.0904767193857297
Bearing3_1,565,0.22270398108001577,1.0538389312728813
Bearing3_1,566,0.2230981474182105,1.0365082787266118
Bearing3_1,567,0.22349231375640521,1.034707073064898
Bearing3_1,568,0.2238864800945999,1.0091297662558385
Bearing3_1,569,0.22428064643279463,0.9934751594233908
Bearing3_1,570,0.22467481277098936,1.0041728690618743
Bearing3_1,571,0.22506897910918408,0.9960165342611755
Bearing3_1,572,0.2254631454473788,1.0118536642900744
Bearing3_1,573,0.2258573117855735,0.9985926229029196
Bearing3_1,574,0.22625147812376822,1.0074868153541108
Bearing3_1,575,0.22664564446196295,1.0254472859738069
Bearing3_1,576,0.22703981080015767,1.0310073708469687
Bearing3_1,577,0.2274339771383524,1.0262093287291096
Bearing3_1,578,0.2278281434765471,1.0183606720661784
Bearing3_1,579,0.22822230981474181,1.051690547151727
Bearing3_1,580,0.22861647615293654,1.0497024946597349
Bearing3_1,581,0.22901064249113126,1.0731442638775746
Bearing3_1,582,0.22940480882932598,1.0539523817414416
Bearing3_1,583,0.22979897516752068,1.0724736356907956
Bearing3_1,584,0.2301931415057154,1.0623082706826121
Bearing3_1,585,0.23058730784391013,1.0466861276602741
Bearing3_1,586,0.23098147418210485,1.0480179160061716
Bearing3_1,587,0.23137564052029957,1.0627666884090314
Bearing3_1,588,0.2317698068584943,1.0866886806891973
Bearing3_1,589,0.232163973196689,1.06997696827383
Bearing3_1,590,0.23255813953488372,1.0576997603519915
Bearing3_1,591,0.23295230587307844,1.0522058419137232
Bearing3_1,592,0.23334647221127316,1.0341875690751285
Bearing3_1,593,0.2337406385494679,1.0426035744407582
Bearing3_1,594,0.23413480488766258,1.060100984964297
Bearing3_1,595,0.2345289712258573,1.0615583061446119
Bearing3_1,596,0.23492313756405203,1.0838361142961341
Bearing3_1,597,0.23531730390224675,1.0759643987300422
Bearing3_1,598,0.23571147024044148,1.0805383801517112
Bearing3_1,599,0.23610563657863617,1.088355692702056
Bearing3_1,600,0.2364998029168309,1.1051201745635075
Bearing3_1,601,0.23689396925502562,1.107926176613868
Bearing3_1,602,0.23728813559322035,1.1227824547947463
Bearing3_1,603,0.23768230193141507,1.1262097808822837
Bearing3_1,604,0.23807646826960976,1.1219504321385334
Bearing3_1,605,0.2384706346078045,1.1200497437648873
Bearing3_1,606,0.2388648009459992,1.114751375361013
Bearing3_1,607,0.23925896728419394,1.1089610693682446
Bearing3_1,608,0.23965313362238866,1.101940447875855
Bearing3_1,609,0.24004729996058335,1.1043647578167168
Bearing3_1,610,0.24044146629877808,1.0988700493540553
Bearing3_1,611,0.2408356326369728,1.1176540075425563
Bearing3_1,612,0.24122979897516753,1.1271322174792011
Bearing3_1,613,0.24162396531336225,1.120587454449269
Bearing3_1,614,0.24201813165155694,1.116311391018475
Bearing3_1,615,0.24241229798975167,1.1239871553887417
Bearing3_1,616,0.2428064643279464,1.1211437854181079
Bearing3_1,617,0.24320063066614112,1.0577402347833356
Bearing3_1,618,0.24359479700433584,1.0558788276822824
Bearing3_1,619,0.24398896334253053,1.0732211247348262
Bearing3_1,620,0.24438312968072526,1.075820030807422
Bearing3_1,621,0.24477729601891998,1.0249727406217841
Bearing3_1,622,0.2451714623571147,1.0161250221507556
Bearing3_1,623,0.24556562869530943,0.9919680220223951
Bearing3_1,624,0.24595979503350412,0.9748681860775156
Bearing3_1,625,0.24635396137169885,0.9610883157307153
Bearing3_1,626,0.24674812770989357,0.9153433358996461
Bearing3_1,627,0.2471422940480883,0.9477067674027699
Bearing3_1,628,0.24753646038628302,0.9292151323473616
Bearing3_1,629,0.24793062672447774,0.8805016787890756
Bearing3_1,630,0.24832479306267244,0.862365537953733
Bearing3_1,631,0.24871895940086716,0.8636401449532307
Bearing3_1,632,0.24911312573906189,0.878846285697124
Bearing3_1,633,0.2495072920772566,0.8943542467478742
Bearing3_1,634,0.24990145841545133,0.9010512071659009
Bearing3_1,635,0.25029562475364603,0.9016208039142702
Bearing3_1,636,0.25068979109184075,0.9138642912780212
Bearing3_1,637,0.2510839574300355,0.939425840727538
Bearing3_1,638,0.2514781237682302,0.9356906892268404
Bearing3_1,639,0.2518722901064249,0.947076456592241
Bearing3_1,640,0.25226645644461965,0.9321624139761898
Bearing3_1,641,0.25266062278281437,0.9258888775488382
Bearing3_1,642,0.25305478912100904,0.9064478828352247
Bearing3_1,643,0.25344895545920376,0.8747976846813514
Bearing3_1,644,0.2538431217973985,0.8656020922658888
Bearing3_1,645,0.2542372881355932,0.8559808999561691
Bearing3_1,646,0.25463145447378793,0.8481926458995103
Bearing3_1,647,0.25502562081198266,0.8276246858815363
Bearing3_1,648,0.2554197871501774,0.8341389957870804
Bearing3_1,649,0.2558139534883721,0.823882766472898
Bearing3_1,650,0.2562081198265668,0.8447664728080169
Bearing3_1,651,0.25660228616476155,0.8539403861330049
Bearing3_1,652,0.2569964525029563,0.8488381440397419
Bearing3_1,653,0.25739061884115094,0.8730940665512984
Bearing3_1,654,0.25778478517934567,0.8972013278998132
Bearing3_1,655,0.2581789515175404,0.9078077494504768
Bearing3_1,656,0.2585731178557351,0.9315458747453127
Bearing3_1,657,0.25896728419392984,0.9513370934999748
Bearing3_1,658,0.25936145053212456,0.944355512971411
Bearing3_1,659,0.2597556168703193,0.9366660415666004
Bearing3_1,660,0.260149783208514,0.9337740508610922
Bearing3_1,661,0.26054394954670873,0.9413009915322859
Bearing3_1,662,0.26093811588490345,0.9277510106783318
Bearing3_1,663,0.2613322822230981,0.9330542347853686
Bearing3_1,664,0.26172644856129285,0.9113849710154108
Bearing3_1,665,0.26212061489948757,0.8936072846116421
Bearing3_1,666,0.2625147812376823,0.8878612377638365
Bearing3_1,667,0.262908947575877,0.8376224647926579
Bearing3_1,668,0.26330311391407174,0.8526030065829927
Bearing3_1,669,0.26369728025226646,0.8666893047034966
Bearing3_1,670,0.2640914465904612,0.8544851736908863
Bearing3_1,671,0.2644856129286559,0.8400419600411878
Bearing3_1,672,0.26487977926685063,0.8380558348605593
Bearing3_1,673,0.2652739456050453,0.8126126253115167
Bearing3_1,674,0.26566811194324,0.800881015014839
Bearing3_1,675,0.26606227828143475,0.8013812706425686
Bearing3_1,676,0.2664564446196295,0.7794201319038294
Bearing3_1,677,0.2668506109578242,0.8137569814352925
Bearing3_1,678,0.2672447772960189,0.8064497807368023
Bearing3_1,679,0.26763894363421364,0.8031939284388153
Bearing3_1,680,0.26803310997240837,0.7973339655628328
Bearing3_1,681,0.2684272763106031,0.7891311193857216
Bearing3_1,682,0.2688214426487978,0.8037945472355151
Bearing3_1,683,0.26921560898699254,0.8190511020565511
Bearing3_1,684,0.2696097753251872,0.8314812909733421
Bearing3_1,685,0.27000394166338193,0.8380878070473698
Bearing3_1,686,0.27039810800157665,0.8688689937969117
Bearing3_1,687,0.2707922743397714,0.8767688750454974
Bearing3_1,688,0.2711864406779661,0.872555903764308
Bearing3_1,689,0.2715806070161608,0.8777324868036016
Bearing3_1,690,0.27197477335435555,0.8883177373839379
Bearing3_1,691,0.27236893969255027,0.8736409699504641
Bearing3_1,692,0.272763106030745,0.8863241613099782
Bearing3_1,693,0.2731572723689397,0.8893132754381854
Bearing3_1,694,0.2735514387071344,0.8663082122190664
Bearing3_1,695,0.2739456050453291,0.8623114676129264
Bearing3_1,696,0.27433977138352383,0.8402865767429064
Bearing3_1,697,0.27473393772171856,0.8272345296401525
Bearing3_1,698,0.2751281040599133,0.8350626899030482
Bearing3_1,699,0.275522270398108,0.8401293558630849
Bearing3_1,700,0.27591643673630273,0.8374802856438697
Bearing3_1,701,0.27631060307449745,0.8388458668683441
Bearing3_1,702,0.2767047694126922,0.8195623568278106
Bearing3_1,703,0.2770989357508869,0.783921396669532
Bearing3_1,704,0.27749310208908157,0.7919810588476293
Bearing3_1,705,0.2778872684272763,0.7852860854627881
Bearing3_1,706,0.278281434765471,0.7942091337075421
Bearing3_1,707,0.27867560110366574,0.8138204184126983
Bearing3_1,708,0.27906976744186046,0.7984163173623305
Bearing3_1,709,0.2794639337800552,0.8005888979758413
Bearing3_1,710,0.2798581001182499,0.8071458504591721
Bearing3_1,711,0.28025226645644463,0.8100953595122654
Bearing3_1,712,0.28064643279463936,0.8201560428882164
Bearing3_1,713,0.2810405991328341,0.8620012485739302
Bearing3_1,714,0.28143476547102875,0.8647652661828042
Bearing3_1,715,0.28182893180922347,0.8396056535107675
Bearing3_1,716,0.2822230981474182,0.8479276947056265
Bearing3_1,717,0.2826172644856129,0.826355962760229
Bearing3_1,718,0.28301143082380764,0.8341459971415753
Bearing3_1,719,0.28340559716200237,0.8285047870072356
Bearing3_1,720,0.2837997635001971,0.8386854693688482
Bearing3_1,721,0.2841939298383918,0.8728741385809767
Bearing3_1,722,0.28458809617658654,0.8469732233993803
Bearing3_1,723,0.28498226251478126,0.825859675875582
Bearing3_1,724,0.285376428852976,0.8381384457872718
Bearing3_1,725,0.28577059519117065,0.865719049599643
Bearing3_1,726,0.2861647615293654,0.835927235214594
Bearing3_1,727,0.2865589278675601,0.8439457560180393
Bearing3_1,728,0.2869530942057548,0.8424941966789394
Bearing3_1,729,0.28734726054394955,0.8322034546928592
Bearing3_1,730,0.28774142688214427,0.8154040258256687
Bearing3_1,731,0.288135593220339,0.7950258030332449
Bearing3_1,732,0.2885297595585337,0.8077601787585674
Bearing3_1,733,0.28892392589672844,0.8018568195547976
Bearing3_1,734,0.28931809223492316,0.7823045822243495
Bearing3_1,735,0.28971225857311783,0.7796503422794147
Bearing3_1,736,0.29010642491131255,0.7838210865806846
Bearing3_1,737,0.2905005912495073,0.7923021229067089
Bearing3_1,738,0.290894757587702,0.8100868329107506
Bearing3_1,739,0.2912889239258967,0.8369624842488426
Bearing3_1,740,0.29168309026409145,0.8492939767548666
Bearing3_1,741,0.2920772566022862,0.8557349777142473
Bearing3_1,742,0.2924714229404809,0.8811690758133602
Bearing3_1,743,0.2928655892786756,0.914687184514667
Bearing3_1,744,0.29325975561687034,0.9420290141035192
Bearing3_1,745,0.293653921955065,0.9322589843131242
Bearing3_1,746,0.29404808829325974,0.972581738175997
Bearing3_1,747,0.29444225463145446,0.9898534394699524
Bearing3_1,748,0.2948364209696492,0.98769437287757
Bearing3_1,749,0.2952305873078439,0.9719690761931232
Bearing3_1,750,0.29562475364603863,0.9897968482191957
Bearing3_1,751,0.29601891998423335,1.0154690933414607
Bearing3_1,752,0.2964130863224281,1.026340797760438
Bearing3_1,753,0.2968072526606228,1.009195288717765
Bearing3_1,754,0.2972014189988175,0.981621947845755
Bearing3_1,755,0.2975955853370122,1.025682506987896
Bearing3_1,756,0.2979897516752069,0.9896040250877911
Bearing3_1,757,0.29838391801340164,0.9726980294742924
Bearing3_1,758,0.29877808435159636,0.9792747226871423
Bearing3_1,759,0.2991722506897911,1.0007088310370267
Bearing3_1,760,0.2995664170279858,0.9838742069397547
Bearing3_1,761,0.29996058336618053,0.977794482601265
Bearing3_1,762,0.30035474970437526,0.9665332325551107
Bearing3_1,763,0.30074891604257,0.9940994554270178
Bearing3_1,764,0.3011430823807647,1.0207514457913938
Bearing3_1,765,0.3015372487189594,1.039763120503864
Bearing3_1,766,0.3019314150571541,1.052485434828921
Bearing3_1,767,0.3023255813953488,1.0587621246782999
Bearing3_1,768,0.30271974773354354,1.0692754745637743
Bearing3_1,769,0.30311391407173827,1.0529777246636156
Bearing3_1,770,0.303508080409933,1.0554083547105684
Bearing3_1,771,0.3039022467481277,1.0383858058731954
Bearing3_1,772,0.30429641308632244,1.0109910378059366
Bearing3_1,773,0.30469057942451716,0.9745689784569039
Bearing3_1,774,0.3050847457627119,0.9506216713908822
Bearing3_1,775,0.3054789121009066,0.9203539481958373
Bearing3_1,776,0.3058730784391013,0.9319888522513722
Bearing3_1,777,0.306267244777296,0.9172773811154131
Bearing3_1,778,0.3066614111154907,0.8920977578919873
Bearing3_1,779,0.30705557745368545,0.8792732940411734
Bearing3_1,780,0.30744974379188017,0.8787916511661047
Bearing3_1,781,0.3078439101300749,0.8795941543372319
Bearing3_1,782,0.3082380764682696,0.893052734180241
Bearing3_1,783,0.30863224280646434,0.8777687681954873
Bearing3_1,784,0.30902640914465906,0.8664416658744429
Bearing3_1,785,0.3094205754828538,0.8245456525415825
Bearing3_1,786,0.30981474182104846,0.7905530824538329
Bearing3_1,787,0.3102089081592432,0.7913362109607561
Bearing3_1,788,0.3106030744974379,0.7872472468216285
Bearing3_1,789,0.3109972408356326,0.7733814464435751
Bearing3_1,790,0.31139140717382735,0.7471896350383967
Bearing3_1,791,0.3117855735120221,0.744436710568135
Bearing3_1,792,0.3121797398502168,0.7499750369490992
Bearing3_1,793,0.3125739061884115,0.7628657915816921
Bearing3_1,794,0.31296807252660624,0.78353675547376
Bearing3_1,795,0.31336223886480097,0.8006026540046747
Bearing3_1,796,0.3137564052029957,0.8002662414701653
Bearing3_1,797,0.31415057154119036,0.7881576530656499
Bearing3_1,798,0.3145447378793851,0.7738523711128855
Bearing3_1,799,0.3149389042175798,0.7622379270570478
Bearing3_1,800,0.31533307055577453,0.7490957941323614
Bearing3_1,801,0.31572723689396925,0.7279266906787553
Bearing3_1,802,0.316121403232164,0.6955723048986957
Bearing3_1,803,0.3165155695703587,0.7047085550110518
Bearing3_1,804,0.3169097359085534,0.6834722556659183
Bearing3_1,805,0.31730390224674815,0.6721907603976887
Bearing3_1,806,0.31769806858494287,0.673522580798031
Bearing3_1,807,0.31809223492313754,0.6655326609143487
Bearing3_1,808,0.31848640126133226,0.6482701829777856
Bearing3_1,809,0.318880567599527,0.6688034715668887
Bearing3_1,810,0.3192747339377217,0.6673556150409248
Bearing3_1,811,0.31966890027591643,0.6948534076354994
Bearing3_1,812,0.32006306661411116,0.6992994289160601
Bearing3_1,813,0.3204572329523059,0.6810659642835524
Bearing3_1,814,0.3208513992905006,0.6496951927305303
Bearing3_1,815,0.32124556562869533,0.6347401398982591
Bearing3_1,816,0.32163973196689005,0.629249599819931
Bearing3_1,817,0.3220338983050847,0.649796500134719
Bearing3_1,818,0.32242806464327944,0.6829521816984991
Bearing3_1,819,0.32282223098147417,0.7024036686697104
Bearing3_1,820,0.3232163973196689,0.6816423783183911
Bearing3_1,821,0.3236105636578636,0.6759004885923335
Bearing3_1,822,0.32400472999605834,0.6967645329563945
Bearing3_1,823,0.32439889633425306,0.6811575965611055
Bearing3_1,824,0.3247930626724478,0.7377124887795726
Bearing3_1,825,0.3251872290106425,0.7901650391575749
Bearing3_1,826,0.32558139534883723,0.8040293182845689
Bearing3_1,827,0.3259755616870319,0.8267235630088337
Bearing3_1,828,0.3263697280252266,0.8504088085317631
Bearing3_1,829,0.32676389436342135,0.8507401058274094
Bearing3_1,830,0.32715806070161607,0.8847693543618241
Bearing3_1,831,0.3275522270398108,0.8703868508012389
Bearing3_1,832,0.3279463933780055,0.8678933332499066
Bearing3_1,833,0.32834055971620024,0.9077974482847262
Bearing3_1,834,0.32873472605439497,0.891963789961444
Bearing3_1,835,0.3291288923925897,0.8956632350159683
Bearing3_1,836,0.3295230587307844,0.8721625304161844
Bearing3_1,837,0.32991722506897914,0.844226383420468
Bearing3_1,838,0.3303113914071738,0.8011372130341485
Bearing3_1,839,0.33070555774536853,0.7673629908591032
Bearing3_1,840,0.33109972408356325,0.7530537160568469
Bearing3_1,841,0.331493890421758,0.7568331121781225
Bearing3_1,842,0.3318880567599527,0.7426662703563023
Bearing3_1,843,0.3322822230981474,0.7013635088519817
Bearing3_1,844,0.33267638943634215,0.6982424357562361
Bearing3_1,845,0.33307055577453687,0.6781810241867405
Bearing3_1,846,0.3334647221127316,0.7073538145328866
Bearing3_1,847,0.3338588884509263,0.7178005753286174
Bearing3_1,848,0.334253054789121,0.7330881603221014
Bearing3_1,849,0.3346472211273157,0.7417677474787613
Bearing3_1,850,0.33504138746551043,0.7667948162189501
Bearing3_1,851,0.33543555380370516,0.77197184500149
Bearing3_1,852,0.3358297201418999,0.7970292287371319
Bearing3_1,853,0.3362238864800946,0.8106622566375583
Bearing3_1,854,0.3366180528182893,0.8258737146023167
Bearing3_1,855,0.33701221915648405,0.8060811582944947
Bearing3_1,856,0.3374063854946788,0.784246155917738
Bearing3_1,857,0.3378005518328735,0.7969114493448975
Bearing3_1,858,0.33819471817106816,0.824055119037574
Bearing3_1,859,0.3385888845092629,0.8721753544994385
Bearing3_1,860,0.3389830508474576,0.8916846470645805
Bearing3_1,861,0.33937721718565234,0.9066950096770044
Bearing3_1,862,0.33977138352384706,0.9200010788619682
Bearing3_1,863,0.3401655498620418,0.9424420276190817
Bearing3_1,864,0.3405597162002365,0.9747788681004973
Bearing3_1,865,0.34095388253843123,0.9980894170801509
Bearing3_1,866,0.34134804887662595,1.001870983344826
Bearing3_1,867,0.3417422152148207,0.9926340309594461
Bearing3_1,868,0.34213638155301535,0.9111395763741863
Bearing3_1,869,0.34253054789121007,0.8672636697881442
Bearing3_1,870,0.3429247142294048,0.8462122953607926
Bearing3_1,871,0.3433188805675995,0.8344807398205919
Bearing3_1,872,0.34371304690579424,0.8323869621804748
Bearing3_1,873,0.34410721324398896,0.8227343309241156
Bearing3_1,874,0.3445013795821837,0.8098432680868667
Bearing3_1,875,0.3448955459203784,0.8264072466812223
Bearing3_1,876,0.34528971225857313,0.8433816684420512
Bearing3_1,877,0.34568387859676786,0.8288627628477245
Bearing3_1,878,0.3460780449349626,0.8722523323385986
Bearing3_1,879,0.34647221127315725,0.8517913789170036
Bearing3_1,880,0.346866377611352,0.8457811561022048
Bearing3_1,881,0.3472605439495467,0.819234117215465
Bearing3_1,882,0.3476547102877414,0.7633857514353501
Bearing3_1,883,0.34804887662593614,0.7579717566467481
Bearing3_1,884,0.34844304296413087,0.7207629666964086
Bearing3_1,885,0.3488372093023256,0.7015505892024549
Bearing3_1,886,0.3492313756405203,0.7054783509269075
Bearing3_1,887,0.34962554197871504,0.7072133904632024
Bearing3_1,888,0.35001970831690976,0.699138449733675
Bearing3_1,889,0.35041387465510443,0.7162100733374798
Bearing3_1,890,0.35080804099329915,0.7172934154145112
Bearing3_1,891,0.3512022073314939,0.718615645807201
Bearing3_1,892,0.3515963736696886,0.7434186098542936
Bearing3_1,893,0.3519905400078833,0.7381111633390994
Bearing3_1,894,0.35238470634607805,0.7415670640811289
Bearing3_1,895,0.35277887268427277,0.7203157062565569
Bearing3_1,896,0.3531730390224675,0.6840233058386695
Bearing3_1,897,0.3535672053606622,0.6608739350915398
Bearing3_1,898,0.35396137169885694,0.675525712056429
Bearing3_1,899,0.3543555380370516,0.6449934188741031
Bearing3_1,900,0.35474970437524633,0.6348856613379528
Bearing3_1,901,0.35514387071344106,0.6621095854248776
Bearing3_1,902,0.3555380370516358,0.6674039662183555
Bearing3_1,903,0.3559322033898305,0.6863227876878465
Bearing3_1,904,0.3563263697280252,0.7027719379542173
Bearing3_1,905,0.35672053606621995,0.7371545923533275
Bearing3_1,906,0.3571147024044147,0.7711211794961743
Bearing3_1,907,0.3575088687426094,0.7869209952749973
Bearing3_1,908,0.3579030350808041,0.7933000534009175
Bearing3_1,909,0.35829720141899885,0.8466541400592591
Bearing3_1,910,0.3586913677571935,0.859440978500424
Bearing3_1,911,0.35908553409538824,0.8536826742432032
Bearing3_1,912,0.35947970043358296,0.8376478426743352
Bearing3_1,913,0.3598738667717777,0.8535191239823867
Bearing3_1,914,0.3602680331099724,0.852246573829975
Bearing3_1,915,0.36066219944816713,0.8387877859399826
Bearing3_1,916,0.36105636578636185,0.8664212453320891
Bearing3_1,917,0.3614505321245566,0.8908522685859758
Bearing3_1,918,0.3618446984627513,0.8945241750136395
Bearing3_1,919,0.362238864800946,0.8610811926597712
Bearing3_1,920,0.3626330311391407,0.8568523959870957
Bearing3_1,921,0.3630271974773354,0.8702932603206841
Bearing3_1,922,0.36342136381553014,0.8832569882856326
Bearing3_1,923,0.36381553015372486,0.8614635950764354
Bearing3_1,924,0.3642096964919196,0.8755935629245165
Bearing3_1,925,0.3646038628301143,0.8834703613222947
Bearing3_1,926,0.36499802916830903,0.8713717862626238
Bearing3_1,927,0.36539219550650376,0.8634832851443844
Bearing3_1,928,0.3657863618446985,0.8593842991073328
Bearing3_1,929,0.3661805281828932,0.8977917396674304
Bearing3_1,930,0.3665746945210879,0.9125744521643714
Bearing3_1,931,0.3669688608592826,0.901498615304724
Bearing3_1,932,0.3673630271974773,0.8886155577500912
Bearing3_1,933,0.36775719353567204,0.885412499652842
Bearing3_1,934,0.36815135987386677,0.8701014351323708
Bearing3_1,935,0.3685455262120615,0.867572581232572
Bearing3_1,936,0.3689396925502562,0.8455649918178517
Bearing3_1,937,0.36933385888845094,0.8262015303972714
Bearing3_1,938,0.36972802522664566,0.8093365447276177
Bearing3_1,939,0.3701221915648404,0.7904201322489478
Bearing3_1,940,0.37051635790303505,0.7599317170177524
Bearing3_1,941,0.3709105242412298,0.7521466754651124
Bearing3_1,942,0.3713046905794245,0.7662697073853056
Bearing3_1,943,0.3716988569176192,0.7721773725234308
Bearing3_1,944,0.37209302325581395,0.7598623884498934
Bearing3_1,945,0.37248718959400867,0.7517088045928524
Bearing3_1,946,0.3728813559322034,0.7524023141163555
Bearing3_1,947,0.3732755222703981,0.7488224452183609
Bearing3_1,948,0.37366968860859284,0.765825585202706
Bearing3_1,949,0.37406385494678757,0.7755279064124754
Bearing3_1,950,0.3744580212849823,0.7922900665218207
Bearing3_1,951,0.37485218762317696,0.7885304008461904
Bearing3_1,952,0.3752463539613717,0.7839567234659326
Bearing3_1,953,0.3756405202995664,0.7676679481873716
Bearing3_1,954,0.37603468663776113,0.7524873437632249
Bearing3_1,955,0.37642885297595585,0.7488308363917895
Bearing3_1,956,0.3768230193141506,0.7386142536440453
Bearing3_1,957,0.3772171856523453,0.7426391109936054
Bearing3_1,958,0.37761135199054,0.7237787566779701
Bearing3_1,959,0.37800551832873475,0.6806807015397311
Bearing3_1,960,0.37839968466692947,0.6543513732005757
Bearing3_1,961,0.37879385100512414,0.6498716119163086
Bearing3_1,962,0.37918801734331886,0.6474660767282412
Bearing3_1,963,0.3795821836815136,0.6470890499069386
Bearing3_1,964,0.3799763500197083,0.638899397960303
Bearing3_1,965,0.38037051635790303,0.6390877126502184
Bearing3_1,966,0.38076468269609776,0.6426050000827865
Bearing3_1,967,0.3811588490342925,0.6329068540120009
Bearing3_1,968,0.3815530153724872,0.6440333547101817
Bearing3_1,969,0.3819471817106819,0.6454231161325539
Bearing3_1,970,0.38234134804887665,0.6590439458601701
Bearing3_1,971,0.3827355143870713,0.6346563317275349
Bearing3_1,972,0.38312968072526604,0.6201204310392491
Bearing3_1,973,0.38352384706346077,0.6208768320219302
Bearing3_1,974,0.3839180134016555,0.6554658716300384
Bearing3_1,975,0.3843121797398502,0.6561508612367137
Bearing3_1,976,0.38470634607804494,0.6339045162587675
Bearing3_1,977,0.38510051241623966,0.6293753912662139
Bearing3_1,978,0.3854946787544344,0.6178300246774919
Bearing3_1,979,0.3858888450926291,0.6377049627617704
Bearing3_1,980,0.38628301143082383,0.6771175808139434
Bearing3_1,981,0.3866771777690185,0.6857068293409068
Bearing3_1,982,0.3870713441072132,0.6941706284829144
Bearing3_1,983,0.38746551044540795,0.6977828702883577
Bearing3_1,984,0.38785967678360267,0.6875346015690935
Bearing3_1,985,0.3882538431217974,0.6933550846718729
Bearing3_1,986,0.3886480094599921,0.6979202977951384
Bearing3_1,987,0.38904217579818684,0.72974957715334
Bearing3_1,988,0.38943634213638156,0.7439032796993214
Bearing3_1,989,0.3898305084745763,0.7310554298176912
Bearing3_1,990,0.390224674812771,0.7039676313811979
Bearing3_1,991,0.39061884115096573,0.7309209098086054
Bearing3_1,992,0.3910130074891604,0.7394084260881376
Bearing3_1,993,0.3914071738273551,0.7381216913687
Bearing3_1,994,0.39180134016554985,0.721597638625831
Bearing3_1,995,0.3921955065037446,0.701511507241334
Bearing3_1,996,0.3925896728419393,0.703806565214708
Bearing3_1,997,0.392983839180134,0.6858281505496623
Bearing3_1,998,0.39337800551832874,0.6558737924185816
Bearing3_1,999,0.39377217185652347,0.6491922103370789
Bearing3_1,1000,0.3941663381947182,0.6475655178394001
Bearing3_1,1001,0.3945605045329129,0.6067999757022104
Bearing3_1,1002,0.3949546708711076,0.5913796467921804
Bearing3_1,1003,0.3953488372093023,0.6034493261953728
Bearing3_1,1004,0.39574300354749703,0.5991542246852235
Bearing3_1,1005,0.39613716988569175,0.5871902356196476
Bearing3_1,1006,0.3965313362238865,0.6015419000741502
Bearing3_1,1007,0.3969255025620812,0.5796966336991348
Bearing3_1,1008,0.3973196689002759,0.5999480971700148
Bearing3_1,1009,0.39771383523847065,0.6209594072248106
Bearing3_1,1010,0.39810800157666537,0.6067521354128907
Bearing3_1,1011,0.3985021679148601,0.6263615777848793
Bearing3_1,1012,0.39889633425305476,0.6415255748424775
Bearing3_1,1013,0.3992905005912495,0.6330254065678738
Bearing3_1,1014,0.3996846669294442,0.6591761962793092
Bearing3_1,1015,0.40007883326763893,0.6762163376331207
Bearing3_1,1016,0.40047299960583366,0.6819618151172737
Bearing3_1,1017,0.4008671659440284,0.7095961892124286
Bearing3_1,1018,0.4012613322822231,0.7023019643449142
Bearing3_1,1019,0.40165549862041783,0.7073616091454114
Bearing3_1,1020,0.40204966495861255,0.7293187530184447
Bearing3_1,1021,0.4024438312968073,0.7557812033654157
Bearing3_1,1022,0.40283799763500194,0.7596019212087505
Bearing3_1,1023,0.40323216397319667,0.78078872121362
Bearing3_1,1024,0.4036263303113914,0.7692906557605386
Bearing3_1,1025,0.4040204966495861,0.7777322433166937
Bearing3_1,1026,0.40441466298778084,0.7666825842923117
Bearing3_1,1027,0.40480882932597556,0.7269433060188389
Bearing3_1,1028,0.4052029956641703,0.7375030278760919
Bearing3_1,1029,0.405597162002365,0.7174057171767835
Bearing3_1,1030,0.40599132834055973,0.6901891430463586
Bearing3_1,1031,0.40638549467875446,0.6795612821060498
Bearing3_1,1032,0.4067796610169492,0.6479494956147622
Bearing3_1,1033,0.40717382735514385,0.5997705135966191
Bearing3_1,1034,0.40756799369333857,0.6127448082346181
Bearing3_1,1035,0.4079621600315333,0.62490961367376
Bearing3_1,1036,0.408356326369728,0.6313260281317706
Bearing3_1,1037,0.40875049270792274,0.6741128949527947
Bearing3_1,1038,0.40914465904611746,0.6834786105133286
Bearing3_1,1039,0.4095388253843122,0.7005845747554202
Bearing3_1,1040,0.4099329917225069,0.7368340070659662
Bearing3_1,1041,0.41032715806070164,0.7311196390600144
Bearing3_1,1042,0.41072132439889636,0.7851820971458568
Bearing3_1,1043,0.411115490737091,0.8424380003215285
Bearing3_1,1044,0.41150965707528575,0.840367611344772
Bearing3_1,1045,0.4119038234134805,0.8496614316803763
Bearing3_1,1046,0.4122979897516752,0.8619882628052207
Bearing3_1,1047,0.4126921560898699,0.8614136111506319
Bearing3_1,1048,0.41308632242806465,0.8485917589638055
Bearing3_1,1049,0.41348048876625937,0.833060122493966
Bearing3_1,1050,0.4138746551044541,0.8077959641400374
Bearing3_1,1051,0.4142688214426488,0.8027705275489252
Bearing3_1,1052,0.41466298778084354,0.7817228166284718
Bearing3_1,1053,0.4150571541190382,0.7652177484216749
Bearing3_1,1054,0.41545132045723293,0.7712272861219127
Bearing3_1,1055,0.41584548679542765,0.7540054632562703
Bearing3_1,1056,0.4162396531336224,0.7426870674078744
Bearing3_1,1057,0.4166338194718171,0.7295434768443403
Bearing3_1,1058,0.4170279858100118,0.7255297851971181
Bearing3_1,1059,0.41742215214820655,0.7460096884103594
Bearing3_1,1060,0.4178163184864013,0.7573840448745865
Bearing3_1,1061,0.418210484824596,0.790598370878823
Bearing3_1,1062,0.4186046511627907,0.7978659536153964
Bearing3_1,1063,0.41899881750098544,0.7924197443522917
Bearing3_1,1064,0.4193929838391801,0.7783826542025547
Bearing3_1,1065,0.41978715017737483,0.7598923516696832
Bearing3_1,1066,0.42018131651556956,0.7436437238454718
Bearing3_1,1067,0.4205754828537643,0.7517130185470207
Bearing3_1,1068,0.420969649191959,0.7486744661353043
Bearing3_1,1069,0.42136381553015373,0.7205974187057812
Bearing3_1,1070,0.42175798186834845,0.7123676167903759
Bearing3_1,1071,0.4221521482065432,0.6681842351233722
Bearing3_1,1072,0.4225463145447379,0.6461608405471323
Bearing3_1,1073,0.4229404808829326,0.6379596010634606
Bearing3_1,1074,0.4233346472211273,0.6339843929724267
Bearing3_1,1075,0.423728813559322,0.6386077272166037
Bearing3_1,1076,0.42412297989751674,0.6664466613650507
Bearing3_1,1077,0.42451714623571146,0.6789284269524065
Bearing3_1,1078,0.4249113125739062,0.7196409083509443
Bearing3_1,1079,0.4253054789121009,0.763727979283022
Bearing3_1,1080,0.42569964525029563,0.7832081402937031
Bearing3_1,1081,0.42609381158849036,0.8284722444709975
Bearing3_1,1082,0.4264879779266851,0.8514669099733931
Bearing3_1,1083,0.4268821442648798,0.8910883372921512
Bearing3_1,1084,0.42727631060307447,0.9363258603243209
Bearing3_1,1085,0.4276704769412692,0.9781751747702936
Bearing3_1,1086,0.4280646432794639,1.0147675171662818
Bearing3_1,1087,0.42845880961765864,1.0146994464727048
Bearing3_1,1088,0.42885297595585337,1.0228031308918155
Bearing3_1,1089,0.4292471422940481,1.0493469340078672
Bearing3_1,1090,0.4296413086322428,1.0552659881254842
Bearing3_1,1091,0.43003547497043754,1.0632321592258385
Bearing3_1,1092,0.43042964130863226,1.1114346477084374
Bearing3_1,1093,0.430823807646827,1.1032339334844008
Bearing3_1,1094,0.43121797398502165,1.1117183698420912
Bearing3_1,1095,0.4316121403232164,1.1135262812932416
Bearing3_1,1096,0.4320063066614111,1.1264598528610092
Bearing3_1,1097,0.4324004729996058,1.174685410181597
Bearing3_1,1098,0.43279463933780055,1.1583832005776462
Bearing3_1,1099,0.43318880567599527,1.1162970011947055
Bearing3_1,1100,0.43358297201419,1.12897358427298
Bearing3_1,1101,0.4339771383523847,1.1349696018793272
Bearing3_1,1102,0.43437130469057944,1.1017534822014556
Bearing3_1,1103,0.43476547102877416,1.0726440534047363
Bearing3_1,1104,0.4351596373669689,1.0942001734482711
Bearing3_1,1105,0.43555380370516356,1.0790169674340588
Bearing3_1,1106,0.4359479700433583,1.049030652493071
Bearing3_1,1107,0.436342136381553,1.0348780763677932
Bearing3_1,1108,0.4367363027197477,1.0522247611405837
Bearing3_1,1109,0.43713046905794245,1.0934467808661896
Bearing3_1,1110,0.4375246353961372,1.1166226447717218
Bearing3_1,1111,0.4379188017343319,1.142629593242948
Bearing3_1,1112,0.4383129680725266,1.1584134035407303
Bearing3_1,1113,0.43870713441072134,1.211795930809618
Bearing3_1,1114,0.43910130074891607,1.195200775199989
Bearing3_1,1115,0.43949546708711074,1.2167400493742746
Bearing3_1,1116,0.43988963342530546,1.2322410174291358
Bearing3_1,1117,0.4402837997635002,1.241423554753968
Bearing3_1,1118,0.4406779661016949,1.2515701858041166
Bearing3_1,1119,0.44107213243988963,1.2615036363892795
Bearing3_1,1120,0.44146629877808435,1.2511315855444274
Bearing3_1,1121,0.4418604651162791,1.2604208164631827
Bearing3_1,1122,0.4422546314544738,1.2817045398809612
Bearing3_1,1123,0.4426487977926685,1.2729846670894716
Bearing3_1,1124,0.44304296413086325,1.278002445056168
Bearing3_1,1125,0.4434371304690579,1.2979000812133303
Bearing3_1,1126,0.44383129680725264,1.3186061995170086
Bearing3_1,1127,0.44422546314544736,1.3304846239410009
Bearing3_1,1128,0.4446196294836421,1.3119106842648551
Bearing3_1,1129,0.4450137958218368,1.3037105951876142
Bearing3_1,1130,0.44540796216003153,1.2973311315028644
Bearing3_1,1131,0.44580212849822626,1.2944688377618476
Bearing3_1,1132,0.446196294836421,1.3024591917181891
Bearing3_1,1133,0.4465904611746157,1.2819719545352986
Bearing3_1,1134,0.44698462751281043,1.2622516479586392
Bearing3_1,1135,0.4473787938510051,1.2158522523513786
Bearing3_1,1136,0.4477729601891998,1.1579005797464068
Bearing3_1,1137,0.44816712652739454,1.0947559331460561
Bearing3_1,1138,0.44856129286558927,1.1028280577460023
Bearing3_1,1139,0.448955459203784,1.0858863809399477
Bearing3_1,1140,0.4493496255419787,1.0551435397648068
Bearing3_1,1141,0.44974379188017344,1.0111024904781751
Bearing3_1,1142,0.45013795821836816,0.9723317693270858
Bearing3_1,1143,0.4505321245565629,0.970042803017287
Bearing3_1,1144,0.4509262908947576,0.9518898456902685
Bearing3_1,1145,0.45132045723295233,0.955825646978977
Bearing3_1,1146,0.451714623571147,0.9669695629214281
Bearing3_1,1147,0.4521087899093417,0.9776086195531484
Bearing3_1,1148,0.45250295624753645,0.9544959822006372
Bearing3_1,1149,0.45289712258573117,0.9421800158444762
Bearing3_1,1150,0.4532912889239259,0.9512355372649614
Bearing3_1,1151,0.4536854552621206,0.9366271093997387
Bearing3_1,1152,0.45407962160031534,0.9096554583222787
Bearing3_1,1153,0.45447378793851007,0.87760242952721
Bearing3_1,1154,0.4548679542767048,0.8632838127637872
Bearing3_1,1155,0.4552621206148995,0.8469548231830777
Bearing3_1,1156,0.4556562869530942,0.8529152753431009
Bearing3_1,1157,0.4560504532912889,0.8557331778029902
Bearing3_1,1158,0.45644461962948363,0.8634719592632354
Bearing3_1,1159,0.45683878596767835,0.8424515722914337
Bearing3_1,1160,0.4572329523058731,0.8556913231675051
Bearing3_1,1161,0.4576271186440678,0.8413285503344818
Bearing3_1,1162,0.4580212849822625,0.8540669651801679
Bearing3_1,1163,0.45841545132045725,0.8610099669547477
Bearing3_1,1164,0.45880961765865197,0.8790416053076784
Bearing3_1,1165,0.4592037839968467,0.9000084638674167
Bearing3_1,1166,0.45959795033504136,0.885910815515062
Bearing3_1,1167,0.4599921166732361,0.8831279573781587
Bearing3_1,1168,0.4603862830114308,0.8805712170152464
Bearing3_1,1169,0.46078044934962553,0.8886038651314662
Bearing3_1,1170,0.46117461568782026,0.8654572359048345
Bearing3_1,1171,0.461568782026015,0.8579644833407907
Bearing3_1,1172,0.4619629483642097,0.8513909457396114
Bearing3_1,1173,0.4623571147024044,0.8740755333184624
Bearing3_1,1174,0.46275128104059915,0.8408057449834093
Bearing3_1,1175,0.4631454473787939,0.8284649829361113
Bearing3_1,1176,0.4635396137169886,0.8317080710711027
Bearing3_1,1177,0.46393378005518326,0.82595342045869
Bearing3_1,1178,0.464327946393378,0.830502876776152
Bearing3_1,1179,0.4647221127315727,0.8425474671680512
Bearing3_1,1180,0.46511627906976744,0.8299722448989488
Bearing3_1,1181,0.46551044540796216,0.863523867552489
Bearing3_1,1182,0.4659046117461569,0.8819827229783197
Bearing3_1,1183,0.4662987780843516,0.8657334880656979
Bearing3_1,1184,0.46669294442254633,0.8966410049184
Bearing3_1,1185,0.46708711076074105,0.8912643777669779
Bearing3_1,1186,0.4674812770989358,0.8675580379617258
Bearing3_1,1187,0.46787544343713044,0.8624572595913399
Bearing3_1,1188,0.46826960977532517,0.860522703216224
Bearing3_1,1189,0.4686637761135199,0.8347210732425114
Bearing3_1,1190,0.4690579424517146,0.849850894634107
Bearing3_1,1191,0.46945210878990934,0.8336198418548155
Bearing3_1,1192,0.46984627512810406,0.8163386513811648
Bearing3_1,1193,0.4702404414662988,0.8350005708062438
Bearing3_1,1194,0.4706346078044935,0.8325876270265008
Bearing3_1,1195,0.47102877414268823,0.8554199423749622
Bearing3_1,1196,0.47142294048088296,0.8711195843833199
Bearing3_1,1197,0.4718171068190776,0.8731139128182246
Bearing3_1,1198,0.47221127315727235,0.8664811632999216
Bearing3_1,1199,0.4726054394954671,0.882347356957179
Bearing3_1,1200,0.4729996058336618,0.8642530781159653
Bearing3_1,1201,0.4733937721718565,0.8442597131897415
Bearing3_1,1202,0.47378793851005124,0.8484987837565899
Bearing3_1,1203,0.47418210484824597,0.8229955714919812
Bearing3_1,1204,0.4745762711864407,0.797944115194024
Bearing3_1,1205,0.4749704375246354,0.7617119484681932
Bearing3_1,1206,0.47536460386283014,0.7579136537106544
Bearing3_1,1207,0.4757587702010248,0.7513831138380511
Bearing3_1,1208,0.47615293653921953,0.7471219283017729
Bearing3_1,1209,0.47654710287741425,0.7581113042076391
Bearing3_1,1210,0.476941269215609,0.765945697578455
Bearing3_1,1211,0.4773354355538037,0.7763103984722003
Bearing3_1,1212,0.4777296018919984,0.763441105793965
Bearing3_1,1213,0.47812376823019315,0.7725718385764918
Bearing3_1,1214,0.47851793456838787,0.7674665904039167
Bearing3_1,1215,0.4789121009065826,0.7691459488641954
Bearing3_1,1216,0.4793062672447773,0.7686850106208591
Bearing3_1,1217,0.47970043358297204,0.7693329608705921
Bearing3_1,1218,0.4800945999211667,0.7526453750441496
Bearing3_1,1219,0.48048876625936143,0.7420719527756316
Bearing3_1,1220,0.48088293259755616,0.7372279862018716
Bearing3_1,1221,0.4812770989357509,0.7434799499835643
Bearing3_1,1222,0.4816712652739456,0.7405698384447174
Bearing3_1,1223,0.4820654316121403,0.7370582881307316
Bearing3_1,1224,0.48245959795033505,0.7577532582201136
Bearing3_1,1225,0.4828537642885298,0.7651524757542193
Bearing3_1,1226,0.4832479306267245,0.7719037293423935
Bearing3_1,1227,0.4836420969649192,0.7670282900555289
Bearing3_1,1228,0.4840362633031139,0.7694110880125219
Bearing3_1,1229,0.4844304296413086,0.7467307574962606
Bearing3_1,1230,0.48482459597950334,0.7350378183527121
Bearing3_1,1231,0.48521876231769806,0.735023054748244
Bearing3_1,1232,0.4856129286558928,0.7291140881321864
Bearing3_1,1233,0.4860070949940875,0.7145680052000626
Bearing3_1,1234,0.48640126133228223,0.7048911360978609
Bearing3_1,1235,0.48679542767047695,0.70983007262492
Bearing3_1,1236,0.4871895940086717,0.7021258816895892
Bearing3_1,1237,0.4875837603468664,0.7037954251641573
Bearing3_1,1238,0.48797792668506107,0.702879466038581
Bearing3_1,1239,0.4883720930232558,0.7129335681196237
Bearing3_1,1240,0.4887662593614505,0.7131583833181064
Bearing3_1,1241,0.48916042569964524,0.6955357836918671
Bearing3_1,1242,0.48955459203783996,0.6702262037211579
Bearing3_1,1243,0.4899487583760347,0.6911261700910803
Bearing3_1,1244,0.4903429247142294,0.7026907831445772
Bearing3_1,1245,0.49073709105242413,0.6934971349081114
Bearing3_1,1246,0.49113125739061886,0.6803501450327213
Bearing3_1,1247,0.4915254237288136,0.6719729155371896
Bearing3_1,1248,0.49191959006700825,0.6671726325714313
Bearing3_1,1249,0.492313756405203,0.6729201442260588
Bearing3_1,1250,0.4927079227433977,0.6853063392144989
Bearing3_1,1251,0.4931020890815924,0.6881903869853192
Bearing3_1,1252,0.49349625541978714,0.7127450246277315
Bearing3_1,1253,0.49389042175798187,0.693595667564367
Bearing3_1,1254,0.4942845880961766,0.6624595126381574
Bearing3_1,1255,0.4946787544343713,0.6580159348134649
Bearing3_1,1256,0.49507292077256604,0.6421604470816223
Bearing3_1,1257,0.49546708711076076,0.6426999819767114
Bearing3_1,1258,0.4958612534489555,0.6346063152400598
Bearing3_1,1259,0.49625541978715015,0.6311096168556363
Bearing3_1,1260,0.4966495861253449,0.6284761513175654
Bearing3_1,1261,0.4970437524635396,0.6265318867383914
Bearing3_1,1262,0.4974379188017343,0.6081023247712276
Bearing3_1,1263,0.49783208513992905,0.6092154198535646
Bearing3_1,1264,0.49822625147812377,0.6169666084597144
Bearing3_1,1265,0.4986204178163185,0.6022400054543828
Bearing3_1,1266,0.4990145841545132,0.6157106065000572
Bearing3_1,1267,0.49940875049270794,0.5963697879676765
Bearing3_1,1268,0.49980291683090267,0.6079021288376628
Bearing3_1,1269,0.5001970831690974,0.5914842606878022
Bearing3_1,1270,0.5005912495072921,0.5858369647992483
Bearing3_1,1271,0.5009854158454868,0.5959993484260349
Bearing3_1,1272,0.5013795821836815,0.5934284368763796
Bearing3_1,1273,0.5017737485218763,0.5825450969612905
Bearing3_1,1274,0.502167914860071,0.5825554103366813
Bearing3_1,1275,0.5025620811982656,0.5921750019557092
Bearing3_1,1276,0.5029562475364604,0.5864476934482232
Bearing3_1,1277,0.5033504138746551,0.6117611287899535
Bearing3_1,1278,0.5037445802128498,0.6037835415875067
Bearing3_1,1279,0.5041387465510445,0.6150676873665285
Bearing3_1,1280,0.5045329128892393,0.6042071998506671
Bearing3_1,1281,0.504927079227434,0.5892510363331703
Bearing3_1,1282,0.5053212455656287,0.6016413909646473
Bearing3_1,1283,0.5057154119038234,0.6024571960567833
Bearing3_1,1284,0.5061095782420181,0.6073099830335682
Bearing3_1,1285,0.5065037445802129,0.6147335813048548
Bearing3_1,1286,0.5068979109184075,0.6289104937373455
Bearing3_1,1287,0.5072920772566023,0.6358065010802035
Bearing3_1,1288,0.507686243594797,0.6306159617811316
Bearing3_1,1289,0.5080804099329918,0.6229249764511133
Bearing3_1,1290,0.5084745762711864,0.6512878068571434
Bearing3_1,1291,0.5088687426093812,0.672557289336604
Bearing3_1,1292,0.5092629089475759,0.6932976576341252
Bearing3_1,1293,0.5096570752857706,0.7053249706470004
Bearing3_1,1294,0.5100512416239653,0.707739362728919
Bearing3_1,1295,0.51044540796216,0.7066962226091769
Bearing3_1,1296,0.5108395743003548,0.7062542515215652
Bearing3_1,1297,0.5112337406385494,0.695976009734036
Bearing3_1,1298,0.5116279069767442,0.7078143512801229
Bearing3_1,1299,0.5120220733149389,0.7232015552183977
Bearing3_1,1300,0.5124162396531337,0.715029631942509
Bearing3_1,1301,0.5128104059913283,0.7153175876747186
Bearing3_1,1302,0.5132045723295231,0.6954061082431753
Bearing3_1,1303,0.5135987386677178,0.6979974289731007
Bearing3_1,1304,0.5139929050059125,0.71149896170154
Bearing3_1,1305,0.5143870713441072,0.7076152173083672
Bearing3_1,1306,0.5147812376823019,0.7108108192025779
Bearing3_1,1307,0.5151754040204967,0.7147811037481311
Bearing3_1,1308,0.5155695703586913,0.7147612041562474
Bearing3_1,1309,0.5159637366968861,0.7116382849873977
Bearing3_1,1310,0.5163579030350808,0.6718916548856078
Bearing3_1,1311,0.5167520693732756,0.6492758515485667
Bearing3_1,1312,0.5171462357114702,0.6401582438962089
Bearing3_1,1313,0.517540402049665,0.6394336708405428
Bearing3_1,1314,0.5179345683878597,0.6233521932523352
Bearing3_1,1315,0.5183287347260543,0.6087988269009371
Bearing3_1,1316,0.5187229010642491,0.6027446531221231
Bearing3_1,1317,0.5191170674024438,0.5981412031271928
Bearing3_1,1318,0.5195112337406386,0.6002214171774207
Bearing3_1,1319,0.5199054000788332,0.5783833393047484
Bearing3_1,1320,0.520299566417028,0.5940546501491395
Bearing3_1,1321,0.5206937327552227,0.5984018273362731
Bearing3_1,1322,0.5210878990934175,0.5965820970516554
Bearing3_1,1323,0.5214820654316121,0.6021050363763971
Bearing3_1,1324,0.5218762317698069,0.6057767643072222
Bearing3_1,1325,0.5222703981080016,0.6244339011870996
Bearing3_1,1326,0.5226645644461962,0.6399196171169648
Bearing3_1,1327,0.523058730784391,0.634356649351389
Bearing3_1,1328,0.5234528971225857,0.6386932699722133
Bearing3_1,1329,0.5238470634607805,0.6585530646618063
Bearing3_1,1330,0.5242412297989751,0.6648660055548761
Bearing3_1,1331,0.5246353961371699,0.6670356416259936
Bearing3_1,1332,0.5250295624753646,0.6701445716526726
Bearing3_1,1333,0.5254237288135594,0.6572917965678634
Bearing3_1,1334,0.525817895151754,0.6408681041402104
Bearing3_1,1335,0.5262120614899488,0.6485610093507133
Bearing3_1,1336,0.5266062278281435,0.6400067380562986
Bearing3_1,1337,0.5270003941663381,0.6352767558686485
Bearing3_1,1338,0.5273945605045329,0.6139537880413671
Bearing3_1,1339,0.5277887268427276,0.616252232232622
Bearing3_1,1340,0.5281828931809224,0.617841132458878
Bearing3_1,1341,0.528577059519117,0.623406908084373
Bearing3_1,1342,0.5289712258573118,0.6331827827364823
Bearing3_1,1343,0.5293653921955065,0.6462848136884756
Bearing3_1,1344,0.5297595585337013,0.6552741729016776
Bearing3_1,1345,0.5301537248718959,0.624327818279738
Bearing3_1,1346,0.5305478912100906,0.6107149913736188
Bearing3_1,1347,0.5309420575482854,0.6268060645788294
Bearing3_1,1348,0.53133622388648,0.6376315566870059
Bearing3_1,1349,0.5317303902246748,0.6119758865213356
Bearing3_1,1350,0.5321245565628695,0.6070311660529932
Bearing3_1,1351,0.5325187229010643,0.605411996856536
Bearing3_1,1352,0.532912889239259,0.6184158441016435
Bearing3_1,1353,0.5333070555774537,0.6041626404986926
Bearing3_1,1354,0.5337012219156484,0.6097734289302419
Bearing3_1,1355,0.5340953882538432,0.6434871216553945
Bearing3_1,1356,0.5344895545920378,0.6508758407130283
Bearing3_1,1357,0.5348837209302325,0.6494426140381726
Bearing3_1,1358,0.5352778872684273,0.6507757885927588
Bearing3_1,1359,0.535672053606622,0.692079861970534
Bearing3_1,1360,0.5360662199448167,0.7056951297453884
Bearing3_1,1361,0.5364603862830114,0.7077473260662839
Bearing3_1,1362,0.5368545526212062,0.7010675977842901
Bearing3_1,1363,0.5372487189594009,0.7139085115917475
Bearing3_1,1364,0.5376428852975956,0.7174782364343804
Bearing3_1,1365,0.5380370516357903,0.7136653229035295
Bearing3_1,1366,0.5384312179739851,0.7104881211974904
Bearing3_1,1367,0.5388253843121797,0.7105856914428565
Bearing3_1,1368,0.5392195506503744,0.7043692363897569
Bearing3_1,1369,0.5396137169885692,0.6800996974625013
Bearing3_1,1370,0.5400078833267639,0.6854522151129441
Bearing3_1,1371,0.5404020496649586,0.6891915828495165
Bearing3_1,1372,0.5407962160031533,0.6885604265550921
Bearing3_1,1373,0.5411903823413481,0.6784693596087623
Bearing3_1,1374,0.5415845486795428,0.6807143720094027
Bearing3_1,1375,0.5419787150177375,0.6630658944580596
Bearing3_1,1376,0.5423728813559322,0.6600887452787493
Bearing3_1,1377,0.5427670476941269,0.6633128328174829
Bearing3_1,1378,0.5431612140323216,0.6749646439898284
Bearing3_1,1379,0.5435553803705163,0.6859849638362743
Bearing3_1,1380,0.5439495467087111,0.6836217833463403
Bearing3_1,1381,0.5443437130469058,0.6850599461134004
Bearing3_1,1382,0.5447378793851005,0.6789473053272037
Bearing3_1,1383,0.5451320457232952,0.6690378869351831
Bearing3_1,1384,0.54552621206149,0.6457886557578854
Bearing3_1,1385,0.5459203783996847,0.6360747324240418
Bearing3_1,1386,0.5463145447378794,0.6319242495538165
Bearing3_1,1387,0.5467087110760741,0.6190280359830392
Bearing3_1,1388,0.5471028774142688,0.6015934176791806
Bearing3_1,1389,0.5474970437524636,0.5906664123063838
Bearing3_1,1390,0.5478912100906582,0.580800929707264
Bearing3_1,1391,0.548285376428853,0.5744988428333176
Bearing3_1,1392,0.5486795427670477,0.5795881756786077
Bearing3_1,1393,0.5490737091052424,0.5909240872918656
Bearing3_1,1394,0.5494678754434371,0.6012548764399562
Bearing3_1,1395,0.5498620417816319,0.6242382608152968
Bearing3_1,1396,0.5502562081198266,0.6188764467138566
Bearing3_1,1397,0.5506503744580212,0.6136340505832077
Bearing3_1,1398,0.551044540796216,0.6198670593213134
Bearing3_1,1399,0.5514387071344107,0.5885181233661975
Bearing3_1,1400,0.5518328734726055,0.5789772835301855
Bearing3_1,1401,0.5522270398108001,0.5779412741253409
Bearing3_1,1402,0.5526212061489949,0.5715642600813935
Bearing3_1,1403,0.5530153724871896,0.5665698898714168
Bearing3_1,1404,0.5534095388253844,0.5731429208229225
Bearing3_1,1405,0.553803705163579,0.5580572284534939
Bearing3_1,1406,0.5541978715017738,0.5577010315901829
Bearing3_1,1407,0.5545920378399685,0.5680838303721916
Bearing3_1,1408,0.5549862041781631,0.5757720793548156
Bearing3_1,1409,0.5553803705163579,0.6107250248771509
Bearing3_1,1410,0.5557745368545526,0.6152733762878028
Bearing3_1,1411,0.5561687031927474,0.610810866093468
Bearing3_1,1412,0.556562869530942,0.6147464818273872
Bearing3_1,1413,0.5569570358691368,0.6187063052402022
Bearing3_1,1414,0.5573512022073315,0.6019411316132033
Bearing3_1,1415,0.5577453685455263,0.6087879058162416
Bearing3_1,1416,0.5581395348837209,0.6241415676538774
Bearing3_1,1417,0.5585337012219157,0.6229392308473745
Bearing3_1,1418,0.5589278675601104,0.6198446370265243
Bearing3_1,1419,0.559322033898305,0.620622840128535
Bearing3_1,1420,0.5597162002364998,0.6346042994770333
Bearing3_1,1421,0.5601103665746945,0.6468056484096374
Bearing3_1,1422,0.5605045329128893,0.6376859308031328
Bearing3_1,1423,0.5608986992510839,0.639611197538281
Bearing3_1,1424,0.5612928655892787,0.6312604094389955
Bearing3_1,1425,0.5616870319274734,0.6249344225505269
Bearing3_1,1426,0.5620811982656682,0.6062176564710677
Bearing3_1,1427,0.5624753646038628,0.5991895267466447
Bearing3_1,1428,0.5628695309420575,0.5950945334191227
Bearing3_1,1429,0.5632636972802523,0.5898750486600893
Bearing3_1,1430,0.5636578636184469,0.592003822695341
Bearing3_1,1431,0.5640520299566417,0.5942865237869468
Bearing3_1,1432,0.5644461962948364,0.6042316847276779
Bearing3_1,1433,0.5648403626330312,0.6134915036342563
Bearing3_1,1434,0.5652345289712258,0.6422207319473668
Bearing3_1,1435,0.5656286953094206,0.6642145252836616
Bearing3_1,1436,0.5660228616476153,0.6988617359171372
Bearing3_1,1437,0.5664170279858101,0.7119204656548477
Bearing3_1,1438,0.5668111943240047,0.7014989974704265
Bearing3_1,1439,0.5672053606621994,0.7217059092433684
Bearing3_1,1440,0.5675995270003942,0.7172974555287046
Bearing3_1,1441,0.5679936933385888,0.7237172094306902
Bearing3_1,1442,0.5683878596767836,0.731574420208374
Bearing3_1,1443,0.5687820260149783,0.7140326624171515
Bearing3_1,1444,0.5691761923531731,0.7241235141484663
Bearing3_1,1445,0.5695703586913677,0.7284358290849463
Bearing3_1,1446,0.5699645250295625,0.7278003398721846
Bearing3_1,1447,0.5703586913677572,0.7206390863718627
Bearing3_1,1448,0.570752857705952,0.7222217386996455
Bearing3_1,1449,0.5711470240441466,0.7099565528944548
Bearing3_1,1450,0.5715411903823413,0.7213313615122161
Bearing3_1,1451,0.5719353567205361,0.6959379940782713
Bearing3_1,1452,0.5723295230587307,0.6933921318432561
Bearing3_1,1453,0.5727236893969255,0.7108303125029969
Bearing3_1,1454,0.5731178557351202,0.7062395353998501
Bearing3_1,1455,0.573512022073315,0.6891216705121819
Bearing3_1,1456,0.5739061884115096,0.673659147811462
Bearing3_1,1457,0.5743003547497044,0.6619489005786166
Bearing3_1,1458,0.5746945210878991,0.6797025732991157
Bearing3_1,1459,0.5750886874260938,0.6717406620873598
Bearing3_1,1460,0.5754828537642885,0.6719947739867999
Bearing3_1,1461,0.5758770201024832,0.6843533826995418
Bearing3_1,1462,0.576271186440678,0.6700883992016117
Bearing3_1,1463,0.5766653527788727,0.6606288366907223
Bearing3_1,1464,0.5770595191170674,0.6287330260493679
Bearing3_1,1465,0.5774536854552621,0.6368215912713557
Bearing3_1,1466,0.5778478517934569,0.6314046730016424
Bearing3_1,1467,0.5782420181316515,0.6444919048893385
Bearing3_1,1468,0.5786361844698463,0.6496486443550471
Bearing3_1,1469,0.579030350808041,0.6565973018060828
Bearing3_1,1470,0.5794245171462357,0.6496034640602428
Bearing3_1,1471,0.5798186834844304,0.6433890685396358
Bearing3_1,1472,0.5802128498226251,0.6798176936673093
Bearing3_1,1473,0.5806070161608199,0.6824747993436329
Bearing3_1,1474,0.5810011824990146,0.7199378029597517
Bearing3_1,1475,0.5813953488372093,0.7230993983366234
Bearing3_1,1476,0.581789515175404,0.7628939278313015
Bearing3_1,1477,0.5821836815135988,0.7742387131207764
Bearing3_1,1478,0.5825778478517935,0.7835144526228993
Bearing3_1,1479,0.5829720141899882,0.7869755277457628
Bearing3_1,1480,0.5833661805281829,0.8059458077906362
Bearing3_1,1481,0.5837603468663776,0.8178106315367166
Bearing3_1,1482,0.5841545132045723,0.8020544476802005
Bearing3_1,1483,0.584548679542767,0.8063501994885659
Bearing3_1,1484,0.5849428458809618,0.8153844216616971
Bearing3_1,1485,0.5853370122191565,0.8321472640718557
Bearing3_1,1486,0.5857311785573512,0.8004382688507248
Bearing3_1,1487,0.5861253448955459,0.7972738544310551
Bearing3_1,1488,0.5865195112337407,0.7972935468658343
Bearing3_1,1489,0.5869136775719354,0.807133533787187
Bearing3_1,1490,0.58730784391013,0.7967046555239773
Bearing3_1,1491,0.5877020102483248,0.7701861855993088
Bearing3_1,1492,0.5880961765865195,0.7612911188935133
Bearing3_1,1493,0.5884903429247142,0.741540398540854
Bearing3_1,1494,0.5888845092629089,0.7185991915836016
Bearing3_1,1495,0.5892786756011037,0.6843118146593298
Bearing3_1,1496,0.5896728419392984,0.69366139095141
Bearing3_1,1497,0.5900670082774931,0.7092290375907113
Bearing3_1,1498,0.5904611746156878,0.7147530378194896
Bearing3_1,1499,0.5908553409538826,0.7188408402846748
Bearing3_1,1500,0.5912495072920773,0.7396149666179406
Bearing3_1,1501,0.5916436736302719,0.7767055935604577
Bearing3_1,1502,0.5920378399684667,0.7918134284520708
Bearing3_1,1503,0.5924320063066614,0.8209792045919302
Bearing3_1,1504,0.5928261726448562,0.8378548273576971
Bearing3_1,1505,0.5932203389830508,0.8424819416297558
Bearing3_1,1506,0.5936145053212456,0.8310344369541166
Bearing3_1,1507,0.5940086716594403,0.8418744353865414
Bearing3_1,1508,0.594402837997635,0.8135148774507603
Bearing3_1,1509,0.5947970043358297,0.8147399171323346
Bearing3_1,1510,0.5951911706740244,0.8211874158592115
Bearing3_1,1511,0.5955853370122192,0.8270982765260786
Bearing3_1,1512,0.5959795033504138,0.8121270790376338
Bearing3_1,1513,0.5963736696886086,0.77164077521725
Bearing3_1,1514,0.5967678360268033,0.7646790414657756
Bearing3_1,1515,0.5971620023649981,0.791559299133044
Bearing3_1,1516,0.5975561687031927,0.8096053421160146
Bearing3_1,1517,0.5979503350413875,0.7908326057157011
Bearing3_1,1518,0.5983445013795822,0.8013651198742829
Bearing3_1,1519,0.598738667717777,0.7789491852471288
Bearing3_1,1520,0.5991328340559716,0.7401151619344413
Bearing3_1,1521,0.5995270003941663,0.7209550092172926
Bearing3_1,1522,0.5999211667323611,0.730203395929946
Bearing3_1,1523,0.6003153330705557,0.756601903480988
Bearing3_1,1524,0.6007094994087505,0.7507814121851363
Bearing3_1,1525,0.6011036657469452,0.7334180609177767
Bearing3_1,1526,0.60149783208514,0.7352890824511766
Bearing3_1,1527,0.6018919984233346,0.7234704542930526
Bearing3_1,1528,0.6022861647615294,0.7220387542920498
Bearing3_1,1529,0.6026803310997241,0.7232784824783508
Bearing3_1,1530,0.6030744974379189,0.750108575002925
Bearing3_1,1531,0.6034686637761135,0.7393054313890909
Bearing3_1,1532,0.6038628301143082,0.7297047428776844
Bearing3_1,1533,0.604256996452503,0.7429934747484007
Bearing3_1,1534,0.6046511627906976,0.7377307823300008
Bearing3_1,1535,0.6050453291288924,0.7335100820605609
Bearing3_1,1536,0.6054394954670871,0.7147827517678594
Bearing3_1,1537,0.6058336618052819,0.7122468999762929
Bearing3_1,1538,0.6062278281434765,0.702377630556145
Bearing3_1,1539,0.6066219944816713,0.6809629662206342
Bearing3_1,1540,0.607016160819866,0.651558568611493
Bearing3_1,1541,0.6074103271580606,0.6530477609577982
Bearing3_1,1542,0.6078044934962554,0.6411102287012889
Bearing3_1,1543,0.6081986598344501,0.6070220220728497
Bearing3_1,1544,0.6085928261726449,0.5832691890715203
Bearing3_1,1545,0.6089869925108395,0.5557901051512328
Bearing3_1,1546,0.6093811588490343,0.5417639646277695
Bearing3_1,1547,0.609775325187229,0.5445070575369659
Bearing3_1,1548,0.6101694915254238,0.5416358240265379
Bearing3_1,1549,0.6105636578636184,0.5594267787226841
Bearing3_1,1550,0.6109578242018132,0.5434924224873365
Bearing3_1,1551,0.6113519905400079,0.5260657168663834
Bearing3_1,1552,0.6117461568782026,0.5184930365171125
Bearing3_1,1553,0.6121403232163973,0.5340310580248366
Bearing3_1,1554,0.612534489554592,0.5398113805493351
Bearing3_1,1555,0.6129286558927868,0.5546392357783061
Bearing3_1,1556,0.6133228222309814,0.5750823252321073
Bearing3_1,1557,0.6137169885691762,0.558902067851683
Bearing3_1,1558,0.6141111549073709,0.5637657737887269
Bearing3_1,1559,0.6145053212455657,0.5470466517306563
Bearing3_1,1560,0.6148994875837603,0.5390656256387988
Bearing3_1,1561,0.6152936539219551,0.5513294084360949
Bearing3_1,1562,0.6156878202601498,0.5459016859143183
Bearing3_1,1563,0.6160819865983445,0.5184706849596368
Bearing3_1,1564,0.6164761529365392,0.5348385777091552
Bearing3_1,1565,0.6168703192747339,0.5572753344853308
Bearing3_1,1566,0.6172644856129287,0.5479065318639325
Bearing3_1,1567,0.6176586519511233,0.5514331889806822
Bearing3_1,1568,0.6180528182893181,0.5390306446843927
Bearing3_1,1569,0.6184469846275128,0.5709444363597147
Bearing3_1,1570,0.6188411509657076,0.5911234901755196
Bearing3_1,1571,0.6192353173039022,0.5864976844191365
Bearing3_1,1572,0.6196294836420969,0.6064314745540105
Bearing3_1,1573,0.6200236499802917,0.6185492749429079
Bearing3_1,1574,0.6204178163184864,0.5907020763487644
Bearing3_1,1575,0.6208119826566811,0.5643365054244054
Bearing3_1,1576,0.6212061489948758,0.5508787172005849
Bearing3_1,1577,0.6216003153330706,0.5520660053253202
Bearing3_1,1578,0.6219944816712653,0.5503908487469745
Bearing3_1,1579,0.62238864800946,0.5260664609881006
Bearing3_1,1580,0.6227828143476547,0.5169314241724065
Bearing3_1,1581,0.6231769806858495,0.5065548763426373
Bearing3_1,1582,0.6235711470240441,0.4965758552527835
Bearing3_1,1583,0.6239653133622388,0.515918026677719
Bearing3_1,1584,0.6243594797004336,0.5494834793194325
Bearing3_1,1585,0.6247536460386283,0.5417044005392098
Bearing3_1,1586,0.625147812376823,0.5055109733742523
Bearing3_1,1587,0.6255419787150177,0.48651831535510565
Bearing3_1,1588,0.6259361450532125,0.47512726253834775
Bearing3_1,1589,0.6263303113914072,0.4537209039452209
Bearing3_1,1590,0.6267244777296019,0.44247241868683984
Bearing3_1,1591,0.6271186440677966,0.4306288357032062
Bearing3_1,1592,0.6275128104059914,0.411879335639176
Bearing3_1,1593,0.627906976744186,0.3816285784878571
Bearing3_1,1594,0.6283011430823807,0.34563047336320346
Bearing3_1,1595,0.6286953094205755,0.36144259918230276
Bearing3_1,1596,0.6290894757587702,0.3932180063644105
Bearing3_1,1597,0.629483642096965,0.3961121614539497
Bearing3_1,1598,0.6298778084351596,0.4007058229012939
Bearing3_1,1599,0.6302719747733544,0.42123901547096904
Bearing3_1,1600,0.6306661411115491,0.4406376388144427
Bearing3_1,1601,0.6310603074497438,0.47117028400198946
Bearing3_1,1602,0.6314544737879385,0.48085021888983437
Bearing3_1,1603,0.6318486401261332,0.5037672860368281
Bearing3_1,1604,0.632242806464328,0.5205864012060412
Bearing3_1,1605,0.6326369728025226,0.5239707987103402
Bearing3_1,1606,0.6330311391407174,0.5487515121517386
Bearing3_1,1607,0.6334253054789121,0.5837135440014224
Bearing3_1,1608,0.6338194718171068,0.6093920685895615
Bearing3_1,1609,0.6342136381553015,0.6077583335410196
Bearing3_1,1610,0.6346078044934963,0.6037601885137308
Bearing3_1,1611,0.635001970831691,0.5957102294019199
Bearing3_1,1612,0.6353961371698857,0.6228634240284855
Bearing3_1,1613,0.6357903035080804,0.6058191505163967
Bearing3_1,1614,0.6361844698462751,0.6157129550324412
Bearing3_1,1615,0.6365786361844699,0.6032537370156661
Bearing3_1,1616,0.6369728025226645,0.5796720322007437
Bearing3_1,1617,0.6373669688608593,0.5879054949149413
Bearing3_1,1618,0.637761135199054,0.602788806672198
Bearing3_1,1619,0.6381553015372488,0.6168782185756922
Bearing3_1,1620,0.6385494678754434,0.6317811534335278
Bearing3_1,1621,0.6389436342136382,0.6440828356254309
Bearing3_1,1622,0.6393378005518329,0.62311136697016
Bearing3_1,1623,0.6397319668900275,0.6467794579188533
Bearing3_1,1624,0.6401261332282223,0.6572192492109434
Bearing3_1,1625,0.640520299566417,0.6750425178063416
Bearing3_1,1626,0.6409144659046118,0.6842906234380937
Bearing3_1,1627,0.6413086322428064,0.6561788212719976
Bearing3_1,1628,0.6417027985810012,0.6379080248687176
Bearing3_1,1629,0.6420969649191959,0.6223130260918601
Bearing3_1,1630,0.6424911312573907,0.6206739056480189
Bearing3_1,1631,0.6428852975955853,0.602395498437729
Bearing3_1,1632,0.6432794639337801,0.5833265673232113
Bearing3_1,1633,0.6436736302719748,0.5652842972900899
Bearing3_1,1634,0.6440677966101694,0.5381836273353224
Bearing3_1,1635,0.6444619629483642,0.4949801577592997
Bearing3_1,1636,0.6448561292865589,0.4659725347858125
Bearing3_1,1637,0.6452502956247537,0.41708786832834566
Bearing3_1,1638,0.6456444619629483,0.37722234519152054
Bearing3_1,1639,0.6460386283011431,0.36274756466930846
Bearing3_1,1640,0.6464327946393378,0.32577188643650734
Bearing3_1,1641,0.6468269609775326,0.3153398609694638
Bearing3_1,1642,0.6472211273157272,0.31792988507110953
Bearing3_1,1643,0.647615293653922,0.2990274714891608
Bearing3_1,1644,0.6480094599921167,0.2987071016911557
Bearing3_1,1645,0.6484036263303113,0.3018322224245914
Bearing3_1,1646,0.6487977926685061,0.30696908538744033
Bearing3_1,1647,0.6491919590067008,0.31722138294164226
Bearing3_1,1648,0.6495861253448956,0.3115095063583679
Bearing3_1,1649,0.6499802916830902,0.28380524697436676
Bearing3_1,1650,0.650374458021285,0.27055724740915543
Bearing3_1,1651,0.6507686243594797,0.2529983545102218
Bearing3_1,1652,0.6511627906976745,0.24666476708410948
Bearing3_1,1653,0.6515569570358691,0.22862224732821498
Bearing3_1,1654,0.6519511233740638,0.20278203980457765
Bearing3_1,1655,0.6523452897122586,0.20830291773784712
Bearing3_1,1656,0.6527394560504532,0.21751113289809423
Bearing3_1,1657,0.653133622388648,0.21872914618604727
Bearing3_1,1658,0.6535277887268427,0.21595668922433925
Bearing3_1,1659,0.6539219550650375,0.2363996477512859
Bearing3_1,1660,0.6543161214032321,0.24439463980011142
Bearing3_1,1661,0.6547102877414269,0.24601497186740579
Bearing3_1,1662,0.6551044540796216,0.26152613567908745
Bearing3_1,1663,0.6554986204178164,0.26700850613856475
Bearing3_1,1664,0.655892786756011,0.2505842799546017
Bearing3_1,1665,0.6562869530942057,0.23655570065841572
Bearing3_1,1666,0.6566811194324005,0.19503227614394927
Bearing3_1,1667,0.6570752857705952,0.19025119189253853
Bearing3_1,1668,0.6574694521087899,0.1983399261428073
Bearing3_1,1669,0.6578636184469846,0.18896770673582733
Bearing3_1,1670,0.6582577847851794,0.18902700065089945
Bearing3_1,1671,0.658651951123374,0.17750408809642243
Bearing3_1,1672,0.6590461174615688,0.15177671439100135
Bearing3_1,1673,0.6594402837997635,0.12597886155194132
Bearing3_1,1674,0.6598344501379583,0.15286271366403525
Bearing3_1,1675,0.6602286164761529,0.1552631299980586
Bearing3_1,1676,0.6606227828143476,0.17953001694408618
Bearing3_1,1677,0.6610169491525424,0.18386534716438724
Bearing3_1,1678,0.6614111154907371,0.1615746237042932
Bearing3_1,1679,0.6618052818289318,0.16607090723995
Bearing3_1,1680,0.6621994481671265,0.17841344332870093
Bearing3_1,1681,0.6625936145053213,0.1764009583625461
Bearing3_1,1682,0.662987780843516,0.18504165946183976
Bearing3_1,1683,0.6633819471817107,0.227166132111859
Bearing3_1,1684,0.6637761135199054,0.2237407607961857
Bearing3_1,1685,0.6641702798581001,0.22553066343439038
Bearing3_1,1686,0.6645644461962948,0.21871517119309342
Bearing3_1,1687,0.6649586125344895,0.22626072378603207
Bearing3_1,1688,0.6653527788726843,0.25213547823274957
Bearing3_1,1689,0.665746945210879,0.24650820782091992
Bearing3_1,1690,0.6661411115490737,0.24396873645951125
Bearing3_1,1691,0.6665352778872684,0.28188163972374103
Bearing3_1,1692,0.6669294442254632,0.29944515434389224
Bearing3_1,1693,0.6673236105636579,0.29678781194381165
Bearing3_1,1694,0.6677177769018526,0.342111489796035
Bearing3_1,1695,0.6681119432400473,0.37793294109533526
Bearing3_1,1696,0.668506109578242,0.41320733343166716
Bearing3_1,1697,0.6689002759164367,0.4335010151512068
Bearing3_1,1698,0.6692944422546314,0.4342258247920826
Bearing3_1,1699,0.6696886085928262,0.470984377786578
Bearing3_1,1700,0.6700827749310209,0.4855283231226256
Bearing3_1,1701,0.6704769412692156,0.5040379076536075
Bearing3_1,1702,0.6708711076074103,0.5066496134788949
Bearing3_1,1703,0.6712652739456051,0.5056902182962199
Bearing3_1,1704,0.6716594402837998,0.4680614500614488
Bearing3_1,1705,0.6720536066219945,0.45904373103330076
Bearing3_1,1706,0.6724477729601892,0.4617108756683108
Bearing3_1,1707,0.6728419392983839,0.48348738141686587
Bearing3_1,1708,0.6732361056365787,0.5033161815859295
Bearing3_1,1709,0.6736302719747733,0.5286130780381094
Bearing3_1,1710,0.6740244383129681,0.5282910232061021
Bearing3_1,1711,0.6744186046511628,0.507640001303511
Bearing3_1,1712,0.6748127709893575,0.5449346974107425
Bearing3_1,1713,0.6752069373275522,0.5947737573562464
Bearing3_1,1714,0.675601103665747,0.6202618354584554
Bearing3_1,1715,0.6759952700039417,0.6531972903007119
Bearing3_1,1716,0.6763894363421363,0.6607783366398321
Bearing3_1,1717,0.6767836026803311,0.6536682226583825
Bearing3_1,1718,0.6771777690185258,0.6720117852090518
Bearing3_1,1719,0.6775719353567206,0.667266786679011
Bearing3_1,1720,0.6779661016949152,0.7153985913204417
Bearing3_1,1721,0.67836026803311,0.7565665333004038
Bearing3_1,1722,0.6787544343713047,0.7513543544700478
Bearing3_1,1723,0.6791486007094995,0.7530478397212395
Bearing3_1,1724,0.6795427670476941,0.7696476281317028
Bearing3_1,1725,0.6799369333858889,0.7781658498089364
Bearing3_1,1726,0.6803310997240836,0.8115486551755898
Bearing3_1,1727,0.6807252660622782,0.8448558669417933
Bearing3_1,1728,0.681119432400473,0.8674304402683262
Bearing3_1,1729,0.6815135987386677,0.8954284288051975
Bearing3_1,1730,0.6819077650768625,0.8813211898343681
Bearing3_1,1731,0.6823019314150571,0.8647827655972895
Bearing3_1,1732,0.6826960977532519,0.860950611805848
Bearing3_1,1733,0.6830902640914466,0.8582879965585068
Bearing3_1,1734,0.6834844304296414,0.8240511024087087
Bearing3_1,1735,0.683878596767836,0.8206022247902556
Bearing3_1,1736,0.6842727631060307,0.8071402710848788
Bearing3_1,1737,0.6846669294442255,0.7909154275956422
Bearing3_1,1738,0.6850610957824201,0.7331543571033987
Bearing3_1,1739,0.6854552621206149,0.6959110312787897
Bearing3_1,1740,0.6858494284588096,0.6774744420823772
Bearing3_1,1741,0.6862435947970044,0.6838610646402163
Bearing3_1,1742,0.686637761135199,0.6861272624509255
Bearing3_1,1743,0.6870319274733938,0.6828146596126485
Bearing3_1,1744,0.6874260938115885,0.6861487151385935
Bearing3_1,1745,0.6878202601497833,0.651234115030594
Bearing3_1,1746,0.6882144264879779,0.6179411014044272
Bearing3_1,1747,0.6886085928261726,0.584508400263473
Bearing3_1,1748,0.6890027591643674,0.6027136989531227
Bearing3_1,1749,0.689396925502562,0.5686285752380469
Bearing3_1,1750,0.6897910918407568,0.5451574056639008
Bearing3_1,1751,0.6901852581789515,0.4897900215496792
Bearing3_1,1752,0.6905794245171463,0.46184336724948283
Bearing3_1,1753,0.6909735908553409,0.43522076870400983
Bearing3_1,1754,0.6913677571935357,0.44406183317188574
Bearing3_1,1755,0.6917619235317304,0.44241368643911916
Bearing3_1,1756,0.6921560898699252,0.43279566538330594
Bearing3_1,1757,0.6925502562081198,0.430635252463604
Bearing3_1,1758,0.6929444225463145,0.3962585387990768
Bearing3_1,1759,0.6933385888845093,0.40733306021361904
Bearing3_1,1760,0.693732755222704,0.4118393040349565
Bearing3_1,1761,0.6941269215608987,0.44126127047954605
Bearing3_1,1762,0.6945210878990934,0.4584972075285263
Bearing3_1,1763,0.6949152542372882,0.46118266386431755
Bearing3_1,1764,0.6953094205754828,0.4603601228107218
Bearing3_1,1765,0.6957035869136776,0.4783439679581424
Bearing3_1,1766,0.6960977532518723,0.5088308938240995
Bearing3_1,1767,0.696491919590067,0.49662672008585906
Bearing3_1,1768,0.6968860859282617,0.5430564055463695
Bearing3_1,1769,0.6972802522664564,0.5609275091416459
Bearing3_1,1770,0.6976744186046512,0.597099173059441
Bearing3_1,1771,0.6980685849428458,0.6021051628106298
Bearing3_1,1772,0.6984627512810406,0.60468415994274
Bearing3_1,1773,0.6988569176192353,0.6203325025705995
Bearing3_1,1774,0.6992510839574301,0.6346908576716389
Bearing3_1,1775,0.6996452502956247,0.6367974368814859
Bearing3_1,1776,0.7000394166338195,0.6290210013033593
Bearing3_1,1777,0.7004335829720142,0.6715175283965041
Bearing3_1,1778,0.7008277493102089,0.6411962230423761
Bearing3_1,1779,0.7012219156484036,0.6649875938488992
Bearing3_1,1780,0.7016160819865983,0.6780930653364281
Bearing3_1,1781,0.7020102483247931,0.7112153117158587
Bearing3_1,1782,0.7024044146629878,0.7215967748638209
Bearing3_1,1783,0.7027985810011825,0.7191774869876143
Bearing3_1,1784,0.7031927473393772,0.7367026361140898
Bearing3_1,1785,0.703586913677572,0.7394812965353327
Bearing3_1,1786,0.7039810800157666,0.7508040678994173
Bearing3_1,1787,0.7043752463539614,0.736160131962846
Bearing3_1,1788,0.7047694126921561,0.7812249881786324
Bearing3_1,1789,0.7051635790303508,0.7583431603575628
Bearing3_1,1790,0.7055577453685455,0.7187170388456814
Bearing3_1,1791,0.7059519117067402,0.6767114493874893
Bearing3_1,1792,0.706346078044935,0.6576514311668543
Bearing3_1,1793,0.7067402443831297,0.6576998416929547
Bearing3_1,1794,0.7071344107213244,0.6265549146447034
Bearing3_1,1795,0.7075285770595191,0.6193944426459442
Bearing3_1,1796,0.7079227433977139,0.5962371168378302
Bearing3_1,1797,0.7083169097359086,0.5914979978312551
Bearing3_1,1798,0.7087110760741032,0.5755284406748675
Bearing3_1,1799,0.709105242412298,0.5724853467596481
Bearing3_1,1800,0.7094994087504927,0.5878969883161222
Bearing3_1,1801,0.7098935750886874,0.6149191046701195
Bearing3_1,1802,0.7102877414268821,0.6292500362669406
Bearing3_1,1803,0.7106819077650769,0.6195501817713674
Bearing3_1,1804,0.7110760741032716,0.6307481426487525
Bearing3_1,1805,0.7114702404414663,0.6478513745783305
Bearing3_1,1806,0.711864406779661,0.6539999243340006
Bearing3_1,1807,0.7122585731178558,0.6721833200846054
Bearing3_1,1808,0.7126527394560505,0.6605015972521635
Bearing3_1,1809,0.7130469057942451,0.6621099480757942
Bearing3_1,1810,0.7134410721324399,0.6413440476470516
Bearing3_1,1811,0.7138352384706346,0.643291670570435
Bearing3_1,1812,0.7142294048088293,0.6478640752310925
Bearing3_1,1813,0.714623571147024,0.6499413294309616
Bearing3_1,1814,0.7150177374852188,0.6526656404452333
Bearing3_1,1815,0.7154119038234135,0.6377664349434944
Bearing3_1,1816,0.7158060701616082,0.6597035945622354
Bearing3_1,1817,0.7162002364998029,0.6701552293276339
Bearing3_1,1818,0.7165944028379977,0.6976647336202771
Bearing3_1,1819,0.7169885691761924,0.7033936595483017
Bearing3_1,1820,0.717382735514387,0.7382527527388751
Bearing3_1,1821,0.7177769018525818,0.7374983214198363
Bearing3_1,1822,0.7181710681907765,0.7302210417376174
Bearing3_1,1823,0.7185652345289713,0.7422334032818545
Bearing3_1,1824,0.7189594008671659,0.7568985326689062
Bearing3_1,1825,0.7193535672053607,0.7558035590296808
Bearing3_1,1826,0.7197477335435554,0.7555732123914458
Bearing3_1,1827,0.7201418998817501,0.7415391911722644
Bearing3_1,1828,0.7205360662199448,0.7252343243075214
Bearing3_1,1829,0.7209302325581395,0.7411970635385712
Bearing3_1,1830,0.7213243988963343,0.7235786609156662
Bearing3_1,1831,0.7217185652345289,0.7144930462914687
Bearing3_1,1832,0.7221127315727237,0.7129175985728156
Bearing3_1,1833,0.7225068979109184,0.6919941243680012
Bearing3_1,1834,0.7229010642491132,0.6706704949528005
Bearing3_1,1835,0.7232952305873078,0.6804253521712872
Bearing3_1,1836,0.7236893969255026,0.6668828194134792
Bearing3_1,1837,0.7240835632636973,0.6602078585324292
Bearing3_1,1838,0.724477729601892,0.6524742391777494
Bearing3_1,1839,0.7248718959400867,0.6300274249468669
Bearing3_1,1840,0.7252660622782814,0.6281705641406459
Bearing3_1,1841,0.7256602286164762,0.6320007281836968
Bearing3_1,1842,0.7260543949546708,0.6219981092975732
Bearing3_1,1843,0.7264485612928656,0.6402766078372613
Bearing3_1,1844,0.7268427276310603,0.6545072867726087
Bearing3_1,1845,0.7272368939692551,0.6460287121044727
Bearing3_1,1846,0.7276310603074497,0.6427709042917866
Bearing3_1,1847,0.7280252266456445,0.6316190182769252
Bearing3_1,1848,0.7284193929838392,0.636702068707354
Bearing3_1,1849,0.7288135593220338,0.6340924149993267
Bearing3_1,1850,0.7292077256602286,0.6322540098544597
Bearing3_1,1851,0.7296018919984233,0.6314275041535727
Bearing3_1,1852,0.7299960583366181,0.6480273588054303
Bearing3_1,1853,0.7303902246748127,0.6358105555944886
Bearing3_1,1854,0.7307843910130075,0.6258777384114158
Bearing3_1,1855,0.7311785573512022,0.6282617420236976
Bearing3_1,1856,0.731572723689397,0.6599464386887434
Bearing3_1,1857,0.7319668900275916,0.6726440251144568
Bearing3_1,1858,0.7323610563657864,0.6878008829336021
Bearing3_1,1859,0.7327552227039811,0.7052715326062049
Bearing3_1,1860,0.7331493890421757,0.69909821801028
Bearing3_1,1861,0.7335435553803705,0.6954294141835924
Bearing3_1,1862,0.7339377217185652,0.6790678904529315
Bearing3_1,1863,0.73433188805676,0.7033391245631364
Bearing3_1,1864,0.7347260543949546,0.7071544851299572
Bearing3_1,1865,0.7351202207331494,0.7033126403884282
Bearing3_1,1866,0.7355143870713441,0.6900153868542758
Bearing3_1,1867,0.7359085534095389,0.6953960526388128
Bearing3_1,1868,0.7363027197477335,0.6877036398085423
Bearing3_1,1869,0.7366968860859283,0.6804522823959246
Bearing3_1,1870,0.737091052424123,0.6770259759427668
Bearing3_1,1871,0.7374852187623177,0.6808686388682471
Bearing3_1,1872,0.7378793851005124,0.6852765407288104
Bearing3_1,1873,0.7382735514387071,0.6763651764129193
Bearing3_1,1874,0.7386677177769019,0.6793387028708451
Bearing3_1,1875,0.7390618841150965,0.6765138294522348
Bearing3_1,1876,0.7394560504532913,0.6737416128630282
Bearing3_1,1877,0.739850216791486,0.6614511643012009
Bearing3_1,1878,0.7402443831296808,0.6632930069955487
Bearing3_1,1879,0.7406385494678754,0.6580199463820559
Bearing3_1,1880,0.7410327158060701,0.6854624267731809
Bearing3_1,1881,0.7414268821442649,0.6890366002735723
Bearing3_1,1882,0.7418210484824596,0.7036119180035906
Bearing3_1,1883,0.7422152148206543,0.7111615519504774
Bearing3_1,1884,0.742609381158849,0.7328126872577642
Bearing3_1,1885,0.7430035474970438,0.7417032037545737
Bearing3_1,1886,0.7433977138352384,0.7397242328661456
Bearing3_1,1887,0.7437918801734332,0.7559589256432668
Bearing3_1,1888,0.7441860465116279,0.7532005587353403
Bearing3_1,1889,0.7445802128498227,0.7657937331701108
Bearing3_1,1890,0.7449743791880173,0.7618831295423869
Bearing3_1,1891,0.745368545526212,0.761244507865527
Bearing3_1,1892,0.7457627118644068,0.7702857584751124
Bearing3_1,1893,0.7461568782026015,0.7468315128834762
Bearing3_1,1894,0.7465510445407962,0.7352950863704295
Bearing3_1,1895,0.7469452108789909,0.7234761806771719
Bearing3_1,1896,0.7473393772171857,0.7052932976573075
Bearing3_1,1897,0.7477335435553804,0.71853589004594
Bearing3_1,1898,0.7481277098935751,0.7396286221668325
Bearing3_1,1899,0.7485218762317698,0.7521172179713137
Bearing3_1,1900,0.7489160425699646,0.7545434761605084
Bearing3_1,1901,0.7493102089081592,0.7437637545856493
Bearing3_1,1902,0.7497043752463539,0.722654538249696
Bearing3_1,1903,0.7500985415845487,0.7325110661457783
Bearing3_1,1904,0.7504927079227434,0.7186868674738035
Bearing3_1,1905,0.7508868742609381,0.7250111602114948
Bearing3_1,1906,0.7512810405991328,0.752415241289936
Bearing3_1,1907,0.7516752069373276,0.7357515790120298
Bearing3_1,1908,0.7520693732755223,0.7150273467611595
Bearing3_1,1909,0.752463539613717,0.7021120338648312
Bearing3_1,1910,0.7528577059519117,0.6998778499799803
Bearing3_1,1911,0.7532518722901064,0.7128072000111914
Bearing3_1,1912,0.7536460386283012,0.7209382959643206
Bearing3_1,1913,0.7540402049664958,0.7158370442310614
Bearing3_1,1914,0.7544343713046906,0.7147781690781606
Bearing3_1,1915,0.7548285376428853,0.708520336236704
Bearing3_1,1916,0.75522270398108,0.7062424391252261
Bearing3_1,1917,0.7556168703192747,0.6971507572147826
Bearing3_1,1918,0.7560110366574695,0.7033023212364977
Bearing3_1,1919,0.7564052029956642,0.6934933277399614
Bearing3_1,1920,0.7567993693338589,0.6956210865595078
Bearing3_1,1921,0.7571935356720536,0.6971863353213956
Bearing3_1,1922,0.7575877020102483,0.695328077909795
Bearing3_1,1923,0.757981868348443,0.6911674887555748
Bearing3_1,1924,0.7583760346866377,0.6904066280159847
Bearing3_1,1925,0.7587702010248325,0.6971611871583068
Bearing3_1,1926,0.7591643673630272,0.7037408430205117
Bearing3_1,1927,0.759558533701222,0.7219571030466708
Bearing3_1,1928,0.7599527000394166,0.7510216666016272
Bearing3_1,1929,0.7603468663776114,0.7724628072059445
Bearing3_1,1930,0.7607410327158061,0.784141317690971
Bearing3_1,1931,0.7611351990540007,0.7878314852298554
Bearing3_1,1932,0.7615293653921955,0.7706524492925781
Bearing3_1,1933,0.7619235317303902,0.8022635254658201
Bearing3_1,1934,0.762317698068585,0.8149188321428202
Bearing3_1,1935,0.7627118644067796,0.823245902139386
Bearing3_1,1936,0.7631060307449744,0.8224841814583949
Bearing3_1,1937,0.7635001970831691,0.8391152119548885
Bearing3_1,1938,0.7638943634213639,0.8155541224780913
Bearing3_1,1939,0.7642885297595585,0.7891142093395214
Bearing3_1,1940,0.7646826960977533,0.7770148562925778
Bearing3_1,1941,0.765076862435948,0.775249844204922
Bearing3_1,1942,0.7654710287741426,0.7838213339411453
Bearing3_1,1943,0.7658651951123374,0.7860214201421745
Bearing3_1,1944,0.7662593614505321,0.7813970976739008
Bearing3_1,1945,0.7666535277887269,0.777524861218829
Bearing3_1,1946,0.7670476941269215,0.7614834495778642
Bearing3_1,1947,0.7674418604651163,0.736889236023704
Bearing3_1,1948,0.767836026803311,0.7253776060615771
Bearing3_1,1949,0.7682301931415058,0.7435866959898669
Bearing3_1,1950,0.7686243594797004,0.7437408941367123
Bearing3_1,1951,0.7690185258178952,0.7352047439401695
Bearing3_1,1952,0.7694126921560899,0.745673671420175
Bearing3_1,1953,0.7698068584942845,0.735096099033657
Bearing3_1,1954,0.7702010248324793,0.7174175719454299
Bearing3_1,1955,0.770595191170674,0.7193151878755372
Bearing3_1,1956,0.7709893575088688,0.7302809695558403
Bearing3_1,1957,0.7713835238470634,0.7393393099471347
Bearing3_1,1958,0.7717776901852582,0.7372856934056025
Bearing3_1,1959,0.7721718565234529,0.7377944449830169
Bearing3_1,1960,0.7725660228616477,0.733529665591109
Bearing3_1,1961,0.7729601891998423,0.7548682095525437
Bearing3_1,1962,0.773354355538037,0.7539080481623042
Bearing3_1,1963,0.7737485218762318,0.7363038180239267
Bearing3_1,1964,0.7741426882144264,0.7384780998497569
Bearing3_1,1965,0.7745368545526212,0.7382409726130466
Bearing3_1,1966,0.7749310208908159,0.705662698589524
Bearing3_1,1967,0.7753251872290107,0.7094327034641384
Bearing3_1,1968,0.7757193535672053,0.7267622808504363
Bearing3_1,1969,0.7761135199054001,0.7281695154463651
Bearing3_1,1970,0.7765076862435948,0.724179984377777
Bearing3_1,1971,0.7769018525817896,0.7083503728987282
Bearing3_1,1972,0.7772960189199842,0.7055710595476125
Bearing3_1,1973,0.7776901852581789,0.7247702475043674
Bearing3_1,1974,0.7780843515963737,0.7539867189433138
Bearing3_1,1975,0.7784785179345683,0.7504667788434304
Bearing3_1,1976,0.7788726842727631,0.7700931884503073
Bearing3_1,1977,0.7792668506109578,0.757891449052201
Bearing3_1,1978,0.7796610169491526,0.7469162181639001
Bearing3_1,1979,0.7800551832873472,0.7288605543392215
Bearing3_1,1980,0.780449349625542,0.7345329745177039
Bearing3_1,1981,0.7808435159637367,0.7453129766875936
Bearing3_1,1982,0.7812376823019315,0.7565539894377913
Bearing3_1,1983,0.7816318486401261,0.7608272000362754
Bearing3_1,1984,0.7820260149783208,0.7417992938634882
Bearing3_1,1985,0.7824201813165156,0.7428168537482243
Bearing3_1,1986,0.7828143476547103,0.7350842598654861
Bearing3_1,1987,0.783208513992905,0.7402293276538814
Bearing3_1,1988,0.7836026803310997,0.7426866052276043
Bearing3_1,1989,0.7839968466692945,0.7489257257898889
Bearing3_1,1990,0.7843910130074891,0.7343195585025603
Bearing3_1,1991,0.7847851793456839,0.7159264281305731
Bearing3_1,1992,0.7851793456838786,0.7105049312179231
Bearing3_1,1993,0.7855735120220733,0.6936202064722583
Bearing3_1,1994,0.785967678360268,0.6928369509073535
Bearing3_1,1995,0.7863618446984627,0.6855789285265153
Bearing3_1,1996,0.7867560110366575,0.7109404406400784
Bearing3_1,1997,0.7871501773748522,0.7009499385701974
Bearing3_1,1998,0.7875443437130469,0.7093193605427246
Bearing3_1,1999,0.7879385100512416,0.7256196957232899
Bearing3_1,2000,0.7883326763894364,0.7389205187207439
Bearing3_1,2001,0.788726842727631,0.7492851821121906
Bearing3_1,2002,0.7891210090658258,0.749792480041372
Bearing3_1,2003,0.7895151754040205,0.7674377089606159
Bearing3_1,2004,0.7899093417422152,0.7836204482811108
Bearing3_1,2005,0.7903035080804099,0.7891260086015637
Bearing3_1,2006,0.7906976744186046,0.7658664851339034
Bearing3_1,2007,0.7910918407567994,0.7819603894514755
Bearing3_1,2008,0.7914860070949941,0.7933892199579496
Bearing3_1,2009,0.7918801734331888,0.8057842415955934
Bearing3_1,2010,0.7922743397713835,0.8293496998677732
Bearing3_1,2011,0.7926685061095783,0.8327945416624288
Bearing3_1,2012,0.793062672447773,0.8398859338665396
Bearing3_1,2013,0.7934568387859677,0.8330369873074032
Bearing3_1,2014,0.7938510051241624,0.7999760821450046
Bearing3_1,2015,0.7942451714623571,0.7993311502187328
Bearing3_1,2016,0.7946393378005518,0.812146168731384
Bearing3_1,2017,0.7950335041387465,0.7968553748638951
Bearing3_1,2018,0.7954276704769413,0.7986602422707405
Bearing3_1,2019,0.795821836815136,0.799946640926417
Bearing3_1,2020,0.7962160031533307,0.7814704244365556
Bearing3_1,2021,0.7966101694915254,0.7868863672325855
Bearing3_1,2022,0.7970043358297202,0.7842035812175518
Bearing3_1,2023,0.7973985021679149,0.7760748909013544
Bearing3_1,2024,0.7977926685061095,0.811296398786404
Bearing3_1,2025,0.7981868348443043,0.8238483273248083
Bearing3_1,2026,0.798581001182499,0.830772529418795
Bearing3_1,2027,0.7989751675206938,0.85661004139104
Bearing3_1,2028,0.7993693338588884,0.8409272770834596
Bearing3_1,2029,0.7997635001970832,0.8301438048196674
Bearing3_1,2030,0.8001576665352779,0.8358431960127521
Bearing3_1,2031,0.8005518328734726,0.8261854988664806
Bearing3_1,2032,0.8009459992116673,0.8357790329496992
Bearing3_1,2033,0.8013401655498621,0.8599980872279218
Bearing3_1,2034,0.8017343318880568,0.8598856316560821
Bearing3_1,2035,0.8021284982262514,0.8694297290694635
Bearing3_1,2036,0.8025226645644462,0.8901057577665268
Bearing3_1,2037,0.8029168309026409,0.9082291265485795
Bearing3_1,2038,0.8033109972408357,0.9289352252725157
Bearing3_1,2039,0.8037051635790303,0.9312743620554096
Bearing3_1,2040,0.8040993299172251,0.9433759732639512
Bearing3_1,2041,0.8044934962554198,0.9659501942571035
Bearing3_1,2042,0.8048876625936146,0.9665269790244178
Bearing3_1,2043,0.8052818289318092,0.9627016558908016
Bearing3_1,2044,0.8056759952700039,0.956030579333721
Bearing3_1,2045,0.8060701616081987,0.9808582482179086
Bearing3_1,2046,0.8064643279463933,0.9751032156004339
Bearing3_1,2047,0.8068584942845881,0.9522799504993825
Bearing3_1,2048,0.8072526606227828,0.9428372673141621
Bearing3_1,2049,0.8076468269609776,0.9607281054810362
Bearing3_1,2050,0.8080409932991722,0.9411967355740783
Bearing3_1,2051,0.808435159637367,0.9355613685776246
Bearing3_1,2052,0.8088293259755617,0.9312556546029599
Bearing3_1,2053,0.8092234923137565,0.9215693959921751
Bearing3_1,2054,0.8096176586519511,0.9339469822666034
Bearing3_1,2055,0.8100118249901458,0.8960020712117108
Bearing3_1,2056,0.8104059913283406,0.8831153120555302
Bearing3_1,2057,0.8108001576665352,0.8787488791868455
Bearing3_1,2058,0.81119432400473,0.8711029283454798
Bearing3_1,2059,0.8115884903429247,0.8462233368982668
Bearing3_1,2060,0.8119826566811195,0.8450432433472098
Bearing3_1,2061,0.8123768230193141,0.8241989782675798
Bearing3_1,2062,0.8127709893575089,0.8175600923850871
Bearing3_1,2063,0.8131651556957036,0.8299488541728675
Bearing3_1,2064,0.8135593220338984,0.8092542436141393
Bearing3_1,2065,0.813953488372093,0.8096368990561859
Bearing3_1,2066,0.8143476547102877,0.8074923348947177
Bearing3_1,2067,0.8147418210484825,0.8041921484019403
Bearing3_1,2068,0.8151359873866771,0.8030840034765674
Bearing3_1,2069,0.8155301537248719,0.7917808455286022
Bearing3_1,2070,0.8159243200630666,0.8077753312194375
Bearing3_1,2071,0.8163184864012614,0.8088985086532718
Bearing3_1,2072,0.816712652739456,0.8036973842953176
Bearing3_1,2073,0.8171068190776508,0.7895880176285544
Bearing3_1,2074,0.8175009854158455,0.8052357177417658
Bearing3_1,2075,0.8178951517540402,0.8078420682856555
Bearing3_1,2076,0.8182893180922349,0.801342252246824
Bearing3_1,2077,0.8186834844304296,0.8048856091680886
Bearing3_1,2078,0.8190776507686244,0.7929900494618639
Bearing3_1,2079,0.819471817106819,0.7749659812178809
Bearing3_1,2080,0.8198659834450138,0.7357555752576166
Bearing3_1,2081,0.8202601497832085,0.7362994478505904
Bearing3_1,2082,0.8206543161214033,0.7253918798870763
Bearing3_1,2083,0.8210484824595979,0.7097966066588646
Bearing3_1,2084,0.8214426487977927,0.6987781123259799
Bearing3_1,2085,0.8218368151359874,0.7035603666997122
Bearing3_1,2086,0.822230981474182,0.7087523301830226
Bearing3_1,2087,0.8226251478123768,0.7162346066814784
Bearing3_1,2088,0.8230193141505715,0.7379492171596704
Bearing3_1,2089,0.8234134804887663,0.749246313633361
Bearing3_1,2090,0.823807646826961,0.7817487947216962
Bearing3_1,2091,0.8242018131651557,0.7945985799480324
Bearing3_1,2092,0.8245959795033504,0.807194277455016
Bearing3_1,2093,0.8249901458415452,0.8196069718266932
Bearing3_1,2094,0.8253843121797398,0.8302582171289193
Bearing3_1,2095,0.8257784785179346,0.8207961499862275
Bearing3_1,2096,0.8261726448561293,0.8131861298093668
Bearing3_1,2097,0.826566811194324,0.7740663459304827
Bearing3_1,2098,0.8269609775325187,0.7684506975966182
Bearing3_1,2099,0.8273551438707134,0.7788315012866958
Bearing3_1,2100,0.8277493102089082,0.7687852060038138
Bearing3_1,2101,0.8281434765471029,0.7602309963016776
Bearing3_1,2102,0.8285376428852976,0.781069419779029
Bearing3_1,2103,0.8289318092234923,0.7854831279302968
Bearing3_1,2104,0.8293259755616871,0.7708785212417022
Bearing3_1,2105,0.8297201418998817,0.7746803351622533
Bearing3_1,2106,0.8301143082380764,0.7725393196028497
Bearing3_1,2107,0.8305084745762712,0.7924931050789265
Bearing3_1,2108,0.8309026409144659,0.7890886909896939
Bearing3_1,2109,0.8312968072526606,0.7856435013506045
Bearing3_1,2110,0.8316909735908553,0.7847915245144469
Bearing3_1,2111,0.8320851399290501,0.7801040934080584
Bearing3_1,2112,0.8324793062672448,0.7612591976175123
Bearing3_1,2113,0.8328734726054395,0.7453017015383845
Bearing3_1,2114,0.8332676389436342,0.7380198882366005
Bearing3_1,2115,0.833661805281829,0.7489489138676058
Bearing3_1,2116,0.8340559716200237,0.7483858601741409
Bearing3_1,2117,0.8344501379582183,0.7491165718951163
Bearing3_1,2118,0.8348443042964131,0.7465935946304871
Bearing3_1,2119,0.8352384706346078,0.7427427717557078
Bearing3_1,2120,0.8356326369728025,0.7389948728807697
Bearing3_1,2121,0.8360268033109972,0.7308155973578311
Bearing3_1,2122,0.836420969649192,0.7046910829900752
Bearing3_1,2123,0.8368151359873867,0.7049701724902193
Bearing3_1,2124,0.8372093023255814,0.691149259010327
Bearing3_1,2125,0.8376034686637761,0.6723811410636176
Bearing3_1,2126,0.8379976350019709,0.6627336523133323
Bearing3_1,2127,0.8383918013401656,0.6630280227218128
Bearing3_1,2128,0.8387859676783602,0.6575563911462019
Bearing3_1,2129,0.839180134016555,0.6670484313895828
Bearing3_1,2130,0.8395743003547497,0.6611842992065888
Bearing3_1,2131,0.8399684666929444,0.673376406968814
Bearing3_1,2132,0.8403626330311391,0.6802217748745276
Bearing3_1,2133,0.8407567993693339,0.6935946530256601
Bearing3_1,2134,0.8411509657075286,0.7066504100423997
Bearing3_1,2135,0.8415451320457233,0.713481201890896
Bearing3_1,2136,0.841939298383918,0.7286546885366396
Bearing3_1,2137,0.8423334647221127,0.7399249150340687
Bearing3_1,2138,0.8427276310603075,0.7660601250613758
Bearing3_1,2139,0.8431217973985021,0.7747704431646343
Bearing3_1,2140,0.8435159637366969,0.7784291499121782
Bearing3_1,2141,0.8439101300748916,0.7891334681844613
Bearing3_1,2142,0.8443042964130864,0.8270672296809257
Bearing3_1,2143,0.844698462751281,0.8287156038094361
Bearing3_1,2144,0.8450926290894758,0.8516570408768835
Bearing3_1,2145,0.8454867954276705,0.8358615601467516
Bearing3_1,2146,0.8458809617658652,0.838213669398098
Bearing3_1,2147,0.8462751281040599,0.8345490298210254
Bearing3_1,2148,0.8466692944422546,0.8207580061780153
Bearing3_1,2149,0.8470634607804494,0.8141798232041081
Bearing3_1,2150,0.847457627118644,0.83701588363837
Bearing3_1,2151,0.8478517934568388,0.8256460343908893
Bearing3_1,2152,0.8482459597950335,0.8104935804844942
Bearing3_1,2153,0.8486401261332283,0.8080177608737525
Bearing3_1,2154,0.8490342924714229,0.8075759474247833
Bearing3_1,2155,0.8494284588096177,0.8163771392207317
Bearing3_1,2156,0.8498226251478124,0.8013418348873629
Bearing3_1,2157,0.850216791486007,0.8044127557548887
Bearing3_1,2158,0.8506109578242018,0.7935866752126783
Bearing3_1,2159,0.8510051241623965,0.8000854000796798
Bearing3_1,2160,0.8513992905005913,0.7767447929220685
Bearing3_1,2161,0.8517934568387859,0.7896304518656335
Bearing3_1,2162,0.8521876231769807,0.7829931576600903
Bearing3_1,2163,0.8525817895151754,0.7927123307584438
Bearing3_1,2164,0.8529759558533702,0.790459369863882
Bearing3_1,2165,0.8533701221915648,0.8208969331663063
Bearing3_1,2166,0.8537642885297596,0.8487579287307458
Bearing3_1,2167,0.8541584548679543,0.856857369245376
Bearing3_1,2168,0.8545526212061489,0.874360705630114
Bearing3_1,2169,0.8549467875443437,0.8869144164409223
Bearing3_1,2170,0.8553409538825384,0.9177166197080414
Bearing3_1,2171,0.8557351202207332,0.9255993285860548
Bearing3_1,2172,0.8561292865589278,0.9349688721240037
Bearing3_1,2173,0.8565234528971226,0.9383654844960068
Bearing3_1,2174,0.8569176192353173,0.940345458310387
Bearing3_1,2175,0.8573117855735121,0.9162097423986213
Bearing3_1,2176,0.8577059519117067,0.9183043544925884
Bearing3_1,2177,0.8581001182499015,0.9181121816908874
Bearing3_1,2178,0.8584942845880962,0.9167963913112784
Bearing3_1,2179,0.8588884509262908,0.9142212010140467
Bearing3_1,2180,0.8592826172644856,0.9051182622641567
Bearing3_1,2181,0.8596767836026803,0.9067228231774536
Bearing3_1,2182,0.8600709499408751,0.9087591157684958
Bearing3_1,2183,0.8604651162790697,0.9165190626575488
Bearing3_1,2184,0.8608592826172645,0.9146147840653539
Bearing3_1,2185,0.8612534489554592,0.9380870859919718
Bearing3_1,2186,0.861647615293654,0.9390248318032521
Bearing3_1,2187,0.8620417816318486,0.9440693827154745
Bearing3_1,2188,0.8624359479700433,0.9392440398542602
Bearing3_1,2189,0.8628301143082381,0.9453479303026843
Bearing3_1,2190,0.8632242806464328,0.9367851766085715
Bearing3_1,2191,0.8636184469846275,0.923029801338146
Bearing3_1,2192,0.8640126133228222,0.9160278651060567
Bearing3_1,2193,0.864406779661017,0.900010404648345
Bearing3_1,2194,0.8648009459992116,0.904369344216477
Bearing3_1,2195,0.8651951123374064,0.8951049648689269
Bearing3_1,2196,0.8655892786756011,0.8778282102885037
Bearing3_1,2197,0.8659834450137959,0.8743257845371021
Bearing3_1,2198,0.8663776113519905,0.8738178783927559
Bearing3_1,2199,0.8667717776901852,0.8566277892928447
Bearing3_1,2200,0.86716594402838,0.8664419082721107
Bearing3_1,2201,0.8675601103665747,0.8568797039335884
Bearing3_1,2202,0.8679542767047694,0.8662236924476648
Bearing3_1,2203,0.8683484430429641,0.8781336275731093
Bearing3_1,2204,0.8687426093811589,0.8703144183267529
Bearing3_1,2205,0.8691367757193535,0.8698339609566859
Bearing3_1,2206,0.8695309420575483,0.8764482066844976
Bearing3_1,2207,0.869925108395743,0.8900791612984733
Bearing3_1,2208,0.8703192747339378,0.8937861402279086
Bearing3_1,2209,0.8707134410721324,0.9109065118458991
Bearing3_1,2210,0.8711076074103271,0.9131336487425659
Bearing3_1,2211,0.8715017737485219,0.912884976533119
Bearing3_1,2212,0.8718959400867166,0.9050077273151512
Bearing3_1,2213,0.8722901064249113,0.8932498008438381
Bearing3_1,2214,0.872684272763106,0.9086454202545766
Bearing3_1,2215,0.8730784391013008,0.8935781321988401
Bearing3_1,2216,0.8734726054394955,0.8787539605065771
Bearing3_1,2217,0.8738667717776902,0.8593297071544479
Bearing3_1,2218,0.8742609381158849,0.844685043704635
Bearing3_1,2219,0.8746551044540796,0.8105054598993622
Bearing3_1,2220,0.8750492707922743,0.7880146158009051
Bearing3_1,2221,0.875443437130469,0.7927047565779991
Bearing3_1,2222,0.8758376034686638,0.7837696614779615
Bearing3_1,2223,0.8762317698068585,0.7799398882619241
Bearing3_1,2224,0.8766259361450532,0.7513409498512016
Bearing3_1,2225,0.8770201024832479,0.7448927986241496
Bearing3_1,2226,0.8774142688214427,0.7476189282590237
Bearing3_1,2227,0.8778084351596374,0.7368500517768226
Bearing3_1,2228,0.8782026014978321,0.7185681104092467
Bearing3_1,2229,0.8785967678360268,0.7301229958398043
Bearing3_1,2230,0.8789909341742215,0.742008771380456
Bearing3_1,2231,0.8793851005124163,0.7359187164582395
Bearing3_1,2232,0.8797792668506109,0.7262296129888186
Bearing3_1,2233,0.8801734331888057,0.7196548624407889
Bearing3_1,2234,0.8805675995270004,0.725543020616922
Bearing3_1,2235,0.8809617658651951,0.7296083279381074
Bearing3_1,2236,0.8813559322033898,0.7300445740700162
Bearing3_1,2237,0.8817500985415846,0.7184216274407103
Bearing3_1,2238,0.8821442648797793,0.7310071470816254
Bearing3_1,2239,0.882538431217974,0.7268165201761517
Bearing3_1,2240,0.8829325975561687,0.7325195180781647
Bearing3_1,2241,0.8833267638943634,0.7488680193708512
Bearing3_1,2242,0.8837209302325582,0.7584950034197894
Bearing3_1,2243,0.8841150965707528,0.7581912426052975
Bearing3_1,2244,0.8845092629089476,0.764410446055249
Bearing3_1,2245,0.8849034292471423,0.7744712277076811
Bearing3_1,2246,0.885297595585337,0.7820885462621712
Bearing3_1,2247,0.8856917619235317,0.8082354878411391
Bearing3_1,2248,0.8860859282617265,0.8127876257893281
Bearing3_1,2249,0.8864800945999212,0.8148173186754508
Bearing3_1,2250,0.8868742609381158,0.7992172354617428
Bearing3_1,2251,0.8872684272763106,0.7812639930422494
Bearing3_1,2252,0.8876625936145053,0.7748609513892112
Bearing3_1,2253,0.8880567599527001,0.7707514521513688
Bearing3_1,2254,0.8884509262908947,0.7579434113892249
Bearing3_1,2255,0.8888450926290895,0.7565162681681445
Bearing3_1,2256,0.8892392589672842,0.755191076139596
Bearing3_1,2257,0.889633425305479,0.7534934729981632
Bearing3_1,2258,0.8900275916436736,0.7703101119583484
Bearing3_1,2259,0.8904217579818684,0.7663452687504586
Bearing3_1,2260,0.8908159243200631,0.7810925713183456
Bearing3_1,2261,0.8912100906582577,0.7901831793039789
Bearing3_1,2262,0.8916042569964525,0.7953204694017488
Bearing3_1,2263,0.8919984233346472,0.7989477842074165
Bearing3_1,2264,0.892392589672842,0.8120773085207409
Bearing3_1,2265,0.8927867560110366,0.8100407783195596
Bearing3_1,2266,0.8931809223492314,0.802803587489848
Bearing3_1,2267,0.8935750886874261,0.7735777705256162
Bearing3_1,2268,0.8939692550256209,0.7547985381210913
Bearing3_1,2269,0.8943634213638155,0.7454058318855169
Bearing3_1,2270,0.8947575877020102,0.7115486894198703
Bearing3_1,2271,0.895151754040205,0.6710902339049786
Bearing3_1,2272,0.8955459203783996,0.6608311170485143
Bearing3_1,2273,0.8959400867165944,0.6522637931604872
Bearing3_1,2274,0.8963342530547891,0.6406946698638223
Bearing3_1,2275,0.8967284193929839,0.6197722143731089
Bearing3_1,2276,0.8971225857311785,0.6158604583938484
Bearing3_1,2277,0.8975167520693733,0.6026489346491374
Bearing3_1,2278,0.897910918407568,0.5941862580518461
Bearing3_1,2279,0.8983050847457628,0.5998194916305662
Bearing3_1,2280,0.8986992510839574,0.6146389038457638
Bearing3_1,2281,0.8990934174221521,0.6550135749744422
Bearing3_1,2282,0.8994875837603469,0.6670240555998032
Bearing3_1,2283,0.8998817500985415,0.6816103474852586
Bearing3_1,2284,0.9002759164367363,0.6908791605151031
Bearing3_1,2285,0.900670082774931,0.7012097111574971
Bearing3_1,2286,0.9010642491131258,0.7207613550794643
Bearing3_1,2287,0.9014584154513204,0.7639864182419553
Bearing3_1,2288,0.9018525817895152,0.7805702293732458
Bearing3_1,2289,0.9022467481277099,0.798302561111637
Bearing3_1,2290,0.9026409144659047,0.8098568269082559
Bearing3_1,2291,0.9030350808040993,0.8119316361025002
Bearing3_1,2292,0.903429247142294,0.8085321254041145
Bearing3_1,2293,0.9038234134804888,0.8234276319467462
Bearing3_1,2294,0.9042175798186834,0.821351454522933
Bearing3_1,2295,0.9046117461568782,0.8414670610133509
Bearing3_1,2296,0.9050059124950729,0.8244357054042609
Bearing3_1,2297,0.9054000788332677,0.8180725966891108
Bearing3_1,2298,0.9057942451714623,0.8191383188746771
Bearing3_1,2299,0.9061884115096571,0.8078504970878815
Bearing3_1,2300,0.9065825778478518,0.8178443970873331
Bearing3_1,2301,0.9069767441860465,0.8276815187451694
Bearing3_1,2302,0.9073709105242412,0.8491658988408366
Bearing3_1,2303,0.9077650768624359,0.8447952358370493
Bearing3_1,2304,0.9081592432006307,0.8534720568394405
Bearing3_1,2305,0.9085534095388254,0.8496136215382071
Bearing3_1,2306,0.9089475758770201,0.8766696203684031
Bearing3_1,2307,0.9093417422152148,0.8689853947314783
Bearing3_1,2308,0.9097359085534096,0.8741626956499162
Bearing3_1,2309,0.9101300748916042,0.8769809505706231
Bearing3_1,2310,0.910524241229799,0.8565946843446888
Bearing3_1,2311,0.9109184075679937,0.861146286900025
Bearing3_1,2312,0.9113125739061884,0.8455637844978083
Bearing3_1,2313,0.9117067402443831,0.8393598098606472
Bearing3_1,2314,0.9121009065825778,0.8503032140439852
Bearing3_1,2315,0.9124950729207726,0.8305918479069174
Bearing3_1,2316,0.9128892392589673,0.8094222518890289
Bearing3_1,2317,0.913283405597162,0.810435360789478
Bearing3_1,2318,0.9136775719353567,0.8029263465964641
Bearing3_1,2319,0.9140717382735515,0.8054183231257314
Bearing3_1,2320,0.9144659046117461,0.8081944447646586
Bearing3_1,2321,0.9148600709499409,0.7881256702528721
Bearing3_1,2322,0.9152542372881356,0.7862976518566314
Bearing3_1,2323,0.9156484036263303,0.7859664002655368
Bearing3_1,2324,0.916042569964525,0.7665504088517201
Bearing3_1,2325,0.9164367363027197,0.7722100653953078
Bearing3_1,2326,0.9168309026409145,0.7676074112810487
Bearing3_1,2327,0.9172250689791092,0.7613332515031651
Bearing3_1,2328,0.9176192353173039,0.7656011781802097
Bearing3_1,2329,0.9180134016554986,0.743862553353827
Bearing3_1,2330,0.9184075679936934,0.7441187030054542
Bearing3_1,2331,0.918801734331888,0.745177893239818
Bearing3_1,2332,0.9191959006700827,0.7425729030524515
Bearing3_1,2333,0.9195900670082775,0.7275107377382827
Bearing3_1,2334,0.9199842333464722,0.7126168115917219
Bearing3_1,2335,0.920378399684667,0.7421175444912109
Bearing3_1,2336,0.9207725660228616,0.7829662858001168
Bearing3_1,2337,0.9211667323610564,0.8606365444446438
Bearing3_1,2338,0.9215608986992511,0.9145288236851441
Bearing3_1,2339,0.9219550650374458,0.980156894481502
Bearing3_1,2340,0.9223492313756405,1.0611375511620083
Bearing3_1,2341,0.9227433977138353,1.143325384706123
Bearing3_1,2342,0.92313756405203,1.2238407099313904
Bearing3_1,2343,0.9235317303902246,1.336172633594568
Bearing3_1,2344,0.9239258967284194,1.452924646181783
Bearing3_1,2345,0.9243200630666141,1.515210489235863
Bearing3_1,2346,0.9247142294048089,1.5978360081440734
Bearing3_1,2347,0.9251083957430035,1.6321731152967616
Bearing3_1,2348,0.9255025620811983,1.7081670013958885
Bearing3_1,2349,0.925896728419393,1.779995632222602
Bearing3_1,2350,0.9262908947575877,1.8011172083381577
Bearing3_1,2351,0.9266850610957824,1.8485680803348852
Bearing3_1,2352,0.9270792274339772,1.9045617584576164
Bearing3_1,2353,0.9274733937721719,1.948845777599874
Bearing3_1,2354,0.9278675601103665,1.9613084033472397
Bearing3_1,2355,0.9282617264485613,1.9899838645305823
Bearing3_1,2356,0.928655892786756,2.0138890015108393
Bearing3_1,2357,0.9290500591249508,2.053161434587527
Bearing3_1,2358,0.9294442254631454,2.0587789154168936
Bearing3_1,2359,0.9298383918013402,2.0853383113775603
Bearing3_1,2360,0.9302325581395349,2.1129876005639083
Bearing3_1,2361,0.9306267244777296,2.140048975378595
Bearing3_1,2362,0.9310208908159243,2.154188003394009
Bearing3_1,2363,0.931415057154119,2.1657439595161225
Bearing3_1,2364,0.9318092234923138,2.205124642845297
Bearing3_1,2365,0.9322033898305084,2.23704286886552
Bearing3_1,2366,0.9325975561687032,2.2447528341106606
Bearing3_1,2367,0.9329917225068979,2.253100554551041
Bearing3_1,2368,0.9333858888450927,2.231081932347242
Bearing3_1,2369,0.9337800551832873,2.23153029792057
Bearing3_1,2370,0.9341742215214821,2.2512720238388786
Bearing3_1,2371,0.9345683878596768,2.256681323457556
Bearing3_1,2372,0.9349625541978716,2.255324804989206
Bearing3_1,2373,0.9353567205360662,2.2445784140515403
Bearing3_1,2374,0.9357508868742609,2.2691533709943945
Bearing3_1,2375,0.9361450532124557,2.3020261888436275
Bearing3_1,2376,0.9365392195506503,2.3219346819907183
Bearing3_1,2377,0.9369333858888451,2.337340555524328
Bearing3_1,2378,0.9373275522270398,2.3943301606051564
Bearing3_1,2379,0.9377217185652346,2.4397262756650204
Bearing3_1,2380,0.9381158849034292,2.4860191806584324
Bearing3_1,2381,0.938510051241624,2.530868165404584
Bearing3_1,2382,0.9389042175798187,2.5882402552569017
Bearing3_1,2383,0.9392983839180133,2.6559718032665613
Bearing3_1,2384,0.9396925502562081,2.6917010173951956
Bearing3_1,2385,0.9400867165944028,2.7247401435315304
Bearing3_1,2386,0.9404808829325976,2.7769308678976428
Bearing3_1,2387,0.9408750492707922,2.8310772237895505
Bearing3_1,2388,0.941269215608987,2.8830750888026353
Bearing3_1,2389,0.9416633819471817,2.902220758359831
Bearing3_1,2390,0.9420575482853765,2.940847753559453
Bearing3_1,2391,0.9424517146235711,2.9778133786305303
Bearing3_1,2392,0.9428458809617659,3.020675871136605
Bearing3_1,2393,0.9432400472999606,3.073025383710198
Bearing3_1,2394,0.9436342136381553,3.09871045645875
Bearing3_1,2395,0.94402837997635,3.138811648326602
Bearing3_1,2396,0.9444225463145447,3.1762820665887768
Bearing3_1,2397,0.9448167126527395,3.2071183725817343
Bearing3_1,2398,0.9452108789909341,3.3160070808438418
Bearing3_1,2399,0.9456050453291289,3.3495402871896687
Bearing3_1,2400,0.9459992116673236,3.3756561832681484
Bearing3_1,2401,0.9463933780055184,3.3846783273973378
Bearing3_1,2402,0.946787544343713,3.405135720606183
Bearing3_1,2403,0.9471817106819078,3.396993958673812
Bearing3_1,2404,0.9475758770201025,3.4216693839779913
Bearing3_1,2405,0.9479700433582972,3.4255908426347097
Bearing3_1,2406,0.9483642096964919,3.4173863423413104
Bearing3_1,2407,0.9487583760346866,3.4560150678680985
Bearing3_1,2408,0.9491525423728814,3.428426978431589
Bearing3_1,2409,0.949546708711076,3.4646340186635554
Bearing3_1,2410,0.9499408750492708,3.512423767304239
Bearing3_1,2411,0.9503350413874655,3.550957657395184
Bearing3_1,2412,0.9507292077256603,3.5745939123157457
Bearing3_1,2413,0.9511233740638549,3.618940233974559
Bearing3_1,2414,0.9515175404020496,3.6519326167568025
Bearing3_1,2415,0.9519117067402444,3.7271079839043724
Bearing3_1,2416,0.9523058730784391,3.796727644729418
Bearing3_1,2417,0.9527000394166338,3.8356926547716412
Bearing3_1,2418,0.9530942057548285,3.871893067514222
Bearing3_1,2419,0.9534883720930233,3.946323138321577
Bearing3_1,2420,0.953882538431218,3.981624965402193
Bearing3_1,2421,0.9542767047694127,4.026609165479741
Bearing3_1,2422,0.9546708711076074,4.100178002412524
Bearing3_1,2423,0.9550650374458022,4.1900431772991364
Bearing3_1,2424,0.9554592037839968,4.326542811597869
Bearing3_1,2425,0.9558533701221915,4.417970299107023
Bearing3_1,2426,0.9562475364603863,4.516719922045798
Bearing3_1,2427,0.956641702798581,4.592821296744331
Bearing3_1,2428,0.9570358691367757,4.689889333058252
Bearing3_1,2429,0.9574300354749704,4.782654689891069
Bearing3_1,2430,0.9578242018131652,4.876235042301676
Bearing3_1,2431,0.9582183681513599,5.016861375314006
Bearing3_1,2432,0.9586125344895546,5.136984274989676
Bearing3_1,2433,0.9590067008277493,5.233672361242017
Bearing3_1,2434,0.9594008671659441,5.265207780860515
Bearing3_1,2435,0.9597950335041388,5.319060151212095
Bearing3_1,2436,0.9601891998423334,5.335866887866811
Bearing3_1,2437,0.9605833661805282,5.360570196457533
Bearing3_1,2438,0.9609775325187229,5.36483916528138
Bearing3_1,2439,0.9613716988569176,5.411160670519957
Bearing3_1,2440,0.9617658651951123,5.436562012689114
Bearing3_1,2441,0.9621600315333071,5.425565563634951
Bearing3_1,2442,0.9625541978715018,5.4479146663018385
Bearing3_1,2443,0.9629483642096965,5.478790402505272
Bearing3_1,2444,0.9633425305478912,5.530510260729379
Bearing3_1,2445,0.9637366968860859,5.5718088557465935
Bearing3_1,2446,0.9641308632242807,5.675858218182363
Bearing3_1,2447,0.9645250295624753,5.756306837599849
Bearing3_1,2448,0.9649191959006701,5.819054304799929
Bearing3_1,2449,0.9653133622388648,5.850357437649978
Bearing3_1,2450,0.9657075285770595,5.909231527523594
Bearing3_1,2451,0.9661016949152542,6.018758079834471
Bearing3_1,2452,0.966495861253449,6.070859880645466
Bearing3_1,2453,0.9668900275916437,6.139285880413491
Bearing3_1,2454,0.9672841939298384,6.209919359532489
Bearing3_1,2455,0.9676783602680331,6.307543366431773
Bearing3_1,2456,0.9680725266062278,6.404773863465472
Bearing3_1,2457,0.9684666929444226,6.506996028657165
Bearing3_1,2458,0.9688608592826172,6.672270649492921
Bearing3_1,2459,0.969255025620812,6.786464310733524
Bearing3_1,2460,0.9696491919590067,6.918809624190068
Bearing3_1,2461,0.9700433582972015,7.022369022546046
Bearing3_1,2462,0.9704375246353961,7.159283777165574
Bearing3_1,2463,0.9708316909735909,7.346999168864649
Bearing3_1,2464,0.9712258573117856,7.724272691778102
Bearing3_1,2465,0.9716200236499803,8.103535678797275
Bearing3_1,2466,0.972014189988175,8.437796702212541
Bearing3_1,2467,0.9724083563263697,8.820565630146916
Bearing3_1,2468,0.9728025226645645,9.15428085232131
Bearing3_1,2469,0.9731966890027591,9.520100859919435
Bearing3_1,2470,0.9735908553409539,9.894455745896618
Bearing3_1,2471,0.9739850216791486,10.24092198348865
Bearing3_1,2472,0.9743791880173434,10.582166590092335
Bearing3_1,2473,0.974773354355538,10.83042859999713
Bearing3_1,2474,0.9751675206937328,10.92188846844984
Bearing3_1,2475,0.9755616870319275,10.960054955805553
Bearing3_1,2476,0.9759558533701221,11.052894385324631
Bearing3_1,2477,0.9763500197083169,11.11752806781218
Bearing3_1,2478,0.9767441860465116,11.194673028793332
Bearing3_1,2479,0.9771383523847064,11.282344608714553
Bearing3_1,2480,0.977532518722901,11.299437903268267
Bearing3_1,2481,0.9779266850610958,11.368619025168925
Bearing3_1,2482,0.9783208513992905,11.455278006643763
Bearing3_1,2483,0.9787150177374853,11.563102943963258
Bearing3_1,2484,0.9791091840756799,11.67924535108954
Bearing3_1,2485,0.9795033504138747,11.851259155439381
Bearing3_1,2486,0.9798975167520694,11.982399344750188
Bearing3_1,2487,0.980291683090264,12.106229923376901
Bearing3_1,2488,0.9806858494284588,12.217957214509214
Bearing3_1,2489,0.9810800157666535,12.339017345660617
Bearing3_1,2490,0.9814741821048483,12.503134291844876
Bearing3_1,2491,0.9818683484430429,12.613820148600045
Bearing3_1,2492,0.9822625147812377,12.701304487322702
Bearing3_1,2493,0.9826566811194324,12.880823587850884
Bearing3_1,2494,0.9830508474576272,12.974350551119468
Bearing3_1,2495,0.9834450137958218,13.018905561891483
Bearing3_1,2496,0.9838391801340165,13.065025002529207
Bearing3_1,2497,0.9842333464722113,13.132306043555204
Bearing3_1,2498,0.984627512810406,13.189095303458718
Bearing3_1,2499,0.9850216791486007,13.229257124409253
Bearing3_1,2500,0.9854158454867954,13.281782261153944
Bearing3_1,2501,0.9858100118249902,13.34069359538357
Bearing3_1,2502,0.9862041781631848,13.487873614436955
Bearing3_1,2503,0.9865983445013796,13.561248321180528
Bearing3_1,2504,0.9869925108395743,13.667523448165394
Bearing3_1,2505,0.9873866771777691,13.816549160723685
Bearing3_1,2506,0.9877808435159637,13.965585288268178
Bearing3_1,2507,0.9881750098541584,14.149906087594863
Bearing3_1,2508,0.9885691761923532,14.294498529278169
Bearing3_1,2509,0.9889633425305479,14.418525282222362
Bearing3_1,2510,0.9893575088687426,14.558608896033743
Bearing3_1,2511,0.9897516752069373,14.701819618517742
Bearing3_1,2512,0.9901458415451321,14.768195411916839
Bearing3_1,2513,0.9905400078833267,14.823943946417193
Bearing3_1,2514,0.9909341742215215,14.906742072141089
Bearing3_1,2515,0.9913283405597162,14.94183097544968
Bearing3_1,2516,0.991722506897911,15.006195641912445
Bearing3_1,2517,0.9921166732361056,14.977144577940157
Bearing3_1,2518,0.9925108395743003,15.110449603732638
Bearing3_1,2519,0.9929050059124951,15.252878171289726
Bearing3_1,2520,0.9932991722506898,15.355250184639624
Bearing3_1,2521,0.9936933385888845,15.4631573255654
Bearing3_1,2522,0.9940875049270792,15.597443535458202
Bearing3_1,2523,0.994481671265274,15.80585204082488
Bearing3_1,2524,0.9948758376034686,16.142269254390662
Bearing3_1,2525,0.9952700039416634,16.532836665180913
Bearing3_1,2526,0.9956641702798581,16.70045791608907
Bearing3_1,2527,0.9960583366180528,16.696440273063402
Bearing3_1,2528,0.9964525029562475,16.84113453820413
Bearing3_1,2529,0.9968466692944422,16.975486849419873
Bearing3_1,2530,0.997240835632637,17.16916644088055
Bearing3_1,2531,0.9976350019708317,17.46279303938584
Bearing3_1,2532,0.9980291683090264,17.69471714669394
Bearing3_1,2533,0.9984233346472211,17.88059027455829
Bearing3_1,2534,0.9988175009854159,17.942897710746827
Bearing3_1,2535,0.9992116673236106,17.883363963523802
Bearing3_1,2536,0.9996058336618053,18.212730450214558
Bearing3_1,2537,1.0,18.66241327205295
Bearing3_2,0,0.0,
Bearing3_2,1,0.0004008016032064128,
Bearing3_2,2,0.0008016032064128256,
Bearing3_2,3,0.0012024048096192384,
Bearing3_2,4,0.0016032064128256513,
Bearing3_2,5,0.002004008016032064,
Bearing3_2,6,0.002404809619238477,
Bearing3_2,7,0.0028056112224448897,
Bearing3_2,8,0.0032064128256513026,
Bearing3_2,9,0.0036072144288577155,
Bearing3_2,10,0.004008016032064128,
Bearing3_2,11,0.004408817635270541,
Bearing3_2,12,0.004809619238476954,
Bearing3_2,13,0.0052104208416833666,
Bearing3_2,14,0.0056112224448897794,
Bearing3_2,15,0.006012024048096192,2.6039127031365794
Bearing3_2,16,0.006412825651302605,1.5047008300185947
Bearing3_2,17,0.006813627254509018,1.7915673284999851
Bearing3_2,18,0.007214428857715431,1.2312070488836817
Bearing3_2,19,0.007615230460921844,1.0526975233329112
Bearing3_2,20,0.008016032064128256,1.0611616104975912
Bearing3_2,21,0.008416833667334669,1.1328539351369689
Bearing3_2,22,0.008817635270541082,1.357368890769801
Bearing3_2,23,0.009218436873747494,1.3692481197622248
Bearing3_2,24,0.009619238476953907,1.6029724608751597
Bearing3_2,25,0.01002004008016032,1.4334230586577088
Bearing3_2,26,0.010420841683366733,1.5962633393532362
Bearing3_2,27,0.010821643286573146,1.5872426377849542
Bearing3_2,28,0.011222444889779559,1.893202274996371
Bearing3_2,29,0.011623246492985972,2.09695970609971
Bearing3_2,30,0.012024048096192385,2.221640468369489
Bearing3_2,31,0.012424849699398798,2.3139489728062896
Bearing3_2,32,0.01282565130260521,2.476400794770844
Bearing3_2,33,0.013226452905811623,2.9068164712736766
Bearing3_2,34,0.013627254509018036,2.952802203029178
Bearing3_2,35,0.014028056112224449,3.265859350155929
Bearing3_2,36,0.014428857715430862,3.254813601295915
Bearing3_2,37,0.014829659318637275,3.3065533993328615
Bearing3_2,38,0.015230460921843688,3.3329067330850806
Bearing3_2,39,0.0156312625250501,3.366413829772765
Bearing3_2,40,0.01603206412825651,3.4784258553169467
Bearing3_2,41,0.016432865731462926,3.5268254823162613
Bearing3_2,42,0.016833667334669337,3.5699205689833065
Bearing3_2,43,0.017234468937875752,3.266124673751981
Bearing3_2,44,0.017635270541082163,3.151988289699236
Bearing3_2,45,0.018036072144288578,3.0550658933137282
Bearing3_2,46,0.01843687374749499,3.2342413181608536
Bearing3_2,47,0.018837675350701404,3.3291072313979604
Bearing3_2,48,0.019238476953907815,3.3901167589821704
Bearing3_2,49,0.01963927855711423,3.5513397965097218
Bearing3_2,50,0.02004008016032064,3.71149126352005
Bearing3_2,51,0.020440881763527055,4.10397333501268
Bearing3_2,52,0.020841683366733466,4.220604039846341
Bearing3_2,53,0.02124248496993988,4.693133263697134
Bearing3_2,54,0.021643286573146292,5.0614791570702495
Bearing3_2,55,0.022044088176352707,5.226937068230454
Bearing3_2,56,0.022444889779559118,5.328841406333362
Bearing3_2,57,0.022845691382765532,5.6993718816204675
Bearing3_2,58,0.023246492985971944,5.881231473711166
Bearing3_2,59,0.023647294589178358,6.332303414024353
Bearing3_2,60,0.02404809619238477,6.485407646325517
Bearing3_2,61,0.024448897795591184,6.2363094704079485
Bearing3_2,62,0.024849699398797595,6.426234240269513
Bearing3_2,63,0.02525050100200401,6.273545916315607
Bearing3_2,64,0.02565130260521042,6.292821066667161
Bearing3_2,65,0.026052104208416832,6.827175069783212
Bearing3_2,66,0.026452905811623247,6.877064343343581
Bearing3_2,67,0.026853707414829658,6.561642178529593
Bearing3_2,68,0.027254509018036072,6.763885504626032
Bearing3_2,69,0.027655310621242483,6.673857301846089
Bearing3_2,70,0.028056112224448898,6.748128629245281
Bearing3_2,71,0.02845691382765531,7.148316694171017
Bearing3_2,72,0.028857715430861724,7.069895108926817
Bearing3_2,73,0.029258517034068135,7.469429319966421
Bearing3_2,74,0.02965931863727455,7.483618289229061
Bearing3_2,75,0.03006012024048096,7.483101458380536
Bearing3_2,76,0.030460921843687375,7.935845644857705
Bearing3_2,77,0.030861723446893786,8.275882051615389
Bearing3_2,78,0.0312625250501002,8.31557712211519
Bearing3_2,79,0.031663326653306616,8.374510343435567
Bearing3_2,80,0.03206412825651302,8.330083358272097
Bearing3_2,81,0.03246492985971944,8.463373076638385
Bearing3_2,82,0.03286573146292585,8.600305823687023
Bearing3_2,83,0.03326653306613227,8.790072323339851
Bearing3_2,84,0.033667334669338675,9.126828412235517
Bearing3_2,85,0.03406813627254509,9.420689633612179
Bearing3_2,86,0.034468937875751504,9.525763242469251
Bearing3_2,87,0.03486973947895792,9.898307793923781
Bearing3_2,88,0.035270541082164326,10.269777980447387
Bearing3_2,89,0.03567134268537074,10.424727848033523
Bearing3_2,90,0.036072144288577156,10.693811604670426
Bearing3_2,91,0.03647294589178357,10.635567962516797
Bearing3_2,92,0.03687374749498998,10.545693818214062
Bearing3_2,93,0.03727454909819639,10.212459812737219
Bearing3_2,94,0.03767535070140281,10.022974292853386
Bearing3_2,95,0.03807615230460922,9.457615761879937
Bearing3_2,96,0.03847695390781563,9.124065379498761
Bearing3_2,97,0.038877755511022044,8.831491562904729
Bearing3_2,98,0.03927855711422846,8.246768193954336
Bearing3_2,99,0.039679358717434866,7.6702298199254315
Bearing3_2,100,0.04008016032064128,7.244484281733141
Bearing3_2,101,0.040480961923847696,6.952847909449649
Bearing3_2,102,0.04088176352705411,6.60278246272762
Bearing3_2,103,0.04128256513026052,6.254062853844978
Bearing3_2,104,0.04168336673346693,5.765732116871124
Bearing3_2,105,0.04208416833667335,5.66834997217534
Bearing3_2,106,0.04248496993987976,5.492318663364847
Bearing3_2,107,0.04288577154308617,5.128518552865638
Bearing3_2,108,0.043286573146292584,5.193444252993782
Bearing3_2,109,0.043687374749499,5.317180278172254
Bearing3_2,110,0.04408817635270541,5.210158371541971
Bearing3_2,111,0.04448897795591182,5.197920254384064
Bearing3_2,112,0.044889779559118236,5.3835321622133865
Bearing3_2,113,0.04529058116232465,5.4409518865178885
Bearing3_2,114,0.045691382765531065,5.957206111897021
Bearing3_2,115,0.04609218436873747,6.350187597106127
Bearing3_2,116,0.04649298597194389,6.661896054499275
Bearing3_2,117,0.0468937875751503,6.773569771195392
Bearing3_2,118,0.047294589178356716,6.96743160412098
Bearing3_2,119,0.047695390781563124,7.232740314035344
Bearing3_2,120,0.04809619238476954,7.530000017242007
Bearing3_2,121,0.04849699398797595,7.36235478252857
Bearing3_2,122,0.04889779559118237,7.2346437047408685
Bearing3_2,123,0.049298597194388775,7.173863885575694
Bearing3_2,124,0.04969939879759519,6.9645106300695545
Bearing3_2,125,0.050100200400801605,6.461443834876927
Bearing3_2,126,0.05050100200400802,6.059931326919616
Bearing3_2,127,0.05090180360721443,6.0596358386606495
Bearing3_2,128,0.05130260521042084,5.974329449333472
Bearing3_2,129,0.051703406813627256,5.6829517931227915
Bearing3_2,130,0.052104208416833664,5.468376804067208
Bearing3_2,131,0.05250501002004008,5.659050519680237
Bearing3_2,132,0.05290581162324649,5.6416670717915505
Bearing3_2,133,0.05330661322645291,5.727732942899717
Bearing3_2,134,0.053707414829659315,5.487919092340205
Bearing3_2,135,0.05410821643286573,5.522510675941809
Bearing3_2,136,0.054509018036072145,5.45935195147709
Bearing3_2,137,0.05490981963927856,5.24707089077401
Bearing3_2,138,0.05531062124248497,4.974557480372415
Bearing3_2,139,0.05571142284569138,4.998878737406516
Bearing3_2,140,0.056112224448897796,5.1481657332876
Bearing3_2,141,0.05651302605210421,5.045200779670511
Bearing3_2,142,0.05691382765531062,5.410926928290545
Bearing3_2,143,0.05731462925851703,5.358197085177852
Bearing3_2,144,0.05771543086172345,5.576976233953969
Bearing3_2,145,0.05811623246492986,5.468260785781025
Bearing3_2,146,0.05851703406813627,5.581319793153002
Bearing3_2,147,0.058917835671342685,5.925418512612273
Bearing3_2,148,0.0593186372745491,6.254689810510635
Bearing3_2,149,0.059719438877755514,6.077840684607869
Bearing3_2,150,0.06012024048096192,5.848996996682758
Bearing3_2,151,0.060521042084168336,5.9795909442656825
Bearing3_2,152,0.06092184368737475,5.812435332642654
Bearing3_2,153,0.061322645290581165,6.217482674349513
Bearing3_2,154,0.06172344689378757,6.288347327086006
Bearing3_2,155,0.06212424849699399,6.398399653350159
Bearing3_2,156,0.0625250501002004,6.498396168173064
Bearing3_2,157,0.06292585170340681,6.400830727320527
Bearing3_2,158,0.06332665330661323,6.248320268217933
Bearing3_2,159,0.06372745490981964,6.783966437532362
Bearing3_2,160,0.06412825651302605,7.158833502335442
Bearing3_2,161,0.06452905811623247,7.285517793634374
Bearing3_2,162,0.06492985971943888,7.516955683428987
Bearing3_2,163,0.06533066132264528,7.2635433687854105
Bearing3_2,164,0.0657314629258517,7.326656447949685
Bearing3_2,165,0.06613226452905811,7.652250523852667
Bearing3_2,166,0.06653306613226453,7.845836492876856
Bearing3_2,167,0.06693386773547094,8.012459520460254
Bearing3_2,168,0.06733466933867735,8.674434228893071
Bearing3_2,169,0.06773547094188377,9.052252112662682
Bearing3_2,170,0.06813627254509018,9.353357229879903
Bearing3_2,171,0.06853707414829659,9.76914761343592
Bearing3_2,172,0.06893787575150301,9.845063623175166
Bearing3_2,173,0.06933867735470942,10.06341668056827
Bearing3_2,174,0.06973947895791584,10.432116077561629
Bearing3_2,175,0.07014028056112225,10.530570082473973
Bearing3_2,176,0.07054108216432865,10.49399430506509
Bearing3_2,177,0.07094188376753507,10.692737789399056
Bearing3_2,178,0.07134268537074148,10.503449948530868
Bearing3_2,179,0.07174348697394789,10.099075797167632
Bearing3_2,180,0.07214428857715431,9.739523449762721
Bearing3_2,181,0.07254509018036072,9.313997839255276
Bearing3_2,182,0.07294589178356714,8.922941646341734
Bearing3_2,183,0.07334669338677355,8.560518377279864
Bearing3_2,184,0.07374749498997996,8.107874303888455
Bearing3_2,185,0.07414829659318638,7.694190992871329
Bearing3_2,186,0.07454909819639279,7.314720260170835
Bearing3_2,187,0.07494989979959919,7.039781441869707
Bearing3_2,188,0.07535070140280561,6.477780361669039
Bearing3_2,189,0.07575150300601202,6.106491041093035
Bearing3_2,190,0.07615230460921844,5.899285927731905
Bearing3_2,191,0.07655310621242485,5.912876966608169
Bearing3_2,192,0.07695390781563126,6.072828997196561
Bearing3_2,193,0.07735470941883768,6.107684376059939
Bearing3_2,194,0.07775551102204409,5.875793668633397
Bearing3_2,195,0.0781563126252505,6.044321240448468
Bearing3_2,196,0.07855711422845692,6.257419912804923
Bearing3_2,197,0.07895791583166333,6.208229827301315
Bearing3_2,198,0.07935871743486973,6.386525809214187
Bearing3_2,199,0.07975951903807615,6.612002551614839
Bearing3_2,200,0.08016032064128256,6.639919827785979
Bearing3_2,201,0.08056112224448898,6.411027915523269
Bearing3_2,202,0.08096192384769539,6.449411329024089
Bearing3_2,203,0.0813627254509018,6.7762402010540175
Bearing3_2,204,0.08176352705410822,7.1571497471479315
Bearing3_2,205,0.08216432865731463,6.885534188420399
Bearing3_2,206,0.08256513026052104,6.937502216959366
Bearing3_2,207,0.08296593186372746,6.807144427486547
Bearing3_2,208,0.08336673346693386,6.525999863194315
Bearing3_2,209,0.08376753507014029,6.327639797341778
Bearing3_2,210,0.0841683366733467,6.377611903742214
Bearing3_2,211,0.0845691382765531,6.526031197963825
Bearing3_2,212,0.08496993987975952,6.219589115054649
Bearing3_2,213,0.08537074148296593,5.885959672784795
Bearing3_2,214,0.08577154308617234,5.890128770094509
Bearing3_2,215,0.08617234468937876,6.16643638132472
Bearing3_2,216,0.08657314629258517,5.872819832533169
Bearing3_2,217,0.08697394789579159,5.817186191066863
Bearing3_2,218,0.087374749498998,5.951435862134323
Bearing3_2,219,0.0877755511022044,5.98564294662803
Bearing3_2,220,0.08817635270541083,5.861567835423559
Bearing3_2,221,0.08857715430861723,5.861833225895397
Bearing3_2,222,0.08897795591182364,5.820305860927628
Bearing3_2,223,0.08937875751503006,5.710420255020242
Bearing3_2,224,0.08977955911823647,5.275101070190563
Bearing3_2,225,0.09018036072144289,4.986186981293614
Bearing3_2,226,0.0905811623246493,5.04919560073293
Bearing3_2,227,0.09098196392785571,5.358343823994238
Bearing3_2,228,0.09138276553106213,5.126673722782323
Bearing3_2,229,0.09178356713426854,5.169315355609287
Bearing3_2,230,0.09218436873747494,5.078909848643724
Bearing3_2,231,0.09258517034068137,4.845998183570747
Bearing3_2,232,0.09298597194388777,4.901939078936364
Bearing3_2,233,0.09338677354709418,4.99773704534654
Bearing3_2,234,0.0937875751503006,5.158929255620125
Bearing3_2,235,0.09418837675350701,5.342364484552219
Bearing3_2,236,0.09458917835671343,5.350679486331367
Bearing3_2,237,0.09498997995991984,5.180629066625189
Bearing3_2,238,0.09539078156312625,5.322318035435604
Bearing3_2,239,0.09579158316633267,5.397698921049217
Bearing3_2,240,0.09619238476953908,5.426356615065577
Bearing3_2,241,0.09659318637274548,5.266107796191637
Bearing3_2,242,0.0969939879759519,5.220566043698959
Bearing3_2,243,0.09739478957915831,5.1721953481663
Bearing3_2,244,0.09779559118236474,5.0025898949781284
Bearing3_2,245,0.09819639278557114,4.915430853605025
Bearing3_2,246,0.09859719438877755,4.993668451504611
Bearing3_2,247,0.09899799599198397,4.982113703949463
Bearing3_2,248,0.09939879759519038,4.932334392184636
Bearing3_2,249,0.09979959919839679,4.806529026364233
Bearing3_2,250,0.10020040080160321,4.881647525205705
Bearing3_2,251,0.10060120240480962,5.014983976043957
Bearing3_2,252,0.10100200400801604,5.069185490654066
Bearing3_2,253,0.10140280561122245,5.028230860323265
Bearing3_2,254,0.10180360721442885,5.071036568178789
Bearing3_2,255,0.10220440881763528,5.019893343106473
Bearing3_2,256,0.10260521042084168,4.859640067522438
Bearing3_2,257,0.10300601202404809,4.519373204780726
Bearing3_2,258,0.10340681362725451,4.5961990424858525
Bearing3_2,259,0.10380761523046092,4.868006980372956
Bearing3_2,260,0.10420841683366733,4.812802995182464
Bearing3_2,261,0.10460921843687375,4.992277181482909
Bearing3_2,262,0.10501002004008016,5.0719977435997645
Bearing3_2,263,0.10541082164328658,5.100020620443479
Bearing3_2,264,0.10581162324649299,5.173049719241091
Bearing3_2,265,0.1062124248496994,5.357869419527002
Bearing3_2,266,0.10661322645290582,5.5192618013949915
Bearing3_2,267,0.10701402805611222,5.7885676431583315
Bearing3_2,268,0.10741482965931863,5.687142117387934
Bearing3_2,269,0.10781563126252505,5.282077485916731
Bearing3_2,270,0.10821643286573146,5.249717740725296
Bearing3_2,271,0.10861723446893788,5.043795763550436
Bearing3_2,272,0.10901803607214429,5.0052278824613605
Bearing3_2,273,0.1094188376753507,5.103474203095348
Bearing3_2,274,0.10981963927855712,5.045872147034315
Bearing3_2,275,0.11022044088176353,4.9952016205169
Bearing3_2,276,0.11062124248496993,4.929500833278857
Bearing3_2,277,0.11102204408817636,5.1440671119243255
Bearing3_2,278,0.11142284569138276,5.265835918806602
Bearing3_2,279,0.11182364729458918,5.272709027746783
Bearing3_2,280,0.11222444889779559,5.352803494879422
Bearing3_2,281,0.112625250501002,5.566882974439229
Bearing3_2,282,0.11302605210420842,5.65396626872356
Bearing3_2,283,0.11342685370741483,5.48035558919563
Bearing3_2,284,0.11382765531062124,5.588189277356705
Bearing3_2,285,0.11422845691382766,5.500241985177617
Bearing3_2,286,0.11462925851703407,5.532225091581589
Bearing3_2,287,0.11503006012024049,5.240191875249233
Bearing3_2,288,0.1154308617234469,5.3533015138811875
Bearing3_2,289,0.1158316633266533,5.353672593638199
Bearing3_2,290,0.11623246492985972,5.409886804685266
Bearing3_2,291,0.11663326653306613,5.1297576085166146
Bearing3_2,292,0.11703406813627254,5.002851792452122
Bearing3_2,293,0.11743486973947896,5.148772845885855
Bearing3_2,294,0.11783567134268537,5.298560468688863
Bearing3_2,295,0.11823647294589178,5.3996782308944455
Bearing3_2,296,0.1186372745490982,5.341014121976729
Bearing3_2,297,0.1190380761523046,5.526149806347758
Bearing3_2,298,0.11943887775551103,5.275313350093756
Bearing3_2,299,0.11983967935871744,5.307652222831013
Bearing3_2,300,0.12024048096192384,5.371088848453854
Bearing3_2,301,0.12064128256513026,5.453207624118896
Bearing3_2,302,0.12104208416833667,5.3683282024631644
Bearing3_2,303,0.12144288577154308,5.159802757916905
Bearing3_2,304,0.1218436873747495,4.910687022780618
Bearing3_2,305,0.12224448897795591,4.830792813738901
Bearing3_2,306,0.12264529058116233,4.88665238475979
Bearing3_2,307,0.12304609218436874,4.661755649987208
Bearing3_2,308,0.12344689378757515,4.699598829541482
Bearing3_2,309,0.12384769539078157,4.645632799628428
Bearing3_2,310,0.12424849699398798,4.442660686850671
Bearing3_2,311,0.12464929859719438,4.350088289854471
Bearing3_2,312,0.1250501002004008,4.6452556780694545
Bearing3_2,313,0.1254509018036072,4.949094871729649
Bearing3_2,314,0.12585170340681362,4.848008750424499
Bearing3_2,315,0.12625250501002003,4.604477171547284
Bearing3_2,316,0.12665330661322646,4.670933732220335
Bearing3_2,317,0.12705410821643287,4.709750210783422
Bearing3_2,318,0.12745490981963928,4.676689170001982
Bearing3_2,319,0.12785571142284569,4.6072196714518086
Bearing3_2,320,0.1282565130260521,4.567154424469974
Bearing3_2,321,0.12865731462925853,4.536335061759597
Bearing3_2,322,0.12905811623246494,4.233232244030338
Bearing3_2,323,0.12945891783567134,4.107652532617523
Bearing3_2,324,0.12985971943887775,4.308294126956298
Bearing3_2,325,0.13026052104208416,4.697150180389774
Bearing3_2,326,0.13066132264529057,4.954392829978575
Bearing3_2,327,0.131062124248497,4.888938221548067
Bearing3_2,328,0.1314629258517034,4.882587996181781
Bearing3_2,329,0.13186372745490982,5.161627098731459
Bearing3_2,330,0.13226452905811623,5.5515362625791695
Bearing3_2,331,0.13266533066132263,5.564132321793133
Bearing3_2,332,0.13306613226452907,5.741221570483043
Bearing3_2,333,0.13346693386773548,5.525472338815338
Bearing3_2,334,0.13386773547094188,5.3366213024626425
Bearing3_2,335,0.1342685370741483,5.337971596290371
Bearing3_2,336,0.1346693386773547,4.913542532257045
Bearing3_2,337,0.13507014028056114,5.229209271436821
Bearing3_2,338,0.13547094188376754,5.253131757839888
Bearing3_2,339,0.13587174348697395,5.0525183447859146
Bearing3_2,340,0.13627254509018036,5.048672516702986
Bearing3_2,341,0.13667334669338677,5.350625084831013
Bearing3_2,342,0.13707414829659317,5.058254006918231
Bearing3_2,343,0.1374749498997996,5.251949591419339
Bearing3_2,344,0.13787575150300602,5.169956548501434
Bearing3_2,345,0.13827655310621242,5.080946846551426
Bearing3_2,346,0.13867735470941883,5.0835604462488835
Bearing3_2,347,0.13907815631262524,4.900829242945845
Bearing3_2,348,0.13947895791583168,4.992385334880657
Bearing3_2,349,0.13987975951903808,5.05820510450494
Bearing3_2,350,0.1402805611222445,4.609982292287269
Bearing3_2,351,0.1406813627254509,4.3348330797342385
Bearing3_2,352,0.1410821643286573,4.557478527364869
Bearing3_2,353,0.14148296593186374,4.43278135939611
Bearing3_2,354,0.14188376753507015,4.560607011642224
Bearing3_2,355,0.14228456913827656,4.59848721980058
Bearing3_2,356,0.14268537074148296,4.6829344410833205
Bearing3_2,357,0.14308617234468937,4.711983945803447
Bearing3_2,358,0.14348697394789578,4.9301586502100845
Bearing3_2,359,0.14388777555110221,4.836319868483323
Bearing3_2,360,0.14428857715430862,4.9671115435566975
Bearing3_2,361,0.14468937875751503,4.9451192497853995
Bearing3_2,362,0.14509018036072144,4.986096251635729
Bearing3_2,363,0.14549098196392785,4.908165648896687
Bearing3_2,364,0.14589178356713428,4.93541372141387
Bearing3_2,365,0.1462925851703407,4.561346191041862
Bearing3_2,366,0.1466933867735471,4.507644396787983
Bearing3_2,367,0.1470941883767535,4.399126600456442
Bearing3_2,368,0.1474949899799599,4.066569319495541
Bearing3_2,369,0.14789579158316632,4.164839620320395
Bearing3_2,370,0.14829659318637275,4.370043104549129
Bearing3_2,371,0.14869739478957916,4.605265195200149
Bearing3_2,372,0.14909819639278557,4.6832383065302325
Bearing3_2,373,0.14949899799599198,4.842078492395231
Bearing3_2,374,0.14989979959919839,4.814415900896094
Bearing3_2,375,0.15030060120240482,4.964045749729058
Bearing3_2,376,0.15070140280561123,5.3127121370369155
Bearing3_2,377,0.15110220440881764,5.4827998152021085
Bearing3_2,378,0.15150300601202404,5.669898236751994
Bearing3_2,379,0.15190380761523045,5.88029864380871
Bearing3_2,380,0.1523046092184369,5.865581088155904
Bearing3_2,381,0.1527054108216433,6.273919039494681
Bearing3_2,382,0.1531062124248497,6.381726687252412
Bearing3_2,383,0.1535070140280561,6.601991311958403
Bearing3_2,384,0.15390781563126252,7.121618087083361
Bearing3_2,385,0.15430861723446893,7.370379286479158
Bearing3_2,386,0.15470941883767536,7.267294919740704
Bearing3_2,387,0.15511022044088177,7.360847043677812
Bearing3_2,388,0.15551102204408818,7.826580989859465
Bearing3_2,389,0.15591182364729458,8.062868703610217
Bearing3_2,390,0.156312625250501,8.40763550862938
Bearing3_2,391,0.15671342685370743,8.477442657700738
Bearing3_2,392,0.15711422845691383,8.922411926438325
Bearing3_2,393,0.15751503006012024,9.034893404310523
Bearing3_2,394,0.15791583166332665,9.23880769352113
Bearing3_2,395,0.15831663326653306,9.508228816271387
Bearing3_2,396,0.15871743486973947,9.446804766193209
Bearing3_2,397,0.1591182364729459,9.538904927667293
Bearing3_2,398,0.1595190380761523,9.327648533445652
Bearing3_2,399,0.15991983967935872,9.238475941905909
Bearing3_2,400,0.16032064128256512,8.971659995729125
Bearing3_2,401,0.16072144288577153,8.932681289249409
Bearing3_2,402,0.16112224448897797,8.55124493436635
Bearing3_2,403,0.16152304609218437,8.58606568160255
Bearing3_2,404,0.16192384769539078,8.101697590077503
Bearing3_2,405,0.1623246492985972,7.9100397525660116
Bearing3_2,406,0.1627254509018036,7.871195499945289
Bearing3_2,407,0.16312625250501003,7.82110687821732
Bearing3_2,408,0.16352705410821644,7.620353387859419
Bearing3_2,409,0.16392785571142285,7.589943272809653
Bearing3_2,410,0.16432865731462926,7.5125341173330185
Bearing3_2,411,0.16472945891783566,7.263464301733426
Bearing3_2,412,0.16513026052104207,7.131157880403807
Bearing3_2,413,0.1655310621242485,6.749173353009674
Bearing3_2,414,0.16593186372745491,6.650491692941065
Bearing3_2,415,0.16633266533066132,6.536727596212896
Bearing3_2,416,0.16673346693386773,6.698465263953293
Bearing3_2,417,0.16713426853707414,6.5810005087257055
Bearing3_2,418,0.16753507014028057,6.58962606172764
Bearing3_2,419,0.16793587174348698,6.362390625979909
Bearing3_2,420,0.1683366733466934,6.381782102440551
Bearing3_2,421,0.1687374749498998,6.319251222810131
Bearing3_2,422,0.1691382765531062,6.35611430860706
Bearing3_2,423,0.1695390781563126,6.609856277672381
Bearing3_2,424,0.16993987975951905,6.800064596460838
Bearing3_2,425,0.17034068136272545,6.917450943584195
Bearing3_2,426,0.17074148296593186,6.8787224411380095
Bearing3_2,427,0.17114228456913827,7.08837136053221
Bearing3_2,428,0.17154308617234468,7.264150726564324
Bearing3_2,429,0.1719438877755511,7.351706956335116
Bearing3_2,430,0.17234468937875752,7.409113495896063
Bearing3_2,431,0.17274549098196393,7.391537409863751
Bearing3_2,432,0.17314629258517034,7.393192838841304
Bearing3_2,433,0.17354709418837674,7.573966376675941
Bearing3_2,434,0.17394789579158318,7.666103021816179
Bearing3_2,435,0.1743486973947896,7.689978405946475
Bearing3_2,436,0.174749498997996,7.739708780745755
Bearing3_2,437,0.1751503006012024,7.571901529343504
Bearing3_2,438,0.1755511022044088,7.382646678148953
Bearing3_2,439,0.17595190380761522,7.602733984755635
Bearing3_2,440,0.17635270541082165,7.678893321987729
Bearing3_2,441,0.17675350701402806,7.745404678646049
Bearing3_2,442,0.17715430861723447,7.7473110119655955
Bearing3_2,443,0.17755511022044088,7.707133813470837
Bearing3_2,444,0.17795591182364728,7.533684862133056
Bearing3_2,445,0.17835671342685372,7.507369730753995
Bearing3_2,446,0.17875751503006013,7.725978110366077
Bearing3_2,447,0.17915831663326653,7.655672439071248
Bearing3_2,448,0.17955911823647294,7.765436266951068
Bearing3_2,449,0.17995991983967935,7.531789021677762
Bearing3_2,450,0.18036072144288579,7.261427870847354
Bearing3_2,451,0.1807615230460922,7.081497778598809
Bearing3_2,452,0.1811623246492986,7.178078338319276
Bearing3_2,453,0.181563126252505,7.09824060693367
Bearing3_2,454,0.18196392785571142,6.976641724949386
Bearing3_2,455,0.18236472945891782,6.762070660611973
Bearing3_2,456,0.18276553106212426,6.51424189442955
Bearing3_2,457,0.18316633266533067,6.68155901756778
Bearing3_2,458,0.18356713426853707,6.612393335738031
Bearing3_2,459,0.18396793587174348,6.574474242928638
Bearing3_2,460,0.1843687374749499,6.673054731821369
Bearing3_2,461,0.18476953907815633,6.802242154868831
Bearing3_2,462,0.18517034068136273,6.48330906142115
Bearing3_2,463,0.18557114228456914,6.5678268981971515
Bearing3_2,464,0.18597194388777555,6.80630854119398
Bearing3_2,465,0.18637274549098196,7.08680440535471
Bearing3_2,466,0.18677354709418836,6.944774451565664
Bearing3_2,467,0.1871743486973948,6.8249039121820045
Bearing3_2,468,0.1875751503006012,6.770938553534366
Bearing3_2,469,0.18797595190380761,6.803996041332546
Bearing3_2,470,0.18837675350701402,7.061961796319882
Bearing3_2,471,0.18877755511022043,7.074266271840085
Bearing3_2,472,0.18917835671342687,7.215236067843932
Bearing3_2,473,0.18957915831663327,6.979554806437958
Bearing3_2,474,0.18997995991983968,6.7920316060266455
Bearing3_2,475,0.1903807615230461,6.434379435532444
Bearing3_2,476,0.1907815631262525,6.518370279058952
Bearing3_2,477,0.19118236472945893,6.510714521629889
Bearing3_2,478,0.19158316633266534,6.535059330465114
Bearing3_2,479,0.19198396793587175,6.469877696639301
Bearing3_2,480,0.19238476953907815,6.2449746753301785
Bearing3_2,481,0.19278557114228456,6.1264112906244925
Bearing3_2,482,0.19318637274549097,5.979345283387728
Bearing3_2,483,0.1935871743486974,5.980513408075124
Bearing3_2,484,0.1939879759519038,5.878664605182357
Bearing3_2,485,0.19438877755511022,6.060644426467328
Bearing3_2,486,0.19478957915831663,6.1091122772927715
Bearing3_2,487,0.19519038076152304,6.201367115228931
Bearing3_2,488,0.19559118236472947,6.288074820976506
Bearing3_2,489,0.19599198396793588,6.289830851941973
Bearing3_2,490,0.1963927855711423,6.176750444950754
Bearing3_2,491,0.1967935871743487,6.28121909383734
Bearing3_2,492,0.1971943887775551,6.689980897457387
Bearing3_2,493,0.1975951903807615,6.752898933750913
Bearing3_2,494,0.19799599198396794,7.0010855030734644
Bearing3_2,495,0.19839679358717435,7.085698418865354
Bearing3_2,496,0.19879759519038076,7.051779055168511
Bearing3_2,497,0.19919839679358717,7.196337246919745
Bearing3_2,498,0.19959919839679358,7.359866750710358
Bearing3_2,499,0.2,7.425499185758335
Bearing3_2,500,0.20040080160320642,7.370303607207115
Bearing3_2,501,0.20080160320641283,7.358859518482111
Bearing3_2,502,0.20120240480961923,7.200715058329341
Bearing3_2,503,0.20160320641282564,7.054127600948775
Bearing3_2,504,0.20200400801603208,7.0708281468103085
Bearing3_2,505,0.20240480961923848,7.050365765581231
Bearing3_2,506,0.2028056112224449,7.028080623687626
Bearing3_2,507,0.2032064128256513,6.809598075158365
Bearing3_2,508,0.2036072144288577,6.645721441789041
Bearing3_2,509,0.20400801603206412,6.645841377323661
Bearing3_2,510,0.20440881763527055,7.026916951647786
Bearing3_2,511,0.20480961923847696,6.886551844092642
Bearing3_2,512,0.20521042084168337,6.816457808340869
Bearing3_2,513,0.20561122244488977,7.2284519894765396
Bearing3_2,514,0.20601202404809618,7.341428445780569
Bearing3_2,515,0.20641282565130262,7.446301058122652
Bearing3_2,516,0.20681362725450902,7.406027199316985
Bearing3_2,517,0.20721442885771543,7.386863779352275
Bearing3_2,518,0.20761523046092184,7.3867961304117795
Bearing3_2,519,0.20801603206412825,7.255152539053746
Bearing3_2,520,0.20841683366733466,7.102419540869642
Bearing3_2,521,0.2088176352705411,7.2549330399726415
Bearing3_2,522,0.2092184368737475,7.544731294455067
Bearing3_2,523,0.2096192384769539,7.37157331746653
Bearing3_2,524,0.21002004008016031,7.152628703674597
Bearing3_2,525,0.21042084168336672,6.959572183376065
Bearing3_2,526,0.21082164328657316,7.0279166140970135
Bearing3_2,527,0.21122244488977956,7.162872016328462
Bearing3_2,528,0.21162324649298597,7.29303094987379
Bearing3_2,529,0.21202404809619238,7.424984321419108
Bearing3_2,530,0.2124248496993988,7.432062920019938
Bearing3_2,531,0.21282565130260522,7.322410807711316
Bearing3_2,532,0.21322645290581163,7.008042370905751
Bearing3_2,533,0.21362725450901804,6.8087113255166525
Bearing3_2,534,0.21402805611222445,6.810897758839424
Bearing3_2,535,0.21442885771543085,7.0160668183009225
Bearing3_2,536,0.21482965931863726,7.099480215848376
Bearing3_2,537,0.2152304609218437,6.988290721826178
Bearing3_2,538,0.2156312625250501,6.817411607071871
Bearing3_2,539,0.2160320641282565,6.839005894222152
Bearing3_2,540,0.21643286573146292,6.749802576517652
Bearing3_2,541,0.21683366733466933,6.843400612653094
Bearing3_2,542,0.21723446893787576,7.0623213895491075
Bearing3_2,543,0.21763527054108217,7.177023946069562
Bearing3_2,544,0.21803607214428858,7.3132511378676
Bearing3_2,545,0.218436873747495,7.1271240006391405
Bearing3_2,546,0.2188376753507014,7.1769139175001175
Bearing3_2,547,0.21923847695390783,6.940644960604965
Bearing3_2,548,0.21963927855711424,6.798652966322768
Bearing3_2,549,0.22004008016032064,6.973113096996579
Bearing3_2,550,0.22044088176352705,7.002883441969646
Bearing3_2,551,0.22084168336673346,6.851358272561529
Bearing3_2,552,0.22124248496993987,6.7428625243042974
Bearing3_2,553,0.2216432865731463,6.749881183843563
Bearing3_2,554,0.2220440881763527,6.78324026613064
Bearing3_2,555,0.22244488977955912,6.894508868518398
Bearing3_2,556,0.22284569138276553,6.67449055619271
Bearing3_2,557,0.22324649298597193,6.776295811424291
Bearing3_2,558,0.22364729458917837,6.745591888678336
Bearing3_2,559,0.22404809619238478,6.627063818760422
Bearing3_2,560,0.22444889779559118,6.719374713356278
Bearing3_2,561,0.2248496993987976,6.845003572324613
Bearing3_2,562,0.225250501002004,6.70219889644553
Bearing3_2,563,0.2256513026052104,6.533613983519383
Bearing3_2,564,0.22605210420841684,6.2720270415598876
Bearing3_2,565,0.22645290581162325,6.057887662802099
Bearing3_2,566,0.22685370741482966,5.900629724593342
Bearing3_2,567,0.22725450901803607,5.855401660671146
Bearing3_2,568,0.22765531062124247,6.058826271436653
Bearing3_2,569,0.2280561122244489,5.80841839787243
Bearing3_2,570,0.22845691382765532,5.54540931479534
Bearing3_2,571,0.22885771543086172,5.291674481608224
Bearing3_2,572,0.22925851703406813,5.361643670940297
Bearing3_2,573,0.22965931863727454,5.402787572870264
Bearing3_2,574,0.23006012024048098,5.4856170687295664
Bearing3_2,575,0.23046092184368738,5.518174579121995
Bearing3_2,576,0.2308617234468938,5.891703371140876
Bearing3_2,577,0.2312625250501002,5.8840301877354815
Bearing3_2,578,0.2316633266533066,5.7295005298201005
Bearing3_2,579,0.232064128256513,5.824637084091356
Bearing3_2,580,0.23246492985971945,6.032900457597396
Bearing3_2,581,0.23286573146292586,6.1338295360487916
Bearing3_2,582,0.23326653306613226,5.936475363518352
Bearing3_2,583,0.23366733466933867,5.940730288374977
Bearing3_2,584,0.23406813627254508,5.936638224479527
Bearing3_2,585,0.23446893787575152,5.923004804142677
Bearing3_2,586,0.23486973947895792,5.814287444912165
Bearing3_2,587,0.23527054108216433,5.8305713191687225
Bearing3_2,588,0.23567134268537074,5.666309878488804
Bearing3_2,589,0.23607214428857715,5.660590826321415
Bearing3_2,590,0.23647294589178355,5.452273346708978
Bearing3_2,591,0.23687374749499,5.451673872118792
Bearing3_2,592,0.2372745490981964,5.515008753286339
Bearing3_2,593,0.2376753507014028,5.5144281940977615
Bearing3_2,594,0.2380761523046092,5.7314887970833395
Bearing3_2,595,0.23847695390781562,5.807870091524094
Bearing3_2,596,0.23887775551102206,5.806668251785138
Bearing3_2,597,0.23927855711422846,6.136739005554377
Bearing3_2,598,0.23967935871743487,6.643349818422476
Bearing3_2,599,0.24008016032064128,6.686575564866362
Bearing3_2,600,0.24048096192384769,6.681389302163565
Bearing3_2,601,0.24088176352705412,6.672963886197752
Bearing3_2,602,0.24128256513026053,6.7842063935514885
Bearing3_2,603,0.24168336673346694,6.929679604352074
Bearing3_2,604,0.24208416833667334,6.845869423765265
Bearing3_2,605,0.24248496993987975,6.708345260737113
Bearing3_2,606,0.24288577154308616,6.45821792136135
Bearing3_2,607,0.2432865731462926,6.241440679615555
Bearing3_2,608,0.243687374749499,5.943040951691291
Bearing3_2,609,0.2440881763527054,5.799951047961505
Bearing3_2,610,0.24448897795591182,5.948092126318163
Bearing3_2,611,0.24488977955911823,6.279660370229153
Bearing3_2,612,0.24529058116232466,6.2523906055297385
Bearing3_2,613,0.24569138276553107,6.422917987141679
Bearing3_2,614,0.24609218436873748,6.042413289408002
Bearing3_2,615,0.24649298597194388,6.100754073087184
Bearing3_2,616,0.2468937875751503,6.146792305379876
Bearing3_2,617,0.2472945891783567,6.1341837909929495
Bearing3_2,618,0.24769539078156314,6.014458416154175
Bearing3_2,619,0.24809619238476954,6.2251794574922545
Bearing3_2,620,0.24849699398797595,6.230394865169811
Bearing3_2,621,0.24889779559118236,5.927223911999126
Bearing3_2,622,0.24929859719438877,6.069870248766094
Bearing3_2,623,0.2496993987975952,5.869317618467411
Bearing3_2,624,0.2501002004008016,6.060963869078472
Bearing3_2,625,0.250501002004008,6.122849669875336
Bearing3_2,626,0.2509018036072144,6.200510865354048
Bearing3_2,627,0.25130260521042086,6.11247389070297
Bearing3_2,628,0.25170340681362724,6.230779759318385
Bearing3_2,629,0.2521042084168337,6.105586646745729
Bearing3_2,630,0.25250501002004005,6.311635390213636
Bearing3_2,631,0.2529058116232465,6.363687783748531
Bearing3_2,632,0.2533066132264529,6.239805992692922
Bearing3_2,633,0.2537074148296593,6.199294834386729
Bearing3_2,634,0.25410821643286574,6.2250707859220356
Bearing3_2,635,0.2545090180360721,6.331474328109119
Bearing3_2,636,0.25490981963927856,6.19555124760496
Bearing3_2,637,0.255310621242485,6.172292431894145
Bearing3_2,638,0.25571142284569137,6.307813582427558
Bearing3_2,639,0.2561122244488978,6.226301076597336
Bearing3_2,640,0.2565130260521042,5.8852966863876635
Bearing3_2,641,0.2569138276553106,5.793012525342128
Bearing3_2,642,0.25731462925851706,5.562178047679153
Bearing3_2,643,0.25771543086172344,5.389634727296037
Bearing3_2,644,0.2581162324649299,5.326806868357794
Bearing3_2,645,0.25851703406813625,5.003886151782896
Bearing3_2,646,0.2589178356713427,5.193395812558884
Bearing3_2,647,0.2593186372745491,5.110300460601893
Bearing3_2,648,0.2597194388777555,4.905185611239803
Bearing3_2,649,0.26012024048096194,5.056344614195323
Bearing3_2,650,0.2605210420841683,5.062437728669943
Bearing3_2,651,0.26092184368737475,5.190607500479374
Bearing3_2,652,0.26132264529058113,5.30915882151697
Bearing3_2,653,0.26172344689378757,5.4238744572944615
Bearing3_2,654,0.262124248496994,5.503552166653696
Bearing3_2,655,0.2625250501002004,5.484407429073374
Bearing3_2,656,0.2629258517034068,5.265759905742635
Bearing3_2,657,0.2633266533066132,5.4242340408445875
Bearing3_2,658,0.26372745490981964,5.381096547406704
Bearing3_2,659,0.26412825651302607,5.0871040910429075
Bearing3_2,660,0.26452905811623245,4.937352827200129
Bearing3_2,661,0.2649298597194389,4.913318879464684
Bearing3_2,662,0.26533066132264527,4.786349558418439
Bearing3_2,663,0.2657314629258517,4.696836377788991
Bearing3_2,664,0.26613226452905814,4.676121427790134
Bearing3_2,665,0.2665330661322645,4.864003450694172
Bearing3_2,666,0.26693386773547095,4.982780365304225
Bearing3_2,667,0.26733466933867733,5.091782200823189
Bearing3_2,668,0.26773547094188377,5.209113692276909
Bearing3_2,669,0.2681362725450902,5.501452953164058
Bearing3_2,670,0.2685370741482966,5.724339793577417
Bearing3_2,671,0.268937875751503,5.567826799069887
Bearing3_2,672,0.2693386773547094,5.664951536638355
Bearing3_2,673,0.26973947895791583,5.734761268692056
Bearing3_2,674,0.27014028056112227,5.642870706772717
Bearing3_2,675,0.27054108216432865,5.653695816028138
Bearing3_2,676,0.2709418837675351,5.584573134439848
Bearing3_2,677,0.27134268537074147,5.478464517504394
Bearing3_2,678,0.2717434869739479,5.683787566111387
Bearing3_2,679,0.27214428857715434,5.569280233695883
Bearing3_2,680,0.2725450901803607,5.374060998629918
Bearing3_2,681,0.27294589178356715,5.340350249304608
Bearing3_2,682,0.27334669338677353,5.375583092918144
Bearing3_2,683,0.27374749498997997,5.221211548792088
Bearing3_2,684,0.27414829659318635,5.113615466973066
Bearing3_2,685,0.2745490981963928,5.074333396846667
Bearing3_2,686,0.2749498997995992,5.287105235547408
Bearing3_2,687,0.2753507014028056,5.0632117230500695
Bearing3_2,688,0.27575150300601203,4.6645354352208415
Bearing3_2,689,0.2761523046092184,4.711730797060987
Bearing3_2,690,0.27655310621242485,4.768281100090151
Bearing3_2,691,0.2769539078156313,4.72530575437432
Bearing3_2,692,0.27735470941883766,4.62111393564237
Bearing3_2,693,0.2777555110220441,4.555052795711857
Bearing3_2,694,0.2781563126252505,4.549153127152557
Bearing3_2,695,0.2785571142284569,4.531817508604146
Bearing3_2,696,0.27895791583166335,4.307867871224455
Bearing3_2,697,0.27935871743486973,4.336982921895833
Bearing3_2,698,0.27975951903807617,4.286381464549864
Bearing3_2,699,0.28016032064128255,4.3182736650908895
Bearing3_2,700,0.280561122244489,4.227189785187548
Bearing3_2,701,0.2809619238476954,4.466925565561838
Bearing3_2,702,0.2813627254509018,4.406526840622057
Bearing3_2,703,0.28176352705410823,4.555539086816557
Bearing3_2,704,0.2821643286573146,4.521209876362479
Bearing3_2,705,0.28256513026052105,4.450696163913238
Bearing3_2,706,0.2829659318637275,4.3743941031418085
Bearing3_2,707,0.28336673346693386,4.378217505523409
Bearing3_2,708,0.2837675350701403,4.4151624481542875
Bearing3_2,709,0.2841683366733467,4.196071624163298
Bearing3_2,710,0.2845691382765531,4.31661960876026
Bearing3_2,711,0.2849699398797595,4.33249999304527
Bearing3_2,712,0.28537074148296593,4.22620649568899
Bearing3_2,713,0.28577154308617236,4.354836976348381
Bearing3_2,714,0.28617234468937874,4.385930335178458
Bearing3_2,715,0.2865731462925852,4.541214218074896
Bearing3_2,716,0.28697394789579156,4.655374366492903
Bearing3_2,717,0.287374749498998,4.938873919789122
Bearing3_2,718,0.28777555110220443,5.20260025787674
Bearing3_2,719,0.2881763527054108,5.516648161560707
Bearing3_2,720,0.28857715430861725,5.46856930959753
Bearing3_2,721,0.2889779559118236,5.576521599470771
Bearing3_2,722,0.28937875751503006,5.775703405276662
Bearing3_2,723,0.2897795591182365,5.589507283441078
Bearing3_2,724,0.2901803607214429,5.595990422305958
Bearing3_2,725,0.2905811623246493,5.557611017251906
Bearing3_2,726,0.2909819639278557,5.485967687983828
Bearing3_2,727,0.2913827655310621,5.246539857530427
Bearing3_2,728,0.29178356713426856,5.023078577414756
Bearing3_2,729,0.29218436873747494,4.789676232660728
Bearing3_2,730,0.2925851703406814,4.7325665564883295
Bearing3_2,731,0.29298597194388776,4.441902675530355
Bearing3_2,732,0.2933867735470942,4.4106403457817
Bearing3_2,733,0.29378757515030063,4.412128054394758
Bearing3_2,734,0.294188376753507,4.572201661779235
Bearing3_2,735,0.29458917835671344,4.606401210779888
Bearing3_2,736,0.2949899799599198,4.645119181323329
Bearing3_2,737,0.29539078156312626,4.6091831428629995
Bearing3_2,738,0.29579158316633264,4.613607506856396
Bearing3_2,739,0.2961923847695391,4.858137257479472
Bearing3_2,740,0.2965931863727455,4.78680838417082
Bearing3_2,741,0.2969939879759519,4.875970237179539
Bearing3_2,742,0.2973947895791583,4.937440176783045
Bearing3_2,743,0.2977955911823647,4.77926389532474
Bearing3_2,744,0.29819639278557114,4.499164729569911
Bearing3_2,745,0.2985971943887776,4.1190904566680775
Bearing3_2,746,0.29899799599198396,4.180411467063829
Bearing3_2,747,0.2993987975951904,4.302469909033342
Bearing3_2,748,0.29979959919839677,4.330722747135115
Bearing3_2,749,0.3002004008016032,3.931975298119892
Bearing3_2,750,0.30060120240480964,4.099549807489916
Bearing3_2,751,0.301002004008016,3.964752065255376
Bearing3_2,752,0.30140280561122246,3.81364335492115
Bearing3_2,753,0.30180360721442884,4.0767077307774064
Bearing3_2,754,0.3022044088176353,4.078245942216711
Bearing3_2,755,0.3026052104208417,4.107299683115279
Bearing3_2,756,0.3030060120240481,3.9476397873231592
Bearing3_2,757,0.3034068136272545,3.7565715236401567
Bearing3_2,758,0.3038076152304609,3.5197447120366396
Bearing3_2,759,0.30420841683366734,3.410788716147811
Bearing3_2,760,0.3046092184368738,3.341276295870537
Bearing3_2,761,0.30501002004008015,3.2755092084649924
Bearing3_2,762,0.3054108216432866,3.2868601556736765
Bearing3_2,763,0.30581162324649297,3.0033456751234606
Bearing3_2,764,0.3062124248496994,2.9404853071510786
Bearing3_2,765,0.3066132264529058,2.759975797089443
Bearing3_2,766,0.3070140280561122,2.605269797530506
Bearing3_2,767,0.30741482965931866,2.5263913481218707
Bearing3_2,768,0.30781563126252504,2.6116495676354017
Bearing3_2,769,0.30821643286573147,2.547813589974049
Bearing3_2,770,0.30861723446893785,2.674969221513273
Bearing3_2,771,0.3090180360721443,2.8128903153758698
Bearing3_2,772,0.3094188376753507,2.9754626984347103
Bearing3_2,773,0.3098196392785571,3.0038885071112387
Bearing3_2,774,0.31022044088176354,3.138742900727844
Bearing3_2,775,0.3106212424849699,3.465210613269419
Bearing3_2,776,0.31102204408817635,3.53290738159208
Bearing3_2,777,0.3114228456913828,3.625850629232121
Bearing3_2,778,0.31182364729458917,3.70897368680203
Bearing3_2,779,0.3122244488977956,4.119407403372572
Bearing3_2,780,0.312625250501002,3.9728330987980827
Bearing3_2,781,0.3130260521042084,3.845020856910012
Bearing3_2,782,0.31342685370741485,3.863268225734628
Bearing3_2,783,0.31382765531062123,4.123546327446155
Bearing3_2,784,0.31422845691382767,4.361517698678111
Bearing3_2,785,0.31462925851703405,4.672459108461825
Bearing3_2,786,0.3150300601202405,4.784778958357288
Bearing3_2,787,0.3154308617234469,5.131941986580381
Bearing3_2,788,0.3158316633266533,5.343246283244241
Bearing3_2,789,0.31623246492985974,5.267733976967914
Bearing3_2,790,0.3166332665330661,5.307107176024401
Bearing3_2,791,0.31703406813627255,5.559298681740012
Bearing3_2,792,0.31743486973947893,5.8052318226843065
Bearing3_2,793,0.31783567134268537,5.793285198645234
Bearing3_2,794,0.3182364729458918,5.57239249126121
Bearing3_2,795,0.3186372745490982,5.4398108878879805
Bearing3_2,796,0.3190380761523046,5.743499607932469
Bearing3_2,797,0.319438877755511,5.539655195954778
Bearing3_2,798,0.31983967935871743,5.556398484718034
Bearing3_2,799,0.32024048096192387,5.477550591444489
Bearing3_2,800,0.32064128256513025,5.596102084325036
Bearing3_2,801,0.3210420841683367,5.64990526165603
Bearing3_2,802,0.32144288577154306,5.403690606832854
Bearing3_2,803,0.3218436873747495,5.5062985466904
Bearing3_2,804,0.32224448897795593,5.828778416366802
Bearing3_2,805,0.3226452905811623,5.719972646814798
Bearing3_2,806,0.32304609218436875,5.530420642026376
Bearing3_2,807,0.32344689378757513,5.693225093703939
Bearing3_2,808,0.32384769539078156,5.625414410471259
Bearing3_2,809,0.324248496993988,5.705459927520822
Bearing3_2,810,0.3246492985971944,5.6899300974890945
Bearing3_2,811,0.3250501002004008,5.623892546258199
Bearing3_2,812,0.3254509018036072,5.573331010428414
Bearing3_2,813,0.32585170340681363,5.557166366389069
Bearing3_2,814,0.32625250501002007,5.4229163338021085
Bearing3_2,815,0.32665330661322645,5.431787809899824
Bearing3_2,816,0.3270541082164329,5.415586863268626
Bearing3_2,817,0.32745490981963926,5.459719466920591
Bearing3_2,818,0.3278557114228457,5.376187588720302
Bearing3_2,819,0.3282565130260521,5.526017279237142
Bearing3_2,820,0.3286573146292585,5.565827764148583
Bearing3_2,821,0.32905811623246495,5.536968710606034
Bearing3_2,822,0.3294589178356713,5.618018904838421
Bearing3_2,823,0.32985971943887776,5.4391804572201385
Bearing3_2,824,0.33026052104208414,5.335448260884144
Bearing3_2,825,0.3306613226452906,5.225928790450096
Bearing3_2,826,0.331062124248497,5.380905233489543
Bearing3_2,827,0.3314629258517034,5.276557384185219
Bearing3_2,828,0.33186372745490983,5.367278665624001
Bearing3_2,829,0.3322645290581162,5.047136414821282
Bearing3_2,830,0.33266533066132264,4.939204912752186
Bearing3_2,831,0.3330661322645291,4.971164984111769
Bearing3_2,832,0.33346693386773546,4.980609016324083
Bearing3_2,833,0.3338677354709419,5.018106473381583
Bearing3_2,834,0.3342685370741483,4.960101063022994
Bearing3_2,835,0.3346693386773547,4.934623152362482
Bearing3_2,836,0.33507014028056115,4.768475302391572
Bearing3_2,837,0.3354709418837675,4.668705572197429
Bearing3_2,838,0.33587174348697396,4.645026120220775
Bearing3_2,839,0.33627254509018034,4.874520291417836
Bearing3_2,840,0.3366733466933868,4.7149672326262415
Bearing3_2,841,0.3370741482965932,5.089177744900615
Bearing3_2,842,0.3374749498997996,5.141800267355232
Bearing3_2,843,0.337875751503006,5.380595253075478
Bearing3_2,844,0.3382765531062124,5.488407373549935
Bearing3_2,845,0.33867735470941884,5.476503520307386
Bearing3_2,846,0.3390781563126252,5.580589204090217
Bearing3_2,847,0.33947895791583166,5.555489522446523
Bearing3_2,848,0.3398797595190381,5.667591751294071
Bearing3_2,849,0.3402805611222445,5.636921761675915
Bearing3_2,850,0.3406813627254509,5.872638659802375
Bearing3_2,851,0.3410821643286573,5.467311799742193
Bearing3_2,852,0.3414829659318637,5.4820380055350615
Bearing3_2,853,0.34188376753507016,5.315101780940068
Bearing3_2,854,0.34228456913827654,5.269687492237965
Bearing3_2,855,0.342685370741483,5.379810703409021
Bearing3_2,856,0.34308617234468936,5.366521629940679
Bearing3_2,857,0.3434869739478958,5.273364398389593
Bearing3_2,858,0.3438877755511022,4.971237708891584
Bearing3_2,859,0.3442885771543086,4.798135233886965
Bearing3_2,860,0.34468937875751504,4.575238447905653
Bearing3_2,861,0.3450901803607214,4.602614894348662
Bearing3_2,862,0.34549098196392786,4.323693669910417
Bearing3_2,863,0.3458917835671343,4.055153603391514
Bearing3_2,864,0.34629258517034067,3.9027462287176333
Bearing3_2,865,0.3466933867735471,3.65885109889685
Bearing3_2,866,0.3470941883767535,3.387125867722117
Bearing3_2,867,0.3474949899799599,3.3980127113705563
Bearing3_2,868,0.34789579158316636,3.3967557318417336
Bearing3_2,869,0.34829659318637274,3.468596782159325
Bearing3_2,870,0.3486973947895792,3.5405885726405777
Bearing3_2,871,0.34909819639278555,3.4807060891901296
Bearing3_2,872,0.349498997995992,3.459168830327427
Bearing3_2,873,0.3498997995991984,3.604690221752393
Bearing3_2,874,0.3503006012024048,3.609324400160383
Bearing3_2,875,0.35070140280561124,3.9628688281451074
Bearing3_2,876,0.3511022044088176,3.938336268164737
Bearing3_2,877,0.35150300601202406,3.7774662606538882
Bearing3_2,878,0.35190380761523044,3.7677805589455744
Bearing3_2,879,0.35230460921843687,3.6756443866998447
Bearing3_2,880,0.3527054108216433,3.6012885992687544
Bearing3_2,881,0.3531062124248497,3.346835201658864
Bearing3_2,882,0.3535070140280561,3.314419871933738
Bearing3_2,883,0.3539078156312625,2.928282094286865
Bearing3_2,884,0.35430861723446894,2.9355703126581645
Bearing3_2,885,0.35470941883767537,2.8458056961535805
Bearing3_2,886,0.35511022044088175,3.0179700349361576
Bearing3_2,887,0.3555110220440882,2.965729576412708
Bearing3_2,888,0.35591182364729457,2.876952634321065
Bearing3_2,889,0.356312625250501,2.7737949993380493
Bearing3_2,890,0.35671342685370744,2.9195234815713116
Bearing3_2,891,0.3571142284569138,2.850935814101514
Bearing3_2,892,0.35751503006012025,2.707816000223422
Bearing3_2,893,0.35791583166332663,2.6101491325053616
Bearing3_2,894,0.35831663326653307,2.4481392278694694
Bearing3_2,895,0.3587174348697395,2.222900884466971
Bearing3_2,896,0.3591182364729459,1.9584484482253397
Bearing3_2,897,0.3595190380761523,1.953099973015534
Bearing3_2,898,0.3599198396793587,1.937578562061971
Bearing3_2,899,0.36032064128256514,1.6925802673134271
Bearing3_2,900,0.36072144288577157,1.4860521376113276
Bearing3_2,901,0.36112224448897795,1.589095851542599
Bearing3_2,902,0.3615230460921844,1.628204186163699
Bearing3_2,903,0.36192384769539077,1.8335221039715441
Bearing3_2,904,0.3623246492985972,1.7329309948472011
Bearing3_2,905,0.3627254509018036,1.7298876308089732
Bearing3_2,906,0.36312625250501,1.8641890718837164
Bearing3_2,907,0.36352705410821645,1.9055879959686297
Bearing3_2,908,0.36392785571142283,2.0003121396824666
Bearing3_2,909,0.36432865731462927,2.5073183374355343
Bearing3_2,910,0.36472945891783565,2.6541529549635845
Bearing3_2,911,0.3651302605210421,2.788263691777378
Bearing3_2,912,0.3655310621242485,3.3912056097118013
Bearing3_2,913,0.3659318637274549,3.388780568356529
Bearing3_2,914,0.36633266533066133,3.766857371235389
Bearing3_2,915,0.3667334669338677,3.908135363482949
Bearing3_2,916,0.36713426853707415,3.819882070583372
Bearing3_2,917,0.3675350701402806,3.714219965359775
Bearing3_2,918,0.36793587174348696,3.5977722766265643
Bearing3_2,919,0.3683366733466934,3.8443019806315952
Bearing3_2,920,0.3687374749498998,3.701397545263711
Bearing3_2,921,0.3691382765531062,4.099757152623292
Bearing3_2,922,0.36953907815631265,4.2273865690851355
Bearing3_2,923,0.36993987975951903,5.399981855287947
Bearing3_2,924,0.37034068136272547,6.210207254514147
Bearing3_2,925,0.37074148296593185,7.069954294254886
Bearing3_2,926,0.3711422845691383,7.864444238276734
Bearing3_2,927,0.3715430861723447,9.062612236643458
Bearing3_2,928,0.3719438877755511,9.537625908035457
Bearing3_2,929,0.37234468937875753,9.760339319985043
Bearing3_2,930,0.3727454909819639,10.491222633664602
Bearing3_2,931,0.37314629258517035,10.831505615056084
Bearing3_2,932,0.3735470941883767,11.226878838646119
Bearing3_2,933,0.37394789579158316,11.1381353342355
Bearing3_2,934,0.3743486973947896,11.098492550191684
Bearing3_2,935,0.374749498997996,10.348538409715376
Bearing3_2,936,0.3751503006012024,10.527517262073493
Bearing3_2,937,0.3755511022044088,9.828467348681732
Bearing3_2,938,0.37595190380761523,9.813946500828873
Bearing3_2,939,0.37635270541082166,9.809411433994907
Bearing3_2,940,0.37675350701402804,10.04462835484296
Bearing3_2,941,0.3771543086172345,10.130991666487574
Bearing3_2,942,0.37755511022044086,10.210585500138233
Bearing3_2,943,0.3779559118236473,10.251789402417057
Bearing3_2,944,0.37835671342685373,10.163488726197048
Bearing3_2,945,0.3787575150300601,10.900053068636554
Bearing3_2,946,0.37915831663326655,11.17856106632266
Bearing3_2,947,0.3795591182364729,11.068672375782022
Bearing3_2,948,0.37995991983967936,11.66157641014911
Bearing3_2,949,0.3803607214428858,11.418805028793397
Bearing3_2,950,0.3807615230460922,10.875539954753298
Bearing3_2,951,0.3811623246492986,10.500619105010685
Bearing3_2,952,0.381563126252505,10.01785175728902
Bearing3_2,953,0.3819639278557114,9.702930743376857
Bearing3_2,954,0.38236472945891786,9.416128041106683
Bearing3_2,955,0.38276553106212424,8.790167889651116
Bearing3_2,956,0.3831663326653307,7.973941413746975
Bearing3_2,957,0.38356713426853706,8.328941689684441
Bearing3_2,958,0.3839679358717435,7.828754660280902
Bearing3_2,959,0.3843687374749499,7.897538847445555
Bearing3_2,960,0.3847695390781563,8.0819496510336
Bearing3_2,961,0.38517034068136274,7.986624405938555
Bearing3_2,962,0.3855711422845691,7.982066621877555
Bearing3_2,963,0.38597194388777556,7.806050676271974
Bearing3_2,964,0.38637274549098194,7.587494584087362
Bearing3_2,965,0.3867735470941884,8.058422429352586
Bearing3_2,966,0.3871743486973948,8.02427434256911
Bearing3_2,967,0.3875751503006012,8.04299863722751
Bearing3_2,968,0.3879759519038076,8.105039909808974
Bearing3_2,969,0.388376753507014,8.283940263126151
Bearing3_2,970,0.38877755511022044,8.377929647433076
Bearing3_2,971,0.3891783567134269,8.491569353625216
Bearing3_2,972,0.38957915831663326,8.658834264344762
Bearing3_2,973,0.3899799599198397,8.99466077411795
Bearing3_2,974,0.39038076152304607,9.04481862407853
Bearing3_2,975,0.3907815631262525,9.278989034331193
Bearing3_2,976,0.39118236472945894,9.338101496445216
Bearing3_2,977,0.3915831663326653,9.337744281506327
Bearing3_2,978,0.39198396793587176,9.322716071995563
Bearing3_2,979,0.39238476953907814,8.929960716811168
Bearing3_2,980,0.3927855711422846,8.998550280184437
Bearing3_2,981,0.393186372745491,9.492124627804525
Bearing3_2,982,0.3935871743486974,9.261605116774245
Bearing3_2,983,0.3939879759519038,8.94654563391818
Bearing3_2,984,0.3943887775551102,9.150641851902167
Bearing3_2,985,0.39478957915831664,8.0042702716472
Bearing3_2,986,0.395190380761523,8.138802006863534
Bearing3_2,987,0.39559118236472945,7.481782869156085
Bearing3_2,988,0.3959919839679359,7.687369632131441
Bearing3_2,989,0.39639278557114227,8.097431940473147
Bearing3_2,990,0.3967935871743487,8.284351684489108
Bearing3_2,991,0.3971943887775551,7.785285094251181
Bearing3_2,992,0.3975951903807615,7.702808726760734
Bearing3_2,993,0.39799599198396796,7.475171768282908
Bearing3_2,994,0.39839679358717434,6.738895709356692
Bearing3_2,995,0.39879759519038077,7.206253281878938
Bearing3_2,996,0.39919839679358715,7.195010286516451
Bearing3_2,997,0.3995991983967936,7.404574154300373
Bearing3_2,998,0.4,6.611807530907747
Bearing3_2,999,0.4004008016032064,5.953368151590951
Bearing3_2,1000,0.40080160320641284,5.19160674310481
Bearing3_2,1001,0.4012024048096192,4.818008993841586
Bearing3_2,1002,0.40160320641282565,5.2576940899582265
Bearing3_2,1003,0.4020040080160321,5.395289397179048
Bearing3_2,1004,0.40240480961923847,5.89484538292184
Bearing3_2,1005,0.4028056112224449,5.821362708415885
Bearing3_2,1006,0.4032064128256513,5.451695479537269
Bearing3_2,1007,0.4036072144288577,5.241187408570432
Bearing3_2,1008,0.40400801603206415,5.2210415454258925
Bearing3_2,1009,0.40440881763527053,5.3722896563216755
Bearing3_2,1010,0.40480961923847697,5.731480064046414
Bearing3_2,1011,0.40521042084168335,6.0219312895728105
Bearing3_2,1012,0.4056112224448898,5.675142199751297
Bearing3_2,1013,0.40601202404809617,5.457035027836828
Bearing3_2,1014,0.4064128256513026,5.516655336019488
Bearing3_2,1015,0.40681362725450904,5.147804955945033
Bearing3_2,1016,0.4072144288577154,5.044239324106948
Bearing3_2,1017,0.40761523046092185,5.935079003059499
Bearing3_2,1018,0.40801603206412823,6.54763509527614
Bearing3_2,1019,0.40841683366733467,6.429767021533744
Bearing3_2,1020,0.4088176352705411,6.244773777555676
Bearing3_2,1021,0.4092184368737475,5.905506086330307
Bearing3_2,1022,0.4096192384769539,6.015940119516728
Bearing3_2,1023,0.4100200400801603,6.718588459836097
Bearing3_2,1024,0.41042084168336673,7.201381134170158
Bearing3_2,1025,0.41082164328657317,8.377466984531855
Bearing3_2,1026,0.41122244488977955,9.370378169629015
Bearing3_2,1027,0.411623246492986,9.70479002479282
Bearing3_2,1028,0.41202404809619236,10.228820122165406
Bearing3_2,1029,0.4124248496993988,11.200533798009664
Bearing3_2,1030,0.41282565130260523,11.861165946650681
Bearing3_2,1031,0.4132264529058116,12.639886839627115
Bearing3_2,1032,0.41362725450901805,12.930125302220357
Bearing3_2,1033,0.41402805611222443,12.96123753745421
Bearing3_2,1034,0.41442885771543087,12.988255097963826
Bearing3_2,1035,0.4148296593186373,12.854711031543221
Bearing3_2,1036,0.4152304609218437,12.762117851650224
Bearing3_2,1037,0.4156312625250501,12.573412736065269
Bearing3_2,1038,0.4160320641282565,12.490134472910807
Bearing3_2,1039,0.41643286573146293,12.458480913968447
Bearing3_2,1040,0.4168336673346693,12.408571151991046
Bearing3_2,1041,0.41723446893787575,12.411986703827578
Bearing3_2,1042,0.4176352705410822,12.427659197773156
Bearing3_2,1043,0.41803607214428856,12.49720228669032
Bearing3_2,1044,0.418436873747495,12.522614569978769
Bearing3_2,1045,0.4188376753507014,12.532983269978072
Bearing3_2,1046,0.4192384769539078,12.55425948804091
Bearing3_2,1047,0.41963927855711425,12.49057018147661
Bearing3_2,1048,0.42004008016032063,12.401954072124019
Bearing3_2,1049,0.42044088176352706,12.272024847570162
Bearing3_2,1050,0.42084168336673344,12.180810110012635
Bearing3_2,1051,0.4212424849699399,12.030252163322054
Bearing3_2,1052,0.4216432865731463,11.860476096485579
Bearing3_2,1053,0.4220440881763527,11.645203799693274
Bearing3_2,1054,0.42244488977955913,11.484017753612926
Bearing3_2,1055,0.4228456913827655,11.319107587948887
Bearing3_2,1056,0.42324649298597194,11.151369590653333
Bearing3_2,1057,0.4236472945891784,11.099445682897036
Bearing3_2,1058,0.42404809619238476,11.060354060665789
Bearing3_2,1059,0.4244488977955912,10.97904888224353
Bearing3_2,1060,0.4248496993987976,10.881567953582175
Bearing3_2,1061,0.425250501002004,10.956072226430175
Bearing3_2,1062,0.42565130260521045,10.859316347974437
Bearing3_2,1063,0.4260521042084168,10.974585784627731
Bearing3_2,1064,0.42645290581162326,10.658474635189574
Bearing3_2,1065,0.42685370741482964,10.384664381123496
Bearing3_2,1066,0.4272545090180361,10.437669405613175
Bearing3_2,1067,0.4276553106212425,9.956466285174454
Bearing3_2,1068,0.4280561122244489,9.343442950117353
Bearing3_2,1069,0.42845691382765533,8.550856747044147
Bearing3_2,1070,0.4288577154308617,7.730641821778559
Bearing3_2,1071,0.42925851703406814,7.304537136576206
Bearing3_2,1072,0.4296593186372745,7.109870309307992
Bearing3_2,1073,0.43006012024048096,7.106346926803735
Bearing3_2,1074,0.4304609218436874,7.148093061314074
Bearing3_2,1075,0.4308617234468938,7.775211314575699
Bearing3_2,1076,0.4312625250501002,7.815946952160074
Bearing3_2,1077,0.4316633266533066,8.32321669572146
Bearing3_2,1078,0.432064128256513,8.994622226272975
Bearing3_2,1079,0.43246492985971946,9.941726784780624
Bearing3_2,1080,0.43286573146292584,10.92872349915791
Bearing3_2,1081,0.4332665330661323,11.449739874417459
Bearing3_2,1082,0.43366733466933866,11.843046986109488
Bearing3_2,1083,0.4340681362725451,11.866386574551436
Bearing3_2,1084,0.4344689378757515,12.294999761557682
Bearing3_2,1085,0.4348697394789579,12.07437023713387
Bearing3_2,1086,0.43527054108216434,12.096804367666653
Bearing3_2,1087,0.4356713426853707,12.172425399808551
Bearing3_2,1088,0.43607214428857716,12.165120840563732
Bearing3_2,1089,0.4364729458917836,12.150264348869275
Bearing3_2,1090,0.43687374749499,12.145780648340752
Bearing3_2,1091,0.4372745490981964,12.117830322006048
Bearing3_2,1092,0.4376753507014028,12.083306146296609
Bearing3_2,1093,0.4380761523046092,12.097740928536235
Bearing3_2,1094,0.43847695390781566,12.102891824360666
Bearing3_2,1095,0.43887775551102204,12.119248213010632
Bearing3_2,1096,0.4392785571142285,12.149682670322923
Bearing3_2,1097,0.43967935871743485,12.154713911459085
Bearing3_2,1098,0.4400801603206413,12.160029109448669
Bearing3_2,1099,0.44048096192384767,12.218166142126481
Bearing3_2,1100,0.4408817635270541,12.284099148139994
Bearing3_2,1101,0.44128256513026054,12.372268061638243
Bearing3_2,1102,0.4416833667334669,12.349619684931987
Bearing3_2,1103,0.44208416833667336,12.36933198273296
Bearing3_2,1104,0.44248496993987974,12.385482512727775
Bearing3_2,1105,0.44288577154308617,12.41683014006305
Bearing3_2,1106,0.4432865731462926,12.449137915864538
Bearing3_2,1107,0.443687374749499,12.495546132023252
Bearing3_2,1108,0.4440881763527054,12.532990594870641
Bearing3_2,1109,0.4444889779559118,12.469404299458972
Bearing3_2,1110,0.44488977955911824,12.36467203043378
Bearing3_2,1111,0.4452905811623247,12.197255506557715
Bearing3_2,1112,0.44569138276553105,12.327562676453374
Bearing3_2,1113,0.4460921843687375,12.255234183798851
Bearing3_2,1114,0.44649298597194387,12.212802086385818
Bearing3_2,1115,0.4468937875751503,12.086951418529905
Bearing3_2,1116,0.44729458917835674,12.05688593238878
Bearing3_2,1117,0.4476953907815631,11.912266484516056
Bearing3_2,1118,0.44809619238476955,11.803786292168123
Bearing3_2,1119,0.44849699398797593,11.737640666292151
Bearing3_2,1120,0.44889779559118237,11.700310709763718
Bearing3_2,1121,0.4492985971943888,11.71687445685535
Bearing3_2,1122,0.4496993987975952,11.58820197458401
Bearing3_2,1123,0.4501002004008016,11.574262041176562
Bearing3_2,1124,0.450501002004008,11.549157699688347
Bearing3_2,1125,0.45090180360721444,11.64283044084963
Bearing3_2,1126,0.4513026052104208,11.648151088182493
Bearing3_2,1127,0.45170340681362725,11.656471739490149
Bearing3_2,1128,0.4521042084168337,11.697718441352027
Bearing3_2,1129,0.45250501002004007,11.780530067047739
Bearing3_2,1130,0.4529058116232465,11.864712701706173
Bearing3_2,1131,0.4533066132264529,11.966011185627758
Bearing3_2,1132,0.4537074148296593,12.078763175027795
Bearing3_2,1133,0.45410821643286575,12.116342916978354
Bearing3_2,1134,0.45450901803607213,12.103609148580395
Bearing3_2,1135,0.45490981963927857,12.089590125413888
Bearing3_2,1136,0.45531062124248495,12.094239430766669
Bearing3_2,1137,0.4557114228456914,12.149832633870657
Bearing3_2,1138,0.4561122244488978,12.269856097399611
Bearing3_2,1139,0.4565130260521042,12.297801379033114
Bearing3_2,1140,0.45691382765531063,12.27825805321256
Bearing3_2,1141,0.457314629258517,12.23940235780454
Bearing3_2,1142,0.45771543086172345,12.1278975156484
Bearing3_2,1143,0.4581162324649299,12.123304518560378
Bearing3_2,1144,0.45851703406813626,12.126770188471179
Bearing3_2,1145,0.4589178356713427,12.079678818027686
Bearing3_2,1146,0.4593186372745491,12.078586207233647
Bearing3_2,1147,0.4597194388777555,12.097727854164125
Bearing3_2,1148,0.46012024048096195,12.001651808896906
Bearing3_2,1149,0.46052104208416833,11.996300550769096
Bearing3_2,1150,0.46092184368737477,12.072525802323067
Bearing3_2,1151,0.46132264529058115,12.064419646749823
Bearing3_2,1152,0.4617234468937876,12.166312501227882
Bearing3_2,1153,0.46212424849699396,12.251690732055872
Bearing3_2,1154,0.4625250501002004,12.297637655518756
Bearing3_2,1155,0.46292585170340683,12.32122196561539
Bearing3_2,1156,0.4633266533066132,12.299430811241475
Bearing3_2,1157,0.46372745490981965,12.293510965915047
Bearing3_2,1158,0.464128256513026,12.314690782653395
Bearing3_2,1159,0.46452905811623246,12.238346714353813
Bearing3_2,1160,0.4649298597194389,12.203743935342008
Bearing3_2,1161,0.4653306613226453,12.195734213646048
Bearing3_2,1162,0.4657314629258517,12.21348706314162
Bearing3_2,1163,0.4661322645290581,12.19772957323402
Bearing3_2,1164,0.46653306613226453,12.251254506883871
Bearing3_2,1165,0.46693386773547096,12.301859523080218
Bearing3_2,1166,0.46733466933867734,12.322160173836576
Bearing3_2,1167,0.4677354709418838,12.342206506259195
Bearing3_2,1168,0.46813627254509016,12.370015513771762
Bearing3_2,1169,0.4685370741482966,12.484072756851273
Bearing3_2,1170,0.46893787575150303,12.524488676787154
Bearing3_2,1171,0.4693386773547094,12.527592662797328
Bearing3_2,1172,0.46973947895791585,12.52030183159744
Bearing3_2,1173,0.4701402805611222,12.486716153160604
Bearing3_2,1174,0.47054108216432866,12.476296012747433
Bearing3_2,1175,0.4709418837675351,12.49677555287481
Bearing3_2,1176,0.4713426853707415,12.524763540807275
Bearing3_2,1177,0.4717434869739479,12.565811248676914
Bearing3_2,1178,0.4721442885771543,12.586512198379433
Bearing3_2,1179,0.4725450901803607,12.600442394382004
Bearing3_2,1180,0.4729458917835671,12.618755438665913
Bearing3_2,1181,0.47334669338677354,12.660437841864464
Bearing3_2,1182,0.47374749498998,12.74473464736689
Bearing3_2,1183,0.47414829659318636,12.768080190883538
Bearing3_2,1184,0.4745490981963928,12.724550557472375
Bearing3_2,1185,0.4749498997995992,12.722000907255772
Bearing3_2,1186,0.4753507014028056,12.704532666141732
Bearing3_2,1187,0.47575150300601204,12.786621904572655
Bearing3_2,1188,0.4761523046092184,12.756128294955849
Bearing3_2,1189,0.47655310621242486,12.70694995216802
Bearing3_2,1190,0.47695390781563124,12.522981067621037
Bearing3_2,1191,0.4773547094188377,12.555564409832174
Bearing3_2,1192,0.4777555110220441,12.51358242512832
Bearing3_2,1193,0.4781563126252505,12.382291138642534
Bearing3_2,1194,0.4785571142284569,12.219168955649804
Bearing3_2,1195,0.4789579158316633,11.888546690264866
Bearing3_2,1196,0.47935871743486974,11.596541663829004
Bearing3_2,1197,0.4797595190380762,11.252097363808094
Bearing3_2,1198,0.48016032064128256,11.005632417811352
Bearing3_2,1199,0.480561122244489,10.698504021532077
Bearing3_2,1200,0.48096192384769537,10.566778782607358
Bearing3_2,1201,0.4813627254509018,10.221081642028892
Bearing3_2,1202,0.48176352705410824,9.78565952532694
Bearing3_2,1203,0.4821643286573146,9.674623507275093
Bearing3_2,1204,0.48256513026052106,9.71509223831787
Bearing3_2,1205,0.48296593186372744,9.822963737958563
Bearing3_2,1206,0.4833667334669339,9.962251462115425
Bearing3_2,1207,0.48376753507014025,9.862623483760965
Bearing3_2,1208,0.4841683366733467,9.743753528561475
Bearing3_2,1209,0.4845691382765531,9.91529347573425
Bearing3_2,1210,0.4849699398797595,10.081731254479802
Bearing3_2,1211,0.48537074148296594,10.268180207028063
Bearing3_2,1212,0.4857715430861723,10.52398442126415
Bearing3_2,1213,0.48617234468937875,10.557219761884067
Bearing3_2,1214,0.4865731462925852,10.541295240028226
Bearing3_2,1215,0.48697394789579157,10.489920809466781
Bearing3_2,1216,0.487374749498998,10.405651085473018
Bearing3_2,1217,0.4877755511022044,10.64193080096931
Bearing3_2,1218,0.4881763527054108,10.879498725818426
Bearing3_2,1219,0.48857715430861726,10.897223260722592
Bearing3_2,1220,0.48897795591182364,10.976618853145418
Bearing3_2,1221,0.48937875751503007,10.981105689216525
Bearing3_2,1222,0.48977955911823645,10.945878774485275
Bearing3_2,1223,0.4901803607214429,11.076051354532735
Bearing3_2,1224,0.4905811623246493,11.16374857019592
Bearing3_2,1225,0.4909819639278557,11.495475336027793
Bearing3_2,1226,0.49138276553106214,11.744216447947833
Bearing3_2,1227,0.4917835671342685,11.875972416723158
Bearing3_2,1228,0.49218436873747495,12.02135918562958
Bearing3_2,1229,0.4925851703406814,12.177136055730623
Bearing3_2,1230,0.49298597194388777,12.256634949378647
Bearing3_2,1231,0.4933867735470942,12.43549898986935
Bearing3_2,1232,0.4937875751503006,12.617929760222996
Bearing3_2,1233,0.494188376753507,12.787799254120614
Bearing3_2,1234,0.4945891783567134,12.919181366841087
Bearing3_2,1235,0.49498997995991983,12.937205037809258
Bearing3_2,1236,0.49539078156312627,13.008348941577083
Bearing3_2,1237,0.49579158316633265,13.0569409179564
Bearing3_2,1238,0.4961923847695391,13.14002479308382
Bearing3_2,1239,0.49659318637274547,13.234391521392777
Bearing3_2,1240,0.4969939879759519,13.323184938900258
Bearing3_2,1241,0.49739478957915834,13.384302652194734
Bearing3_2,1242,0.4977955911823647,13.476617201254843
Bearing3_2,1243,0.49819639278557115,13.561441917108287
Bearing3_2,1244,0.49859719438877753,13.561994582982745
Bearing3_2,1245,0.49899799599198397,13.5200187676257
Bearing3_2,1246,0.4993987975951904,13.436942659696658
Bearing3_2,1247,0.4997995991983968,13.40091160781705
Bearing3_2,1248,0.5002004008016032,13.336503215159087
Bearing3_2,1249,0.5006012024048097,13.270426358154698
Bearing3_2,1250,0.501002004008016,13.183817367758007
Bearing3_2,1251,0.5014028056112224,13.083055946572268
Bearing3_2,1252,0.5018036072144288,13.041771872242041
Bearing3_2,1253,0.5022044088176353,12.938674578144225
Bearing3_2,1254,0.5026052104208417,12.952024902847267
Bearing3_2,1255,0.503006012024048,12.982963272799646
Bearing3_2,1256,0.5034068136272545,13.075844388862729
Bearing3_2,1257,0.5038076152304609,13.089699521912877
Bearing3_2,1258,0.5042084168336673,13.037246747939449
Bearing3_2,1259,0.5046092184368738,12.981348307650581
Bearing3_2,1260,0.5050100200400801,12.969282047668324
Bearing3_2,1261,0.5054108216432865,13.003227735784387
Bearing3_2,1262,0.505811623246493,12.953531404657829
Bearing3_2,1263,0.5062124248496994,12.919874164004796
Bearing3_2,1264,0.5066132264529059,12.941034018324435
Bearing3_2,1265,0.5070140280561122,12.91993492998875
Bearing3_2,1266,0.5074148296593186,12.83700388366268
Bearing3_2,1267,0.507815631262525,12.773275495743125
Bearing3_2,1268,0.5082164328657315,12.877266330745076
Bearing3_2,1269,0.5086172344689379,12.804811055196808
Bearing3_2,1270,0.5090180360721442,12.624184247163273
Bearing3_2,1271,0.5094188376753507,12.442853909229965
Bearing3_2,1272,0.5098196392785571,12.142421164285471
Bearing3_2,1273,0.5102204408817635,11.912076862308862
Bearing3_2,1274,0.51062124248497,11.473871732193562
Bearing3_2,1275,0.5110220440881763,11.255442854171449
Bearing3_2,1276,0.5114228456913827,11.165228654036987
Bearing3_2,1277,0.5118236472945892,11.165036758576877
Bearing3_2,1278,0.5122244488977956,11.056121876552483
Bearing3_2,1279,0.512625250501002,11.124018858065856
Bearing3_2,1280,0.5130260521042084,11.245195562244117
Bearing3_2,1281,0.5134268537074148,11.354848436216642
Bearing3_2,1282,0.5138276553106212,11.65434672514883
Bearing3_2,1283,0.5142284569138277,11.850548817906168
Bearing3_2,1284,0.5146292585170341,12.208831039595452
Bearing3_2,1285,0.5150300601202404,12.377530605568872
Bearing3_2,1286,0.5154308617234469,12.532498701502695
Bearing3_2,1287,0.5158316633266533,12.542352731260419
Bearing3_2,1288,0.5162324649298597,12.551752322915473
Bearing3_2,1289,0.5166332665330662,12.54947888625845
Bearing3_2,1290,0.5170340681362725,12.567636985521935
Bearing3_2,1291,0.5174348697394789,12.571347131976113
Bearing3_2,1292,0.5178356713426854,12.50426196794546
Bearing3_2,1293,0.5182364729458918,12.459075229086277
Bearing3_2,1294,0.5186372745490982,12.443362735938866
Bearing3_2,1295,0.5190380761523046,12.425217495880517
Bearing3_2,1296,0.519438877755511,12.322786051164494
Bearing3_2,1297,0.5198396793587174,12.329353181766388
Bearing3_2,1298,0.5202404809619239,12.369016850902982
Bearing3_2,1299,0.5206412825651303,12.39647955139827
Bearing3_2,1300,0.5210420841683366,12.430837514865956
Bearing3_2,1301,0.5214428857715431,12.431591131142977
Bearing3_2,1302,0.5218436873747495,12.504027017188946
Bearing3_2,1303,0.522244488977956,12.583878188972651
Bearing3_2,1304,0.5226452905811623,12.595037691685338
Bearing3_2,1305,0.5230460921843687,12.618047038003708
Bearing3_2,1306,0.5234468937875751,12.733358766384239
Bearing3_2,1307,0.5238476953907816,12.797213750285328
Bearing3_2,1308,0.524248496993988,12.819020076753436
Bearing3_2,1309,0.5246492985971943,12.865672211763584
Bearing3_2,1310,0.5250501002004008,12.897636707822821
Bearing3_2,1311,0.5254509018036072,12.959766835684661
Bearing3_2,1312,0.5258517034068136,12.943900259971006
Bearing3_2,1313,0.5262525050100201,12.966452527593257
Bearing3_2,1314,0.5266533066132264,13.030859342711853
Bearing3_2,1315,0.5270541082164328,13.070193111101815
Bearing3_2,1316,0.5274549098196393,13.038496816026543
Bearing3_2,1317,0.5278557114228457,12.98905180186469
Bearing3_2,1318,0.5282565130260521,12.995880917373643
Bearing3_2,1319,0.5286573146292585,13.000020135541098
Bearing3_2,1320,0.5290581162324649,13.05104601202235
Bearing3_2,1321,0.5294589178356713,13.056672676242503
Bearing3_2,1322,0.5298597194388778,12.96838312132557
Bearing3_2,1323,0.5302605210420842,12.873416606170917
Bearing3_2,1324,0.5306613226452905,12.800192416184553
Bearing3_2,1325,0.531062124248497,12.783246844884411
Bearing3_2,1326,0.5314629258517034,12.743514239806661
Bearing3_2,1327,0.5318637274549098,12.651580452226593
Bearing3_2,1328,0.5322645290581163,12.498284401104048
Bearing3_2,1329,0.5326653306613226,12.437814448290972
Bearing3_2,1330,0.533066132264529,12.280221724445457
Bearing3_2,1331,0.5334669338677355,12.243158172349414
Bearing3_2,1332,0.5338677354709419,12.252348641580635
Bearing3_2,1333,0.5342685370741483,12.207463271070559
Bearing3_2,1334,0.5346693386773547,12.012347109723063
Bearing3_2,1335,0.5350701402805611,11.881184879914574
Bearing3_2,1336,0.5354709418837675,11.753593968904616
Bearing3_2,1337,0.535871743486974,11.789023703820499
Bearing3_2,1338,0.5362725450901804,11.992464497040036
Bearing3_2,1339,0.5366733466933867,12.054573556517326
Bearing3_2,1340,0.5370741482965932,12.152944103637283
Bearing3_2,1341,0.5374749498997996,12.153554757573191
Bearing3_2,1342,0.537875751503006,12.284302403811528
Bearing3_2,1343,0.5382765531062125,12.413408278248871
Bearing3_2,1344,0.5386773547094188,12.671632059415606
Bearing3_2,1345,0.5390781563126252,12.826559685724295
Bearing3_2,1346,0.5394789579158317,13.01747054935428
Bearing3_2,1347,0.5398797595190381,13.1527435515332
Bearing3_2,1348,0.5402805611222445,13.17317891588761
Bearing3_2,1349,0.5406813627254509,13.16691732490484
Bearing3_2,1350,0.5410821643286573,13.149830024239435
Bearing3_2,1351,0.5414829659318637,13.19596221516098
Bearing3_2,1352,0.5418837675350702,13.16183347159525
Bearing3_2,1353,0.5422845691382766,13.196291566524085
Bearing3_2,1354,0.5426853707414829,13.213105398262224
Bearing3_2,1355,0.5430861723446894,13.204102033927336
Bearing3_2,1356,0.5434869739478958,13.223654844423603
Bearing3_2,1357,0.5438877755511022,13.208959006498684
Bearing3_2,1358,0.5442885771543087,13.216340693104616
Bearing3_2,1359,0.544689378757515,13.24504978180733
Bearing3_2,1360,0.5450901803607214,13.306496900539553
Bearing3_2,1361,0.5454909819639279,13.316560688231988
Bearing3_2,1362,0.5458917835671343,13.365918972128142
Bearing3_2,1363,0.5462925851703406,13.322212040376929
Bearing3_2,1364,0.5466933867735471,13.325821583459689
Bearing3_2,1365,0.5470941883767535,13.367858047038812
Bearing3_2,1366,0.5474949899799599,13.353244176579377
Bearing3_2,1367,0.5478957915831664,13.359528992889818
Bearing3_2,1368,0.5482965931863727,13.25711066048856
Bearing3_2,1369,0.5486973947895791,13.190943779807071
Bearing3_2,1370,0.5490981963927856,13.084432611960423
Bearing3_2,1371,0.549498997995992,12.975660934153211
Bearing3_2,1372,0.5498997995991984,12.862278268263793
Bearing3_2,1373,0.5503006012024048,12.853637176170896
Bearing3_2,1374,0.5507014028056112,12.85847799177952
Bearing3_2,1375,0.5511022044088176,12.814929375932461
Bearing3_2,1376,0.5515030060120241,12.776770707071387
Bearing3_2,1377,0.5519038076152305,12.793232160715364
Bearing3_2,1378,0.5523046092184368,12.845967459846516
Bearing3_2,1379,0.5527054108216433,12.911056720387142
Bearing3_2,1380,0.5531062124248497,13.0057964914654
Bearing3_2,1381,0.5535070140280561,13.097254897819903
Bearing3_2,1382,0.5539078156312626,13.202002245568025
Bearing3_2,1383,0.5543086172344689,13.25029147767828
Bearing3_2,1384,0.5547094188376753,13.243084171642334
Bearing3_2,1385,0.5551102204408818,13.313916697902647
Bearing3_2,1386,0.5555110220440882,13.38310065418464
Bearing3_2,1387,0.5559118236472946,13.377068247654886
Bearing3_2,1388,0.556312625250501,13.393683162697391
Bearing3_2,1389,0.5567134268537074,13.390871085626392
Bearing3_2,1390,0.5571142284569138,13.362049320152883
Bearing3_2,1391,0.5575150300601203,13.34989110816532
Bearing3_2,1392,0.5579158316633267,13.280534149730482
Bearing3_2,1393,0.558316633266533,13.203440928166913
Bearing3_2,1394,0.5587174348697395,13.080500597743486
Bearing3_2,1395,0.5591182364729459,13.024893706448443
Bearing3_2,1396,0.5595190380761523,12.9704350224281
Bearing3_2,1397,0.5599198396793588,12.912172286929742
Bearing3_2,1398,0.5603206412825651,12.878264735834557
Bearing3_2,1399,0.5607214428857715,12.852560974447877
Bearing3_2,1400,0.561122244488978,12.94187586063075
Bearing3_2,1401,0.5615230460921844,12.939171587887042
Bearing3_2,1402,0.5619238476953908,12.968157596909709
Bearing3_2,1403,0.5623246492985972,13.032021957080056
Bearing3_2,1404,0.5627254509018036,13.136068036133443
Bearing3_2,1405,0.56312625250501,13.08826959261619
Bearing3_2,1406,0.5635270541082165,13.053531787432362
Bearing3_2,1407,0.5639278557114229,12.997900433582748
Bearing3_2,1408,0.5643286573146292,12.780971280664394
Bearing3_2,1409,0.5647294589178357,12.518261916717602
Bearing3_2,1410,0.5651302605210421,12.23118178944057
Bearing3_2,1411,0.5655310621242485,11.991238451179118
Bearing3_2,1412,0.565931863727455,11.90632003090123
Bearing3_2,1413,0.5663326653306613,11.836126695216668
Bearing3_2,1414,0.5667334669338677,11.801468799615336
Bearing3_2,1415,0.5671342685370742,11.736418562982537
Bearing3_2,1416,0.5675350701402806,11.792927148767244
Bearing3_2,1417,0.5679358717434869,11.84062516244618
Bearing3_2,1418,0.5683366733466934,12.076744905924883
Bearing3_2,1419,0.5687374749498998,12.306593319567844
Bearing3_2,1420,0.5691382765531062,12.504990163135023
Bearing3_2,1421,0.5695390781563127,12.767992303096232
Bearing3_2,1422,0.569939879759519,12.860223873061793
Bearing3_2,1423,0.5703406813627254,12.90299182431861
Bearing3_2,1424,0.5707414829659319,12.949578645970286
Bearing3_2,1425,0.5711422845691383,13.069094092939912
Bearing3_2,1426,0.5715430861723447,13.083135371143062
Bearing3_2,1427,0.571943887775551,12.97409497176992
Bearing3_2,1428,0.5723446893787575,12.748320484855077
Bearing3_2,1429,0.5727454909819639,12.62971368365397
Bearing3_2,1430,0.5731462925851704,12.529338786682533
Bearing3_2,1431,0.5735470941883768,12.489600238298273
Bearing3_2,1432,0.5739478957915831,12.430598014377011
Bearing3_2,1433,0.5743486973947896,12.39215061667752
Bearing3_2,1434,0.574749498997996,12.494273409301519
Bearing3_2,1435,0.5751503006012024,12.487657067358013
Bearing3_2,1436,0.5755511022044089,12.451935287167855
Bearing3_2,1437,0.5759519038076152,12.576010130732081
Bearing3_2,1438,0.5763527054108216,12.801042647540324
Bearing3_2,1439,0.576753507014028,12.977332854712056
Bearing3_2,1440,0.5771543086172345,13.09214872281952
Bearing3_2,1441,0.5775551102204409,13.144340396893744
Bearing3_2,1442,0.5779559118236473,13.224651198628516
Bearing3_2,1443,0.5783567134268537,13.32387804400675
Bearing3_2,1444,0.5787575150300601,13.191088144304757
Bearing3_2,1445,0.5791583166332666,13.216192735719156
Bearing3_2,1446,0.579559118236473,13.236166185537522
Bearing3_2,1447,0.5799599198396793,13.30348497927962
Bearing3_2,1448,0.5803607214428858,13.341827057786503
Bearing3_2,1449,0.5807615230460922,13.370605949715543
Bearing3_2,1450,0.5811623246492986,13.400601816291143
Bearing3_2,1451,0.5815631262525051,13.353865860818331
Bearing3_2,1452,0.5819639278557114,13.308203113483273
Bearing3_2,1453,0.5823647294589178,13.266415474183407
Bearing3_2,1454,0.5827655310621243,13.277413325785963
Bearing3_2,1455,0.5831663326653307,13.232436490067823
Bearing3_2,1456,0.5835671342685371,13.197770551166396
Bearing3_2,1457,0.5839679358717434,13.032080777157713
Bearing3_2,1458,0.5843687374749499,12.874127512400673
Bearing3_2,1459,0.5847695390781563,12.70939539328191
Bearing3_2,1460,0.5851703406813628,12.632297578513278
Bearing3_2,1461,0.5855711422845692,12.624075815152112
Bearing3_2,1462,0.5859719438877755,12.676017343698962
Bearing3_2,1463,0.586372745490982,12.632268386553054
Bearing3_2,1464,0.5867735470941884,12.676474081202093
Bearing3_2,1465,0.5871743486973948,12.717497449230473
Bearing3_2,1466,0.5875751503006013,12.753510180486296
Bearing3_2,1467,0.5879759519038076,12.88023710868888
Bearing3_2,1468,0.588376753507014,12.962298774502631
Bearing3_2,1469,0.5887775551102205,13.09587907289448
Bearing3_2,1470,0.5891783567134269,13.144626574477659
Bearing3_2,1471,0.5895791583166332,13.18394835384331
Bearing3_2,1472,0.5899799599198396,13.1684085854302
Bearing3_2,1473,0.5903807615230461,13.281627997860435
Bearing3_2,1474,0.5907815631262525,13.220320778536916
Bearing3_2,1475,0.591182364729459,13.24079592033099
Bearing3_2,1476,0.5915831663326653,13.24311370241026
Bearing3_2,1477,0.5919839679358717,13.247576518196416
Bearing3_2,1478,0.5923847695390781,13.280701673071508
Bearing3_2,1479,0.5927855711422846,13.272326366864334
Bearing3_2,1480,0.593186372745491,13.266142809919538
Bearing3_2,1481,0.5935871743486973,13.260140300218335
Bearing3_2,1482,0.5939879759519038,13.326622308503138
Bearing3_2,1483,0.5943887775551102,13.19425699979089
Bearing3_2,1484,0.5947895791583167,13.17071242372737
Bearing3_2,1485,0.5951903807615231,13.072124352962476
Bearing3_2,1486,0.5955911823647294,13.013205666907009
Bearing3_2,1487,0.5959919839679358,12.828399958790996
Bearing3_2,1488,0.5963927855711423,12.63519334500788
Bearing3_2,1489,0.5967935871743487,12.406749539058861
Bearing3_2,1490,0.5971943887775552,12.2609010540163
Bearing3_2,1491,0.5975951903807615,12.127448842572862
Bearing3_2,1492,0.5979959919839679,12.002283335735186
Bearing3_2,1493,0.5983967935871743,11.98346894179173
Bearing3_2,1494,0.5987975951903808,12.001798967450005
Bearing3_2,1495,0.5991983967935872,12.021619166712814
Bearing3_2,1496,0.5995991983967935,12.027661339120268
Bearing3_2,1497,0.6,12.185404087141233
Bearing3_2,1498,0.6004008016032064,12.378585858234747
Bearing3_2,1499,0.6008016032064128,12.597168838745105
Bearing3_2,1500,0.6012024048096193,12.755545001931086
Bearing3_2,1501,0.6016032064128256,12.90225800477944
Bearing3_2,1502,0.602004008016032,12.972975808152176
Bearing3_2,1503,0.6024048096192385,13.036522965589725
Bearing3_2,1504,0.6028056112224449,13.060881127123917
Bearing3_2,1505,0.6032064128256514,13.123165327789952
Bearing3_2,1506,0.6036072144288577,13.126987142788618
Bearing3_2,1507,0.6040080160320641,13.119822875235633
Bearing3_2,1508,0.6044088176352705,13.294546858296403
Bearing3_2,1509,0.604809619238477,13.312212677396577
Bearing3_2,1510,0.6052104208416834,13.29666110095522
Bearing3_2,1511,0.6056112224448897,13.27849385574273
Bearing3_2,1512,0.6060120240480962,13.293453308102219
Bearing3_2,1513,0.6064128256513026,13.297533482333815
Bearing3_2,1514,0.606813627254509,13.310846987608954
Bearing3_2,1515,0.6072144288577155,13.30812972924343
Bearing3_2,1516,0.6076152304609218,13.361953547790558
Bearing3_2,1517,0.6080160320641282,13.418057041708044
Bearing3_2,1518,0.6084168336673347,13.280424094417981
Bearing3_2,1519,0.6088176352705411,13.280213121358207
Bearing3_2,1520,0.6092184368737475,13.250151168912755
Bearing3_2,1521,0.6096192384769539,13.272463384249438
Bearing3_2,1522,0.6100200400801603,13.199612480133965
Bearing3_2,1523,0.6104208416833667,13.098021044753603
Bearing3_2,1524,0.6108216432865732,12.942597749439381
Bearing3_2,1525,0.6112224448897795,13.017092612212258
Bearing3_2,1526,0.6116232464929859,12.942404710894696
Bearing3_2,1527,0.6120240480961924,12.890546238117306
Bearing3_2,1528,0.6124248496993988,12.830444250637337
Bearing3_2,1529,0.6128256513026052,12.812703210148646
Bearing3_2,1530,0.6132264529058116,12.849201491260942
Bearing3_2,1531,0.613627254509018,12.900291250527994
Bearing3_2,1532,0.6140280561122244,13.05019381231279
Bearing3_2,1533,0.6144288577154309,13.246531924029814
Bearing3_2,1534,0.6148296593186373,13.532498746563618
Bearing3_2,1535,0.6152304609218436,13.513740929789368
Bearing3_2,1536,0.6156312625250501,13.652440736726934
Bearing3_2,1537,0.6160320641282565,13.695840858892307
Bearing3_2,1538,0.6164328657314629,13.766546939474711
Bearing3_2,1539,0.6168336673346694,13.811101885699035
Bearing3_2,1540,0.6172344689378757,13.870482909508553
Bearing3_2,1541,0.6176352705410821,13.951501381244004
Bearing3_2,1542,0.6180360721442886,13.935720579726375
Bearing3_2,1543,0.618436873747495,13.928282101916263
Bearing3_2,1544,0.6188376753507014,13.70159448397751
Bearing3_2,1545,0.6192384769539078,13.567013886805304
Bearing3_2,1546,0.6196392785571142,13.437437966937011
Bearing3_2,1547,0.6200400801603206,13.249836996005419
Bearing3_2,1548,0.6204408817635271,13.158498160484626
Bearing3_2,1549,0.6208416833667335,12.953105165966196
Bearing3_2,1550,0.6212424849699398,12.538386820421836
Bearing3_2,1551,0.6216432865731463,12.222032110504003
Bearing3_2,1552,0.6220440881763527,12.015921580535727
Bearing3_2,1553,0.6224448897795591,11.831659302387756
Bearing3_2,1554,0.6228456913827656,11.884195337642561
Bearing3_2,1555,0.6232464929859719,11.887844445322408
Bearing3_2,1556,0.6236472945891783,11.871755416308165
Bearing3_2,1557,0.6240480961923848,11.981610077379234
Bearing3_2,1558,0.6244488977955912,12.12892072638017
Bearing3_2,1559,0.6248496993987976,12.260701965937454
Bearing3_2,1560,0.625250501002004,12.596071552533848
Bearing3_2,1561,0.6256513026052104,12.756274682683735
Bearing3_2,1562,0.6260521042084168,12.930262199900435
Bearing3_2,1563,0.6264529058116233,13.053962779517551
Bearing3_2,1564,0.6268537074148297,13.175378124493099
Bearing3_2,1565,0.627254509018036,13.231956751289925
Bearing3_2,1566,0.6276553106212425,13.269495467562686
Bearing3_2,1567,0.6280561122244489,13.31469828382339
Bearing3_2,1568,0.6284569138276553,13.230928642604036
Bearing3_2,1569,0.6288577154308618,13.246189635503466
Bearing3_2,1570,0.6292585170340681,13.252081121299335
Bearing3_2,1571,0.6296593186372745,13.233517186264592
Bearing3_2,1572,0.630060120240481,13.198763430008531
Bearing3_2,1573,0.6304609218436874,13.20101379855581
Bearing3_2,1574,0.6308617234468938,13.140374164416414
Bearing3_2,1575,0.6312625250501002,13.159573885923205
Bearing3_2,1576,0.6316633266533066,13.209409092732216
Bearing3_2,1577,0.632064128256513,13.239553941452215
Bearing3_2,1578,0.6324649298597195,13.222676165747632
Bearing3_2,1579,0.6328657314629259,13.23870276385792
Bearing3_2,1580,0.6332665330661322,13.288335257624974
Bearing3_2,1581,0.6336673346693387,13.372333780386551
Bearing3_2,1582,0.6340681362725451,13.419146928106723
Bearing3_2,1583,0.6344689378757515,13.401530074325768
Bearing3_2,1584,0.6348697394789579,13.395905628595983
Bearing3_2,1585,0.6352705410821643,13.309536278034505
Bearing3_2,1586,0.6356713426853707,13.209299350258636
Bearing3_2,1587,0.6360721442885772,13.116118922218485
Bearing3_2,1588,0.6364729458917836,13.158765552001393
Bearing3_2,1589,0.6368737474949899,13.12689392208183
Bearing3_2,1590,0.6372745490981964,13.177763160708958
Bearing3_2,1591,0.6376753507014028,13.28106401527819
Bearing3_2,1592,0.6380761523046092,13.212372398417761
Bearing3_2,1593,0.6384769539078157,13.19932107378446
Bearing3_2,1594,0.638877755511022,13.101105448503876
Bearing3_2,1595,0.6392785571142284,13.141878774320949
Bearing3_2,1596,0.6396793587174349,13.225092271644735
Bearing3_2,1597,0.6400801603206413,13.305865100627932
Bearing3_2,1598,0.6404809619238477,13.310457823851754
Bearing3_2,1599,0.6408817635270541,13.432292772739274
Bearing3_2,1600,0.6412825651302605,13.427307563940591
Bearing3_2,1601,0.6416833667334669,13.339255855514619
Bearing3_2,1602,0.6420841683366734,13.389019816714804
Bearing3_2,1603,0.6424849699398798,13.465848829722825
Bearing3_2,1604,0.6428857715430861,13.562222777155165
Bearing3_2,1605,0.6432865731462926,13.653935456929194
Bearing3_2,1606,0.643687374749499,13.594585176038418
Bearing3_2,1607,0.6440881763527054,13.487195404247297
Bearing3_2,1608,0.6444889779559119,13.39281722075429
Bearing3_2,1609,0.6448897795591182,13.300966700531337
Bearing3_2,1610,0.6452905811623246,13.240755117646534
Bearing3_2,1611,0.6456913827655311,13.238316295195741
Bearing3_2,1612,0.6460921843687375,13.22203635964151
Bearing3_2,1613,0.6464929859719439,13.205139009473413
Bearing3_2,1614,0.6468937875751503,13.271589468203777
Bearing3_2,1615,0.6472945891783567,13.316718650212797
Bearing3_2,1616,0.6476953907815631,13.436858463727997
Bearing3_2,1617,0.6480961923847696,13.563763990122558
Bearing3_2,1618,0.648496993987976,13.657360949844778
Bearing3_2,1619,0.6488977955911823,13.69737086877178
Bearing3_2,1620,0.6492985971943888,13.704782355715741
Bearing3_2,1621,0.6496993987975952,13.648528574382993
Bearing3_2,1622,0.6501002004008016,13.568455489697095
Bearing3_2,1623,0.6505010020040081,13.403873565463789
Bearing3_2,1624,0.6509018036072144,13.260067163210172
Bearing3_2,1625,0.6513026052104208,13.108906595073623
Bearing3_2,1626,0.6517034068136273,13.001639984065829
Bearing3_2,1627,0.6521042084168337,12.986318934939742
Bearing3_2,1628,0.6525050100200401,12.952613688697777
Bearing3_2,1629,0.6529058116232465,12.938793637686114
Bearing3_2,1630,0.6533066132264529,12.948888750409344
Bearing3_2,1631,0.6537074148296593,12.997160676316913
Bearing3_2,1632,0.6541082164328658,13.093745737337745
Bearing3_2,1633,0.6545090180360722,13.213844137255204
Bearing3_2,1634,0.6549098196392785,13.338883729849247
Bearing3_2,1635,0.655310621242485,13.399693730131608
Bearing3_2,1636,0.6557114228456914,13.412572239111416
Bearing3_2,1637,0.6561122244488978,13.428246579498808
Bearing3_2,1638,0.6565130260521042,13.447378623585127
Bearing3_2,1639,0.6569138276553106,13.463152802108013
Bearing3_2,1640,0.657314629258517,13.518635810572144
Bearing3_2,1641,0.6577154308617235,13.541137867205913
Bearing3_2,1642,0.6581162324649299,13.552000074942764
Bearing3_2,1643,0.6585170340681362,13.61167769713182
Bearing3_2,1644,0.6589178356713427,13.568288510961704
Bearing3_2,1645,0.6593186372745491,13.578658158158726
Bearing3_2,1646,0.6597194388777555,13.633774990793842
Bearing3_2,1647,0.660120240480962,13.573263276824084
Bearing3_2,1648,0.6605210420841683,13.500692008820655
Bearing3_2,1649,0.6609218436873747,13.469628292915043
Bearing3_2,1650,0.6613226452905812,13.377631233682234
Bearing3_2,1651,0.6617234468937876,13.295129013771623
Bearing3_2,1652,0.662124248496994,13.27172437694571
Bearing3_2,1653,0.6625250501002004,13.221329363410874
Bearing3_2,1654,0.6629258517034068,13.219188111313423
Bearing3_2,1655,0.6633266533066132,13.246166677222348
Bearing3_2,1656,0.6637274549098197,13.25199697283426
Bearing3_2,1657,0.6641282565130261,13.326016723776187
Bearing3_2,1658,0.6645290581162324,13.409805740403291
Bearing3_2,1659,0.6649298597194389,13.376839269742897
Bearing3_2,1660,0.6653306613226453,13.417773238814272
Bearing3_2,1661,0.6657314629258517,13.442544650995718
Bearing3_2,1662,0.6661322645290582,13.456995755772732
Bearing3_2,1663,0.6665330661322645,13.483674663036487
Bearing3_2,1664,0.6669338677354709,13.504241967586239
Bearing3_2,1665,0.6673346693386774,13.502785378876386
Bearing3_2,1666,0.6677354709418838,13.520388261772217
Bearing3_2,1667,0.6681362725450902,13.528606110574893
Bearing3_2,1668,0.6685370741482966,13.509023993583895
Bearing3_2,1669,0.668937875751503,13.541879467038104
Bearing3_2,1670,0.6693386773547094,13.549157595653705
Bearing3_2,1671,0.6697394789579159,13.565486173220014
Bearing3_2,1672,0.6701402805611223,13.562133989261369
Bearing3_2,1673,0.6705410821643286,13.5886181079014
Bearing3_2,1674,0.670941883767535,13.60008636935876
Bearing3_2,1675,0.6713426853707415,13.580500089550744
Bearing3_2,1676,0.6717434869739479,13.618044288075925
Bearing3_2,1677,0.6721442885771544,13.66399891232324
Bearing3_2,1678,0.6725450901803607,13.72625510425494
Bearing3_2,1679,0.6729458917835671,13.815758235084356
Bearing3_2,1680,0.6733466933867736,13.874848071821773
Bearing3_2,1681,0.67374749498998,13.830536402074454
Bearing3_2,1682,0.6741482965931864,13.826006874316182
Bearing3_2,1683,0.6745490981963927,13.843956956540945
Bearing3_2,1684,0.6749498997995992,13.84072276844272
Bearing3_2,1685,0.6753507014028056,13.851227898144042
Bearing3_2,1686,0.675751503006012,13.8207034462607
Bearing3_2,1687,0.6761523046092185,13.810168897225363
Bearing3_2,1688,0.6765531062124248,13.766383063587691
Bearing3_2,1689,0.6769539078156313,13.666576054796948
Bearing3_2,1690,0.6773547094188377,13.522583977797439
Bearing3_2,1691,0.6777555110220441,12.551729731611527
Bearing3_2,1692,0.6781563126252504,11.855107970818485
Bearing3_2,1693,0.6785571142284569,11.790923016690323
Bearing3_2,1694,0.6789579158316633,11.798248993165497
Bearing3_2,1695,0.6793587174348698,11.837617950573977
Bearing3_2,1696,0.6797595190380762,11.86740965481758
Bearing3_2,1697,0.6801603206412825,11.835470830393115
Bearing3_2,1698,0.680561122244489,11.813719707515485
Bearing3_2,1699,0.6809619238476954,11.836012287314844
Bearing3_2,1700,0.6813627254509018,11.872242533221518
Bearing3_2,1701,0.6817635270541083,12.895642554978696
Bearing3_2,1702,0.6821643286573146,13.561439593410388
Bearing3_2,1703,0.682565130260521,13.551748580802288
Bearing3_2,1704,0.6829659318637274,13.486397946201185
Bearing3_2,1705,0.6833667334669339,13.343298483316676
Bearing3_2,1706,0.6837675350701403,13.138550779179994
Bearing3_2,1707,0.6841683366733466,13.024999978907037
Bearing3_2,1708,0.6845691382765531,12.960774336717318
Bearing3_2,1709,0.6849699398797595,12.888246951971974
Bearing3_2,1710,0.685370741482966,12.871740357555613
Bearing3_2,1711,0.6857715430861724,12.817335625805288
Bearing3_2,1712,0.6861723446893787,12.874606704590382
Bearing3_2,1713,0.6865731462925851,12.93115430039354
Bearing3_2,1714,0.6869739478957916,12.989010628044237
Bearing3_2,1715,0.687374749498998,13.083051737163064
Bearing3_2,1716,0.6877755511022045,13.207965726563822
Bearing3_2,1717,0.6881763527054108,13.265392424758357
Bearing3_2,1718,0.6885771543086172,13.23215464319485
Bearing3_2,1719,0.6889779559118236,13.517427015067122
Bearing3_2,1720,0.6893787575150301,13.461168905868416
Bearing3_2,1721,0.6897795591182365,13.728423673126638
Bearing3_2,1722,0.6901803607214428,13.600234083882729
Bearing3_2,1723,0.6905811623246493,13.477722818605832
Bearing3_2,1724,0.6909819639278557,13.445682398317576
Bearing3_2,1725,0.6913827655310621,13.488718793834725
Bearing3_2,1726,0.6917835671342686,13.510209376186461
Bearing3_2,1727,0.6921843687374749,13.55454332502022
Bearing3_2,1728,0.6925851703406813,13.575818222003239
Bearing3_2,1729,0.6929859719438878,13.370523289504883
Bearing3_2,1730,0.6933867735470942,13.451260044692566
Bearing3_2,1731,0.6937875751503007,13.266652421451829
Bearing3_2,1732,0.694188376753507,13.37161948000892
Bearing3_2,1733,0.6945891783567134,13.47915446377849
Bearing3_2,1734,0.6949899799599198,13.495814482594625
Bearing3_2,1735,0.6953907815631263,13.457317868677809
Bearing3_2,1736,0.6957915831663327,13.483224191362652
Bearing3_2,1737,0.696192384769539,13.411743111764816
Bearing3_2,1738,0.6965931863727455,13.670596797374026
Bearing3_2,1739,0.6969939879759519,13.641170824548983
Bearing3_2,1740,0.6973947895791583,13.834576435844
Bearing3_2,1741,0.6977955911823648,13.75386596162134
Bearing3_2,1742,0.6981963927855711,13.730583821695054
Bearing3_2,1743,0.6985971943887775,13.675071190843019
Bearing3_2,1744,0.698997995991984,13.801486984790738
Bearing3_2,1745,0.6993987975951904,13.791094098102098
Bearing3_2,1746,0.6997995991983968,13.761863427421394
Bearing3_2,1747,0.7002004008016032,13.868061634335797
Bearing3_2,1748,0.7006012024048096,13.618078452913593
Bearing3_2,1749,0.701002004008016,13.646729647650414
Bearing3_2,1750,0.7014028056112225,13.497059963105537
Bearing3_2,1751,0.7018036072144288,13.614917899550004
Bearing3_2,1752,0.7022044088176352,13.662546234067175
Bearing3_2,1753,0.7026052104208417,13.725995013338553
Bearing3_2,1754,0.7030060120240481,13.749071597425086
Bearing3_2,1755,0.7034068136272545,13.775223698046787
Bearing3_2,1756,0.7038076152304609,13.820860431891486
Bearing3_2,1757,0.7042084168336673,13.836448003329602
Bearing3_2,1758,0.7046092184368737,13.946372616929764
Bearing3_2,1759,0.7050100200400802,13.967585963477642
Bearing3_2,1760,0.7054108216432866,13.962867823764014
Bearing3_2,1761,0.7058116232464929,13.857195617072497
Bearing3_2,1762,0.7062124248496994,13.830256749530255
Bearing3_2,1763,0.7066132264529058,13.810186807846128
Bearing3_2,1764,0.7070140280561122,13.68625407510739
Bearing3_2,1765,0.7074148296593187,13.718527149781863
Bearing3_2,1766,0.707815631262525,13.709520937754785
Bearing3_2,1767,0.7082164328657314,13.638549456463528
Bearing3_2,1768,0.7086172344689379,13.62325284765715
Bearing3_2,1769,0.7090180360721443,13.634044968624124
Bearing3_2,1770,0.7094188376753507,13.619745010402744
Bearing3_2,1771,0.7098196392785571,13.651911412246074
Bearing3_2,1772,0.7102204408817635,13.8399170726183
Bearing3_2,1773,0.7106212424849699,13.794737100246198
Bearing3_2,1774,0.7110220440881764,13.82535952810864
Bearing3_2,1775,0.7114228456913828,13.772726280819132
Bearing3_2,1776,0.7118236472945891,13.785545781663155
Bearing3_2,1777,0.7122244488977956,13.840414130085904
Bearing3_2,1778,0.712625250501002,13.830879572077189
Bearing3_2,1779,0.7130260521042084,13.901148274590366
Bearing3_2,1780,0.7134268537074149,13.952789003826059
Bearing3_2,1781,0.7138276553106212,14.033730154817343
Bearing3_2,1782,0.7142284569138276,13.866342862435825
Bearing3_2,1783,0.7146292585170341,13.821713613169777
Bearing3_2,1784,0.7150300601202405,13.705256134195825
Bearing3_2,1785,0.7154308617234469,13.647884360016587
Bearing3_2,1786,0.7158316633266533,13.61124901680902
Bearing3_2,1787,0.7162324649298597,13.64118993296079
Bearing3_2,1788,0.7166332665330661,13.677348160051015
Bearing3_2,1789,0.7170340681362726,13.59014751499148
Bearing3_2,1790,0.717434869739479,13.506506559567777
Bearing3_2,1791,0.7178356713426853,13.458721403953916
Bearing3_2,1792,0.7182364729458918,13.405353122762723
Bearing3_2,1793,0.7186372745490982,13.613855643417509
Bearing3_2,1794,0.7190380761523046,13.698007156248028
Bearing3_2,1795,0.7194388777555111,13.790238318062128
Bearing3_2,1796,0.7198396793587174,13.846345268721999
Bearing3_2,1797,0.7202404809619238,13.819619989048693
Bearing3_2,1798,0.7206412825651303,13.92223868806876
Bearing3_2,1799,0.7210420841683367,13.960501938679112
Bearing3_2,1800,0.7214428857715431,14.075990638651371
Bearing3_2,1801,0.7218436873747495,14.121211443851895
Bearing3_2,1802,0.7222444889779559,14.19223492359723
Bearing3_2,1803,0.7226452905811623,14.12110195068901
Bearing3_2,1804,0.7230460921843688,14.179053260845961
Bearing3_2,1805,0.7234468937875751,14.213754921283932
Bearing3_2,1806,0.7238476953907815,14.20235223193203
Bearing3_2,1807,0.724248496993988,14.153652899240296
Bearing3_2,1808,0.7246492985971944,14.031686604806698
Bearing3_2,1809,0.7250501002004008,14.05506978126304
Bearing3_2,1810,0.7254509018036072,14.018955502134116
Bearing3_2,1811,0.7258517034068136,13.998183568012967
Bearing3_2,1812,0.72625250501002,14.012557735092548
Bearing3_2,1813,0.7266533066132265,14.053282024168036
Bearing3_2,1814,0.7270541082164329,14.040646247610335
Bearing3_2,1815,0.7274549098196392,14.02751296306655
Bearing3_2,1816,0.7278557114228457,14.025605187833358
Bearing3_2,1817,0.7282565130260521,14.07343916394726
Bearing3_2,1818,0.7286573146292585,14.09640672103788
Bearing3_2,1819,0.729058116232465,14.08394387479471
Bearing3_2,1820,0.7294589178356713,14.061738464461621
Bearing3_2,1821,0.7298597194388777,14.057018338384108
Bearing3_2,1822,0.7302605210420842,14.041689386938035
Bearing3_2,1823,0.7306613226452906,14.007482136930866
Bearing3_2,1824,0.731062124248497,14.003595962447042
Bearing3_2,1825,0.7314629258517034,13.972229325039745
Bearing3_2,1826,0.7318637274549098,14.011226576807028
Bearing3_2,1827,0.7322645290581162,14.026731580045302
Bearing3_2,1828,0.7326653306613227,13.974742419379174
Bearing3_2,1829,0.7330661322645291,13.95434817329551
Bearing3_2,1830,0.7334669338677354,13.955086674273108
Bearing3_2,1831,0.7338677354709419,13.92752855458873
Bearing3_2,1832,0.7342685370741483,13.92552848445666
Bearing3_2,1833,0.7346693386773547,13.884837157622343
Bearing3_2,1834,0.7350701402805612,13.871913257263378
Bearing3_2,1835,0.7354709418837675,13.87749801967784
Bearing3_2,1836,0.7358717434869739,13.84690031994522
Bearing3_2,1837,0.7362725450901804,13.848022801363186
Bearing3_2,1838,0.7366733466933868,13.901651151062705
Bearing3_2,1839,0.7370741482965932,13.912934244233938
Bearing3_2,1840,0.7374749498997996,13.67245162058667
Bearing3_2,1841,0.737875751503006,13.467213751417537
Bearing3_2,1842,0.7382765531062124,13.445672392461566
Bearing3_2,1843,0.7386773547094189,13.48544540160368
Bearing3_2,1844,0.7390781563126253,13.470901388358632
Bearing3_2,1845,0.7394789579158316,13.563947848277536
Bearing3_2,1846,0.7398797595190381,13.56721191617143
Bearing3_2,1847,0.7402805611222445,13.584382170244501
Bearing3_2,1848,0.7406813627254509,13.632986508107994
Bearing3_2,1849,0.7410821643286574,13.611121103935792
Bearing3_2,1850,0.7414829659318637,13.901014099810558
Bearing3_2,1851,0.7418837675350701,14.130988705687628
Bearing3_2,1852,0.7422845691382766,14.105242272213086
Bearing3_2,1853,0.742685370741483,14.062546304869688
Bearing3_2,1854,0.7430861723446894,14.069478097295411
Bearing3_2,1855,0.7434869739478958,13.971223848060925
Bearing3_2,1856,0.7438877755511022,13.976754141827309
Bearing3_2,1857,0.7442885771543086,13.969975142600003
Bearing3_2,1858,0.7446893787575151,13.847068676750073
Bearing3_2,1859,0.7450901803607214,13.83336832401541
Bearing3_2,1860,0.7454909819639278,13.91908176086495
Bearing3_2,1861,0.7458917835671343,13.920059106586573
Bearing3_2,1862,0.7462925851703407,13.997188511584643
Bearing3_2,1863,0.7466933867735471,14.065442255275808
Bearing3_2,1864,0.7470941883767535,14.100643459403411
Bearing3_2,1865,0.7474949899799599,14.16738485450091
Bearing3_2,1866,0.7478957915831663,14.207635601865562
Bearing3_2,1867,0.7482965931863728,14.210567025003481
Bearing3_2,1868,0.7486973947895792,14.300028424426088
Bearing3_2,1869,0.7490981963927855,14.329619319143209
Bearing3_2,1870,0.749498997995992,14.198053643827226
Bearing3_2,1871,0.7498997995991984,14.205562422734356
Bearing3_2,1872,0.7503006012024048,14.119314916582448
Bearing3_2,1873,0.7507014028056113,14.102075126545845
Bearing3_2,1874,0.7511022044088176,14.060561917103723
Bearing3_2,1875,0.751503006012024,14.087091586112397
Bearing3_2,1876,0.7519038076152305,14.030760278654759
Bearing3_2,1877,0.7523046092184369,13.995149041346343
Bearing3_2,1878,0.7527054108216433,13.957453637005989
Bearing3_2,1879,0.7531062124248497,13.958100503531133
Bearing3_2,1880,0.7535070140280561,13.90869080551621
Bearing3_2,1881,0.7539078156312625,13.896198032772276
Bearing3_2,1882,0.754308617234469,13.937718648161649
Bearing3_2,1883,0.7547094188376754,13.889446309003711
Bearing3_2,1884,0.7551102204408817,14.010819208612428
Bearing3_2,1885,0.7555110220440882,13.918030209784561
Bearing3_2,1886,0.7559118236472946,13.883496682954576
Bearing3_2,1887,0.756312625250501,13.776478316659317
Bearing3_2,1888,0.7567134268537075,13.77161162694552
Bearing3_2,1889,0.7571142284569138,13.82687502065921
Bearing3_2,1890,0.7575150300601202,13.911611839112215
Bearing3_2,1891,0.7579158316633267,13.952233125862808
Bearing3_2,1892,0.7583166332665331,13.971591682634465
Bearing3_2,1893,0.7587174348697395,14.03219025152207
Bearing3_2,1894,0.7591182364729459,13.928835263832408
Bearing3_2,1895,0.7595190380761523,13.99326755246091
Bearing3_2,1896,0.7599198396793587,14.040760155510279
Bearing3_2,1897,0.7603206412825652,14.19947249593449
Bearing3_2,1898,0.7607214428857716,14.302158420007373
Bearing3_2,1899,0.7611222444889779,14.263137584002592
Bearing3_2,1900,0.7615230460921844,14.269875950633113
Bearing3_2,1901,0.7619238476953908,14.288283967920185
Bearing3_2,1902,0.7623246492985972,14.319386039275988
Bearing3_2,1903,0.7627254509018037,14.290424740126673
Bearing3_2,1904,0.76312625250501,14.370564745674201
Bearing3_2,1905,0.7635270541082164,14.320793014599834
Bearing3_2,1906,0.7639278557114229,14.312197391303778
Bearing3_2,1907,0.7643286573146293,14.217783500243048
Bearing3_2,1908,0.7647294589178357,14.06042087220663
Bearing3_2,1909,0.765130260521042,14.055987877628676
Bearing3_2,1910,0.7655310621242485,14.02269139805027
Bearing3_2,1911,0.7659318637274549,14.047567458218603
Bearing3_2,1912,0.7663326653306614,14.042727608037762
Bearing3_2,1913,0.7667334669338677,14.04418913466129
Bearing3_2,1914,0.7671342685370741,14.051582063232464
Bearing3_2,1915,0.7675350701402806,14.144899934458383
Bearing3_2,1916,0.767935871743487,14.181678598613484
Bearing3_2,1917,0.7683366733466934,14.257500148679833
Bearing3_2,1918,0.7687374749498997,14.388495706449635
Bearing3_2,1919,0.7691382765531062,14.434448749489206
Bearing3_2,1920,0.7695390781563126,14.475461093648665
Bearing3_2,1921,0.769939879759519,14.390245341374149
Bearing3_2,1922,0.7703406813627255,14.382225175609358
Bearing3_2,1923,0.7707414829659318,14.422601271478607
Bearing3_2,1924,0.7711422845691382,14.4356657793522
Bearing3_2,1925,0.7715430861723447,14.413257084084776
Bearing3_2,1926,0.7719438877755511,14.401555094720388
Bearing3_2,1927,0.7723446893787576,14.399520055988045
Bearing3_2,1928,0.7727454909819639,14.381289991014574
Bearing3_2,1929,0.7731462925851703,14.360661828967718
Bearing3_2,1930,0.7735470941883767,14.392532411904005
Bearing3_2,1931,0.7739478957915832,14.365213117941925
Bearing3_2,1932,0.7743486973947896,14.371935838824731
Bearing3_2,1933,0.774749498997996,14.381682941790718
Bearing3_2,1934,0.7751503006012024,14.331855950320726
Bearing3_2,1935,0.7755511022044088,14.019765255420984
Bearing3_2,1936,0.7759519038076153,13.887447595908943
Bearing3_2,1937,0.7763527054108217,13.807245669215522
Bearing3_2,1938,0.776753507014028,13.78082792872095
Bearing3_2,1939,0.7771543086172344,13.746499551324973
Bearing3_2,1940,0.7775551102204409,13.732384909287694
Bearing3_2,1941,0.7779559118236473,13.794987483963018
Bearing3_2,1942,0.7783567134268538,13.810128236541937
Bearing3_2,1943,0.7787575150300601,13.764546572534218
Bearing3_2,1944,0.7791583166332665,13.71140805090523
Bearing3_2,1945,0.779559118236473,13.979018639470286
Bearing3_2,1946,0.7799599198396794,14.111813308826163
Bearing3_2,1947,0.7803607214428858,14.201620173928504
Bearing3_2,1948,0.7807615230460921,14.241941903391801
Bearing3_2,1949,0.7811623246492986,14.277510848027166
Bearing3_2,1950,0.781563126252505,14.244066417005914
Bearing3_2,1951,0.7819639278557114,14.238117523323584
Bearing3_2,1952,0.7823647294589179,14.241048875734359
Bearing3_2,1953,0.7827655310621242,14.269097070221727
Bearing3_2,1954,0.7831663326653306,14.310977855929632
Bearing3_2,1955,0.7835671342685371,14.368278393579866
Bearing3_2,1956,0.7839679358717435,14.328896928952702
Bearing3_2,1957,0.78436873747495,14.323485767375667
Bearing3_2,1958,0.7847695390781563,14.36535140009561
Bearing3_2,1959,0.7851703406813627,14.3263951454941
Bearing3_2,1960,0.7855711422845691,14.326504347003112
Bearing3_2,1961,0.7859719438877756,14.411381318997929
Bearing3_2,1962,0.786372745490982,14.424909582545478
Bearing3_2,1963,0.7867735470941883,14.481413280473314
Bearing3_2,1964,0.7871743486973948,14.544718192753052
Bearing3_2,1965,0.7875751503006012,14.57410538029647
Bearing3_2,1966,0.7879759519038076,14.708496776946498
Bearing3_2,1967,0.7883767535070141,14.805710871476185
Bearing3_2,1968,0.7887775551102204,14.825365604196316
Bearing3_2,1969,0.7891783567134268,14.906235126460425
Bearing3_2,1970,0.7895791583166333,14.934724713141009
Bearing3_2,1971,0.7899799599198397,14.905616946802434
Bearing3_2,1972,0.790380761523046,14.92309160446732
Bearing3_2,1973,0.7907815631262525,14.85652031827168
Bearing3_2,1974,0.7911823647294589,14.874380771603754
Bearing3_2,1975,0.7915831663326653,14.79151235136014
Bearing3_2,1976,0.7919839679358718,14.68798171633234
Bearing3_2,1977,0.7923847695390781,14.596498925259814
Bearing3_2,1978,0.7927855711422845,14.491021138812926
Bearing3_2,1979,0.793186372745491,14.516268934666916
Bearing3_2,1980,0.7935871743486974,14.495759024307869
Bearing3_2,1981,0.7939879759519038,14.468835656111697
Bearing3_2,1982,0.7943887775551102,14.377157912112647
Bearing3_2,1983,0.7947895791583166,14.362393575757675
Bearing3_2,1984,0.795190380761523,14.191784655471702
Bearing3_2,1985,0.7955911823647295,14.184496160134952
Bearing3_2,1986,0.7959919839679359,14.14047678122354
Bearing3_2,1987,0.7963927855711422,14.228195970604611
Bearing3_2,1988,0.7967935871743487,14.240306649905824
Bearing3_2,1989,0.7971943887775551,14.190092036905549
Bearing3_2,1990,0.7975951903807615,14.228043142362083
Bearing3_2,1991,0.797995991983968,14.272586226083172
Bearing3_2,1992,0.7983967935871743,14.298097164237982
Bearing3_2,1993,0.7987975951903807,14.292809105347771
Bearing3_2,1994,0.7991983967935872,14.353964871338164
Bearing3_2,1995,0.7995991983967936,14.390107650499482
Bearing3_2,1996,0.8,14.454783572737046
Bearing3_2,1997,0.8004008016032064,14.424659626391298
Bearing3_2,1998,0.8008016032064128,14.456182517254572
Bearing3_2,1999,0.8012024048096192,14.410722775855287
Bearing3_2,2000,0.8016032064128257,14.35203235165622
Bearing3_2,2001,0.8020040080160321,14.294660912885004
Bearing3_2,2002,0.8024048096192384,14.306319656093322
Bearing3_2,2003,0.8028056112224449,14.402140560347068
Bearing3_2,2004,0.8032064128256513,14.537875210979305
Bearing3_2,2005,0.8036072144288577,14.609389634942588
Bearing3_2,2006,0.8040080160320642,14.683879960563527
Bearing3_2,2007,0.8044088176352705,14.665191852577276
Bearing3_2,2008,0.8048096192384769,14.679890317455445
Bearing3_2,2009,0.8052104208416834,14.6794394229379
Bearing3_2,2010,0.8056112224448898,14.772385063081426
Bearing3_2,2011,0.8060120240480962,14.814763036377622
Bearing3_2,2012,0.8064128256513026,14.912885412100021
Bearing3_2,2013,0.806813627254509,14.92513562437011
Bearing3_2,2014,0.8072144288577154,14.808222812892387
Bearing3_2,2015,0.8076152304609219,14.7277390682235
Bearing3_2,2016,0.8080160320641283,14.659207915394367
Bearing3_2,2017,0.8084168336673346,14.677273345499353
Bearing3_2,2018,0.8088176352705411,14.59267896466649
Bearing3_2,2019,0.8092184368737475,14.580944041529765
Bearing3_2,2020,0.8096192384769539,14.522266477225383
Bearing3_2,2021,0.8100200400801604,14.466997082592098
Bearing3_2,2022,0.8104208416833667,14.398351524794373
Bearing3_2,2023,0.8108216432865731,14.31816022542154
Bearing3_2,2024,0.8112224448897796,14.401433699109791
Bearing3_2,2025,0.811623246492986,14.389629059674101
Bearing3_2,2026,0.8120240480961923,14.458293032378464
Bearing3_2,2027,0.8124248496993988,14.492335757589435
Bearing3_2,2028,0.8128256513026052,14.618976146039937
Bearing3_2,2029,0.8132264529058116,14.710349193286053
Bearing3_2,2030,0.8136272545090181,14.769597653083661
Bearing3_2,2031,0.8140280561122244,14.839711753957005
Bearing3_2,2032,0.8144288577154308,14.907898757307345
Bearing3_2,2033,0.8148296593186373,14.965393663762882
Bearing3_2,2034,0.8152304609218437,14.969516739475173
Bearing3_2,2035,0.8156312625250501,15.044251298291735
Bearing3_2,2036,0.8160320641282565,15.046301113487454
Bearing3_2,2037,0.8164328657314629,15.03694163061645
Bearing3_2,2038,0.8168336673346693,15.048723374232486
Bearing3_2,2039,0.8172344689378758,15.06881484584903
Bearing3_2,2040,0.8176352705410822,15.111286043702261
Bearing3_2,2041,0.8180360721442885,15.121504873694686
Bearing3_2,2042,0.818436873747495,15.164163314098918
Bearing3_2,2043,0.8188376753507014,15.20606450010285
Bearing3_2,2044,0.8192384769539078,15.215138667381984
Bearing3_2,2045,0.8196392785571143,15.248134464934234
Bearing3_2,2046,0.8200400801603206,15.238911302167178
Bearing3_2,2047,0.820440881763527,15.222174167098567
Bearing3_2,2048,0.8208416833667335,15.225763535308639
Bearing3_2,2049,0.8212424849699399,15.242827646357133
Bearing3_2,2050,0.8216432865731463,15.226762978822165
Bearing3_2,2051,0.8220440881763527,15.22565335483626
Bearing3_2,2052,0.8224448897795591,15.181407627245784
Bearing3_2,2053,0.8228456913827655,15.127251821140328
Bearing3_2,2054,0.823246492985972,15.096181326423519
Bearing3_2,2055,0.8236472945891784,15.204656498024837
Bearing3_2,2056,0.8240480961923847,15.035253779497065
Bearing3_2,2057,0.8244488977955912,14.969307822987389
Bearing3_2,2058,0.8248496993987976,14.917989651739447
Bearing3_2,2059,0.825250501002004,14.883618273774093
Bearing3_2,2060,0.8256513026052105,14.785354797842611
Bearing3_2,2061,0.8260521042084168,14.75959065509023
Bearing3_2,2062,0.8264529058116232,14.767923606961897
Bearing3_2,2063,0.8268537074148297,14.773666083993774
Bearing3_2,2064,0.8272545090180361,14.803339140819485
Bearing3_2,2065,0.8276553106212425,14.735619547713181
Bearing3_2,2066,0.8280561122244489,14.957230253144356
Bearing3_2,2067,0.8284569138276553,15.075239192752383
Bearing3_2,2068,0.8288577154308617,15.205528457870921
Bearing3_2,2069,0.8292585170340682,15.278884729745632
Bearing3_2,2070,0.8296593186372746,15.458460309001245
Bearing3_2,2071,0.8300601202404809,15.548147708913524
Bearing3_2,2072,0.8304609218436874,15.655891909989583
Bearing3_2,2073,0.8308617234468938,15.789461829558217
Bearing3_2,2074,0.8312625250501002,15.822861410937751
Bearing3_2,2075,0.8316633266533067,15.880030153215131
Bearing3_2,2076,0.832064128256513,15.935855259942997
Bearing3_2,2077,0.8324649298597194,15.980430125647965
Bearing3_2,2078,0.8328657314629259,15.902593408184927
Bearing3_2,2079,0.8332665330661323,15.941675690099505
Bearing3_2,2080,0.8336673346693386,15.908150794935576
Bearing3_2,2081,0.8340681362725451,15.892528569402353
Bearing3_2,2082,0.8344689378757515,15.865118168588674
Bearing3_2,2083,0.8348697394789579,15.811688663195293
Bearing3_2,2084,0.8352705410821644,15.788386998956252
Bearing3_2,2085,0.8356713426853707,15.727732070159746
Bearing3_2,2086,0.8360721442885771,15.646626268257048
Bearing3_2,2087,0.8364729458917836,15.614990759934802
Bearing3_2,2088,0.83687374749499,15.669184318391952
Bearing3_2,2089,0.8372745490981964,15.608471505094723
Bearing3_2,2090,0.8376753507014028,15.644930044474929
Bearing3_2,2091,0.8380761523046092,15.658623481370807
Bearing3_2,2092,0.8384769539078156,15.594425439998153
Bearing3_2,2093,0.8388777555110221,15.630248832915584
Bearing3_2,2094,0.8392785571142285,15.649377798241881
Bearing3_2,2095,0.8396793587174348,15.634239864707846
Bearing3_2,2096,0.8400801603206413,15.645272015477001
Bearing3_2,2097,0.8404809619238477,15.637547178240734
Bearing3_2,2098,0.8408817635270541,15.653438837780602
Bearing3_2,2099,0.8412825651302606,15.70498725146878
Bearing3_2,2100,0.8416833667334669,15.690553563846303
Bearing3_2,2101,0.8420841683366733,15.688967018858335
Bearing3_2,2102,0.8424849699398798,15.700695999479246
Bearing3_2,2103,0.8428857715430862,15.65143077555536
Bearing3_2,2104,0.8432865731462926,15.689745010146407
Bearing3_2,2105,0.843687374749499,15.707871253176673
Bearing3_2,2106,0.8440881763527054,15.739743409253132
Bearing3_2,2107,0.8444889779559118,15.73154817659738
Bearing3_2,2108,0.8448897795591183,15.726272191488246
Bearing3_2,2109,0.8452905811623247,15.704533394489232
Bearing3_2,2110,0.845691382765531,15.712101249211935
Bearing3_2,2111,0.8460921843687375,15.742284993240819
Bearing3_2,2112,0.8464929859719439,15.774128769832563
Bearing3_2,2113,0.8468937875751503,15.802689440137533
Bearing3_2,2114,0.8472945891783568,15.814230063617387
Bearing3_2,2115,0.8476953907815631,15.826150097670887
Bearing3_2,2116,0.8480961923847695,15.790936115883994
Bearing3_2,2117,0.848496993987976,15.709899649815167
Bearing3_2,2118,0.8488977955911824,15.603899755669218
Bearing3_2,2119,0.8492985971943888,15.452328766110128
Bearing3_2,2120,0.8496993987975952,15.3502236735599
Bearing3_2,2121,0.8501002004008016,15.244665472834047
Bearing3_2,2122,0.850501002004008,15.126940852450549
Bearing3_2,2123,0.8509018036072145,14.994398323482894
Bearing3_2,2124,0.8513026052104209,14.846064398356035
Bearing3_2,2125,0.8517034068136272,14.847193626047993
Bearing3_2,2126,0.8521042084168337,14.823660907374341
Bearing3_2,2127,0.8525050100200401,14.925716322559893
Bearing3_2,2128,0.8529058116232465,15.011376359128397
Bearing3_2,2129,0.853306613226453,15.051086836131898
Bearing3_2,2130,0.8537074148296593,15.091162031896848
Bearing3_2,2131,0.8541082164328657,15.247769324663142
Bearing3_2,2132,0.8545090180360722,15.373721330876
Bearing3_2,2133,0.8549098196392786,15.493381255563246
Bearing3_2,2134,0.855310621242485,15.660924297796441
Bearing3_2,2135,0.8557114228456913,15.494753553152776
Bearing3_2,2136,0.8561122244488978,15.501343034810308
Bearing3_2,2137,0.8565130260521042,15.474560067421686
Bearing3_2,2138,0.8569138276553107,15.414557699395658
Bearing3_2,2139,0.857314629258517,15.533867295924784
Bearing3_2,2140,0.8577154308617234,15.589801384629931
Bearing3_2,2141,0.8581162324649299,15.600482841855916
Bearing3_2,2142,0.8585170340681363,15.631075814588716
Bearing3_2,2143,0.8589178356713427,15.6237994459976
Bearing3_2,2144,0.859318637274549,15.604517991995607
Bearing3_2,2145,0.8597194388777555,15.680170558937082
Bearing3_2,2146,0.8601202404809619,15.715502960260846
Bearing3_2,2147,0.8605210420841684,15.796397327675365
Bearing3_2,2148,0.8609218436873748,15.834039159389366
Bearing3_2,2149,0.8613226452905811,15.867203535027773
Bearing3_2,2150,0.8617234468937875,15.882254916412018
Bearing3_2,2151,0.862124248496994,15.870848320403477
Bearing3_2,2152,0.8625250501002004,15.770190195824501
Bearing3_2,2153,0.8629258517034069,15.830353638605757
Bearing3_2,2154,0.8633266533066132,15.880469475607523
Bearing3_2,2155,0.8637274549098196,15.998330495923176
Bearing3_2,2156,0.864128256513026,16.008900309999827
Bearing3_2,2157,0.8645290581162325,15.852492344566167
Bearing3_2,2158,0.8649298597194389,15.924386687289967
Bearing3_2,2159,0.8653306613226452,15.972412114994096
Bearing3_2,2160,0.8657314629258517,16.070357162564715
Bearing3_2,2161,0.8661322645290581,15.8646368588391
Bearing3_2,2162,0.8665330661322646,15.711798321558138
Bearing3_2,2163,0.866933867735471,15.432100584124194
Bearing3_2,2164,0.8673346693386773,15.317410839031073
Bearing3_2,2165,0.8677354709418837,15.338213889923304
Bearing3_2,2166,0.8681362725450902,15.431698840155352
Bearing3_2,2167,0.8685370741482966,15.664153369914938
Bearing3_2,2168,0.868937875751503,15.69298064013355
Bearing3_2,2169,0.8693386773547094,15.675774460440987
Bearing3_2,2170,0.8697394789579158,15.59961237318868
Bearing3_2,2171,0.8701402805611222,15.829865391973224
Bearing3_2,2172,0.8705410821643287,16.16459410530202
Bearing3_2,2173,0.8709418837675351,16.50267506759273
Bearing3_2,2174,0.8713426853707414,16.58852323831749
Bearing3_2,2175,0.8717434869739479,16.65899527254074
Bearing3_2,2176,0.8721442885771543,16.604625521140143
Bearing3_2,2177,0.8725450901803607,16.611145603836558
Bearing3_2,2178,0.8729458917835672,16.743788541650602
Bearing3_2,2179,0.8733466933867735,16.86786217749862
Bearing3_2,2180,0.87374749498998,16.825391251614015
Bearing3_2,2181,0.8741482965931864,16.888235795335014
Bearing3_2,2182,0.8745490981963928,16.917966434397552
Bearing3_2,2183,0.8749498997995993,16.887820316071608
Bearing3_2,2184,0.8753507014028056,17.040409174763155
Bearing3_2,2185,0.875751503006012,16.95554484377641
Bearing3_2,2186,0.8761523046092184,16.969561794146614
Bearing3_2,2187,0.8765531062124249,17.066930233010535
Bearing3_2,2188,0.8769539078156313,17.03146082608895
Bearing3_2,2189,0.8773547094188376,17.09098630967605
Bearing3_2,2190,0.8777555110220441,17.214250202476034
Bearing3_2,2191,0.8781563126252505,17.200466338553316
Bearing3_2,2192,0.878557114228457,17.22514565271897
Bearing3_2,2193,0.8789579158316633,17.32567246988056
Bearing3_2,2194,0.8793587174348697,17.39073451604187
Bearing3_2,2195,0.8797595190380761,17.631127093667338
Bearing3_2,2196,0.8801603206412826,17.80940431717239
Bearing3_2,2197,0.880561122244489,17.76946594900521
Bearing3_2,2198,0.8809619238476953,17.753963686864594
Bearing3_2,2199,0.8813627254509018,17.733064270250633
Bearing3_2,2200,0.8817635270541082,17.431302001679324
Bearing3_2,2201,0.8821643286573146,17.43692289658241
Bearing3_2,2202,0.8825651302605211,17.39929517347356
Bearing3_2,2203,0.8829659318637274,17.41668312491378
Bearing3_2,2204,0.8833667334669338,17.463402863184385
Bearing3_2,2205,0.8837675350701403,17.667360170720947
Bearing3_2,2206,0.8841683366733467,17.623072642038704
Bearing3_2,2207,0.8845691382765531,17.71070419288474
Bearing3_2,2208,0.8849699398797595,18.262743651348337
Bearing3_2,2209,0.8853707414829659,18.660051644108282
Bearing3_2,2210,0.8857715430861723,19.542269763336638
Bearing3_2,2211,0.8861723446893788,18.734801725951584
Bearing3_2,2212,0.8865731462925852,18.18480274924133
Bearing3_2,2213,0.8869739478957915,17.896661081197998
Bearing3_2,2214,0.887374749498998,17.637754421644118
Bearing3_2,2215,0.8877755511022044,17.223160462405772
Bearing3_2,2216,0.8881763527054108,17.251909030203343
Bearing3_2,2217,0.8885771543086173,17.486925757519437
Bearing3_2,2218,0.8889779559118236,17.327719402904158
Bearing3_2,2219,0.88937875751503,17.715850782011273
Bearing3_2,2220,0.8897795591182365,17.54683255245167
Bearing3_2,2221,0.8901803607214429,18.758132711800886
Bearing3_2,2222,0.8905811623246493,20.055698795310917
Bearing3_2,2223,0.8909819639278557,20.91094806090586
Bearing3_2,2224,0.8913827655310621,21.463883467543493
Bearing3_2,2225,0.8917835671342685,22.302604001135478
Bearing3_2,2226,0.892184368737475,22.89480207845856
Bearing3_2,2227,0.8925851703406814,22.968966948495627
Bearing3_2,2228,0.8929859719438877,22.934988962950463
Bearing3_2,2229,0.8933867735470942,22.422023980306975
Bearing3_2,2230,0.8937875751503006,23.09756512171398
Bearing3_2,2231,0.894188376753507,23.31124773258787
Bearing3_2,2232,0.8945891783567135,23.021918845651744
Bearing3_2,2233,0.8949899799599198,22.800583384423692
Bearing3_2,2234,0.8953907815631262,23.11154662655881
Bearing3_2,2235,0.8957915831663327,22.942569835964264
Bearing3_2,2236,0.8961923847695391,23.058384815735565
Bearing3_2,2237,0.8965931863727455,23.111593672087402
Bearing3_2,2238,0.8969939879759519,23.261185590961464
Bearing3_2,2239,0.8973947895791583,23.377891190823753
Bearing3_2,2240,0.8977955911823647,22.88833676632143
Bearing3_2,2241,0.8981963927855712,22.735301333550744
Bearing3_2,2242,0.8985971943887776,23.066145317693945
Bearing3_2,2243,0.8989979959919839,23.504969886792065
Bearing3_2,2244,0.8993987975951904,23.686289052207197
Bearing3_2,2245,0.8997995991983968,23.89404247695323
Bearing3_2,2246,0.9002004008016032,23.996261685124093
Bearing3_2,2247,0.9006012024048096,24.279632864096424
Bearing3_2,2248,0.901002004008016,24.58430883333674
Bearing3_2,2249,0.9014028056112224,24.80880359539379
Bearing3_2,2250,0.9018036072144289,24.59892976844489
Bearing3_2,2251,0.9022044088176353,24.87462786786714
Bearing3_2,2252,0.9026052104208416,24.777115241432078
Bearing3_2,2253,0.9030060120240481,24.72209773549859
Bearing3_2,2254,0.9034068136272545,24.583583997011452
Bearing3_2,2255,0.9038076152304609,24.57372666010483
Bearing3_2,2256,0.9042084168336674,24.450068273852274
Bearing3_2,2257,0.9046092184368737,24.373342050824164
Bearing3_2,2258,0.9050100200400801,24.511322520396458
Bearing3_2,2259,0.9054108216432866,24.719302624079642
Bearing3_2,2260,0.905811623246493,25.19006707123735
Bearing3_2,2261,0.9062124248496994,25.338827059741742
Bearing3_2,2262,0.9066132264529058,25.23786395727112
Bearing3_2,2263,0.9070140280561122,24.78765885816779
Bearing3_2,2264,0.9074148296593186,24.760684468655466
Bearing3_2,2265,0.9078156312625251,24.996470139671466
Bearing3_2,2266,0.9082164328657315,24.77282334578097
Bearing3_2,2267,0.9086172344689378,24.404095890581168
Bearing3_2,2268,0.9090180360721443,24.13738410609259
Bearing3_2,2269,0.9094188376753507,24.06491703386639
Bearing3_2,2270,0.9098196392785571,23.868212970717753
Bearing3_2,2271,0.9102204408817636,23.492936046412254
Bearing3_2,2272,0.9106212424849699,24.04712337055249
Bearing3_2,2273,0.9110220440881763,24.704700134438447
Bearing3_2,2274,0.9114228456913828,24.707402518553696
Bearing3_2,2275,0.9118236472945892,24.61728206269673
Bearing3_2,2276,0.9122244488977956,25.016529486300133
Bearing3_2,2277,0.912625250501002,25.39985051280018
Bearing3_2,2278,0.9130260521042084,25.5703302488203
Bearing3_2,2279,0.9134268537074148,25.470050366689
Bearing3_2,2280,0.9138276553106213,25.304989679724176
Bearing3_2,2281,0.9142284569138277,25.40171706980288
Bearing3_2,2282,0.914629258517034,24.82047307235406
Bearing3_2,2283,0.9150300601202405,24.867055090603237
Bearing3_2,2284,0.9154308617234469,24.996781591053683
Bearing3_2,2285,0.9158316633266533,24.400174938798607
Bearing3_2,2286,0.9162324649298598,23.99747027116094
Bearing3_2,2287,0.9166332665330661,23.799145635014042
Bearing3_2,2288,0.9170340681362725,23.99183167519828
Bearing3_2,2289,0.917434869739479,23.11372951699841
Bearing3_2,2290,0.9178356713426854,22.501021542486423
Bearing3_2,2291,0.9182364729458918,22.081732990328895
Bearing3_2,2292,0.9186372745490982,21.989158981615823
Bearing3_2,2293,0.9190380761523046,21.38839208459305
Bearing3_2,2294,0.919438877755511,20.94627044617521
Bearing3_2,2295,0.9198396793587175,21.127362387782217
Bearing3_2,2296,0.9202404809619239,20.938141355454302
Bearing3_2,2297,0.9206412825651302,20.86073539126661
Bearing3_2,2298,0.9210420841683367,20.227616058125623
Bearing3_2,2299,0.9214428857715431,20.935848618785375
Bearing3_2,2300,0.9218436873747495,21.680771316756925
Bearing3_2,2301,0.9222444889779559,21.906151413719822
Bearing3_2,2302,0.9226452905811623,22.009326803532915
Bearing3_2,2303,0.9230460921843687,21.635657559076556
Bearing3_2,2304,0.9234468937875752,21.242674514005266
Bearing3_2,2305,0.9238476953907816,20.75790568808789
Bearing3_2,2306,0.9242484969939879,20.60146231209815
Bearing3_2,2307,0.9246492985971944,20.196197632363997
Bearing3_2,2308,0.9250501002004008,19.788397664773168
Bearing3_2,2309,0.9254509018036072,19.297081380432168
Bearing3_2,2310,0.9258517034068137,18.425483959188323
Bearing3_2,2311,0.92625250501002,17.79238408321754
Bearing3_2,2312,0.9266533066132264,16.910209148332093
Bearing3_2,2313,0.9270541082164329,16.521650650335097
Bearing3_2,2314,0.9274549098196393,16.165177662997557
Bearing3_2,2315,0.9278557114228457,15.874202949886186
Bearing3_2,2316,0.928256513026052,15.360271418154138
Bearing3_2,2317,0.9286573146292585,14.875577358010423
Bearing3_2,2318,0.9290581162324649,14.410688104941613
Bearing3_2,2319,0.9294589178356714,13.766772669539922
Bearing3_2,2320,0.9298597194388778,13.38696741853325
Bearing3_2,2321,0.9302605210420841,13.022655588624094
Bearing3_2,2322,0.9306613226452906,12.589370850750866
Bearing3_2,2323,0.931062124248497,12.050827187067885
Bearing3_2,2324,0.9314629258517034,11.615707892154616
Bearing3_2,2325,0.9318637274549099,11.038933809075205
Bearing3_2,2326,0.9322645290581162,10.489091817614204
Bearing3_2,2327,0.9326653306613226,10.03672137451069
Bearing3_2,2328,0.9330661322645291,9.995521046680704
Bearing3_2,2329,0.9334669338677355,9.58821687413025
Bearing3_2,2330,0.9338677354709419,9.460665140663439
Bearing3_2,2331,0.9342685370741483,10.057751017669133
Bearing3_2,2332,0.9346693386773547,9.816769921294497
Bearing3_2,2333,0.9350701402805611,10.373569932481034
Bearing3_2,2334,0.9354709418837676,11.216329160362328
Bearing3_2,2335,0.935871743486974,12.321853825330596
Bearing3_2,2336,0.9362725450901803,13.466547566782726
Bearing3_2,2337,0.9366733466933868,14.678713791064549
Bearing3_2,2338,0.9370741482965932,15.625688043744493
Bearing3_2,2339,0.9374749498997996,17.731753688080165
Bearing3_2,2340,0.9378757515030061,19.09285249789543
Bearing3_2,2341,0.9382765531062124,18.803290025882518
Bearing3_2,2342,0.9386773547094188,19.317007820666166
Bearing3_2,2343,0.9390781563126253,19.567129223551028
Bearing3_2,2344,0.9394789579158317,18.534472377628457
Bearing3_2,2345,0.9398797595190381,17.601085239475545
Bearing3_2,2346,0.9402805611222445,17.267698807085136
Bearing3_2,2347,0.9406813627254509,17.65795025556294
Bearing3_2,2348,0.9410821643286573,17.341069410830574
Bearing3_2,2349,0.9414829659318638,15.96662976263391
Bearing3_2,2350,0.9418837675350702,15.66259891211775
Bearing3_2,2351,0.9422845691382765,16.334876747305355
Bearing3_2,2352,0.942685370741483,16.707452297631402
Bearing3_2,2353,0.9430861723446894,17.224776513278307
Bearing3_2,2354,0.9434869739478958,18.323660525630086
Bearing3_2,2355,0.9438877755511023,18.896291959778562
Bearing3_2,2356,0.9442885771543086,19.395276483237758
Bearing3_2,2357,0.944689378757515,18.86996083549104
Bearing3_2,2358,0.9450901803607215,18.45255735793895
Bearing3_2,2359,0.9454909819639279,19.001074125538906
Bearing3_2,2360,0.9458917835671342,19.331469297906157
Bearing3_2,2361,0.9462925851703406,19.56318191377655
Bearing3_2,2362,0.9466933867735471,19.75090771382124
Bearing3_2,2363,0.9470941883767535,19.517532943675697
Bearing3_2,2364,0.94749498997996,19.745640494161687
Bearing3_2,2365,0.9478957915831663,20.499083610275008
Bearing3_2,2366,0.9482965931863727,20.432201934025404
Bearing3_2,2367,0.9486973947895792,20.527797139099683
Bearing3_2,2368,0.9490981963927856,21.34610516903696
Bearing3_2,2369,0.949498997995992,21.78664104528818
Bearing3_2,2370,0.9498997995991983,21.285408569032327
Bearing3_2,2371,0.9503006012024048,20.75844512475988
Bearing3_2,2372,0.9507014028056112,20.827535565080872
Bearing3_2,2373,0.9511022044088177,20.729800616715774
Bearing3_2,2374,0.9515030060120241,20.44201320308093
Bearing3_2,2375,0.9519038076152304,20.035083450879856
Bearing3_2,2376,0.9523046092184368,20.098917913868455
Bearing3_2,2377,0.9527054108216433,20.36887520763725
Bearing3_2,2378,0.9531062124248497,20.187969409351545
Bearing3_2,2379,0.9535070140280562,19.734053317297434
Bearing3_2,2380,0.9539078156312625,20.332862468283867
Bearing3_2,2381,0.9543086172344689,20.371227553244513
Bearing3_2,2382,0.9547094188376753,19.63338977021216
Bearing3_2,2383,0.9551102204408818,19.42668011068733
Bearing3_2,2384,0.9555110220440882,19.436092155000107
Bearing3_2,2385,0.9559118236472945,19.32275347840457
Bearing3_2,2386,0.956312625250501,18.967030606817765
Bearing3_2,2387,0.9567134268537074,18.424389951439878
Bearing3_2,2388,0.9571142284569139,18.17322411126839
Bearing3_2,2389,0.9575150300601203,18.111510841638037
Bearing3_2,2390,0.9579158316633266,17.62167266528336
Bearing3_2,2391,0.958316633266533,17.79548502006643
Bearing3_2,2392,0.9587174348697395,18.532223586402296
Bearing3_2,2393,0.9591182364729459,18.797784210516554
Bearing3_2,2394,0.9595190380761524,18.039424634987096
Bearing3_2,2395,0.9599198396793587,17.680473745812836
Bearing3_2,2396,0.9603206412825651,17.661594481524716
Bearing3_2,2397,0.9607214428857715,17.743628994323952
Bearing3_2,2398,0.961122244488978,17.65164014397241
Bearing3_2,2399,0.9615230460921844,17.42971164745468
Bearing3_2,2400,0.9619238476953907,17.151874369411473
Bearing3_2,2401,0.9623246492985972,16.822326431302837
Bearing3_2,2402,0.9627254509018036,16.72028904887858
Bearing3_2,2403,0.96312625250501,16.535183600735238
Bearing3_2,2404,0.9635270541082165,17.126730064782524
Bearing3_2,2405,0.9639278557114228,17.303539716011233
Bearing3_2,2406,0.9643286573146292,17.363301293717782
Bearing3_2,2407,0.9647294589178357,17.278337330029263
Bearing3_2,2408,0.9651302605210421,17.254576909049053
Bearing3_2,2409,0.9655310621242486,17.27509313492468
Bearing3_2,2410,0.9659318637274549,17.45783516595675
Bearing3_2,2411,0.9663326653306613,17.64245614573065
Bearing3_2,2412,0.9667334669338677,17.740274304766558
Bearing3_2,2413,0.9671342685370742,18.03812499191531
Bearing3_2,2414,0.9675350701402805,18.434100815587083
Bearing3_2,2415,0.9679358717434869,18.520698879584252
Bearing3_2,2416,0.9683366733466934,18.435087524180492
Bearing3_2,2417,0.9687374749498998,18.08508791779181
Bearing3_2,2418,0.9691382765531062,17.74778687096071
Bearing3_2,2419,0.9695390781563126,17.302601756636285
Bearing3_2,2420,0.969939879759519,16.694938089839688
Bearing3_2,2421,0.9703406813627254,16.048380627726374
Bearing3_2,2422,0.9707414829659319,15.493684391358983
Bearing3_2,2423,0.9711422845691383,14.845364475492712
Bearing3_2,2424,0.9715430861723446,14.13120927772539
Bearing3_2,2425,0.9719438877755511,14.662521821701072
Bearing3_2,2426,0.9723446893787575,14.249391615062981
Bearing3_2,2427,0.972745490981964,14.786207805563617
Bearing3_2,2428,0.9731462925851704,14.777910558490579
Bearing3_2,2429,0.9735470941883767,15.273796923316374
Bearing3_2,2430,0.9739478957915831,15.208846948746295
Bearing3_2,2431,0.9743486973947896,15.908303459166712
Bearing3_2,2432,0.974749498997996,16.76769698616542
Bearing3_2,2433,0.9751503006012024,17.429005538816643
Bearing3_2,2434,0.9755511022044088,18.139531165018422
Bearing3_2,2435,0.9759519038076152,17.278273255623155
Bearing3_2,2436,0.9763527054108216,18.006048676385852
Bearing3_2,2437,0.9767535070140281,17.38021162229005
Bearing3_2,2438,0.9771543086172345,18.222340688386865
Bearing3_2,2439,0.9775551102204408,17.784412246814934
Bearing3_2,2440,0.9779559118236473,18.77928615310383
Bearing3_2,2441,0.9783567134268537,17.272492455444898
Bearing3_2,2442,0.9787575150300601,15.849162050921326
Bearing3_2,2443,0.9791583166332666,14.635762072995266
Bearing3_2,2444,0.9795591182364729,13.685641575434866
Bearing3_2,2445,0.9799599198396793,14.279534753010722
Bearing3_2,2446,0.9803607214428858,14.453362509371932
Bearing3_2,2447,0.9807615230460922,15.19900133524784
Bearing3_2,2448,0.9811623246492986,15.384654330686825
Bearing3_2,2449,0.981563126252505,15.24743851577178
Bearing3_2,2450,0.9819639278557114,14.969754980871588
Bearing3_2,2451,0.9823647294589178,15.89676456671593
Bearing3_2,2452,0.9827655310621243,17.093981066145084
Bearing3_2,2453,0.9831663326653307,18.208873389268142
Bearing3_2,2454,0.983567134268537,19.272403364023454
Bearing3_2,2455,0.9839679358717435,19.42657798807823
Bearing3_2,2456,0.9843687374749499,17.781986813243634
Bearing3_2,2457,0.9847695390781563,17.1709809245117
Bearing3_2,2458,0.9851703406813628,16.512301693204574
Bearing3_2,2459,0.9855711422845691,16.868363817556492
Bearing3_2,2460,0.9859719438877755,16.407945795402156
Bearing3_2,2461,0.986372745490982,16.40308160538717
Bearing3_2,2462,0.9867735470941884,16.119321625114384
Bearing3_2,2463,0.9871743486973948,14.591403573934082
Bearing3_2,2464,0.9875751503006012,13.62745104137117
Bearing3_2,2465,0.9879759519038076,12.925312311547762
Bearing3_2,2466,0.988376753507014,13.185383097480756
Bearing3_2,2467,0.9887775551102205,13.717605249652985
Bearing3_2,2468,0.9891783567134268,13.644350243292697
Bearing3_2,2469,0.9895791583166332,13.067168260153133
Bearing3_2,2470,0.9899799599198397,13.585563107466394
Bearing3_2,2471,0.9903807615230461,13.82938485963644
Bearing3_2,2472,0.9907815631262525,13.818884078680606
Bearing3_2,2473,0.9911823647294589,14.803531359795107
Bearing3_2,2474,0.9915831663326653,14.738052778236497
Bearing3_2,2475,0.9919839679358717,15.304305931351042
Bearing3_2,2476,0.9923847695390782,16.86479502847514
Bearing3_2,2477,0.9927855711422846,17.489683992427842
Bearing3_2,2478,0.9931863727454909,17.61630014037373
Bearing3_2,2479,0.9935871743486974,19.040554852081062
Bearing3_2,2480,0.9939879759519038,19.599401760432613
Bearing3_2,2481,0.9943887775551102,19.834408996472924
Bearing3_2,2482,0.9947895791583167,20.496669741693637
Bearing3_2,2483,0.995190380761523,21.50197131819874
Bearing3_2,2484,0.9955911823647294,22.609206663161963
Bearing3_2,2485,0.9959919839679359,22.640106905035644
Bearing3_2,2486,0.9963927855711423,22.35675730656872
Bearing3_2,2487,0.9967935871743487,21.77415333954668
Bearing3_2,2488,0.9971943887775551,22.38154748099712
Bearing3_2,2489,0.9975951903807615,21.98166860360947
Bearing3_2,2490,0.9979959919839679,21.477986709807
Bearing3_2,2491,0.9983967935871744,21.708169855371533
Bearing3_2,2492,0.9987975951903808,21.73282236564522
Bearing3_2,2493,0.9991983967935871,20.8781232854237
Bearing3_2,2494,0.9995991983967936,20.836692358022358
Bearing3_2,2495,1.0,20.98279050390006
Bearing3_3,0,0.0,
Bearing3_3,1,0.002702702702702703,
Bearing3_3,2,0.005405405405405406,
Bearing3_3,3,0.008108108108108109,
Bearing3_3,4,0.010810810810810811,
Bearing3_3,5,0.013513513513513514,
Bearing3_3,6,0.016216216216216217,
Bearing3_3,7,0.01891891891891892,
Bearing3_3,8,0.021621621621621623,
Bearing3_3,9,0.024324324324324326,
Bearing3_3,10,0.02702702702702703,
Bearing3_3,11,0.02972972972972973,
Bearing3_3,12,0.032432432432432434,
Bearing3_3,13,0.03513513513513514,
Bearing3_3,14,0.03783783783783784,
Bearing3_3,15,0.04054054054054054,0.6901558624562403
Bearing3_3,16,0.043243243243243246,0.728197827014618
Bearing3_3,17,0.04594594594594595,0.7100769011928448
Bearing3_3,18,0.04864864864864865,0.7018389019922792
Bearing3_3,19,0.051351351351351354,0.681633170947126
Bearing3_3,20,0.05405405405405406,0.6495754279903952
Bearing3_3,21,0.05675675675675676,0.6470921367008903
Bearing3_3,22,0.05945945945945946,0.6447792929553546
Bearing3_3,23,0.062162162162162166,0.6492760172888692
Bearing3_3,24,0.06486486486486487,0.6383433972241503
Bearing3_3,25,0.06756756756756757,0.6217466888034335
Bearing3_3,26,0.07027027027027027,0.6143523590953479
Bearing3_3,27,0.07297297297297298,0.600086552908453
Bearing3_3,28,0.07567567567567568,0.5879534209714011
Bearing3_3,29,0.07837837837837838,0.5614755218497375
Bearing3_3,30,0.08108108108108109,0.5596220917819805
Bearing3_3,31,0.08378378378378379,0.5649865560354221
Bearing3_3,32,0.08648648648648649,0.5505001949229518
Bearing3_3,33,0.0891891891891892,0.5323501364281795
Bearing3_3,34,0.0918918918918919,0.5188920894998628
Bearing3_3,35,0.0945945945945946,0.5164450306902844
Bearing3_3,36,0.0972972972972973,0.4991339202788577
Bearing3_3,37,0.1,0.4952689081275997
Bearing3_3,38,0.10270270270270271,0.48245505363416996
Bearing3_3,39,0.10540540540540541,0.48325786537684723
Bearing3_3,40,0.10810810810810811,0.4858183909757372
Bearing3_3,41,0.11081081081081082,0.4659465346486612
Bearing3_3,42,0.11351351351351352,0.4557541031082799
Bearing3_3,43,0.11621621621621622,0.4396861261261919
Bearing3_3,44,0.11891891891891893,0.4305240229046115
Bearing3_3,45,0.12162162162162163,0.40478150645434124
Bearing3_3,46,0.12432432432432433,0.3771465424002948
Bearing3_3,47,0.12702702702702703,0.3537736777769906
Bearing3_3,48,0.12972972972972974,0.3400969185233588
Bearing3_3,49,0.13243243243243244,0.3283433241233928
Bearing3_3,50,0.13513513513513514,0.31167886809453316
Bearing3_3,51,0.13783783783783785,0.28769696705895875
Bearing3_3,52,0.14054054054054055,0.27117098846695653
Bearing3_3,53,0.14324324324324325,0.2514342405609745
Bearing3_3,54,0.14594594594594595,0.233291940721485
Bearing3_3,55,0.14864864864864866,0.21969464061529406
Bearing3_3,56,0.15135135135135136,0.2029668793488145
Bearing3_3,57,0.15405405405405406,0.17532799648651834
Bearing3_3,58,0.15675675675675677,0.14614152851330509
Bearing3_3,59,0.15945945945945947,0.10733438373019508
Bearing3_3,60,0.16216216216216217,0.05649069501517208
Bearing3_3,61,0.16486486486486487,0.028785957329806117
Bearing3_3,62,0.16756756756756758,-0.014859863214763607
Bearing3_3,63,0.17027027027027028,-0.03924420055785175
Bearing3_3,64,0.17297297297297298,-0.0701132037119454
Bearing3_3,65,0.17567567567567569,-0.09524261329154408
Bearing3_3,66,0.1783783783783784,-0.1134224245034533
Bearing3_3,67,0.1810810810810811,-0.12141097337599342
Bearing3_3,68,0.1837837837837838,-0.1504692055336045
Bearing3_3,69,0.1864864864864865,-0.18248269658250146
Bearing3_3,70,0.1891891891891892,-0.1858888923735106
Bearing3_3,71,0.1918918918918919,-0.19790382513206484
Bearing3_3,72,0.1945945945945946,-0.20431205377802453
Bearing3_3,73,0.1972972972972973,-0.2234951467331335
Bearing3_3,74,0.2,-0.23834146898488662
Bearing3_3,75,0.20270270270270271,-0.2458925105365431
Bearing3_3,76,0.20540540540540542,-0.2618264630842328
Bearing3_3,77,0.20810810810810812,-0.28168286369960327
Bearing3_3,78,0.21081081081081082,-0.2744363056627393
Bearing3_3,79,0.21351351351351353,-0.261931570806575
Bearing3_3,80,0.21621621621621623,-0.28527243620410825
Bearing3_3,81,0.21891891891891893,-0.3070791016927739
Bearing3_3,82,0.22162162162162163,-0.31123110901254203
Bearing3_3,83,0.22432432432432434,-0.3248647396636975
Bearing3_3,84,0.22702702702702704,-0.3208221370912045
Bearing3_3,85,0.22972972972972974,-0.3388585008927384
Bearing3_3,86,0.23243243243243245,-0.35064312956552046
Bearing3_3,87,0.23513513513513515,-0.3620688293499882
Bearing3_3,88,0.23783783783783785,-0.3887533562459292
Bearing3_3,89,0.24054054054054055,-0.3970010891172269
Bearing3_3,90,0.24324324324324326,-0.40354673668985247
Bearing3_3,91,0.24594594594594596,-0.41589801047668506
Bearing3_3,92,0.24864864864864866,-0.4334813929726812
Bearing3_3,93,0.25135135135135134,-0.4423600928793249
Bearing3_3,94,0.25405405405405407,-0.46970464881652213
Bearing3_3,95,0.25675675675675674,-0.47562824658967146
Bearing3_3,96,0.2594594594594595,-0.4939873372270311
Bearing3_3,97,0.26216216216216215,-0.5153197366578584
Bearing3_3,98,0.2648648648648649,-0.5230074388564463
Bearing3_3,99,0.26756756756756755,-0.5406148855038659
Bearing3_3,100,0.2702702702702703,-0.5430915519367264
Bearing3_3,101,0.27297297297297296,-0.5516252433346885
Bearing3_3,102,0.2756756756756757,-0.5599791782529205
Bearing3_3,103,0.27837837837837837,-0.5475969251584851
Bearing3_3,104,0.2810810810810811,-0.553042729428615
Bearing3_3,105,0.28378378378378377,-0.5777672434589267
Bearing3_3,106,0.2864864864864865,-0.5809083750853095
Bearing3_3,107,0.2891891891891892,-0.5806627287517202
Bearing3_3,108,0.2918918918918919,-0.5745330622003668
Bearing3_3,109,0.2945945945945946,-0.571815861027439
Bearing3_3,110,0.2972972972972973,-0.5873751851840743
Bearing3_3,111,0.3,-0.5945575492064277
Bearing3_3,112,0.3027027027027027,-0.5945476042848747
Bearing3_3,113,0.3054054054054054,-0.6087069264559339
Bearing3_3,114,0.3081081081081081,-0.6157360906857382
Bearing3_3,115,0.3108108108108108,-0.6262400883723389
Bearing3_3,116,0.31351351351351353,-0.6360138882106352
Bearing3_3,117,0.3162162162162162,-0.6485510807617023
Bearing3_3,118,0.31891891891891894,-0.6672051851071981
Bearing3_3,119,0.3216216216216216,-0.6991554587593507
Bearing3_3,120,0.32432432432432434,-0.7043056609687326
Bearing3_3,121,0.327027027027027,-0.7087073838326983
Bearing3_3,122,0.32972972972972975,-0.7253751644076225
Bearing3_3,123,0.3324324324324324,-0.7423694450893318
Bearing3_3,124,0.33513513513513515,-0.746661872975937
Bearing3_3,125,0.33783783783783783,-0.7464142180593176
Bearing3_3,126,0.34054054054054056,-0.7536787109209131
Bearing3_3,127,0.34324324324324323,-0.7497581554903366
Bearing3_3,128,0.34594594594594597,-0.7649803115073783
Bearing3_3,129,0.34864864864864864,-0.7502020412150185
Bearing3_3,130,0.35135135135135137,-0.743390328057882
Bearing3_3,131,0.35405405405405405,-0.7549083752217939
Bearing3_3,132,0.3567567567567568,-0.7617297238153355
Bearing3_3,133,0.35945945945945945,-0.7787911656219958
Bearing3_3,134,0.3621621621621622,-0.7966766521182336
Bearing3_3,135,0.36486486486486486,-0.801335468657071
Bearing3_3,136,0.3675675675675676,-0.8141423856590434
Bearing3_3,137,0.37027027027027026,-0.8222497383247095
Bearing3_3,138,0.372972972972973,-0.8196243533434624
Bearing3_3,139,0.37567567567567567,-0.8314730212125232
Bearing3_3,140,0.3783783783783784,-0.8536947379888851
Bearing3_3,141,0.3810810810810811,-0.873189838804017
Bearing3_3,142,0.3837837837837838,-0.8874782520791955
Bearing3_3,143,0.3864864864864865,-0.9098565519330174
Bearing3_3,144,0.3891891891891892,-0.9223495429408803
Bearing3_3,145,0.3918918918918919,-0.9393221580649916
Bearing3_3,146,0.3945945945945946,-0.9452424740406926
Bearing3_3,147,0.3972972972972973,-0.9601437367068406
Bearing3_3,148,0.4,-0.9760884529313181
Bearing3_3,149,0.4027027027027027,-0.9881870190026115
Bearing3_3,150,0.40540540540540543,-0.9875516920459667
Bearing3_3,151,0.4081081081081081,-0.9884441005011256
Bearing3_3,152,0.41081081081081083,-1.0008249018127606
Bearing3_3,153,0.4135135135135135,-1.0013663153584667
Bearing3_3,154,0.41621621621621624,-1.007436555147259
Bearing3_3,155,0.4189189189189189,-1.0130869002388267
Bearing3_3,156,0.42162162162162165,-1.0461774171926401
Bearing3_3,157,0.4243243243243243,-1.051620702892888
Bearing3_3,158,0.42702702702702705,-1.0740079306474442
Bearing3_3,159,0.4297297297297297,-1.08344232187541
Bearing3_3,160,0.43243243243243246,-1.0988358889706262
Bearing3_3,161,0.43513513513513513,-1.1102336932924017
Bearing3_3,162,0.43783783783783786,-1.120101572751923
Bearing3_3,163,0.44054054054054054,-1.1335875248368412
Bearing3_3,164,0.44324324324324327,-1.1473205189842448
Bearing3_3,165,0.44594594594594594,-1.1553625147439845
Bearing3_3,166,0.4486486486486487,-1.1538861904176358
Bearing3_3,167,0.45135135135135135,-1.1818887758819385
Bearing3_3,168,0.4540540540540541,-1.1717824899340354
Bearing3_3,169,0.45675675675675675,-1.1873067211370447
Bearing3_3,170,0.4594594594594595,-1.2170910382405942
Bearing3_3,171,0.46216216216216216,-1.2277933417662503
Bearing3_3,172,0.4648648648648649,-1.2308497889428298
Bearing3_3,173,0.46756756756756757,-1.2297803685956057
Bearing3_3,174,0.4702702702702703,-1.2451011810336003
Bearing3_3,175,0.47297297297297297,-1.2530108457781668
Bearing3_3,176,0.4756756756756757,-1.257690334339184
Bearing3_3,177,0.4783783783783784,-1.2616979439888616
Bearing3_3,178,0.4810810810810811,-1.2772930773235802
Bearing3_3,179,0.4837837837837838,-1.2789592389873106
Bearing3_3,180,0.4864864864864865,-1.273871889519796
Bearing3_3,181,0.4891891891891892,-1.2872349300066839
Bearing3_3,182,0.4918918918918919,-1.3004192087975386
Bearing3_3,183,0.4945945945945946,-1.3180609041868283
Bearing3_3,184,0.4972972972972973,-1.3224292230361314
Bearing3_3,185,0.5,-1.3360910245307844
Bearing3_3,186,0.5027027027027027,-1.3454705679167334
Bearing3_3,187,0.5054054054054054,-1.3583135590694329
Bearing3_3,188,0.5081081081081081,-1.3734801238568752
Bearing3_3,189,0.5108108108108108,-1.3863199390713934
Bearing3_3,190,0.5135135135135135,-1.394998826964148
Bearing3_3,191,0.5162162162162162,-1.4024071874659076
Bearing3_3,192,0.518918918918919,-1.4081591110715386
Bearing3_3,193,0.5216216216216216,-1.41451630745549
Bearing3_3,194,0.5243243243243243,-1.4026345713905723
Bearing3_3,195,0.527027027027027,-1.4109995800185868
Bearing3_3,196,0.5297297297297298,-1.4281328070143058
Bearing3_3,197,0.5324324324324324,-1.4340127483821938
Bearing3_3,198,0.5351351351351351,-1.4466984371875777
Bearing3_3,199,0.5378378378378378,-1.4469900803715456
Bearing3_3,200,0.5405405405405406,-1.458742784016843
Bearing3_3,201,0.5432432432432432,-1.4564601036199238
Bearing3_3,202,0.5459459459459459,-1.4608423655079654
Bearing3_3,203,0.5486486486486486,-1.463419937990294
Bearing3_3,204,0.5513513513513514,-1.4878661496708763
Bearing3_3,205,0.5540540540540541,-1.4960939900217345
Bearing3_3,206,0.5567567567567567,-1.4853606841970342
Bearing3_3,207,0.5594594594594594,-1.4820257149741185
Bearing3_3,208,0.5621621621621622,-1.4864807813991447
Bearing3_3,209,0.5648648648648649,-1.5017637947035507
Bearing3_3,210,0.5675675675675675,-1.5192137390671843
Bearing3_3,211,0.5702702702702702,-1.5344278750362284
Bearing3_3,212,0.572972972972973,-1.5403320649712247
Bearing3_3,213,0.5756756756756757,-1.550235563512589
Bearing3_3,214,0.5783783783783784,-1.5478498060919321
Bearing3_3,215,0.581081081081081,-1.5454702633012711
Bearing3_3,216,0.5837837837837838,-1.5516358702044035
Bearing3_3,217,0.5864864864864865,-1.5559681944941715
Bearing3_3,218,0.5891891891891892,-1.5432869403567095
Bearing3_3,219,0.5918918918918918,-1.5401768375120042
Bearing3_3,220,0.5945945945945946,-1.5217330271493803
Bearing3_3,221,0.5972972972972973,-1.5260217428922964
Bearing3_3,222,0.6,-1.5283365030165466
Bearing3_3,223,0.6027027027027027,-1.5106396782338605
Bearing3_3,224,0.6054054054054054,-1.5008255994240418
Bearing3_3,225,0.6081081081081081,-1.4863117582690066
Bearing3_3,226,0.6108108108108108,-1.4859387125522983
Bearing3_3,227,0.6135135135135135,-1.485988895035947
Bearing3_3,228,0.6162162162162163,-1.499328266008553
Bearing3_3,229,0.6189189189189189,-1.51554377524447
Bearing3_3,230,0.6216216216216216,-1.5113455690163207
Bearing3_3,231,0.6243243243243243,-1.503474139671172
Bearing3_3,232,0.6270270270270271,-1.498170133643924
Bearing3_3,233,0.6297297297297297,-1.5117205190548395
Bearing3_3,234,0.6324324324324324,-1.5187653575673532
Bearing3_3,235,0.6351351351351351,-1.5416460439441984
Bearing3_3,236,0.6378378378378379,-1.5519858046880646
Bearing3_3,237,0.6405405405405405,-1.5608860613951605
Bearing3_3,238,0.6432432432432432,-1.5729868643377185
Bearing3_3,239,0.6459459459459459,-1.5522864710208453
Bearing3_3,240,0.6486486486486487,-1.5661833379077816
Bearing3_3,241,0.6513513513513514,-1.5724167597463392
Bearing3_3,242,0.654054054054054,-1.585139202908947
Bearing3_3,243,0.6567567567567567,-1.5862808990028276
Bearing3_3,244,0.6594594594594595,-1.598730352807413
Bearing3_3,245,0.6621621621621622,-1.6075793903166775
Bearing3_3,246,0.6648648648648648,-1.6075543338222773
Bearing3_3,247,0.6675675675675675,-1.6065716417706124
Bearing3_3,248,0.6702702702702703,-1.5906697605569189
Bearing3_3,249,0.672972972972973,-1.5967073880134157
Bearing3_3,250,0.6756756756756757,-1.5886613338519866
Bearing3_3,251,0.6783783783783783,-1.5964949992458635
Bearing3_3,252,0.6810810810810811,-1.5993844506611288
Bearing3_3,253,0.6837837837837838,-1.5966204553956327
Bearing3_3,254,0.6864864864864865,-1.5895372062216608
Bearing3_3,255,0.6891891891891891,-1.5865666970110597
Bearing3_3,256,0.6918918918918919,-1.5877603599868864
Bearing3_3,257,0.6945945945945946,-1.5951105375007137
Bearing3_3,258,0.6972972972972973,-1.6081759919419352
Bearing3_3,259,0.7,-1.6258821342019367
Bearing3_3,260,0.7027027027027027,-1.6322482194484855
Bearing3_3,261,0.7054054054054054,-1.6256448828897727
Bearing3_3,262,0.7081081081081081,-1.6287946084190963
Bearing3_3,263,0.7108108108108108,-1.6399775476921974
Bearing3_3,264,0.7135135135135136,-1.654550167172172
Bearing3_3,265,0.7162162162162162,-1.663119130976528
Bearing3_3,266,0.7189189189189189,-1.6702487531752834
Bearing3_3,267,0.7216216216216216,-1.6735770423182157
Bearing3_3,268,0.7243243243243244,-1.6772016140057293
Bearing3_3,269,0.727027027027027,-1.6758745351618074
Bearing3_3,270,0.7297297297297297,-1.6925621814732517
Bearing3_3,271,0.7324324324324324,-1.6997016086806098
Bearing3_3,272,0.7351351351351352,-1.7079465648125107
Bearing3_3,273,0.7378378378378379,-1.717315499418057
Bearing3_3,274,0.7405405405405405,-1.7151156935906098
Bearing3_3,275,0.7432432432432432,-1.7183381373564726
Bearing3_3,276,0.745945945945946,-1.718382740228802
Bearing3_3,277,0.7486486486486487,-1.7331063525785109
Bearing3_3,278,0.7513513513513513,-1.7405302771474198
Bearing3_3,279,0.754054054054054,-1.756261536911889
Bearing3_3,280,0.7567567567567568,-1.7622621932198625
Bearing3_3,281,0.7594594594594595,-1.7782484942873515
Bearing3_3,282,0.7621621621621621,-1.7852257169223489
Bearing3_3,283,0.7648648648648648,-1.8052024295359863
Bearing3_3,284,0.7675675675675676,-1.8176754628890943
Bearing3_3,285,0.7702702702702703,-1.829857706100873
Bearing3_3,286,0.772972972972973,-1.8295512272529009
Bearing3_3,287,0.7756756756756756,-1.8273666414156302
Bearing3_3,288,0.7783783783783784,-1.8264151288070825
Bearing3_3,289,0.7810810810810811,-1.823940345281363
Bearing3_3,290,0.7837837837837838,-1.835742871754667
Bearing3_3,291,0.7864864864864864,-1.8422885272889473
Bearing3_3,292,0.7891891891891892,-1.8403343086768882
Bearing3_3,293,0.7918918918918919,-1.8404549671895556
Bearing3_3,294,0.7945945945945946,-1.8259656773519617
Bearing3_3,295,0.7972972972972973,-1.8305001040092008
Bearing3_3,296,0.8,-1.8345824713740264
Bearing3_3,297,0.8027027027027027,-1.8372839538137709
Bearing3_3,298,0.8054054054054054,-1.836227399202405
Bearing3_3,299,0.8081081081081081,-1.8303284468851218
Bearing3_3,300,0.8108108108108109,-1.8200772202593587
Bearing3_3,301,0.8135135135135135,-1.8151461130354196
Bearing3_3,302,0.8162162162162162,-1.827200504179319
Bearing3_3,303,0.8189189189189189,-1.810591784402624
Bearing3_3,304,0.8216216216216217,-1.8299625906200787
Bearing3_3,305,0.8243243243243243,-1.8313025216626735
Bearing3_3,306,0.827027027027027,-1.8358875638735555
Bearing3_3,307,0.8297297297297297,-1.8489615889455933
Bearing3_3,308,0.8324324324324325,-1.8614547106393566
Bearing3_3,309,0.8351351351351352,-1.8709190951827765
Bearing3_3,310,0.8378378378378378,-1.8683374980250815
Bearing3_3,311,0.8405405405405405,-1.8695320168683573
Bearing3_3,312,0.8432432432432433,-1.8573440551239955
Bearing3_3,313,0.845945945945946,-1.8470388774629214
Bearing3_3,314,0.8486486486486486,-1.8432517783147913
Bearing3_3,315,0.8513513513513513,-1.826321197306077
Bearing3_3,316,0.8540540540540541,-1.8249503334020396
Bearing3_3,317,0.8567567567567568,-1.8183544216749592
Bearing3_3,318,0.8594594594594595,-1.8213358623843612
Bearing3_3,319,0.8621621621621621,-1.8096462688672585
Bearing3_3,320,0.8648648648648649,-1.818697570915559
Bearing3_3,321,0.8675675675675676,-1.8024553494480764
Bearing3_3,322,0.8702702702702703,-1.806779814646235
Bearing3_3,323,0.8729729729729729,-1.8239511352248794
Bearing3_3,324,0.8756756756756757,-1.8228162375702746
Bearing3_3,325,0.8783783783783784,-1.8354890228142693
Bearing3_3,326,0.8810810810810811,-1.8382965155784519
Bearing3_3,327,0.8837837837837837,-1.8286955708414347
Bearing3_3,328,0.8864864864864865,-1.8281236000872787
Bearing3_3,329,0.8891891891891892,-1.834010557230867
Bearing3_3,330,0.8918918918918919,-1.8323322173941587
Bearing3_3,331,0.8945945945945946,-1.839108919307338
Bearing3_3,332,0.8972972972972973,-1.8340621107704511
Bearing3_3,333,0.9,-1.8289944466378636
Bearing3_3,334,0.9027027027027027,-1.8285138489285075
Bearing3_3,335,0.9054054054054054,-1.8266903569301989
Bearing3_3,336,0.9081081081081082,-1.8231585105824724
Bearing3_3,337,0.9108108108108108,-1.8266894419719872
Bearing3_3,338,0.9135135135135135,-1.7902857090385307
Bearing3_3,339,0.9162162162162162,-1.757139244987005
Bearing3_3,340,0.918918918918919,-1.683591680560656
Bearing3_3,341,0.9216216216216216,-1.6544813943838856
Bearing3_3,342,0.9243243243243243,-1.4290534552853578
Bearing3_3,343,0.927027027027027,-1.1382941478982533
Bearing3_3,344,0.9297297297297298,-0.5665491091344519
Bearing3_3,345,0.9324324324324325,0.2939618909641036
Bearing3_3,346,0.9351351351351351,1.2358422464523175
Bearing3_3,347,0.9378378378378378,2.2236283499005745
Bearing3_3,348,0.9405405405405406,3.4189962361568944
Bearing3_3,349,0.9432432432432433,4.678030310789573
Bearing3_3,350,0.9459459459459459,5.853277800386189
Bearing3_3,351,0.9486486486486486,7.323421206154196
Bearing3_3,352,0.9513513513513514,8.715443017243931
Bearing3_3,353,0.9540540540540541,10.025373963119666
Bearing3_3,354,0.9567567567567568,11.135837709248396
Bearing3_3,355,0.9594594594594594,11.986364064292648
Bearing3_3,356,0.9621621621621622,12.755246000623124
Bearing3_3,357,0.9648648648648649,13.545673923120969
Bearing3_3,358,0.9675675675675676,14.09078293753204
Bearing3_3,359,0.9702702702702702,14.625156311114702
Bearing3_3,360,0.972972972972973,15.20003447006248
Bearing3_3,361,0.9756756756756757,15.593230308082871
Bearing3_3,362,0.9783783783783784,15.806874392851109
Bearing3_3,363,0.981081081081081,16.12932440022874
Bearing3_3,364,0.9837837837837838,16.390828021741424
Bearing3_3,365,0.9864864864864865,16.666888922255062
Bearing3_3,366,0.9891891891891892,16.90968853358912
Bearing3_3,367,0.9918918918918919,17.148099550078186
Bearing3_3,368,0.9945945945945946,17.352036956998727
Bearing3_3,369,0.9972972972972973,17.520304247534533
Bearing3_3,370,1.0,17.674702918585385
