arm,condition,bearing_id,episode_id,step_id,normalized_lifetime,phase,level,trend,movement,reconstruction_mse,source_path,z_0,z_1,z_2,z_3,z_4,z_5,z_6,z_7
arm_a,37.5Hz11kN,Bearing2_5,37.5Hz11kN/Bearing2_5,0,0.0,calibrating,,,,0.7707277536392212,D:\1\德国留学\斯图加特大学在校资料\hiwi工作\XJTU-SY_Bearing_Datasets\Data\XJTU-SY_Bearing_Datasets\37.5Hz11kN\Bearing2_5\1.csv,-3.459061622619629,-2.560224771499634,3.7053380012512207,4.090673923492432,-3.6656739711761475,-2.235048294067383,2.7813496589660645,-3.6332530975341797
arm_a,37.5Hz11kN,Bearing2_5,37.5Hz11kN/Bearing2_5,1,0.0029585798816568047,calibrating,,,,0.7770183682441711,D:\1\德国留学\斯图加特大学在校资料\hiwi工作\XJTU-SY_Bearing_Datasets\Data\XJTU-SY_Bearing_Datasets\37.5Hz11kN\Bearing2_5\2.csv,-3.4943325519561768,-2.5959651470184326,3.7339038848876953,4.130341529846191,-3.699917793273926,-2.246992349624634,2.8163352012634277,-3.6790666580200195
arm_a,37.5Hz11kN,Bearing2_5,37.5Hz11kN/Bearing2_5,2,0.005917159763313609,calibrating,,,,0.7838002443313599,D:\1\德国留学\斯图加特大学在校资料\hiwi工作\XJTU-SY_Bearing_Datasets\Data\XJTU-SY_Bearing_Datasets\37.5Hz11kN\Bearing2_5\3.csv,-3.4262235164642334,-2.5416035652160645,3.657299757003784,4.065108776092529,-3.610579252243042,-2.2203142642974854,2.7553300857543945,-3.591966152191162
arm_a,37.5Hz11kN,Bearing2_5,37.5Hz11kN/Bearing2_5,3,0.008875739644970414,calibrating,,,,0.7952700853347778,D:\1\德国留学\斯图加特大学在校资料\hiwi工作\XJTU-SY_Bearing_Datasets\Data\XJTU-SY_Bearing_Datasets\37.5Hz11kN\Bearing2_5\4.csv,-3.558844804763794,-2.6286864280700684,3.761335849761963,4.172819137573242,-3.7269177436828613,-2.290513038635254,2.839141368865967,-3.7013330459594727
arm_a,37.5Hz11kN,Bearing2_5,37.5Hz11kN/Bearing2_5,4,0.011834319526627219,calibrating,,,,0.7885439395904541,D:\1\德国留学\斯图加特大学在校资料\hiwi工作\XJTU-SY_Bearing_Datasets\Data\XJTU-SY_Bearing_Datasets\37.5Hz11kN\Bearing2_5\5.csv,-3.3900413513183594,-2.502157688140869,3.6063826084136963,4.030844688415527,-3.5683679580688477,-2.183441638946533,2.7146096229553223,-3.556976318359375
arm_a,37.5Hz11kN,Bearing2_5,37.5Hz11kN/Bearing2_5,5,0.014792899408284023,calibrating,,,,0.7774410247802734,D:\1\德国留学\斯图加特大学在校资料\hiwi工作\XJTU-SY_Bearing_Datasets\Data\XJTU-SY_Bearing_Datasets\37.5Hz11kN\Bearing2_5\6.csv,-3.312143087387085,-2.42826247215271,3.5065829753875732,3.893768072128296,-3.497065782546997,-2.1624786853790283,2.6266677379608154,-3.455042600631714
arm_a,37.5Hz11kN,Bearing2_5,37.5Hz11kN/Bearing2_5,6,0.01775147928994083,calibrating,,,,0.7664988040924072,D:\1\德国留学\斯图加特大学在校资料\hiwi工作\XJTU-SY_Bearing_Datasets\Data\XJTU-SY_Bearing_Datasets\37.5Hz11kN\Bearing2_5\7.csv,-3.5301876068115234,-2.60736083984375,3.7389044761657715,4.162944793701172,-3.7180252075195312,-2.2897448539733887,2.820798397064209,-3.6914420127868652
arm_a,37.5Hz11kN,Bearing2_5,37.5Hz11kN/Bearing2_5,7,0.020710059171597635,calibrating,,,,0.7837971448898315,D:\1\德国留学\斯图加特大学在校资料\hiwi工作\XJTU-SY_Bearing_Datasets\Data\XJTU-SY_Bearing_Datasets\37.5Hz11kN\Bearing2_5\8.csv,-3.6523146629333496,-2.698803186416626,3.8744640350341797,4.282756805419922,-3.836989641189575,-2.364590644836426,2.912393808364868,-3.8080177307128906
arm_a,37.5Hz11kN,Bearing2_5,37.5Hz11kN/Bearing2_5,8,0.023668639053254437,calibrating,,,,0.8049232363700867,D:\1\德国留学\斯图加特大学在校资料\hiwi工作\XJTU-SY_Bearing_Datasets\Data\XJTU-SY_Bearing_Datasets\37.5Hz11kN\Bearing2_5\9.csv,-3.5536892414093018,-2.6123390197753906,3.750828504562378,4.174530029296875,-3.736091136932373,-2.303203582763672,2.844208240509033,-3.6929819583892822
arm_a,37.5Hz11kN,Bearing2_5,37.5Hz11kN/Bearing2_5,9,0.026627218934911243,calibrating,,,,0.7927310466766357,D:\1\德国留学\斯图加特大学在校资料\hiwi工作\XJTU-SY_Bearing_Datasets\Data\XJTU-SY_Bearing_Datasets\37.5Hz11kN\Bearing2_5\10.csv,-3.6494884490966797,-2.6889352798461914,3.8549938201904297,4.281857490539551,-3.8169002532958984,-2.3551416397094727,2.899228572845459,-3.7920501232147217
arm_a,37.5Hz11kN,Bearing2_5,37.5Hz11kN/Bearing2_5,10,0.029585798816568046,calibrating,,,,0.7850571274757385,D:\1\德国留学\斯图加特大学在校资料\hiwi工作\XJTU-SY_Bearing_Datasets\Data\XJTU-SY_Bearing_Datasets\37.5Hz11kN\Bearing2_5\11.csv,-3.583470344543457,-2.634722948074341,3.7760426998138428,4.213606357574463,-3.753681182861328,-2.3118343353271484,2.847200632095337,-3.707796573638916
arm_a,37.5Hz11kN,Bearing2_5,37.5Hz11kN/Bearing2_5,11,0.03254437869822485,calibrating,,,,0.7887436151504517,D:\1\德国留学\斯图加特大学在校资料\hiwi工作\XJTU-SY_Bearing_Datasets\Data\XJTU-SY_Bearing_Datasets\37.5Hz11kN\Bearing2_5\12.csv,-3.655942440032959,-2.706353187561035,3.8786091804504395,4.303220748901367,-3.84169340133667,-2.357262134552002,2.917820930480957,-3.823500156402588
arm_a,37.5Hz11kN,Bearing2_5,37.5Hz11kN/Bearing2_5,12,0.03550295857988166,calibrating,,,,0.7793310880661011,D:\1\德国留学\斯图加特大学在校资料\hiwi工作\XJTU-SY_Bearing_Datasets\Data\XJTU-SY_Bearing_Datasets\37.5Hz11kN\Bearing2_5\13.csv,-3.549154281616211,-2.6295008659362793,3.7584705352783203,4.181150436401367,-3.73740816116333,-2.295722723007202,2.848902702331543,-3.720475912094116
arm_a,37.5Hz11kN,Bearing2_5,37.5Hz11kN/Bearing2_5,13,0.038461538461538464,calibrating,,,,0.8154877424240112,D:\1\德国留学\斯图加特大学在校资料\hiwi工作\XJTU-SY_Bearing_Datasets\Data\XJTU-SY_Bearing_Datasets\37.5Hz11kN\Bearing2_5\14.csv,-3.596862316131592,-2.654216766357422,3.795100212097168,4.207767486572266,-3.783386707305908,-2.287121057510376,2.864716053009033,-3.7509589195251465
arm_a,37.5Hz11kN,Bearing2_5,37.5Hz11kN/Bearing2_5,14,0.04142011834319527,calibrating,,,,0.7917103171348572,D:\1\德国留学\斯图加特大学在校资料\hiwi工作\XJTU-SY_Bearing_Datasets\Data\XJTU-SY_Bearing_Datasets\37.5Hz11kN\Bearing2_5\15.csv,-3.55999493598938,-2.600433588027954,3.7531566619873047,4.15798282623291,-3.730426788330078,-2.28251314163208,2.8173437118530273,-3.707184314727783
arm_a,37.5Hz11kN,Bearing2_5,37.5Hz11kN/Bearing2_5,15,0.04437869822485207,ready,0.4091130495071411,0.0,0.3826296329498291,0.7896604537963867,D:\1\德国留学\斯图加特大学在校资料\hiwi工作\XJTU-SY_Bearing_Datasets\Data\XJTU-SY_Bearing_Datasets\37.5Hz11kN\Bearing2_5\16.csv,-3.675769805908203,-2.7216148376464844,3.908017158508301,4.316409111022949,-3.876024007797241,-2.379169464111328,2.935798406600952,-3.8642306327819824
arm_a,37.5Hz11kN,Bearing2_5,37.5Hz11kN/Bearing2_5,16,0.047337278106508875,ready,0.4379720985889435,0.028859049081802368,0.06461865454912186,0.7804631590843201,D:\1\德国留学\斯图加特大学在校资料\hiwi工作\XJTU-SY_Bearing_Datasets\Data\XJTU-SY_Bearing_Datasets\37.5Hz11kN\Bearing2_5\17.csv,-3.716817855834961,-2.730813980102539,3.9231791496276855,4.347836494445801,-3.9006385803222656,-2.377267837524414,2.9536709785461426,-3.880340099334717
arm_a,37.5Hz11kN,Bearing2_5,37.5Hz11kN/Bearing2_5,17,0.05029585798816568,ready,0.552812397480011,0.07184967398643494,0.31756770610809326,0.7699906826019287,D:\1\德国留学\斯图加特大学在校资料\hiwi工作\XJTU-SY_Bearing_Datasets\Data\XJTU-SY_Bearing_Datasets\37.5Hz11kN\Bearing2_5\18.csv,-3.8353097438812256,-2.8424081802368164,4.05189323425293,4.462287425994873,-4.019778251647949,-2.4554152488708496,3.063769817352295,-3.991093397140503
arm_a,37.5Hz11kN,Bearing2_5,37.5Hz11kN/Bearing2_5,18,0.05325443786982249,ready,0.6552352905273438,0.08532069623470306,0.18118320405483246,0.7722519636154175,D:\1\德国留学\斯图加特大学在校资料\hiwi工作\XJTU-SY_Bearing_Datasets\Data\XJTU-SY_Bearing_Datasets\37.5Hz11kN\Bearing2_5\19.csv,-3.8931312561035156,-2.893923759460449,4.127311706542969,4.54800271987915,-4.082016944885254,-2.501516342163086,3.1159465312957764,-4.062323570251465
arm_a,37.5Hz11kN,Bearing2_5,37.5Hz11kN/Bearing2_5,19,0.05621301775147929,ready,0.7140840291976929,0.08272051811218262,0.02700103260576725,0.770837128162384,D:\1\德国留学\斯图加特大学在校资料\hiwi工作\XJTU-SY_Bearing_Datasets\Data\XJTU-SY_Bearing_Datasets\37.5Hz11kN\Bearing2_5\20.csv,-3.8787031173706055,-2.886767864227295,4.117681980133057,4.559571266174316,-4.084268569946289,-2.493616819381714,3.1035749912261963,-4.057570934295654
arm_a,37.5Hz11kN,Bearing2_5,37.5Hz11kN/Bearing2_5,20,0.05917159763313609,ready,0.7717234492301941,0.07839459925889969,0.11071507632732391,0.7909550666809082,D:\1\德国留学\斯图加特大学在校资料\hiwi工作\XJTU-SY_Bearing_Datasets\Data\XJTU-SY_Bearing_Datasets\37.5Hz11kN\Bearing2_5\21.csv,-3.9200246334075928,-2.9196009635925293,4.163285255432129,4.60176944732666,-4.125561237335205,-2.520773410797119,3.1333017349243164,-4.105380535125732
arm_a,37.5Hz11kN,Bearing2_5,37.5Hz11kN/Bearing2_5,21,0.0621301775147929,ready,0.7851272225379944,0.06988631933927536,0.19539804756641388,0.7936298251152039,D:\1\德国留学\斯图加特大学在校资料\hiwi工作\XJTU-SY_Bearing_Datasets\Data\XJTU-SY_Bearing_Datasets\37.5Hz11kN\Bearing2_5\22.csv,-3.85477876663208,-2.8675103187561035,4.089086055755615,4.5279541015625,-4.042951583862305,-2.4739878177642822,3.06542706489563,-4.023921966552734
arm_a,37.5Hz11kN,Bearing2_5,37.5Hz11kN/Bearing2_5,22,0.0650887573964497,ready,0.8119131326675415,0.06274949759244919,0.14116708934307098,0.7417370676994324,D:\1\德国留学\斯图加特大学在校资料\hiwi工作\XJTU-SY_Bearing_Datasets\Data\XJTU-SY_Bearing_Datasets\37.5Hz11kN\Bearing2_5\23.csv,-3.902418851852417,-2.904449701309204,4.140975475311279,4.557419300079346,-4.104391574859619,-2.4881534576416016,3.135773181915283,-4.085640907287598
arm_a,37.5Hz11kN,Bearing2_5,37.5Hz11kN/Bearing2_5,23,0.06804733727810651,ready,0.8437816500663757,0.05736025795340538,0.1034177839756012,0.7663101553916931,D:\1\德国留学\斯图加特大学在校资料\hiwi工作\XJTU-SY_Bearing_Datasets\Data\XJTU-SY_Bearing_Datasets\37.5Hz11kN\Bearing2_5\24.csv,-3.9342329502105713,-2.933896541595459,4.187442302703857,4.600764274597168,-4.143457889556885,-2.525348663330078,3.143665075302124,-4.128139019012451
arm_a,37.5Hz11kN,Bearing2_5,37.5Hz11kN/Bearing2_5,24,0.07100591715976332,ready,0.8791972398757935,0.05341966077685356,0.102281853556633,0.774857759475708,D:\1\德国留学\斯图加特大学在校资料\hiwi工作\XJTU-SY_Bearing_Datasets\Data\XJTU-SY_Bearing_Datasets\37.5Hz11kN\Bearing2_5\25.csv,-3.9625954627990723,-2.953476905822754,4.221052169799805,4.647346496582031,-4.175484657287598,-2.5633082389831543,3.1838579177856445,-4.171637535095215
arm_a,37.5Hz11kN,Bearing2_5,37.5Hz11kN/Bearing2_5,25,0.07396449704142012,ready,0.9448428153991699,0.049067601561546326,0.13362619280815125,0.7720500230789185,D:\1\德国留学\斯图加特大学在校资料\hiwi工作\XJTU-SY_Bearing_Datasets\Data\XJTU-SY_Bearing_Datasets\37.5Hz11kN\Bearing2_5\26.csv,-3.9240148067474365,-2.917173385620117,4.161031723022461,4.58902645111084,-4.125973701477051,-2.5224759578704834,3.1508445739746094,-4.118370532989502
arm_a,37.5Hz11kN,Bearing2_5,37.5Hz11kN/Bearing2_5,26,0.07692307692307693,ready,1.0063899755477905,0.043502893298864365,0.03990466892719269,0.7929239869117737,D:\1\德国留学\斯图加特大学在校资料\hiwi工作\XJTU-SY_Bearing_Datasets\Data\XJTU-SY_Bearing_Datasets\37.5Hz11kN\Bearing2_5\27.csv,-3.9298665523529053,-2.9142367839813232,4.183660984039307,4.60146427154541,-4.123330116271973,-2.5497145652770996,3.1394307613372803,-4.11649227142334
arm_a,37.5Hz11kN,Bearing2_5,37.5Hz11kN/Bearing2_5,27,0.07988165680473373,ready,1.02951180934906,0.039965491741895676,0.07638924568891525,0.7864147424697876,D:\1\德国留学\斯图加特大学在校资料\hiwi工作\XJTU-SY_Bearing_Datasets\Data\XJTU-SY_Bearing_Datasets\37.5Hz11kN\Bearing2_5\28.csv,-3.903226137161255,-2.907836675643921,4.153349876403809,4.563683986663818,-4.11691427230835,-2.5131125450134277,3.1214089393615723,-4.084353923797607
arm_a,37.5Hz11kN,Bearing2_5,37.5Hz11kN/Bearing2_5,28,0.08284023668639054,ready,1.083282709121704,0.04041105881333351,0.4869052469730377,0.7784250378608704,D:\1\德国留学\斯图加特大学在校资料\hiwi工作\XJTU-SY_Bearing_Datasets\Data\XJTU-SY_Bearing_Datasets\37.5Hz11kN\Bearing2_5\29.csv,-4.088194847106934,-3.0552659034729004,4.338799953460693,4.770971298217773,-4.296849250793457,-2.632723331451416,3.270876169204712,-4.270752429962158
arm_a,37.5Hz11kN,Bearing2_5,37.5Hz11kN/Bearing2_5,29,0.08579881656804733,ready,1.1129268407821655,0.04120838642120361,0.2589925527572632,0.7882091999053955,D:\1\德国留学\斯图加特大学在校资料\hiwi工作\XJTU-SY_Bearing_Datasets\Data\XJTU-SY_Bearing_Datasets\37.5Hz11kN\Bearing2_5\30.csv,-3.995004892349243,-2.9494333267211914,4.229640960693359,4.6905012130737305,-4.183810234069824,-2.5679144859313965,3.203373432159424,-4.185508728027344
arm_a,37.5Hz11kN,Bearing2_5,37.5Hz11kN/Bearing2_5,30,0.08875739644970414,ready,1.1502805948257446,0.0430513471364975,0.19079720973968506,0.7794590592384338,D:\1\德国留学\斯图加特大学在校资料\hiwi工作\XJTU-SY_Bearing_Datasets\Data\XJTU-SY_Bearing_Datasets\37.5Hz11kN\Bearing2_5\31.csv,-4.049190044403076,-3.010683536529541,4.3129987716674805,4.756439685821533,-4.275843143463135,-2.6180315017700195,3.244596004486084,-4.261261463165283
arm_a,37.5Hz11kN,Bearing2_5,37.5Hz11kN/Bearing2_5,31,0.09171597633136094,ready,1.2092444896697998,0.044415540993213654,0.0397108756005764,0.7836588025093079,D:\1\德国留学\斯图加特大学在校资料\hiwi工作\XJTU-SY_Bearing_Datasets\Data\XJTU-SY_Bearing_Datasets\37.5Hz11kN\Bearing2_5\32.csv,-4.064701080322266,-3.0271661281585693,4.320350646972656,4.7481536865234375,-4.284790515899658,-2.613650321960449,3.273587942123413,-4.26274299621582
arm_a,37.5Hz11kN,Bearing2_5,37.5Hz11kN/Bearing2_5,32,0.09467455621301775,ready,1.2393418550491333,0.04406632110476494,0.1569821983575821,0.785902202129364,D:\1\德国留学\斯图加特大学在校资料\hiwi工作\XJTU-SY_Bearing_Datasets\Data\XJTU-SY_Bearing_Datasets\37.5Hz11kN\Bearing2_5\33.csv,-4.014476776123047,-2.9799299240112305,4.2701416015625,4.679403305053711,-4.221184253692627,-2.590083599090576,3.209763526916504,-4.199755668640137
arm_a,37.5Hz11kN,Bearing2_5,37.5Hz11kN/Bearing2_5,33,0.09763313609467456,ready,1.3003032207489014,0.04398587718605995,0.4087262749671936,0.7771041989326477,D:\1\德国留学\斯图加特大学在校资料\hiwi工作\XJTU-SY_Bearing_Datasets\Data\XJTU-SY_Bearing_Datasets\37.5Hz11kN\Bearing2_5\34.csv,-4.165179252624512,-3.104414463043213,4.439702033996582,4.851236343383789,-4.363541603088379,-2.6714324951171875,3.344454288482666,-4.359591007232666
arm_a,37.5Hz11kN,Bearing2_5,37.5Hz11kN/Bearing2_5,34,0.10059171597633136,ready,1.354610562324524,0.043695103377103806,0.04498862102627754,0.7677002549171448,D:\1\德国留学\斯图加特大学在校资料\hiwi工作\XJTU-SY_Bearing_Datasets\Data\XJTU-SY_Bearing_Datasets\37.5Hz11kN\Bearing2_5\35.csv,-4.168758392333984,-3.110590696334839,4.433773994445801,4.879638195037842,-4.390332221984863,-2.676694631576538,3.3622260093688965,-4.367954730987549
arm_a,37.5Hz11kN,Bearing2_5,37.5Hz11kN/Bearing2_5,35,0.10355029585798817,ready,1.401819109916687,0.044593121856451035,0.20459692180156708,0.7833855748176575,D:\1\德国留学\斯图加特大学在校资料\hiwi工作\XJTU-SY_Bearing_Datasets\Data\XJTU-SY_Bearing_Datasets\37.5Hz11kN\Bearing2_5\36.csv,-4.09731388092041,-3.05256986618042,4.363907814025879,4.788614273071289,-4.300116062164307,-2.629971981048584,3.291353702545166,-4.29811429977417
arm_a,37.5Hz11kN,Bearing2_5,37.5Hz11kN/Bearing2_5,36,0.10650887573964497,ready,1.433910608291626,0.04580562934279442,0.1387852281332016,0.7837031483650208,D:\1\德国留学\斯图加特大学在校资料\hiwi工作\XJTU-SY_Bearing_Datasets\Data\XJTU-SY_Bearing_Datasets\37.5Hz11kN\Bearing2_5\37.csv,-4.050006866455078,-3.0090231895446777,4.295835971832275,4.738696098327637,-4.2655534744262695,-2.5880823135375977,3.2664313316345215,-4.231548309326172
arm_a,37.5Hz11kN,Bearing2_5,37.5Hz11kN/Bearing2_5,37,0.10946745562130178,ready,1.5217196941375732,0.04816709831357002,0.48932793736457825,0.7648165225982666,D:\1\德国留学\斯图加特大学在校资料\hiwi工作\XJTU-SY_Bearing_Datasets\Data\XJTU-SY_Bearing_Datasets\37.5Hz11kN\Bearing2_5\38.csv,-4.228237152099609,-3.1625962257385254,4.508930206298828,4.9300384521484375,-4.442043304443359,-2.6940488815307617,3.422910690307617,-4.419182777404785
arm_a,37.5Hz11kN,Bearing2_5,37.5Hz11kN/Bearing2_5,38,0.11242603550295859,ready,1.5558438301086426,0.05000846087932587,0.06667950749397278,0.790692925453186,D:\1\德国留学\斯图加特大学在校资料\hiwi工作\XJTU-SY_Bearing_Datasets\Data\XJTU-SY_Bearing_Datasets\37.5Hz11kN\Bearing2_5\39.csv,-4.2028045654296875,-3.14046049118042,4.492927551269531,4.916980743408203,-4.4131855964660645,-2.7160887718200684,3.385528564453125,-4.406267166137695
arm_a,37.5Hz11kN,Bearing2_5,37.5Hz11kN/Bearing2_5,39,0.11538461538461539,ready,1.6009204387664795,0.050556812435388565,0.14830097556114197,0.780314564704895,D:\1\德国留学\斯图加特大学在校资料\hiwi工作\XJTU-SY_Bearing_Datasets\Data\XJTU-SY_Bearing_Datasets\37.5Hz11kN\Bearing2_5\40.csv,-4.163065433502197,-3.1067519187927246,4.421438217163086,4.8697404861450195,-4.362033367156982,-2.6713337898254395,3.3248627185821533,-4.345972537994385
arm_a,37.5Hz11kN,Bearing2_5,37.5Hz11kN/Bearing2_5,40,0.11834319526627218,ready,1.6585832834243774,0.050825588405132294,0.3142668902873993,0.7668685913085938,D:\1\德国留学\斯图加特大学在校资料\hiwi工作\XJTU-SY_Bearing_Datasets\Data\XJTU-SY_Bearing_Datasets\37.5Hz11kN\Bearing2_5\41.csv,-4.270364284515381,-3.1936869621276855,4.554321765899658,4.986560344696045,-4.485896110534668,-2.744100570678711,3.43192195892334,-4.473602294921875
arm_a,37.5Hz11kN,Bearing2_5,37.5Hz11kN/Bearing2_5,41,0.12130177514792899,ready,1.7279173135757446,0.05264589190483093,0.13950461149215698,0.7545212507247925,D:\1\德国留学\斯图加特大学在校资料\hiwi工作\XJTU-SY_Bearing_Datasets\Data\XJTU-SY_Bearing_Datasets\37.5Hz11kN\Bearing2_5\42.csv,-4.31749153137207,-3.2377102375030518,4.612522602081299,5.042900085449219,-4.538556098937988,-2.760946273803711,3.480013370513916,-4.531665802001953
arm_a,37.5Hz11kN,Bearing2_5,37.5Hz11kN/Bearing2_5,42,0.1242603550295858,ready,1.7919206619262695,0.05367684364318848,0.20896592736244202,0.7600417733192444,D:\1\德国留学\斯图加特大学在校资料\hiwi工作\XJTU-SY_Bearing_Datasets\Data\XJTU-SY_Bearing_Datasets\37.5Hz11kN\Bearing2_5\43.csv,-4.2370429039001465,-3.171447277069092,4.525302886962891,4.951060771942139,-4.472410202026367,-2.7095999717712402,3.4193897247314453,-4.453721523284912
arm_a,37.5Hz11kN,Bearing2_5,37.5Hz11kN/Bearing2_5,43,0.12721893491124261,ready,1.8261425495147705,0.053940605372190475,0.1120205745100975,0.7577521204948425,D:\1\德国留学\斯图加特大学在校资料\hiwi工作\XJTU-SY_Bearing_Datasets\Data\XJTU-SY_Bearing_Datasets\37.5Hz11kN\Bearing2_5\44.csv,-4.271866321563721,-3.2129855155944824,4.579676628112793,4.992981910705566,-4.516224384307861,-2.7405924797058105,3.4410061836242676,-4.4930806159973145
arm_a,37.5Hz11kN,Bearing2_5,37.5Hz11kN/Bearing2_5,44,0.1301775147928994,ready,1.8386595249176025,0.05213379114866257,0.1853698492050171,0.7547613382339478,D:\1\德国留学\斯图加特大学在校资料\hiwi工作\XJTU-SY_Bearing_Datasets\Data\XJTU-SY_Bearing_Datasets\37.5Hz11kN\Bearing2_5\45.csv,-4.217463970184326,-3.15539288520813,4.496186256408691,4.917929649353027,-4.445244312286377,-2.6911799907684326,3.391313076019287,-4.418697834014893
arm_a,37.5Hz11kN,Bearing2_5,37.5Hz11kN/Bearing2_5,45,0.13313609467455623,ready,1.8939850330352783,0.05062470957636833,0.22579523921012878,0.7531002759933472,D:\1\德国留学\斯图加特大学在校资料\hiwi工作\XJTU-SY_Bearing_Datasets\Data\XJTU-SY_Bearing_Datasets\37.5Hz11kN\Bearing2_5\46.csv,-4.304429531097412,-3.2164359092712402,4.583369731903076,5.011836051940918,-4.523176193237305,-2.7502903938293457,3.4497532844543457,-4.520148277282715
arm_a,37.5Hz11kN,Bearing2_5,37.5Hz11kN/Bearing2_5,46,0.13609467455621302,ready,1.9618349075317383,0.04899032041430473,0.04020244628190994,0.761157751083374,D:\1\德国留学\斯图加特大学在校资料\hiwi工作\XJTU-SY_Bearing_Datasets\Data\XJTU-SY_Bearing_Datasets\37.5Hz11kN\Bearing2_5\47.csv,-4.290457725524902,-3.2108359336853027,4.586365699768066,4.999985694885254,-4.525389671325684,-2.74747633934021,3.478487014770508,-4.500102996826172
arm_a,37.5Hz11kN,Bearing2_5,37.5Hz11kN/Bearing2_5,47,0.1390532544378698,ready,1.9819753170013428,0.047909341752529144,0.03541146218776703,0.7585429549217224,D:\1\德国留学\斯图加特大学在校资料\hiwi工作\XJTU-SY_Bearing_Datasets\Data\XJTU-SY_Bearing_Datasets\37.5Hz11kN\Bearing2_5\48.csv,-4.287827014923096,-3.2078521251678467,4.5913190841674805,5.002527236938477,-4.520267009735107,-2.753722906112671,3.4712533950805664,-4.533111572265625
arm_a,37.5Hz11kN,Bearing2_5,37.5Hz11kN/Bearing2_5,48,0.14201183431952663,ready,1.9530737400054932,0.04194801673293114,0.5420793890953064,0.7588788270950317,D:\1\德国留学\斯图加特大学在校资料\hiwi工作\XJTU-SY_Bearing_Datasets\Data\XJTU-SY_Bearing_Datasets\37.5Hz11kN\Bearing2_5\49.csv,-4.086674213409424,-3.050920009613037,4.3629350662231445,4.783573627471924,-4.333820343017578,-2.6110620498657227,3.3008623123168945,-4.322132110595703
arm_a,37.5Hz11kN,Bearing2_5,37.5Hz11kN/Bearing2_5,49,0.14497041420118342,ready,1.993539571762085,0.03638410195708275,0.5509965419769287,0.7565057277679443,D:\1\德国留学\斯图加特大学在校资料\hiwi工作\XJTU-SY_Bearing_Datasets\Data\XJTU-SY_Bearing_Datasets\37.5Hz11kN\Bearing2_5\50.csv,-4.30884313583374,-3.226274251937866,4.5993571281433105,4.996114730834961,-4.536928176879883,-2.731635570526123,3.478865146636963,-4.509065628051758
arm_a,37.5Hz11kN,Bearing2_5,37.5Hz11kN/Bearing2_5,50,0.14792899408284024,ready,2.0086910724639893,0.030731815844774246,0.06374242156744003,0.7536567449569702,D:\1\德国留学\斯图加特大学在校资料\hiwi工作\XJTU-SY_Bearing_Datasets\Data\XJTU-SY_Bearing_Datasets\37.5Hz11kN\Bearing2_5\51.csv,-4.321044921875,-3.2442493438720703,4.623765468597412,5.0206780433654785,-4.549089431762695,-2.7486777305603027,3.5062222480773926,-4.5437822341918945
arm_a,37.5Hz11kN,Bearing2_5,37.5Hz11kN/Bearing2_5,51,0.15088757396449703,ready,1.9984430074691772,0.0248990748077631,0.12241191416978836,0.7748968005180359,D:\1\德国留学\斯图加特大学在校资料\hiwi工作\XJTU-SY_Bearing_Datasets\Data\XJTU-SY_Bearing_Datasets\37.5Hz11kN\Bearing2_5\52.csv,-4.282266616821289,-3.202949047088623,4.573862075805664,5.005435943603516,-4.498581409454346,-2.725926637649536,3.4485092163085938,-4.492274284362793
arm_a,37.5Hz11kN,Bearing2_5,37.5Hz11kN/Bearing2_5,52,0.15384615384615385,ready,2.006183385848999,0.020476331934332848,0.05303726717829704,0.7495169639587402,D:\1\德国留学\斯图加特大学在校资料\hiwi工作\XJTU-SY_Bearing_Datasets\Data\XJTU-SY_Bearing_Datasets\37.5Hz11kN\Bearing2_5\53.csv,-4.27039909362793,-3.201275110244751,4.565749645233154,4.9578938484191895,-4.5095062255859375,-2.7114486694335938,3.446059226989746,-4.489396095275879
arm_a,37.5Hz11kN,Bearing2_5,37.5Hz11kN/Bearing2_5,53,0.15680473372781065,ready,2.005321502685547,0.015690907835960388,0.06280377507209778,0.776782751083374,D:\1\德国留学\斯图加特大学在校资料\hiwi工作\XJTU-SY_Bearing_Datasets\Data\XJTU-SY_Bearing_Datasets\37.5Hz11kN\Bearing2_5\54.csv,-4.274112224578857,-3.174952745437622,4.556708335876465,4.995206832885742,-4.509479522705078,-2.745297431945801,3.468275308609009,-4.500547885894775
arm_a,37.5Hz11kN,Bearing2_5,37.5Hz11kN/Bearing2_5,54,0.15976331360946747,ready,2.033798933029175,0.011121399700641632,0.11863061785697937,0.7685425877571106,D:\1\德国留学\斯图加特大学在校资料\hiwi工作\XJTU-SY_Bearing_Datasets\Data\XJTU-SY_Bearing_Datasets\37.5Hz11kN\Bearing2_5\55.csv,-4.30033016204834,-3.2375738620758057,4.624170303344727,5.021054267883301,-4.552177906036377,-2.7686543464660645,3.495237350463867,-4.534453392028809
arm_a,37.5Hz11kN,Bearing2_5,37.5Hz11kN/Bearing2_5,55,0.16272189349112426,ready,2.0321295261383057,0.007783873006701469,0.08055441826581955,0.7513808608055115,D:\1\德国留学\斯图加特大学在校资料\hiwi工作\XJTU-SY_Bearing_Datasets\Data\XJTU-SY_Bearing_Datasets\37.5Hz11kN\Bearing2_5\56.csv,-4.282464504241943,-3.2159204483032227,4.5929059982299805,5.000927925109863,-4.52194356918335,-2.73563289642334,3.4710655212402344,-4.492864608764648
arm_a,37.5Hz11kN,Bearing2_5,37.5Hz11kN/Bearing2_5,56,0.16568047337278108,ready,2.0519862174987793,0.008378284983336926,0.2099270224571228,0.7594476342201233,D:\1\德国留学\斯图加特大学在校资料\hiwi工作\XJTU-SY_Bearing_Datasets\Data\XJTU-SY_Bearing_Datasets\37.5Hz11kN\Bearing2_5\57.csv,-4.381041526794434,-3.265704393386841,4.671628952026367,5.059811592102051,-4.617270469665527,-2.7922847270965576,3.5282962322235107,-4.574331760406494
arm_a,37.5Hz11kN,Bearing2_5,37.5Hz11kN/Bearing2_5,57,0.16863905325443787,ready,2.060396432876587,0.009681387804448605,0.11710961908102036,0.7624983787536621,D:\1\德国留学\斯图加特大学在校资料\hiwi工作\XJTU-SY_Bearing_Datasets\Data\XJTU-SY_Bearing_Datasets\37.5Hz11kN\Bearing2_5\58.csv,-4.325497627258301,-3.235258102416992,4.625897407531738,5.063481330871582,-4.551445960998535,-2.775524139404297,3.49505615234375,-4.530983924865723
arm_a,37.5Hz11kN,Bearing2_5,37.5Hz11kN/Bearing2_5,58,0.17159763313609466,ready,2.145043134689331,0.012724250555038452,0.2237461358308792,0.7556021213531494,D:\1\德国留学\斯图加特大学在校资料\hiwi工作\XJTU-SY_Bearing_Datasets\Data\XJTU-SY_Bearing_Datasets\37.5Hz11kN\Bearing2_5\59.csv,-4.401490211486816,-3.309288501739502,4.716250419616699,5.140132427215576,-4.648142337799072,-2.805284023284912,3.572120189666748,-4.623683452606201
arm_a,37.5Hz11kN,Bearing2_5,37.5Hz11kN/Bearing2_5,59,0.17455621301775148,ready,2.1809513568878174,0.018096566200256348,0.070077084004879,0.7442576885223389,D:\1\德国留学\斯图加特大学在校资料\hiwi工作\XJTU-SY_Bearing_Datasets\Data\XJTU-SY_Bearing_Datasets\37.5Hz11kN\Bearing2_5\60.csv,-4.442587852478027,-3.319941282272339,4.737816333770752,5.148370742797852,-4.664815425872803,-2.834535837173462,3.5865399837493896,-4.65880823135376
arm_a,37.5Hz11kN,Bearing2_5,37.5Hz11kN/Bearing2_5,60,0.17751479289940827,ready,2.1983377933502197,0.02315567247569561,0.1298380345106125,0.7470535635948181,D:\1\德国留学\斯图加特大学在校资料\hiwi工作\XJTU-SY_Bearing_Datasets\Data\XJTU-SY_Bearing_Datasets\37.5Hz11kN\Bearing2_5\61.csv,-4.378390312194824,-3.299978494644165,4.697926044464111,5.114473342895508,-4.610586643218994,-2.7982091903686523,3.5424916744232178,-4.600522994995117
arm_a,37.5Hz11kN,Bearing2_5,37.5Hz11kN/Bearing2_5,61,0.1804733727810651,ready,2.2240540981292725,0.026635536924004555,0.04251214861869812,0.7589367032051086,D:\1\德国留学\斯图加特大学在校资料\hiwi工作\XJTU-SY_Bearing_Datasets\Data\XJTU-SY_Bearing_Datasets\37.5Hz11kN\Bearing2_5\62.csv,-4.378724575042725,-3.273937940597534,4.683159828186035,5.104063987731934,-4.610058307647705,-2.793370008468628,3.5328941345214844,-4.574315071105957
arm_a,37.5Hz11kN,Bearing2_5,37.5Hz11kN/Bearing2_5,62,0.1834319526627219,ready,2.2696633338928223,0.030384520068764687,0.171833336353302,0.7617648839950562,D:\1\德国留学\斯图加特大学在校资料\hiwi工作\XJTU-SY_Bearing_Datasets\Data\XJTU-SY_Bearing_Datasets\37.5Hz11kN\Bearing2_5\63.csv,-4.425289154052734,-3.327960252761841,4.748644828796387,5.174758434295654,-4.683672904968262,-2.8344225883483887,3.585073709487915,-4.647300720214844
arm_a,37.5Hz11kN,Bearing2_5,37.5Hz11kN/Bearing2_5,63,0.1863905325443787,ready,2.271317958831787,0.03097260184586048,0.4161889851093292,0.7400069236755371,D:\1\德国留学\斯图加特大学在校资料\hiwi工作\XJTU-SY_Bearing_Datasets\Data\XJTU-SY_Bearing_Datasets\37.5Hz11kN\Bearing2_5\64.csv,-4.270934104919434,-3.214108943939209,4.588386535644531,4.993233680725098,-4.5116777420043945,-2.74225115776062,3.4521167278289795,-4.498854637145996
arm_a,37.5Hz11kN,Bearing2_5,37.5Hz11kN/Bearing2_5,64,0.1893491124260355,ready,2.3121814727783203,0.03246390074491501,0.5018475651741028,0.7538400292396545,D:\1\德国留学\斯图加特大学在校资料\hiwi工作\XJTU-SY_Bearing_Datasets\Data\XJTU-SY_Bearing_Datasets\37.5Hz11kN\Bearing2_5\65.csv,-4.453494071960449,-3.341294288635254,4.786965370178223,5.195422172546387,-4.7073187828063965,-2.8472437858581543,3.619400978088379,-4.710396766662598
arm_a,37.5Hz11kN,Bearing2_5,37.5Hz11kN/Bearing2_5,65,0.19230769230769232,ready,2.326774835586548,0.03126557171344757,0.3417443037033081,0.7312129139900208,D:\1\德国留学\斯图加特大学在校资料\hiwi工作\XJTU-SY_Bearing_Datasets\Data\XJTU-SY_Bearing_Datasets\37.5Hz11kN\Bearing2_5\66.csv,-4.35173225402832,-3.257171869277954,4.650762557983398,5.051144123077393,-4.570269584655762,-2.771857738494873,3.5209267139434814,-4.549688816070557
arm_a,37.5Hz11kN,Bearing2_5,37.5Hz11kN/Bearing2_5,66,0.1952662721893491,ready,2.354929208755493,0.029355259612202644,0.34312117099761963,0.7606905102729797,D:\1\德国留学\斯图加特大学在校资料\hiwi工作\XJTU-SY_Bearing_Datasets\Data\XJTU-SY_Bearing_Datasets\37.5Hz11kN\Bearing2_5\67.csv,-4.4697041511535645,-3.349552869796753,4.773921966552734,5.201971054077148,-4.699164390563965,-2.857255458831787,3.6213600635528564,-4.702561378479004
arm_a,37.5Hz11kN,Bearing2_5,37.5Hz11kN/Bearing2_5,67,0.19822485207100593,ready,2.4006588459014893,0.02682792767882347,0.0813540369272232,0.7502507567405701,D:\1\德国留学\斯图加特大学在校资料\hiwi工作\XJTU-SY_Bearing_Datasets\Data\XJTU-SY_Bearing_Datasets\37.5Hz11kN\Bearing2_5\68.csv,-4.479440212249756,-3.3727898597717285,4.8043413162231445,5.2495527267456055,-4.732485294342041,-2.890045166015625,3.6448402404785156,-4.710151672363281
arm_a,37.5Hz11kN,Bearing2_5,37.5Hz11kN/Bearing2_5,68,0.20118343195266272,ready,2.404904365539551,0.02605089731514454,0.19831299781799316,0.7623335123062134,D:\1\德国留学\斯图加特大学在校资料\hiwi工作\XJTU-SY_Bearing_Datasets\Data\XJTU-SY_Bearing_Datasets\37.5Hz11kN\Bearing2_5\69.csv,-4.421781063079834,-3.316315174102783,4.724658966064453,5.1484270095825195,-4.657737731933594,-2.8179426193237305,3.596825361251831,-4.654053688049316
arm_a,37.5Hz11kN,Bearing2_5,37.5Hz11kN/Bearing2_5,69,0.20414201183431951,ready,2.420119047164917,0.02534780465066433,0.1731366068124771,0.7533898949623108,D:\1\德国留学\斯图加特大学在校资料\hiwi工作\XJTU-SY_Bearing_Datasets\Data\XJTU-SY_Bearing_Datasets\37.5Hz11kN\Bearing2_5\70.csv,-4.474544525146484,-3.365650177001953,4.8114542961120605,5.221624851226807,-4.716235160827637,-2.8594601154327393,3.6372756958007812,-4.725363731384277
arm_a,37.5Hz11kN,Bearing2_5,37.5Hz11kN/Bearing2_5,70,0.20710059171597633,ready,2.404414653778076,0.02204820327460766,0.43479421734809875,0.7501863837242126,D:\1\德国留学\斯图加特大学在校资料\hiwi工作\XJTU-SY_Bearing_Datasets\Data\XJTU-SY_Bearing_Datasets\37.5Hz11kN\Bearing2_5\71.csv,-4.327415466308594,-3.234233856201172,4.631314277648926,5.032066345214844,-4.556643962860107,-2.771341323852539,3.507455348968506,-4.547435760498047
arm_a,37.5Hz11kN,Bearing2_5,37.5Hz11kN/Bearing2_5,71,0.21005917159763313,ready,2.414177417755127,0.018497634679079056,0.2252863645553589,0.741968035697937,D:\1\德国留学\斯图加特大学在校资料\hiwi工作\XJTU-SY_Bearing_Datasets\Data\XJTU-SY_Bearing_Datasets\37.5Hz11kN\Bearing2_5\72.csv,-4.407402992248535,-3.320374011993408,4.73471736907959,5.100090026855469,-4.653431415557861,-2.8114871978759766,3.5705926418304443,-4.628986835479736
arm_a,37.5Hz11kN,Bearing2_5,37.5Hz11kN/Bearing2_5,72,0.21301775147928995,ready,2.4323172569274902,0.01667260192334652,0.2621029019355774,0.7634158730506897,D:\1\德国留学\斯图加特大学在校资料\hiwi工作\XJTU-SY_Bearing_Datasets\Data\XJTU-SY_Bearing_Datasets\37.5Hz11kN\Bearing2_5\73.csv,-4.498137474060059,-3.372188091278076,4.811559677124023,5.254157066345215,-4.7453837394714355,-2.868494987487793,3.648496389389038,-4.730795383453369
arm_a,37.5Hz11kN,Bearing2_5,37.5Hz11kN/Bearing2_5,73,0.21597633136094674,ready,2.4717633724212646,0.015137922018766403,0.2050236165523529,0.7710814476013184,D:\1\德国留学\斯图加特大学在校资料\hiwi工作\XJTU-SY_Bearing_Datasets\Data\XJTU-SY_Bearing_Datasets\37.5Hz11kN\Bearing2_5\74.csv,-4.4172258377075195,-3.3175454139709473,4.738197326660156,5.1465582847595215,-4.670217037200928,-2.8390731811523438,3.5885627269744873,-4.657073497772217
arm_a,37.5Hz11kN,Bearing2_5,37.5Hz11kN/Bearing2_5,74,0.21893491124260356,ready,2.4703662395477295,0.01382162794470787,0.09741286933422089,0.7563830018043518,D:\1\德国留学\斯图加特大学在校资料\hiwi工作\XJTU-SY_Bearing_Datasets\Data\XJTU-SY_Bearing_Datasets\37.5Hz11kN\Bearing2_5\75.csv,-4.4596848487854,-3.3469178676605225,4.784778594970703,5.193855285644531,-4.709456920623779,-2.8432435989379883,3.6011874675750732,-4.683538436889648
arm_a,37.5Hz11kN,Bearing2_5,37.5Hz11kN/Bearing2_5,75,0.22189349112426035,ready,2.4798712730407715,0.012079289183020592,0.2307952344417572,0.7457152605056763,D:\1\德国留学\斯图加特大学在校资料\hiwi工作\XJTU-SY_Bearing_Datasets\Data\XJTU-SY_Bearing_Datasets\37.5Hz11kN\Bearing2_5\76.csv,-4.3815789222717285,-3.280675172805786,4.688747406005859,5.100494384765625,-4.610385894775391,-2.791506767272949,3.536665439605713,-4.593069076538086
arm_a,37.5Hz11kN,Bearing2_5,37.5Hz11kN/Bearing2_5,76,0.22485207100591717,ready,2.4523096084594727,0.00885483156889677,0.05904176086187363,0.7387491464614868,D:\1\德国留学\斯图加特大学在校资料\hiwi工作\XJTU-SY_Bearing_Datasets\Data\XJTU-SY_Bearing_Datasets\37.5Hz11kN\Bearing2_5\77.csv,-4.381738662719727,-3.2786240577697754,4.6683549880981445,5.0569305419921875,-4.6144256591796875,-2.759018898010254,3.533599853515625,-4.602388858795166
arm_a,37.5Hz11kN,Bearing2_5,37.5Hz11kN/Bearing2_5,77,0.22781065088757396,ready,2.4380569458007812,0.006721229292452335,0.21403324604034424,0.7533915042877197,D:\1\德国留学\斯图加特大学在校资料\hiwi工作\XJTU-SY_Bearing_Datasets\Data\XJTU-SY_Bearing_Datasets\37.5Hz11kN\Bearing2_5\78.csv,-4.41860818862915,-3.3342957496643066,4.7592926025390625,5.1708245277404785,-4.675493240356445,-2.8263473510742188,3.59850811958313,-4.689764976501465
arm_a,37.5Hz11kN,Bearing2_5,37.5Hz11kN/Bearing2_5,78,0.23076923076923078,ready,2.4671621322631836,0.006004907190799713,0.24179641902446747,0.7742989659309387,D:\1\德国留学\斯图加特大学在校资料\hiwi工作\XJTU-SY_Bearing_Datasets\Data\XJTU-SY_Bearing_Datasets\37.5Hz11kN\Bearing2_5\79.csv,-4.519113540649414,-3.400061845779419,4.856629371643066,5.271154403686523,-4.765636920928955,-2.8927717208862305,3.6745223999023438,-4.768392086029053
arm_a,37.5Hz11kN,Bearing2_5,37.5Hz11kN/Bearing2_5,79,0.23372781065088757,ready,2.459339141845703,0.005121549125760794,0.2001381516456604,0.7703133821487427,D:\1\德国留学\斯图加特大学在校资料\hiwi工作\XJTU-SY_Bearing_Datasets\Data\XJTU-SY_Bearing_Datasets\37.5Hz11kN\Bearing2_5\80.csv,-4.449270248413086,-3.346895217895508,4.782963275909424,5.173151016235352,-4.706341743469238,-2.850862503051758,3.608205556869507,-4.680933952331543
arm_a,37.5Hz11kN,Bearing2_5,37.5Hz11kN/Bearing2_5,80,0.23668639053254437,ready,2.5091593265533447,0.005433300975710154,0.14385926723480225,0.7718098759651184,D:\1\德国留学\斯图加特大学在校资料\hiwi工作\XJTU-SY_Bearing_Datasets\Data\XJTU-SY_Bearing_Datasets\37.5Hz11kN\Bearing2_5\81.csv,-4.501982688903809,-3.386599540710449,4.833209991455078,5.247588634490967,-4.758035659790039,-2.8735556602478027,3.6532251834869385,-4.736258029937744
arm_a,37.5Hz11kN,Bearing2_5,37.5Hz11kN/Bearing2_5,81,0.23964497041420119,ready,2.546597719192505,0.007168365176767111,0.10199888795614243,0.7777688503265381,D:\1\德国留学\斯图加特大学在校资料\hiwi工作\XJTU-SY_Bearing_Datasets\Data\XJTU-SY_Bearing_Datasets\37.5Hz11kN\Bearing2_5\82.csv,-4.527800559997559,-3.412217617034912,4.874902248382568,5.296217441558838,-4.78474235534668,-2.8923535346984863,3.6784276962280273,-4.7934956550598145
arm_a,37.5Hz11kN,Bearing2_5,37.5Hz11kN/Bearing2_5,82,0.24260355029585798,ready,2.5766263008117676,0.010145580396056175,0.1865456998348236,0.7563471794128418,D:\1\德国留学\斯图加特大学在校资料\hiwi工作\XJTU-SY_Bearing_Datasets\Data\XJTU-SY_Bearing_Datasets\37.5Hz11kN\Bearing2_5\83.csv,-4.614102363586426,-3.474008798599243,4.951592922210693,5.343316555023193,-4.871856689453125,-2.9318625926971436,3.7436952590942383,-4.838480472564697
arm_a,37.5Hz11kN,Bearing2_5,37.5Hz11kN/Bearing2_5,83,0.2455621301775148,ready,2.6213693618774414,0.01644386723637581,0.06210056692361832,0.7806482911109924,D:\1\德国留学\斯图加特大学在校资料\hiwi工作\XJTU-SY_Bearing_Datasets\Data\XJTU-SY_Bearing_Datasets\37.5Hz11kN\Bearing2_5\84.csv,-4.577067852020264,-3.450770139694214,4.930097579956055,5.336573600769043,-4.8430986404418945,-2.931292772293091,3.7323648929595947,-4.816534042358398
arm_a,37.5Hz11kN,Bearing2_5,37.5Hz11kN/Bearing2_5,84,0.2485207100591716,ready,2.6463241577148438,0.022196775302290916,0.11037197709083557,0.7908592820167542,D:\1\德国留学\斯图加特大学在校资料\hiwi工作\XJTU-SY_Bearing_Datasets\Data\XJTU-SY_Bearing_Datasets\37.5Hz11kN\Bearing2_5\85.csv,-4.533190727233887,-3.4231133460998535,4.880870819091797,5.307239532470703,-4.784104347229004,-2.8970284461975098,3.6995224952697754,-4.794736862182617
arm_a,37.5Hz11kN,Bearing2_5,37.5Hz11kN/Bearing2_5,85,0.2514792899408284,ready,2.7065229415893555,0.02973409928381443,0.1225692480802536,0.777424693107605,D:\1\德国留学\斯图加特大学在校资料\hiwi工作\XJTU-SY_Bearing_Datasets\Data\XJTU-SY_Bearing_Datasets\37.5Hz11kN\Bearing2_5\86.csv,-4.580726623535156,-3.4551351070404053,4.927799224853516,5.357137203216553,-4.839571475982666,-2.9210867881774902,3.7339487075805664,-4.841700077056885
arm_a,37.5Hz11kN,Bearing2_5,37.5Hz11kN/Bearing2_5,86,0.25443786982248523,ready,2.77506685256958,0.03642544522881508,0.059840127825737,0.7708169221878052,D:\1\德国留学\斯图加特大学在校资料\hiwi工作\XJTU-SY_Bearing_Datasets\Data\XJTU-SY_Bearing_Datasets\37.5Hz11kN\Bearing2_5\87.csv,-4.600296974182129,-3.467057704925537,4.9536590576171875,5.383884429931641,-4.84795618057251,-2.952594757080078,3.752943277359009,-4.857438564300537
arm_a,37.5Hz11kN,Bearing2_5,37.5Hz11kN/Bearing2_5,87,0.257396449704142,ready,2.828312397003174,0.041158705949783325,0.0694519579410553,0.776541531085968,D:\1\德国留学\斯图加特大学在校资料\hiwi工作\XJTU-SY_Bearing_Datasets\Data\XJTU-SY_Bearing_Datasets\37.5Hz11kN\Bearing2_5\88.csv,-4.636102676391602,-3.493846893310547,4.96246337890625,5.401113510131836,-4.896857738494873,-2.9545459747314453,3.750812292098999,-4.864495277404785
arm_a,37.5Hz11kN,Bearing2_5,37.5Hz11kN/Bearing2_5,88,0.2603550295857988,ready,2.8685708045959473,0.04529785364866257,0.1156064122915268,0.7764984369277954,D:\1\德国留学\斯图加特大学在校资料\hiwi工作\XJTU-SY_Bearing_Datasets\Data\XJTU-SY_Bearing_Datasets\37.5Hz11kN\Bearing2_5\89.csv,-4.683283805847168,-3.518876075744629,5.009970188140869,5.437651634216309,-4.91849422454834,-2.9993269443511963,3.7904114723205566,-4.918149948120117
arm_a,37.5Hz11kN,Bearing2_5,37.5Hz11kN/Bearing2_5,89,0.26331360946745563,ready,2.930525302886963,0.04742925241589546,0.036422956734895706,0.7664906978607178,D:\1\德国留学\斯图加特大学在校资料\hiwi工作\XJTU-SY_Bearing_Datasets\Data\XJTU-SY_Bearing_Datasets\37.5Hz11kN\Bearing2_5\90.csv,-4.678120136260986,-3.5234503746032715,5.0219831466674805,5.453030586242676,-4.9247002601623535,-2.978841781616211,3.803933620452881,-4.934187889099121
arm_a,37.5Hz11kN,Bearing2_5,37.5Hz11kN/Bearing2_5,90,0.26627218934911245,ready,2.979600667953491,0.04984747990965843,0.03245481476187706,0.7727543115615845,D:\1\德国留学\斯图加特大学在校资料\hiwi工作\XJTU-SY_Bearing_Datasets\Data\XJTU-SY_Bearing_Datasets\37.5Hz11kN\Bearing2_5\91.csv,-4.675245761871338,-3.546640634536743,5.032315731048584,5.45405387878418,-4.942072868347168,-2.9812934398651123,3.8025708198547363,-4.924712657928467
arm_a,37.5Hz11kN,Bearing2_5,37.5Hz11kN/Bearing2_5,91,0.2692307692307692,ready,2.996798515319824,0.04999735951423645,0.2223425656557083,0.7676644325256348,D:\1\德国留学\斯图加特大学在校资料\hiwi工作\XJTU-SY_Bearing_Datasets\Data\XJTU-SY_Bearing_Datasets\37.5Hz11kN\Bearing2_5\92.csv,-4.607816696166992,-3.4606542587280273,4.933612823486328,5.375033855438232,-4.8634033203125,-2.937880754470825,3.7282636165618896,-4.835750102996826
arm_a,37.5Hz11kN,Bearing2_5,37.5Hz11kN/Bearing2_5,92,0.27218934911242604,ready,3.006995439529419,0.04724834859371185,0.11569827795028687,0.7748486995697021,D:\1\德国留学\斯图加特大学在校资料\hiwi工作\XJTU-SY_Bearing_Datasets\Data\XJTU-SY_Bearing_Datasets\37.5Hz11kN\Bearing2_5\93.csv,-4.659023284912109,-3.489956855773926,4.996481418609619,5.399709701538086,-4.902295112609863,-2.94553804397583,3.767271041870117,-4.883196830749512
arm_a,37.5Hz11kN,Bearing2_5,37.5Hz11kN/Bearing2_5,93,0.27514792899408286,ready,3.0155415534973145,0.042731769382953644,0.0790364146232605,0.7591380476951599,D:\1\德国留学\斯图加特大学在校资料\hiwi工作\XJTU-SY_Bearing_Datasets\Data\XJTU-SY_Bearing_Datasets\37.5Hz11kN\Bearing2_5\94.csv,-4.620302200317383,-3.476330280303955,4.946897983551025,5.377958297729492,-4.8673248291015625,-2.9358925819396973,3.7557897567749023,-4.869693756103516
arm_a,37.5Hz11kN,Bearing2_5,37.5Hz11kN/Bearing2_5,94,0.2781065088757396,ready,3.0713629722595215,0.038145799189805984,0.36903002858161926,0.7764986753463745,D:\1\德国留学\斯图加特大学在校资料\hiwi工作\XJTU-SY_Bearing_Datasets\Data\XJTU-SY_Bearing_Datasets\37.5Hz11kN\Bearing2_5\95.csv,-4.755517482757568,-3.5772464275360107,5.106197357177734,5.539358139038086,-5.006665229797363,-3.0355820655822754,3.866029739379883,-4.991279602050781
arm_a,37.5Hz11kN,Bearing2_5,37.5Hz11kN/Bearing2_5,95,0.28106508875739644,ready,3.0971877574920654,0.033829718828201294,0.17997543513774872,0.7789080142974854,D:\1\德国留学\斯图加特大学在校资料\hiwi工作\XJTU-SY_Bearing_Datasets\Data\XJTU-SY_Bearing_Datasets\37.5Hz11kN\Bearing2_5\96.csv,-4.708019733428955,-3.523280382156372,5.024726867675781,5.452656269073486,-4.941145896911621,-2.9887821674346924,3.8131558895111084,-4.929720878601074
arm_a,37.5Hz11kN,Bearing2_5,37.5Hz11kN/Bearing2_5,96,0.28402366863905326,ready,3.1314077377319336,0.031214453279972076,0.1457379311323166,0.7702891826629639,D:\1\德国留学\斯图加特大学在校资料\hiwi工作\XJTU-SY_Bearing_Datasets\Data\XJTU-SY_Bearing_Datasets\37.5Hz11kN\Bearing2_5\97.csv,-4.737796306610107,-3.5806641578674316,5.081088066101074,5.536797523498535,-4.972878456115723,-3.008063793182373,3.855976104736328,-4.989648818969727
arm_a,37.5Hz11kN,Bearing2_5,37.5Hz11kN/Bearing2_5,97,0.2869822485207101,ready,3.156123638153076,0.029177740216255188,0.0529777854681015,0.7722508907318115,D:\1\德国留学\斯图加特大学在校资料\hiwi工作\XJTU-SY_Bearing_Datasets\Data\XJTU-SY_Bearing_Datasets\37.5Hz11kN\Bearing2_5\98.csv,-4.713353157043457,-3.5640344619750977,5.071385383605957,5.516120910644531,-4.9774675369262695,-3.0074462890625,3.8242461681365967,-4.970085144042969
arm_a,37.5Hz11kN,Bearing2_5,37.5Hz11kN/Bearing2_5,98,0.28994082840236685,ready,3.1292357444763184,0.024384845048189163,0.4079328179359436,0.7649843096733093,D:\1\德国留学\斯图加特大学在校资料\hiwi工作\XJTU-SY_Bearing_Datasets\Data\XJTU-SY_Bearing_Datasets\37.5Hz11kN\Bearing2_5\99.csv,-4.574467658996582,-3.444120407104492,4.912121772766113,5.315512657165527,-4.8248066902160645,-2.9219682216644287,3.7226874828338623,-4.808202266693115
arm_a,37.5Hz11kN,Bearing2_5,37.5Hz11kN/Bearing2_5,99,0.29289940828402367,ready,3.084341287612915,0.0181138813495636,0.162395641207695,0.7608603835105896,D:\1\德国留学\斯图加特大学在校资料\hiwi工作\XJTU-SY_Bearing_Datasets\Data\XJTU-SY_Bearing_Datasets\37.5Hz11kN\Bearing2_5\100.csv,-4.517986297607422,-3.404440402984619,4.848510265350342,5.261431694030762,-4.7515645027160645,-2.884307861328125,3.668419361114502,-4.738139629364014
arm_a,37.5Hz11kN,Bearing2_5,37.5Hz11kN/Bearing2_5,100,0.2958579881656805,ready,3.061657190322876,0.012012859806418419,0.2375493347644806,0.7679206728935242,D:\1\德国留学\斯图加特大学在校资料\hiwi工作\XJTU-SY_Bearing_Datasets\Data\XJTU-SY_Bearing_Datasets\37.5Hz11kN\Bearing2_5\101.csv,-4.590066432952881,-3.470998764038086,4.940914154052734,5.351402282714844,-4.852291584014893,-2.932001829147339,3.7350707054138184,-4.853499412536621
arm_a,37.5Hz11kN,Bearing2_5,37.5Hz11kN/Bearing2_5,101,0.2988165680473373,ready,3.040428876876831,0.004905829206109047,0.2062736302614212,0.7507085204124451,D:\1\德国留学\斯图加特大学在校资料\hiwi工作\XJTU-SY_Bearing_Datasets\Data\XJTU-SY_Bearing_Datasets\37.5Hz11kN\Bearing2_5\102.csv,-4.513483047485352,-3.411212921142578,4.851017475128174,5.278563976287842,-4.769675254821777,-2.8823091983795166,3.678797483444214,-4.768287181854248
arm_a,37.5Hz11kN,Bearing2_5,37.5Hz11kN/Bearing2_5,102,0.30177514792899407,ready,3.019684076309204,-0.0031817941926419735,0.11829797923564911,0.7695625424385071,D:\1\德国留学\斯图加特大学在校资料\hiwi工作\XJTU-SY_Bearing_Datasets\Data\XJTU-SY_Bearing_Datasets\37.5Hz11kN\Bearing2_5\103.csv,-4.568044662475586,-3.4548001289367676,4.9092583656311035,5.3173933029174805,-4.813407897949219,-2.8989007472991943,3.702716827392578,-4.806469917297363
arm_a,37.5Hz11kN,Bearing2_5,37.5Hz11kN/Bearing2_5,103,0.3047337278106509,ready,3.0277810096740723,-0.010411827825009823,0.22024866938591003,0.7606465816497803,D:\1\德国留学\斯图加特大学在校资料\hiwi工作\XJTU-SY_Bearing_Datasets\Data\XJTU-SY_Bearing_Datasets\37.5Hz11kN\Bearing2_5\104.csv,-4.6355767250061035,-3.5077662467956543,4.988913059234619,5.427859306335449,-4.8821587562561035,-2.9688820838928223,3.7795486450195312,-4.89054536819458
arm_a,37.5Hz11kN,Bearing2_5,37.5Hz11kN/Bearing2_5,104,0.3076923076923077,ready,2.985046625137329,-0.01639975607395172,0.14908984303474426,0.755092203617096,D:\1\德国留学\斯图加特大学在校资料\hiwi工作\XJTU-SY_Bearing_Datasets\Data\XJTU-SY_Bearing_Datasets\37.5Hz11kN\Bearing2_5\105.csv,-4.596827507019043,-3.4620938301086426,4.928357124328613,5.339688301086426,-4.857178688049316,-2.9193849563598633,3.7340571880340576,-4.845205307006836
arm_a,37.5Hz11kN,Bearing2_5,37.5Hz11kN/Bearing2_5,105,0.3106508875739645,ready,2.9467432498931885,-0.021709049120545387,0.13667352497577667,0.7631990313529968,D:\1\德国留学\斯图加特大学在校资料\hiwi工作\XJTU-SY_Bearing_Datasets\Data\XJTU-SY_Bearing_Datasets\37.5Hz11kN\Bearing2_5\106.csv,-4.536826133728027,-3.416285991668701,4.885179042816162,5.291661739349365,-4.791477203369141,-2.899747610092163,3.705052614212036,-4.788050651550293
arm_a,37.5Hz11kN,Bearing2_5,37.5Hz11kN/Bearing2_5,106,0.3136094674556213,ready,2.917820453643799,-0.024491047486662865,0.2338501214981079,0.7708943486213684,D:\1\德国留学\斯图加特大学在校资料\hiwi工作\XJTU-SY_Bearing_Datasets\Data\XJTU-SY_Bearing_Datasets\37.5Hz11kN\Bearing2_5\107.csv,-4.631299018859863,-3.495100736618042,4.976293563842773,5.3963165283203125,-4.871574401855469,-2.953516960144043,3.7597827911376953,-4.877450942993164
arm_a,37.5Hz11kN,Bearing2_5,37.5Hz11kN/Bearing2_5,107,0.3165680473372781,ready,2.8791351318359375,-0.025146489962935448,0.14286230504512787,0.7788758873939514,D:\1\德国留学\斯图加特大学在校资料\hiwi工作\XJTU-SY_Bearing_Datasets\Data\XJTU-SY_Bearing_Datasets\37.5Hz11kN\Bearing2_5\108.csv,-4.5795392990112305,-3.451046943664551,4.910144805908203,5.355700492858887,-4.827921390533447,-2.9201130867004395,3.7221503257751465,-4.804465293884277
arm_a,37.5Hz11kN,Bearing2_5,37.5Hz11kN/Bearing2_5,108,0.31952662721893493,ready,2.8824479579925537,-0.024056322872638702,0.0319032296538353,0.768794596195221,D:\1\德国留学\斯图加特大学在校资料\hiwi工作\XJTU-SY_Bearing_Datasets\Data\XJTU-SY_Bearing_Datasets\37.5Hz11kN\Bearing2_5\109.csv,-4.569843769073486,-3.4497921466827393,4.931001663208008,5.350418567657471,-4.82882022857666,-2.927617073059082,3.732819080352783,-4.821447372436523
arm_a,37.5Hz11kN,Bearing2_5,37.5Hz11kN/Bearing2_5,109,0.3224852071005917,ready,2.91998291015625,-0.020920392125844955,0.18298405408859253,0.7553273439407349,D:\1\德国留学\斯图加特大学在校资料\hiwi工作\XJTU-SY_Bearing_Datasets\Data\XJTU-SY_Bearing_Datasets\37.5Hz11kN\Bearing2_5\110.csv,-4.650893211364746,-3.5019001960754395,4.996038436889648,5.410660743713379,-4.909710884094238,-2.960512399673462,3.788647174835205,-4.896265983581543
arm_a,37.5Hz11kN,Bearing2_5,37.5Hz11kN/Bearing2_5,110,0.3254437869822485,ready,2.936990737915039,-0.016376812011003494,0.04379409924149513,0.7724355459213257,D:\1\德国留学\斯图加特大学在校资料\hiwi工作\XJTU-SY_Bearing_Datasets\Data\XJTU-SY_Bearing_Datasets\37.5Hz11kN\Bearing2_5\111.csv,-4.669318675994873,-3.513056516647339,4.994131088256836,5.443558216094971,-4.904916763305664,-2.973151683807373,3.7944586277008057,-4.9085774421691895
arm_a,37.5Hz11kN,Bearing2_5,37.5Hz11kN/Bearing2_5,111,0.32840236686390534,ready,2.9635086059570312,-0.010290914215147495,0.11526448279619217,0.7893452048301697,D:\1\德国留学\斯图加特大学在校资料\hiwi工作\XJTU-SY_Bearing_Datasets\Data\XJTU-SY_Bearing_Datasets\37.5Hz11kN\Bearing2_5\112.csv,-4.618092060089111,-3.4744491577148438,4.946774482727051,5.382730484008789,-4.879876613616943,-2.963841438293457,3.7569327354431152,-4.875310897827148
arm_a,37.5Hz11kN,Bearing2_5,37.5Hz11kN/Bearing2_5,112,0.33136094674556216,ready,2.9850869178771973,-0.0034786383621394634,0.07300621271133423,0.7967235445976257,D:\1\德国留学\斯图加特大学在校资料\hiwi工作\XJTU-SY_Bearing_Datasets\Data\XJTU-SY_Bearing_Datasets\37.5Hz11kN\Bearing2_5\113.csv,-4.650387763977051,-3.5027201175689697,4.9932756423950195,5.4045209884643555,-4.894815444946289,-2.9703047275543213,3.778820037841797,-4.885629177093506
arm_a,37.5Hz11kN,Bearing2_5,37.5Hz11kN/Bearing2_5,113,0.3343195266272189,ready,2.973555088043213,0.0036637841258198023,0.11657755076885223,0.7817115187644958,D:\1\德国留学\斯图加特大学在校资料\hiwi工作\XJTU-SY_Bearing_Datasets\Data\XJTU-SY_Bearing_Datasets\37.5Hz11kN\Bearing2_5\114.csv,-4.6029558181762695,-3.4833641052246094,4.944186687469482,5.365688323974609,-4.85079288482666,-2.9337539672851562,3.7348508834838867,-4.8427228927612305
arm_a,37.5Hz11kN,Bearing2_5,37.5Hz11kN/Bearing2_5,114,0.33727810650887574,ready,2.993809938430786,0.009719341062009335,0.18015991151332855,0.7956153750419617,D:\1\德国留学\斯图加特大学在校资料\hiwi工作\XJTU-SY_Bearing_Datasets\Data\XJTU-SY_Bearing_Datasets\37.5Hz11kN\Bearing2_5\115.csv,-4.656097412109375,-3.5112948417663574,5.019308567047119,5.449146270751953,-4.915359020233154,-2.9833779335021973,3.8032402992248535,-4.912982940673828
arm_a,37.5Hz11kN,Bearing2_5,37.5Hz11kN/Bearing2_5,115,0.34023668639053256,ready,3.0109336376190186,0.014049138873815536,0.17110459506511688,0.7907617688179016,D:\1\德国留学\斯图加特大学在校资料\hiwi工作\XJTU-SY_Bearing_Datasets\Data\XJTU-SY_Bearing_Datasets\37.5Hz11kN\Bearing2_5\116.csv,-4.606533527374268,-3.4909377098083496,4.9527587890625,5.34970760345459,-4.859452247619629,-2.9476423263549805,3.7547659873962402,-4.839931488037109
arm_a,37.5Hz11kN,Bearing2_5,37.5Hz11kN/Bearing2_5,116,0.3431952662721893,ready,3.0182032585144043,0.016069209203124046,0.13683496415615082,0.7891785502433777,D:\1\德国留学\斯图加特大学在校资料\hiwi工作\XJTU-SY_Bearing_Datasets\Data\XJTU-SY_Bearing_Datasets\37.5Hz11kN\Bearing2_5\117.csv,-4.662532806396484,-3.5119271278381348,5.000009059906006,5.409998893737793,-4.920422554016113,-2.9761619567871094,3.783543586730957,-4.902547836303711
arm_a,37.5Hz11kN,Bearing2_5,37.5Hz11kN/Bearing2_5,117,0.34615384615384615,ready,3.039581298828125,0.015459571033716202,0.030505608767271042,0.7988421320915222,D:\1\德国留学\斯图加特大学在校资料\hiwi工作\XJTU-SY_Bearing_Datasets\Data\XJTU-SY_Bearing_Datasets\37.5Hz11kN\Bearing2_5\118.csv,-4.650876998901367,-3.511392831802368,5.000814914703369,5.410552978515625,-4.9232177734375,-2.958009958267212,3.8045711517333984,-4.906292915344238
arm_a,37.5Hz11kN,Bearing2_5,37.5Hz11kN/Bearing2_5,118,0.34911242603550297,ready,3.0402538776397705,0.013162672519683838,0.1936366856098175,0.8033702373504639,D:\1\德国留学\斯图加特大学在校资料\hiwi工作\XJTU-SY_Bearing_Datasets\Data\XJTU-SY_Bearing_Datasets\37.5Hz11kN\Bearing2_5\119.csv,-4.59010124206543,-3.4495015144348145,4.9171833992004395,5.332014560699463,-4.842315196990967,-2.916348457336426,3.7374377250671387,-4.842884540557861
arm_a,37.5Hz11kN,Bearing2_5,37.5Hz11kN/Bearing2_5,119,0.3520710059171598,ready,2.9078657627105713,0.0042341346852481365,1.1519057750701904,0.765103816986084,D:\1\德国留学\斯图加特大学在校资料\hiwi工作\XJTU-SY_Bearing_Datasets\Data\XJTU-SY_Bearing_Datasets\37.5Hz11kN\Bearing2_5\120.csv,-4.167462348937988,-3.1246609687805176,4.46092414855957,4.827373504638672,-4.420731544494629,-2.6385984420776367,3.3898165225982666,-4.391012191772461
arm_a,37.5Hz11kN,Bearing2_5,37.5Hz11kN/Bearing2_5,120,0.35502958579881655,ready,2.675589084625244,-0.016083309426903725,0.970148503780365,0.8462154269218445,D:\1\德国留学\斯图加特大学在校资料\hiwi工作\XJTU-SY_Bearing_Datasets\Data\XJTU-SY_Bearing_Datasets\37.5Hz11kN\Bearing2_5\121.csv,-3.8371851444244385,-2.8295674324035645,4.079310417175293,4.444878578186035,-4.034276485443115,-2.4218337535858154,3.062910795211792,-4.003853797912598
arm_a,37.5Hz11kN,Bearing2_5,37.5Hz11kN/Bearing2_5,121,0.35798816568047337,ready,2.491849422454834,-0.041486553847789764,1.9442850351333618,0.841814398765564,D:\1\德国留学\斯图加特大学在校资料\hiwi工作\XJTU-SY_Bearing_Datasets\Data\XJTU-SY_Bearing_Datasets\37.5Hz11kN\Bearing2_5\122.csv,-3.1004245281219482,-2.25571870803833,3.3004841804504395,3.6088380813598633,-3.3186631202697754,-1.9706015586853027,2.4806220531463623,-3.2637062072753906
arm_a,37.5Hz11kN,Bearing2_5,37.5Hz11kN/Bearing2_5,122,0.3609467455621302,ready,2.34436297416687,-0.06777888536453247,0.4300509989261627,0.8430353403091431,D:\1\德国留学\斯图加特大学在校资料\hiwi工作\XJTU-SY_Bearing_Datasets\Data\XJTU-SY_Bearing_Datasets\37.5Hz11kN\Bearing2_5\123.csv,-2.9443180561065674,-2.142667293548584,3.137277603149414,3.4228010177612305,-3.137636661529541,-1.8682634830474854,2.357792377471924,-3.09572696685791
arm_a,37.5Hz11kN,Bearing2_5,37.5Hz11kN/Bearing2_5,123,0.363905325443787,ready,2.2314705848693848,-0.09323140978813171,0.23227658867835999,0.8248149156570435,D:\1\德国留学\斯图加特大学在校资料\hiwi工作\XJTU-SY_Bearing_Datasets\Data\XJTU-SY_Bearing_Datasets\37.5Hz11kN\Bearing2_5\124.csv,-2.861171245574951,-2.067824363708496,3.0399160385131836,3.3271713256835938,-3.0524983406066895,-1.7999539375305176,2.2896170616149902,-3.0166659355163574
arm_a,37.5Hz11kN,Bearing2_5,37.5Hz11kN/Bearing2_5,124,0.3668639053254438,ready,2.1171233654022217,-0.11457577347755432,0.1632172018289566,0.8161946535110474,D:\1\德国留学\斯图加特大学在校资料\hiwi工作\XJTU-SY_Bearing_Datasets\Data\XJTU-SY_Bearing_Datasets\37.5Hz11kN\Bearing2_5\125.csv,-2.7928075790405273,-2.031238555908203,2.9741570949554443,3.250308036804199,-2.9967360496520996,-1.7606502771377563,2.243617057800293,-2.9564552307128906
arm_a,37.5Hz11kN,Bearing2_5,37.5Hz11kN/Bearing2_5,125,0.3698224852071006,ready,2.0452659130096436,-0.12807157635688782,0.2621212303638458,0.808681845664978,D:\1\德国留学\斯图加特大学在校资料\hiwi工作\XJTU-SY_Bearing_Datasets\Data\XJTU-SY_Bearing_Datasets\37.5Hz11kN\Bearing2_5\126.csv,-2.712134599685669,-1.9411989450454712,2.8830366134643555,3.132774591445923,-2.8905911445617676,-1.7121555805206299,2.160249948501587,-2.8496532440185547
arm_a,37.5Hz11kN,Bearing2_5,37.5Hz11kN/Bearing2_5,126,0.3727810650887574,ready,1.9514036178588867,-0.13449738919734955,0.09418799728155136,0.8078933954238892,D:\1\德国留学\斯图加特大学在校资料\hiwi工作\XJTU-SY_Bearing_Datasets\Data\XJTU-SY_Bearing_Datasets\37.5Hz11kN\Bearing2_5\127.csv,-2.715987205505371,-1.97532057762146,2.9127087593078613,3.1759231090545654,-2.933650016784668,-1.7306501865386963,2.177950859069824,-2.8990554809570312
arm_a,37.5Hz11kN,Bearing2_5,37.5Hz11kN/Bearing2_5,127,0.3757396449704142,ready,1.8757553100585938,-0.13069339096546173,0.18544623255729675,0.8082345128059387,D:\1\德国留学\斯图加特大学在校资料\hiwi工作\XJTU-SY_Bearing_Datasets\Data\XJTU-SY_Bearing_Datasets\37.5Hz11kN\Bearing2_5\128.csv,-2.6662397384643555,-1.9320772886276245,2.832331657409668,3.091546058654785,-2.859588861465454,-1.6829848289489746,2.1278176307678223,-2.8203461170196533
arm_a,37.5Hz11kN,Bearing2_5,37.5Hz11kN/Bearing2_5,128,0.378698224852071,ready,1.820713758468628,-0.1157398372888565,0.029066666960716248,0.8138406276702881,D:\1\德国留学\斯图加特大学在校资料\hiwi工作\XJTU-SY_Bearing_Datasets\Data\XJTU-SY_Bearing_Datasets\37.5Hz11kN\Bearing2_5\129.csv,-2.673992872238159,-1.925485610961914,2.8335764408111572,3.0769848823547363,-2.859372615814209,-1.6845718622207642,2.105435848236084,-2.8154244422912598
arm_a,37.5Hz11kN,Bearing2_5,37.5Hz11kN/Bearing2_5,129,0.3816568047337278,ready,1.8668105602264404,-0.09231547266244888,0.14010289311408997,0.8127095699310303,D:\1\德国留学\斯图加特大学在校资料\hiwi工作\XJTU-SY_Bearing_Datasets\Data\XJTU-SY_Bearing_Datasets\37.5Hz11kN\Bearing2_5\130.csv,-2.708280324935913,-1.959897518157959,2.8955135345458984,3.1447436809539795,-2.913362979888916,-1.7118093967437744,2.153951644897461,-2.868630886077881
arm_a,37.5Hz11kN,Bearing2_5,37.5Hz11kN/Bearing2_5,130,0.38461538461538464,ready,2.0257067680358887,-0.06309030950069427,0.16074198484420776,0.8224607706069946,D:\1\德国留学\斯图加特大学在校资料\hiwi工作\XJTU-SY_Bearing_Datasets\Data\XJTU-SY_Bearing_Datasets\37.5Hz11kN\Bearing2_5\131.csv,-2.6580817699432373,-1.915413737297058,2.8189306259155273,3.079371452331543,-2.852328300476074,-1.6724328994750977,2.1112191677093506,-2.804607391357422
arm_a,37.5Hz11kN,Bearing2_5,37.5Hz11kN/Bearing2_5,131,0.3875739644970414,ready,2.134653329849243,-0.03229455649852753,0.12622973322868347,0.8145850896835327,D:\1\德国留学\斯图加特大学在校资料\hiwi工作\XJTU-SY_Bearing_Datasets\Data\XJTU-SY_Bearing_Datasets\37.5Hz11kN\Bearing2_5\132.csv,-2.7007453441619873,-1.9578068256378174,2.8791627883911133,3.1290409564971924,-2.897825241088867,-1.6943037509918213,2.1543240547180176,-2.8472135066986084
arm_a,37.5Hz11kN,Bearing2_5,37.5Hz11kN/Bearing2_5,132,0.3905325443786982,ready,2.202239990234375,-0.0033150427043437958,0.03165970370173454,0.8120014667510986,D:\1\德国留学\斯图加特大学在校资料\hiwi工作\XJTU-SY_Bearing_Datasets\Data\XJTU-SY_Bearing_Datasets\37.5Hz11kN\Bearing2_5\133.csv,-2.6921629905700684,-1.9357726573944092,2.8654894828796387,3.138962745666504,-2.892395496368408,-1.6944717168807983,2.143239974975586,-2.849538803100586
arm_a,37.5Hz11kN,Bearing2_5,37.5Hz11kN/Bearing2_5,133,0.39349112426035504,ready,2.2408831119537354,0.021968824788928032,0.06529833376407623,0.8352383971214294,D:\1\德国留学\斯图加特大学在校资料\hiwi工作\XJTU-SY_Bearing_Datasets\Data\XJTU-SY_Bearing_Datasets\37.5Hz11kN\Bearing2_5\134.csv,-2.7261717319488525,-1.9532172679901123,2.9011731147766113,3.145631790161133,-2.911367416381836,-1.7088489532470703,2.1706972122192383,-2.8623695373535156
arm_a,37.5Hz11kN,Bearing2_5,37.5Hz11kN/Bearing2_5,134,0.39644970414201186,ready,2.263873338699341,0.04076946899294853,0.022820156067609787,0.8250778317451477,D:\1\德国留学\斯图加特大学在校资料\hiwi工作\XJTU-SY_Bearing_Datasets\Data\XJTU-SY_Bearing_Datasets\37.5Hz11kN\Bearing2_5\135.csv,-2.708174705505371,-1.9627848863601685,2.9003288745880127,3.13787579536438,-2.9135754108428955,-1.706117868423462,2.169252872467041,-2.8678503036499023
arm_a,37.5Hz11kN,Bearing2_5,37.5Hz11kN/Bearing2_5,135,0.3994082840236686,ready,2.275414228439331,0.05363032594323158,0.14699609577655792,0.8153122067451477,D:\1\德国留学\斯图加特大学在校资料\hiwi工作\XJTU-SY_Bearing_Datasets\Data\XJTU-SY_Bearing_Datasets\37.5Hz11kN\Bearing2_5\136.csv,-2.6702041625976562,-1.918715000152588,2.8399829864501953,3.07055401802063,-2.8618438243865967,-1.6758003234863281,2.1202552318573,-2.8041791915893555
arm_a,37.5Hz11kN,Bearing2_5,37.5Hz11kN/Bearing2_5,136,0.40236686390532544,ready,2.2884323596954346,0.05815409868955612,0.07435248047113419,0.8230822086334229,D:\1\德国留学\斯图加特大学在校资料\hiwi工作\XJTU-SY_Bearing_Datasets\Data\XJTU-SY_Bearing_Datasets\37.5Hz11kN\Bearing2_5\137.csv,-2.681154489517212,-1.9334248304367065,2.874380350112915,3.1040897369384766,-2.8934412002563477,-1.6922757625579834,2.144191265106201,-2.8364500999450684
arm_a,37.5Hz11kN,Bearing2_5,37.5Hz11kN/Bearing2_5,137,0.40532544378698226,ready,2.279496669769287,0.05306205153465271,0.04080673307180405,0.8326684832572937,D:\1\德国留学\斯图加特大学在校资料\hiwi工作\XJTU-SY_Bearing_Datasets\Data\XJTU-SY_Bearing_Datasets\37.5Hz11kN\Bearing2_5\138.csv,-2.6969571113586426,-1.9469900131225586,2.887478828430176,3.1215102672576904,-2.8976433277130127,-1.6893221139907837,2.156571626663208,-2.8604657649993896
arm_a,37.5Hz11kN,Bearing2_5,37.5Hz11kN/Bearing2_5,138,0.40828402366863903,ready,2.2526793479919434,0.03794398531317711,0.16631640493869781,0.8175110220909119,D:\1\德国留学\斯图加特大学在校资料\hiwi工作\XJTU-SY_Bearing_Datasets\Data\XJTU-SY_Bearing_Datasets\37.5Hz11kN\Bearing2_5\139.csv,-2.7635371685028076,-1.9889132976531982,2.9476661682128906,3.1907877922058105,-2.967986822128296,-1.73896324634552,2.201195478439331,-2.92084002494812
arm_a,37.5Hz11kN,Bearing2_5,37.5Hz11kN/Bearing2_5,139,0.41124260355029585,ready,2.23396635055542,0.019642366096377373,0.06227816268801689,0.8179879784584045,D:\1\德国留学\斯图加特大学在校资料\hiwi工作\XJTU-SY_Bearing_Datasets\Data\XJTU-SY_Bearing_Datasets\37.5Hz11kN\Bearing2_5\140.csv,-2.7861146926879883,-2.0254411697387695,2.961273670196533,3.2131776809692383,-2.9838037490844727,-1.7461507320404053,2.2247495651245117,-2.9430084228515625
arm_a,37.5Hz11kN,Bearing2_5,37.5Hz11kN/Bearing2_5,140,0.41420118343195267,ready,2.1894278526306152,0.005054087843745947,0.10350428521633148,0.8270739316940308,D:\1\德国留学\斯图加特大学在校资料\hiwi工作\XJTU-SY_Bearing_Datasets\Data\XJTU-SY_Bearing_Datasets\37.5Hz11kN\Bearing2_5\141.csv,-2.814755439758301,-2.044572114944458,3.014179229736328,3.2683794498443604,-3.0251262187957764,-1.7778679132461548,2.2509281635284424,-2.959794521331787
arm_a,37.5Hz11kN,Bearing2_5,37.5Hz11kN/Bearing2_5,141,0.4171597633136095,ready,2.11973237991333,-0.008057154715061188,0.3774881958961487,0.8279572129249573,D:\1\德国留学\斯图加特大学在校资料\hiwi工作\XJTU-SY_Bearing_Datasets\Data\XJTU-SY_Bearing_Datasets\37.5Hz11kN\Bearing2_5\142.csv,-2.9586739540100098,-2.1413018703460693,3.1517529487609863,3.430795669555664,-3.1625277996063232,-1.8703727722167969,2.366837978363037,-3.121816635131836
arm_a,37.5Hz11kN,Bearing2_5,37.5Hz11kN/Bearing2_5,142,0.42011834319526625,ready,2.028472900390625,-0.02145954966545105,0.20212657749652863,0.8135886788368225,D:\1\德国留学\斯图加特大学在校资料\hiwi工作\XJTU-SY_Bearing_Datasets\Data\XJTU-SY_Bearing_Datasets\37.5Hz11kN\Bearing2_5\143.csv,-3.0235838890075684,-2.210710048675537,3.242298126220703,3.5233237743377686,-3.2276628017425537,-1.9196765422821045,2.4256591796875,-3.1920385360717773
arm_a,37.5Hz11kN,Bearing2_5,37.5Hz11kN/Bearing2_5,143,0.4230769230769231,ready,1.9287512302398682,-0.03561883047223091,0.14458076655864716,0.8128416538238525,D:\1\德国留学\斯图加特大学在校资料\hiwi工作\XJTU-SY_Bearing_Datasets\Data\XJTU-SY_Bearing_Datasets\37.5Hz11kN\Bearing2_5\144.csv,-3.089341402053833,-2.2480883598327637,3.288470506668091,3.592411518096924,-3.2875967025756836,-1.9585261344909668,2.4682998657226562,-3.2288870811462402
arm_a,37.5Hz11kN,Bearing2_5,37.5Hz11kN/Bearing2_5,144,0.4260355029585799,ready,1.8276437520980835,-0.04997697472572327,0.03677740693092346,0.8143544793128967,D:\1\德国留学\斯图加特大学在校资料\hiwi工作\XJTU-SY_Bearing_Datasets\Data\XJTU-SY_Bearing_Datasets\37.5Hz11kN\Bearing2_5\145.csv,-3.095150947570801,-2.2299675941467285,3.308318853378296,3.581197738647461,-3.282254219055176,-1.9653308391571045,2.481243133544922,-3.243999481201172
arm_a,37.5Hz11kN,Bearing2_5,37.5Hz11kN/Bearing2_5,145,0.4289940828402367,ready,1.8149700164794922,-0.05896938964724541,1.0315334796905518,0.8190034031867981,D:\1\德国留学\斯图加特大学在校资料\hiwi工作\XJTU-SY_Bearing_Datasets\Data\XJTU-SY_Bearing_Datasets\37.5Hz11kN\Bearing2_5\146.csv,-2.7043919563293457,-1.956364631652832,2.8899080753326416,3.1228904724121094,-2.905442237854004,-1.7033575773239136,2.166029691696167,-2.8679404258728027
arm_a,37.5Hz11kN,Bearing2_5,37.5Hz11kN/Bearing2_5,146,0.4319526627218935,ready,1.829071044921875,-0.060743626207113266,0.19730643928050995,0.8366485238075256,D:\1\德国留学\斯图加特大学在校资料\hiwi工作\XJTU-SY_Bearing_Datasets\Data\XJTU-SY_Bearing_Datasets\37.5Hz11kN\Bearing2_5\147.csv,-2.641193389892578,-1.9033100605010986,2.805202007293701,3.043144464492798,-2.8270187377929688,-1.6563529968261719,2.1070170402526855,-2.7858169078826904
arm_a,37.5Hz11kN,Bearing2_5,37.5Hz11kN/Bearing2_5,147,0.4349112426035503,ready,1.8636627197265625,-0.05565875023603439,0.17217954993247986,0.8400694727897644,D:\1\德国留学\斯图加特大学在校资料\hiwi工作\XJTU-SY_Bearing_Datasets\Data\XJTU-SY_Bearing_Datasets\37.5Hz11kN\Bearing2_5\148.csv,-2.559473991394043,-1.8460266590118408,2.7329955101013184,2.9813027381896973,-2.7585289478302,-1.6326864957809448,2.0607850551605225,-2.728722095489502
arm_a,37.5Hz11kN,Bearing2_5,37.5Hz11kN/Bearing2_5,148,0.4378698224852071,ready,1.9273961782455444,-0.04384491220116615,0.128463476896286,0.8399001955986023,D:\1\德国留学\斯图加特大学在校资料\hiwi工作\XJTU-SY_Bearing_Datasets\Data\XJTU-SY_Bearing_Datasets\37.5Hz11kN\Bearing2_5\149.csv,-2.5082454681396484,-1.8103141784667969,2.697233200073242,2.929232358932495,-2.7099456787109375,-1.6088852882385254,2.005291700363159,-2.6776680946350098
arm_a,37.5Hz11kN,Bearing2_5,37.5Hz11kN/Bearing2_5,149,0.4408284023668639,ready,1.9891573190689087,-0.025966988876461983,0.08997905254364014,0.8398575782775879,D:\1\德国留学\斯图加特大学在校资料\hiwi工作\XJTU-SY_Bearing_Datasets\Data\XJTU-SY_Bearing_Datasets\37.5Hz11kN\Bearing2_5\150.csv,-2.564505100250244,-1.842984676361084,2.7133870124816895,2.9494242668151855,-2.7539291381835938,-1.6066865921020508,2.036304473876953,-2.6948113441467285
arm_a,37.5Hz11kN,Bearing2_5,37.5Hz11kN/Bearing2_5,150,0.4437869822485207,ready,2.0735018253326416,-0.003490311559289694,0.12855194509029388,0.8417149782180786,D:\1\德国留学\斯图加特大学在校资料\hiwi工作\XJTU-SY_Bearing_Datasets\Data\XJTU-SY_Bearing_Datasets\37.5Hz11kN\Bearing2_5\151.csv,-2.512420654296875,-1.8160808086395264,2.669745683670044,2.8894309997558594,-2.6983509063720703,-1.5725398063659668,1.9920192956924438,-2.6578097343444824
arm_a,37.5Hz11kN,Bearing2_5,37.5Hz11kN/Bearing2_5,151,0.4467455621301775,ready,2.197730779647827,0.02252129279077053,0.04910711199045181,0.8384647965431213,D:\1\德国留学\斯图加特大学在校资料\hiwi工作\XJTU-SY_Bearing_Datasets\Data\XJTU-SY_Bearing_Datasets\37.5Hz11kN\Bearing2_5\152.csv,-2.4769554138183594,-1.8011865615844727,2.6723499298095703,2.8836820125579834,-2.677506446838379,-1.5894157886505127,2.002145290374756,-2.6494295597076416
arm_a,37.5Hz11kN,Bearing2_5,37.5Hz11kN/Bearing2_5,152,0.44970414201183434,ready,2.3195595741271973,0.04814870283007622,0.22638271749019623,0.8515356183052063,D:\1\德国留学\斯图加特大学在校资料\hiwi工作\XJTU-SY_Bearing_Datasets\Data\XJTU-SY_Bearing_Datasets\37.5Hz11kN\Bearing2_5\153.csv,-2.5699234008789062,-1.862605094909668,2.756516456604004,2.9875235557556152,-2.7763755321502686,-1.6302433013916016,2.0631465911865234,-2.7256112098693848
arm_a,37.5Hz11kN,Bearing2_5,37.5Hz11kN/Bearing2_5,153,0.4526627218934911,ready,2.5063345432281494,0.0737873986363411,0.5074794292449951,0.8178613781929016,D:\1\德国留学\斯图加特大学在校资料\hiwi工作\XJTU-SY_Bearing_Datasets\Data\XJTU-SY_Bearing_Datasets\37.5Hz11kN\Bearing2_5\154.csv,-2.395522356033325,-1.7076551914215088,2.556985855102539,2.7656402587890625,-2.5811572074890137,-1.4983447790145874,1.9224467277526855,-2.528731346130371
arm_a,37.5Hz11kN,Bearing2_5,37.5Hz11kN/Bearing2_5,154,0.4556213017751479,ready,2.6645517349243164,0.09431462734937668,0.29499804973602295,0.8284708857536316,D:\1\德国留学\斯图加特大学在校资料\hiwi工作\XJTU-SY_Bearing_Datasets\Data\XJTU-SY_Bearing_Datasets\37.5Hz11kN\Bearing2_5\155.csv,-2.4974424839019775,-1.8148518800735474,2.670715570449829,2.8859500885009766,-2.6960766315460205,-1.5624268054962158,2.008005142211914,-2.6431992053985596
arm_a,37.5Hz11kN,Bearing2_5,37.5Hz11kN/Bearing2_5,155,0.45857988165680474,ready,2.727653741836548,0.10729452222585678,0.08688422292470932,0.8405857682228088,D:\1\德国留学\斯图加特大学在校资料\hiwi工作\XJTU-SY_Bearing_Datasets\Data\XJTU-SY_Bearing_Datasets\37.5Hz11kN\Bearing2_5\156.csv,-2.4812631607055664,-1.7796757221221924,2.63295841217041,2.8670525550842285,-2.6654491424560547,-1.5573756694793701,1.9644540548324585,-2.6056923866271973
arm_a,37.5Hz11kN,Bearing2_5,37.5Hz11kN/Bearing2_5,156,0.46153846153846156,ready,2.7511303424835205,0.11143217235803604,0.2044443041086197,0.8457876443862915,D:\1\德国留学\斯图加特大学在校资料\hiwi工作\XJTU-SY_Bearing_Datasets\Data\XJTU-SY_Bearing_Datasets\37.5Hz11kN\Bearing2_5\157.csv,-2.5303874015808105,-1.8331658840179443,2.7059195041656494,2.9484312534332275,-2.741374969482422,-1.610014796257019,2.0418381690979004,-2.705958843231201
arm_a,37.5Hz11kN,Bearing2_5,37.5Hz11kN/Bearing2_5,157,0.46449704142011833,ready,2.7808873653411865,0.10832260549068451,0.2329614758491516,0.8405357003211975,D:\1\德国留学\斯图加特大学在校资料\hiwi工作\XJTU-SY_Bearing_Datasets\Data\XJTU-SY_Bearing_Datasets\37.5Hz11kN\Bearing2_5\158.csv,-2.4485373497009277,-1.7585809230804443,2.6218605041503906,2.8598196506500244,-2.6495912075042725,-1.5527489185333252,1.9673373699188232,-2.606778383255005
arm_a,37.5Hz11kN,Bearing2_5,37.5Hz11kN/Bearing2_5,158,0.46745562130177515,ready,2.791656732559204,0.0989314541220665,0.07047268748283386,0.8425576686859131,D:\1\德国留学\斯图加特大学在校资料\hiwi工作\XJTU-SY_Bearing_Datasets\Data\XJTU-SY_Bearing_Datasets\37.5Hz11kN\Bearing2_5\159.csv,-2.480712652206421,-1.7963924407958984,2.6473238468170166,2.8783469200134277,-2.673264980316162,-1.5669269561767578,1.9683001041412354,-2.6341171264648438
arm_a,37.5Hz11kN,Bearing2_5,37.5Hz11kN/Bearing2_5,159,0.47041420118343197,ready,2.809514284133911,0.08415588736534119,0.023287996649742126,0.8416588306427002,D:\1\德国留学\斯图加特大学在校资料\hiwi工作\XJTU-SY_Bearing_Datasets\Data\XJTU-SY_Bearing_Datasets\37.5Hz11kN\Bearing2_5\160.csv,-2.491612434387207,-1.7876814603805542,2.661885976791382,2.874791145324707,-2.666572093963623,-1.5695629119873047,1.9767146110534668,-2.633486032485962
arm_a,37.5Hz11kN,Bearing2_5,37.5Hz11kN/Bearing2_5,160,0.47337278106508873,ready,2.797598123550415,0.06440959870815277,0.17407557368278503,0.8394641280174255,D:\1\德国留学\斯图加特大学在校资料\hiwi工作\XJTU-SY_Bearing_Datasets\Data\XJTU-SY_Bearing_Datasets\37.5Hz11kN\Bearing2_5\161.csv,-2.5417487621307373,-1.8349354267120361,2.7323691844940186,2.9557108879089355,-2.744784355163574,-1.60096275806427,2.0446176528930664,-2.681713581085205
arm_a,37.5Hz11kN,Bearing2_5,37.5Hz11kN/Bearing2_5,161,0.47633136094674555,ready,2.7649946212768555,0.04238993301987648,0.18813303112983704,0.8590046763420105,D:\1\德国留学\斯图加特大学在校资料\hiwi工作\XJTU-SY_Bearing_Datasets\Data\XJTU-SY_Bearing_Datasets\37.5Hz11kN\Bearing2_5\162.csv,-2.629683017730713,-1.896316409111023,2.780792236328125,3.038792133331299,-2.82230281829834,-1.6408183574676514,2.0821762084960938,-2.756803274154663
arm_a,37.5Hz11kN,Bearing2_5,37.5Hz11kN/Bearing2_5,162,0.47928994082840237,ready,2.745497941970825,0.02055281214416027,0.09543833881616592,0.8586252927780151,D:\1\德国留学\斯图加特大学在校资料\hiwi工作\XJTU-SY_Bearing_Datasets\Data\XJTU-SY_Bearing_Datasets\37.5Hz11kN\Bearing2_5\163.csv,-2.6553890705108643,-1.922184944152832,2.812100410461426,3.08158016204834,-2.856339454650879,-1.6771626472473145,2.116766929626465,-2.792741537094116
arm_a,37.5Hz11kN,Bearing2_5,37.5Hz11kN/Bearing2_5,163,0.4822485207100592,ready,2.6826109886169434,0.002574266167357564,0.074136883020401,0.8315285444259644,D:\1\德国留学\斯图加特大学在校资料\hiwi工作\XJTU-SY_Bearing_Datasets\Data\XJTU-SY_Bearing_Datasets\37.5Hz11kN\Bearing2_5\164.csv,-2.631406784057617,-1.9047361612319946,2.7806291580200195,3.0450258255004883,-2.8329291343688965,-1.6491215229034424,2.099669933319092,-2.7669858932495117
arm_a,37.5Hz11kN,Bearing2_5,37.5Hz11kN/Bearing2_5,164,0.48520710059171596,ready,2.708954334259033,-0.0055562411434948444,0.6043161749839783,0.8818726539611816,D:\1\德国留学\斯图加特大学在校资料\hiwi工作\XJTU-SY_Bearing_Datasets\Data\XJTU-SY_Bearing_Datasets\37.5Hz11kN\Bearing2_5\165.csv,-2.399665355682373,-1.705326795578003,2.5682425498962402,2.8178088665008545,-2.578195571899414,-1.5390373468399048,1.8880465030670166,-2.536330223083496
arm_a,37.5Hz11kN,Bearing2_5,37.5Hz11kN/Bearing2_5,165,0.4881656804733728,ready,2.7443339824676514,-0.008088361471891403,0.1698606163263321,0.8842803239822388,D:\1\德国留学\斯图加特大学在校资料\hiwi工作\XJTU-SY_Bearing_Datasets\Data\XJTU-SY_Bearing_Datasets\37.5Hz11kN\Bearing2_5\166.csv,-2.3367063999176025,-1.656144142150879,2.502613067626953,2.7332472801208496,-2.5231451988220215,-1.4979450702667236,1.8470386266708374,-2.4684243202209473
arm_a,37.5Hz11kN,Bearing2_5,37.5Hz11kN/Bearing2_5,166,0.4911242603550296,ready,2.8004889488220215,-0.006194562651216984,0.03742184117436409,0.8746827840805054,D:\1\德国留学\斯图加特大学在校资料\hiwi工作\XJTU-SY_Bearing_Datasets\Data\XJTU-SY_Bearing_Datasets\37.5Hz11kN\Bearing2_5\167.csv,-2.3240718841552734,-1.65205979347229,2.496178150177002,2.760741949081421,-2.509209156036377,-1.5017740726470947,1.8355783224105835,-2.4591236114501953
arm_a,37.5Hz11kN,Bearing2_5,37.5Hz11kN/Bearing2_5,167,0.4940828402366864,ready,2.836536407470703,-0.0009490230004303157,0.039951737970113754,0.8847418427467346,D:\1\德国留学\斯图加特大学在校资料\hiwi工作\XJTU-SY_Bearing_Datasets\Data\XJTU-SY_Bearing_Datasets\37.5Hz11kN\Bearing2_5\168.csv,-2.313628911972046,-1.6323916912078857,2.484981060028076,2.7328884601593018,-2.50231671333313,-1.4984558820724487,1.8434643745422363,-2.4502718448638916
arm_a,37.5Hz11kN,Bearing2_5,37.5Hz11kN/Bearing2_5,168,0.4970414201183432,ready,2.901594638824463,0.007888571359217167,0.22931097447872162,0.9232031106948853,D:\1\德国留学\斯图加特大学在校资料\hiwi工作\XJTU-SY_Bearing_Datasets\Data\XJTU-SY_Bearing_Datasets\37.5Hz11kN\Bearing2_5\169.csv,-2.2266860008239746,-1.5741078853607178,2.387705087661743,2.654871940612793,-2.4133005142211914,-1.4587980508804321,1.7508841753005981,-2.3607702255249023
arm_a,37.5Hz11kN,Bearing2_5,37.5Hz11kN/Bearing2_5,169,0.5,ready,2.9366891384124756,0.018498333171010017,0.3062967360019684,0.9026598334312439,D:\1\德国留学\斯图加特大学在校资料\hiwi工作\XJTU-SY_Bearing_Datasets\Data\XJTU-SY_Bearing_Datasets\37.5Hz11kN\Bearing2_5\170.csv,-2.3418474197387695,-1.6610661745071411,2.5214896202087402,2.780438184738159,-2.533142566680908,-1.5274627208709717,1.8421962261199951,-2.4699203968048096
arm_a,37.5Hz11kN,Bearing2_5,37.5Hz11kN/Bearing2_5,170,0.5029585798816568,ready,3.027900218963623,0.03174732252955437,0.39171701669692993,0.9196903705596924,D:\1\德国留学\斯图加特大学在校资料\hiwi工作\XJTU-SY_Bearing_Datasets\Data\XJTU-SY_Bearing_Datasets\37.5Hz11kN\Bearing2_5\171.csv,-2.1952123641967773,-1.5570945739746094,2.363121747970581,2.6232194900512695,-2.3658204078674316,-1.4516772031784058,1.718406319618225,-2.320695400238037
arm_a,37.5Hz11kN,Bearing2_5,37.5Hz11kN/Bearing2_5,171,0.5059171597633136,ready,3.134789228439331,0.045861512422561646,0.03150808438658714,0.9238346219062805,D:\1\德国留学\斯图加特大学在校资料\hiwi工作\XJTU-SY_Bearing_Datasets\Data\XJTU-SY_Bearing_Datasets\37.5Hz11kN\Bearing2_5\172.csv,-2.2054293155670166,-1.5678799152374268,2.3646621704101562,2.631826400756836,-2.3849260807037354,-1.4547460079193115,1.7240142822265625,-2.3377161026000977
arm_a,37.5Hz11kN,Bearing2_5,37.5Hz11kN/Bearing2_5,172,0.5088757396449705,ready,3.263110399246216,0.06119289994239807,0.12300403416156769,0.8891095519065857,D:\1\德国留学\斯图加特大学在校资料\hiwi工作\XJTU-SY_Bearing_Datasets\Data\XJTU-SY_Bearing_Datasets\37.5Hz11kN\Bearing2_5\173.csv,-2.159992218017578,-1.5204710960388184,2.328496217727661,2.57521915435791,-2.3437414169311523,-1.4179352521896362,1.7013620138168335,-2.2853598594665527
arm_a,37.5Hz11kN,Bearing2_5,37.5Hz11kN/Bearing2_5,173,0.5118343195266272,ready,3.3822433948516846,0.07255589216947556,0.02367042563855648,0.9147711992263794,D:\1\德国留学\斯图加特大学在校资料\hiwi工作\XJTU-SY_Bearing_Datasets\Data\XJTU-SY_Bearing_Datasets\37.5Hz11kN\Bearing2_5\174.csv,-2.167074680328369,-1.5272772312164307,2.3351058959960938,2.5756187438964844,-2.360826015472412,-1.4190735816955566,1.7031211853027344,-2.296481132507324
arm_a,37.5Hz11kN,Bearing2_5,37.5Hz11kN/Bearing2_5,174,0.514792899408284,ready,3.48877215385437,0.083005391061306,0.47381699085235596,0.8922318816184998,D:\1\德国留学\斯图加特大学在校资料\hiwi工作\XJTU-SY_Bearing_Datasets\Data\XJTU-SY_Bearing_Datasets\37.5Hz11kN\Bearing2_5\175.csv,-1.9875978231430054,-1.3946892023086548,2.1314592361450195,2.3879199028015137,-2.1716222763061523,-1.3139457702636719,1.5645997524261475,-2.1176793575286865
arm_a,37.5Hz11kN,Bearing2_5,37.5Hz11kN/Bearing2_5,175,0.5177514792899408,ready,3.58685302734375,0.09171105921268463,0.08683924376964569,0.922060489654541,D:\1\德国留学\斯图加特大学在校资料\hiwi工作\XJTU-SY_Bearing_Datasets\Data\XJTU-SY_Bearing_Datasets\37.5Hz11kN\Bearing2_5\176.csv,-1.9635241031646729,-1.3682276010513306,2.1065804958343506,2.3432235717773438,-2.149195671081543,-1.2931890487670898,1.533193826675415,-2.076152801513672
arm_a,37.5Hz11kN,Bearing2_5,37.5Hz11kN/Bearing2_5,176,0.5207100591715976,ready,3.713679552078247,0.10086584091186523,0.29786932468414307,0.9038543701171875,D:\1\德国留学\斯图加特大学在校资料\hiwi工作\XJTU-SY_Bearing_Datasets\Data\XJTU-SY_Bearing_Datasets\37.5Hz11kN\Bearing2_5\177.csv,-1.852560043334961,-1.307271957397461,1.9920275211334229,2.1943938732147217,-2.048893928527832,-1.2040114402770996,1.454116940498352,-1.9614417552947998
arm_a,37.5Hz11kN,Bearing2_5,37.5Hz11kN/Bearing2_5,177,0.5236686390532544,ready,3.8207595348358154,0.10719552636146545,0.17245563864707947,0.9485620856285095,D:\1\德国留学\斯图加特大学在校资料\hiwi工作\XJTU-SY_Bearing_Datasets\Data\XJTU-SY_Bearing_Datasets\37.5Hz11kN\Bearing2_5\178.csv,-1.9029664993286133,-1.340987205505371,2.060431718826294,2.2815897464752197,-2.0972695350646973,-1.2746832370758057,1.4953964948654175,-2.0303072929382324
arm_a,37.5Hz11kN,Bearing2_5,37.5Hz11kN/Bearing2_5,178,0.5266272189349113,ready,3.937364101409912,0.11229271441698074,0.32414644956588745,0.931633472442627,D:\1\德国留学\斯图加特大学在校资料\hiwi工作\XJTU-SY_Bearing_Datasets\Data\XJTU-SY_Bearing_Datasets\37.5Hz11kN\Bearing2_5\179.csv,-1.7819106578826904,-1.2449177503585815,1.927409291267395,2.149397373199463,-1.9706568717956543,-1.1686046123504639,1.4219706058502197,-1.9147976636886597
arm_a,37.5Hz11kN,Bearing2_5,37.5Hz11kN/Bearing2_5,179,0.5295857988165681,ready,4.112986087799072,0.11675412952899933,0.2875259816646576,0.9193946719169617,D:\1\德国留学\斯图加特大学在校资料\hiwi工作\XJTU-SY_Bearing_Datasets\Data\XJTU-SY_Bearing_Datasets\37.5Hz11kN\Bearing2_5\180.csv,-1.6645948886871338,-1.1654542684555054,1.8258799314498901,1.99845552444458,-1.8769614696502686,-1.0862629413604736,1.3523311614990234,-1.8194379806518555
arm_a,37.5Hz11kN,Bearing2_5,37.5Hz11kN/Bearing2_5,180,0.5325443786982249,ready,4.2587151527404785,0.12098700553178787,0.0996117889881134,0.9273242950439453,D:\1\德国留学\斯图加特大学在校资料\hiwi工作\XJTU-SY_Bearing_Datasets\Data\XJTU-SY_Bearing_Datasets\37.5Hz11kN\Bearing2_5\181.csv,-1.6295803785324097,-1.1536741256713867,1.7854516506195068,1.9659216403961182,-1.823436975479126,-1.086330771446228,1.3057751655578613,-1.7905851602554321
arm_a,37.5Hz11kN,Bearing2_5,37.5Hz11kN/Bearing2_5,181,0.5355029585798816,ready,4.403764724731445,0.1253386288881302,0.043227456510066986,0.9265549182891846,D:\1\德国留学\斯图加特大学在校资料\hiwi工作\XJTU-SY_Bearing_Datasets\Data\XJTU-SY_Bearing_Datasets\37.5Hz11kN\Bearing2_5\182.csv,-1.6519701480865479,-1.161280632019043,1.7953307628631592,1.9719152450561523,-1.847841501235962,-1.0792312622070312,1.3271641731262207,-1.7990974187850952
arm_a,37.5Hz11kN,Bearing2_5,37.5Hz11kN/Bearing2_5,182,0.5384615384615384,ready,4.601768970489502,0.13366371393203735,0.6509224772453308,0.8977727293968201,D:\1\德国留学\斯图加特大学在校资料\hiwi工作\XJTU-SY_Bearing_Datasets\Data\XJTU-SY_Bearing_Datasets\37.5Hz11kN\Bearing2_5\183.csv,-1.3949614763259888,-0.9574586153030396,1.5470921993255615,1.7033921480178833,-1.6092923879623413,-0.9360011219978333,1.141335129737854,-1.5337238311767578
arm_a,37.5Hz11kN,Bearing2_5,37.5Hz11kN/Bearing2_5,183,0.5414201183431953,ready,4.8903584480285645,0.14944607019424438,0.8879815340042114,0.9037875533103943,D:\1\德国留学\斯图加特大学在校资料\hiwi工作\XJTU-SY_Bearing_Datasets\Data\XJTU-SY_Bearing_Datasets\37.5Hz11kN\Bearing2_5\184.csv,-1.036262035369873,-0.7029653787612915,1.2033867835998535,1.3334391117095947,-1.2684214115142822,-0.7396960854530334,0.8540111780166626,-1.2131047248840332
arm_a,37.5Hz11kN,Bearing2_5,37.5Hz11kN/Bearing2_5,184,0.5443786982248521,ready,5.0987396240234375,0.165416419506073,0.3379199504852295,0.9362168312072754,D:\1\德国留学\斯图加特大学在校资料\hiwi工作\XJTU-SY_Bearing_Datasets\Data\XJTU-SY_Bearing_Datasets\37.5Hz11kN\Bearing2_5\185.csv,-1.1902945041656494,-0.7981634140014648,1.3160701990127563,1.5064895153045654,-1.3769999742507935,-0.8547869920730591,0.9198399186134338,-1.3099994659423828
arm_a,37.5Hz11kN,Bearing2_5,37.5Hz11kN/Bearing2_5,185,0.5473372781065089,ready,5.324439525604248,0.18072162568569183,0.2593698501586914,0.9553092122077942,D:\1\德国留学\斯图加特大学在校资料\hiwi工作\XJTU-SY_Bearing_Datasets\Data\XJTU-SY_Bearing_Datasets\37.5Hz11kN\Bearing2_5\186.csv,-1.0830066204071045,-0.7292688488960266,1.2313905954360962,1.394533395767212,-1.2720448970794678,-0.795342743396759,0.8560818433761597,-1.197320818901062
arm_a,37.5Hz11kN,Bearing2_5,37.5Hz11kN/Bearing2_5,186,0.5502958579881657,ready,5.528753757476807,0.19456470012664795,0.08405640721321106,0.9633171558380127,D:\1\德国留学\斯图加特大学在校资料\hiwi工作\XJTU-SY_Bearing_Datasets\Data\XJTU-SY_Bearing_Datasets\37.5Hz11kN\Bearing2_5\187.csv,-1.0605340003967285,-0.7075350284576416,1.1938636302947998,1.3654402494430542,-1.2389233112335205,-0.7843384742736816,0.8150373101234436,-1.1668145656585693
arm_a,37.5Hz11kN,Bearing2_5,37.5Hz11kN/Bearing2_5,187,0.5532544378698225,ready,5.793969631195068,0.20801188051700592,0.44284388422966003,0.9734579920768738,D:\1\德国留学\斯图加特大学在校资料\hiwi工作\XJTU-SY_Bearing_Datasets\Data\XJTU-SY_Bearing_Datasets\37.5Hz11kN\Bearing2_5\188.csv,-0.8909081816673279,-0.572369396686554,1.0160655975341797,1.1927987337112427,-1.0565193891525269,-0.6833525896072388,0.6777032017707825,-1.0076894760131836
arm_a,37.5Hz11kN,Bearing2_5,37.5Hz11kN/Bearing2_5,188,0.5562130177514792,ready,6.040917873382568,0.2187848687171936,0.14182507991790771,0.9887629151344299,D:\1\德国留学\斯图加特大学在校资料\hiwi工作\XJTU-SY_Bearing_Datasets\Data\XJTU-SY_Bearing_Datasets\37.5Hz11kN\Bearing2_5\189.csv,-0.8338494300842285,-0.5236064195632935,0.967610776424408,1.114729642868042,-1.0189157724380493,-0.6492708921432495,0.6458940505981445,-0.9581843614578247
arm_a,37.5Hz11kN,Bearing2_5,37.5Hz11kN/Bearing2_5,189,0.5591715976331361,ready,6.288045406341553,0.22924809157848358,0.2889184057712555,1.0007961988449097,D:\1\德国留学\斯图加特大学在校资料\hiwi工作\XJTU-SY_Bearing_Datasets\Data\XJTU-SY_Bearing_Datasets\37.5Hz11kN\Bearing2_5\190.csv,-0.7050309181213379,-0.4428745210170746,0.8721643686294556,0.9970166683197021,-0.921116828918457,-0.5689378976821899,0.5731852650642395,-0.8313338756561279
arm_a,37.5Hz11kN,Bearing2_5,37.5Hz11kN/Bearing2_5,190,0.5621301775147929,ready,6.566100120544434,0.23822885751724243,0.4221954643726349,1.1291362047195435,D:\1\德国留学\斯图加特大学在校资料\hiwi工作\XJTU-SY_Bearing_Datasets\Data\XJTU-SY_Bearing_Datasets\37.5Hz11kN\Bearing2_5\191.csv,-0.5450227856636047,-0.33066633343696594,0.688744068145752,0.9103400707244873,-0.7186958193778992,-0.5539058446884155,0.43277642130851746,-0.636436402797699
arm_a,37.5Hz11kN,Bearing2_5,37.5Hz11kN/Bearing2_5,191,0.5650887573964497,ready,6.894115447998047,0.2468029409646988,0.4672645926475525,1.1261948347091675,D:\1\德国留学\斯图加特大学在校资料\hiwi工作\XJTU-SY_Bearing_Datasets\Data\XJTU-SY_Bearing_Datasets\37.5Hz11kN\Bearing2_5\192.csv,-0.3505387604236603,-0.20388975739479065,0.5215238928794861,0.6947523355484009,-0.5555773377418518,-0.43419623374938965,0.3072291612625122,-0.45395612716674805
arm_a,37.5Hz11kN,Bearing2_5,37.5Hz11kN/Bearing2_5,192,0.5680473372781065,ready,7.215898036956787,0.25594308972358704,0.5888459086418152,1.2443126440048218,D:\1\德国留学\斯图加特大学在校资料\hiwi工作\XJTU-SY_Bearing_Datasets\Data\XJTU-SY_Bearing_Datasets\37.5Hz11kN\Bearing2_5\193.csv,-0.10714007914066315,-0.03845870494842529,0.28854480385780334,0.47097429633140564,-0.3229964077472687,-0.31915614008903503,0.11257763206958771,-0.22910967469215393
arm_a,37.5Hz11kN,Bearing2_5,37.5Hz11kN/Bearing2_5,193,0.5710059171597633,ready,7.476726531982422,0.2668631672859192,0.27794352173805237,1.2634472846984863,D:\1\德国留学\斯图加特大学在校资料\hiwi工作\XJTU-SY_Bearing_Datasets\Data\XJTU-SY_Bearing_Datasets\37.5Hz11kN\Bearing2_5\194.csv,-0.0051711201667785645,0.03705349564552307,0.1827974170446396,0.3440806269645691,-0.2161746323108673,-0.2665323317050934,0.027460739016532898,-0.11756020784378052
arm_a,37.5Hz11kN,Bearing2_5,37.5Hz11kN/Bearing2_5,194,0.5739644970414202,ready,7.776135444641113,0.27665674686431885,0.06522571295499802,1.285255789756775,D:\1\德国留学\斯图加特大学在校资料\hiwi工作\XJTU-SY_Bearing_Datasets\Data\XJTU-SY_Bearing_Datasets\37.5Hz11kN\Bearing2_5\195.csv,0.0072445347905159,0.04507644474506378,0.17226967215538025,0.3150097131729126,-0.2058214545249939,-0.23711799085140228,0.002129092812538147,-0.07927389442920685
arm_a,37.5Hz11kN,Bearing2_5,37.5Hz11kN/Bearing2_5,195,0.5769230769230769,ready,8.051691055297852,0.28407400846481323,0.047723159193992615,1.3966270685195923,D:\1\德国留学\斯图加特大学在校资料\hiwi工作\XJTU-SY_Bearing_Datasets\Data\XJTU-SY_Bearing_Datasets\37.5Hz11kN\Bearing2_5\196.csv,0.029566094279289246,0.05885806679725647,0.14917975664138794,0.3178408443927765,-0.19806750118732452,-0.2669849395751953,0.005859352648258209,-0.07021397352218628
arm_a,37.5Hz11kN,Bearing2_5,37.5Hz11kN/Bearing2_5,196,0.5798816568047337,ready,8.342535018920898,0.2879188358783722,0.2349226027727127,1.4068177938461304,D:\1\德国留学\斯图加特大学在校资料\hiwi工作\XJTU-SY_Bearing_Datasets\Data\XJTU-SY_Bearing_Datasets\37.5Hz11kN\Bearing2_5\197.csv,0.11295408010482788,0.1376788467168808,0.06081846356391907,0.22080937027931213,-0.11504586040973663,-0.20537281036376953,-0.07293526828289032,0.018680870532989502
arm_a,37.5Hz11kN,Bearing2_5,37.5Hz11kN/Bearing2_5,197,0.5828402366863905,ready,8.612031936645508,0.29003819823265076,0.23215240240097046,1.3635071516036987,D:\1\德国留学\斯图加特大学在校资料\hiwi工作\XJTU-SY_Bearing_Datasets\Data\XJTU-SY_Bearing_Datasets\37.5Hz11kN\Bearing2_5\198.csv,0.2041148841381073,0.20891490578651428,-0.009600900113582611,0.09688808768987656,-0.03730640932917595,-0.1417551189661026,-0.13263456523418427,0.09955025464296341
arm_a,37.5Hz11kN,Bearing2_5,37.5Hz11kN/Bearing2_5,198,0.5857988165680473,ready,8.870833396911621,0.2885788083076477,0.03334416076540947,1.3711564540863037,D:\1\德国留学\斯图加特大学在校资料\hiwi工作\XJTU-SY_Bearing_Datasets\Data\XJTU-SY_Bearing_Datasets\37.5Hz11kN\Bearing2_5\199.csv,0.21611231565475464,0.21267981827259064,-0.024150513112545013,0.08393149077892303,-0.028942417353391647,-0.13098585605621338,-0.14077773690223694,0.11749213188886642
arm_a,37.5Hz11kN,Bearing2_5,37.5Hz11kN/Bearing2_5,199,0.5887573964497042,ready,9.097490310668945,0.2816556692123413,0.03809445723891258,1.3025641441345215,D:\1\德国留学\斯图加特大学在校资料\hiwi工作\XJTU-SY_Bearing_Datasets\Data\XJTU-SY_Bearing_Datasets\37.5Hz11kN\Bearing2_5\200.csv,0.19980591535568237,0.20455020666122437,-0.014123238623142242,0.09740408509969711,-0.033001773059368134,-0.13992714881896973,-0.12688222527503967,0.09409061074256897
arm_a,37.5Hz11kN,Bearing2_5,37.5Hz11kN/Bearing2_5,200,0.591715976331361,ready,9.312215805053711,0.2709279954433441,0.28514087200164795,1.3589297533035278,D:\1\德国留学\斯图加特大学在校资料\hiwi工作\XJTU-SY_Bearing_Datasets\Data\XJTU-SY_Bearing_Datasets\37.5Hz11kN\Bearing2_5\201.csv,0.323413223028183,0.30195894837379456,-0.0938081219792366,-0.03348870575428009,0.05571144074201584,-0.0855787843465805,-0.20861093699932098,0.21879875659942627
arm_a,37.5Hz11kN,Bearing2_5,37.5Hz11kN/Bearing2_5,201,0.5946745562130178,ready,9.474164962768555,0.257615327835083,0.07028232514858246,1.3076062202453613,D:\1\德国留学\斯图加特大学在校资料\hiwi工作\XJTU-SY_Bearing_Datasets\Data\XJTU-SY_Bearing_Datasets\37.5Hz11kN\Bearing2_5\202.csv,0.29810672998428345,0.2777455151081085,-0.07440835237503052,-0.019232317805290222,0.024815315380692482,-0.07556475698947906,-0.1836167424917221,0.180670827627182
arm_a,37.5Hz11kN,Bearing2_5,37.5Hz11kN/Bearing2_5,202,0.5976331360946746,ready,9.573018074035645,0.23987345397472382,0.09314456582069397,1.5374853610992432,D:\1\德国留学\斯图加特大学在校资料\hiwi工作\XJTU-SY_Bearing_Datasets\Data\XJTU-SY_Bearing_Datasets\37.5Hz11kN\Bearing2_5\203.csv,0.28872227668762207,0.27384814620018005,-0.05488593876361847,0.03999737650156021,0.0421655997633934,-0.13915815949440002,-0.1996094286441803,0.17159053683280945
arm_a,37.5Hz11kN,Bearing2_5,37.5Hz11kN/Bearing2_5,203,0.6005917159763313,ready,9.667049407958984,0.2160780280828476,0.2403162717819214,1.4085910320281982,D:\1\德国留学\斯图加特大学在校资料\hiwi工作\XJTU-SY_Bearing_Datasets\Data\XJTU-SY_Bearing_Datasets\37.5Hz11kN\Bearing2_5\204.csv,0.3805696964263916,0.34875115752220154,-0.12587673962116241,-0.10341678559780121,0.09059518575668335,-0.06655354052782059,-0.24479690194129944,0.2634568512439728
arm_a,37.5Hz11kN,Bearing2_5,37.5Hz11kN/Bearing2_5,204,0.6035502958579881,ready,9.770039558410645,0.19131143391132355,0.14759595692157745,1.4896605014801025,D:\1\德国留学\斯图加特大学在校资料\hiwi工作\XJTU-SY_Bearing_Datasets\Data\XJTU-SY_Bearing_Datasets\37.5Hz11kN\Bearing2_5\205.csv,0.44446754455566406,0.3990311026573181,-0.16833160817623138,-0.16475380957126617,0.15357625484466553,-0.04259783402085304,-0.2912178933620453,0.31743383407592773
arm_a,37.5Hz11kN,Bearing2_5,37.5Hz11kN/Bearing2_5,205,0.606508875739645,ready,9.861278533935547,0.16572338342666626,0.10309083759784698,1.405783772468567,D:\1\德国留学\斯图加特大学在校资料\hiwi工作\XJTU-SY_Bearing_Datasets\Data\XJTU-SY_Bearing_Datasets\37.5Hz11kN\Bearing2_5\206.csv,0.4002259075641632,0.3682084083557129,-0.13933219015598297,-0.1319323480129242,0.09762823581695557,-0.04511735588312149,-0.2650328576564789,0.2729370892047882
arm_a,37.5Hz11kN,Bearing2_5,37.5Hz11kN/Bearing2_5,206,0.6094674556213018,ready,9.9036283493042,0.13990049064159393,0.26288267970085144,1.1922084093093872,D:\1\德国留学\斯图加特大学在校资料\hiwi工作\XJTU-SY_Bearing_Datasets\Data\XJTU-SY_Bearing_Datasets\37.5Hz11kN\Bearing2_5\207.csv,0.2716551721096039,0.2660149931907654,-0.06817825138568878,-0.03564472123980522,0.012835947796702385,-0.06596685945987701,-0.17854365706443787,0.16026780009269714
arm_a,37.5Hz11kN,Bearing2_5,37.5Hz11kN/Bearing2_5,207,0.6124260355029586,ready,9.88854694366455,0.11229913681745529,0.34854111075401306,1.1621434688568115,D:\1\德国留学\斯图加特大学在校资料\hiwi工作\XJTU-SY_Bearing_Datasets\Data\XJTU-SY_Bearing_Datasets\37.5Hz11kN\Bearing2_5\208.csv,0.13735686242580414,0.1434103399515152,0.04931918531656265,0.1340954750776291,-0.10298377275466919,-0.15047693252563477,-0.09293714165687561,0.02643599361181259
arm_a,37.5Hz11kN,Bearing2_5,37.5Hz11kN/Bearing2_5,208,0.6153846153846154,ready,9.89270305633545,0.08670497685670853,0.23374253511428833,1.1063954830169678,D:\1\德国留学\斯图加特大学在校资料\hiwi工作\XJTU-SY_Bearing_Datasets\Data\XJTU-SY_Bearing_Datasets\37.5Hz11kN\Bearing2_5\209.csv,0.2235260307788849,0.2131901979446411,-0.014624200761318207,-0.004588976502418518,-0.03720506280660629,-0.07055576890707016,-0.13626427948474884,0.10660835355520248
arm_a,37.5Hz11kN,Bearing2_5,37.5Hz11kN/Bearing2_5,209,0.6183431952662722,ready,9.918859481811523,0.06526169925928116,0.18907396495342255,1.1603118181228638,D:\1\德国留学\斯图加特大学在校资料\hiwi工作\XJTU-SY_Bearing_Datasets\Data\XJTU-SY_Bearing_Datasets\37.5Hz11kN\Bearing2_5\210.csv,0.29962360858917236,0.2866891622543335,-0.07957754284143448,-0.07860302925109863,0.029210025444626808,-0.05886528268456459,-0.2059348225593567,0.18048250675201416
arm_a,37.5Hz11kN,Bearing2_5,37.5Hz11kN/Bearing2_5,210,0.621301775147929,ready,9.905474662780762,0.04744737967848778,0.1168098896741867,1.0830923318862915,D:\1\德国留学\斯图加特大学在校资料\hiwi工作\XJTU-SY_Bearing_Datasets\Data\XJTU-SY_Bearing_Datasets\37.5Hz11kN\Bearing2_5\211.csv,0.24721837043762207,0.2383926808834076,-0.0446796678006649,-0.023053180426359177,-0.0014941375702619553,-0.07639119774103165,-0.17016854882240295,0.13885420560836792
arm_a,37.5Hz11kN,Bearing2_5,37.5Hz11kN/Bearing2_5,211,0.6242603550295858,ready,9.903696060180664,0.033141639083623886,0.058791764080524445,1.1082329750061035,D:\1\德国留学\斯图加特大学在校资料\hiwi工作\XJTU-SY_Bearing_Datasets\Data\XJTU-SY_Bearing_Datasets\37.5Hz11kN\Bearing2_5\212.csv,0.2720525562763214,0.26776254177093506,-0.058795299381017685,-0.05509809032082558,0.006790783256292343,-0.06589707732200623,-0.19069117307662964,0.15114542841911316
arm_a,37.5Hz11kN,Bearing2_5,37.5Hz11kN/Bearing2_5,212,0.6272189349112426,ready,9.908356666564941,0.020473884418606758,0.025350570678710938,1.1270548105239868,D:\1\德国留学\斯图加特大学在校资料\hiwi工作\XJTU-SY_Bearing_Datasets\Data\XJTU-SY_Bearing_Datasets\37.5Hz11kN\Bearing2_5\213.csv,0.2777642011642456,0.26770418882369995,-0.07029005140066147,-0.05888517200946808,0.01844177581369877,-0.05667465180158615,-0.1918637752532959,0.16668184101581573
arm_a,37.5Hz11kN,Bearing2_5,37.5Hz11kN/Bearing2_5,213,0.6301775147928994,ready,9.872344017028809,0.00804584939032793,0.1808018982410431,1.053133249282837,D:\1\德国留学\斯图加特大学在校资料\hiwi工作\XJTU-SY_Bearing_Datasets\Data\XJTU-SY_Bearing_Datasets\37.5Hz11kN\Bearing2_5\214.csv,0.20333951711654663,0.19496391713619232,-0.017016343772411346,0.029160939157009125,-0.03369759023189545,-0.09441114962100983,-0.1467231810092926,0.09534665942192078
arm_a,37.5Hz11kN,Bearing2_5,37.5Hz11kN/Bearing2_5,214,0.6331360946745562,ready,9.847286224365234,-0.0013713836669921875,0.2611249089241028,1.2666361331939697,D:\1\德国留学\斯图加特大学在校资料\hiwi工作\XJTU-SY_Bearing_Datasets\Data\XJTU-SY_Bearing_Datasets\37.5Hz11kN\Bearing2_5\215.csv,0.32110434770584106,0.29972344636917114,-0.08851419389247894,-0.08110719919204712,0.0480969101190567,-0.05675914138555527,-0.2204635888338089,0.20726819336414337
arm_a,37.5Hz11kN,Bearing2_5,37.5Hz11kN/Bearing2_5,215,0.636094674556213,ready,9.830875396728516,-0.0065374779514968395,0.013397691771388054,1.2646050453186035,D:\1\德国留学\斯图加特大学在校资料\hiwi工作\XJTU-SY_Bearing_Datasets\Data\XJTU-SY_Bearing_Datasets\37.5Hz11kN\Bearing2_5\216.csv,0.31470733880996704,0.29729557037353516,-0.08664125204086304,-0.0775010734796524,0.04512140154838562,-0.059378452599048615,-0.21710790693759918,0.1978238970041275
arm_a,37.5Hz11kN,Bearing2_5,37.5Hz11kN/Bearing2_5,216,0.6390532544378699,ready,9.839065551757812,-0.008064992725849152,0.014467017725110054,1.239608645439148,D:\1\德国留学\斯图加特大学在校资料\hiwi工作\XJTU-SY_Bearing_Datasets\Data\XJTU-SY_Bearing_Datasets\37.5Hz11kN\Bearing2_5\217.csv,0.305615097284317,0.29168015718460083,-0.08766476809978485,-0.07616721093654633,0.0412939116358757,-0.056054722517728806,-0.20897960662841797,0.19711682200431824
arm_a,37.5Hz11kN,Bearing2_5,37.5Hz11kN/Bearing2_5,217,0.6420118343195266,ready,9.880433082580566,-0.007558944169431925,0.021714048460125923,1.2061039209365845,D:\1\德国留学\斯图加特大学在校资料\hiwi工作\XJTU-SY_Bearing_Datasets\Data\XJTU-SY_Bearing_Datasets\37.5Hz11kN\Bearing2_5\218.csv,0.29931628704071045,0.2898089289665222,-0.08343534916639328,-0.06704163551330566,0.049047425389289856,-0.06394267827272415,-0.2049282193183899,0.18339061737060547
arm_a,37.5Hz11kN,Bearing2_5,37.5Hz11kN/Bearing2_5,218,0.6449704142011834,ready,9.902013778686523,-0.005500342696905136,0.030321989208459854,1.2407890558242798,D:\1\德国留学\斯图加特大学在校资料\hiwi工作\XJTU-SY_Bearing_Datasets\Data\XJTU-SY_Bearing_Datasets\37.5Hz11kN\Bearing2_5\219.csv,0.31178706884384155,0.2856265902519226,-0.0928938165307045,-0.08439832925796509,0.054569512605667114,-0.05787321925163269,-0.2169659584760666,0.19536785781383514
arm_a,37.5Hz11kN,Bearing2_5,37.5Hz11kN/Bearing2_5,219,0.6479289940828402,ready,9.906156539916992,-0.0015848679468035698,0.024754183366894722,1.2361249923706055,D:\1\德国留学\斯图加特大学在校资料\hiwi工作\XJTU-SY_Bearing_Datasets\Data\XJTU-SY_Bearing_Datasets\37.5Hz11kN\Bearing2_5\220.csv,0.3137933611869812,0.3026198744773865,-0.08887653052806854,-0.08451467752456665,0.06221785396337509,-0.056293971836566925,-0.20941832661628723,0.20900100469589233
arm_a,37.5Hz11kN,Bearing2_5,37.5Hz11kN/Bearing2_5,220,0.650887573964497,ready,9.919889450073242,0.00234132818877697,0.02220151387155056,1.2576968669891357,D:\1\德国留学\斯图加特大学在校资料\hiwi工作\XJTU-SY_Bearing_Datasets\Data\XJTU-SY_Bearing_Datasets\37.5Hz11kN\Bearing2_5\221.csv,0.3116607069969177,0.2976198196411133,-0.08155033737421036,-0.07983551174402237,0.046811580657958984,-0.05399037152528763,-0.2053825706243515,0.19765007495880127
arm_a,37.5Hz11kN,Bearing2_5,37.5Hz11kN/Bearing2_5,221,0.6538461538461539,ready,9.924160957336426,0.006207217462360859,0.04202500730752945,1.218963623046875,D:\1\德国留学\斯图加特大学在校资料\hiwi工作\XJTU-SY_Bearing_Datasets\Data\XJTU-SY_Bearing_Datasets\37.5Hz11kN\Bearing2_5\222.csv,0.2916824519634247,0.28378233313560486,-0.07047689706087112,-0.059222638607025146,0.036028750240802765,-0.06446481496095657,-0.19632311165332794,0.17976361513137817
arm_a,37.5Hz11kN,Bearing2_5,37.5Hz11kN/Bearing2_5,222,0.6568047337278107,ready,9.930788040161133,0.010497231967747211,0.046862393617630005,1.2360345125198364,D:\1\德国留学\斯图加特大学在校资料\hiwi工作\XJTU-SY_Bearing_Datasets\Data\XJTU-SY_Bearing_Datasets\37.5Hz11kN\Bearing2_5\223.csv,0.3050600588321686,0.28665342926979065,-0.09235112369060516,-0.07683107256889343,0.05266757309436798,-0.05606096610426903,-0.2131335288286209,0.20405921339988708
arm_a,37.5Hz11kN,Bearing2_5,37.5Hz11kN/Bearing2_5,223,0.6597633136094675,ready,9.95074462890625,0.013203049078583717,0.04783439636230469,1.2328171730041504,D:\1\德国留学\斯图加特大学在校资料\hiwi工作\XJTU-SY_Bearing_Datasets\Data\XJTU-SY_Bearing_Datasets\37.5Hz11kN\Bearing2_5\224.csv,0.28894171118736267,0.28429967164993286,-0.07800731062889099,-0.048478614538908005,0.043358489871025085,-0.0704469233751297,-0.20161394774913788,0.17983390390872955
arm_a,37.5Hz11kN,Bearing2_5,37.5Hz11kN/Bearing2_5,224,0.6627218934911243,ready,9.945759773254395,0.01301613450050354,0.02147405967116356,1.2303156852722168,D:\1\德国留学\斯图加特大学在校资料\hiwi工作\XJTU-SY_Bearing_Datasets\Data\XJTU-SY_Bearing_Datasets\37.5Hz11kN\Bearing2_5\225.csv,0.28991544246673584,0.274402916431427,-0.07714550197124481,-0.06311441212892532,0.0367514006793499,-0.06416995823383331,-0.2060231864452362,0.18652693927288055
arm_a,37.5Hz11kN,Bearing2_5,37.5Hz11kN/Bearing2_5,225,0.665680473372781,ready,9.938956260681152,0.01017044484615326,0.038872383534908295,1.2606875896453857,D:\1\德国留学\斯图加特大学在校资料\hiwi工作\XJTU-SY_Bearing_Datasets\Data\XJTU-SY_Bearing_Datasets\37.5Hz11kN\Bearing2_5\226.csv,0.27522191405296326,0.28547751903533936,-0.06575243920087814,-0.04281636327505112,0.03273428976535797,-0.0700361579656601,-0.1946329027414322,0.16530396044254303
arm_a,37.5Hz11kN,Bearing2_5,37.5Hz11kN/Bearing2_5,226,0.6686390532544378,ready,9.93122673034668,0.006139084696769714,0.024399366229772568,1.2368559837341309,D:\1\德国留学\斯图加特大学在校资料\hiwi工作\XJTU-SY_Bearing_Datasets\Data\XJTU-SY_Bearing_Datasets\37.5Hz11kN\Bearing2_5\227.csv,0.26720109581947327,0.26658836007118225,-0.05840347334742546,-0.04257575049996376,0.024669721722602844,-0.07283991575241089,-0.18810626864433289,0.1631511002779007
arm_a,37.5Hz11kN,Bearing2_5,37.5Hz11kN/Bearing2_5,227,0.6715976331360947,ready,9.921499252319336,0.0032178647816181183,0.03695611655712128,1.1839203834533691,D:\1\德国留学\斯图加特大学在校资料\hiwi工作\XJTU-SY_Bearing_Datasets\Data\XJTU-SY_Bearing_Datasets\37.5Hz11kN\Bearing2_5\228.csv,0.2549628019332886,0.24996516108512878,-0.050825390964746475,-0.02794845774769783,0.0066595422104001045,-0.06989669799804688,-0.17646193504333496,0.14902158081531525
arm_a,37.5Hz11kN,Bearing2_5,37.5Hz11kN/Bearing2_5,228,0.6745562130177515,ready,9.911637306213379,0.0006996617303229868,0.033686719834804535,1.3122482299804688,D:\1\德国留学\斯图加特大学在校资料\hiwi工作\XJTU-SY_Bearing_Datasets\Data\XJTU-SY_Bearing_Datasets\37.5Hz11kN\Bearing2_5\229.csv,0.271508127450943,0.2546185851097107,-0.058449823409318924,-0.027597811073064804,0.02639620751142502,-0.07317732274532318,-0.19522371888160706,0.15439140796661377
arm_a,37.5Hz11kN,Bearing2_5,37.5Hz11kN/Bearing2_5,229,0.6775147928994083,ready,9.915664672851562,-0.0014393315650522709,0.15267084538936615,1.3015367984771729,D:\1\德国留学\斯图加特大学在校资料\hiwi工作\XJTU-SY_Bearing_Datasets\Data\XJTU-SY_Bearing_Datasets\37.5Hz11kN\Bearing2_5\230.csv,0.3388270139694214,0.3160181939601898,-0.10601836442947388,-0.0937599167227745,0.07012318074703217,-0.0488973930478096,-0.22973664104938507,0.22275623679161072
arm_a,37.5Hz11kN,Bearing2_5,37.5Hz11kN/Bearing2_5,230,0.6804733727810651,ready,9.91334056854248,-0.0029048167634755373,0.08377853780984879,1.2462338209152222,D:\1\德国留学\斯图加特大学在校资料\hiwi工作\XJTU-SY_Bearing_Datasets\Data\XJTU-SY_Bearing_Datasets\37.5Hz11kN\Bearing2_5\231.csv,0.2953021824359894,0.2891460061073303,-0.08721384406089783,-0.054436713457107544,0.04251621291041374,-0.06340180337429047,-0.20745471119880676,0.1906099021434784
arm_a,37.5Hz11kN,Bearing2_5,37.5Hz11kN/Bearing2_5,231,0.6834319526627219,ready,9.918067932128906,-0.003748298389837146,0.033479176461696625,1.2940549850463867,D:\1\德国留学\斯图加特大学在校资料\hiwi工作\XJTU-SY_Bearing_Datasets\Data\XJTU-SY_Bearing_Datasets\37.5Hz11kN\Bearing2_5\232.csv,0.3110755980014801,0.2980055510997772,-0.09104468673467636,-0.07453996688127518,0.04694768786430359,-0.055333349853754044,-0.21033775806427002,0.20739373564720154
arm_a,37.5Hz11kN,Bearing2_5,37.5Hz11kN/Bearing2_5,232,0.6863905325443787,ready,9.91406536102295,-0.004294441547244787,0.045230016112327576,1.3007946014404297,D:\1\德国留学\斯图加特大学在校资料\hiwi工作\XJTU-SY_Bearing_Datasets\Data\XJTU-SY_Bearing_Datasets\37.5Hz11kN\Bearing2_5\233.csv,0.298830509185791,0.2866573631763458,-0.07481641322374344,-0.05035029351711273,0.037968605756759644,-0.06867184489965439,-0.20377862453460693,0.18255481123924255
arm_a,37.5Hz11kN,Bearing2_5,37.5Hz11kN/Bearing2_5,233,0.6893491124260355,ready,9.908709526062012,-0.003599582938477397,0.06075812503695488,1.2782375812530518,D:\1\德国留学\斯图加特大学在校资料\hiwi工作\XJTU-SY_Bearing_Datasets\Data\XJTU-SY_Bearing_Datasets\37.5Hz11kN\Bearing2_5\234.csv,0.2721368670463562,0.25939422845840454,-0.05941934883594513,-0.03400952368974686,0.008495696820318699,-0.08177895843982697,-0.1937030851840973,0.15827178955078125
arm_a,37.5Hz11kN,Bearing2_5,37.5Hz11kN/Bearing2_5,234,0.6923076923076923,ready,9.892854690551758,-0.003592340974137187,0.10507041960954666,1.2617254257202148,D:\1\德国留学\斯图加特大学在校资料\hiwi工作\XJTU-SY_Bearing_Datasets\Data\XJTU-SY_Bearing_Datasets\37.5Hz11kN\Bearing2_5\235.csv,0.22748570144176483,0.23916083574295044,-0.037293024361133575,0.033331871032714844,-0.014977753162384033,-0.10850094258785248,-0.16975468397140503,0.11615712195634842
arm_a,37.5Hz11kN,Bearing2_5,37.5Hz11kN/Bearing2_5,235,0.6952662721893491,ready,9.891921043395996,-0.003448318690061569,0.12184469401836395,1.3263360261917114,D:\1\德国留学\斯图加特大学在校资料\hiwi工作\XJTU-SY_Bearing_Datasets\Data\XJTU-SY_Bearing_Datasets\37.5Hz11kN\Bearing2_5\236.csv,0.2853951156139374,0.2729310691356659,-0.06410830467939377,-0.019937917590141296,0.024289142340421677,-0.08329953253269196,-0.20940935611724854,0.1713474988937378
arm_a,37.5Hz11kN,Bearing2_5,37.5Hz11kN/Bearing2_5,236,0.6982248520710059,ready,9.86925983428955,-0.004485540557652712,0.24054424464702606,1.3205342292785645,D:\1\德国留学\斯图加特大学在校资料\hiwi工作\XJTU-SY_Bearing_Datasets\Data\XJTU-SY_Bearing_Datasets\37.5Hz11kN\Bearing2_5\237.csv,0.18358367681503296,0.1981440782546997,-0.005107708275318146,0.11184486746788025,-0.05043073371052742,-0.13225692510604858,-0.1371699720621109,0.08270954340696335
arm_a,37.5Hz11kN,Bearing2_5,37.5Hz11kN/Bearing2_5,237,0.7011834319526628,ready,9.89698600769043,-0.003907810430973768,0.4783817231655121,1.6116639375686646,D:\1\德国留学\斯图加特大学在校资料\hiwi工作\XJTU-SY_Bearing_Datasets\Data\XJTU-SY_Bearing_Datasets\37.5Hz11kN\Bearing2_5\238.csv,0.4189121425151825,0.351122111082077,-0.1378554403781891,-0.10523518174886703,0.12311460822820663,-0.07111170142889023,-0.263538658618927,0.27111294865608215
arm_a,37.5Hz11kN,Bearing2_5,37.5Hz11kN/Bearing2_5,238,0.7041420118343196,ready,9.93708610534668,-0.0015031351940706372,0.15442875027656555,1.775801181793213,D:\1\德国留学\斯图加特大学在校资料\hiwi工作\XJTU-SY_Bearing_Datasets\Data\XJTU-SY_Bearing_Datasets\37.5Hz11kN\Bearing2_5\239.csv,0.47352150082588196,0.41688019037246704,-0.18319211900234222,-0.17576295137405396,0.15372326970100403,-0.04829643294215202,-0.31661558151245117,0.34348535537719727
arm_a,37.5Hz11kN,Bearing2_5,37.5Hz11kN/Bearing2_5,239,0.7071005917159763,ready,9.964079856872559,0.0023339474573731422,0.020335540175437927,1.7926785945892334,D:\1\德国留学\斯图加特大学在校资料\hiwi工作\XJTU-SY_Bearing_Datasets\Data\XJTU-SY_Bearing_Datasets\37.5Hz11kN\Bearing2_5\240.csv,0.48543059825897217,0.42547786235809326,-0.19268010556697845,-0.17991943657398224,0.1610935479402542,-0.048301827162504196,-0.3199656009674072,0.3484799265861511
arm_a,37.5Hz11kN,Bearing2_5,37.5Hz11kN/Bearing2_5,240,0.7100591715976331,ready,9.998454093933105,0.0073041971772909164,0.009711381047964096,1.7854723930358887,D:\1\德国留学\斯图加特大学在校资料\hiwi工作\XJTU-SY_Bearing_Datasets\Data\XJTU-SY_Bearing_Datasets\37.5Hz11kN\Bearing2_5\241.csv,0.4830390214920044,0.4229629635810852,-0.1900557577610016,-0.17658214271068573,0.15487396717071533,-0.046378470957279205,-0.31537124514579773,0.3476131856441498
arm_a,37.5Hz11kN,Bearing2_5,37.5Hz11kN/Bearing2_5,241,0.7130177514792899,ready,10.026399612426758,0.013082226738333702,0.038544829934835434,1.743259072303772,D:\1\德国留学\斯图加特大学在校资料\hiwi工作\XJTU-SY_Bearing_Datasets\Data\XJTU-SY_Bearing_Datasets\37.5Hz11kN\Bearing2_5\242.csv,0.4628482162952423,0.40253162384033203,-0.17963387072086334,-0.16541467607021332,0.14729715883731842,-0.04571142420172691,-0.3062078058719635,0.3307180404663086
arm_a,37.5Hz11kN,Bearing2_5,37.5Hz11kN/Bearing2_5,242,0.7159763313609467,ready,10.057659149169922,0.01898537203669548,0.011983167380094528,1.702961802482605,D:\1\德国留学\斯图加特大学在校资料\hiwi工作\XJTU-SY_Bearing_Datasets\Data\XJTU-SY_Bearing_Datasets\37.5Hz11kN\Bearing2_5\243.csv,0.459242582321167,0.40046316385269165,-0.1748262494802475,-0.16119657456874847,0.14822207391262054,-0.04769422858953476,-0.29771164059638977,0.32781291007995605
arm_a,37.5Hz11kN,Bearing2_5,37.5Hz11kN/Bearing2_5,243,0.7189349112426036,ready,10.097249031066895,0.024950379505753517,0.027431262657046318,1.7384968996047974,D:\1\德国留学\斯图加特大学在校资料\hiwi工作\XJTU-SY_Bearing_Datasets\Data\XJTU-SY_Bearing_Datasets\37.5Hz11kN\Bearing2_5\244.csv,0.4701586365699768,0.4013749361038208,-0.18585489690303802,-0.17440477013587952,0.152774840593338,-0.03859762102365494,-0.3081706762313843,0.3389272093772888
arm_a,37.5Hz11kN,Bearing2_5,37.5Hz11kN/Bearing2_5,244,0.7218934911242604,ready,10.148911476135254,0.030391022562980652,0.026914061978459358,1.7738374471664429,D:\1\德国留学\斯图加特大学在校资料\hiwi工作\XJTU-SY_Bearing_Datasets\Data\XJTU-SY_Bearing_Datasets\37.5Hz11kN\Bearing2_5\245.csv,0.4822085499763489,0.4197983741760254,-0.19008195400238037,-0.1845221221446991,0.15375518798828125,-0.03516774624586105,-0.31673920154571533,0.3447038531303406
arm_a,37.5Hz11kN,Bearing2_5,37.5Hz11kN/Bearing2_5,245,0.7248520710059172,ready,10.189859390258789,0.03489922732114792,0.016931936144828796,1.7825896739959717,D:\1\德国留学\斯图加特大学在校资料\hiwi工作\XJTU-SY_Bearing_Datasets\Data\XJTU-SY_Bearing_Datasets\37.5Hz11kN\Bearing2_5\246.csv,0.48969730734825134,0.4271639585494995,-0.1934257298707962,-0.18278738856315613,0.15874020755290985,-0.039411745965480804,-0.32343119382858276,0.35333648324012756
arm_a,37.5Hz11kN,Bearing2_5,37.5Hz11kN/Bearing2_5,246,0.727810650887574,ready,10.256452560424805,0.03791766241192818,0.022217169404029846,1.8343234062194824,D:\1\德国留学\斯图加特大学在校资料\hiwi工作\XJTU-SY_Bearing_Datasets\Data\XJTU-SY_Bearing_Datasets\37.5Hz11kN\Bearing2_5\247.csv,0.5003430843353271,0.4323640763759613,-0.19759367406368256,-0.1914229840040207,0.1682383269071579,-0.03731101378798485,-0.33379703760147095,0.3610309958457947
arm_a,37.5Hz11kN,Bearing2_5,37.5Hz11kN/Bearing2_5,247,0.7307692307692307,ready,10.276398658752441,0.0391792356967926,0.00859474204480648,1.8392548561096191,D:\1\德国留学\斯图加特大学在校资料\hiwi工作\XJTU-SY_Bearing_Datasets\Data\XJTU-SY_Bearing_Datasets\37.5Hz11kN\Bearing2_5\248.csv,0.5001662969589233,0.43462109565734863,-0.2016422599554062,-0.1959792673587799,0.16633257269859314,-0.0420183390378952,-0.33531221747398376,0.3629036545753479
arm_a,37.5Hz11kN,Bearing2_5,37.5Hz11kN/Bearing2_5,248,0.7337278106508875,ready,10.280862808227539,0.03875870630145073,0.010480806231498718,1.8514697551727295,D:\1\德国留学\斯图加特大学在校资料\hiwi工作\XJTU-SY_Bearing_Datasets\Data\XJTU-SY_Bearing_Datasets\37.5Hz11kN\Bearing2_5\249.csv,0.49914491176605225,0.4364241361618042,-0.198572039604187,-0.19093051552772522,0.16765591502189636,-0.04347146302461624,-0.3358250856399536,0.3547482192516327
arm_a,37.5Hz11kN,Bearing2_5,37.5Hz11kN/Bearing2_5,249,0.7366863905325444,ready,10.28276538848877,0.03607454523444176,0.014469350688159466,1.8343980312347412,D:\1\德国留学\斯图加特大学在校资料\hiwi工作\XJTU-SY_Bearing_Datasets\Data\XJTU-SY_Bearing_Datasets\37.5Hz11kN\Bearing2_5\250.csv,0.497472882270813,0.430108904838562,-0.19864095747470856,-0.18294017016887665,0.16408279538154602,-0.04610389843583107,-0.3292701244354248,0.3610861599445343
arm_a,37.5Hz11kN,Bearing2_5,37.5Hz11kN/Bearing2_5,250,0.7396449704142012,ready,10.28620719909668,0.0320068821310997,0.011502568610012531,1.8492374420166016,D:\1\德国留学\斯图加特大学在校资料\hiwi工作\XJTU-SY_Bearing_Datasets\Data\XJTU-SY_Bearing_Datasets\37.5Hz11kN\Bearing2_5\251.csv,0.5003874897956848,0.4322248697280884,-0.20007963478565216,-0.1917760670185089,0.16922527551651,-0.04475069418549538,-0.33090221881866455,0.3582131862640381
arm_a,37.5Hz11kN,Bearing2_5,37.5Hz11kN/Bearing2_5,251,0.742603550295858,ready,10.293447494506836,0.026709262281656265,0.015005219727754593,1.83577561378479,D:\1\德国留学\斯图加特大学在校资料\hiwi工作\XJTU-SY_Bearing_Datasets\Data\XJTU-SY_Bearing_Datasets\37.5Hz11kN\Bearing2_5\252.csv,0.506527841091156,0.4300331175327301,-0.195170059800148,-0.18577037751674652,0.17203912138938904,-0.0456659160554409,-0.3345184028148651,0.36824536323547363
arm_a,37.5Hz11kN,Bearing2_5,37.5Hz11kN/Bearing2_5,252,0.7455621301775148,ready,10.298683166503906,0.020544249564409256,0.033808235079050064,1.8804255723953247,D:\1\德国留学\斯图加特大学在校资料\hiwi工作\XJTU-SY_Bearing_Datasets\Data\XJTU-SY_Bearing_Datasets\37.5Hz11kN\Bearing2_5\253.csv,0.49118420481681824,0.4241035580635071,-0.18192197382450104,-0.17695479094982147,0.16998440027236938,-0.04604734852910042,-0.32331880927085876,0.3461233079433441
arm_a,37.5Hz11kN,Bearing2_5,37.5Hz11kN/Bearing2_5,253,0.7485207100591716,ready,10.302087783813477,0.014282763935625553,0.0099937217310071,1.8853691816329956,D:\1\德国留学\斯图加特大学在校资料\hiwi工作\XJTU-SY_Bearing_Datasets\Data\XJTU-SY_Bearing_Datasets\37.5Hz11kN\Bearing2_5\254.csv,0.49144789576530457,0.42738649249076843,-0.18561874330043793,-0.18466368317604065,0.1688283085823059,-0.04434328153729439,-0.32617825269699097,0.3479987680912018
arm_a,37.5Hz11kN,Bearing2_5,37.5Hz11kN/Bearing2_5,254,0.7514792899408284,ready,10.303808212280273,0.009076390415430069,0.011879043653607368,1.9126334190368652,D:\1\德国留学\斯图加特大学在校资料\hiwi工作\XJTU-SY_Bearing_Datasets\Data\XJTU-SY_Bearing_Datasets\37.5Hz11kN\Bearing2_5\255.csv,0.4957275390625,0.4262937307357788,-0.18758267164230347,-0.18593119084835052,0.16735687851905823,-0.049866750836372375,-0.32891297340393066,0.35671576857566833
arm_a,37.5Hz11kN,Bearing2_5,37.5Hz11kN/Bearing2_5,255,0.7544378698224852,ready,10.304316520690918,0.00475006690248847,0.010341126471757889,1.910740613937378,D:\1\德国留学\斯图加特大学在校资料\hiwi工作\XJTU-SY_Bearing_Datasets\Data\XJTU-SY_Bearing_Datasets\37.5Hz11kN\Bearing2_5\256.csv,0.4953926205635071,0.42023733258247375,-0.18845799565315247,-0.19251170754432678,0.16996020078659058,-0.05040641129016876,-0.3257702887058258,0.35369378328323364
arm_a,37.5Hz11kN,Bearing2_5,37.5Hz11kN/Bearing2_5,256,0.757396449704142,ready,10.30086898803711,0.0032878818456083536,0.024624304845929146,1.8795228004455566,D:\1\德国留学\斯图加特大学在校资料\hiwi工作\XJTU-SY_Bearing_Datasets\Data\XJTU-SY_Bearing_Datasets\37.5Hz11kN\Bearing2_5\257.csv,0.4851723313331604,0.4061742126941681,-0.18242037296295166,-0.1823306530714035,0.16862326860427856,-0.04243255406618118,-0.32016897201538086,0.3454913794994354
arm_a,37.5Hz11kN,Bearing2_5,37.5Hz11kN/Bearing2_5,257,0.7603550295857988,ready,10.297348976135254,0.002425055019557476,0.031115742400288582,1.9996511936187744,D:\1\德国留学\斯图加特大学在校资料\hiwi工作\XJTU-SY_Bearing_Datasets\Data\XJTU-SY_Bearing_Datasets\37.5Hz11kN\Bearing2_5\258.csv,0.49322691559791565,0.4291534423828125,-0.1745155304670334,-0.18057353794574738,0.16442149877548218,-0.05909239128232002,-0.32304370403289795,0.3479863703250885
arm_a,37.5Hz11kN,Bearing2_5,37.5Hz11kN/Bearing2_5,258,0.7633136094674556,ready,10.296236991882324,0.0015452413354068995,0.02034895122051239,1.9995695352554321,D:\1\德国留学\斯图加特大学在校资料\hiwi工作\XJTU-SY_Bearing_Datasets\Data\XJTU-SY_Bearing_Datasets\37.5Hz11kN\Bearing2_5\259.csv,0.498656690120697,0.4350745677947998,-0.18333804607391357,-0.18743464350700378,0.1669968068599701,-0.060689061880111694,-0.33240705728530884,0.3592900037765503
arm_a,37.5Hz11kN,Bearing2_5,37.5Hz11kN/Bearing2_5,259,0.7662721893491125,ready,10.296554565429688,0.0006232348387129605,0.014311114326119423,2.030750274658203,D:\1\德国留学\斯图加特大学在校资料\hiwi工作\XJTU-SY_Bearing_Datasets\Data\XJTU-SY_Bearing_Datasets\37.5Hz11kN\Bearing2_5\260.csv,0.5055971741676331,0.4358208179473877,-0.18517859280109406,-0.18413189053535461,0.17138142883777618,-0.05039935186505318,-0.33639389276504517,0.358402818441391
arm_a,37.5Hz11kN,Bearing2_5,37.5Hz11kN/Bearing2_5,260,0.7692307692307693,ready,10.297273635864258,-0.00019723718287423253,0.02044229581952095,2.0952486991882324,D:\1\德国留学\斯图加特大学在校资料\hiwi工作\XJTU-SY_Bearing_Datasets\Data\XJTU-SY_Bearing_Datasets\37.5Hz11kN\Bearing2_5\261.csv,0.5110160112380981,0.44767650961875916,-0.18363216519355774,-0.19559530913829803,0.1720850169658661,-0.05736088007688522,-0.33596205711364746,0.36646634340286255
arm_a,37.5Hz11kN,Bearing2_5,37.5Hz11kN/Bearing2_5,261,0.772189349112426,ready,10.29897403717041,-0.0005764123052358627,0.015527189709246159,2.1392338275909424,D:\1\德国留学\斯图加特大学在校资料\hiwi工作\XJTU-SY_Bearing_Datasets\Data\XJTU-SY_Bearing_Datasets\37.5Hz11kN\Bearing2_5\262.csv,0.5161023139953613,0.45577192306518555,-0.1881440430879593,-0.19762755930423737,0.1792522668838501,-0.06029064208269119,-0.3409835398197174,0.37279343605041504
arm_a,37.5Hz11kN,Bearing2_5,37.5Hz11kN/Bearing2_5,262,0.7751479289940828,ready,10.304975509643555,-0.00034617798519320786,0.01902647316455841,2.2290971279144287,D:\1\德国留学\斯图加特大学在校资料\hiwi工作\XJTU-SY_Bearing_Datasets\Data\XJTU-SY_Bearing_Datasets\37.5Hz11kN\Bearing2_5\263.csv,0.528165340423584,0.4637888967990875,-0.19019049406051636,-0.19725798070430756,0.1847144365310669,-0.06139390915632248,-0.35164380073547363,0.37458229064941406
arm_a,37.5Hz11kN,Bearing2_5,37.5Hz11kN/Bearing2_5,263,0.7781065088757396,ready,10.311738014221191,0.0004036238824483007,0.01774929277598858,2.2092034816741943,D:\1\德国留学\斯图加特大学在校资料\hiwi工作\XJTU-SY_Bearing_Datasets\Data\XJTU-SY_Bearing_Datasets\37.5Hz11kN\Bearing2_5\264.csv,0.5315549373626709,0.4619830548763275,-0.19956189393997192,-0.20653337240219116,0.18729272484779358,-0.0582297146320343,-0.3553381860256195,0.38438650965690613
arm_a,37.5Hz11kN,Bearing2_5,37.5Hz11kN/Bearing2_5,264,0.7810650887573964,ready,10.31762409210205,0.0014722072519361973,0.006335982587188482,2.1687331199645996,D:\1\德国留学\斯图加特大学在校资料\hiwi工作\XJTU-SY_Bearing_Datasets\Data\XJTU-SY_Bearing_Datasets\37.5Hz11kN\Bearing2_5\265.csv,0.5288537740707397,0.46438661217689514,-0.20023590326309204,-0.2029198706150055,0.1860124170780182,-0.057661473751068115,-0.3527582883834839,0.38216352462768555
arm_a,37.5Hz11kN,Bearing2_5,37.5Hz11kN/Bearing2_5,265,0.7840236686390533,ready,10.325637817382812,0.0028443250339478254,0.04738745093345642,2.475907802581787,D:\1\德国留学\斯图加特大学在校资料\hiwi工作\XJTU-SY_Bearing_Datasets\Data\XJTU-SY_Bearing_Datasets\37.5Hz11kN\Bearing2_5\266.csv,0.5658485889434814,0.4759107530117035,-0.20070844888687134,-0.19915109872817993,0.1864040493965149,-0.07784523069858551,-0.36095455288887024,0.39813241362571716
arm_a,37.5Hz11kN,Bearing2_5,37.5Hz11kN/Bearing2_5,266,0.7869822485207101,ready,10.340261459350586,0.004525820259004831,0.0524955689907074,2.4312636852264404,D:\1\德国留学\斯图加特大学在校资料\hiwi工作\XJTU-SY_Bearing_Datasets\Data\XJTU-SY_Bearing_Datasets\37.5Hz11kN\Bearing2_5\267.csv,0.5719894170761108,0.497550368309021,-0.21018372476100922,-0.22914369404315948,0.20124593377113342,-0.06808317452669144,-0.38482147455215454,0.4175039529800415
arm_a,37.5Hz11kN,Bearing2_5,37.5Hz11kN/Bearing2_5,267,0.7899408284023669,ready,10.352834701538086,0.0061809769831597805,0.01996287703514099,2.385377883911133,D:\1\德国留学\斯图加特大学在校资料\hiwi工作\XJTU-SY_Bearing_Datasets\Data\XJTU-SY_Bearing_Datasets\37.5Hz11kN\Bearing2_5\268.csv,0.5660263895988464,0.48658323287963867,-0.20433658361434937,-0.21881859004497528,0.19683042168617249,-0.06596318632364273,-0.38088127970695496,0.4096066355705261
arm_a,37.5Hz11kN,Bearing2_5,37.5Hz11kN/Bearing2_5,268,0.7928994082840237,ready,10.365036964416504,0.007755025289952755,0.018740162253379822,2.4744670391082764,D:\1\德国留学\斯图加特大学在校资料\hiwi工作\XJTU-SY_Bearing_Datasets\Data\XJTU-SY_Bearing_Datasets\37.5Hz11kN\Bearing2_5\269.csv,0.5727084279060364,0.4894302487373352,-0.21056614816188812,-0.22985868155956268,0.19501642882823944,-0.06999347358942032,-0.38836920261383057,0.41748982667922974
arm_a,37.5Hz11kN,Bearing2_5,37.5Hz11kN/Bearing2_5,269,0.7958579881656804,ready,10.37632942199707,0.009132257662713528,0.010938365943729877,2.4023635387420654,D:\1\德国留学\斯图加特大学在校资料\hiwi工作\XJTU-SY_Bearing_Datasets\Data\XJTU-SY_Bearing_Datasets\37.5Hz11kN\Bearing2_5\270.csv,0.5718826055526733,0.4897701144218445,-0.20999647676944733,-0.22515302896499634,0.20112693309783936,-0.06646975129842758,-0.3817712962627411,0.41573044657707214
arm_a,37.5Hz11kN,Bearing2_5,37.5Hz11kN/Bearing2_5,270,0.7988165680473372,ready,10.386167526245117,0.010127085261046886,0.008269133977591991,2.426522970199585,D:\1\德国留学\斯图加特大学在校资料\hiwi工作\XJTU-SY_Bearing_Datasets\Data\XJTU-SY_Bearing_Datasets\37.5Hz11kN\Bearing2_5\271.csv,0.5729718804359436,0.48924583196640015,-0.2110905647277832,-0.22318647801876068,0.19658292829990387,-0.06253190338611603,-0.38217371702194214,0.41067710518836975
arm_a,37.5Hz11kN,Bearing2_5,37.5Hz11kN/Bearing2_5,271,0.8017751479289941,ready,10.394134521484375,0.010592333041131496,0.009430092759430408,2.409940242767334,D:\1\德国留学\斯图加特大学在校资料\hiwi工作\XJTU-SY_Bearing_Datasets\Data\XJTU-SY_Bearing_Datasets\37.5Hz11kN\Bearing2_5\272.csv,0.5680124759674072,0.48922064900398254,-0.20693369209766388,-0.22141143679618835,0.19672906398773193,-0.06256478279829025,-0.37571007013320923,0.412125825881958
arm_a,37.5Hz11kN,Bearing2_5,37.5Hz11kN/Bearing2_5,272,0.8047337278106509,ready,10.401331901550293,0.010696804150938988,0.008151240646839142,2.4402666091918945,D:\1\德国留学\斯图加特大学在校资料\hiwi工作\XJTU-SY_Bearing_Datasets\Data\XJTU-SY_Bearing_Datasets\37.5Hz11kN\Bearing2_5\273.csv,0.5734559893608093,0.4884137213230133,-0.20701108872890472,-0.22508761286735535,0.19970005750656128,-0.0641445517539978,-0.3786294758319855,0.41379737854003906
arm_a,37.5Hz11kN,Bearing2_5,37.5Hz11kN/Bearing2_5,273,0.8076923076923077,ready,10.408127784729004,0.010454836301505566,0.014176426455378532,2.4952645301818848,D:\1\德国留学\斯图加特大学在校资料\hiwi工作\XJTU-SY_Bearing_Datasets\Data\XJTU-SY_Bearing_Datasets\37.5Hz11kN\Bearing2_5\274.csv,0.5779982805252075,0.49851107597351074,-0.2119782269001007,-0.2248803973197937,0.20242977142333984,-0.06458230316638947,-0.38216203451156616,0.41958916187286377
arm_a,37.5Hz11kN,Bearing2_5,37.5Hz11kN/Bearing2_5,274,0.8106508875739645,ready,10.416422843933105,0.009889371693134308,0.01453961618244648,2.519298553466797,D:\1\德国留学\斯图加特大学在校资料\hiwi工作\XJTU-SY_Bearing_Datasets\Data\XJTU-SY_Bearing_Datasets\37.5Hz11kN\Bearing2_5\275.csv,0.5848996043205261,0.49820905923843384,-0.21423949301242828,-0.22642530500888824,0.2070322334766388,-0.06561014801263809,-0.39067962765693665,0.42742449045181274
arm_a,37.5Hz11kN,Bearing2_5,37.5Hz11kN/Bearing2_5,275,0.8136094674556213,ready,10.421464920043945,0.008935616351664066,0.011979295872151852,2.4792919158935547,D:\1\德国留学\斯图加特大学在校资料\hiwi工作\XJTU-SY_Bearing_Datasets\Data\XJTU-SY_Bearing_Datasets\37.5Hz11kN\Bearing2_5\276.csv,0.5811742544174194,0.49774956703186035,-0.2106972336769104,-0.22036659717559814,0.20154091715812683,-0.06919800490140915,-0.3862776756286621,0.42321091890335083
arm_a,37.5Hz11kN,Bearing2_5,37.5Hz11kN/Bearing2_5,276,0.8165680473372781,ready,10.422555923461914,0.00785473920404911,0.01254728902131319,2.4684369564056396,D:\1\德国留学\斯图加特大学在校资料\hiwi工作\XJTU-SY_Bearing_Datasets\Data\XJTU-SY_Bearing_Datasets\37.5Hz11kN\Bearing2_5\277.csv,0.581597089767456,0.4986097812652588,-0.2096707820892334,-0.22915057837963104,0.2053002119064331,-0.06187843158841133,-0.38917872309684753,0.42468714714050293
arm_a,37.5Hz11kN,Bearing2_5,37.5Hz11kN/Bearing2_5,277,0.8195266272189349,ready,10.427130699157715,0.006864102557301521,0.01919567584991455,2.623915195465088,D:\1\德国留学\斯图加特大学在校资料\hiwi工作\XJTU-SY_Bearing_Datasets\Data\XJTU-SY_Bearing_Datasets\37.5Hz11kN\Bearing2_5\278.csv,0.592384934425354,0.5061867237091064,-0.21461986005306244,-0.23486736416816711,0.2132755070924759,-0.06407388299703598,-0.39645758271217346,0.42870014905929565
arm_a,37.5Hz11kN,Bearing2_5,37.5Hz11kN/Bearing2_5,278,0.8224852071005917,ready,10.43032169342041,0.005960447248071432,0.006426218897104263,2.6763999462127686,D:\1\德国留学\斯图加特大学在校资料\hiwi工作\XJTU-SY_Bearing_Datasets\Data\XJTU-SY_Bearing_Datasets\37.5Hz11kN\Bearing2_5\279.csv,0.5917683839797974,0.5057349801063538,-0.21581979095935822,-0.23030126094818115,0.21551097929477692,-0.0646633729338646,-0.39969128370285034,0.4303191900253296
arm_a,37.5Hz11kN,Bearing2_5,37.5Hz11kN/Bearing2_5,279,0.8254437869822485,ready,10.435625076293945,0.005307567305862904,0.021271472796797752,2.695146083831787,D:\1\德国留学\斯图加特大学在校资料\hiwi工作\XJTU-SY_Bearing_Datasets\Data\XJTU-SY_Bearing_Datasets\37.5Hz11kN\Bearing2_5\280.csv,0.6029364466667175,0.5152226686477661,-0.21994538605213165,-0.23732540011405945,0.22206221520900726,-0.06765374541282654,-0.405723512172699,0.43943652510643005
arm_a,37.5Hz11kN,Bearing2_5,37.5Hz11kN/Bearing2_5,280,0.8284023668639053,ready,10.44072151184082,0.0048698135651648045,0.00835251621901989,2.7313735485076904,D:\1\德国留学\斯图加特大学在校资料\hiwi工作\XJTU-SY_Bearing_Datasets\Data\XJTU-SY_Bearing_Datasets\37.5Hz11kN\Bearing2_5\281.csv,0.6001062989234924,0.516913890838623,-0.2165534496307373,-0.2373064011335373,0.22011533379554749,-0.07362395524978638,-0.4029404819011688,0.43897831439971924
arm_a,37.5Hz11kN,Bearing2_5,37.5Hz11kN/Bearing2_5,281,0.8313609467455622,ready,10.436698913574219,0.004082517698407173,0.10904371738433838,2.33424711227417,D:\1\德国留学\斯图加特大学在校资料\hiwi工作\XJTU-SY_Bearing_Datasets\Data\XJTU-SY_Bearing_Datasets\37.5Hz11kN\Bearing2_5\282.csv,0.5506249666213989,0.46427860856056213,-0.2023736983537674,-0.21174933016300201,0.1772167980670929,-0.06535018980503082,-0.3628707528114319,0.3909876346588135
arm_a,37.5Hz11kN,Bearing2_5,37.5Hz11kN/Bearing2_5,282,0.834319526627219,ready,10.429943084716797,0.002890615724027157,0.029297390952706337,2.1499760150909424,D:\1\德国留学\斯图加特大学在校资料\hiwi工作\XJTU-SY_Bearing_Datasets\Data\XJTU-SY_Bearing_Datasets\37.5Hz11kN\Bearing2_5\283.csv,0.5358849763870239,0.456813246011734,-0.1926390826702118,-0.19996145367622375,0.1802162081003189,-0.056189145892858505,-0.35493388772010803,0.3769981265068054
arm_a,37.5Hz11kN,Bearing2_5,37.5Hz11kN/Bearing2_5,283,0.8372781065088757,ready,10.42320728302002,0.0014375628670677543,0.021423717960715294,2.3121838569641113,D:\1\德国留学\斯图加特大学在校资料\hiwi工作\XJTU-SY_Bearing_Datasets\Data\XJTU-SY_Bearing_Datasets\37.5Hz11kN\Bearing2_5\284.csv,0.5475485920906067,0.462936133146286,-0.18816722929477692,-0.2040836215019226,0.1841040551662445,-0.06682181358337402,-0.3618367910385132,0.385520875453949
arm_a,37.5Hz11kN,Bearing2_5,37.5Hz11kN/Bearing2_5,284,0.8402366863905325,ready,10.414865493774414,-0.00010027451935457066,0.014256351627409458,2.2868902683258057,D:\1\德国留学\斯图加特大学在校资料\hiwi工作\XJTU-SY_Bearing_Datasets\Data\XJTU-SY_Bearing_Datasets\37.5Hz11kN\Bearing2_5\285.csv,0.5374343991279602,0.46364492177963257,-0.19470781087875366,-0.20257294178009033,0.1832067370414734,-0.06333049386739731,-0.35699984431266785,0.3811628520488739
arm_a,37.5Hz11kN,Bearing2_5,37.5Hz11kN/Bearing2_5,285,0.8431952662721893,ready,10.409399032592773,-0.0015812671044841409,0.018366660922765732,2.3116750717163086,D:\1\德国留学\斯图加特大学在校资料\hiwi工作\XJTU-SY_Bearing_Datasets\Data\XJTU-SY_Bearing_Datasets\37.5Hz11kN\Bearing2_5\286.csv,0.546635091304779,0.47122064232826233,-0.20031806826591492,-0.2076500803232193,0.18710440397262573,-0.05718739330768585,-0.3640333116054535,0.3871326446533203
arm_a,37.5Hz11kN,Bearing2_5,37.5Hz11kN/Bearing2_5,286,0.8461538461538461,ready,10.406867027282715,-0.0029813824221491814,0.04094637557864189,2.453244924545288,D:\1\德国留学\斯图加特大学在校资料\hiwi工作\XJTU-SY_Bearing_Datasets\Data\XJTU-SY_Bearing_Datasets\37.5Hz11kN\Bearing2_5\287.csv,0.5668255686759949,0.4784444570541382,-0.21969833970069885,-0.21904748678207397,0.19889098405838013,-0.06130295246839523,-0.37679675221443176,0.4069443643093109
arm_a,37.5Hz11kN,Bearing2_5,37.5Hz11kN/Bearing2_5,287,0.849112426035503,ready,10.404139518737793,-0.004035117570310831,0.020130492746829987,2.5257880687713623,D:\1\德国留学\斯图加特大学在校资料\hiwi工作\XJTU-SY_Bearing_Datasets\Data\XJTU-SY_Bearing_Datasets\37.5Hz11kN\Bearing2_5\288.csv,0.5730546712875366,0.4946357011795044,-0.22092847526073456,-0.22633910179138184,0.20228779315948486,-0.05969071760773659,-0.38194072246551514,0.4099443256855011
arm_a,37.5Hz11kN,Bearing2_5,37.5Hz11kN/Bearing2_5,288,0.8520710059171598,ready,10.399999618530273,-0.004823251161724329,0.016102202236652374,2.485321044921875,D:\1\德国留学\斯图加特大学在校资料\hiwi工作\XJTU-SY_Bearing_Datasets\Data\XJTU-SY_Bearing_Datasets\37.5Hz11kN\Bearing2_5\289.csv,0.561898946762085,0.4897070527076721,-0.2158912569284439,-0.2201499342918396,0.19860294461250305,-0.06468608975410461,-0.37906527519226074,0.4101886749267578
arm_a,37.5Hz11kN,Bearing2_5,37.5Hz11kN/Bearing2_5,289,0.8550295857988166,ready,10.393606185913086,-0.005239018704742193,0.010331248864531517,2.4316816329956055,D:\1\德国留学\斯图加特大学在校资料\hiwi工作\XJTU-SY_Bearing_Datasets\Data\XJTU-SY_Bearing_Datasets\37.5Hz11kN\Bearing2_5\290.csv,0.5644394159317017,0.4884243607521057,-0.21513913571834564,-0.21594732999801636,0.1986108124256134,-0.058806270360946655,-0.37583696842193604,0.4042377471923828
arm_a,37.5Hz11kN,Bearing2_5,37.5Hz11kN/Bearing2_5,290,0.8579881656804734,ready,10.389198303222656,-0.005046133417636156,0.01772286556661129,2.454577922821045,D:\1\德国留学\斯图加特大学在校资料\hiwi工作\XJTU-SY_Bearing_Datasets\Data\XJTU-SY_Bearing_Datasets\37.5Hz11kN\Bearing2_5\291.csv,0.5668606758117676,0.4931778013706207,-0.22072191536426544,-0.2240016609430313,0.20217806100845337,-0.06209779903292656,-0.38310185074806213,0.41488033533096313
arm_a,37.5Hz11kN,Bearing2_5,37.5Hz11kN/Bearing2_5,291,0.8609467455621301,ready,10.390399932861328,-0.004431354813277721,0.04211585596203804,2.360971450805664,D:\1\德国留学\斯图加特大学在校资料\hiwi工作\XJTU-SY_Bearing_Datasets\Data\XJTU-SY_Bearing_Datasets\37.5Hz11kN\Bearing2_5\292.csv,0.5493924617767334,0.47975724935531616,-0.20486637949943542,-0.20994916558265686,0.1907668113708496,-0.06406909227371216,-0.3672464191913605,0.39357006549835205
arm_a,37.5Hz11kN,Bearing2_5,37.5Hz11kN/Bearing2_5,292,0.863905325443787,ready,10.392377853393555,-0.0035978779196739197,0.02407342754304409,2.5472118854522705,D:\1\德国留学\斯图加特大学在校资料\hiwi工作\XJTU-SY_Bearing_Datasets\Data\XJTU-SY_Bearing_Datasets\37.5Hz11kN\Bearing2_5\293.csv,0.5506764650344849,0.474941611289978,-0.18391400575637817,-0.20889590680599213,0.183426171541214,-0.06902272999286652,-0.3711090683937073,0.3889618217945099
arm_a,37.5Hz11kN,Bearing2_5,37.5Hz11kN/Bearing2_5,293,0.8668639053254438,ready,10.397727012634277,-0.0024663463700562716,0.0475730337202549,2.687351942062378,D:\1\德国留学\斯图加特大学在校资料\hiwi工作\XJTU-SY_Bearing_Datasets\Data\XJTU-SY_Bearing_Datasets\37.5Hz11kN\Bearing2_5\294.csv,0.5757977366447449,0.4881644546985626,-0.20342780649662018,-0.22545258700847626,0.1974739283323288,-0.07201264053583145,-0.38220614194869995,0.4107089042663574
arm_a,37.5Hz11kN,Bearing2_5,37.5Hz11kN/Bearing2_5,294,0.8698224852071006,ready,10.402854919433594,-0.0013023781357333064,0.009271416813135147,2.743196725845337,D:\1\德国留学\斯图加特大学在校资料\hiwi工作\XJTU-SY_Bearing_Datasets\Data\XJTU-SY_Bearing_Datasets\37.5Hz11kN\Bearing2_5\295.csv,0.5771887898445129,0.4867255985736847,-0.1971932351589203,-0.223685160279274,0.19275107979774475,-0.0724247619509697,-0.38006627559661865,0.4071164131164551
arm_a,37.5Hz11kN,Bearing2_5,37.5Hz11kN/Bearing2_5,295,0.8727810650887574,ready,10.404783248901367,-0.0002520763373468071,0.017921775579452515,2.710118293762207,D:\1\德国留学\斯图加特大学在校资料\hiwi工作\XJTU-SY_Bearing_Datasets\Data\XJTU-SY_Bearing_Datasets\37.5Hz11kN\Bearing2_5\296.csv,0.5654357671737671,0.4825071096420288,-0.1934817135334015,-0.21850764751434326,0.19328024983406067,-0.07139743864536285,-0.37242555618286133,0.39905646443367004
arm_a,37.5Hz11kN,Bearing2_5,37.5Hz11kN/Bearing2_5,296,0.8757396449704142,ready,10.402673721313477,0.0005703088245354593,0.005264848005026579,2.733156204223633,D:\1\德国留学\斯图加特大学在校资料\hiwi工作\XJTU-SY_Bearing_Datasets\Data\XJTU-SY_Bearing_Datasets\37.5Hz11kN\Bearing2_5\297.csv,0.5623772740364075,0.4823094606399536,-0.1934191733598709,-0.21629904210567474,0.19147448241710663,-0.07131583243608475,-0.37495002150535583,0.3971063494682312
arm_a,37.5Hz11kN,Bearing2_5,37.5Hz11kN/Bearing2_5,297,0.878698224852071,ready,10.399036407470703,0.0010632891207933426,0.007245650049299002,2.8005809783935547,D:\1\德国留学\斯图加特大学在校资料\hiwi工作\XJTU-SY_Bearing_Datasets\Data\XJTU-SY_Bearing_Datasets\37.5Hz11kN\Bearing2_5\298.csv,0.5609055757522583,0.48286354541778564,-0.1950700283050537,-0.2204674780368805,0.18848803639411926,-0.07304874807596207,-0.37102439999580383,0.39871662855148315
arm_a,37.5Hz11kN,Bearing2_5,37.5Hz11kN/Bearing2_5,298,0.8816568047337278,ready,10.398641586303711,0.001320596202276647,0.020573345944285393,2.7833540439605713,D:\1\德国留学\斯图加特大学在校资料\hiwi工作\XJTU-SY_Bearing_Datasets\Data\XJTU-SY_Bearing_Datasets\37.5Hz11kN\Bearing2_5\299.csv,0.5705554485321045,0.4871826767921448,-0.1998119354248047,-0.22446861863136292,0.19315144419670105,-0.06712973862886429,-0.3819698691368103,0.408535361289978
arm_a,37.5Hz11kN,Bearing2_5,37.5Hz11kN/Bearing2_5,299,0.8846153846153846,ready,10.398386001586914,0.001154194469563663,0.01187987718731165,2.785350799560547,D:\1\德国留学\斯图加特大学在校资料\hiwi工作\XJTU-SY_Bearing_Datasets\Data\XJTU-SY_Bearing_Datasets\37.5Hz11kN\Bearing2_5\300.csv,0.5728713274002075,0.4900500774383545,-0.19773203134536743,-0.22469325363636017,0.19489245116710663,-0.07753937691450119,-0.3808130621910095,0.40530428290367126
arm_a,37.5Hz11kN,Bearing2_5,37.5Hz11kN/Bearing2_5,300,0.8875739644970414,ready,10.395576477050781,0.00048274995060637593,0.014129039831459522,2.809264659881592,D:\1\德国留学\斯图加特大学在校资料\hiwi工作\XJTU-SY_Bearing_Datasets\Data\XJTU-SY_Bearing_Datasets\37.5Hz11kN\Bearing2_5\301.csv,0.5739233493804932,0.48418083786964417,-0.19080626964569092,-0.21693670749664307,0.19133523106575012,-0.07601771503686905,-0.3745173215866089,0.40414702892303467
arm_a,37.5Hz11kN,Bearing2_5,37.5Hz11kN/Bearing2_5,301,0.8905325443786982,ready,10.397610664367676,-7.494146120734513e-05,0.016472551971673965,2.8054816722869873,D:\1\德国留学\斯图加特大学在校资料\hiwi工作\XJTU-SY_Bearing_Datasets\Data\XJTU-SY_Bearing_Datasets\37.5Hz11kN\Bearing2_5\302.csv,0.5709577798843384,0.49517834186553955,-0.1981407105922699,-0.22059579193592072,0.1916746199131012,-0.07574880123138428,-0.38243532180786133,0.40074995160102844
arm_a,37.5Hz11kN,Bearing2_5,37.5Hz11kN/Bearing2_5,302,0.893491124260355,ready,10.40262222290039,-0.0003148165706079453,0.01921728253364563,2.8410234451293945,D:\1\德国留学\斯图加特大学在校资料\hiwi工作\XJTU-SY_Bearing_Datasets\Data\XJTU-SY_Bearing_Datasets\37.5Hz11kN\Bearing2_5\303.csv,0.5788353085517883,0.49537214636802673,-0.1972973644733429,-0.22854849696159363,0.19791412353515625,-0.07091239094734192,-0.38735198974609375,0.4132702648639679
arm_a,37.5Hz11kN,Bearing2_5,37.5Hz11kN/Bearing2_5,303,0.8964497041420119,ready,10.406648635864258,-0.00010263269359711558,0.04130788519978523,2.9908382892608643,D:\1\德国留学\斯图加特大学在校资料\hiwi工作\XJTU-SY_Bearing_Datasets\Data\XJTU-SY_Bearing_Datasets\37.5Hz11kN\Bearing2_5\304.csv,0.6006894111633301,0.5141391158103943,-0.2106477916240692,-0.2340034395456314,0.20710209012031555,-0.07778381556272507,-0.39797958731651306,0.43386077880859375
arm_a,37.5Hz11kN,Bearing2_5,37.5Hz11kN/Bearing2_5,304,0.8994082840236687,ready,10.413605690002441,0.0007227464229799807,0.024950869381427765,3.094191074371338,D:\1\德国留学\斯图加特大学在校资料\hiwi工作\XJTU-SY_Bearing_Datasets\Data\XJTU-SY_Bearing_Datasets\37.5Hz11kN\Bearing2_5\305.csv,0.6134885549545288,0.5239595174789429,-0.21057555079460144,-0.245085671544075,0.21615517139434814,-0.07721927016973495,-0.40502509474754333,0.44423142075538635
arm_a,37.5Hz11kN,Bearing2_5,37.5Hz11kN/Bearing2_5,305,0.9023668639053254,ready,10.424365997314453,0.002133294241502881,0.028931664302945137,3.171792507171631,D:\1\德国留学\斯图加特大学在校资料\hiwi工作\XJTU-SY_Bearing_Datasets\Data\XJTU-SY_Bearing_Datasets\37.5Hz11kN\Bearing2_5\306.csv,0.626735270023346,0.5312360525131226,-0.21752598881721497,-0.24857211112976074,0.2237689197063446,-0.0815693736076355,-0.42400893568992615,0.4547611474990845
arm_a,37.5Hz11kN,Bearing2_5,37.5Hz11kN/Bearing2_5,306,0.9053254437869822,ready,10.436762809753418,0.0038420301862061024,0.01705709844827652,3.339217185974121,D:\1\德国留学\斯图加特大学在校资料\hiwi工作\XJTU-SY_Bearing_Datasets\Data\XJTU-SY_Bearing_Datasets\37.5Hz11kN\Bearing2_5\307.csv,0.6320276856422424,0.5393486022949219,-0.2279977649450302,-0.25233525037765503,0.2244824469089508,-0.07902730256319046,-0.42238786816596985,0.46274256706237793
arm_a,37.5Hz11kN,Bearing2_5,37.5Hz11kN/Bearing2_5,307,0.908284023668639,ready,10.4490385055542,0.005564660765230656,0.0192189309746027,3.395601511001587,D:\1\德国留学\斯图加特大学在校资料\hiwi工作\XJTU-SY_Bearing_Datasets\Data\XJTU-SY_Bearing_Datasets\37.5Hz11kN\Bearing2_5\308.csv,0.6390019655227661,0.5421255826950073,-0.21520258486270905,-0.25498586893081665,0.22706039249897003,-0.08810985088348389,-0.42777931690216064,0.4578368067741394
arm_a,37.5Hz11kN,Bearing2_5,37.5Hz11kN/Bearing2_5,308,0.9112426035502958,ready,10.465415954589844,0.007548199500888586,0.07179475575685501,3.8636083602905273,D:\1\德国留学\斯图加特大学在校资料\hiwi工作\XJTU-SY_Bearing_Datasets\Data\XJTU-SY_Bearing_Datasets\37.5Hz11kN\Bearing2_5\309.csv,0.6676211953163147,0.5791971683502197,-0.2240099161863327,-0.26951777935028076,0.24474036693572998,-0.09878966212272644,-0.4622495174407959,0.4903567135334015
arm_a,37.5Hz11kN,Bearing2_5,37.5Hz11kN/Bearing2_5,309,0.9142011834319527,ready,10.482012748718262,0.009610592387616634,0.008710088208317757,3.8354597091674805,D:\1\德国留学\斯图加特大学在校资料\hiwi工作\XJTU-SY_Bearing_Datasets\Data\XJTU-SY_Bearing_Datasets\37.5Hz11kN\Bearing2_5\310.csv,0.6713781356811523,0.5760304927825928,-0.2237563282251358,-0.27236202359199524,0.2471296787261963,-0.09692053496837616,-0.45747536420822144,0.48695462942123413
arm_a,37.5Hz11kN,Bearing2_5,37.5Hz11kN/Bearing2_5,310,0.9171597633136095,ready,10.497597694396973,0.011322113685309887,0.024170583114027977,3.7157089710235596,D:\1\德国留学\斯图加特大学在校资料\hiwi工作\XJTU-SY_Bearing_Datasets\Data\XJTU-SY_Bearing_Datasets\37.5Hz11kN\Bearing2_5\311.csv,0.6565841436386108,0.5708448886871338,-0.21382516622543335,-0.2674213647842407,0.2414351850748062,-0.09221124649047852,-0.4497397243976593,0.4769056737422943
arm_a,37.5Hz11kN,Bearing2_5,37.5Hz11kN/Bearing2_5,311,0.9201183431952663,ready,10.511210441589355,0.012675140984356403,0.017889410257339478,3.5450515747070312,D:\1\德国留学\斯图加特大学在校资料\hiwi工作\XJTU-SY_Bearing_Datasets\Data\XJTU-SY_Bearing_Datasets\37.5Hz11kN\Bearing2_5\312.csv,0.6551238298416138,0.5631130337715149,-0.21808235347270966,-0.2601100504398346,0.2346070259809494,-0.08938782662153244,-0.44107019901275635,0.4693703055381775
arm_a,37.5Hz11kN,Bearing2_5,37.5Hz11kN/Bearing2_5,312,0.9230769230769231,ready,10.521622657775879,0.013553244061768055,0.019795099273324013,3.621616840362549,D:\1\德国留学\斯图加特大学在校资料\hiwi工作\XJTU-SY_Bearing_Datasets\Data\XJTU-SY_Bearing_Datasets\37.5Hz11kN\Bearing2_5\313.csv,0.6435621380805969,0.5545258522033691,-0.20649391412734985,-0.2578858733177185,0.23035630583763123,-0.08887599408626556,-0.43605345487594604,0.46806785464286804
arm_a,37.5Hz11kN,Bearing2_5,37.5Hz11kN/Bearing2_5,313,0.9260355029585798,ready,10.52783489227295,0.013596193864941597,0.012363976798951626,3.6201486587524414,D:\1\德国留学\斯图加特大学在校资料\hiwi工作\XJTU-SY_Bearing_Datasets\Data\XJTU-SY_Bearing_Datasets\37.5Hz11kN\Bearing2_5\314.csv,0.6379132270812988,0.554249107837677,-0.2076893150806427,-0.26056256890296936,0.22272704541683197,-0.0923873633146286,-0.4355410039424896,0.4616266191005707
arm_a,37.5Hz11kN,Bearing2_5,37.5Hz11kN/Bearing2_5,314,0.9289940828402367,ready,10.529685020446777,0.012734939344227314,0.023835226893424988,3.531421422958374,D:\1\德国留学\斯图加特大学在校资料\hiwi工作\XJTU-SY_Bearing_Datasets\Data\XJTU-SY_Bearing_Datasets\37.5Hz11kN\Bearing2_5\315.csv,0.6313528418540955,0.5400111675262451,-0.1996854543685913,-0.2536389231681824,0.21653129160404205,-0.09160253405570984,-0.4248499870300293,0.4540727734565735
arm_a,37.5Hz11kN,Bearing2_5,37.5Hz11kN/Bearing2_5,315,0.9319526627218935,ready,10.527292251586914,0.01105350162833929,0.020847415551543236,3.485452175140381,D:\1\德国留学\斯图加特大学在校资料\hiwi工作\XJTU-SY_Bearing_Datasets\Data\XJTU-SY_Bearing_Datasets\37.5Hz11kN\Bearing2_5\316.csv,0.6227515339851379,0.5284832715988159,-0.1937490701675415,-0.24626776576042175,0.2131217122077942,-0.09120279550552368,-0.41686588525772095,0.44615858793258667
arm_a,37.5Hz11kN,Bearing2_5,37.5Hz11kN/Bearing2_5,316,0.9349112426035503,ready,10.520867347717285,0.008600478060543537,0.028226660564541817,3.598839521408081,D:\1\德国留学\斯图加特大学在校资料\hiwi工作\XJTU-SY_Bearing_Datasets\Data\XJTU-SY_Bearing_Datasets\37.5Hz11kN\Bearing2_5\317.csv,0.6119314432144165,0.5212628841400146,-0.18216970562934875,-0.23964332044124603,0.20333406329154968,-0.09409229457378387,-0.40985962748527527,0.4289441704750061
arm_a,37.5Hz11kN,Bearing2_5,37.5Hz11kN/Bearing2_5,317,0.9378698224852071,ready,10.516051292419434,0.0056836907751858234,0.017910819500684738,3.7044289112091064,D:\1\德国留学\斯图加特大学在校资料\hiwi工作\XJTU-SY_Bearing_Datasets\Data\XJTU-SY_Bearing_Datasets\37.5Hz11kN\Bearing2_5\318.csv,0.6217600703239441,0.5261030793190002,-0.18262682855129242,-0.24176818132400513,0.20985877513885498,-0.09534697234630585,-0.4178135395050049,0.43835869431495667
arm_a,37.5Hz11kN,Bearing2_5,37.5Hz11kN/Bearing2_5,318,0.9408284023668639,ready,10.505739212036133,0.0024839804973453283,0.011496510356664658,3.72670841217041,D:\1\德国留学\斯图加特大学在校资料\hiwi工作\XJTU-SY_Bearing_Datasets\Data\XJTU-SY_Bearing_Datasets\37.5Hz11kN\Bearing2_5\319.csv,0.6157987117767334,0.52972012758255,-0.18867914378643036,-0.24791869521141052,0.21151947975158691,-0.09296856075525284,-0.4186072051525116,0.43814679980278015
arm_a,37.5Hz11kN,Bearing2_5,37.5Hz11kN/Bearing2_5,319,0.9437869822485208,ready,10.494580268859863,-0.0007067131227813661,0.01308649592101574,3.768805980682373,D:\1\德国留学\斯图加特大学在校资料\hiwi工作\XJTU-SY_Bearing_Datasets\Data\XJTU-SY_Bearing_Datasets\37.5Hz11kN\Bearing2_5\320.csv,0.6196621656417847,0.5265316367149353,-0.18748986721038818,-0.23822152614593506,0.20871081948280334,-0.09702775627374649,-0.414892315864563,0.4346044659614563
arm_a,37.5Hz11kN,Bearing2_5,37.5Hz11kN/Bearing2_5,320,0.9467455621301775,ready,10.48823356628418,-0.0033569277729839087,0.028695635497570038,3.7797653675079346,D:\1\德国留学\斯图加特大学在校资料\hiwi工作\XJTU-SY_Bearing_Datasets\Data\XJTU-SY_Bearing_Datasets\37.5Hz11kN\Bearing2_5\321.csv,0.6287933588027954,0.5383926033973694,-0.19561311602592468,-0.2526407539844513,0.21415455639362335,-0.09373471140861511,-0.4233870804309845,0.44919341802597046
arm_a,37.5Hz11kN,Bearing2_5,37.5Hz11kN/Bearing2_5,321,0.9497041420118343,ready,10.485612869262695,-0.005129068624228239,0.027351083233952522,3.805159568786621,D:\1\德国留学\斯图加特大学在校资料\hiwi工作\XJTU-SY_Bearing_Datasets\Data\XJTU-SY_Bearing_Datasets\37.5Hz11kN\Bearing2_5\322.csv,0.6445144414901733,0.5494694709777832,-0.20292191207408905,-0.25859493017196655,0.22094517946243286,-0.09235820174217224,-0.43543389439582825,0.4590030312538147
arm_a,37.5Hz11kN,Bearing2_5,37.5Hz11kN/Bearing2_5,322,0.9526627218934911,ready,10.485848426818848,-0.005883939564228058,0.01441790722310543,3.8776700496673584,D:\1\德国留学\斯图加特大学在校资料\hiwi工作\XJTU-SY_Bearing_Datasets\Data\XJTU-SY_Bearing_Datasets\37.5Hz11kN\Bearing2_5\323.csv,0.6507213115692139,0.5538957118988037,-0.21042804419994354,-0.2656223773956299,0.21991688013076782,-0.0918395146727562,-0.43941205739974976,0.4641876220703125
arm_a,37.5Hz11kN,Bearing2_5,37.5Hz11kN/Bearing2_5,323,0.9556213017751479,ready,10.487549781799316,-0.005698232911527157,0.01449383795261383,3.7239232063293457,D:\1\德国留学\斯图加特大学在校资料\hiwi工作\XJTU-SY_Bearing_Datasets\Data\XJTU-SY_Bearing_Datasets\37.5Hz11kN\Bearing2_5\324.csv,0.6529258489608765,0.5582228899002075,-0.2206871509552002,-0.262010395526886,0.22336909174919128,-0.08519148826599121,-0.43725287914276123,0.4669106900691986
arm_a,37.5Hz11kN,Bearing2_5,37.5Hz11kN/Bearing2_5,324,0.9585798816568047,ready,10.489639282226562,-0.004786907695233822,0.021187245845794678,3.557603120803833,D:\1\德国留学\斯图加特大学在校资料\hiwi工作\XJTU-SY_Bearing_Datasets\Data\XJTU-SY_Bearing_Datasets\37.5Hz11kN\Bearing2_5\325.csv,0.6374980211257935,0.550381600856781,-0.21989044547080994,-0.2591758370399475,0.21863073110580444,-0.09002265334129333,-0.42899537086486816,0.4617388844490051
arm_a,37.5Hz11kN,Bearing2_5,37.5Hz11kN/Bearing2_5,325,0.9615384615384616,ready,10.495809555053711,-0.003213136922568083,0.029291579499840736,3.6485307216644287,D:\1\德国留学\斯图加特大学在校资料\hiwi工作\XJTU-SY_Bearing_Datasets\Data\XJTU-SY_Bearing_Datasets\37.5Hz11kN\Bearing2_5\326.csv,0.6588801741600037,0.5635521411895752,-0.21914583444595337,-0.2613406181335449,0.22484692931175232,-0.09145749360322952,-0.43806782364845276,0.47169312834739685
arm_a,37.5Hz11kN,Bearing2_5,37.5Hz11kN/Bearing2_5,326,0.9644970414201184,ready,10.508359909057617,-0.001001519849523902,0.038778796792030334,3.869986057281494,D:\1\德国留学\斯图加特大学在校资料\hiwi工作\XJTU-SY_Bearing_Datasets\Data\XJTU-SY_Bearing_Datasets\37.5Hz11kN\Bearing2_5\327.csv,0.6732410192489624,0.5788228511810303,-0.2307700365781784,-0.2738398313522339,0.23456129431724548,-0.08947332203388214,-0.4547371566295624,0.4916140139102936
arm_a,37.5Hz11kN,Bearing2_5,37.5Hz11kN/Bearing2_5,327,0.9674556213017751,ready,10.522565841674805,0.0018155011348426342,0.040756549686193466,3.9658756256103516,D:\1\德国留学\斯图加特大学在校资料\hiwi工作\XJTU-SY_Bearing_Datasets\Data\XJTU-SY_Bearing_Datasets\37.5Hz11kN\Bearing2_5\328.csv,0.6987237930297852,0.5995224714279175,-0.23036466538906097,-0.2832386791706085,0.2480320930480957,-0.09778822213411331,-0.4636891484260559,0.5044206380844116
arm_a,37.5Hz11kN,Bearing2_5,37.5Hz11kN/Bearing2_5,328,0.9704142011834319,ready,10.535733222961426,0.004584306851029396,0.015684884041547775,4.067914962768555,D:\1\德国留学\斯图加特大学在校资料\hiwi工作\XJTU-SY_Bearing_Datasets\Data\XJTU-SY_Bearing_Datasets\37.5Hz11kN\Bearing2_5\329.csv,0.6885263323783875,0.5907206535339355,-0.23185670375823975,-0.28112122416496277,0.24915289878845215,-0.09032110124826431,-0.4630056917667389,0.5038170218467712
arm_a,37.5Hz11kN,Bearing2_5,37.5Hz11kN/Bearing2_5,329,0.9733727810650887,ready,10.553057670593262,0.007190588861703873,0.03900681063532829,4.274768829345703,D:\1\德国留学\斯图加特大学在校资料\hiwi工作\XJTU-SY_Bearing_Datasets\Data\XJTU-SY_Bearing_Datasets\37.5Hz11kN\Bearing2_5\330.csv,0.7119379043579102,0.6062197685241699,-0.2384617179632187,-0.2855469882488251,0.2583872675895691,-0.09295497089624405,-0.4748442769050598,0.5247366428375244
arm_a,37.5Hz11kN,Bearing2_5,37.5Hz11kN/Bearing2_5,330,0.9763313609467456,ready,10.569982528686523,0.009588113985955715,0.029392149299383163,4.435701370239258,D:\1\德国留学\斯图加特大学在校资料\hiwi工作\XJTU-SY_Bearing_Datasets\Data\XJTU-SY_Bearing_Datasets\37.5Hz11kN\Bearing2_5\331.csv,0.717902421951294,0.626656174659729,-0.24476711452007294,-0.2934096157550812,0.26484933495521545,-0.09290407598018646,-0.49045541882514954,0.5295975804328918
arm_a,37.5Hz11kN,Bearing2_5,37.5Hz11kN/Bearing2_5,331,0.9792899408284024,ready,10.585149765014648,0.011647334322333336,0.011273114942014217,4.380855560302734,D:\1\德国留学\斯图加特大学在校资料\hiwi工作\XJTU-SY_Bearing_Datasets\Data\XJTU-SY_Bearing_Datasets\37.5Hz11kN\Bearing2_5\332.csv,0.7239995002746582,0.6242258548736572,-0.24784690141677856,-0.294859915971756,0.26670411229133606,-0.08938858658075333,-0.48986390233039856,0.5370985865592957
arm_a,37.5Hz11kN,Bearing2_5,37.5Hz11kN/Bearing2_5,332,0.9822485207100592,ready,10.60023307800293,0.013338476419448853,0.01774965599179268,4.490207195281982,D:\1\德国留学\斯图加特大学在校资料\hiwi工作\XJTU-SY_Bearing_Datasets\Data\XJTU-SY_Bearing_Datasets\37.5Hz11kN\Bearing2_5\333.csv,0.7288823127746582,0.6352654695510864,-0.2467777580022812,-0.3000430464744568,0.27130234241485596,-0.09453331679105759,-0.49911221861839294,0.5399593710899353
arm_a,37.5Hz11kN,Bearing2_5,37.5Hz11kN/Bearing2_5,333,0.985207100591716,ready,10.606959342956543,0.014123448170721531,0.08323074132204056,4.0798659324646,D:\1\德国留学\斯图加特大学在校资料\hiwi工作\XJTU-SY_Bearing_Datasets\Data\XJTU-SY_Bearing_Datasets\37.5Hz11kN\Bearing2_5\334.csv,0.6928771734237671,0.5985209345817566,-0.23185156285762787,-0.28092724084854126,0.24439536035060883,-0.0922558456659317,-0.4634658396244049,0.4988159239292145
arm_a,37.5Hz11kN,Bearing2_5,37.5Hz11kN/Bearing2_5,334,0.9881656804733728,ready,10.612543106079102,0.013904901221394539,0.03415822237730026,3.943528652191162,D:\1\德国留学\斯图加特大学在校资料\hiwi工作\XJTU-SY_Bearing_Datasets\Data\XJTU-SY_Bearing_Datasets\37.5Hz11kN\Bearing2_5\335.csv,0.675640344619751,0.5793206691741943,-0.22847306728363037,-0.2708158493041992,0.23425540328025818,-0.08712968975305557,-0.4509594440460205,0.48872309923171997
arm_a,37.5Hz11kN,Bearing2_5,37.5Hz11kN/Bearing2_5,335,0.9911242603550295,ready,10.61549186706543,0.012768803164362907,0.025555474683642387,4.172700881958008,D:\1\德国留学\斯图加特大学在校资料\hiwi工作\XJTU-SY_Bearing_Datasets\Data\XJTU-SY_Bearing_Datasets\37.5Hz11kN\Bearing2_5\336.csv,0.6826132535934448,0.5816932916641235,-0.2096129059791565,-0.2750714123249054,0.2336927205324173,-0.10121268033981323,-0.45542603731155396,0.48618966341018677
arm_a,37.5Hz11kN,Bearing2_5,37.5Hz11kN/Bearing2_5,336,0.9940828402366864,ready,10.620020866394043,0.011265737004578114,0.05895518884062767,4.330520153045654,D:\1\德国留学\斯图加特大学在校资料\hiwi工作\XJTU-SY_Bearing_Datasets\Data\XJTU-SY_Bearing_Datasets\37.5Hz11kN\Bearing2_5\337.csv,0.7137421369552612,0.607715368270874,-0.22808364033699036,-0.28470489382743835,0.2407229095697403,-0.0978369414806366,-0.4744877815246582,0.5173572301864624
arm_a,37.5Hz11kN,Bearing2_5,37.5Hz11kN/Bearing2_5,337,0.9970414201183432,ready,10.631341934204102,0.009973780252039433,0.10888203978538513,5.0541157722473145,D:\1\德国留学\斯图加特大学在校资料\hiwi工作\XJTU-SY_Bearing_Datasets\Data\XJTU-SY_Bearing_Datasets\37.5Hz11kN\Bearing2_5\338.csv,0.7723082304000854,0.6572647094726562,-0.2571839690208435,-0.3160640001296997,0.27054449915885925,-0.10825382173061371,-0.5160804390907288,0.5549359917640686
arm_a,37.5Hz11kN,Bearing2_5,37.5Hz11kN/Bearing2_5,338,1.0,ready,10.645161628723145,0.008994951844215393,0.03500431776046753,5.323217868804932,D:\1\德国留学\斯图加特大学在校资料\hiwi工作\XJTU-SY_Bearing_Datasets\Data\XJTU-SY_Bearing_Datasets\37.5Hz11kN\Bearing2_5\339.csv,0.7829011678695679,0.6717162132263184,-0.25166067481040955,-0.31959670782089233,0.2857934236526489,-0.12486588954925537,-0.5314913392066956,0.5656725168228149
arm_b,37.5Hz11kN,Bearing2_5,37.5Hz11kN/Bearing2_5,0,0.0,calibrating,,,,0.3940746486186981,D:\1\德国留学\斯图加特大学在校资料\hiwi工作\XJTU-SY_Bearing_Datasets\Data\XJTU-SY_Bearing_Datasets\37.5Hz11kN\Bearing2_5\1.csv,-1.3766872882843018,1.2432961463928223,3.8480210304260254,3.66914439201355,-3.668637990951538,-1.3788106441497803,0.5845850110054016,-2.031002998352051
arm_b,37.5Hz11kN,Bearing2_5,37.5Hz11kN/Bearing2_5,1,0.0029585798816568047,calibrating,,,,0.4002935290336609,D:\1\德国留学\斯图加特大学在校资料\hiwi工作\XJTU-SY_Bearing_Datasets\Data\XJTU-SY_Bearing_Datasets\37.5Hz11kN\Bearing2_5\2.csv,-1.4010899066925049,1.2517857551574707,3.863168239593506,3.6812615394592285,-3.755166530609131,-1.3510236740112305,0.5929464101791382,-2.03145432472229
arm_b,37.5Hz11kN,Bearing2_5,37.5Hz11kN/Bearing2_5,2,0.005917159763313609,calibrating,,,,0.40434253215789795,D:\1\德国留学\斯图加特大学在校资料\hiwi工作\XJTU-SY_Bearing_Datasets\Data\XJTU-SY_Bearing_Datasets\37.5Hz11kN\Bearing2_5\3.csv,-1.3257830142974854,1.3159139156341553,3.8907594680786133,3.7115097045898438,-3.6944315433502197,-1.361881971359253,0.5356920957565308,-2.000216484069824
arm_b,37.5Hz11kN,Bearing2_5,37.5Hz11kN/Bearing2_5,3,0.008875739644970414,calibrating,,,,0.4104474186897278,D:\1\德国留学\斯图加特大学在校资料\hiwi工作\XJTU-SY_Bearing_Datasets\Data\XJTU-SY_Bearing_Datasets\37.5Hz11kN\Bearing2_5\4.csv,-1.4253950119018555,1.1646062135696411,3.800804615020752,3.6514108180999756,-3.6365673542022705,-1.424020528793335,0.6065859794616699,-2.0530974864959717
arm_b,37.5Hz11kN,Bearing2_5,37.5Hz11kN/Bearing2_5,4,0.011834319526627219,calibrating,,,,0.4124578535556793,D:\1\德国留学\斯图加特大学在校资料\hiwi工作\XJTU-SY_Bearing_Datasets\Data\XJTU-SY_Bearing_Datasets\37.5Hz11kN\Bearing2_5\5.csv,-1.271990418434143,1.3324118852615356,3.8980159759521484,3.7314696311950684,-3.6702420711517334,-1.3606047630310059,0.5170459747314453,-1.9856939315795898
arm_b,37.5Hz11kN,Bearing2_5,37.5Hz11kN/Bearing2_5,5,0.014792899408284023,calibrating,,,,0.4092358946800232,D:\1\德国留学\斯图加特大学在校资料\hiwi工作\XJTU-SY_Bearing_Datasets\Data\XJTU-SY_Bearing_Datasets\37.5Hz11kN\Bearing2_5\6.csv,-1.2532472610473633,1.3640756607055664,3.854903221130371,3.6810355186462402,-3.6199746131896973,-1.365273356437683,0.4790661633014679,-1.9571839570999146
arm_b,37.5Hz11kN,Bearing2_5,37.5Hz11kN/Bearing2_5,6,0.01775147928994083,calibrating,,,,0.40020132064819336,D:\1\德国留学\斯图加特大学在校资料\hiwi工作\XJTU-SY_Bearing_Datasets\Data\XJTU-SY_Bearing_Datasets\37.5Hz11kN\Bearing2_5\7.csv,-1.3780779838562012,1.2044492959976196,3.7996609210968018,3.656883716583252,-3.6204662322998047,-1.4292089939117432,0.5881736278533936,-2.0555598735809326
arm_b,37.5Hz11kN,Bearing2_5,37.5Hz11kN/Bearing2_5,7,0.020710059171597635,calibrating,,,,0.40828341245651245,D:\1\德国留学\斯图加特大学在校资料\hiwi工作\XJTU-SY_Bearing_Datasets\Data\XJTU-SY_Bearing_Datasets\37.5Hz11kN\Bearing2_5\8.csv,-1.4842710494995117,1.1176098585128784,3.815098524093628,3.686138153076172,-3.6159543991088867,-1.5160274505615234,0.6603177189826965,-2.14125394821167
arm_b,37.5Hz11kN,Bearing2_5,37.5Hz11kN/Bearing2_5,8,0.023668639053254437,calibrating,,,,0.41239646077156067,D:\1\德国留学\斯图加特大学在校资料\hiwi工作\XJTU-SY_Bearing_Datasets\Data\XJTU-SY_Bearing_Datasets\37.5Hz11kN\Bearing2_5\9.csv,-1.4000440835952759,1.3117926120758057,3.9623970985412598,3.812190532684326,-3.7780885696411133,-1.4408316612243652,0.5866830945014954,-2.07773494720459
arm_b,37.5Hz11kN,Bearing2_5,37.5Hz11kN/Bearing2_5,9,0.026627218934911243,calibrating,,,,0.41317102313041687,D:\1\德国留学\斯图加特大学在校资料\hiwi工作\XJTU-SY_Bearing_Datasets\Data\XJTU-SY_Bearing_Datasets\37.5Hz11kN\Bearing2_5\10.csv,-1.4760267734527588,1.1244535446166992,3.8105573654174805,3.6954572200775146,-3.613511562347412,-1.502596139907837,0.6386564373970032,-2.136380672454834
arm_b,37.5Hz11kN,Bearing2_5,37.5Hz11kN/Bearing2_5,10,0.029585798816568046,calibrating,,,,0.41520780324935913,D:\1\德国留学\斯图加特大学在校资料\hiwi工作\XJTU-SY_Bearing_Datasets\Data\XJTU-SY_Bearing_Datasets\37.5Hz11kN\Bearing2_5\11.csv,-1.4068055152893066,1.2063088417053223,3.837982654571533,3.7087042331695557,-3.612379550933838,-1.4679079055786133,0.5997686982154846,-2.078680992126465
arm_b,37.5Hz11kN,Bearing2_5,37.5Hz11kN/Bearing2_5,11,0.03254437869822485,calibrating,,,,0.4095041751861572,D:\1\德国留学\斯图加特大学在校资料\hiwi工作\XJTU-SY_Bearing_Datasets\Data\XJTU-SY_Bearing_Datasets\37.5Hz11kN\Bearing2_5\12.csv,-1.4821240901947021,1.1267054080963135,3.8416504859924316,3.7301299571990967,-3.619658946990967,-1.5087759494781494,0.6698694825172424,-2.161273956298828
arm_b,37.5Hz11kN,Bearing2_5,37.5Hz11kN/Bearing2_5,12,0.03550295857988166,calibrating,,,,0.41418004035949707,D:\1\德国留学\斯图加特大学在校资料\hiwi工作\XJTU-SY_Bearing_Datasets\Data\XJTU-SY_Bearing_Datasets\37.5Hz11kN\Bearing2_5\13.csv,-1.4209051132202148,1.1567076444625854,3.805931806564331,3.6595516204833984,-3.60998797416687,-1.467114806175232,0.6247152090072632,-2.084106206893921
arm_b,37.5Hz11kN,Bearing2_5,37.5Hz11kN/Bearing2_5,13,0.038461538461538464,calibrating,,,,0.42989885807037354,D:\1\德国留学\斯图加特大学在校资料\hiwi工作\XJTU-SY_Bearing_Datasets\Data\XJTU-SY_Bearing_Datasets\37.5Hz11kN\Bearing2_5\14.csv,-1.4893176555633545,1.1429648399353027,3.7984957695007324,3.6871585845947266,-3.6530017852783203,-1.4711246490478516,0.668207585811615,-2.1205592155456543
arm_b,37.5Hz11kN,Bearing2_5,37.5Hz11kN/Bearing2_5,14,0.04142011834319527,calibrating,,,,0.41771405935287476,D:\1\德国留学\斯图加特大学在校资料\hiwi工作\XJTU-SY_Bearing_Datasets\Data\XJTU-SY_Bearing_Datasets\37.5Hz11kN\Bearing2_5\15.csv,-1.4462687969207764,1.164044737815857,3.8021717071533203,3.6535003185272217,-3.6373438835144043,-1.4449214935302734,0.6303004026412964,-2.0946733951568604
arm_b,37.5Hz11kN,Bearing2_5,37.5Hz11kN/Bearing2_5,15,0.04437869822485207,ready,0.2061045616865158,0.0,0.11170537024736404,0.41141173243522644,D:\1\德国留学\斯图加特大学在校资料\hiwi工作\XJTU-SY_Bearing_Datasets\Data\XJTU-SY_Bearing_Datasets\37.5Hz11kN\Bearing2_5\16.csv,-1.5013160705566406,1.1021629571914673,3.7841968536376953,3.6162686347961426,-3.657107353210449,-1.4576350450515747,0.6789547204971313,-2.126133918762207
arm_b,37.5Hz11kN,Bearing2_5,37.5Hz11kN/Bearing2_5,16,0.047337278106508875,ready,0.21597501635551453,0.009870454668998718,0.06424076855182648,0.4119177758693695,D:\1\德国留学\斯图加特大学在校资料\hiwi工作\XJTU-SY_Bearing_Datasets\Data\XJTU-SY_Bearing_Datasets\37.5Hz11kN\Bearing2_5\17.csv,-1.5271782875061035,1.1078698635101318,3.796114921569824,3.6406807899475098,-3.6391372680664062,-1.4917051792144775,0.6796289682388306,-2.160822629928589
arm_b,37.5Hz11kN,Bearing2_5,37.5Hz11kN/Bearing2_5,17,0.05029585798816568,ready,0.32277217507362366,0.058333806693553925,0.3242119252681732,0.4063376188278198,D:\1\德国留学\斯图加特大学在校资料\hiwi工作\XJTU-SY_Bearing_Datasets\Data\XJTU-SY_Bearing_Datasets\37.5Hz11kN\Bearing2_5\18.csv,-1.6461989879608154,0.934440016746521,3.665189743041992,3.5594754219055176,-3.534134864807129,-1.5676829814910889,0.8097758889198303,-2.2191104888916016
arm_b,37.5Hz11kN,Bearing2_5,37.5Hz11kN/Bearing2_5,18,0.05325443786982249,ready,0.3902088403701782,0.06591099500656128,0.08019760251045227,0.404377281665802,D:\1\德国留学\斯图加特大学在校资料\hiwi工作\XJTU-SY_Bearing_Datasets\Data\XJTU-SY_Bearing_Datasets\37.5Hz11kN\Bearing2_5\19.csv,-1.676643967628479,0.8914624452590942,3.673865795135498,3.5814437866210938,-3.531797409057617,-1.5997653007507324,0.8200154900550842,-2.2633848190307617
arm_b,37.5Hz11kN,Bearing2_5,37.5Hz11kN/Bearing2_5,19,0.05621301775147929,ready,0.43466004729270935,0.06313447654247284,0.03922136127948761,0.4063006341457367,D:\1\德国留学\斯图加特大学在校资料\hiwi工作\XJTU-SY_Bearing_Datasets\Data\XJTU-SY_Bearing_Datasets\37.5Hz11kN\Bearing2_5\20.csv,-1.6745694875717163,0.8825774192810059,3.6556854248046875,3.573204278945923,-3.5013341903686523,-1.6078561544418335,0.8250023722648621,-2.257194995880127
arm_b,37.5Hz11kN,Bearing2_5,37.5Hz11kN/Bearing2_5,20,0.05917159763313609,ready,0.4565249979496002,0.056445538997650146,0.09965698421001434,0.41317108273506165,D:\1\德国留学\斯图加特大学在校资料\hiwi工作\XJTU-SY_Bearing_Datasets\Data\XJTU-SY_Bearing_Datasets\37.5Hz11kN\Bearing2_5\21.csv,-1.6659661531448364,0.8988275527954102,3.69903302192688,3.610835075378418,-3.576134204864502,-1.5959410667419434,0.8138061761856079,-2.2780749797821045
arm_b,37.5Hz11kN,Bearing2_5,37.5Hz11kN/Bearing2_5,21,0.0621301775147929,ready,0.4604437053203583,0.04842876270413399,0.10307237505912781,0.4172716438770294,D:\1\德国留学\斯图加特大学在校资料\hiwi工作\XJTU-SY_Bearing_Datasets\Data\XJTU-SY_Bearing_Datasets\37.5Hz11kN\Bearing2_5\22.csv,-1.6146080493927002,0.9418829679489136,3.7398059368133545,3.6455013751983643,-3.55397891998291,-1.6036865711212158,0.7703237533569336,-2.249321937561035
arm_b,37.5Hz11kN,Bearing2_5,37.5Hz11kN/Bearing2_5,22,0.0650887573964497,ready,0.4862217903137207,0.04320088028907776,0.2401762753725052,0.3901646137237549,D:\1\德国留学\斯图加特大学在校资料\hiwi工作\XJTU-SY_Bearing_Datasets\Data\XJTU-SY_Bearing_Datasets\37.5Hz11kN\Bearing2_5\23.csv,-1.684483528137207,0.8494817018508911,3.605494976043701,3.5228888988494873,-3.4917802810668945,-1.5838148593902588,0.8534941077232361,-2.2461671829223633
arm_b,37.5Hz11kN,Bearing2_5,37.5Hz11kN/Bearing2_5,23,0.06804733727810651,ready,0.4985893666744232,0.038705650717020035,0.18961289525032043,0.40195614099502563,D:\1\德国留学\斯图加特大学在校资料\hiwi工作\XJTU-SY_Bearing_Datasets\Data\XJTU-SY_Bearing_Datasets\37.5Hz11kN\Bearing2_5\24.csv,-1.7068376541137695,0.8996502161026001,3.7165780067443848,3.589841365814209,-3.607778549194336,-1.5990254878997803,0.8385568261146545,-2.2931172847747803
arm_b,37.5Hz11kN,Bearing2_5,37.5Hz11kN/Bearing2_5,24,0.07100591715976332,ready,0.5113778114318848,0.035003501921892166,0.04323232173919678,0.40692347288131714,D:\1\德国留学\斯图加特大学在校资料\hiwi工作\XJTU-SY_Bearing_Datasets\Data\XJTU-SY_Bearing_Datasets\37.5Hz11kN\Bearing2_5\25.csv,-1.7128924131393433,0.8748988509178162,3.715080738067627,3.6058554649353027,-3.5899510383605957,-1.6162068843841553,0.8418543934822083,-2.311479091644287
arm_b,37.5Hz11kN,Bearing2_5,37.5Hz11kN/Bearing2_5,25,0.07396449704142012,ready,0.5530089735984802,0.03063061460852623,0.03769979998469353,0.40976786613464355,D:\1\德国留学\斯图加特大学在校资料\hiwi工作\XJTU-SY_Bearing_Datasets\Data\XJTU-SY_Bearing_Datasets\37.5Hz11kN\Bearing2_5\26.csv,-1.7021527290344238,0.8698282241821289,3.7008399963378906,3.583375930786133,-3.5763401985168457,-1.6027872562408447,0.8404398560523987,-2.2971699237823486
arm_b,37.5Hz11kN,Bearing2_5,37.5Hz11kN/Bearing2_5,26,0.07692307692307693,ready,0.5882241129875183,0.0246316846460104,0.10631374269723892,0.4185839593410492,D:\1\德国留学\斯图加特大学在校资料\hiwi工作\XJTU-SY_Bearing_Datasets\Data\XJTU-SY_Bearing_Datasets\37.5Hz11kN\Bearing2_5\27.csv,-1.6930391788482666,0.9135371446609497,3.761906147003174,3.6446166038513184,-3.605455160140991,-1.624725341796875,0.8238583207130432,-2.312192678451538
arm_b,37.5Hz11kN,Bearing2_5,37.5Hz11kN/Bearing2_5,27,0.07988165680473373,ready,0.5926069021224976,0.021479519084095955,0.12785972654819489,0.4126790165901184,D:\1\德国留学\斯图加特大学在校资料\hiwi工作\XJTU-SY_Bearing_Datasets\Data\XJTU-SY_Bearing_Datasets\37.5Hz11kN\Bearing2_5\28.csv,-1.6624946594238281,0.9005555510520935,3.6918163299560547,3.583029270172119,-3.5337541103363037,-1.6089215278625488,0.8064929246902466,-2.2830605506896973
arm_b,37.5Hz11kN,Bearing2_5,37.5Hz11kN/Bearing2_5,28,0.08284023668639054,ready,0.6206657290458679,0.021082885563373566,0.2967962622642517,0.4022371172904968,D:\1\德国留学\斯图加特大学在校资料\hiwi工作\XJTU-SY_Bearing_Datasets\Data\XJTU-SY_Bearing_Datasets\37.5Hz11kN\Bearing2_5\29.csv,-1.8064465522766113,0.7310806512832642,3.6174473762512207,3.5646276473999023,-3.5080249309539795,-1.7037702798843384,0.9267770051956177,-2.376056432723999
arm_b,37.5Hz11kN,Bearing2_5,37.5Hz11kN/Bearing2_5,29,0.08579881656804733,ready,0.6196953654289246,0.02080332487821579,0.3276642858982086,0.40958529710769653,D:\1\德国留学\斯图加特大学在校资料\hiwi工作\XJTU-SY_Bearing_Datasets\Data\XJTU-SY_Bearing_Datasets\37.5Hz11kN\Bearing2_5\30.csv,-1.7273731231689453,0.9133024215698242,3.7677907943725586,3.6609013080596924,-3.6490511894226074,-1.625939130783081,0.8492539525032043,-2.3121907711029053
arm_b,37.5Hz11kN,Bearing2_5,37.5Hz11kN/Bearing2_5,30,0.08875739644970414,ready,0.6371561884880066,0.020690979436039925,0.17331546545028687,0.40610185265541077,D:\1\德国留学\斯图加特大学在校资料\hiwi工作\XJTU-SY_Bearing_Datasets\Data\XJTU-SY_Bearing_Datasets\37.5Hz11kN\Bearing2_5\31.csv,-1.769705057144165,0.8148313760757446,3.6809113025665283,3.60496187210083,-3.587785243988037,-1.6641817092895508,0.8830164670944214,-2.351133346557617
arm_b,37.5Hz11kN,Bearing2_5,37.5Hz11kN/Bearing2_5,31,0.09171597633136094,ready,0.6707557439804077,0.020483115687966347,0.09746789187192917,0.4056622385978699,D:\1\德国留学\斯图加特大学在校资料\hiwi工作\XJTU-SY_Bearing_Datasets\Data\XJTU-SY_Bearing_Datasets\37.5Hz11kN\Bearing2_5\32.csv,-1.813928484916687,0.7729451656341553,3.6419901847839355,3.5610971450805664,-3.5784361362457275,-1.657814860343933,0.9298105239868164,-2.3568978309631348
arm_b,37.5Hz11kN,Bearing2_5,37.5Hz11kN/Bearing2_5,32,0.09467455621301775,ready,0.6701270341873169,0.019410261884331703,0.20211227238178253,0.40910330414772034,D:\1\德国留学\斯图加特大学在校资料\hiwi工作\XJTU-SY_Bearing_Datasets\Data\XJTU-SY_Bearing_Datasets\37.5Hz11kN\Bearing2_5\33.csv,-1.7434439659118652,0.872708797454834,3.7467405796051025,3.6438581943511963,-3.6344316005706787,-1.6517413854599,0.8621534705162048,-2.338013172149658
arm_b,37.5Hz11kN,Bearing2_5,37.5Hz11kN/Bearing2_5,33,0.09763313609467456,ready,0.70011305809021,0.018568359315395355,0.25448983907699585,0.3966665267944336,D:\1\德国留学\斯图加特大学在校资料\hiwi工作\XJTU-SY_Bearing_Datasets\Data\XJTU-SY_Bearing_Datasets\37.5Hz11kN\Bearing2_5\34.csv,-1.8451093435287476,0.7308244705200195,3.6678061485290527,3.5931482315063477,-3.5461952686309814,-1.7060964107513428,0.9596472978591919,-2.410475254058838
arm_b,37.5Hz11kN,Bearing2_5,37.5Hz11kN/Bearing2_5,34,0.10059171597633136,ready,0.7395737171173096,0.018288707360625267,0.15908463299274445,0.3903759717941284,D:\1\德国留学\斯图加特大学在校资料\hiwi工作\XJTU-SY_Bearing_Datasets\Data\XJTU-SY_Bearing_Datasets\37.5Hz11kN\Bearing2_5\35.csv,-1.8939425945281982,0.6652323007583618,3.5697431564331055,3.5304551124572754,-3.4937386512756348,-1.7217416763305664,1.0042853355407715,-2.4197001457214355
arm_b,37.5Hz11kN,Bearing2_5,37.5Hz11kN/Bearing2_5,35,0.10355029585798817,ready,0.7661638855934143,0.019468829035758972,0.13731324672698975,0.4037131071090698,D:\1\德国留学\斯图加特大学在校资料\hiwi工作\XJTU-SY_Bearing_Datasets\Data\XJTU-SY_Bearing_Datasets\37.5Hz11kN\Bearing2_5\36.csv,-1.8242038488388062,0.7254040837287903,3.627647638320923,3.5460991859436035,-3.5074219703674316,-1.6879291534423828,0.9388039708137512,-2.3857178688049316
arm_b,37.5Hz11kN,Bearing2_5,37.5Hz11kN/Bearing2_5,36,0.10650887573964497,ready,0.7793663144111633,0.0211330633610487,0.21849341690540314,0.4104945659637451,D:\1\德国留学\斯图加特大学在校资料\hiwi工作\XJTU-SY_Bearing_Datasets\Data\XJTU-SY_Bearing_Datasets\37.5Hz11kN\Bearing2_5\37.csv,-1.7665746212005615,0.8321683406829834,3.7095842361450195,3.6146962642669678,-3.62622332572937,-1.6297633647918701,0.8938456773757935,-2.3400866985321045
arm_b,37.5Hz11kN,Bearing2_5,37.5Hz11kN/Bearing2_5,37,0.10946745562130178,ready,0.8279059529304504,0.023420225828886032,0.38578498363494873,0.39311665296554565,D:\1\德国留学\斯图加特大学在校资料\hiwi工作\XJTU-SY_Bearing_Datasets\Data\XJTU-SY_Bearing_Datasets\37.5Hz11kN\Bearing2_5\38.csv,-1.9012361764907837,0.6182674169540405,3.5549416542053223,3.4998230934143066,-3.493614912033081,-1.7054874897003174,1.0240849256515503,-2.4269840717315674
arm_b,37.5Hz11kN,Bearing2_5,37.5Hz11kN/Bearing2_5,38,0.11242603550295859,ready,0.8385248184204102,0.02530507743358612,0.18271176517009735,0.40479084849357605,D:\1\德国留学\斯图加特大学在校资料\hiwi工作\XJTU-SY_Bearing_Datasets\Data\XJTU-SY_Bearing_Datasets\37.5Hz11kN\Bearing2_5\39.csv,-1.8784128427505493,0.684968888759613,3.66196870803833,3.6037282943725586,-3.539882183074951,-1.7543638944625854,0.9880696535110474,-2.445310354232788
arm_b,37.5Hz11kN,Bearing2_5,37.5Hz11kN/Bearing2_5,39,0.11538461538461539,ready,0.8756292462348938,0.026508398354053497,0.13143913447856903,0.39863109588623047,D:\1\德国留学\斯图加特大学在校资料\hiwi工作\XJTU-SY_Bearing_Datasets\Data\XJTU-SY_Bearing_Datasets\37.5Hz11kN\Bearing2_5\40.csv,-1.86922287940979,0.6775683164596558,3.5800411701202393,3.5369653701782227,-3.500354766845703,-1.7119072675704956,0.9695055484771729,-2.397791862487793
arm_b,37.5Hz11kN,Bearing2_5,37.5Hz11kN/Bearing2_5,40,0.11834319526627218,ready,0.9051288366317749,0.027382615953683853,0.10853343456983566,0.3889683485031128,D:\1\德国留学\斯图加特大学在校资料\hiwi工作\XJTU-SY_Bearing_Datasets\Data\XJTU-SY_Bearing_Datasets\37.5Hz11kN\Bearing2_5\41.csv,-1.9157549142837524,0.6511479020118713,3.619248390197754,3.563450574874878,-3.5344197750091553,-1.7378032207489014,1.0028398036956787,-2.458909511566162
arm_b,37.5Hz11kN,Bearing2_5,37.5Hz11kN/Bearing2_5,41,0.12130177514792899,ready,0.9465110898017883,0.029505861923098564,0.2491958737373352,0.3830939531326294,D:\1\德国留学\斯图加特大学在校资料\hiwi工作\XJTU-SY_Bearing_Datasets\Data\XJTU-SY_Bearing_Datasets\37.5Hz11kN\Bearing2_5\42.csv,-1.9843602180480957,0.5334616899490356,3.479468584060669,3.458649158477783,-3.443131685256958,-1.7483819723129272,1.0680129528045654,-2.476996898651123
arm_b,37.5Hz11kN,Bearing2_5,37.5Hz11kN/Bearing2_5,42,0.1242603550295858,ready,0.986392617225647,0.030420061200857162,0.20160436630249023,0.3917614221572876,D:\1\德国留学\斯图加特大学在校资料\hiwi工作\XJTU-SY_Bearing_Datasets\Data\XJTU-SY_Bearing_Datasets\37.5Hz11kN\Bearing2_5\43.csv,-1.9335185289382935,0.641180694103241,3.5450429916381836,3.490351676940918,-3.5547454357147217,-1.685433030128479,1.0164368152618408,-2.4314918518066406
arm_b,37.5Hz11kN,Bearing2_5,37.5Hz11kN/Bearing2_5,43,0.12721893491124261,ready,1.0089976787567139,0.030732808634638786,0.10610603541135788,0.3826106786727905,D:\1\德国留学\斯图加特大学在校资料\hiwi工作\XJTU-SY_Bearing_Datasets\Data\XJTU-SY_Bearing_Datasets\37.5Hz11kN\Bearing2_5\44.csv,-1.9323067665100098,0.5921198129653931,3.5410537719726562,3.4706003665924072,-3.4778847694396973,-1.728144884109497,1.0270521640777588,-2.4559760093688965
arm_b,37.5Hz11kN,Bearing2_5,37.5Hz11kN/Bearing2_5,44,0.1301775147928994,ready,1.0146986246109009,0.030243175104260445,0.06365715712308884,0.391135036945343,D:\1\德国留学\斯图加特大学在校资料\hiwi工作\XJTU-SY_Bearing_Datasets\Data\XJTU-SY_Bearing_Datasets\37.5Hz11kN\Bearing2_5\45.csv,-1.9179353713989258,0.6196348667144775,3.530088186264038,3.476213216781616,-3.481297254562378,-1.7063065767288208,1.0196648836135864,-2.407050132751465
arm_b,37.5Hz11kN,Bearing2_5,37.5Hz11kN/Bearing2_5,45,0.13313609467455623,ready,1.0475919246673584,0.029985548928380013,0.14661100506782532,0.3815052807331085,D:\1\德国留学\斯图加特大学在校资料\hiwi工作\XJTU-SY_Bearing_Datasets\Data\XJTU-SY_Bearing_Datasets\37.5Hz11kN\Bearing2_5\46.csv,-1.9728705883026123,0.5447076559066772,3.463148593902588,3.426471710205078,-3.4384965896606445,-1.725925087928772,1.0544202327728271,-2.4568796157836914
arm_b,37.5Hz11kN,Bearing2_5,37.5Hz11kN/Bearing2_5,46,0.13609467455621302,ready,1.0848829746246338,0.02923090010881424,0.2424437254667282,0.3813866078853607,D:\1\德国留学\斯图加特大学在校资料\hiwi工作\XJTU-SY_Bearing_Datasets\Data\XJTU-SY_Bearing_Datasets\37.5Hz11kN\Bearing2_5\47.csv,-1.9544358253479004,0.6296436786651611,3.6072936058044434,3.533926248550415,-3.575512170791626,-1.7276827096939087,1.04351806640625,-2.459228038787842
arm_b,37.5Hz11kN,Bearing2_5,37.5Hz11kN/Bearing2_5,47,0.1390532544378698,ready,1.096048355102539,0.02861800603568554,0.19350621104240417,0.3839159607887268,D:\1\德国留学\斯图加特大学在校资料\hiwi工作\XJTU-SY_Bearing_Datasets\Data\XJTU-SY_Bearing_Datasets\37.5Hz11kN\Bearing2_5\48.csv,-1.9426379203796387,0.5656355023384094,3.513559341430664,3.4614644050598145,-3.4386167526245117,-1.7421612739562988,1.0506644248962402,-2.4722867012023926
arm_b,37.5Hz11kN,Bearing2_5,37.5Hz11kN/Bearing2_5,48,0.14201183431952663,ready,1.0846312046051025,0.02484007552266121,0.3341752886772156,0.38847416639328003,D:\1\德国留学\斯图加特大学在校资料\hiwi工作\XJTU-SY_Bearing_Datasets\Data\XJTU-SY_Bearing_Datasets\37.5Hz11kN\Bearing2_5\49.csv,-1.8277760744094849,0.7379499077796936,3.596496105194092,3.491818904876709,-3.575732707977295,-1.6177589893341064,0.9443352222442627,-2.3481693267822266
arm_b,37.5Hz11kN,Bearing2_5,37.5Hz11kN/Bearing2_5,49,0.14497041420118342,ready,1.099617838859558,0.021370118483901024,0.26436933875083923,0.38057687878608704,D:\1\德国留学\斯图加特大学在校资料\hiwi工作\XJTU-SY_Bearing_Datasets\Data\XJTU-SY_Bearing_Datasets\37.5Hz11kN\Bearing2_5\50.csv,-1.9539577960968018,0.5896759033203125,3.5580129623413086,3.4669017791748047,-3.526456356048584,-1.6975303888320923,1.0544146299362183,-2.4428963661193848
arm_b,37.5Hz11kN,Bearing2_5,37.5Hz11kN/Bearing2_5,50,0.14792899408284024,ready,1.1199792623519897,0.018262408673763275,0.13442225754261017,0.3753650188446045,D:\1\德国留学\斯图加特大学在校资料\hiwi工作\XJTU-SY_Bearing_Datasets\Data\XJTU-SY_Bearing_Datasets\37.5Hz11kN\Bearing2_5\51.csv,-1.9994895458221436,0.536677360534668,3.474977731704712,3.418058395385742,-3.4889068603515625,-1.7025067806243896,1.0999345779418945,-2.462897300720215
arm_b,37.5Hz11kN,Bearing2_5,37.5Hz11kN/Bearing2_5,51,0.15088757396449703,ready,1.097269892692566,0.014070579782128334,0.2811618447303772,0.38648051023483276,D:\1\德国留学\斯图加特大学在校资料\hiwi工作\XJTU-SY_Bearing_Datasets\Data\XJTU-SY_Bearing_Datasets\37.5Hz11kN\Bearing2_5\52.csv,-1.9152517318725586,0.6615345478057861,3.6158885955810547,3.5549490451812744,-3.5789878368377686,-1.6961809396743774,1.007672905921936,-2.429656982421875
arm_b,37.5Hz11kN,Bearing2_5,37.5Hz11kN/Bearing2_5,52,0.15384615384615385,ready,1.107462763786316,0.011266114190220833,0.21601738035678864,0.37889599800109863,D:\1\德国留学\斯图加特大学在校资料\hiwi工作\XJTU-SY_Bearing_Datasets\Data\XJTU-SY_Bearing_Datasets\37.5Hz11kN\Bearing2_5\53.csv,-1.9612997770309448,0.568726658821106,3.508741855621338,3.4353437423706055,-3.4882102012634277,-1.69442617893219,1.0490864515304565,-2.443265199661255
arm_b,37.5Hz11kN,Bearing2_5,37.5Hz11kN/Bearing2_5,53,0.15680473372781065,ready,1.0990092754364014,0.008040034212172031,0.20146116614341736,0.38361841440200806,D:\1\德国留学\斯图加特大学在校资料\hiwi工作\XJTU-SY_Bearing_Datasets\Data\XJTU-SY_Bearing_Datasets\37.5Hz11kN\Bearing2_5\54.csv,-1.9447047710418701,0.6602020859718323,3.6050469875335693,3.5153861045837402,-3.6136012077331543,-1.6781282424926758,1.0328505039215088,-2.440124988555908
arm_b,37.5Hz11kN,Bearing2_5,37.5Hz11kN/Bearing2_5,54,0.15976331360946747,ready,1.1033341884613037,0.004338872618973255,0.1439218372106552,0.37543928623199463,D:\1\德国留学\斯图加特大学在校资料\hiwi工作\XJTU-SY_Bearing_Datasets\Data\XJTU-SY_Bearing_Datasets\37.5Hz11kN\Bearing2_5\55.csv,-1.9553892612457275,0.5913267135620117,3.5385003089904785,3.4544405937194824,-3.528637170791626,-1.6885619163513184,1.048109531402588,-2.4277913570404053
arm_b,37.5Hz11kN,Bearing2_5,37.5Hz11kN/Bearing2_5,55,0.16272189349112426,ready,1.0904593467712402,0.0010539633221924305,0.041638270020484924,0.37672966718673706,D:\1\德国留学\斯图加特大学在校资料\hiwi工作\XJTU-SY_Bearing_Datasets\Data\XJTU-SY_Bearing_Datasets\37.5Hz11kN\Bearing2_5\56.csv,-1.9402389526367188,0.6079223155975342,3.5438334941864014,3.44087553024292,-3.5356435775756836,-1.670320749282837,1.0287481546401978,-2.411677598953247
arm_b,37.5Hz11kN,Bearing2_5,37.5Hz11kN/Bearing2_5,56,0.16568047337278108,ready,1.0904499292373657,-0.00026499503292143345,0.12960748374462128,0.37739163637161255,D:\1\德国留学\斯图加特大学在校资料\hiwi工作\XJTU-SY_Bearing_Datasets\Data\XJTU-SY_Bearing_Datasets\37.5Hz11kN\Bearing2_5\57.csv,-1.9740325212478638,0.6291911602020264,3.599217176437378,3.5018506050109863,-3.6170549392700195,-1.6743251085281372,1.0466077327728271,-2.4498300552368164
arm_b,37.5Hz11kN,Bearing2_5,37.5Hz11kN/Bearing2_5,57,0.16863905325443787,ready,1.09523344039917,-0.0006461541051976383,0.23703259229660034,0.38298898935317993,D:\1\德国留学\斯图加特大学在校资料\hiwi工作\XJTU-SY_Bearing_Datasets\Data\XJTU-SY_Bearing_Datasets\37.5Hz11kN\Bearing2_5\58.csv,-1.983352541923523,0.5415452718734741,3.506241798400879,3.478127956390381,-3.444732189178467,-1.7623870372772217,1.0764747858047485,-2.479266881942749
arm_b,37.5Hz11kN,Bearing2_5,37.5Hz11kN/Bearing2_5,58,0.17159763313609466,ready,1.1391642093658447,0.0006176449824124575,0.09281320124864578,0.37131065130233765,D:\1\德国留学\斯图加特大学在校资料\hiwi工作\XJTU-SY_Bearing_Datasets\Data\XJTU-SY_Bearing_Datasets\37.5Hz11kN\Bearing2_5\59.csv,-2.0261054039001465,0.4933130145072937,3.4843292236328125,3.4628100395202637,-3.467257499694824,-1.762217402458191,1.1309117078781128,-2.495836019515991
arm_b,37.5Hz11kN,Bearing2_5,37.5Hz11kN/Bearing2_5,59,0.17455621301775148,ready,1.1642634868621826,0.0035885984543710947,0.08927907049655914,0.3694014549255371,D:\1\德国留学\斯图加特大学在校资料\hiwi工作\XJTU-SY_Bearing_Datasets\Data\XJTU-SY_Bearing_Datasets\37.5Hz11kN\Bearing2_5\60.csv,-2.0435752868652344,0.45176658034324646,3.4715888500213623,3.4323229789733887,-3.4174702167510986,-1.7990398406982422,1.1360164880752563,-2.527251720428467
arm_b,37.5Hz11kN,Bearing2_5,37.5Hz11kN/Bearing2_5,60,0.17751479289940827,ready,1.1628462076187134,0.007056090515106916,0.1540025919675827,0.36720696091651917,D:\1\德国留学\斯图加特大学在校资料\hiwi工作\XJTU-SY_Bearing_Datasets\Data\XJTU-SY_Bearing_Datasets\37.5Hz11kN\Bearing2_5\61.csv,-1.9799227714538574,0.5220679044723511,3.522315502166748,3.4675486087799072,-3.464874744415283,-1.7419452667236328,1.0780049562454224,-2.482123851776123
arm_b,37.5Hz11kN,Bearing2_5,37.5Hz11kN/Bearing2_5,61,0.1804733727810651,ready,1.1707898378372192,0.008923313580453396,0.23890651762485504,0.374530553817749,D:\1\德国留学\斯图加特大学在校资料\hiwi工作\XJTU-SY_Bearing_Datasets\Data\XJTU-SY_Bearing_Datasets\37.5Hz11kN\Bearing2_5\62.csv,-1.981066346168518,0.6356870532035828,3.6326377391815186,3.5649640560150146,-3.6102635860443115,-1.7258553504943848,1.0547738075256348,-2.4582815170288086
arm_b,37.5Hz11kN,Bearing2_5,37.5Hz11kN/Bearing2_5,62,0.1834319526627219,ready,1.1776751279830933,0.010954472236335278,0.15961574018001556,0.374803751707077,D:\1\德国留学\斯图加特大学在校资料\hiwi工作\XJTU-SY_Bearing_Datasets\Data\XJTU-SY_Bearing_Datasets\37.5Hz11kN\Bearing2_5\63.csv,-2.034533739089966,0.5471681356430054,3.56711745262146,3.5086231231689453,-3.5691702365875244,-1.7479832172393799,1.0999538898468018,-2.5139238834381104
arm_b,37.5Hz11kN,Bearing2_5,37.5Hz11kN/Bearing2_5,63,0.1863905325443787,ready,1.1817104816436768,0.011791116558015347,0.1959943175315857,0.3643781840801239,D:\1\德国留学\斯图加特大学在校资料\hiwi工作\XJTU-SY_Bearing_Datasets\Data\XJTU-SY_Bearing_Datasets\37.5Hz11kN\Bearing2_5\64.csv,-1.9094362258911133,0.6123653650283813,3.5769970417022705,3.4962575435638428,-3.4868016242980957,-1.7259225845336914,1.0267527103424072,-2.4388670921325684
arm_b,37.5Hz11kN,Bearing2_5,37.5Hz11kN/Bearing2_5,64,0.1893491124260355,ready,1.198380708694458,0.012822934426367283,0.22040656208992004,0.3671387732028961,D:\1\德国留学\斯图加特大学在校资料\hiwi工作\XJTU-SY_Bearing_Datasets\Data\XJTU-SY_Bearing_Datasets\37.5Hz11kN\Bearing2_5\65.csv,-2.032205104827881,0.5088177919387817,3.5444717407226562,3.4822468757629395,-3.5122148990631104,-1.778787612915039,1.115522861480713,-2.5399110317230225
arm_b,37.5Hz11kN,Bearing2_5,37.5Hz11kN/Bearing2_5,65,0.19230769230769232,ready,1.2106032371520996,0.012511033564805984,0.17785221338272095,0.3606163263320923,D:\1\德国留学\斯图加特大学在校资料\hiwi工作\XJTU-SY_Bearing_Datasets\Data\XJTU-SY_Bearing_Datasets\37.5Hz11kN\Bearing2_5\66.csv,-1.9830410480499268,0.5479089021682739,3.480713367462158,3.410372257232666,-3.481192111968994,-1.6994519233703613,1.081373929977417,-2.439749240875244
arm_b,37.5Hz11kN,Bearing2_5,37.5Hz11kN/Bearing2_5,66,0.1952662721893491,ready,1.2362043857574463,0.012138641439378262,0.18270494043827057,0.3725779354572296,D:\1\德国留学\斯图加特大学在校资料\hiwi工作\XJTU-SY_Bearing_Datasets\Data\XJTU-SY_Bearing_Datasets\37.5Hz11kN\Bearing2_5\67.csv,-2.053130626678467,0.4822523593902588,3.489046573638916,3.475404739379883,-3.4806172847747803,-1.7961578369140625,1.132341980934143,-2.528681755065918
arm_b,37.5Hz11kN,Bearing2_5,37.5Hz11kN/Bearing2_5,67,0.19822485207100593,ready,1.2542612552642822,0.011303350329399109,0.07283871620893478,0.3630010783672333,D:\1\德国留学\斯图加特大学在校资料\hiwi工作\XJTU-SY_Bearing_Datasets\Data\XJTU-SY_Bearing_Datasets\37.5Hz11kN\Bearing2_5\68.csv,-2.0784566402435303,0.43241792917251587,3.4780726432800293,3.4582302570343018,-3.4586381912231445,-1.7983589172363281,1.1656094789505005,-2.5417416095733643
arm_b,37.5Hz11kN,Bearing2_5,37.5Hz11kN/Bearing2_5,68,0.20118343195266272,ready,1.2406810522079468,0.010728428140282631,0.2648850381374359,0.36938196420669556,D:\1\德国留学\斯图加特大学在校资料\hiwi工作\XJTU-SY_Bearing_Datasets\Data\XJTU-SY_Bearing_Datasets\37.5Hz11kN\Bearing2_5\69.csv,-1.9992321729660034,0.5786307454109192,3.582179307937622,3.5014808177948,-3.571596145629883,-1.7131023406982422,1.0766078233718872,-2.4987173080444336
arm_b,37.5Hz11kN,Bearing2_5,37.5Hz11kN/Bearing2_5,69,0.20414201183431951,ready,1.2417850494384766,0.010656503029167652,0.2846105992794037,0.36036190390586853,D:\1\德国留学\斯图加特大学在校资料\hiwi工作\XJTU-SY_Bearing_Datasets\Data\XJTU-SY_Bearing_Datasets\37.5Hz11kN\Bearing2_5\70.csv,-2.050632953643799,0.44676628708839417,3.438915729522705,3.4080190658569336,-3.4167771339416504,-1.7679611444473267,1.1435914039611816,-2.514470100402832
arm_b,37.5Hz11kN,Bearing2_5,37.5Hz11kN/Bearing2_5,70,0.20710059171597633,ready,1.2337470054626465,0.009111997671425343,0.2519838511943817,0.3711509108543396,D:\1\德国留学\斯图加特大学在校资料\hiwi工作\XJTU-SY_Bearing_Datasets\Data\XJTU-SY_Bearing_Datasets\37.5Hz11kN\Bearing2_5\71.csv,-1.9573343992233276,0.5911266207695007,3.545978546142578,3.464118003845215,-3.5002293586730957,-1.7289937734603882,1.0622308254241943,-2.4493584632873535
arm_b,37.5Hz11kN,Bearing2_5,37.5Hz11kN/Bearing2_5,71,0.21005917159763313,ready,1.249234676361084,0.00808244664222002,0.12089979648590088,0.3646640479564667,D:\1\德国留学\斯图加特大学在校资料\hiwi工作\XJTU-SY_Bearing_Datasets\Data\XJTU-SY_Bearing_Datasets\37.5Hz11kN\Bearing2_5\72.csv,-2.0287935733795166,0.5313475131988525,3.508408546447754,3.42853045463562,-3.5276601314544678,-1.6997394561767578,1.0925471782684326,-2.4764044284820557
arm_b,37.5Hz11kN,Bearing2_5,37.5Hz11kN/Bearing2_5,72,0.21301775147928995,ready,1.26273512840271,0.007297455798834562,0.14842236042022705,0.37222522497177124,D:\1\德国留学\斯图加特大学在校资料\hiwi工作\XJTU-SY_Bearing_Datasets\Data\XJTU-SY_Bearing_Datasets\37.5Hz11kN\Bearing2_5\73.csv,-2.066821575164795,0.4687698483467102,3.488325595855713,3.433837413787842,-3.4715654850006104,-1.7851824760437012,1.149564504623413,-2.526778221130371
arm_b,37.5Hz11kN,Bearing2_5,37.5Hz11kN/Bearing2_5,73,0.21597633136094674,ready,1.2734225988388062,0.006333411671221256,0.24698910117149353,0.37688982486724854,D:\1\德国留学\斯图加特大学在校资料\hiwi工作\XJTU-SY_Bearing_Datasets\Data\XJTU-SY_Bearing_Datasets\37.5Hz11kN\Bearing2_5\74.csv,-2.009239673614502,0.5738268494606018,3.6155731678009033,3.5311620235443115,-3.6001460552215576,-1.7603802680969238,1.0890614986419678,-2.5134284496307373
arm_b,37.5Hz11kN,Bearing2_5,37.5Hz11kN/Bearing2_5,74,0.21893491124260356,ready,1.2721370458602905,0.0052989330142736435,0.1302950084209442,0.373594731092453,D:\1\德国留学\斯图加特大学在校资料\hiwi工作\XJTU-SY_Bearing_Datasets\Data\XJTU-SY_Bearing_Datasets\37.5Hz11kN\Bearing2_5\75.csv,-2.039088726043701,0.5153402090072632,3.5480551719665527,3.493098735809326,-3.5244388580322266,-1.7768003940582275,1.1141865253448486,-2.5184459686279297
arm_b,37.5Hz11kN,Bearing2_5,37.5Hz11kN/Bearing2_5,75,0.22189349112426035,ready,1.2690595388412476,0.004017409402877092,0.1208861768245697,0.3680408298969269,D:\1\德国留学\斯图加特大学在校资料\hiwi工作\XJTU-SY_Bearing_Datasets\Data\XJTU-SY_Bearing_Datasets\37.5Hz11kN\Bearing2_5\76.csv,-2.005652666091919,0.5770865678787231,3.5421142578125,3.4611456394195557,-3.53320574760437,-1.7113542556762695,1.0720081329345703,-2.4685709476470947
arm_b,37.5Hz11kN,Bearing2_5,37.5Hz11kN/Bearing2_5,76,0.22485207100591717,ready,1.2570250034332275,0.003077638568356633,0.08924984186887741,0.36225035786628723,D:\1\德国留学\斯图加特大学在校资料\hiwi工作\XJTU-SY_Bearing_Datasets\Data\XJTU-SY_Bearing_Datasets\37.5Hz11kN\Bearing2_5\77.csv,-2.0168569087982178,0.5483452081680298,3.4970831871032715,3.4096527099609375,-3.5523550510406494,-1.673223853111267,1.0914934873580933,-2.456981658935547
arm_b,37.5Hz11kN,Bearing2_5,37.5Hz11kN/Bearing2_5,77,0.22781065088757396,ready,1.2435567378997803,0.0023546551819890738,0.09287422150373459,0.3755802810192108,D:\1\德国留学\斯图加特大学在校资料\hiwi工作\XJTU-SY_Bearing_Datasets\Data\XJTU-SY_Bearing_Datasets\37.5Hz11kN\Bearing2_5\78.csv,-2.027216672897339,0.5241712927818298,3.4999141693115234,3.4381208419799805,-3.516312837600708,-1.7326617240905762,1.1238174438476562,-2.4921772480010986
arm_b,37.5Hz11kN,Bearing2_5,37.5Hz11kN/Bearing2_5,78,0.23076923076923078,ready,1.2575410604476929,0.0016188578447327018,0.17894347012043,0.37661978602409363,D:\1\德国留学\斯图加特大学在校资料\hiwi工作\XJTU-SY_Bearing_Datasets\Data\XJTU-SY_Bearing_Datasets\37.5Hz11kN\Bearing2_5\79.csv,-2.088487148284912,0.517598569393158,3.593235492706299,3.510627269744873,-3.6069748401641846,-1.773323655128479,1.1521340608596802,-2.552032232284546
arm_b,37.5Hz11kN,Bearing2_5,37.5Hz11kN/Bearing2_5,79,0.23372781065088757,ready,1.2409837245941162,-0.00015083081962075084,0.1364552080631256,0.3723786473274231,D:\1\德国留学\斯图加特大学在校资料\hiwi工作\XJTU-SY_Bearing_Datasets\Data\XJTU-SY_Bearing_Datasets\37.5Hz11kN\Bearing2_5\80.csv,-2.029439926147461,0.5508903861045837,3.5598204135894775,3.4695191383361816,-3.5581130981445312,-1.7384583950042725,1.0953768491744995,-2.485743284225464
arm_b,37.5Hz11kN,Bearing2_5,37.5Hz11kN/Bearing2_5,80,0.23668639053254437,ready,1.2565298080444336,-0.0015987078659236431,0.09702695906162262,0.37255072593688965,D:\1\德国留学\斯图加特大学在校资料\hiwi工作\XJTU-SY_Bearing_Datasets\Data\XJTU-SY_Bearing_Datasets\37.5Hz11kN\Bearing2_5\81.csv,-2.0708985328674316,0.5111115574836731,3.562162399291992,3.4994025230407715,-3.5634350776672363,-1.774301290512085,1.146409034729004,-2.5217604637145996
arm_b,37.5Hz11kN,Bearing2_5,37.5Hz11kN/Bearing2_5,81,0.23964497041420119,ready,1.2673137187957764,-0.0017020152881741524,0.0866008847951889,0.3695773482322693,D:\1\德国留学\斯图加特大学在校资料\hiwi工作\XJTU-SY_Bearing_Datasets\Data\XJTU-SY_Bearing_Datasets\37.5Hz11kN\Bearing2_5\82.csv,-2.0762429237365723,0.46994227170944214,3.5235869884490967,3.4513115882873535,-3.529313564300537,-1.755873203277588,1.1494759321212769,-2.5432584285736084
arm_b,37.5Hz11kN,Bearing2_5,37.5Hz11kN/Bearing2_5,82,0.24260355029585798,ready,1.2754542827606201,-0.000680401804856956,0.10911741107702255,0.3598577082157135,D:\1\德国留学\斯图加特大学在校资料\hiwi工作\XJTU-SY_Bearing_Datasets\Data\XJTU-SY_Bearing_Datasets\37.5Hz11kN\Bearing2_5\83.csv,-2.1346938610076904,0.42716479301452637,3.475734233856201,3.4097542762756348,-3.510307550430298,-1.7779438495635986,1.1917906999588013,-2.5453577041625977
arm_b,37.5Hz11kN,Bearing2_5,37.5Hz11kN/Bearing2_5,83,0.2455621301775148,ready,1.2972440719604492,0.0020880720112472773,0.07810802012681961,0.36841368675231934,D:\1\德国留学\斯图加特大学在校资料\hiwi工作\XJTU-SY_Bearing_Datasets\Data\XJTU-SY_Bearing_Datasets\37.5Hz11kN\Bearing2_5\84.csv,-2.1270575523376465,0.44553089141845703,3.513866424560547,3.436857223510742,-3.5663869380950928,-1.7655651569366455,1.1770696640014648,-2.544029712677002
arm_b,37.5Hz11kN,Bearing2_5,37.5Hz11kN/Bearing2_5,84,0.2485207100591716,ready,1.3039991855621338,0.004850558005273342,0.13161274790763855,0.3713279366493225,D:\1\德国留学\斯图加特大学在校资料\hiwi工作\XJTU-SY_Bearing_Datasets\Data\XJTU-SY_Bearing_Datasets\37.5Hz11kN\Bearing2_5\85.csv,-2.094777822494507,0.4802655279636383,3.5867371559143066,3.5307040214538574,-3.5732626914978027,-1.783716082572937,1.1616714000701904,-2.5625293254852295
arm_b,37.5Hz11kN,Bearing2_5,37.5Hz11kN/Bearing2_5,85,0.2514792899408284,ready,1.3219276666641235,0.007999585941433907,0.08877555280923843,0.37263789772987366,D:\1\德国留学\斯图加特大学在校资料\hiwi工作\XJTU-SY_Bearing_Datasets\Data\XJTU-SY_Bearing_Datasets\37.5Hz11kN\Bearing2_5\86.csv,-2.125420331954956,0.4791308641433716,3.564918279647827,3.488858222961426,-3.6333279609680176,-1.7509303092956543,1.1655714511871338,-2.5585594177246094
arm_b,37.5Hz11kN,Bearing2_5,37.5Hz11kN/Bearing2_5,86,0.25443786982248523,ready,1.346781849861145,0.0110611692070961,0.17381983995437622,0.36867567896842957,D:\1\德国留学\斯图加特大学在校资料\hiwi工作\XJTU-SY_Bearing_Datasets\Data\XJTU-SY_Bearing_Datasets\37.5Hz11kN\Bearing2_5\87.csv,-2.136488199234009,0.41677817702293396,3.5096514225006104,3.4783754348754883,-3.5108156204223633,-1.8222575187683105,1.2065014839172363,-2.5941481590270996
arm_b,37.5Hz11kN,Bearing2_5,37.5Hz11kN/Bearing2_5,87,0.257396449704142,ready,1.3684966564178467,0.013321350328624249,0.03541627898812294,0.36729997396469116,D:\1\德国留学\斯图加特大学在校资料\hiwi工作\XJTU-SY_Bearing_Datasets\Data\XJTU-SY_Bearing_Datasets\37.5Hz11kN\Bearing2_5\88.csv,-2.147128105163574,0.4012174606323242,3.517590045928955,3.487119436264038,-3.4975969791412354,-1.84456205368042,1.2054078578948975,-2.6034255027770996
arm_b,37.5Hz11kN,Bearing2_5,37.5Hz11kN/Bearing2_5,88,0.2603550295857988,ready,1.3985166549682617,0.01663685217499733,0.15036411583423615,0.3631182909011841,D:\1\德国留学\斯图加特大学在校资料\hiwi工作\XJTU-SY_Bearing_Datasets\Data\XJTU-SY_Bearing_Datasets\37.5Hz11kN\Bearing2_5\89.csv,-2.1894350051879883,0.32795408368110657,3.4356534481048584,3.417276382446289,-3.450928211212158,-1.8669018745422363,1.2366127967834473,-2.6179003715515137
arm_b,37.5Hz11kN,Bearing2_5,37.5Hz11kN/Bearing2_5,89,0.26331360946745563,ready,1.4410256147384644,0.019458400085568428,0.07853863388299942,0.35733312368392944,D:\1\德国留学\斯图加特大学在校资料\hiwi工作\XJTU-SY_Bearing_Datasets\Data\XJTU-SY_Bearing_Datasets\37.5Hz11kN\Bearing2_5\90.csv,-2.193202257156372,0.30757585167884827,3.4008984565734863,3.388547420501709,-3.3931875228881836,-1.853635311126709,1.250349521636963,-2.6152729988098145
arm_b,37.5Hz11kN,Bearing2_5,37.5Hz11kN/Bearing2_5,90,0.26627218934911245,ready,1.4721577167510986,0.022589724510908127,0.11032801866531372,0.36201056838035583,D:\1\德国留学\斯图加特大学在校资料\hiwi工作\XJTU-SY_Bearing_Datasets\Data\XJTU-SY_Bearing_Datasets\37.5Hz11kN\Bearing2_5\91.csv,-2.1984176635742188,0.3128339648246765,3.4586963653564453,3.42999267578125,-3.4770870208740234,-1.8494023084640503,1.25172758102417,-2.6156904697418213
arm_b,37.5Hz11kN,Bearing2_5,37.5Hz11kN/Bearing2_5,91,0.2692307692307692,ready,1.4811631441116333,0.024317510426044464,0.18670892715454102,0.36635124683380127,D:\1\德国留学\斯图加特大学在校资料\hiwi工作\XJTU-SY_Bearing_Datasets\Data\XJTU-SY_Bearing_Datasets\37.5Hz11kN\Bearing2_5\92.csv,-2.146480083465576,0.4259433448314667,3.510612964630127,3.4704532623291016,-3.5468125343322754,-1.7898807525634766,1.185746192932129,-2.56795597076416
arm_b,37.5Hz11kN,Bearing2_5,37.5Hz11kN/Bearing2_5,92,0.27218934911242604,ready,1.4850364923477173,0.024207156151533127,0.11139295250177383,0.36431753635406494,D:\1\德国留学\斯图加特大学在校资料\hiwi工作\XJTU-SY_Bearing_Datasets\Data\XJTU-SY_Bearing_Datasets\37.5Hz11kN\Bearing2_5\93.csv,-2.191829204559326,0.4274853467941284,3.5546469688415527,3.5058746337890625,-3.5945582389831543,-1.8196051120758057,1.2171154022216797,-2.6228065490722656
arm_b,37.5Hz11kN,Bearing2_5,37.5Hz11kN/Bearing2_5,93,0.27514792899408286,ready,1.490517020225525,0.023308005183935165,0.057229746133089066,0.36135241389274597,D:\1\德国留学\斯图加特大学在校资料\hiwi工作\XJTU-SY_Bearing_Datasets\Data\XJTU-SY_Bearing_Datasets\37.5Hz11kN\Bearing2_5\94.csv,-2.1630377769470215,0.4281926155090332,3.5311574935913086,3.482842445373535,-3.595820665359497,-1.8039610385894775,1.2110487222671509,-2.5899367332458496
arm_b,37.5Hz11kN,Bearing2_5,37.5Hz11kN/Bearing2_5,94,0.2781065088757396,ready,1.5255818367004395,0.02242911607027054,0.26424741744995117,0.36486268043518066,D:\1\德国留学\斯图加特大学在校资料\hiwi工作\XJTU-SY_Bearing_Datasets\Data\XJTU-SY_Bearing_Datasets\37.5Hz11kN\Bearing2_5\95.csv,-2.2543065547943115,0.29970496892929077,3.4454219341278076,3.4402542114257812,-3.471355438232422,-1.8973885774612427,1.2916674613952637,-2.6613762378692627
arm_b,37.5Hz11kN,Bearing2_5,37.5Hz11kN/Bearing2_5,95,0.28106508875739644,ready,1.5456984043121338,0.021156881004571915,0.13571976125240326,0.3646045923233032,D:\1\德国留学\斯图加特大学在校资料\hiwi工作\XJTU-SY_Bearing_Datasets\Data\XJTU-SY_Bearing_Datasets\37.5Hz11kN\Bearing2_5\96.csv,-2.1970083713531494,0.36844855546951294,3.4859049320220947,3.4745330810546875,-3.4965648651123047,-1.8489172458648682,1.2418816089630127,-2.6151857376098633
arm_b,37.5Hz11kN,Bearing2_5,37.5Hz11kN/Bearing2_5,96,0.28402366863905326,ready,1.5723116397857666,0.02028084546327591,0.25522831082344055,0.35839515924453735,D:\1\德国留学\斯图加特大学在校资料\hiwi工作\XJTU-SY_Bearing_Datasets\Data\XJTU-SY_Bearing_Datasets\37.5Hz11kN\Bearing2_5\97.csv,-2.2217767238616943,0.24576184153556824,3.357109785079956,3.3743996620178223,-3.351109027862549,-1.8678975105285645,1.2752593755722046,-2.630330801010132
arm_b,37.5Hz11kN,Bearing2_5,37.5Hz11kN/Bearing2_5,97,0.2869822485207101,ready,1.5806267261505127,0.01857232116162777,0.2856138050556183,0.36325550079345703,D:\1\德国留学\斯图加特大学在校资料\hiwi工作\XJTU-SY_Bearing_Datasets\Data\XJTU-SY_Bearing_Datasets\37.5Hz11kN\Bearing2_5\98.csv,-2.1973752975463867,0.3576931655406952,3.5176494121551514,3.4912686347961426,-3.5155491828918457,-1.8654638528823853,1.2366459369659424,-2.652294158935547
arm_b,37.5Hz11kN,Bearing2_5,37.5Hz11kN/Bearing2_5,98,0.28994082840236685,ready,1.5656248331069946,0.01547557208687067,0.16753970086574554,0.35984477400779724,D:\1\德国留学\斯图加特大学在校资料\hiwi工作\XJTU-SY_Bearing_Datasets\Data\XJTU-SY_Bearing_Datasets\37.5Hz11kN\Bearing2_5\99.csv,-2.122483253479004,0.4041903018951416,3.4844369888305664,3.4403929710388184,-3.474593162536621,-1.812936544418335,1.1870756149291992,-2.553736448287964
arm_b,37.5Hz11kN,Bearing2_5,37.5Hz11kN/Bearing2_5,99,0.29289940828402367,ready,1.5388915538787842,0.011729017831385136,0.08558905869722366,0.3593685030937195,D:\1\德国留学\斯图加特大学在校资料\hiwi工作\XJTU-SY_Bearing_Datasets\Data\XJTU-SY_Bearing_Datasets\37.5Hz11kN\Bearing2_5\100.csv,-2.0805139541625977,0.45505189895629883,3.5060577392578125,3.4769229888916016,-3.4789226055145264,-1.7962746620178223,1.1637189388275146,-2.535478115081787
arm_b,37.5Hz11kN,Bearing2_5,37.5Hz11kN/Bearing2_5,100,0.2958579881656805,ready,1.5347518920898438,0.00864588562399149,0.21659117937088013,0.35860151052474976,D:\1\德国留学\斯图加特大学在校资料\hiwi工作\XJTU-SY_Bearing_Datasets\Data\XJTU-SY_Bearing_Datasets\37.5Hz11kN\Bearing2_5\101.csv,-2.1591079235076904,0.3464604318141937,3.401294708251953,3.3905529975891113,-3.404209613800049,-1.8168694972991943,1.214141845703125,-2.579737663269043
arm_b,37.5Hz11kN,Bearing2_5,37.5Hz11kN/Bearing2_5,101,0.2988165680473373,ready,1.5332103967666626,0.005320316180586815,0.1508219838142395,0.35058242082595825,D:\1\德国留学\斯图加特大学在校资料\hiwi工作\XJTU-SY_Bearing_Datasets\Data\XJTU-SY_Bearing_Datasets\37.5Hz11kN\Bearing2_5\102.csv,-2.0837645530700684,0.4226757884025574,3.4684481620788574,3.424546718597412,-3.4334611892700195,-1.798119068145752,1.1666088104248047,-2.5335848331451416
arm_b,37.5Hz11kN,Bearing2_5,37.5Hz11kN/Bearing2_5,102,0.30177514792899407,ready,1.528820276260376,0.0013826334616169333,0.07761960476636887,0.3593636155128479,D:\1\德国留学\斯图加特大学在校资料\hiwi工作\XJTU-SY_Bearing_Datasets\Data\XJTU-SY_Bearing_Datasets\37.5Hz11kN\Bearing2_5\103.csv,-2.128866672515869,0.42107728123664856,3.473085641860962,3.439387083053589,-3.49200439453125,-1.7908250093460083,1.176750898361206,-2.546349287033081
arm_b,37.5Hz11kN,Bearing2_5,37.5Hz11kN/Bearing2_5,103,0.3047337278106509,ready,1.540989875793457,-0.002056597266346216,0.16966648399829865,0.35101741552352905,D:\1\德国留学\斯图加特大学在校资料\hiwi工作\XJTU-SY_Bearing_Datasets\Data\XJTU-SY_Bearing_Datasets\37.5Hz11kN\Bearing2_5\104.csv,-2.1455447673797607,0.32556021213531494,3.4022254943847656,3.392618179321289,-3.404508352279663,-1.8195478916168213,1.222830057144165,-2.5860066413879395
arm_b,37.5Hz11kN,Bearing2_5,37.5Hz11kN/Bearing2_5,104,0.3076923076923077,ready,1.5153391361236572,-0.005169096868485212,0.19596196711063385,0.35475850105285645,D:\1\德国留学\斯图加特大学在校资料\hiwi工作\XJTU-SY_Bearing_Datasets\Data\XJTU-SY_Bearing_Datasets\37.5Hz11kN\Bearing2_5\105.csv,-2.1304588317871094,0.43365615606307983,3.502819061279297,3.444782257080078,-3.5084567070007324,-1.7820154428482056,1.186440348625183,-2.5754966735839844
arm_b,37.5Hz11kN,Bearing2_5,37.5Hz11kN/Bearing2_5,105,0.3106508875739645,ready,1.4996445178985596,-0.007672408130019903,0.062421765178442,0.363816499710083,D:\1\德国留学\斯图加特大学在校资料\hiwi工作\XJTU-SY_Bearing_Datasets\Data\XJTU-SY_Bearing_Datasets\37.5Hz11kN\Bearing2_5\106.csv,-2.1026992797851562,0.4454961121082306,3.4879586696624756,3.4406204223632812,-3.475397825241089,-1.7766129970550537,1.1683378219604492,-2.5394721031188965
arm_b,37.5Hz11kN,Bearing2_5,37.5Hz11kN/Bearing2_5,106,0.3136094674556213,ready,1.482130765914917,-0.00879857037216425,0.17303018271923065,0.36207595467567444,D:\1\德国留学\斯图加特大学在校资料\hiwi工作\XJTU-SY_Bearing_Datasets\Data\XJTU-SY_Bearing_Datasets\37.5Hz11kN\Bearing2_5\107.csv,-2.163872241973877,0.35968923568725586,3.46452260017395,3.4702014923095703,-3.436715841293335,-1.8560295104980469,1.2250632047653198,-2.6194043159484863
arm_b,37.5Hz11kN,Bearing2_5,37.5Hz11kN/Bearing2_5,107,0.3165680473372781,ready,1.465796709060669,-0.009168240241706371,0.1599462628364563,0.3693508505821228,D:\1\德国留学\斯图加特大学在校资料\hiwi工作\XJTU-SY_Bearing_Datasets\Data\XJTU-SY_Bearing_Datasets\37.5Hz11kN\Bearing2_5\108.csv,-2.103242874145508,0.4307618737220764,3.513916015625,3.4933862686157227,-3.502594232559204,-1.8069427013397217,1.1717815399169922,-2.5539069175720215
arm_b,37.5Hz11kN,Bearing2_5,37.5Hz11kN/Bearing2_5,108,0.31952662721893493,ready,1.4646430015563965,-0.009209087118506432,0.05205918103456497,0.3613189458847046,D:\1\德国留学\斯图加特大学在校资料\hiwi工作\XJTU-SY_Bearing_Datasets\Data\XJTU-SY_Bearing_Datasets\37.5Hz11kN\Bearing2_5\109.csv,-2.11854887008667,0.42077159881591797,3.4904661178588867,3.466949462890625,-3.479994297027588,-1.8134351968765259,1.1938846111297607,-2.563170909881592
arm_b,37.5Hz11kN,Bearing2_5,37.5Hz11kN/Bearing2_5,109,0.3224852071005917,ready,1.4783406257629395,-0.009060987271368504,0.06970527768135071,0.3561509847640991,D:\1\德国留学\斯图加特大学在校资料\hiwi工作\XJTU-SY_Bearing_Datasets\Data\XJTU-SY_Bearing_Datasets\37.5Hz11kN\Bearing2_5\110.csv,-2.1520304679870605,0.3838164210319519,3.4680891036987305,3.448629379272461,-3.4630024433135986,-1.8215712308883667,1.2181364297866821,-2.5875163078308105
arm_b,37.5Hz11kN,Bearing2_5,37.5Hz11kN/Bearing2_5,110,0.3254437869822485,ready,1.4828624725341797,-0.008208268322050571,0.10332779586315155,0.35823482275009155,D:\1\德国留学\斯图加特大学在校资料\hiwi工作\XJTU-SY_Bearing_Datasets\Data\XJTU-SY_Bearing_Datasets\37.5Hz11kN\Bearing2_5\111.csv,-2.1980037689208984,0.3246793746948242,3.443807363510132,3.4520092010498047,-3.4392244815826416,-1.8552837371826172,1.2529287338256836,-2.6269173622131348
arm_b,37.5Hz11kN,Bearing2_5,37.5Hz11kN/Bearing2_5,111,0.32840236686390534,ready,1.4826308488845825,-0.006841986905783415,0.28154635429382324,0.37302878499031067,D:\1\德国留学\斯图加特大学在校资料\hiwi工作\XJTU-SY_Bearing_Datasets\Data\XJTU-SY_Bearing_Datasets\37.5Hz11kN\Bearing2_5\112.csv,-2.1319642066955566,0.4578114449977875,3.5991504192352295,3.542478084564209,-3.584902048110962,-1.8535081148147583,1.194913387298584,-2.6103038787841797
arm_b,37.5Hz11kN,Bearing2_5,37.5Hz11kN/Bearing2_5,112,0.33136094674556216,ready,1.4789749383926392,-0.005354708060622215,0.06249223276972771,0.3765406012535095,D:\1\德国留学\斯图加特大学在校资料\hiwi工作\XJTU-SY_Bearing_Datasets\Data\XJTU-SY_Bearing_Datasets\37.5Hz11kN\Bearing2_5\113.csv,-2.1482181549072266,0.4645245373249054,3.590010166168213,3.524113178253174,-3.6120102405548096,-1.8083823919296265,1.1808176040649414,-2.5959744453430176
arm_b,37.5Hz11kN,Bearing2_5,37.5Hz11kN/Bearing2_5,113,0.3343195266272189,ready,1.4649635553359985,-0.0032161937560886145,0.15648221969604492,0.3655497431755066,D:\1\德国留学\斯图加特大学在校资料\hiwi工作\XJTU-SY_Bearing_Datasets\Data\XJTU-SY_Bearing_Datasets\37.5Hz11kN\Bearing2_5\114.csv,-2.12620210647583,0.41454917192459106,3.500615119934082,3.467028856277466,-3.5174689292907715,-1.7872648239135742,1.1883094310760498,-2.5674400329589844
arm_b,37.5Hz11kN,Bearing2_5,37.5Hz11kN/Bearing2_5,114,0.33727810650887574,ready,1.4671709537506104,-0.001745794084854424,0.19608505070209503,0.37577763199806213,D:\1\德国留学\斯图加特大学在校资料\hiwi工作\XJTU-SY_Bearing_Datasets\Data\XJTU-SY_Bearing_Datasets\37.5Hz11kN\Bearing2_5\115.csv,-2.1686689853668213,0.44145891070365906,3.6068220138549805,3.571554183959961,-3.5945301055908203,-1.841700553894043,1.2203617095947266,-2.628981113433838
arm_b,37.5Hz11kN,Bearing2_5,37.5Hz11kN/Bearing2_5,115,0.34023668639053256,ready,1.4741332530975342,-0.000358083751052618,0.1926545351743698,0.3717755079269409,D:\1\德国留学\斯图加特大学在校资料\hiwi工作\XJTU-SY_Bearing_Datasets\Data\XJTU-SY_Bearing_Datasets\37.5Hz11kN\Bearing2_5\116.csv,-2.129655361175537,0.40701380372047424,3.514573097229004,3.4744975566864014,-3.4752707481384277,-1.8413243293762207,1.20420241355896,-2.584334373474121
arm_b,37.5Hz11kN,Bearing2_5,37.5Hz11kN/Bearing2_5,116,0.3431952662721893,ready,1.4629915952682495,-0.0004364562628325075,0.17556744813919067,0.3731290400028229,D:\1\德国留学\斯图加特大学在校资料\hiwi工作\XJTU-SY_Bearing_Datasets\Data\XJTU-SY_Bearing_Datasets\37.5Hz11kN\Bearing2_5\117.csv,-2.1690423488616943,0.4533599317073822,3.5902528762817383,3.5290045738220215,-3.6077423095703125,-1.8358051776885986,1.208389401435852,-2.6131350994110107
arm_b,37.5Hz11kN,Bearing2_5,37.5Hz11kN/Bearing2_5,117,0.34615384615384615,ready,1.472487211227417,-0.0008538332767784595,0.1064426600933075,0.37417227029800415,D:\1\德国留学\斯图加特大学在校资料\hiwi工作\XJTU-SY_Bearing_Datasets\Data\XJTU-SY_Bearing_Datasets\37.5Hz11kN\Bearing2_5\118.csv,-2.179973602294922,0.3990340530872345,3.540881633758545,3.4827704429626465,-3.5543155670166016,-1.8194596767425537,1.231636881828308,-2.6084346771240234
arm_b,37.5Hz11kN,Bearing2_5,37.5Hz11kN/Bearing2_5,118,0.34911242603550297,ready,1.4649468660354614,-0.0018405127339065075,0.15364831686019897,0.37665343284606934,D:\1\德国留学\斯图加特大学在校资料\hiwi工作\XJTU-SY_Bearing_Datasets\Data\XJTU-SY_Bearing_Datasets\37.5Hz11kN\Bearing2_5\119.csv,-2.136857509613037,0.483210027217865,3.596848487854004,3.517815589904785,-3.6185312271118164,-1.769214153289795,1.1760581731796265,-2.5846543312072754
arm_b,37.5Hz11kN,Bearing2_5,37.5Hz11kN/Bearing2_5,119,0.3520710059171598,ready,1.399301528930664,-0.005498355254530907,0.527401328086853,0.3753175735473633,D:\1\德国留学\斯图加特大学在校资料\hiwi工作\XJTU-SY_Bearing_Datasets\Data\XJTU-SY_Bearing_Datasets\37.5Hz11kN\Bearing2_5\120.csv,-1.8627252578735352,0.759617805480957,3.6640875339508057,3.519728899002075,-3.6506831645965576,-1.5871477127075195,0.976828396320343,-2.3651020526885986
arm_b,37.5Hz11kN,Bearing2_5,37.5Hz11kN/Bearing2_5,120,0.35502958579881655,ready,1.2729791402816772,-0.01478700339794159,0.6755751371383667,0.4331333637237549,D:\1\德国留学\斯图加特大学在校资料\hiwi工作\XJTU-SY_Bearing_Datasets\Data\XJTU-SY_Bearing_Datasets\37.5Hz11kN\Bearing2_5\121.csv,-1.5930252075195312,1.1115785837173462,3.9369935989379883,3.7641491889953613,-3.8128342628479004,-1.4967228174209595,0.723124623298645,-2.201599597930908
arm_b,37.5Hz11kN,Bearing2_5,37.5Hz11kN/Bearing2_5,121,0.35798816568047337,ready,1.1929051876068115,-0.025914721190929413,0.7938507199287415,0.43492069840431213,D:\1\德国留学\斯图加特大学在校资料\hiwi工作\XJTU-SY_Bearing_Datasets\Data\XJTU-SY_Bearing_Datasets\37.5Hz11kN\Bearing2_5\122.csv,-1.1869316101074219,1.578423023223877,4.102307319641113,3.8255488872528076,-3.8702232837677,-1.2717076539993286,0.4302045702934265,-1.9249821901321411
arm_b,37.5Hz11kN,Bearing2_5,37.5Hz11kN/Bearing2_5,122,0.3609467455621302,ready,1.1435798406600952,-0.03646481782197952,0.29316413402557373,0.4217023551464081,D:\1\德国留学\斯图加特大学在校资料\hiwi工作\XJTU-SY_Bearing_Datasets\Data\XJTU-SY_Bearing_Datasets\37.5Hz11kN\Bearing2_5\123.csv,-1.0874767303466797,1.7280428409576416,4.215842247009277,3.8799872398376465,-3.9993700981140137,-1.1745522022247314,0.35252800583839417,-1.8497333526611328
arm_b,37.5Hz11kN,Bearing2_5,37.5Hz11kN/Bearing2_5,123,0.363905325443787,ready,1.0902884006500244,-0.046790413558483124,0.13416486978530884,0.42560532689094543,D:\1\德国留学\斯图加特大学在校资料\hiwi工作\XJTU-SY_Bearing_Datasets\Data\XJTU-SY_Bearing_Datasets\37.5Hz11kN\Bearing2_5\124.csv,-1.0410122871398926,1.7539942264556885,4.1695027351379395,3.830578088760376,-3.908177614212036,-1.1662613153457642,0.3159489631652832,-1.8204699754714966
arm_b,37.5Hz11kN,Bearing2_5,37.5Hz11kN/Bearing2_5,124,0.3668639053254438,ready,1.040269374847412,-0.05515564605593681,0.0947456806898117,0.4162936210632324,D:\1\德国留学\斯图加特大学在校资料\hiwi工作\XJTU-SY_Bearing_Datasets\Data\XJTU-SY_Bearing_Datasets\37.5Hz11kN\Bearing2_5\125.csv,-0.9884530305862427,1.784606695175171,4.141706466674805,3.8026223182678223,-3.887768268585205,-1.1328808069229126,0.28909122943878174,-1.782118320465088
arm_b,37.5Hz11kN,Bearing2_5,37.5Hz11kN/Bearing2_5,125,0.3698224852071006,ready,1.0079742670059204,-0.059643711894750595,0.20111320912837982,0.40521901845932007,D:\1\德国留学\斯图加特大学在校资料\hiwi工作\XJTU-SY_Bearing_Datasets\Data\XJTU-SY_Bearing_Datasets\37.5Hz11kN\Bearing2_5\126.csv,-0.9140759706497192,1.880709171295166,4.174082279205322,3.7940139770507812,-3.933885097503662,-1.0399670600891113,0.21871717274188995,-1.6880738735198975
arm_b,37.5Hz11kN,Bearing2_5,37.5Hz11kN/Bearing2_5,126,0.3727810650887574,ready,0.9732583165168762,-0.06111773103475571,0.09448270499706268,0.40620189905166626,D:\1\德国留学\斯图加特大学在校资料\hiwi工作\XJTU-SY_Bearing_Datasets\Data\XJTU-SY_Bearing_Datasets\37.5Hz11kN\Bearing2_5\127.csv,-0.9366035461425781,1.8494621515274048,4.1963725090026855,3.8242831230163574,-3.9584908485412598,-1.0867507457733154,0.24230779707431793,-1.7398364543914795
arm_b,37.5Hz11kN,Bearing2_5,37.5Hz11kN/Bearing2_5,127,0.3757396449704142,ready,0.942986011505127,-0.05767377093434334,0.10576283186674118,0.4046558737754822,D:\1\德国留学\斯图加特大学在校资料\hiwi工作\XJTU-SY_Bearing_Datasets\Data\XJTU-SY_Bearing_Datasets\37.5Hz11kN\Bearing2_5\128.csv,-0.9085016250610352,1.9181432723999023,4.211390495300293,3.827502489089966,-3.9814882278442383,-1.038723349571228,0.21278426051139832,-1.6981722116470337
arm_b,37.5Hz11kN,Bearing2_5,37.5Hz11kN/Bearing2_5,128,0.378698224852071,ready,0.9239795804023743,-0.049351029098033905,0.09927050024271011,0.4063411056995392,D:\1\德国留学\斯图加特大学在校资料\hiwi工作\XJTU-SY_Bearing_Datasets\Data\XJTU-SY_Bearing_Datasets\37.5Hz11kN\Bearing2_5\129.csv,-0.8979336023330688,1.9095916748046875,4.169031143188477,3.777125358581543,-3.9148452281951904,-1.0327848196029663,0.1916082799434662,-1.6778578758239746
arm_b,37.5Hz11kN,Bearing2_5,37.5Hz11kN/Bearing2_5,129,0.3816568047337278,ready,0.9472200274467468,-0.037579793483018875,0.12624388933181763,0.4063202440738678,D:\1\德国留学\斯图加特大学在校资料\hiwi工作\XJTU-SY_Bearing_Datasets\Data\XJTU-SY_Bearing_Datasets\37.5Hz11kN\Bearing2_5\130.csv,-0.9476252794265747,1.8397363424301147,4.185797214508057,3.7972755432128906,-3.9524481296539307,-1.0659593343734741,0.24163855612277985,-1.731558918952942
arm_b,37.5Hz11kN,Bearing2_5,37.5Hz11kN/Bearing2_5,130,0.38461538461538464,ready,1.041658639907837,-0.023599078878760338,0.21663236618041992,0.40273022651672363,D:\1\德国留学\斯图加特大学在校资料\hiwi工作\XJTU-SY_Bearing_Datasets\Data\XJTU-SY_Bearing_Datasets\37.5Hz11kN\Bearing2_5\131.csv,-0.8613777756690979,1.9827179908752441,4.26484489440918,3.864664077758789,-3.991955280303955,-1.0367251634597778,0.17598101496696472,-1.6924299001693726
arm_b,37.5Hz11kN,Bearing2_5,37.5Hz11kN/Bearing2_5,131,0.3875739644970414,ready,1.0973552465438843,-0.009114744141697884,0.12960775196552277,0.4078742563724518,D:\1\德国留学\斯图加特大学在校资料\hiwi工作\XJTU-SY_Bearing_Datasets\Data\XJTU-SY_Bearing_Datasets\37.5Hz11kN\Bearing2_5\132.csv,-0.9220129251480103,1.8976802825927734,4.229185581207275,3.8260202407836914,-3.9896364212036133,-1.0485180616378784,0.2231086641550064,-1.719993233680725
arm_b,37.5Hz11kN,Bearing2_5,37.5Hz11kN/Bearing2_5,132,0.3905325443786982,ready,1.1264921426773071,0.004828698933124542,0.046009693294763565,0.4115586280822754,D:\1\德国留学\斯图加特大学在校资料\hiwi工作\XJTU-SY_Bearing_Datasets\Data\XJTU-SY_Bearing_Datasets\37.5Hz11kN\Bearing2_5\133.csv,-0.9063658714294434,1.91646409034729,4.212847709655762,3.810743808746338,-3.982212781906128,-1.0266432762145996,0.20611585676670074,-1.7059731483459473
arm_b,37.5Hz11kN,Bearing2_5,37.5Hz11kN/Bearing2_5,133,0.39349112426035504,ready,1.1578824520111084,0.01713869906961918,0.07524244487285614,0.41378477215766907,D:\1\德国留学\斯图加特大学在校资料\hiwi工作\XJTU-SY_Bearing_Datasets\Data\XJTU-SY_Bearing_Datasets\37.5Hz11kN\Bearing2_5\134.csv,-0.9228630065917969,1.9334105253219604,4.257869720458984,3.834303379058838,-4.024971961975098,-1.0394724607467651,0.22394299507141113,-1.7204407453536987
arm_b,37.5Hz11kN,Bearing2_5,37.5Hz11kN/Bearing2_5,134,0.39644970414201186,ready,1.1879178285598755,0.02693307399749756,0.06171707436442375,0.4074358344078064,D:\1\德国留学\斯图加特大学在校资料\hiwi工作\XJTU-SY_Bearing_Datasets\Data\XJTU-SY_Bearing_Datasets\37.5Hz11kN\Bearing2_5\135.csv,-0.9225366115570068,1.9487791061401367,4.295428276062012,3.863129138946533,-4.060678482055664,-1.0412739515304565,0.2172928750514984,-1.723390817642212
arm_b,37.5Hz11kN,Bearing2_5,37.5Hz11kN/Bearing2_5,135,0.3994082840236686,ready,1.2035118341445923,0.03363534063100815,0.0765276625752449,0.41885021328926086,D:\1\德国留学\斯图加特大学在校资料\hiwi工作\XJTU-SY_Bearing_Datasets\Data\XJTU-SY_Bearing_Datasets\37.5Hz11kN\Bearing2_5\136.csv,-0.9024933576583862,1.9726141691207886,4.270695686340332,3.847932815551758,-4.071995735168457,-1.000077486038208,0.19248661398887634,-1.6833479404449463
arm_b,37.5Hz11kN,Bearing2_5,37.5Hz11kN/Bearing2_5,136,0.40236686390532544,ready,1.2132112979888916,0.03618212789297104,0.1428903341293335,0.42054256796836853,D:\1\德国留学\斯图加特大学在校资料\hiwi工作\XJTU-SY_Bearing_Datasets\Data\XJTU-SY_Bearing_Datasets\37.5Hz11kN\Bearing2_5\137.csv,-0.8985329270362854,1.919144630432129,4.217060565948486,3.8063576221466064,-3.9747493267059326,-1.0504204034805298,0.21773755550384521,-1.7009224891662598
arm_b,37.5Hz11kN,Bearing2_5,37.5Hz11kN/Bearing2_5,137,0.40532544378698226,ready,1.219529628753662,0.03414686769247055,0.14436975121498108,0.41152599453926086,D:\1\德国留学\斯图加特大学在校资料\hiwi工作\XJTU-SY_Bearing_Datasets\Data\XJTU-SY_Bearing_Datasets\37.5Hz11kN\Bearing2_5\138.csv,-0.9103176593780518,1.9591097831726074,4.304635047912598,3.879568099975586,-4.046222686767578,-1.0536555051803589,0.2227674424648285,-1.7314717769622803
arm_b,37.5Hz11kN,Bearing2_5,37.5Hz11kN/Bearing2_5,138,0.40828402366863903,ready,1.2144215106964111,0.027213850989937782,0.15272952616214752,0.4160221815109253,D:\1\德国留学\斯图加特大学在校资料\hiwi工作\XJTU-SY_Bearing_Datasets\Data\XJTU-SY_Bearing_Datasets\37.5Hz11kN\Bearing2_5\139.csv,-0.962105393409729,1.870418906211853,4.220534324645996,3.8202896118164062,-4.0051589012146,-1.059701919555664,0.24061617255210876,-1.7437201738357544
arm_b,37.5Hz11kN,Bearing2_5,37.5Hz11kN/Bearing2_5,139,0.41124260355029585,ready,1.215036153793335,0.018343206495046616,0.047702666372060776,0.4165584444999695,D:\1\德国留学\斯图加特大学在校资料\hiwi工作\XJTU-SY_Bearing_Datasets\Data\XJTU-SY_Bearing_Datasets\37.5Hz11kN\Bearing2_5\140.csv,-0.9662004709243774,1.8656444549560547,4.207642555236816,3.8191680908203125,-3.9711272716522217,-1.0802075862884521,0.2624533176422119,-1.7473297119140625
arm_b,37.5Hz11kN,Bearing2_5,37.5Hz11kN/Bearing2_5,140,0.41420118343195267,ready,1.1979334354400635,0.011589345522224903,0.08060244470834732,0.4215088486671448,D:\1\德国留学\斯图加特大学在校资料\hiwi工作\XJTU-SY_Bearing_Datasets\Data\XJTU-SY_Bearing_Datasets\37.5Hz11kN\Bearing2_5\141.csv,-0.9733976125717163,1.8719415664672852,4.246919631958008,3.864107370376587,-4.020761489868164,-1.0948066711425781,0.2603223919868469,-1.7600514888763428
arm_b,37.5Hz11kN,Bearing2_5,37.5Hz11kN/Bearing2_5,141,0.4171597633136095,ready,1.1873574256896973,0.006077475380152464,0.135418102145195,0.42339202761650085,D:\1\德国留学\斯图加特大学在校资料\hiwi工作\XJTU-SY_Bearing_Datasets\Data\XJTU-SY_Bearing_Datasets\37.5Hz11kN\Bearing2_5\142.csv,-1.039739966392517,1.8227801322937012,4.286088943481445,3.8892273902893066,-4.0664567947387695,-1.1233869791030884,0.2981370985507965,-1.830902099609375
arm_b,37.5Hz11kN,Bearing2_5,37.5Hz11kN/Bearing2_5,142,0.42011834319526625,ready,1.1589159965515137,-0.00013422098709270358,0.1699129343032837,0.4118151068687439,D:\1\德国留学\斯图加特大学在校资料\hiwi工作\XJTU-SY_Bearing_Datasets\Data\XJTU-SY_Bearing_Datasets\37.5Hz11kN\Bearing2_5\143.csv,-1.0659409761428833,1.7204277515411377,4.210677623748779,3.826141119003296,-3.984511613845825,-1.149441123008728,0.32357698678970337,-1.8305246829986572
arm_b,37.5Hz11kN,Bearing2_5,37.5Hz11kN/Bearing2_5,143,0.4230769230769231,ready,1.1411024332046509,-0.005617895163595676,0.17795363068580627,0.40701863169670105,D:\1\德国留学\斯图加特大学在校资料\hiwi工作\XJTU-SY_Bearing_Datasets\Data\XJTU-SY_Bearing_Datasets\37.5Hz11kN\Bearing2_5\144.csv,-1.0713443756103516,1.780997395515442,4.295278549194336,3.9240312576293945,-4.088000774383545,-1.1483556032180786,0.31034135818481445,-1.8490570783615112
arm_b,37.5Hz11kN,Bearing2_5,37.5Hz11kN/Bearing2_5,144,0.4260355029585799,ready,1.1063683032989502,-0.010790405794978142,0.13582752645015717,0.42038393020629883,D:\1\德国留学\斯图加特大学在校资料\hiwi工作\XJTU-SY_Bearing_Datasets\Data\XJTU-SY_Bearing_Datasets\37.5Hz11kN\Bearing2_5\145.csv,-1.115747332572937,1.7275397777557373,4.236752510070801,3.87673020362854,-4.027608871459961,-1.1798690557479858,0.3632635176181793,-1.8717739582061768
arm_b,37.5Hz11kN,Bearing2_5,37.5Hz11kN/Bearing2_5,145,0.4289940828402367,ready,1.1263792514801025,-0.012843331322073936,0.5966092348098755,0.3884314298629761,D:\1\德国留学\斯图加特大学在校资料\hiwi工作\XJTU-SY_Bearing_Datasets\Data\XJTU-SY_Bearing_Datasets\37.5Hz11kN\Bearing2_5\146.csv,-0.8995435237884521,2.0684189796447754,4.464736461639404,3.9680356979370117,-4.24686336517334,-1.0061588287353516,0.1834861785173416,-1.7230501174926758
arm_b,37.5Hz11kN,Bearing2_5,37.5Hz11kN/Bearing2_5,146,0.4319526627218935,ready,1.1687145233154297,-0.01100548729300499,0.12460064888000488,0.3995007872581482,D:\1\德国留学\斯图加特大学在校资料\hiwi工作\XJTU-SY_Bearing_Datasets\Data\XJTU-SY_Bearing_Datasets\37.5Hz11kN\Bearing2_5\147.csv,-0.8481351137161255,2.151211738586426,4.496973514556885,4.017209053039551,-4.263297080993652,-0.99322110414505,0.143354594707489,-1.7001893520355225
arm_b,37.5Hz11kN,Bearing2_5,37.5Hz11kN/Bearing2_5,147,0.4349112426035503,ready,1.2193148136138916,-0.005447051953524351,0.15370936691761017,0.39335981011390686,D:\1\德国留学\斯图加特大学在校资料\hiwi工作\XJTU-SY_Bearing_Datasets\Data\XJTU-SY_Bearing_Datasets\37.5Hz11kN\Bearing2_5\148.csv,-0.7957371473312378,2.2333812713623047,4.577018737792969,4.065849304199219,-4.3225250244140625,-0.9696239233016968,0.11508166790008545,-1.6780095100402832
arm_b,37.5Hz11kN,Bearing2_5,37.5Hz11kN/Bearing2_5,148,0.4378698224852071,ready,1.2845232486724854,0.00333027052693069,0.04444492235779762,0.40229466557502747,D:\1\德国留学\斯图加特大学在校资料\hiwi工作\XJTU-SY_Bearing_Datasets\Data\XJTU-SY_Bearing_Datasets\37.5Hz11kN\Bearing2_5\149.csv,-0.7716347575187683,2.2449588775634766,4.565845489501953,4.054293155670166,-4.306380271911621,-0.9616192579269409,0.09861750900745392,-1.6578550338745117
arm_b,37.5Hz11kN,Bearing2_5,37.5Hz11kN/Bearing2_5,149,0.4408284023668639,ready,1.34975266456604,0.01485681813210249,0.04459180682897568,0.3989003002643585,D:\1\德国留学\斯图加特大学在校资料\hiwi工作\XJTU-SY_Bearing_Datasets\Data\XJTU-SY_Bearing_Datasets\37.5Hz11kN\Bearing2_5\150.csv,-0.7942065000534058,2.227008581161499,4.538761138916016,4.041431427001953,-4.303070068359375,-0.9531106948852539,0.11129723489284515,-1.6541647911071777
arm_b,37.5Hz11kN,Bearing2_5,37.5Hz11kN/Bearing2_5,150,0.4437869822485207,ready,1.4225854873657227,0.027582960203289986,0.1059853658080101,0.3875378966331482,D:\1\德国留学\斯图加特大学在校资料\hiwi工作\XJTU-SY_Bearing_Datasets\Data\XJTU-SY_Bearing_Datasets\37.5Hz11kN\Bearing2_5\151.csv,-0.7651792764663696,2.2818784713745117,4.592101573944092,4.054169178009033,-4.348793983459473,-0.9223819971084595,0.08024746179580688,-1.63484787940979
arm_b,37.5Hz11kN,Bearing2_5,37.5Hz11kN/Bearing2_5,151,0.4467455621301775,ready,1.4974673986434937,0.04096544533967972,0.06674384325742722,0.39302858710289,D:\1\德国留学\斯图加特大学在校资料\hiwi工作\XJTU-SY_Bearing_Datasets\Data\XJTU-SY_Bearing_Datasets\37.5Hz11kN\Bearing2_5\152.csv,-0.7420079708099365,2.2664623260498047,4.560689926147461,4.026976108551025,-4.306638717651367,-0.9191653728485107,0.08899353444576263,-1.6253551244735718
arm_b,37.5Hz11kN,Bearing2_5,37.5Hz11kN/Bearing2_5,152,0.44970414201183434,ready,1.5897347927093506,0.05372568219900131,0.17863249778747559,0.40850263833999634,D:\1\德国留学\斯图加特大学在校资料\hiwi工作\XJTU-SY_Bearing_Datasets\Data\XJTU-SY_Bearing_Datasets\37.5Hz11kN\Bearing2_5\153.csv,-0.7924728393554688,2.2628724575042725,4.64120626449585,4.125446796417236,-4.369962692260742,-0.983783483505249,0.10847648978233337,-1.693219780921936
arm_b,37.5Hz11kN,Bearing2_5,37.5Hz11kN/Bearing2_5,153,0.4526627218934911,ready,1.6911605596542358,0.06560863554477692,0.2963026165962219,0.3825155198574066,D:\1\德国留学\斯图加特大学在校资料\hiwi工作\XJTU-SY_Bearing_Datasets\Data\XJTU-SY_Bearing_Datasets\37.5Hz11kN\Bearing2_5\154.csv,-0.6573576331138611,2.4157299995422363,4.64180850982666,4.075180530548096,-4.374039649963379,-0.8467434644699097,0.019652128219604492,-1.5629881620407104
arm_b,37.5Hz11kN,Bearing2_5,37.5Hz11kN/Bearing2_5,154,0.4556213017751479,ready,1.7865750789642334,0.0737130269408226,0.1977548599243164,0.3908469080924988,D:\1\德国留学\斯图加特大学在校资料\hiwi工作\XJTU-SY_Bearing_Datasets\Data\XJTU-SY_Bearing_Datasets\37.5Hz11kN\Bearing2_5\155.csv,-0.744448184967041,2.2875568866729736,4.595558166503906,4.045660972595215,-4.331756591796875,-0.9110318422317505,0.0782833844423294,-1.615188717842102
arm_b,37.5Hz11kN,Bearing2_5,37.5Hz11kN/Bearing2_5,155,0.45857988165680474,ready,1.828910231590271,0.07721574604511261,0.08618658781051636,0.40239793062210083,D:\1\德国留学\斯图加特大学在校资料\hiwi工作\XJTU-SY_Bearing_Datasets\Data\XJTU-SY_Bearing_Datasets\37.5Hz11kN\Bearing2_5\156.csv,-0.7260591983795166,2.3309712409973145,4.636170864105225,4.098113059997559,-4.35030460357666,-0.9292166233062744,0.0669066309928894,-1.6145496368408203
arm_b,37.5Hz11kN,Bearing2_5,37.5Hz11kN/Bearing2_5,156,0.46153846153846156,ready,1.8597437143325806,0.07670710980892181,0.11421092599630356,0.3972875475883484,D:\1\德国留学\斯图加特大学在校资料\hiwi工作\XJTU-SY_Bearing_Datasets\Data\XJTU-SY_Bearing_Datasets\37.5Hz11kN\Bearing2_5\157.csv,-0.7630654573440552,2.317228078842163,4.647976875305176,4.129871368408203,-4.4277544021606445,-0.9372960329055786,0.09270218014717102,-1.674621820449829
arm_b,37.5Hz11kN,Bearing2_5,37.5Hz11kN/Bearing2_5,157,0.46449704142011833,ready,1.8819119930267334,0.0724048987030983,0.1348486989736557,0.39525526762008667,D:\1\德国留学\斯图加特大学在校资料\hiwi工作\XJTU-SY_Bearing_Datasets\Data\XJTU-SY_Bearing_Datasets\37.5Hz11kN\Bearing2_5\158.csv,-0.7003159523010254,2.3812222480773926,4.657771110534668,4.136568069458008,-4.358962059020996,-0.9349168539047241,0.04964061081409454,-1.6161556243896484
arm_b,37.5Hz11kN,Bearing2_5,37.5Hz11kN/Bearing2_5,158,0.46745562130177515,ready,1.9001907110214233,0.06541544944047928,0.06017111614346504,0.39297378063201904,D:\1\德国留学\斯图加特大学在校资料\hiwi工作\XJTU-SY_Bearing_Datasets\Data\XJTU-SY_Bearing_Datasets\37.5Hz11kN\Bearing2_5\159.csv,-0.7211670875549316,2.3476462364196777,4.656779766082764,4.106354713439941,-4.370232105255127,-0.9096057415008545,0.04363548755645752,-1.6346187591552734
arm_b,37.5Hz11kN,Bearing2_5,37.5Hz11kN/Bearing2_5,159,0.47041420118343197,ready,1.9239269495010376,0.0566067136824131,0.06769875437021255,0.38939613103866577,D:\1\德国留学\斯图加特大学在校资料\hiwi工作\XJTU-SY_Bearing_Datasets\Data\XJTU-SY_Bearing_Datasets\37.5Hz11kN\Bearing2_5\160.csv,-0.733497142791748,2.370675563812256,4.681163787841797,4.1510701179504395,-4.381478786468506,-0.941611647605896,0.055958643555641174,-1.636610507965088
arm_b,37.5Hz11kN,Bearing2_5,37.5Hz11kN/Bearing2_5,160,0.47337278106508873,ready,1.9300435781478882,0.04602743312716484,0.09615889191627502,0.3962138593196869,D:\1\德国留学\斯图加特大学在校资料\hiwi工作\XJTU-SY_Bearing_Datasets\Data\XJTU-SY_Bearing_Datasets\37.5Hz11kN\Bearing2_5\161.csv,-0.7780048847198486,2.31547212600708,4.67092227935791,4.135646343231201,-4.398259162902832,-0.9574202299118042,0.10116887092590332,-1.6726651191711426
arm_b,37.5Hz11kN,Bearing2_5,37.5Hz11kN/Bearing2_5,161,0.47633136094674555,ready,1.929976463317871,0.03428560495376587,0.12700727581977844,0.403544545173645,D:\1\德国留学\斯图加特大学在校资料\hiwi工作\XJTU-SY_Bearing_Datasets\Data\XJTU-SY_Bearing_Datasets\37.5Hz11kN\Bearing2_5\162.csv,-0.8408660888671875,2.2491002082824707,4.6504364013671875,4.157649040222168,-4.39393424987793,-1.011073112487793,0.13237601518630981,-1.727428913116455
arm_b,37.5Hz11kN,Bearing2_5,37.5Hz11kN/Bearing2_5,162,0.47928994082840237,ready,1.9209787845611572,0.022961627691984177,0.0895628109574318,0.3990586996078491,D:\1\德国留学\斯图加特大学在校资料\hiwi工作\XJTU-SY_Bearing_Datasets\Data\XJTU-SY_Bearing_Datasets\37.5Hz11kN\Bearing2_5\163.csv,-0.8489336371421814,2.211362361907959,4.636392116546631,4.1668009757995605,-4.337098121643066,-1.0576040744781494,0.16155265271663666,-1.7295536994934082
arm_b,37.5Hz11kN,Bearing2_5,37.5Hz11kN/Bearing2_5,163,0.4822485207100592,ready,1.8998091220855713,0.013229581527411938,0.11284749209880829,0.38669493794441223,D:\1\德国留学\斯图加特大学在校资料\hiwi工作\XJTU-SY_Bearing_Datasets\Data\XJTU-SY_Bearing_Datasets\37.5Hz11kN\Bearing2_5\164.csv,-0.8200376629829407,2.267453908920288,4.6498847007751465,4.159719944000244,-4.39328670501709,-0.9995096921920776,0.12671923637390137,-1.7017033100128174
arm_b,37.5Hz11kN,Bearing2_5,37.5Hz11kN/Bearing2_5,164,0.48520710059171596,ready,1.9389129877090454,0.009462366811931133,0.433433473110199,0.4108438789844513,D:\1\德国留学\斯图加特大学在校资料\hiwi工作\XJTU-SY_Bearing_Datasets\Data\XJTU-SY_Bearing_Datasets\37.5Hz11kN\Bearing2_5\165.csv,-0.6198760271072388,2.5082883834838867,4.8036580085754395,4.261900901794434,-4.452244758605957,-0.9111243486404419,-0.04467439651489258,-1.5790343284606934
arm_b,37.5Hz11kN,Bearing2_5,37.5Hz11kN/Bearing2_5,165,0.4881656804733728,ready,1.9815194606781006,0.008994963951408863,0.12374123930931091,0.4052422046661377,D:\1\德国留学\斯图加特大学在校资料\hiwi工作\XJTU-SY_Bearing_Datasets\Data\XJTU-SY_Bearing_Datasets\37.5Hz11kN\Bearing2_5\166.csv,-0.5497604608535767,2.564241409301758,4.812432765960693,4.251129150390625,-4.466795921325684,-0.8618184328079224,-0.08983416855335236,-1.5301495790481567
arm_b,37.5Hz11kN,Bearing2_5,37.5Hz11kN/Bearing2_5,166,0.4911242603550296,ready,2.027068614959717,0.011217817664146423,0.044328656047582626,0.3996827304363251,D:\1\德国留学\斯图加特大学在校资料\hiwi工作\XJTU-SY_Bearing_Datasets\Data\XJTU-SY_Bearing_Datasets\37.5Hz11kN\Bearing2_5\167.csv,-0.5269806385040283,2.582956552505493,4.814092636108398,4.2574567794799805,-4.455678462982178,-0.8616774678230286,-0.1192200630903244,-1.5220310688018799
arm_b,37.5Hz11kN,Bearing2_5,37.5Hz11kN/Bearing2_5,167,0.4940828402366864,ready,2.0691475868225098,0.015185592696070671,0.047276172786951065,0.40176907181739807,D:\1\德国留学\斯图加特大学在校资料\hiwi工作\XJTU-SY_Bearing_Datasets\Data\XJTU-SY_Bearing_Datasets\37.5Hz11kN\Bearing2_5\168.csv,-0.5263419151306152,2.6109867095947266,4.845327854156494,4.271386623382568,-4.462168216705322,-0.8689359426498413,-0.11130757629871368,-1.5330696105957031
arm_b,37.5Hz11kN,Bearing2_5,37.5Hz11kN/Bearing2_5,168,0.4970414201183432,ready,2.137760639190674,0.021844957023859024,0.2521118223667145,0.4189016819000244,D:\1\德国留学\斯图加特大学在校资料\hiwi工作\XJTU-SY_Bearing_Datasets\Data\XJTU-SY_Bearing_Datasets\37.5Hz11kN\Bearing2_5\169.csv,-0.4582514762878418,2.742215394973755,4.955448150634766,4.391477584838867,-4.559345245361328,-0.8510897159576416,-0.17762061953544617,-1.5015181303024292
arm_b,37.5Hz11kN,Bearing2_5,37.5Hz11kN/Bearing2_5,169,0.5,ready,2.187800884246826,0.029936570674180984,0.16998496651649475,0.40862950682640076,D:\1\德国留学\斯图加特大学在校资料\hiwi工作\XJTU-SY_Bearing_Datasets\Data\XJTU-SY_Bearing_Datasets\37.5Hz11kN\Bearing2_5\170.csv,-0.5207484364509583,2.6276321411132812,4.918941020965576,4.341853618621826,-4.510770797729492,-0.8932953476905823,-0.13341861963272095,-1.5459003448486328
arm_b,37.5Hz11kN,Bearing2_5,37.5Hz11kN/Bearing2_5,170,0.5029585798816568,ready,2.2626473903656006,0.039320021867752075,0.2322927713394165,0.4170747995376587,D:\1\德国留学\斯图加特大学在校资料\hiwi工作\XJTU-SY_Bearing_Datasets\Data\XJTU-SY_Bearing_Datasets\37.5Hz11kN\Bearing2_5\171.csv,-0.39940693974494934,2.748056411743164,4.9320220947265625,4.334005355834961,-4.488175868988037,-0.8151204586029053,-0.22488383948802948,-1.4483619928359985
arm_b,37.5Hz11kN,Bearing2_5,37.5Hz11kN/Bearing2_5,171,0.5059171597633136,ready,2.352357864379883,0.04956073686480522,0.08676528930664062,0.41877326369285583,D:\1\德国留学\斯图加特大学在校资料\hiwi工作\XJTU-SY_Bearing_Datasets\Data\XJTU-SY_Bearing_Datasets\37.5Hz11kN\Bearing2_5\172.csv,-0.40113386511802673,2.7724123001098633,4.963623523712158,4.386341094970703,-4.5434160232543945,-0.8128753900527954,-0.2203490287065506,-1.459190845489502
arm_b,37.5Hz11kN,Bearing2_5,37.5Hz11kN/Bearing2_5,172,0.5088757396449705,ready,2.4460790157318115,0.059193894267082214,0.12786290049552917,0.39537447690963745,D:\1\德国留学\斯图加特大学在校资料\hiwi工作\XJTU-SY_Bearing_Datasets\Data\XJTU-SY_Bearing_Datasets\37.5Hz11kN\Bearing2_5\173.csv,-0.3794196844100952,2.771348237991333,4.907135009765625,4.297241687774658,-4.503743648529053,-0.7826918959617615,-0.229750856757164,-1.4125722646713257
arm_b,37.5Hz11kN,Bearing2_5,37.5Hz11kN/Bearing2_5,173,0.5118343195266272,ready,2.5369677543640137,0.06600845605134964,0.09495648741722107,0.4107294976711273,D:\1\德国留学\斯图加特大学在校资料\hiwi工作\XJTU-SY_Bearing_Datasets\Data\XJTU-SY_Bearing_Datasets\37.5Hz11kN\Bearing2_5\174.csv,-0.3761560916900635,2.8088741302490234,4.959804058074951,4.350627422332764,-4.546297073364258,-0.7874755859375,-0.23090262711048126,-1.4243545532226562
arm_b,37.5Hz11kN,Bearing2_5,37.5Hz11kN/Bearing2_5,174,0.514792899408284,ready,2.6148438453674316,0.07195460051298141,0.29779356718063354,0.3940006196498871,D:\1\德国留学\斯图加特大学在校资料\hiwi工作\XJTU-SY_Bearing_Datasets\Data\XJTU-SY_Bearing_Datasets\37.5Hz11kN\Bearing2_5\175.csv,-0.23484262824058533,2.977567195892334,5.026315689086914,4.380978584289551,-4.590002059936523,-0.6838996410369873,-0.3355381190776825,-1.3179473876953125
arm_b,37.5Hz11kN,Bearing2_5,37.5Hz11kN/Bearing2_5,175,0.5177514792899408,ready,2.6774892807006836,0.07596509903669357,0.11208909004926682,0.4044246971607208,D:\1\德国留学\斯图加特大学在校资料\hiwi工作\XJTU-SY_Bearing_Datasets\Data\XJTU-SY_Bearing_Datasets\37.5Hz11kN\Bearing2_5\176.csv,-0.21616843342781067,2.953916311264038,4.989286422729492,4.385644912719727,-4.495893478393555,-0.7206999659538269,-0.33997562527656555,-1.3122419118881226
arm_b,37.5Hz11kN,Bearing2_5,37.5Hz11kN/Bearing2_5,176,0.5207100591715976,ready,2.756612777709961,0.07889202237129211,0.24374894797801971,0.40027275681495667,D:\1\德国留学\斯图加特大学在校资料\hiwi工作\XJTU-SY_Bearing_Datasets\Data\XJTU-SY_Bearing_Datasets\37.5Hz11kN\Bearing2_5\177.csv,-0.1691998541355133,3.0604088306427,5.026021480560303,4.337015628814697,-4.613330841064453,-0.5919333696365356,-0.39829492568969727,-1.2207046747207642
arm_b,37.5Hz11kN,Bearing2_5,37.5Hz11kN/Bearing2_5,177,0.5236686390532544,ready,2.82861328125,0.07970856130123138,0.12929382920265198,0.4139568507671356,D:\1\德国留学\斯图加特大学在校资料\hiwi工作\XJTU-SY_Bearing_Datasets\Data\XJTU-SY_Bearing_Datasets\37.5Hz11kN\Bearing2_5\178.csv,-0.1762697696685791,3.031320571899414,5.06047248840332,4.390151023864746,-4.581218242645264,-0.6807743310928345,-0.3923613429069519,-1.2741031646728516
arm_b,37.5Hz11kN,Bearing2_5,37.5Hz11kN/Bearing2_5,178,0.5266272189349113,ready,2.8952808380126953,0.07953008264303207,0.20256854593753815,0.40828844904899597,D:\1\德国留学\斯图加特大学在校资料\hiwi工作\XJTU-SY_Bearing_Datasets\Data\XJTU-SY_Bearing_Datasets\37.5Hz11kN\Bearing2_5\179.csv,-0.07928964495658875,3.148005485534668,5.100834846496582,4.404849052429199,-4.593770980834961,-0.5897966623306274,-0.45207834243774414,-1.2095452547073364
arm_b,37.5Hz11kN,Bearing2_5,37.5Hz11kN/Bearing2_5,179,0.5295857988165681,ready,2.9901933670043945,0.07868258655071259,0.2158886194229126,0.3939312994480133,D:\1\德国留学\斯图加特大学在校资料\hiwi工作\XJTU-SY_Bearing_Datasets\Data\XJTU-SY_Bearing_Datasets\37.5Hz11kN\Bearing2_5\180.csv,-0.00529894232749939,3.2358667850494385,5.061032295227051,4.313625335693359,-4.596508979797363,-0.4753778874874115,-0.4928576350212097,-1.116027593612671
arm_b,37.5Hz11kN,Bearing2_5,37.5Hz11kN/Bearing2_5,180,0.5325443786982249,ready,3.0720953941345215,0.07756627351045609,0.08498740196228027,0.39905044436454773,D:\1\德国留学\斯图加特大学在校资料\hiwi工作\XJTU-SY_Bearing_Datasets\Data\XJTU-SY_Bearing_Datasets\37.5Hz11kN\Bearing2_5\181.csv,0.04588302969932556,3.254371404647827,5.0632171630859375,4.3347272872924805,-4.56086540222168,-0.4820586144924164,-0.5358017683029175,-1.090503454208374
arm_b,37.5Hz11kN,Bearing2_5,37.5Hz11kN/Bearing2_5,181,0.5355029585798816,ready,3.1503231525421143,0.0768861472606659,0.06153621897101402,0.3953484892845154,D:\1\德国留学\斯图加特大学在校资料\hiwi工作\XJTU-SY_Bearing_Datasets\Data\XJTU-SY_Bearing_Datasets\37.5Hz11kN\Bearing2_5\182.csv,0.027568519115447998,3.266136407852173,5.103516578674316,4.358224391937256,-4.589705467224121,-0.49017149209976196,-0.5252124667167664,-1.1017733812332153
arm_b,37.5Hz11kN,Bearing2_5,37.5Hz11kN/Bearing2_5,182,0.5384615384615384,ready,3.2730929851531982,0.07947832345962524,0.440645694732666,0.3701070547103882,D:\1\德国留学\斯图加特大学在校资料\hiwi工作\XJTU-SY_Bearing_Datasets\Data\XJTU-SY_Bearing_Datasets\37.5Hz11kN\Bearing2_5\183.csv,0.22333714365959167,3.4845190048217773,5.182742595672607,4.365020751953125,-4.693298816680908,-0.2943161427974701,-0.6687382459640503,-0.9225003719329834
arm_b,37.5Hz11kN,Bearing2_5,37.5Hz11kN/Bearing2_5,183,0.5414201183431953,ready,3.455029249191284,0.08802911639213562,0.6730346083641052,0.35382071137428284,D:\1\德国留学\斯图加特大学在校资料\hiwi工作\XJTU-SY_Bearing_Datasets\Data\XJTU-SY_Bearing_Datasets\37.5Hz11kN\Bearing2_5\184.csv,0.5596078038215637,3.862170457839966,5.342075347900391,4.445731163024902,-4.7662882804870605,-0.09015806764364243,-0.9304560422897339,-0.699180543422699
arm_b,37.5Hz11kN,Bearing2_5,37.5Hz11kN/Bearing2_5,184,0.5443786982248521,ready,3.596508026123047,0.09836067259311676,0.20579510927200317,0.36967599391937256,D:\1\德国留学\斯图加特大学在校资料\hiwi工作\XJTU-SY_Bearing_Datasets\Data\XJTU-SY_Bearing_Datasets\37.5Hz11kN\Bearing2_5\185.csv,0.4865940511226654,3.791353225708008,5.379879951477051,4.517601490020752,-4.739211559295654,-0.22007974982261658,-0.9053605794906616,-0.7838471531867981
arm_b,37.5Hz11kN,Bearing2_5,37.5Hz11kN/Bearing2_5,185,0.5473372781065089,ready,3.77763295173645,0.11084918677806854,0.35303452610969543,0.3719346821308136,D:\1\德国留学\斯图加特大学在校资料\hiwi工作\XJTU-SY_Bearing_Datasets\Data\XJTU-SY_Bearing_Datasets\37.5Hz11kN\Bearing2_5\186.csv,0.596393883228302,3.99881911277771,5.531576156616211,4.626882553100586,-4.856899738311768,-0.15429925918579102,-0.9867247343063354,-0.6849356889724731
arm_b,37.5Hz11kN,Bearing2_5,37.5Hz11kN/Bearing2_5,186,0.5502958579881657,ready,3.945748805999756,0.12444745004177094,0.09118056297302246,0.37319207191467285,D:\1\德国留学\斯图加特大学在校资料\hiwi工作\XJTU-SY_Bearing_Datasets\Data\XJTU-SY_Bearing_Datasets\37.5Hz11kN\Bearing2_5\187.csv,0.6234208345413208,4.024729251861572,5.577958583831787,4.663945198059082,-4.843520164489746,-0.13820606470108032,-1.0376968383789062,-0.7036700248718262
arm_b,37.5Hz11kN,Bearing2_5,37.5Hz11kN/Bearing2_5,187,0.5532544378698225,ready,4.1505560874938965,0.13960328698158264,0.3895515203475952,0.3795187175273895,D:\1\德国留学\斯图加特大学在校资料\hiwi工作\XJTU-SY_Bearing_Datasets\Data\XJTU-SY_Bearing_Datasets\37.5Hz11kN\Bearing2_5\188.csv,0.8074713945388794,4.216546058654785,5.593155860900879,4.629386901855469,-4.804624557495117,-0.015852607786655426,-1.2130578756332397,-0.5236085653305054
arm_b,37.5Hz11kN,Bearing2_5,37.5Hz11kN/Bearing2_5,188,0.5562130177514792,ready,4.35710334777832,0.1544463187456131,0.21915525197982788,0.3830679655075073,D:\1\德国留学\斯图加特大学在校资料\hiwi工作\XJTU-SY_Bearing_Datasets\Data\XJTU-SY_Bearing_Datasets\37.5Hz11kN\Bearing2_5\189.csv,0.8918137550354004,4.327106952667236,5.6553544998168945,4.675673484802246,-4.925057888031006,0.04728047549724579,-1.2615175247192383,-0.48068711161613464
arm_b,37.5Hz11kN,Bearing2_5,37.5Hz11kN/Bearing2_5,189,0.5591715976331361,ready,4.583010673522949,0.17021998763084412,0.3175060749053955,0.38745078444480896,D:\1\德国留学\斯图加特大学在校资料\hiwi工作\XJTU-SY_Bearing_Datasets\Data\XJTU-SY_Bearing_Datasets\37.5Hz11kN\Bearing2_5\190.csv,1.0379838943481445,4.483083248138428,5.773149490356445,4.712420463562012,-4.9638872146606445,0.16777344048023224,-1.3846749067306519,-0.3874359726905823
arm_b,37.5Hz11kN,Bearing2_5,37.5Hz11kN/Bearing2_5,190,0.5621301775147929,ready,4.863690376281738,0.18745672702789307,0.6361335515975952,0.42635980248451233,D:\1\德国留学\斯图加特大学在校资料\hiwi工作\XJTU-SY_Bearing_Datasets\Data\XJTU-SY_Bearing_Datasets\37.5Hz11kN\Bearing2_5\191.csv,1.2704070806503296,4.851766586303711,6.055755615234375,4.948710918426514,-5.0257368087768555,0.17995521426200867,-1.6255791187286377,-0.25701388716697693
arm_b,37.5Hz11kN,Bearing2_5,37.5Hz11kN/Bearing2_5,191,0.5650887573964497,ready,5.184900760650635,0.2057129144668579,0.4278610646724701,0.4220820665359497,D:\1\德国留学\斯图加特大学在校资料\hiwi工作\XJTU-SY_Bearing_Datasets\Data\XJTU-SY_Bearing_Datasets\37.5Hz11kN\Bearing2_5\192.csv,1.4350838661193848,5.096244812011719,6.223082542419434,5.008625507354736,-5.154369354248047,0.3275073170661926,-1.7435805797576904,-0.14589819312095642
arm_b,37.5Hz11kN,Bearing2_5,37.5Hz11kN/Bearing2_5,192,0.5680473372781065,ready,5.543011665344238,0.22702550888061523,0.7946043014526367,0.46753549575805664,D:\1\德国留学\斯图加特大学在校资料\hiwi工作\XJTU-SY_Bearing_Datasets\Data\XJTU-SY_Bearing_Datasets\37.5Hz11kN\Bearing2_5\193.csv,1.734982967376709,5.544974327087402,6.547227382659912,5.2549543380737305,-5.341815948486328,0.49306100606918335,-2.024989366531372,0.03469926118850708
arm_b,37.5Hz11kN,Bearing2_5,37.5Hz11kN/Bearing2_5,193,0.5710059171597633,ready,5.867527008056641,0.2506538927555084,0.32660436630249023,0.46770089864730835,D:\1\德国留学\斯图加特大学在校资料\hiwi工作\XJTU-SY_Bearing_Datasets\Data\XJTU-SY_Bearing_Datasets\37.5Hz11kN\Bearing2_5\194.csv,1.861494779586792,5.7286248207092285,6.651296615600586,5.2837138175964355,-5.425139427185059,0.6060857772827148,-2.144970417022705,0.14037469029426575
arm_b,37.5Hz11kN,Bearing2_5,37.5Hz11kN/Bearing2_5,194,0.5739644970414202,ready,6.214844226837158,0.2734163701534271,0.11720312386751175,0.47102442383766174,D:\1\德国留学\斯图加特大学在校资料\hiwi工作\XJTU-SY_Bearing_Datasets\Data\XJTU-SY_Bearing_Datasets\37.5Hz11kN\Bearing2_5\195.csv,1.8895747661590576,5.773981094360352,6.722808837890625,5.292531967163086,-5.471454620361328,0.6477512121200562,-2.1862242221832275,0.15115225315093994
arm_b,37.5Hz11kN,Bearing2_5,37.5Hz11kN/Bearing2_5,195,0.5769230769230769,ready,6.551216125488281,0.2948639988899231,0.3595791757106781,0.5004029870033264,D:\1\德国留学\斯图加特大学在校资料\hiwi工作\XJTU-SY_Bearing_Datasets\Data\XJTU-SY_Bearing_Datasets\37.5Hz11kN\Bearing2_5\196.csv,1.8905149698257446,5.9294939041137695,6.942326545715332,5.452715873718262,-5.637049674987793,0.6136412620544434,-2.214118003845215,0.10754165053367615
arm_b,37.5Hz11kN,Bearing2_5,37.5Hz11kN/Bearing2_5,196,0.5798816568047337,ready,6.912452697753906,0.3136039078235626,0.3263866603374481,0.5012738108634949,D:\1\德国留学\斯图加特大学在校资料\hiwi工作\XJTU-SY_Bearing_Datasets\Data\XJTU-SY_Bearing_Datasets\37.5Hz11kN\Bearing2_5\197.csv,2.0372860431671143,6.104045867919922,7.0041422843933105,5.49514102935791,-5.671532154083252,0.723832368850708,-2.354605197906494,0.2333560436964035
arm_b,37.5Hz11kN,Bearing2_5,37.5Hz11kN/Bearing2_5,197,0.5828402366863905,ready,7.2526445388793945,0.32859355211257935,0.134163036942482,0.5034441947937012,D:\1\德国留学\斯图加特大学在校资料\hiwi工作\XJTU-SY_Bearing_Datasets\Data\XJTU-SY_Bearing_Datasets\37.5Hz11kN\Bearing2_5\198.csv,2.1030664443969727,6.189239501953125,7.027010917663574,5.491017818450928,-5.657711505889893,0.7755951881408691,-2.3699839115142822,0.285966157913208
arm_b,37.5Hz11kN,Bearing2_5,37.5Hz11kN/Bearing2_5,198,0.5857988165680473,ready,7.574105262756348,0.33728620409965515,0.0376855805516243,0.4662175178527832,D:\1\德国留学\斯图加特大学在校资料\hiwi工作\XJTU-SY_Bearing_Datasets\Data\XJTU-SY_Bearing_Datasets\37.5Hz11kN\Bearing2_5\199.csv,2.1119508743286133,6.183465003967285,7.042764663696289,5.4736738204956055,-5.6650848388671875,0.7956284880638123,-2.3867619037628174,0.29062771797180176
arm_b,37.5Hz11kN,Bearing2_5,37.5Hz11kN/Bearing2_5,199,0.5887573964497042,ready,7.846538543701172,0.3369053602218628,0.2402227222919464,0.44843345880508423,D:\1\德国留学\斯图加特大学在校资料\hiwi工作\XJTU-SY_Bearing_Datasets\Data\XJTU-SY_Bearing_Datasets\37.5Hz11kN\Bearing2_5\200.csv,2.0969648361206055,6.059521675109863,6.901551723480225,5.3644938468933105,-5.573909282684326,0.8116984963417053,-2.3475992679595947,0.30304259061813354
arm_b,37.5Hz11kN,Bearing2_5,37.5Hz11kN/Bearing2_5,200,0.591715976331361,ready,8.104467391967773,0.32974734902381897,0.4552890360355377,0.47052302956581116,D:\1\德国留学\斯图加特大学在校资料\hiwi工作\XJTU-SY_Bearing_Datasets\Data\XJTU-SY_Bearing_Datasets\37.5Hz11kN\Bearing2_5\201.csv,2.235947608947754,6.336591720581055,7.10672664642334,5.455950736999512,-5.702127456665039,0.8995875120162964,-2.500443696975708,0.41800862550735474
arm_b,37.5Hz11kN,Bearing2_5,37.5Hz11kN/Bearing2_5,201,0.5946745562130178,ready,8.292887687683105,0.3149987757205963,0.2882014811038971,0.4589656591415405,D:\1\德国留学\斯图加特大学在校资料\hiwi工作\XJTU-SY_Bearing_Datasets\Data\XJTU-SY_Bearing_Datasets\37.5Hz11kN\Bearing2_5\202.csv,2.1614513397216797,6.172945499420166,6.951629638671875,5.358846187591553,-5.627275466918945,0.8668239116668701,-2.4231855869293213,0.35017895698547363
arm_b,37.5Hz11kN,Bearing2_5,37.5Hz11kN/Bearing2_5,202,0.5976331360946746,ready,8.492000579833984,0.29731234908103943,0.9913111925125122,0.5048542022705078,D:\1\德国留学\斯图加特大学在校资料\hiwi工作\XJTU-SY_Bearing_Datasets\Data\XJTU-SY_Bearing_Datasets\37.5Hz11kN\Bearing2_5\203.csv,2.351820945739746,6.697600841522217,7.491333961486816,5.7544755935668945,-6.004664421081543,0.9848051071166992,-2.6667985916137695,0.437936395406723
arm_b,37.5Hz11kN,Bearing2_5,37.5Hz11kN/Bearing2_5,203,0.6005917159763313,ready,8.642273902893066,0.2737117409706116,0.4332510828971863,0.4470148980617523,D:\1\德国留学\斯图加特大学在校资料\hiwi工作\XJTU-SY_Bearing_Datasets\Data\XJTU-SY_Bearing_Datasets\37.5Hz11kN\Bearing2_5\204.csv,2.4669952392578125,6.566032409667969,7.231356620788574,5.583498001098633,-5.791470050811768,1.0288314819335938,-2.680462598800659,0.5507756471633911
arm_b,37.5Hz11kN,Bearing2_5,37.5Hz11kN/Bearing2_5,204,0.6035502958579881,ready,8.819764137268066,0.2493135929107666,0.38935649394989014,0.45912906527519226,D:\1\德国留学\斯图加特大学在校资料\hiwi工作\XJTU-SY_Bearing_Datasets\Data\XJTU-SY_Bearing_Datasets\37.5Hz11kN\Bearing2_5\205.csv,2.6175291538238525,6.818507194519043,7.391674041748047,5.621188163757324,-5.797749996185303,1.1245038509368896,-2.8238728046417236,0.6419521570205688
arm_b,37.5Hz11kN,Bearing2_5,37.5Hz11kN/Bearing2_5,205,0.606508875739645,ready,8.92613410949707,0.22156739234924316,0.5401262640953064,0.44850796461105347,D:\1\德国留学\斯图加特大学在校资料\hiwi工作\XJTU-SY_Bearing_Datasets\Data\XJTU-SY_Bearing_Datasets\37.5Hz11kN\Bearing2_5\206.csv,2.50889253616333,6.537656784057617,7.084141731262207,5.428997039794922,-5.583900451660156,1.0459873676300049,-2.6959071159362793,0.6062835454940796
arm_b,37.5Hz11kN,Bearing2_5,37.5Hz11kN/Bearing2_5,206,0.6094674556213018,ready,8.903924942016602,0.18790535628795624,1.0832244157791138,0.39728832244873047,D:\1\德国留学\斯图加特大学在校资料\hiwi工作\XJTU-SY_Bearing_Datasets\Data\XJTU-SY_Bearing_Datasets\37.5Hz11kN\Bearing2_5\207.csv,2.262232780456543,5.916326999664307,6.496855735778809,5.0791778564453125,-5.201662540435791,0.9079945683479309,-2.4088292121887207,0.4983782172203064
arm_b,37.5Hz11kN,Bearing2_5,37.5Hz11kN/Bearing2_5,207,0.6124260355029586,ready,8.825929641723633,0.14852945506572723,0.45998257398605347,0.4050081670284271,D:\1\德国留学\斯图加特大学在校资料\hiwi工作\XJTU-SY_Bearing_Datasets\Data\XJTU-SY_Bearing_Datasets\37.5Hz11kN\Bearing2_5\208.csv,2.106289863586426,5.671210765838623,6.317996978759766,5.005738258361816,-5.031283855438232,0.7426199913024902,-2.261131763458252,0.39063870906829834
arm_b,37.5Hz11kN,Bearing2_5,37.5Hz11kN/Bearing2_5,208,0.6153846153846154,ready,8.728097915649414,0.10617786645889282,0.5561760663986206,0.37302955985069275,D:\1\德国留学\斯图加特大学在校资料\hiwi工作\XJTU-SY_Bearing_Datasets\Data\XJTU-SY_Bearing_Datasets\37.5Hz11kN\Bearing2_5\209.csv,2.1508781909942627,5.527124404907227,6.014538288116455,4.696773529052734,-4.748758792877197,0.8465754389762878,-2.269437551498413,0.4819639325141907
arm_b,37.5Hz11kN,Bearing2_5,37.5Hz11kN/Bearing2_5,209,0.6183431952662722,ready,8.682764053344727,0.06552793830633163,0.39548295736312866,0.3818363845348358,D:\1\德国留学\斯图加特大学在校资料\hiwi工作\XJTU-SY_Bearing_Datasets\Data\XJTU-SY_Bearing_Datasets\37.5Hz11kN\Bearing2_5\210.csv,2.3539774417877197,5.732958793640137,6.05220890045166,4.672725200653076,-4.638917922973633,0.9474821090698242,-2.4230258464813232,0.6399377584457397
arm_b,37.5Hz11kN,Bearing2_5,37.5Hz11kN/Bearing2_5,210,0.621301775147929,ready,8.55532169342041,0.02498580515384674,0.3786081075668335,0.3565889298915863,D:\1\德国留学\斯图加特大学在校资料\hiwi工作\XJTU-SY_Bearing_Datasets\Data\XJTU-SY_Bearing_Datasets\37.5Hz11kN\Bearing2_5\211.csv,2.196788787841797,5.511452674865723,5.912827491760254,4.629683494567871,-4.553776264190674,0.8210858702659607,-2.30263614654541,0.5371160507202148
arm_b,37.5Hz11kN,Bearing2_5,37.5Hz11kN/Bearing2_5,211,0.6242603550295858,ready,8.473919868469238,-0.012899977155029774,0.211851105093956,0.3667072355747223,D:\1\德国留学\斯图加特大学在校资料\hiwi工作\XJTU-SY_Bearing_Datasets\Data\XJTU-SY_Bearing_Datasets\37.5Hz11kN\Bearing2_5\212.csv,2.2665419578552246,5.642993450164795,6.025655746459961,4.6836323738098145,-4.601168632507324,0.8404181003570557,-2.3670120239257812,0.5546571612358093
arm_b,37.5Hz11kN,Bearing2_5,37.5Hz11kN/Bearing2_5,212,0.6272189349112426,ready,8.31009578704834,-0.04864175245165825,0.12523837387561798,0.3585304617881775,D:\1\德国留学\斯图加特大学在校资料\hiwi工作\XJTU-SY_Bearing_Datasets\Data\XJTU-SY_Bearing_Datasets\37.5Hz11kN\Bearing2_5\213.csv,2.322033405303955,5.657373428344727,5.991880416870117,4.641711235046387,-4.568881988525391,0.9004430770874023,-2.4087133407592773,0.6104781627655029
arm_b,37.5Hz11kN,Bearing2_5,37.5Hz11kN/Bearing2_5,213,0.6301775147928994,ready,8.123504638671875,-0.08233810216188431,0.39639148116111755,0.3428220748901367,D:\1\德国留学\斯图加特大学在校资料\hiwi工作\XJTU-SY_Bearing_Datasets\Data\XJTU-SY_Bearing_Datasets\37.5Hz11kN\Bearing2_5\214.csv,2.1531152725219727,5.438112258911133,5.881488800048828,4.587821006774902,-4.488263130187988,0.78078293800354,-2.242337226867676,0.48037052154541016
arm_b,37.5Hz11kN,Bearing2_5,37.5Hz11kN/Bearing2_5,214,0.6331360946745562,ready,7.970224857330322,-0.10627436637878418,0.7110376954078674,0.37122491002082825,D:\1\德国留学\斯图加特大学在校资料\hiwi工作\XJTU-SY_Bearing_Datasets\Data\XJTU-SY_Bearing_Datasets\37.5Hz11kN\Bearing2_5\215.csv,2.479823589324951,5.851658821105957,6.059512138366699,4.6724162101745605,-4.531876564025879,0.9993153214454651,-2.5245494842529297,0.7246339321136475
arm_b,37.5Hz11kN,Bearing2_5,37.5Hz11kN/Bearing2_5,215,0.636094674556213,ready,7.862872123718262,-0.11867747455835342,0.031868163496255875,0.37080201506614685,D:\1\德国留学\斯图加特大学在校资料\hiwi工作\XJTU-SY_Bearing_Datasets\Data\XJTU-SY_Bearing_Datasets\37.5Hz11kN\Bearing2_5\216.csv,2.4699740409851074,5.84308385848999,6.051877498626709,4.686614513397217,-4.512170791625977,0.9867467880249023,-2.5185205936431885,0.723045289516449
arm_b,37.5Hz11kN,Bearing2_5,37.5Hz11kN/Bearing2_5,216,0.6390532544378699,ready,7.8416876792907715,-0.12082866579294205,0.14845584332942963,0.3698206841945648,D:\1\德国留学\斯图加特大学在校资料\hiwi工作\XJTU-SY_Bearing_Datasets\Data\XJTU-SY_Bearing_Datasets\37.5Hz11kN\Bearing2_5\217.csv,2.432904005050659,5.757995128631592,5.961837291717529,4.624348163604736,-4.511592864990234,0.9767132997512817,-2.482210636138916,0.7276394367218018
arm_b,37.5Hz11kN,Bearing2_5,37.5Hz11kN/Bearing2_5,217,0.6420118343195266,ready,7.854626655578613,-0.11459818482398987,0.1189391240477562,0.35285982489585876,D:\1\德国留学\斯图加特大学在校资料\hiwi工作\XJTU-SY_Bearing_Datasets\Data\XJTU-SY_Bearing_Datasets\37.5Hz11kN\Bearing2_5\218.csv,2.403301954269409,5.700921058654785,5.942187786102295,4.623505592346191,-4.455044746398926,0.9173321723937988,-2.4437148571014404,0.6899533867835999
arm_b,37.5Hz11kN,Bearing2_5,37.5Hz11kN/Bearing2_5,218,0.6449704142011834,ready,7.889518737792969,-0.1012132465839386,0.09464038163423538,0.3647354245185852,D:\1\德国留学\斯图加特大学在校资料\hiwi工作\XJTU-SY_Bearing_Datasets\Data\XJTU-SY_Bearing_Datasets\37.5Hz11kN\Bearing2_5\219.csv,2.3994131088256836,5.74067497253418,5.992772102355957,4.6610188484191895,-4.502549648284912,0.9272482991218567,-2.449187755584717,0.6581683158874512
arm_b,37.5Hz11kN,Bearing2_5,37.5Hz11kN/Bearing2_5,219,0.6479289940828402,ready,7.89954137802124,-0.08013926446437836,0.10172958672046661,0.35394901037216187,D:\1\德国留学\斯图加特大学在校资料\hiwi工作\XJTU-SY_Bearing_Datasets\Data\XJTU-SY_Bearing_Datasets\37.5Hz11kN\Bearing2_5\220.csv,2.439650058746338,5.790882110595703,6.0211639404296875,4.682209014892578,-4.5353498458862305,0.9481344819068909,-2.4875550270080566,0.7025517225265503
arm_b,37.5Hz11kN,Bearing2_5,37.5Hz11kN/Bearing2_5,220,0.650887573964497,ready,7.953904628753662,-0.05510258674621582,0.13900047540664673,0.36506783962249756,D:\1\德国留学\斯图加特大学在校资料\hiwi工作\XJTU-SY_Bearing_Datasets\Data\XJTU-SY_Bearing_Datasets\37.5Hz11kN\Bearing2_5\221.csv,2.4350903034210205,5.840878963470459,6.094057559967041,4.731769561767578,-4.625085830688477,0.9757038950920105,-2.497870922088623,0.6919739842414856
arm_b,37.5Hz11kN,Bearing2_5,37.5Hz11kN/Bearing2_5,221,0.6538461538461539,ready,7.9780988693237305,-0.026883095502853394,0.12542898952960968,0.3598264157772064,D:\1\德国留学\斯图加特大学在校资料\hiwi工作\XJTU-SY_Bearing_Datasets\Data\XJTU-SY_Bearing_Datasets\37.5Hz11kN\Bearing2_5\222.csv,2.3980963230133057,5.756443500518799,6.0327911376953125,4.716851234436035,-4.590104579925537,0.9459761381149292,-2.4693894386291504,0.6735409498214722
arm_b,37.5Hz11kN,Bearing2_5,37.5Hz11kN/Bearing2_5,222,0.6568047337278107,ready,8.00674819946289,-0.002012570621445775,0.11637357622385025,0.3633533716201782,D:\1\德国留学\斯图加特大学在校资料\hiwi工作\XJTU-SY_Bearing_Datasets\Data\XJTU-SY_Bearing_Datasets\37.5Hz11kN\Bearing2_5\223.csv,2.4499521255493164,5.82728385925293,6.063940525054932,4.742884635925293,-4.584442138671875,0.9651637673377991,-2.514866828918457,0.7150015830993652
arm_b,37.5Hz11kN,Bearing2_5,37.5Hz11kN/Bearing2_5,223,0.6597633136094675,ready,8.072298049926758,0.017670931294560432,0.20765992999076843,0.3637208342552185,D:\1\德国留学\斯图加特大学在校资料\hiwi工作\XJTU-SY_Bearing_Datasets\Data\XJTU-SY_Bearing_Datasets\37.5Hz11kN\Bearing2_5\224.csv,2.3993945121765137,5.834378242492676,6.161598205566406,4.837589263916016,-4.687337875366211,0.9023375511169434,-2.482755422592163,0.6347242593765259
arm_b,37.5Hz11kN,Bearing2_5,37.5Hz11kN/Bearing2_5,224,0.6627218934911243,ready,8.069625854492188,0.027610711753368378,0.08447786420583725,0.3570016920566559,D:\1\德国留学\斯图加特大学在校资料\hiwi工作\XJTU-SY_Bearing_Datasets\Data\XJTU-SY_Bearing_Datasets\37.5Hz11kN\Bearing2_5\225.csv,2.419555425643921,5.831256866455078,6.143019199371338,4.787859916687012,-4.691056728363037,0.9551275968551636,-2.5005481243133545,0.6627406477928162
arm_b,37.5Hz11kN,Bearing2_5,37.5Hz11kN/Bearing2_5,225,0.665680473372781,ready,8.058341026306152,0.02857324667274952,0.12165284156799316,0.3613523244857788,D:\1\德国留学\斯图加特大学在校资料\hiwi工作\XJTU-SY_Bearing_Datasets\Data\XJTU-SY_Bearing_Datasets\37.5Hz11kN\Bearing2_5\226.csv,2.3701233863830566,5.788137912750244,6.078958511352539,4.745884418487549,-4.648771286010742,0.9245098233222961,-2.4577410221099854,0.6541980504989624
arm_b,37.5Hz11kN,Bearing2_5,37.5Hz11kN/Bearing2_5,226,0.6686390532544378,ready,8.04712963104248,0.02514263428747654,0.11899533122777939,0.358751505613327,D:\1\德国留学\斯图加特大学在校资料\hiwi工作\XJTU-SY_Bearing_Datasets\Data\XJTU-SY_Bearing_Datasets\37.5Hz11kN\Bearing2_5\227.csv,2.3282108306884766,5.730077743530273,6.033111572265625,4.728899002075195,-4.601222991943359,0.8862708806991577,-2.4130184650421143,0.6238890886306763
arm_b,37.5Hz11kN,Bearing2_5,37.5Hz11kN/Bearing2_5,227,0.6715976331360947,ready,8.0230131149292,0.018768969923257828,0.26313477754592896,0.34067028760910034,D:\1\德国留学\斯图加特大学在校资料\hiwi工作\XJTU-SY_Bearing_Datasets\Data\XJTU-SY_Bearing_Datasets\37.5Hz11kN\Bearing2_5\228.csv,2.250908851623535,5.563565254211426,5.912530899047852,4.631893157958984,-4.541663646697998,0.8703107833862305,-2.336813449859619,0.5794050097465515
arm_b,37.5Hz11kN,Bearing2_5,37.5Hz11kN/Bearing2_5,228,0.6745562130177515,ready,8.021064758300781,0.012574120424687862,0.3489234149456024,0.3530726432800293,D:\1\德国留学\斯图加特大学在校资料\hiwi工作\XJTU-SY_Bearing_Datasets\Data\XJTU-SY_Bearing_Datasets\37.5Hz11kN\Bearing2_5\229.csv,2.343395471572876,5.730663299560547,6.126278400421143,4.770401477813721,-4.656885623931885,0.8710015416145325,-2.4208545684814453,0.5716606378555298
arm_b,37.5Hz11kN,Bearing2_5,37.5Hz11kN/Bearing2_5,229,0.6775147928994083,ready,8.032920837402344,0.006099645979702473,0.3118880093097687,0.341105192899704,D:\1\德国留学\斯图加特大学在校资料\hiwi工作\XJTU-SY_Bearing_Datasets\Data\XJTU-SY_Bearing_Datasets\37.5Hz11kN\Bearing2_5\230.csv,2.4911937713623047,5.855802536010742,6.100397109985352,4.724693298339844,-4.549220085144043,0.974673867225647,-2.5165629386901855,0.7313821911811829
arm_b,37.5Hz11kN,Bearing2_5,37.5Hz11kN/Bearing2_5,230,0.6804733727810651,ready,8.016160011291504,0.000718440453056246,0.23858778178691864,0.33545809984207153,D:\1\德国留学\斯图加特大学在校资料\hiwi工作\XJTU-SY_Bearing_Datasets\Data\XJTU-SY_Bearing_Datasets\37.5Hz11kN\Bearing2_5\231.csv,2.3678760528564453,5.738062858581543,6.0684099197387695,4.73785400390625,-4.608555793762207,0.8914515376091003,-2.423650026321411,0.6443284153938293
arm_b,37.5Hz11kN,Bearing2_5,37.5Hz11kN/Bearing2_5,231,0.6834319526627219,ready,8.031926155090332,-0.0029444550164043903,0.2656846046447754,0.3371584415435791,D:\1\德国留学\斯图加特大学在校资料\hiwi工作\XJTU-SY_Bearing_Datasets\Data\XJTU-SY_Bearing_Datasets\37.5Hz11kN\Bearing2_5\232.csv,2.4314286708831787,5.852049350738525,6.210189342498779,4.826910972595215,-4.744843482971191,0.9444388151168823,-2.481198310852051,0.6731401681900024
arm_b,37.5Hz11kN,Bearing2_5,37.5Hz11kN/Bearing2_5,232,0.6863905325443787,ready,8.043331146240234,-0.004727756604552269,0.11216017603874207,0.3510971963405609,D:\1\德国留学\斯图加特大学在校资料\hiwi工作\XJTU-SY_Bearing_Datasets\Data\XJTU-SY_Bearing_Datasets\37.5Hz11kN\Bearing2_5\233.csv,2.4319136142730713,5.90915584564209,6.261943817138672,4.883294105529785,-4.802310943603516,0.9531447887420654,-2.490288019180298,0.6732373833656311
arm_b,37.5Hz11kN,Bearing2_5,37.5Hz11kN/Bearing2_5,233,0.6893491124260355,ready,8.036422729492188,-0.0029613205697387457,0.22138865292072296,0.3521096408367157,D:\1\德国留学\斯图加特大学在校资料\hiwi工作\XJTU-SY_Bearing_Datasets\Data\XJTU-SY_Bearing_Datasets\37.5Hz11kN\Bearing2_5\234.csv,2.352308988571167,5.773307800292969,6.157011032104492,4.814359664916992,-4.785949230194092,0.9253455400466919,-2.424112319946289,0.618112325668335
arm_b,37.5Hz11kN,Bearing2_5,37.5Hz11kN/Bearing2_5,234,0.6923076923076923,ready,8.020204544067383,-0.0018228068947792053,0.12454724311828613,0.348224937915802,D:\1\德国留学\斯图加特大学在校资料\hiwi工作\XJTU-SY_Bearing_Datasets\Data\XJTU-SY_Bearing_Datasets\37.5Hz11kN\Bearing2_5\235.csv,2.2937328815460205,5.7469611167907715,6.190271377563477,4.863719940185547,-4.820952415466309,0.8678081631660461,-2.388092279434204,0.573270320892334
arm_b,37.5Hz11kN,Bearing2_5,37.5Hz11kN/Bearing2_5,235,0.6952662721893491,ready,8.036144256591797,3.187006223015487e-05,0.21894453465938568,0.3536405861377716,D:\1\德国留学\斯图加特大学在校资料\hiwi工作\XJTU-SY_Bearing_Datasets\Data\XJTU-SY_Bearing_Datasets\37.5Hz11kN\Bearing2_5\236.csv,2.3899269104003906,5.868679523468018,6.276768684387207,4.8983259201049805,-4.868509292602539,0.9263015389442444,-2.462949275970459,0.6357362270355225
arm_b,37.5Hz11kN,Bearing2_5,37.5Hz11kN/Bearing2_5,236,0.6982248520710059,ready,8.043211936950684,0.0017936822259798646,0.25409582257270813,0.34427759051322937,D:\1\德国留学\斯图加特大学在校资料\hiwi工作\XJTU-SY_Bearing_Datasets\Data\XJTU-SY_Bearing_Datasets\37.5Hz11kN\Bearing2_5\237.csv,2.2589304447174072,5.747788429260254,6.288146018981934,4.947405815124512,-4.932125091552734,0.8477227091789246,-2.3648386001586914,0.5337343811988831
arm_b,37.5Hz11kN,Bearing2_5,37.5Hz11kN/Bearing2_5,237,0.7011834319526628,ready,8.207491874694824,0.010955938138067722,1.3642842769622803,0.35330063104629517,D:\1\德国留学\斯图加特大学在校资料\hiwi工作\XJTU-SY_Bearing_Datasets\Data\XJTU-SY_Bearing_Datasets\37.5Hz11kN\Bearing2_5\238.csv,2.8240017890930176,6.5582356452941895,6.8423991203308105,5.305109024047852,-5.162263870239258,1.0958914756774902,-2.8391122817993164,0.8661589622497559
arm_b,37.5Hz11kN,Bearing2_5,37.5Hz11kN/Bearing2_5,238,0.7041420118343196,ready,8.410601615905762,0.028830910101532936,0.6769087910652161,0.34785860776901245,D:\1\德国留学\斯图加特大学在校资料\hiwi工作\XJTU-SY_Bearing_Datasets\Data\XJTU-SY_Bearing_Datasets\37.5Hz11kN\Bearing2_5\239.csv,3.0192112922668457,6.941484451293945,7.124162673950195,5.464667320251465,-5.411611557006836,1.2699147462844849,-3.071226119995117,1.0145988464355469
arm_b,37.5Hz11kN,Bearing2_5,37.5Hz11kN/Bearing2_5,239,0.7071005917159763,ready,8.604157447814941,0.05333222076296806,0.14880363643169403,0.3472450077533722,D:\1\德国留学\斯图加特大学在校资料\hiwi工作\XJTU-SY_Bearing_Datasets\Data\XJTU-SY_Bearing_Datasets\37.5Hz11kN\Bearing2_5\240.csv,3.064107656478882,7.019402503967285,7.189776420593262,5.498015403747559,-5.47483491897583,1.3145520687103271,-3.1071786880493164,1.0514239072799683
arm_b,37.5Hz11kN,Bearing2_5,37.5Hz11kN/Bearing2_5,240,0.7100591715976331,ready,8.818150520324707,0.08146440982818604,0.08270135521888733,0.3381436765193939,D:\1\德国留学\斯图加特大学在校资料\hiwi工作\XJTU-SY_Bearing_Datasets\Data\XJTU-SY_Bearing_Datasets\37.5Hz11kN\Bearing2_5\241.csv,3.0438661575317383,7.021295070648193,7.229990005493164,5.522663593292236,-5.50415563583374,1.3123342990875244,-3.0805788040161133,1.000146508216858
arm_b,37.5Hz11kN,Bearing2_5,37.5Hz11kN/Bearing2_5,241,0.7130177514792899,ready,8.978622436523438,0.10967959463596344,0.363682359457016,0.336627334356308,D:\1\德国留学\斯图加特大学在校资料\hiwi工作\XJTU-SY_Bearing_Datasets\Data\XJTU-SY_Bearing_Datasets\37.5Hz11kN\Bearing2_5\242.csv,2.9494311809539795,6.827470779418945,7.045355319976807,5.395009517669678,-5.360271453857422,1.263353705406189,-2.973982334136963,0.9696681499481201
arm_b,37.5Hz11kN,Bearing2_5,37.5Hz11kN/Bearing2_5,242,0.7159763313609467,ready,9.116689682006836,0.13471095263957977,0.16038742661476135,0.33642587065696716,D:\1\德国留学\斯图加特大学在校资料\hiwi工作\XJTU-SY_Bearing_Datasets\Data\XJTU-SY_Bearing_Datasets\37.5Hz11kN\Bearing2_5\243.csv,2.8971352577209473,6.731781005859375,6.974269866943359,5.358851432800293,-5.312383651733398,1.2146657705307007,-2.938328981399536,0.9304602146148682
arm_b,37.5Hz11kN,Bearing2_5,37.5Hz11kN/Bearing2_5,243,0.7189349112426036,ready,9.286933898925781,0.15555737912654877,0.13971826434135437,0.34024882316589355,D:\1\德国留学\斯图加特大学在校资料\hiwi工作\XJTU-SY_Bearing_Datasets\Data\XJTU-SY_Bearing_Datasets\37.5Hz11kN\Bearing2_5\244.csv,2.9236600399017334,6.792584419250488,7.05660343170166,5.387566566467285,-5.388983726501465,1.2404565811157227,-2.9663209915161133,0.9446344375610352
arm_b,37.5Hz11kN,Bearing2_5,37.5Hz11kN/Bearing2_5,244,0.7218934911242604,ready,9.486748695373535,0.1710638701915741,0.23537753522396088,0.3456724286079407,D:\1\德国留学\斯图加特大学在校资料\hiwi工作\XJTU-SY_Bearing_Datasets\Data\XJTU-SY_Bearing_Datasets\37.5Hz11kN\Bearing2_5\245.csv,3.0178823471069336,6.913891792297363,7.128010272979736,5.425984859466553,-5.476363182067871,1.3162562847137451,-3.049236536026001,1.0151937007904053
arm_b,37.5Hz11kN,Bearing2_5,37.5Hz11kN/Bearing2_5,245,0.7248520710059172,ready,9.676583290100098,0.18021133542060852,0.16768749058246613,0.34698793292045593,D:\1\德国留学\斯图加特大学在校资料\hiwi工作\XJTU-SY_Bearing_Datasets\Data\XJTU-SY_Bearing_Datasets\37.5Hz11kN\Bearing2_5\246.csv,3.030834197998047,6.997265815734863,7.222302436828613,5.49942684173584,-5.5570969581604,1.32378351688385,-3.0599331855773926,1.0100598335266113
arm_b,37.5Hz11kN,Bearing2_5,37.5Hz11kN/Bearing2_5,246,0.727810650887574,ready,9.899978637695312,0.1821310818195343,0.13797473907470703,0.3408328890800476,D:\1\德国留学\斯图加特大学在校资料\hiwi工作\XJTU-SY_Bearing_Datasets\Data\XJTU-SY_Bearing_Datasets\37.5Hz11kN\Bearing2_5\247.csv,3.0890181064605713,7.064206123352051,7.259843349456787,5.511760711669922,-5.576503753662109,1.3743045330047607,-3.1241350173950195,1.0606398582458496
arm_b,37.5Hz11kN,Bearing2_5,37.5Hz11kN/Bearing2_5,247,0.7307692307692307,ready,9.993021011352539,0.17757156491279602,0.07774926722049713,0.33462589979171753,D:\1\德国留学\斯图加特大学在校资料\hiwi工作\XJTU-SY_Bearing_Datasets\Data\XJTU-SY_Bearing_Datasets\37.5Hz11kN\Bearing2_5\248.csv,3.1286213397979736,7.082306861877441,7.253177642822266,5.513948440551758,-5.529234409332275,1.3695883750915527,-3.156308174133301,1.0890640020370483
arm_b,37.5Hz11kN,Bearing2_5,37.5Hz11kN/Bearing2_5,248,0.7337278106508875,ready,10.016166687011719,0.16617245972156525,0.05463732033967972,0.338294118642807,D:\1\德国留学\斯图加特大学在校资料\hiwi工作\XJTU-SY_Bearing_Datasets\Data\XJTU-SY_Bearing_Datasets\37.5Hz11kN\Bearing2_5\249.csv,3.105318546295166,7.0634870529174805,7.234911918640137,5.507707595825195,-5.511357307434082,1.3455082178115845,-3.1308634281158447,1.0760806798934937
arm_b,37.5Hz11kN,Bearing2_5,37.5Hz11kN/Bearing2_5,249,0.7366863905325444,ready,10.031145095825195,0.14903263747692108,0.10406048595905304,0.3379743993282318,D:\1\德国留学\斯图加特大学在校资料\hiwi工作\XJTU-SY_Bearing_Datasets\Data\XJTU-SY_Bearing_Datasets\37.5Hz11kN\Bearing2_5\250.csv,3.1200203895568848,7.11329460144043,7.293588638305664,5.560214042663574,-5.535475730895996,1.3190845251083374,-3.1419310569763184,1.0530728101730347
arm_b,37.5Hz11kN,Bearing2_5,37.5Hz11kN/Bearing2_5,250,0.7396449704142012,ready,10.055230140686035,0.13017594814300537,0.1063324511051178,0.3393857777118683,D:\1\德国留学\斯图加特大学在校资料\hiwi工作\XJTU-SY_Bearing_Datasets\Data\XJTU-SY_Bearing_Datasets\37.5Hz11kN\Bearing2_5\251.csv,3.1327075958251953,7.154324531555176,7.366480827331543,5.599366188049316,-5.579281330108643,1.3375660181045532,-3.1607325077056885,1.0516529083251953
arm_b,37.5Hz11kN,Bearing2_5,37.5Hz11kN/Bearing2_5,251,0.742603550295858,ready,10.104202270507812,0.10969372093677521,0.10840442776679993,0.33745285868644714,D:\1\德国留学\斯图加特大学在校资料\hiwi工作\XJTU-SY_Bearing_Datasets\Data\XJTU-SY_Bearing_Datasets\37.5Hz11kN\Bearing2_5\252.csv,3.116269111633301,7.114713191986084,7.30084753036499,5.545712471008301,-5.530203819274902,1.3249855041503906,-3.15129017829895,1.0600050687789917
arm_b,37.5Hz11kN,Bearing2_5,37.5Hz11kN/Bearing2_5,252,0.7455621301775148,ready,10.170612335205078,0.08839491009712219,0.04994760453701019,0.3450849950313568,D:\1\德国留学\斯图加特大学在校资料\hiwi工作\XJTU-SY_Bearing_Datasets\Data\XJTU-SY_Bearing_Datasets\37.5Hz11kN\Bearing2_5\253.csv,3.111297845840454,7.116698741912842,7.312227249145508,5.537356376647949,-5.560776233673096,1.3605656623840332,-3.159325122833252,1.0612716674804688
arm_b,37.5Hz11kN,Bearing2_5,37.5Hz11kN/Bearing2_5,253,0.7485207100591716,ready,10.220035552978516,0.06836672127246857,0.07967113703489304,0.34442830085754395,D:\1\德国留学\斯图加特大学在校资料\hiwi工作\XJTU-SY_Bearing_Datasets\Data\XJTU-SY_Bearing_Datasets\37.5Hz11kN\Bearing2_5\254.csv,3.089442253112793,7.103625297546387,7.300677299499512,5.521366119384766,-5.503923416137695,1.3251770734786987,-3.1472089290618896,1.0352251529693604
arm_b,37.5Hz11kN,Bearing2_5,37.5Hz11kN/Bearing2_5,254,0.7514792899408284,ready,10.248892784118652,0.051923226565122604,0.10356993973255157,0.3577476143836975,D:\1\德国留学\斯图加特大学在校资料\hiwi工作\XJTU-SY_Bearing_Datasets\Data\XJTU-SY_Bearing_Datasets\37.5Hz11kN\Bearing2_5\255.csv,3.13638973236084,7.10883903503418,7.258905410766602,5.487362861633301,-5.456192970275879,1.3562753200531006,-3.1676416397094727,1.0791748762130737
arm_b,37.5Hz11kN,Bearing2_5,37.5Hz11kN/Bearing2_5,255,0.7544378698224852,ready,10.263489723205566,0.03969345614314079,0.03894146531820297,0.34503471851348877,D:\1\德国留学\斯图加特大学在校资料\hiwi工作\XJTU-SY_Bearing_Datasets\Data\XJTU-SY_Bearing_Datasets\37.5Hz11kN\Bearing2_5\256.csv,3.1140918731689453,7.099759101867676,7.266280651092529,5.493062973022461,-5.462497711181641,1.3370139598846436,-3.1493184566497803,1.0690051317214966
arm_b,37.5Hz11kN,Bearing2_5,37.5Hz11kN/Bearing2_5,256,0.757396449704142,ready,10.247749328613281,0.03438412770628929,0.17101052403450012,0.3446475863456726,D:\1\德国留学\斯图加特大学在校资料\hiwi工作\XJTU-SY_Bearing_Datasets\Data\XJTU-SY_Bearing_Datasets\37.5Hz11kN\Bearing2_5\257.csv,3.049330234527588,6.999006271362305,7.2107062339782715,5.443304061889648,-5.41633415222168,1.295102596282959,-3.091143846511841,1.0235847234725952
arm_b,37.5Hz11kN,Bearing2_5,37.5Hz11kN/Bearing2_5,257,0.7603550295857988,ready,10.255373001098633,0.03147805482149124,0.2962755262851715,0.3550223112106323,D:\1\德国留学\斯图加特大学在校资料\hiwi工作\XJTU-SY_Bearing_Datasets\Data\XJTU-SY_Bearing_Datasets\37.5Hz11kN\Bearing2_5\258.csv,3.18511962890625,7.175843238830566,7.255880355834961,5.468980312347412,-5.363318920135498,1.3552075624465942,-3.2128140926361084,1.1425060033798218
arm_b,37.5Hz11kN,Bearing2_5,37.5Hz11kN/Bearing2_5,258,0.7633136094674556,ready,10.28884506225586,0.028760753571987152,0.24659422039985657,0.33803245425224304,D:\1\德国留学\斯图加特大学在校资料\hiwi工作\XJTU-SY_Bearing_Datasets\Data\XJTU-SY_Bearing_Datasets\37.5Hz11kN\Bearing2_5\259.csv,3.2279598712921143,7.297996520996094,7.381485462188721,5.541120529174805,-5.4912190437316895,1.4188611507415771,-3.2562355995178223,1.1703537702560425
arm_b,37.5Hz11kN,Bearing2_5,37.5Hz11kN/Bearing2_5,259,0.7662721893491125,ready,10.32951545715332,0.025955205783247948,0.14554736018180847,0.3360605537891388,D:\1\德国留学\斯图加特大学在校资料\hiwi工作\XJTU-SY_Bearing_Datasets\Data\XJTU-SY_Bearing_Datasets\37.5Hz11kN\Bearing2_5\260.csv,3.2692859172821045,7.375136852264404,7.459705829620361,5.585081100463867,-5.5395402908325195,1.429872751235962,-3.3106703758239746,1.1777875423431396
arm_b,37.5Hz11kN,Bearing2_5,37.5Hz11kN/Bearing2_5,260,0.7692307692307693,ready,10.3756685256958,0.02365615777671337,0.16254329681396484,0.34808841347694397,D:\1\德国留学\斯图加特大学在校资料\hiwi工作\XJTU-SY_Bearing_Datasets\Data\XJTU-SY_Bearing_Datasets\37.5Hz11kN\Bearing2_5\261.csv,3.290942668914795,7.454353332519531,7.5454864501953125,5.65477180480957,-5.611475944519043,1.4551782608032227,-3.347194194793701,1.1954469680786133
arm_b,37.5Hz11kN,Bearing2_5,37.5Hz11kN/Bearing2_5,261,0.772189349112426,ready,10.441614151000977,0.024334849789738655,0.2063036561012268,0.34929391741752625,D:\1\德国留学\斯图加特大学在校资料\hiwi工作\XJTU-SY_Bearing_Datasets\Data\XJTU-SY_Bearing_Datasets\37.5Hz11kN\Bearing2_5\262.csv,3.317305088043213,7.546551704406738,7.659513473510742,5.773777008056641,-5.664888381958008,1.4157752990722656,-3.368957281112671,1.1590853929519653
arm_b,37.5Hz11kN,Bearing2_5,37.5Hz11kN/Bearing2_5,262,0.7751479289940828,ready,10.524918556213379,0.029894916340708733,0.19492901861667633,0.35417670011520386,D:\1\德国留学\斯图加特大学在校资料\hiwi工作\XJTU-SY_Bearing_Datasets\Data\XJTU-SY_Bearing_Datasets\37.5Hz11kN\Bearing2_5\263.csv,3.4094700813293457,7.656759262084961,7.739893913269043,5.813111305236816,-5.705334186553955,1.4514024257659912,-3.43233060836792,1.2083569765090942
arm_b,37.5Hz11kN,Bearing2_5,37.5Hz11kN/Bearing2_5,263,0.7781065088757396,ready,10.616497039794922,0.03945043310523033,0.03848312422633171,0.3548465371131897,D:\1\德国留学\斯图加特大学在校资料\hiwi工作\XJTU-SY_Bearing_Datasets\Data\XJTU-SY_Bearing_Datasets\37.5Hz11kN\Bearing2_5\264.csv,3.424466609954834,7.669637680053711,7.734058380126953,5.81438684463501,-5.697542667388916,1.4577345848083496,-3.4527649879455566,1.2315119504928589
arm_b,37.5Hz11kN,Bearing2_5,37.5Hz11kN/Bearing2_5,264,0.7810650887573964,ready,10.69603157043457,0.05046241730451584,0.09710080176591873,0.3516310155391693,D:\1\德国留学\斯图加特大学在校资料\hiwi工作\XJTU-SY_Bearing_Datasets\Data\XJTU-SY_Bearing_Datasets\37.5Hz11kN\Bearing2_5\265.csv,3.3821120262145996,7.618051052093506,7.697662353515625,5.791220664978027,-5.6877899169921875,1.4364956617355347,-3.408933639526367,1.206120252609253
arm_b,37.5Hz11kN,Bearing2_5,37.5Hz11kN/Bearing2_5,265,0.7840236686390533,ready,10.858007431030273,0.06586271524429321,0.8099498748779297,0.4205440878868103,D:\1\德国留学\斯图加特大学在校资料\hiwi工作\XJTU-SY_Bearing_Datasets\Data\XJTU-SY_Bearing_Datasets\37.5Hz11kN\Bearing2_5\266.csv,3.7600810527801514,8.074104309082031,7.907312393188477,5.887650966644287,-5.776047706604004,1.6582194566726685,-3.7180275917053223,1.5214482545852661
arm_b,37.5Hz11kN,Bearing2_5,37.5Hz11kN/Bearing2_5,266,0.7869822485207101,ready,11.050424575805664,0.083502858877182,0.3224910795688629,0.3621237277984619,D:\1\德国留学\斯图加特大学在校资料\hiwi工作\XJTU-SY_Bearing_Datasets\Data\XJTU-SY_Bearing_Datasets\37.5Hz11kN\Bearing2_5\267.csv,3.719529151916504,8.138938903808594,8.092527389526367,5.997727870941162,-5.984357833862305,1.6721100807189941,-3.7533135414123535,1.4383829832077026
arm_b,37.5Hz11kN,Bearing2_5,37.5Hz11kN/Bearing2_5,267,0.7899408284023669,ready,11.205903053283691,0.10040248185396194,0.11783682554960251,0.35714462399482727,D:\1\德国留学\斯图加特大学在校资料\hiwi工作\XJTU-SY_Bearing_Datasets\Data\XJTU-SY_Bearing_Datasets\37.5Hz11kN\Bearing2_5\268.csv,3.685739040374756,8.068245887756348,8.025687217712402,5.955284118652344,-5.966625213623047,1.6767077445983887,-3.720123052597046,1.4447051286697388
arm_b,37.5Hz11kN,Bearing2_5,37.5Hz11kN/Bearing2_5,268,0.7928994082840237,ready,11.362648010253906,0.11656174063682556,0.2237330824136734,0.3619564473628998,D:\1\德国留学\斯图加特大学在校资料\hiwi工作\XJTU-SY_Bearing_Datasets\Data\XJTU-SY_Bearing_Datasets\37.5Hz11kN\Bearing2_5\269.csv,3.796285629272461,8.20189094543457,8.096899032592773,5.971841812133789,-5.981367111206055,1.7350317239761353,-3.8014941215515137,1.5109577178955078
arm_b,37.5Hz11kN,Bearing2_5,37.5Hz11kN/Bearing2_5,269,0.7958579881656804,ready,11.492664337158203,0.1295083612203598,0.14060097932815552,0.3590593636035919,D:\1\德国留学\斯图加特大学在校资料\hiwi工作\XJTU-SY_Bearing_Datasets\Data\XJTU-SY_Bearing_Datasets\37.5Hz11kN\Bearing2_5\270.csv,3.740065097808838,8.122478485107422,8.045828819274902,5.9697723388671875,-5.970476150512695,1.6920979022979736,-3.7444467544555664,1.461230754852295
arm_b,37.5Hz11kN,Bearing2_5,37.5Hz11kN/Bearing2_5,270,0.7988165680473372,ready,11.615152359008789,0.13811422884464264,0.10810371488332748,0.36245083808898926,D:\1\德国留学\斯图加特大学在校资料\hiwi工作\XJTU-SY_Bearing_Datasets\Data\XJTU-SY_Bearing_Datasets\37.5Hz11kN\Bearing2_5\271.csv,3.749176502227783,8.16030216217041,8.10704517364502,6.034640312194824,-6.008221626281738,1.6679139137268066,-3.7518696784973145,1.4488701820373535
arm_b,37.5Hz11kN,Bearing2_5,37.5Hz11kN/Bearing2_5,271,0.8017751479289941,ready,11.719919204711914,0.14180701971054077,0.05800405144691467,0.3607380986213684,D:\1\德国留学\斯图加特大学在校资料\hiwi工作\XJTU-SY_Bearing_Datasets\Data\XJTU-SY_Bearing_Datasets\37.5Hz11kN\Bearing2_5\272.csv,3.7209558486938477,8.129630088806152,8.101655960083008,6.020195960998535,-5.9856462478637695,1.6510075330734253,-3.7317662239074707,1.435086727142334
arm_b,37.5Hz11kN,Bearing2_5,37.5Hz11kN/Bearing2_5,272,0.8047337278106509,ready,11.812522888183594,0.14060992002487183,0.08085963129997253,0.3653692901134491,D:\1\德国留学\斯图加特大学在校资料\hiwi工作\XJTU-SY_Bearing_Datasets\Data\XJTU-SY_Bearing_Datasets\37.5Hz11kN\Bearing2_5\273.csv,3.7527246475219727,8.17460823059082,8.116175651550293,6.0048675537109375,-5.989860534667969,1.6759347915649414,-3.766972064971924,1.4694615602493286
arm_b,37.5Hz11kN,Bearing2_5,37.5Hz11kN/Bearing2_5,273,0.8076923076923077,ready,11.922335624694824,0.13590048253536224,0.22083641588687897,0.34865444898605347,D:\1\德国留学\斯图加特大学在校资料\hiwi工作\XJTU-SY_Bearing_Datasets\Data\XJTU-SY_Bearing_Datasets\37.5Hz11kN\Bearing2_5\274.csv,3.810953378677368,8.282976150512695,8.22520637512207,6.093967437744141,-6.074150085449219,1.7370376586914062,-3.8198630809783936,1.4825878143310547
arm_b,37.5Hz11kN,Bearing2_5,37.5Hz11kN/Bearing2_5,274,0.8106508875739645,ready,12.056466102600098,0.1279812604188919,0.16779248416423798,0.35072022676467896,D:\1\德国留学\斯图加特大学在校资料\hiwi工作\XJTU-SY_Bearing_Datasets\Data\XJTU-SY_Bearing_Datasets\37.5Hz11kN\Bearing2_5\275.csv,3.8592617511749268,8.377647399902344,8.318446159362793,6.155325412750244,-6.113290309906006,1.720024585723877,-3.8648338317871094,1.5061620473861694
arm_b,37.5Hz11kN,Bearing2_5,37.5Hz11kN/Bearing2_5,275,0.8136094674556213,ready,12.10114860534668,0.11680751293897629,0.15468695759773254,0.34301263093948364,D:\1\德国留学\斯图加特大学在校资料\hiwi工作\XJTU-SY_Bearing_Datasets\Data\XJTU-SY_Bearing_Datasets\37.5Hz11kN\Bearing2_5\276.csv,3.855363368988037,8.314556121826172,8.217466354370117,6.082411766052246,-6.051858901977539,1.7378733158111572,-3.854341506958008,1.5208773612976074
arm_b,37.5Hz11kN,Bearing2_5,37.5Hz11kN/Bearing2_5,276,0.8165680473372781,ready,12.136454582214355,0.10531897097826004,0.13817821443080902,0.3488694131374359,D:\1\德国留学\斯图加特大学在校资料\hiwi工作\XJTU-SY_Bearing_Datasets\Data\XJTU-SY_Bearing_Datasets\37.5Hz11kN\Bearing2_5\277.csv,3.835114002227783,8.339970588684082,8.303258895874023,6.150628566741943,-6.114871978759766,1.7279690504074097,-3.837447166442871,1.4800211191177368
arm_b,37.5Hz11kN,Bearing2_5,37.5Hz11kN/Bearing2_5,277,0.8195266272189349,ready,12.20708179473877,0.09488406032323837,0.27220600843429565,0.3736606240272522,D:\1\德国留学\斯图加特大学在校资料\hiwi工作\XJTU-SY_Bearing_Datasets\Data\XJTU-SY_Bearing_Datasets\37.5Hz11kN\Bearing2_5\278.csv,3.947812080383301,8.480874061584473,8.342208862304688,6.1409478187561035,-6.180736541748047,1.8312201499938965,-3.962906837463379,1.5758938789367676
arm_b,37.5Hz11kN,Bearing2_5,37.5Hz11kN/Bearing2_5,278,0.8224852071005917,ready,12.26944637298584,0.08616502583026886,0.24423928558826447,0.39134371280670166,D:\1\德国留学\斯图加特大学在校资料\hiwi工作\XJTU-SY_Bearing_Datasets\Data\XJTU-SY_Bearing_Datasets\37.5Hz11kN\Bearing2_5\279.csv,3.9190661907196045,8.57995319366455,8.480951309204102,6.257621765136719,-6.303433418273926,1.825451374053955,-3.9743077754974365,1.5454018115997314
arm_b,37.5Hz11kN,Bearing2_5,37.5Hz11kN/Bearing2_5,279,0.8254437869822485,ready,12.360708236694336,0.0801001638174057,0.15792573988437653,0.38427624106407166,D:\1\德国留学\斯图加特大学在校资料\hiwi工作\XJTU-SY_Bearing_Datasets\Data\XJTU-SY_Bearing_Datasets\37.5Hz11kN\Bearing2_5\280.csv,3.9973220825195312,8.669849395751953,8.557205200195312,6.279438018798828,-6.308626651763916,1.8449158668518066,-4.025378704071045,1.5832244157791138
arm_b,37.5Hz11kN,Bearing2_5,37.5Hz11kN/Bearing2_5,280,0.8284023668639053,ready,12.443827629089355,0.07621321082115173,0.19608139991760254,0.3944839835166931,D:\1\德国留学\斯图加特大学在校资料\hiwi工作\XJTU-SY_Bearing_Datasets\Data\XJTU-SY_Bearing_Datasets\37.5Hz11kN\Bearing2_5\281.csv,3.9206814765930176,8.670899391174316,8.641580581665039,6.345217704772949,-6.400173664093018,1.7803022861480713,-3.985459089279175,1.4996929168701172
arm_b,37.5Hz11kN,Bearing2_5,37.5Hz11kN/Bearing2_5,281,0.8313609467455622,ready,12.413753509521484,0.06762576103210449,1.3800928592681885,0.3862529397010803,D:\1\德国留学\斯图加特大学在校资料\hiwi工作\XJTU-SY_Bearing_Datasets\Data\XJTU-SY_Bearing_Datasets\37.5Hz11kN\Bearing2_5\282.csv,3.6898012161254883,7.942056179046631,7.870998382568359,5.868440628051758,-5.797272682189941,1.6551847457885742,-3.648916482925415,1.4183316230773926
arm_b,37.5Hz11kN,Bearing2_5,37.5Hz11kN/Bearing2_5,282,0.834319526627219,ready,12.319612503051758,0.05166681483387947,0.58333420753479,0.3461224436759949,D:\1\德国留学\斯图加特大学在校资料\hiwi工作\XJTU-SY_Bearing_Datasets\Data\XJTU-SY_Bearing_Datasets\37.5Hz11kN\Bearing2_5\283.csv,3.489046096801758,7.6109819412231445,7.6087751388549805,5.725707054138184,-5.6250901222229,1.4962397813796997,-3.4709296226501465,1.2973254919052124
arm_b,37.5Hz11kN,Bearing2_5,37.5Hz11kN/Bearing2_5,283,0.8372781065088757,ready,12.24759292602539,0.032953836023807526,0.44121497869491577,0.3446041941642761,D:\1\德国留学\斯图加特大学在校资料\hiwi工作\XJTU-SY_Bearing_Datasets\Data\XJTU-SY_Bearing_Datasets\37.5Hz11kN\Bearing2_5\284.csv,3.619091033935547,7.877927780151367,7.836514472961426,5.847447395324707,-5.7387542724609375,1.5767793655395508,-3.591308355331421,1.3742395639419556
arm_b,37.5Hz11kN,Bearing2_5,37.5Hz11kN/Bearing2_5,284,0.8402366863905325,ready,12.146883010864258,0.013747105374932289,0.16365036368370056,0.3368605077266693,D:\1\德国留学\斯图加特大学在校资料\hiwi工作\XJTU-SY_Bearing_Datasets\Data\XJTU-SY_Bearing_Datasets\37.5Hz11kN\Bearing2_5\285.csv,3.5255982875823975,7.797663688659668,7.796698570251465,5.8412065505981445,-5.78613805770874,1.5475785732269287,-3.529235363006592,1.3192577362060547
arm_b,37.5Hz11kN,Bearing2_5,37.5Hz11kN/Bearing2_5,285,0.8431952662721893,ready,12.06230640411377,-0.008190021850168705,0.1017470583319664,0.35169166326522827,D:\1\德国留学\斯图加特大学在校资料\hiwi工作\XJTU-SY_Bearing_Datasets\Data\XJTU-SY_Bearing_Datasets\37.5Hz11kN\Bearing2_5\286.csv,3.5254979133605957,7.821153163909912,7.852252006530762,5.885051727294922,-5.8501787185668945,1.566859245300293,-3.5467758178710938,1.322648286819458
arm_b,37.5Hz11kN,Bearing2_5,37.5Hz11kN/Bearing2_5,286,0.8461538461538461,ready,12.009084701538086,-0.030205605551600456,0.3661451041698456,0.32756930589675903,D:\1\德国留学\斯图加特大学在校资料\hiwi工作\XJTU-SY_Bearing_Datasets\Data\XJTU-SY_Bearing_Datasets\37.5Hz11kN\Bearing2_5\287.csv,3.655050039291382,8.027283668518066,8.00576400756836,5.988551139831543,-5.977130889892578,1.629296064376831,-3.66524338722229,1.4030277729034424
arm_b,37.5Hz11kN,Bearing2_5,37.5Hz11kN/Bearing2_5,287,0.849112426035503,ready,11.951772689819336,-0.04909494146704674,0.26338690519332886,0.3454279899597168,D:\1\德国留学\斯图加特大学在校资料\hiwi工作\XJTU-SY_Bearing_Datasets\Data\XJTU-SY_Bearing_Datasets\37.5Hz11kN\Bearing2_5\288.csv,3.6889944076538086,8.152973175048828,8.145137786865234,6.084090232849121,-6.1168060302734375,1.66567862033844,-3.720327377319336,1.4046857357025146
arm_b,37.5Hz11kN,Bearing2_5,37.5Hz11kN/Bearing2_5,288,0.8520710059171598,ready,11.868051528930664,-0.06529858708381653,0.1304244101047516,0.35015204548835754,D:\1\德国留学\斯图加特大学在校资料\hiwi工作\XJTU-SY_Bearing_Datasets\Data\XJTU-SY_Bearing_Datasets\37.5Hz11kN\Bearing2_5\289.csv,3.6486406326293945,8.068187713623047,8.084522247314453,6.057989120483398,-6.086944580078125,1.6496119499206543,-3.6785504817962646,1.3739796876907349
arm_b,37.5Hz11kN,Bearing2_5,37.5Hz11kN/Bearing2_5,289,0.8550295857988166,ready,11.764002799987793,-0.07622810453176498,0.08549866825342178,0.34691667556762695,D:\1\德国留学\斯图加特大学在校资料\hiwi工作\XJTU-SY_Bearing_Datasets\Data\XJTU-SY_Bearing_Datasets\37.5Hz11kN\Bearing2_5\290.csv,3.6544997692108154,8.036397933959961,8.033382415771484,6.022330284118652,-6.044119358062744,1.645864725112915,-3.663174867630005,1.3911207914352417
arm_b,37.5Hz11kN,Bearing2_5,37.5Hz11kN/Bearing2_5,290,0.8579881656804734,ready,11.668855667114258,-0.0795733854174614,0.07186902314424515,0.36586278676986694,D:\1\德国留学\斯图加特大学在校资料\hiwi工作\XJTU-SY_Bearing_Datasets\Data\XJTU-SY_Bearing_Datasets\37.5Hz11kN\Bearing2_5\291.csv,3.674612045288086,8.0706205368042,8.065532684326172,6.044331073760986,-6.060314178466797,1.6494498252868652,-3.700507164001465,1.4111948013305664
arm_b,37.5Hz11kN,Bearing2_5,37.5Hz11kN/Bearing2_5,291,0.8609467455621301,ready,11.663328170776367,-0.07583150267601013,0.3312709331512451,0.37591227889060974,D:\1\德国留学\斯图加特大学在校资料\hiwi工作\XJTU-SY_Bearing_Datasets\Data\XJTU-SY_Bearing_Datasets\37.5Hz11kN\Bearing2_5\292.csv,3.5967578887939453,7.904481887817383,7.898303985595703,5.918630599975586,-5.906586647033691,1.6184093952178955,-3.6205320358276367,1.3748714923858643
arm_b,37.5Hz11kN,Bearing2_5,37.5Hz11kN/Bearing2_5,292,0.863905325443787,ready,11.739860534667969,-0.06509512662887573,0.3841007649898529,0.3813174366950989,D:\1\德国留学\斯图加特大学在校资料\hiwi工作\XJTU-SY_Bearing_Datasets\Data\XJTU-SY_Bearing_Datasets\37.5Hz11kN\Bearing2_5\293.csv,3.783850908279419,8.048526763916016,7.87514591217041,5.822272777557373,-5.780768394470215,1.7400480508804321,-3.7619006633758545,1.5519258975982666
arm_b,37.5Hz11kN,Bearing2_5,37.5Hz11kN/Bearing2_5,293,0.8668639053254438,ready,11.833559036254883,-0.04702193662524223,0.6719427704811096,0.3613874912261963,D:\1\德国留学\斯图加特大学在校资料\hiwi工作\XJTU-SY_Bearing_Datasets\Data\XJTU-SY_Bearing_Datasets\37.5Hz11kN\Bearing2_5\294.csv,3.923356056213379,8.404930114746094,8.239521980285645,6.0545854568481445,-6.0612711906433105,1.8345005512237549,-3.9215099811553955,1.6240696907043457
arm_b,37.5Hz11kN,Bearing2_5,37.5Hz11kN/Bearing2_5,294,0.8698224852071006,ready,11.943262100219727,-0.024660341441631317,0.06692231446504593,0.36445727944374084,D:\1\德国留学\斯图加特大学在校资料\hiwi工作\XJTU-SY_Bearing_Datasets\Data\XJTU-SY_Bearing_Datasets\37.5Hz11kN\Bearing2_5\295.csv,3.940229892730713,8.423108100891113,8.225616455078125,6.015754699707031,-6.033729553222656,1.8549280166625977,-3.944159984588623,1.645827293395996
arm_b,37.5Hz11kN,Bearing2_5,37.5Hz11kN/Bearing2_5,295,0.8727810650887574,ready,12.028742790222168,-0.0008064732537604868,0.1971983015537262,0.3628344237804413,D:\1\德国留学\斯图加特大学在校资料\hiwi工作\XJTU-SY_Bearing_Datasets\Data\XJTU-SY_Bearing_Datasets\37.5Hz11kN\Bearing2_5\296.csv,3.899880886077881,8.306404113769531,8.120173454284668,5.953047752380371,-5.958649635314941,1.8278639316558838,-3.905691623687744,1.6186308860778809
arm_b,37.5Hz11kN,Bearing2_5,37.5Hz11kN/Bearing2_5,296,0.8757396449704142,ready,12.084964752197266,0.022972766309976578,0.11523761600255966,0.34891289472579956,D:\1\德国留学\斯图加特大学在校资料\hiwi工作\XJTU-SY_Bearing_Datasets\Data\XJTU-SY_Bearing_Datasets\37.5Hz11kN\Bearing2_5\297.csv,3.8922457695007324,8.34437370300293,8.173686027526855,6.003419399261475,-6.035916328430176,1.8466110229492188,-3.9029603004455566,1.6115760803222656
arm_b,37.5Hz11kN,Bearing2_5,37.5Hz11kN/Bearing2_5,297,0.878698224852071,ready,12.12797737121582,0.04435759037733078,0.08694358915090561,0.35468363761901855,D:\1\德国留学\斯图加特大学在校资料\hiwi工作\XJTU-SY_Bearing_Datasets\Data\XJTU-SY_Bearing_Datasets\37.5Hz11kN\Bearing2_5\298.csv,3.927834987640381,8.39466381072998,8.188886642456055,6.012731552124023,-6.030186653137207,1.8630093336105347,-3.947111129760742,1.646140456199646
arm_b,37.5Hz11kN,Bearing2_5,37.5Hz11kN/Bearing2_5,298,0.8816568047337278,ready,12.188188552856445,0.06130943447351456,0.055267706513404846,0.3582250773906708,D:\1\德国留学\斯图加特大学在校资料\hiwi工作\XJTU-SY_Bearing_Datasets\Data\XJTU-SY_Bearing_Datasets\37.5Hz11kN\Bearing2_5\299.csv,3.945364475250244,8.414861679077148,8.208523750305176,6.013111114501953,-6.067010402679443,1.8821148872375488,-3.96122670173645,1.6519078016281128
arm_b,37.5Hz11kN,Bearing2_5,37.5Hz11kN/Bearing2_5,299,0.8846153846153846,ready,12.256922721862793,0.0711933821439743,0.05692277103662491,0.36262160539627075,D:\1\德国留学\斯图加特大学在校资料\hiwi工作\XJTU-SY_Bearing_Datasets\Data\XJTU-SY_Bearing_Datasets\37.5Hz11kN\Bearing2_5\300.csv,3.9673876762390137,8.440313339233398,8.231487274169922,6.04634952545166,-6.060844421386719,1.8642992973327637,-3.970388889312744,1.6459146738052368
arm_b,37.5Hz11kN,Bearing2_5,37.5Hz11kN/Bearing2_5,300,0.8875739644970414,ready,12.320521354675293,0.07222841680049896,0.05828343331813812,0.3614560067653656,D:\1\德国留学\斯图加特大学在校资料\hiwi工作\XJTU-SY_Bearing_Datasets\Data\XJTU-SY_Bearing_Datasets\37.5Hz11kN\Bearing2_5\301.csv,3.954517126083374,8.454484939575195,8.273584365844727,6.073001861572266,-6.076387405395508,1.8560149669647217,-3.9574203491210938,1.6375741958618164
arm_b,37.5Hz11kN,Bearing2_5,37.5Hz11kN/Bearing2_5,301,0.8905325443786982,ready,12.403106689453125,0.069500632584095,0.1522442102432251,0.3525914251804352,D:\1\德国留学\斯图加特大学在校资料\hiwi工作\XJTU-SY_Bearing_Datasets\Data\XJTU-SY_Bearing_Datasets\37.5Hz11kN\Bearing2_5\302.csv,3.936371326446533,8.37173843383789,8.183141708374023,5.993683815002441,-6.045805931091309,1.867209792137146,-3.9525692462921143,1.6587103605270386
arm_b,37.5Hz11kN,Bearing2_5,37.5Hz11kN/Bearing2_5,302,0.893491124260355,ready,12.481597900390625,0.06718933582305908,0.28513792157173157,0.3594142198562622,D:\1\德国留学\斯图加特大学在校资料\hiwi工作\XJTU-SY_Bearing_Datasets\Data\XJTU-SY_Bearing_Datasets\37.5Hz11kN\Bearing2_5\303.csv,3.970458984375,8.5094633102417,8.354154586791992,6.115718841552734,-6.1703691482543945,1.888728380203247,-3.978646755218506,1.639306664466858
arm_b,37.5Hz11kN,Bearing2_5,37.5Hz11kN/Bearing2_5,303,0.8964497041420119,ready,12.543042182922363,0.06548535078763962,0.4338741600513458,0.3607728183269501,D:\1\德国留学\斯图加特大学在校资料\hiwi工作\XJTU-SY_Bearing_Datasets\Data\XJTU-SY_Bearing_Datasets\37.5Hz11kN\Bearing2_5\304.csv,4.116953372955322,8.756489753723145,8.549819946289062,6.239632606506348,-6.301948070526123,1.9427082538604736,-4.129508018493652,1.7349026203155518
arm_b,37.5Hz11kN,Bearing2_5,37.5Hz11kN/Bearing2_5,304,0.8994082840236687,ready,12.637504577636719,0.06764759868383408,0.39857545495033264,0.36705535650253296,D:\1\德国留学\斯图加特大学在校资料\hiwi工作\XJTU-SY_Bearing_Datasets\Data\XJTU-SY_Bearing_Datasets\37.5Hz11kN\Bearing2_5\305.csv,4.190834045410156,8.961318016052246,8.761639595031738,6.366717338562012,-6.49238395690918,2.012528419494629,-4.219918251037598,1.7683184146881104
arm_b,37.5Hz11kN,Bearing2_5,37.5Hz11kN/Bearing2_5,305,0.9023668639053254,ready,12.773459434509277,0.07450921833515167,0.24459591507911682,0.38108527660369873,D:\1\德国留学\斯图加特大学在校资料\hiwi工作\XJTU-SY_Bearing_Datasets\Data\XJTU-SY_Bearing_Datasets\37.5Hz11kN\Bearing2_5\306.csv,4.300827980041504,9.115009307861328,8.836404800415039,6.4207000732421875,-6.502584457397461,2.0491549968719482,-4.319993495941162,1.832683801651001
arm_b,37.5Hz11kN,Bearing2_5,37.5Hz11kN/Bearing2_5,306,0.9053254437869822,ready,12.927973747253418,0.08452016115188599,0.2654283344745636,0.400267094373703,D:\1\德国留学\斯图加特大学在校资料\hiwi工作\XJTU-SY_Bearing_Datasets\Data\XJTU-SY_Bearing_Datasets\37.5Hz11kN\Bearing2_5\307.csv,4.368024826049805,9.260054588317871,8.971151351928711,6.509326457977295,-6.6033220291137695,2.1004090309143066,-4.386826515197754,1.873250961303711
arm_b,37.5Hz11kN,Bearing2_5,37.5Hz11kN/Bearing2_5,307,0.908284023668639,ready,13.090948104858398,0.0960698276758194,0.17467252910137177,0.42729905247688293,D:\1\德国留学\斯图加特大学在校资料\hiwi工作\XJTU-SY_Bearing_Datasets\Data\XJTU-SY_Bearing_Datasets\37.5Hz11kN\Bearing2_5\308.csv,4.413547039031982,9.37441635131836,9.057437896728516,6.524650573730469,-6.633143424987793,2.1350958347320557,-4.460101127624512,1.888007402420044
arm_b,37.5Hz11kN,Bearing2_5,37.5Hz11kN/Bearing2_5,308,0.9112426035502958,ready,13.32676887512207,0.11282415688037872,0.830251157283783,0.49838459491729736,D:\1\德国留学\斯图加特大学在校资料\hiwi工作\XJTU-SY_Bearing_Datasets\Data\XJTU-SY_Bearing_Datasets\37.5Hz11kN\Bearing2_5\309.csv,4.623337745666504,9.83828067779541,9.504976272583008,6.805469512939453,-6.910722732543945,2.2285172939300537,-4.700516700744629,1.9740737676620483
arm_b,37.5Hz11kN,Bearing2_5,37.5Hz11kN/Bearing2_5,309,0.9142011834319527,ready,13.561323165893555,0.13315363228321075,0.04104674234986305,0.4803471863269806,D:\1\德国留学\斯图加特大学在校资料\hiwi工作\XJTU-SY_Bearing_Datasets\Data\XJTU-SY_Bearing_Datasets\37.5Hz11kN\Bearing2_5\310.csv,4.623068332672119,9.865793228149414,9.530216217041016,6.81080436706543,-6.916749954223633,2.226715326309204,-4.693144798278809,1.9610973596572876
arm_b,37.5Hz11kN,Bearing2_5,37.5Hz11kN/Bearing2_5,310,0.9171597633136095,ready,13.777067184448242,0.1536799818277359,0.1835547685623169,0.46231329441070557,D:\1\德国留学\斯图加特大学在校资料\hiwi工作\XJTU-SY_Bearing_Datasets\Data\XJTU-SY_Bearing_Datasets\37.5Hz11kN\Bearing2_5\311.csv,4.580695152282715,9.761004447937012,9.446643829345703,6.758423328399658,-6.837406635284424,2.184018850326538,-4.640207290649414,1.9447472095489502
arm_b,37.5Hz11kN,Bearing2_5,37.5Hz11kN/Bearing2_5,311,0.9201183431952663,ready,13.969477653503418,0.17255207896232605,0.34068480134010315,0.44238871335983276,D:\1\德国留学\斯图加特大学在校资料\hiwi工作\XJTU-SY_Bearing_Datasets\Data\XJTU-SY_Bearing_Datasets\37.5Hz11kN\Bearing2_5\312.csv,4.447225570678711,9.562971115112305,9.27951431274414,6.6685333251953125,-6.782625198364258,2.142031669616699,-4.522267818450928,1.87880277633667
arm_b,37.5Hz11kN,Bearing2_5,37.5Hz11kN/Bearing2_5,312,0.9230769230769231,ready,14.141424179077148,0.18704943358898163,0.11508616805076599,0.4348810911178589,D:\1\德国留学\斯图加特大学在校资料\hiwi工作\XJTU-SY_Bearing_Datasets\Data\XJTU-SY_Bearing_Datasets\37.5Hz11kN\Bearing2_5\313.csv,4.49428653717041,9.546577453613281,9.260427474975586,6.621969223022461,-6.716549873352051,2.163656711578369,-4.541365146636963,1.9338529109954834
arm_b,37.5Hz11kN,Bearing2_5,37.5Hz11kN/Bearing2_5,313,0.9260355029585798,ready,14.259527206420898,0.1919659972190857,0.20088277757167816,0.44177132844924927,D:\1\德国留学\斯图加特大学在校资料\hiwi工作\XJTU-SY_Bearing_Datasets\Data\XJTU-SY_Bearing_Datasets\37.5Hz11kN\Bearing2_5\314.csv,4.492414474487305,9.482635498046875,9.150214195251465,6.5343337059021,-6.590655326843262,2.16874361038208,-4.5358805656433105,1.9568630456924438
arm_b,37.5Hz11kN,Bearing2_5,37.5Hz11kN/Bearing2_5,314,0.9289940828402367,ready,14.31896686553955,0.18561632931232452,0.29135510325431824,0.4226264953613281,D:\1\德国留学\斯图加特大学在校资料\hiwi工作\XJTU-SY_Bearing_Datasets\Data\XJTU-SY_Bearing_Datasets\37.5Hz11kN\Bearing2_5\315.csv,4.472700119018555,9.35297966003418,9.000208854675293,6.423964023590088,-6.433993816375732,2.1097211837768555,-4.466824531555176,1.9423644542694092
arm_b,37.5Hz11kN,Bearing2_5,37.5Hz11kN/Bearing2_5,315,0.9319526627218935,ready,14.331781387329102,0.168647900223732,0.252855509519577,0.419747918844223,D:\1\德国留学\斯图加特大学在校资料\hiwi工作\XJTU-SY_Bearing_Datasets\Data\XJTU-SY_Bearing_Datasets\37.5Hz11kN\Bearing2_5\316.csv,4.404695510864258,9.202676773071289,8.867368698120117,6.327559471130371,-6.364484786987305,2.1070165634155273,-4.400269985198975,1.9197447299957275
arm_b,37.5Hz11kN,Bearing2_5,37.5Hz11kN/Bearing2_5,316,0.9349112426035503,ready,14.329556465148926,0.14297036826610565,0.15334415435791016,0.411498486995697,D:\1\德国留学\斯图加特大学在校资料\hiwi工作\XJTU-SY_Bearing_Datasets\Data\XJTU-SY_Bearing_Datasets\37.5Hz11kN\Bearing2_5\317.csv,4.390344142913818,9.267680168151855,8.948057174682617,6.348984241485596,-6.465724945068359,2.149930000305176,-4.401824474334717,1.9241973161697388
arm_b,37.5Hz11kN,Bearing2_5,37.5Hz11kN/Bearing2_5,317,0.9378698224852071,ready,14.335670471191406,0.11150234937667847,0.32717666029930115,0.422695517539978,D:\1\德国留学\斯图加特大学在校资料\hiwi工作\XJTU-SY_Bearing_Datasets\Data\XJTU-SY_Bearing_Datasets\37.5Hz11kN\Bearing2_5\318.csv,4.429320335388184,9.426107406616211,9.13333511352539,6.51338005065918,-6.584768295288086,2.128401756286621,-4.467865943908691,1.9154750108718872
arm_b,37.5Hz11kN,Bearing2_5,37.5Hz11kN/Bearing2_5,318,0.9408284023668639,ready,14.25750732421875,0.07640476524829865,0.09863045066595078,0.4350842237472534,D:\1\德国留学\斯图加特大学在校资料\hiwi工作\XJTU-SY_Bearing_Datasets\Data\XJTU-SY_Bearing_Datasets\37.5Hz11kN\Bearing2_5\319.csv,4.409797668457031,9.374977111816406,9.075552940368652,6.468639373779297,-6.586716651916504,2.1592743396759033,-4.449893951416016,1.9048867225646973
arm_b,37.5Hz11kN,Bearing2_5,37.5Hz11kN/Bearing2_5,319,0.9437869822485208,ready,14.178411483764648,0.04134812206029892,0.15305683016777039,0.4264327883720398,D:\1\德国留学\斯图加特大学在校资料\hiwi工作\XJTU-SY_Bearing_Datasets\Data\XJTU-SY_Bearing_Datasets\37.5Hz11kN\Bearing2_5\320.csv,4.479400634765625,9.380975723266602,9.028841018676758,6.473310947418213,-6.474567890167236,2.142319917678833,-4.471128463745117,1.959898591041565
arm_b,37.5Hz11kN,Bearing2_5,37.5Hz11kN/Bearing2_5,320,0.9467455621301775,ready,14.130706787109375,0.010592483915388584,0.1988561898469925,0.42430052161216736,D:\1\德国留学\斯图加特大学在校资料\hiwi工作\XJTU-SY_Bearing_Datasets\Data\XJTU-SY_Bearing_Datasets\37.5Hz11kN\Bearing2_5\321.csv,4.476862907409668,9.471266746520996,9.12980842590332,6.5241546630859375,-6.602895259857178,2.1813783645629883,-4.495285987854004,1.9545775651931763
arm_b,37.5Hz11kN,Bearing2_5,37.5Hz11kN/Bearing2_5,321,0.9497041420118343,ready,14.143743515014648,-0.010911236517131329,0.30234846472740173,0.41458526253700256,D:\1\德国留学\斯图加特大学在校资料\hiwi工作\XJTU-SY_Bearing_Datasets\Data\XJTU-SY_Bearing_Datasets\37.5Hz11kN\Bearing2_5\322.csv,4.564818382263184,9.622286796569824,9.296651840209961,6.651120185852051,-6.697565078735352,2.1951022148132324,-4.576074600219727,1.9897470474243164
arm_b,37.5Hz11kN,Bearing2_5,37.5Hz11kN/Bearing2_5,322,0.9526627218934911,ready,14.191113471984863,-0.020480353385210037,0.35522499680519104,0.3866267800331116,D:\1\德国留学\斯图加特大学在校资料\hiwi工作\XJTU-SY_Bearing_Datasets\Data\XJTU-SY_Bearing_Datasets\37.5Hz11kN\Bearing2_5\323.csv,4.700541973114014,9.80958366394043,9.418025970458984,6.714925765991211,-6.81966495513916,2.317652463912964,-4.692122459411621,2.0921525955200195
arm_b,37.5Hz11kN,Bearing2_5,37.5Hz11kN/Bearing2_5,323,0.9556213017751479,ready,14.220026969909668,-0.021201128140091896,0.35067853331565857,0.3972143828868866,D:\1\德国留学\斯图加特大学在校资料\hiwi工作\XJTU-SY_Bearing_Datasets\Data\XJTU-SY_Bearing_Datasets\37.5Hz11kN\Bearing2_5\324.csv,4.637594223022461,9.625409126281738,9.22317123413086,6.569272994995117,-6.678215026855469,2.2967634201049805,-4.624288558959961,2.062762498855591
arm_b,37.5Hz11kN,Bearing2_5,37.5Hz11kN/Bearing2_5,324,0.9585798816568047,ready,14.238207817077637,-0.016488786786794662,0.35790854692459106,0.4050726294517517,D:\1\德国留学\斯图加特大学在校资料\hiwi工作\XJTU-SY_Bearing_Datasets\Data\XJTU-SY_Bearing_Datasets\37.5Hz11kN\Bearing2_5\325.csv,4.528199672698975,9.426152229309082,9.033065795898438,6.483709335327148,-6.568577766418457,2.215113878250122,-4.513348579406738,2.0183534622192383
arm_b,37.5Hz11kN,Bearing2_5,37.5Hz11kN/Bearing2_5,325,0.9615384615384616,ready,14.29552173614502,-0.006817031651735306,0.16627773642539978,0.42684146761894226,D:\1\德国留学\斯图加特大学在校资料\hiwi工作\XJTU-SY_Bearing_Datasets\Data\XJTU-SY_Bearing_Datasets\37.5Hz11kN\Bearing2_5\326.csv,4.590635776519775,9.52798843383789,9.07596206665039,6.499807357788086,-6.601153373718262,2.262547016143799,-4.588145732879639,2.067082166671753
arm_b,37.5Hz11kN,Bearing2_5,37.5Hz11kN/Bearing2_5,326,0.9644970414201184,ready,14.387802124023438,0.008179381489753723,0.4701949954032898,0.4074952304363251,D:\1\德国留学\斯图加特大学在校资料\hiwi工作\XJTU-SY_Bearing_Datasets\Data\XJTU-SY_Bearing_Datasets\37.5Hz11kN\Bearing2_5\327.csv,4.736332893371582,9.79220199584961,9.316588401794434,6.662296772003174,-6.722845077514648,2.321755886077881,-4.738470077514648,2.1365878582000732
arm_b,37.5Hz11kN,Bearing2_5,37.5Hz11kN/Bearing2_5,327,0.9674556213017751,ready,14.494718551635742,0.02870919182896614,0.4439884126186371,0.41540074348449707,D:\1\德国留学\斯图加特大学在校资料\hiwi工作\XJTU-SY_Bearing_Datasets\Data\XJTU-SY_Bearing_Datasets\37.5Hz11kN\Bearing2_5\328.csv,4.829930305480957,10.020391464233398,9.560026168823242,6.80842399597168,-6.92524528503418,2.373037099838257,-4.838452339172363,2.1822783946990967
arm_b,37.5Hz11kN,Bearing2_5,37.5Hz11kN/Bearing2_5,328,0.9704142011834319,ready,14.615455627441406,0.04868593066930771,0.19474118947982788,0.45115330815315247,D:\1\德国留学\斯图加特大学在校资料\hiwi工作\XJTU-SY_Bearing_Datasets\Data\XJTU-SY_Bearing_Datasets\37.5Hz11kN\Bearing2_5\329.csv,4.774909973144531,10.061361312866211,9.650873184204102,6.851443290710449,-7.066514492034912,2.410466432571411,-4.8245086669921875,2.142754316329956
arm_b,37.5Hz11kN,Bearing2_5,37.5Hz11kN/Bearing2_5,329,0.9733727810650887,ready,14.77997875213623,0.06802482903003693,0.5154432058334351,0.46054336428642273,D:\1\德国留学\斯图加特大学在校资料\hiwi工作\XJTU-SY_Bearing_Datasets\Data\XJTU-SY_Bearing_Datasets\37.5Hz11kN\Bearing2_5\330.csv,4.881779670715332,10.32198429107666,9.939445495605469,7.077226638793945,-7.263627052307129,2.447378396987915,-4.930819511413574,2.166550874710083
arm_b,37.5Hz11kN,Bearing2_5,37.5Hz11kN/Bearing2_5,330,0.9763313609467456,ready,14.952486038208008,0.08630118519067764,0.23545578122138977,0.4615991711616516,D:\1\德国留学\斯图加特大学在校资料\hiwi工作\XJTU-SY_Bearing_Datasets\Data\XJTU-SY_Bearing_Datasets\37.5Hz11kN\Bearing2_5\331.csv,4.92903995513916,10.459280967712402,10.052312850952148,7.152471542358398,-7.344913959503174,2.4786453247070312,-5.019867897033691,2.1875240802764893
arm_b,37.5Hz11kN,Bearing2_5,37.5Hz11kN/Bearing2_5,331,0.9792899408284024,ready,15.089990615844727,0.1029859334230423,0.08576744794845581,0.4532966613769531,D:\1\德国留学\斯图加特大学在校资料\hiwi工作\XJTU-SY_Bearing_Datasets\Data\XJTU-SY_Bearing_Datasets\37.5Hz11kN\Bearing2_5\332.csv,4.927324295043945,10.405271530151367,10.009748458862305,7.148557662963867,-7.311176300048828,2.458040475845337,-4.991504669189453,2.1719746589660645
arm_b,37.5Hz11kN,Bearing2_5,37.5Hz11kN/Bearing2_5,332,0.9822485207100592,ready,15.204724311828613,0.11761723458766937,0.2622200548648834,0.42295095324516296,D:\1\德国留学\斯图加特大学在校资料\hiwi工作\XJTU-SY_Bearing_Datasets\Data\XJTU-SY_Bearing_Datasets\37.5Hz11kN\Bearing2_5\333.csv,5.070044040679932,10.464447021484375,9.980268478393555,7.081853866577148,-7.198326110839844,2.5195093154907227,-5.092471122741699,2.2853872776031494
arm_b,37.5Hz11kN,Bearing2_5,37.5Hz11kN/Bearing2_5,333,0.985207100591716,ready,15.261919975280762,0.125009685754776,0.9004553556442261,0.4300333261489868,D:\1\德国留学\斯图加特大学在校资料\hiwi工作\XJTU-SY_Bearing_Datasets\Data\XJTU-SY_Bearing_Datasets\37.5Hz11kN\Bearing2_5\334.csv,4.775104522705078,9.962718963623047,9.538437843322754,6.816341876983643,-6.926842212677002,2.3750789165496826,-4.798011302947998,2.1268997192382812
arm_b,37.5Hz11kN,Bearing2_5,37.5Hz11kN/Bearing2_5,334,0.9881656804733728,ready,15.33433723449707,0.12493518739938736,0.2303759902715683,0.3757144510746002,D:\1\德国留学\斯图加特大学在校资料\hiwi工作\XJTU-SY_Bearing_Datasets\Data\XJTU-SY_Bearing_Datasets\37.5Hz11kN\Bearing2_5\335.csv,4.760862350463867,9.854131698608398,9.437736511230469,6.719343185424805,-6.803908348083496,2.325164794921875,-4.737548351287842,2.1104791164398193
arm_b,37.5Hz11kN,Bearing2_5,37.5Hz11kN/Bearing2_5,335,0.9911242603550295,ready,15.426603317260742,0.12042789906263351,0.36875084042549133,0.3770560324192047,D:\1\德国留学\斯图加特大学在校资料\hiwi工作\XJTU-SY_Bearing_Datasets\Data\XJTU-SY_Bearing_Datasets\37.5Hz11kN\Bearing2_5\336.csv,4.894722938537598,10.088882446289062,9.596551895141602,6.759493350982666,-6.835506439208984,2.398812770843506,-4.880171775817871,2.207186698913574
arm_b,37.5Hz11kN,Bearing2_5,37.5Hz11kN/Bearing2_5,336,0.9940828402366864,ready,15.501319885253906,0.11243803799152374,0.2852281332015991,0.3979679346084595,D:\1\德国留学\斯图加特大学在校资料\hiwi工作\XJTU-SY_Bearing_Datasets\Data\XJTU-SY_Bearing_Datasets\37.5Hz11kN\Bearing2_5\337.csv,5.011051654815674,10.221602439880371,9.703811645507812,6.873815536499023,-6.942174911499023,2.457160711288452,-4.962087154388428,2.271538257598877
arm_b,37.5Hz11kN,Bearing2_5,37.5Hz11kN/Bearing2_5,337,0.9970414201183432,ready,15.656451225280762,0.10654042661190033,1.2142071723937988,0.4532935619354248,D:\1\德国留学\斯图加特大学在校资料\hiwi工作\XJTU-SY_Bearing_Datasets\Data\XJTU-SY_Bearing_Datasets\37.5Hz11kN\Bearing2_5\338.csv,5.437435150146484,10.926299095153809,10.249544143676758,7.199448585510254,-7.2686543464660645,2.692844867706299,-5.377330303192139,2.5112783908843994
arm_b,37.5Hz11kN,Bearing2_5,37.5Hz11kN/Bearing2_5,338,1.0,ready,15.84656810760498,0.10498037934303284,0.4271775186061859,0.44386473298072815,D:\1\德国留学\斯图加特大学在校资料\hiwi工作\XJTU-SY_Bearing_Datasets\Data\XJTU-SY_Bearing_Datasets\37.5Hz11kN\Bearing2_5\339.csv,5.587464332580566,11.170963287353516,10.448671340942383,7.3360090255737305,-7.375621795654297,2.7568435668945312,-5.516878128051758,2.5937371253967285
