bearing_id,step_id,normalized_lifetime,reconstruction_mse,level,trend,movement
Bearing3_1,0,0.0,0.33481577038764954,,,
Bearing3_1,1,0.00039416633819471815,0.331423282623291,,,
Bearing3_1,2,0.0007883326763894363,0.33236753940582275,,,
Bearing3_1,3,0.0011824990145841545,0.3240571916103363,,,
Bearing3_1,4,0.0015766653527788726,0.3181678354740143,,,
Bearing3_1,5,0.001970831690973591,0.3189755976200104,,,
Bearing3_1,6,0.002364998029168309,0.3255302309989929,,,
Bearing3_1,7,0.0027591643673630273,0.31447046995162964,,,
Bearing3_1,8,0.0031533307055577452,0.31698963046073914,,,
Bearing3_1,9,0.0035474970437524636,0.3010783791542053,,,
Bearing3_1,10,0.003941663381947182,0.3065275549888611,,,
Bearing3_1,11,0.0043358297201418995,0.29865485429763794,,,
Bearing3_1,12,0.004729996058336618,0.3066960573196411,,,
Bearing3_1,13,0.005124162396531336,0.3036315441131592,,,
Bearing3_1,14,0.005518328734726055,0.3018566966056824,,,
Bearing3_1,15,0.005912495072920773,0.30647170543670654,0.23607412038398795,0.0,1.167893556497854
Bearing3_1,16,0.0063066614111154905,0.30917641520500183,0.2554490170869832,0.019374896702995248,0.7344917456412761
Bearing3_1,17,0.006700827749310209,0.30558574199676514,0.2903049481847803,0.02711541390039618,0.42121175986270887
Bearing3_1,18,0.007094994087504927,0.2987152338027954,0.3104737080718952,0.025805469416151895,0.8240526394165893
Bearing3_1,19,0.007489160425699646,0.3160216212272644,0.26835257325337836,0.011958159672369285,3.5295886451816
Bearing3_1,20,0.007883326763894364,0.3110680878162384,0.2834375263079863,0.008448470228751203,1.7093712164209272
Bearing3_1,21,0.008277493102089082,0.31196048855781555,0.2853382030904542,0.006493460415357251,1.3660135036980188
Bearing3_1,22,0.008671659440283799,0.31014057993888855,0.28962899027484923,0.005495316890529585,0.684101897722729
Bearing3_1,23,0.009065825778478517,0.309839129447937,0.3062919195062202,0.0057740240683327665,0.5653286697962955
Bearing3_1,24,0.009459992116673236,0.31296801567077637,0.3129670271034887,0.005965061369519973,1.4383854097553472
Bearing3_1,25,0.009854158454867954,0.3195534944534302,0.3099432426731078,0.004205476168027792,2.4921243095542773
Bearing3_1,26,0.010248324793062672,0.3187432885169983,0.3279064022551828,0.0038219761507379334,1.6379153054084754
Bearing3_1,27,0.01064249113125739,0.3318168520927429,0.33451054411715375,0.005244159457672969,1.1057734780461346
Bearing3_1,28,0.01103665746945211,0.32830384373664856,0.2951099358866597,0.005325977266541764,5.331573422641384
Bearing3_1,29,0.011430823807646828,0.3099335730075836,0.3058472826789543,0.003371620423879876,1.5225268338083136
Bearing3_1,30,0.011824990145841546,0.31045258045196533,0.26223154783165437,-0.00041059429075876236,3.6921753769694883
Bearing3_1,31,0.012219156484036263,0.3085768222808838,0.23349930157969503,-0.005376268488475117,0.3232888282863192
Bearing3_1,32,0.012613322822230981,0.30529358983039856,0.20072138392018063,-0.011215426303680963,0.9845244485250324
Bearing3_1,33,0.0130074891604257,0.3092901408672333,0.14551979046247218,-0.017877050221098676,1.8623005241953252
Bearing3_1,34,0.013401655498620418,0.3175082802772522,0.08461292504977438,-0.02546710654492142,2.0071515753675278
Bearing3_1,35,0.013795821836815136,0.311959832906723,0.024064521900398705,-0.033793460159478365,2.4262651961547568
Bearing3_1,36,0.014189988175009854,0.31812554597854614,-0.08714088770954076,-0.0435228228015578,3.341957759000396
Bearing3_1,37,0.014584154513204573,0.32385003566741943,-0.19857626750610033,-0.0538593265209579,1.1972085409309041
Bearing3_1,38,0.014978320851399291,0.32497674226760864,-0.26806721950385276,-0.06415129469653194,1.116299626429663
Bearing3_1,39,0.015372487189594008,0.3254375457763672,-0.3810824619021712,-0.07306551775749141,2.887558842404033
Bearing3_1,40,0.015766653527788728,0.3067401945590973,-0.39194247144037175,-0.07715339948512878,6.559478483765446
Bearing3_1,41,0.016160819865983445,0.3099268972873688,-0.41875819547149173,-0.07669005810069092,1.4207767062183505
Bearing3_1,42,0.016554986204178165,0.3150283694267273,-0.45112414142570206,-0.07227117498134501,1.4965978629003338
Bearing3_1,43,0.01694915254237288,0.3200953006744385,-0.49007228186299906,-0.06575568423338518,2.4322554969917434
Bearing3_1,44,0.017343318880567598,0.3260478675365448,-0.5270441126750381,-0.05761315016540766,1.7965030135369509
Bearing3_1,45,0.017737485218762318,0.31377261877059937,-0.5586604401552668,-0.04781767856116086,1.8861436765760542
Bearing3_1,46,0.018131651556957035,0.33065733313560486,-0.5895208428720543,-0.04005586275115098,3.255269124460984
Bearing3_1,47,0.018525817895151755,0.3186720311641693,-0.5720157882985087,-0.03267879710038483,3.751514405958167
Bearing3_1,48,0.01891998423334647,0.3146727681159973,-0.5500129355549732,-0.024207766332640747,0.6406277746770366
Bearing3_1,49,0.01931415057154119,0.31951501965522766,-0.5076447819337028,-0.017542571029671376,0.7773573216083621
Bearing3_1,50,0.019708316909735908,0.3253183364868164,-0.5659763719046224,-0.013249010724250004,3.4192443066023746
Bearing3_1,51,0.02010248324793063,0.3333640396595001,-0.6265722731467633,-0.011938894507271583,1.7463611480814862
Bearing3_1,52,0.020496649586125345,0.3131209909915924,-0.6293281924917711,-0.01041787237666189,4.370081861871191
Bearing3_1,53,0.02089081592432006,0.31640294194221497,-0.6404652102243901,-0.00994081753254735,3.225083529859697
Bearing3_1,54,0.02128498226251478,0.31293076276779175,-0.6284154731842936,-0.009448348439031471,0.6198856288536679
Bearing3_1,55,0.0216791486007095,0.3247562348842621,-0.6310139318624455,-0.009976624856832997,3.305549784663847
Bearing3_1,56,0.02207331493890422,0.33620980381965637,-0.6130839506225254,-0.010707250458337704,1.2440356760331959
Bearing3_1,57,0.022467481277098935,0.32813528180122375,-0.6545231931975903,-0.012245581316603867,2.1319006463447603
Bearing3_1,58,0.022861647615293655,0.3344140350818634,-0.7151096082848445,-0.014621679119162356,2.5150277058328303
Bearing3_1,59,0.023255813953488372,0.3232998251914978,-0.7228838763636285,-0.012596112542419864,4.553664065040426
Bearing3_1,60,0.023649980291683092,0.3318716287612915,-0.7123256320333522,-0.011274455673845721,1.625930806418226
Bearing3_1,61,0.02404414662987781,0.33304354548454285,-0.7010928073185521,-0.011605895599046668,1.602459533442211
Bearing3_1,62,0.024438312968072525,0.33559924364089966,-0.758264768455427,-0.014336254885965082,2.4848800786352703
Bearing3_1,63,0.024832479306267245,0.32339152693748474,-0.7677485074106426,-0.01676350928638918,1.4748923256373698
Bearing3_1,64,0.025226645644461962,0.3259786367416382,-0.7878682896317387,-0.01794206270606357,0.5800565651455588
Bearing3_1,65,0.025620811982656682,0.30913046002388,-0.7693097030845266,-0.016348798753858397,0.6760144635693018
Bearing3_1,66,0.0260149783208514,0.32501694560050964,-0.750162263421975,-0.010839484540766876,1.0602176223692878
Bearing3_1,67,0.02640914465904612,0.31681588292121887,-0.7002461765452525,-0.0037085355448651207,0.94362726871738
Bearing3_1,68,0.026803310997240835,0.3304629325866699,-0.642431110554277,0.0030910861459112217,1.6510065165013943
Bearing3_1,69,0.027197477335435555,0.3202165961265564,-0.6419090039447009,0.008519950352799243,1.2744591326472339
Bearing3_1,70,0.027591643673630272,0.31339794397354126,-0.6230904821648799,0.01469764873431497,0.2943814277038716
Bearing3_1,71,0.02798581001182499,0.3158925771713257,-0.599797418228045,0.021813094676784467,1.1425129757059533
Bearing3_1,72,0.02837997635001971,0.3230004608631134,-0.575616516194795,0.025208211938118272,2.464441043442316
Bearing3_1,73,0.028774142688214426,0.3155268132686615,-0.5407648200701497,0.027658163333350097,2.6012788351902265
Bearing3_1,74,0.029168309026409146,0.3210422992706299,-0.5336469194656308,0.026403727615416026,3.34918237761814
Bearing3_1,75,0.029562475364603862,0.3238806426525116,-0.5092001994194381,0.024638517304165896,2.4368721824210544
Bearing3_1,76,0.029956641702798582,0.32321614027023315,-0.5034495581448052,0.02131063184400418,3.0711428056515864
Bearing3_1,77,0.0303508080409933,0.32180899381637573,-0.5280998660045876,0.016975466228397407,2.024032486519843
Bearing3_1,78,0.030744974379188016,0.32720279693603516,-0.5519985338695942,0.013104452697847246,1.7638589666844204
Bearing3_1,79,0.031139140717382736,0.3362540304660797,-0.5966577565015102,0.005736136231834829,3.3105383494978717
Bearing3_1,80,0.031533307055577456,0.3400821387767792,-0.6718483021277007,-0.005027414573232533,2.8120881927471824
Bearing3_1,81,0.03192747339377217,0.31469759345054626,-0.6830764136592905,-0.014259533018017965,5.218990264441081
Bearing3_1,82,0.03232163973196689,0.32363560795783997,-0.6816918598395115,-0.02079462784094733,1.188982060590319
Bearing3_1,83,0.032715806070161606,0.32535505294799805,-0.7104841618060578,-0.025291003712594178,0.7356425225618468
Bearing3_1,84,0.03310997240835633,0.329121470451355,-0.7171570631720294,-0.02761962517316357,1.1091816182700656
Bearing3_1,85,0.033504138746551046,0.3234702944755554,-0.7385509545378193,-0.027261039448103826,0.8724797485702979
Bearing3_1,86,0.03389830508474576,0.33249443769454956,-0.7734453881636216,-0.025642401228344058,4.374375950088705
Bearing3_1,87,0.03429247142294048,0.33648744225502014,-0.806610292249065,-0.02420343490669923,1.9271318775767468
Bearing3_1,88,0.034686637761135196,0.3183896839618683,-0.7991422703340563,-0.020574482505000092,2.4282123456544893
Bearing3_1,89,0.03508080409932992,0.3255298137664795,-0.7704100327274046,-0.01535991699761784,1.2162475595414066
Bearing3_1,90,0.035474970437524636,0.31476646661758423,-0.692624906370945,-0.008809141261315413,2.299488263514903
Bearing3_1,91,0.03586913677571935,0.31972557306289673,-0.7032304806360253,-0.0033335545355991807,3.7578511907841294
Bearing3_1,92,0.03626330311391407,0.33952975273132324,-0.7304036196953113,0.000996456277616837,2.8035412524327583
Bearing3_1,93,0.03665746945210879,0.3190488815307617,-0.7403391667770534,0.0034554869353414152,1.3001145370965737
Bearing3_1,94,0.03705163579030351,0.3310915529727936,-0.7427494762997189,0.005700064921625468,0.5457821200306782
Bearing3_1,95,0.037445802128498226,0.32053694128990173,-0.7593325679087575,0.005924062282154026,0.6708123006593442
Bearing3_1,96,0.03783996846669294,0.3352487087249756,-0.7568224855405287,0.004210575995240825,2.4255096196766197
Bearing3_1,97,0.03823413480488766,0.3347911834716797,-0.7521608833795297,0.000338875582648398,1.7245413314477027
Bearing3_1,98,0.03862830114308238,0.3431544303894043,-0.7968391216205026,-0.006131944350203005,2.523149964392987
Bearing3_1,99,0.0390224674812771,0.3476378619670868,-0.8547137383194251,-0.013871996004534658,2.440401642329079
Bearing3_1,100,0.039416633819471816,0.31471168994903564,-0.850276186443087,-0.015162461186186674,8.230466666536756
Bearing3_1,101,0.03981080015766653,0.3205414414405823,-0.8199750573662238,-0.013596251186504333,0.9603950948377343
Bearing3_1,102,0.04020496649586126,0.30926981568336487,-0.7567059231330384,-0.008975454326780059,0.6088377429685972
Bearing3_1,103,0.04059913283405597,0.3058987557888031,-0.7033099648540145,-0.0017857046580405914,0.4409630444527266
Bearing3_1,104,0.04099329917225069,0.2959492802619934,-0.6041720926471659,0.010202039200191238,4.361765743256244
Bearing3_1,105,0.041387465510445406,0.299381822347641,-0.5170814934229073,0.0241549140766885,1.7699497177054386
Bearing3_1,106,0.04178163184864012,0.30208250880241394,-0.44327046115288826,0.03936480742293721,3.824454565872597
Bearing3_1,107,0.04217579818683485,0.3055681586265564,-0.3563861056173468,0.05582399031352277,0.4694585238487155
Bearing3_1,108,0.04256996452502956,0.297883540391922,-0.249138808541282,0.07035720652234781,0.6757298337612314
Bearing3_1,109,0.04296413086322428,0.3135867118835449,-0.14799108542379819,0.0799104718112381,3.1928298432342244
Bearing3_1,110,0.043358297201419,0.3093792796134949,-0.11943883923175651,0.08275063395210924,1.2489703070387481
Bearing3_1,111,0.04375246353961372,0.3096316456794739,-0.1044537975965973,0.0795696027604911,2.488383137368518
Bearing3_1,112,0.04414662987780844,0.3281307816505432,-0.13204234608057006,0.07042869896687315,3.83014037316049
Bearing3_1,113,0.04454079621600315,0.33266717195510864,-0.18548811128339662,0.054360622446824214,2.3577111514099203
Bearing3_1,114,0.04493496255419787,0.32883894443511963,-0.2796064535771271,0.03349138111762692,0.2831170207556607
Bearing3_1,115,0.04532912889239259,0.32777243852615356,-0.3570927974783201,0.01026752292913286,0.3153481092327234
Bearing3_1,116,0.04572329523058731,0.337875634431839,-0.46092726606707657,-0.015638554981893166,6.42410633437729
Bearing3_1,117,0.04611746156878203,0.32942378520965576,-0.5466707647183094,-0.04021523875438443,1.402516522263765
Bearing3_1,118,0.046511627906976744,0.3378376066684723,-0.6349161282006113,-0.0601490054681004,0.7450292716739344
Bearing3_1,119,0.04690579424517146,0.33091938495635986,-0.6808703313523659,-0.07117009481669402,1.2229615040070383
Bearing3_1,120,0.047299960583366184,0.3477887511253357,-0.7806677260226359,-0.07927205296566846,4.369083143145347
Bearing3_1,121,0.0476941269215609,0.3471669852733612,-0.8670220561590641,-0.08307034893076014,1.1388204571137117
Bearing3_1,122,0.04808829325975562,0.36035165190696716,-0.9689822695718393,-0.08502609602866239,5.428960567519653
Bearing3_1,123,0.048482459597950334,0.34915339946746826,-1.0255509669733107,-0.08348573310754522,2.290817614838667
Bearing3_1,124,0.04887662593614505,0.35857680439949036,-1.0921157809700461,-0.08166815430656031,0.8151190476115643
Bearing3_1,125,0.049270792274339774,0.3434410095214844,-1.162230992393828,-0.07899219993552284,0.5502789315545144
Bearing3_1,126,0.04966495861253449,0.35364991426467896,-1.1775492357999107,-0.07431483317236443,1.0440755669510848
Bearing3_1,127,0.05005912495072921,0.3818238377571106,-1.2884375855392691,-0.07271582818709764,8.2591740467903
Bearing3_1,128,0.050453291288923924,0.3553571105003357,-1.3464427946130093,-0.07117265494926762,4.547212120804484
Bearing3_1,129,0.05084745762711865,0.34258460998535156,-1.392454809719348,-0.06657827587993186,2.421185358687932
Bearing3_1,130,0.051241623965313364,0.3631000220775604,-1.441283819104922,-0.06267519056277289,4.541157954268513
Bearing3_1,131,0.05163579030350808,0.3512096405029297,-1.477059993269219,-0.058473020474794586,0.4680870142490283
Bearing3_1,132,0.0520299566417028,0.30738091468811035,-1.3328667966095133,-0.04580871525580337,12.619591570054606
Bearing3_1,133,0.052424122979897514,0.31114721298217773,-1.1995530878316751,-0.025233278147965436,1.286512400411783
Bearing3_1,134,0.05281828931809224,0.3052722215652466,-1.053286377416386,0.0009918055143588059,0.6996346517430464
Bearing3_1,135,0.053212455656286954,0.31415948271751404,-0.9423103228147118,0.028125121653326358,4.008703335845007
Bearing3_1,136,0.05360662199448167,0.3242420554161072,-0.8780715639758186,0.05507544877971754,5.568372850967946
Bearing3_1,137,0.05400078833267639,0.31236714124679565,-0.7092564770805272,0.08021128251990566,2.321241071452705
Bearing3_1,138,0.05439495467087111,0.3095259964466095,-0.5700583842091244,0.10205234849714831,1.7017694381635142
Bearing3_1,139,0.05478912100906583,0.31540215015411377,-0.4517875849653601,0.11786636117873268,0.3867879909604892
Bearing3_1,140,0.055183287347260544,0.29697176814079285,-0.2855847605543287,0.12808868820546856,0.4608282312539244
Bearing3_1,141,0.05557745368545526,0.30121979117393494,-0.15394035256984995,0.12909806758948836,3.189184721036701
Bearing3_1,142,0.05597162002364998,0.30004459619522095,-0.14057497094326207,0.12441153374015858,1.0456635347539722
Bearing3_1,143,0.0563657863618447,0.3039766848087311,-0.13390345582947574,0.11452445917111846,0.6523894351801814
Bearing3_1,144,0.05675995270003942,0.3101712167263031,-0.17390348853143603,0.0992897134278125,4.2504387780958
Bearing3_1,145,0.057154119038234134,0.3105849325656891,-0.18903775647494198,0.07996867926848815,1.5739795804513885
Bearing3_1,146,0.05754828537642885,0.33696287870407104,-0.2066234956884144,0.05484043033114581,5.912447041286346
Bearing3_1,147,0.057942451714623575,0.3191584646701813,-0.22145427710588317,0.032018804342386374,2.668584732967518
Bearing3_1,148,0.05833661805281829,0.3301226496696472,-0.2917352757051214,0.008730788258129965,4.015450218919169
Bearing3_1,149,0.05873078439101301,0.3331124484539032,-0.36798699826883274,-0.014205306180065843,0.4729501106429233
Bearing3_1,150,0.059124950729207724,0.32008665800094604,-0.4220741924758462,-0.030027187604533354,2.402319330632158
Bearing3_1,151,0.05951911706740244,0.31179967522621155,-0.46253499592602604,-0.03762531072220884,1.836780268616867
Bearing3_1,152,0.059913283405597165,0.31726840138435364,-0.5121812594248449,-0.04329984527554829,0.40049742956276574
Bearing3_1,153,0.06030744974379188,0.32002195715904236,-0.5849798534120032,-0.04799612590567324,1.8869447636507117
Bearing3_1,154,0.0607016160819866,0.3311963677406311,-0.6566276351791189,-0.05379954350828637,4.15257264047515
Bearing3_1,155,0.061095782420181315,0.319949746131897,-0.6934782737600345,-0.05677074536127185,2.058054548975845
Bearing3_1,156,0.06148994875837603,0.3230243921279907,-0.6634409196725378,-0.05316149818389698,0.8486726149351571
Bearing3_1,157,0.061884115096570755,0.30049946904182434,-0.5998889454035781,-0.041537317547148025,5.941465201082976
Bearing3_1,158,0.06227828143476547,0.29635322093963623,-0.4957572720437515,-0.02433154047256748,0.34921685629519983
Bearing3_1,159,0.06267244777296019,0.28882238268852234,-0.35717218801231543,-0.0021770312721726428,3.134692444857532
Bearing3_1,160,0.06306661411115491,0.28140005469322205,-0.24573992095108013,0.022318700029803625,0.3329560270204709
Bearing3_1,161,0.06346078044934962,0.28705817461013794,-0.14042858687851037,0.047723913911486664,2.481502991221672
Bearing3_1,162,0.06385494678754434,0.30508971214294434,-0.06927111326954319,0.06979637352588887,3.5816409499318693
Bearing3_1,163,0.06424911312573907,0.2968742251396179,0.012266628619441843,0.08609449890290638,1.0338255622837342
Bearing3_1,164,0.06464327946393378,0.30445653200149536,0.09856627964294654,0.09508400789028981,3.6298537695503055
Bearing3_1,165,0.0650374458021285,0.3119046092033386,0.1425639332811724,0.09486281402136919,2.3622114202304534
Bearing3_1,166,0.06543161214032321,0.3174034059047699,0.1493112951064144,0.08687830340885601,2.9307710280799752
Bearing3_1,167,0.06582577847851794,0.30164316296577454,0.11669890306063291,0.0715001913356678,1.9643325157560012
Bearing3_1,168,0.06621994481671266,0.2948670983314514,0.10690195636723374,0.0538438985945346,2.4029879089534116
Bearing3_1,169,0.06661411115490737,0.3058726489543915,0.009077635670241757,0.03278577907310382,5.707585994126493
Bearing3_1,170,0.06700827749310209,0.31803908944129944,-0.10788655758839286,0.008337220466707958,2.2996074459610383
Bearing3_1,171,0.0674024438312968,0.2945142984390259,-0.1390942386713471,-0.012463769543770906,6.071610420744836
Bearing3_1,172,0.06779661016949153,0.288668155670166,-0.14709836316176153,-0.028973690506549264,1.2148471657993147
Bearing3_1,173,0.06819077650768625,0.3229064345359802,-0.1945370058556784,-0.0416919637340669,4.874326196446239
Bearing3_1,174,0.06858494284588096,0.3064974844455719,-0.2129342319476215,-0.04715370123200088,0.767187840524081
Bearing3_1,175,0.06897910918407568,0.30674758553504944,-0.236642274604652,-0.04719966400697517,2.921617615064963
Bearing3_1,176,0.06937327552227039,0.31205758452415466,-0.22587954720439632,-0.04161230591860637,0.6552987817806498
Bearing3_1,177,0.06976744186046512,0.3092465400695801,-0.23602480062858025,-0.03420471697387168,0.22098019012994596
Bearing3_1,178,0.07016160819865984,0.30131304264068604,-0.28062937597029564,-0.025607795812921264,1.091915752845528
Bearing3_1,179,0.07055577453685455,0.30556100606918335,-0.27543261914547906,-0.018551687085719356,0.7406794266896893
Bearing3_1,180,0.07094994087504927,0.3156171143054962,-0.28768226856644086,-0.01651274478883378,4.080099152754872
Bearing3_1,181,0.071344107213244,0.3168560266494751,-0.3785679457048724,-0.01933237318408326,1.799750232314623
Bearing3_1,182,0.0717382735514387,0.3329591453075409,-0.49942800193812775,-0.026375264981919444,4.314484005068271
Bearing3_1,183,0.07213243988963343,0.32548895478248596,-0.5675716336850307,-0.0360269960391646,0.7018924550659863
Bearing3_1,184,0.07252660622782814,0.3002060353755951,-0.5755970136705216,-0.04282132498260423,5.28803260519941
Bearing3_1,185,0.07292077256602286,0.31346458196640015,-0.5825526549697889,-0.04717967621377076,2.679503253096182
Bearing3_1,186,0.07331493890421759,0.31528139114379883,-0.6032770194270565,-0.04775807906907259,0.9197670184329859
Bearing3_1,187,0.0737091052424123,0.3077138364315033,-0.6118254841250029,-0.04490459723044848,1.175950315000588
Bearing3_1,188,0.07410327158060702,0.300690233707428,-0.6225766503778469,-0.041056021198137206,1.24248039539908
Bearing3_1,189,0.07449743791880173,0.3208599090576172,-0.6483718072541285,-0.034123187820362,2.220534670305587
Bearing3_1,190,0.07489160425699645,0.31385624408721924,-0.6417530224316096,-0.023125498103257165,0.79236500655032
Bearing3_1,191,0.07528577059519118,0.3181167542934418,-0.6602511510659435,-0.014904075649797262,4.338237016295119
Bearing3_1,192,0.07567993693338589,0.3273466229438782,-0.6488399285995492,-0.010703218079041106,1.1914615080615045
Bearing3_1,193,0.07607410327158061,0.34044408798217773,-0.6751256789331972,-0.010667983834926899,3.3645020993019843
Bearing3_1,194,0.07646826960977532,0.2966192662715912,-0.6696915061085148,-0.009567680099430424,8.440853856737043
Bearing3_1,195,0.07686243594797004,0.29827654361724854,-0.6118135859543627,-0.004633569018652648,2.659353373626974
Bearing3_1,196,0.07725660228616477,0.2920531630516052,-0.5564012651915864,0.00229608593972629,1.018314432082758
Bearing3_1,197,0.07765076862435948,0.30456069111824036,-0.5658406739978609,0.0075727754471669175,5.3499536690812635
Bearing3_1,198,0.0780449349625542,0.29896026849746704,-0.5444872264789136,0.012740062400880013,1.803978317595195
Bearing3_1,199,0.07843910130074892,0.3167112469673157,-0.5456859384909926,0.015175749466437505,4.455431579689777
Bearing3_1,200,0.07883326763894363,0.3056672513484955,-0.5276198665118129,0.017793433764322592,1.2085553886903528
Bearing3_1,201,0.07922743397713836,0.3085193634033203,-0.4880493710708599,0.019952867954033806,2.071025949023229
Bearing3_1,202,0.07962160031533307,0.31208741664886475,-0.45229351940024537,0.02273607518723412,1.713998462320149
Bearing3_1,203,0.08001576665352779,0.3203306198120117,-0.42533008316347587,0.02285525123293254,4.138922981675762
Bearing3_1,204,0.08040993299172251,0.327439546585083,-0.5076112539713893,0.015820816201423955,2.5265838771922953
Bearing3_1,205,0.08080409932991722,0.3233995735645294,-0.6296312030902529,0.004024666475076883,1.4205637367418171
Bearing3_1,206,0.08119826566811195,0.3335583508014679,-0.760320734037519,-0.010989877286803977,1.9042029601625758
Bearing3_1,207,0.08159243200630666,0.3298950493335724,-0.842870103414516,-0.028664656706685606,0.6833023192866302
Bearing3_1,208,0.08198659834450138,0.33359575271606445,-0.9600848085872598,-0.04795146985391854,1.7535216495604864
Bearing3_1,209,0.0823807646826961,0.34356889128685,-1.0580712666876395,-0.06762536658187626,2.5462426948106542
Bearing3_1,210,0.08277493102089081,0.3558362126350403,-1.1847840098912716,-0.08679573143509715,1.673563931670491
Bearing3_1,211,0.08316909735908554,0.3507550358772278,-1.2930379594298669,-0.10126719816248747,0.3805459360640236
Bearing3_1,212,0.08356326369728025,0.3499094843864441,-1.4182986802975648,-0.11042990696693541,3.2063859664429755
Bearing3_1,213,0.08395743003547497,0.34616753458976746,-1.49377477439548,-0.11020277775006293,0.864834345514563
Bearing3_1,214,0.0843515963736697,0.35900431871414185,-1.5726816102904855,-0.10681422440881527,2.7116797477154027
Bearing3_1,215,0.0847457627118644,0.34866228699684143,-1.6356071392759344,-0.10208269221022424,0.44975853296969276
Bearing3_1,216,0.08513992905005913,0.35929349064826965,-1.6934198023675422,-0.09702356568359097,1.4549529012470972
Bearing3_1,217,0.08553409538825384,0.3663256764411926,-1.7565061346196795,-0.0895985113797223,1.1902723237176274
Bearing3_1,218,0.08592826172644856,0.3597457706928253,-1.817468606275737,-0.08223862034491046,1.3943589364173594
Bearing3_1,219,0.08632242806464328,0.3029247522354126,-1.6846451395227824,-0.06377371260070847,16.862883927297954
Bearing3_1,220,0.086716594402838,0.29904523491859436,-1.553148191057207,-0.03898892542244278,1.7505190816690797
Bearing3_1,221,0.08711076074103272,0.3028704524040222,-1.44937508476276,-0.011295696583223491,2.9063828800199243
Bearing3_1,222,0.08750492707922744,0.308325856924057,-1.3288863449779957,0.01651392606923209,1.530353902090489
Bearing3_1,223,0.08789909341742215,0.3069073259830475,-1.2316880655705975,0.04350974756381119,1.4227826926218712
Bearing3_1,224,0.08829325975561687,0.3065039813518524,-1.1119390009168701,0.06860007190317041,0.6556837989128121
Bearing3_1,225,0.08868742609381158,0.31183913350105286,-0.9939771822497141,0.09034488309354316,0.22179754221406411
Bearing3_1,226,0.0890815924320063,0.32041576504707336,-0.8898175291099308,0.10613961955784273,2.779650452217551
Bearing3_1,227,0.08947575877020103,0.2973635792732239,-0.7078310026978364,0.11791450472771879,6.749260688531323
Bearing3_1,228,0.08986992510839574,0.29577142000198364,-0.5506840510718456,0.12148566330713179,3.8120540597997925
Bearing3_1,229,0.09026409144659046,0.3033672869205475,-0.5855792404257121,0.116653381399817,2.508355500367322
Bearing3_1,230,0.09065825778478517,0.3139767348766327,-0.6480863016331025,0.10385607575953668,4.564818938543283
Bearing3_1,231,0.0910524241229799,0.32079753279685974,-0.7003776971656198,0.08415427212288083,2.0450196603891166
Bearing3_1,232,0.09144659046117462,0.3137531280517578,-0.7360329154645362,0.06146146483621218,0.40808346140522267
Bearing3_1,233,0.09184075679936933,0.32978078722953796,-0.7947623253361366,0.034859018310816586,3.761488518349099
Bearing3_1,234,0.09223492313756405,0.3210902214050293,-0.8355299456126895,0.008720084805015573,1.3596615067665896
Bearing3_1,235,0.09262908947575876,0.3141224682331085,-0.8563455380969403,-0.014040536201560608,2.008296380593804
Bearing3_1,236,0.09302325581395349,0.31379711627960205,-0.8639678870403822,-0.031941207173342305,1.409081865831367
Bearing3_1,237,0.09341742215214821,0.3127274811267853,-0.9336202657385618,-0.04182199270203112,0.5922916867163683
Bearing3_1,238,0.09381158849034292,0.3124067187309265,-0.9949542598417075,-0.04183496582442273,3.065782109973088
Bearing3_1,239,0.09420575482853764,0.3341425955295563,-1.0555163655042032,-0.04209257904569476,2.276382458229727
Bearing3_1,240,0.09459992116673237,0.3248364329338074,-1.0959719518391347,-0.043027790449625555,2.705902919234469
Bearing3_1,241,0.09499408750492708,0.33104297518730164,-1.1297683038435444,-0.04386361529892189,1.2784382925656241
Bearing3_1,242,0.0953882538431218,0.34396177530288696,-1.1997297506781601,-0.04568779899333199,3.5295210078862196
Bearing3_1,243,0.09578242018131651,0.35134264826774597,-1.2332179004031523,-0.047633335328258974,0.4340483881988509
Bearing3_1,244,0.09617658651951123,0.34257328510284424,-1.2803292563890711,-0.049551810310345466,0.33355096492207914
Bearing3_1,245,0.09657075285770596,0.3386770188808441,-1.3276091494881954,-0.05004538792071145,2.0985103262852043
Bearing3_1,246,0.09696491919590067,0.3298657238483429,-1.3556297560677186,-0.046863232651144456,0.6081868911504079
Bearing3_1,247,0.09735908553409539,0.3444904685020447,-1.419813845807359,-0.04586598183783241,3.073121133681531
Bearing3_1,248,0.0977532518722901,0.30160367488861084,-1.3427411709390502,-0.038860444365018725,11.05240576619258
Bearing3_1,249,0.09814741821048482,0.29259854555130005,-1.2398184712297176,-0.026062816241955177,0.615713426059707
Bearing3_1,250,0.09854158454867955,0.2918810248374939,-1.1410924347459317,-0.008343205754522812,2.9090380838831953
Bearing3_1,251,0.09893575088687426,0.2970240116119385,-1.0255976315511597,0.013969946081503707,0.443458552638568
Bearing3_1,252,0.09932991722506898,0.3192867338657379,-0.9453591348363973,0.034732971921574575,7.087248025144982
Bearing3_1,253,0.09972408356326369,0.30771690607070923,-0.8238037337336968,0.05681046886022646,3.9965321428331215
Bearing3_1,254,0.10011824990145841,0.310835599899292,-0.7216148489496677,0.0763585519435586,2.040032478473771
Bearing3_1,255,0.10051241623965314,0.3016691207885742,-0.6167231558084529,0.09170371138629534,2.3377951109173067
Bearing3_1,256,0.10090658257784785,0.31782832741737366,-0.5563444535841224,0.09985741422469714,4.0337236034611434
Bearing3_1,257,0.10130074891604257,0.3050699234008789,-0.46995420006294725,0.09875606669696162,0.5066528446040053
Bearing3_1,258,0.1016949152542373,0.30748212337493896,-0.47920339667586787,0.09077494560890052,1.6392254322768065
Bearing3_1,259,0.102089081592432,0.29548379778862,-0.5026855659866912,0.07790736769949937,1.2128157839800564
Bearing3_1,260,0.10248324793062673,0.2964855432510376,-0.5136572321861609,0.06208812672973678,1.7552891453518562
Bearing3_1,261,0.10287741426882144,0.2929776906967163,-0.4924420079932526,0.047520458170635556,3.533138220270407
Bearing3_1,262,0.10327158060701616,0.29343360662460327,-0.42547519031041914,0.03549226582906204,2.4731456364861217
Bearing3_1,263,0.10366574694521088,0.2990517318248749,-0.4106439199143194,0.026075121709565188,1.2363326932724714
Bearing3_1,264,0.1040599132834056,0.30030134320259094,-0.3966161273823402,0.019227724485664562,2.1135387550073443
Bearing3_1,265,0.10445407962160032,0.30613815784454346,-0.4211849634828968,0.014093610028513616,1.7189819983589785
Bearing3_1,266,0.10484824595979503,0.3021093010902405,-0.41622977547253825,0.010884865461724796,1.0166374546049086
Bearing3_1,267,0.10524241229798975,0.313092976808548,-0.41476457051540694,0.0118170316653841,0.9654035862727217
Bearing3_1,268,0.10563657863618447,0.3030564486980438,-0.45285188564505763,0.009386129638715745,2.447256644499947
Bearing3_1,269,0.10603074497437918,0.3071661591529846,-0.48046881091611493,0.0035639596610159163,0.2417579932542484
Bearing3_1,270,0.10642491131257391,0.32263001799583435,-0.561147915952428,-0.0076596271873635245,7.069990205792757
Bearing3_1,271,0.10681907765076862,0.3131452202796936,-0.6431402215098156,-0.02136552868036093,3.441342089890594
Bearing3_1,272,0.10721324398896334,0.28937897086143494,-0.6310345564847073,-0.028120021647477914,6.879902250278988
Bearing3_1,273,0.10760741032715807,0.29319554567337036,-0.6404671597846876,-0.03190864020849884,3.3465686613152323
Bearing3_1,274,0.10800157666535277,0.2843276560306549,-0.5974328206722912,-0.029629008771919294,3.18346220354388
Bearing3_1,275,0.1083957430035475,0.28602883219718933,-0.5578824215417391,-0.024395863507165525,1.9521620770633947
Bearing3_1,276,0.10878990934174222,0.2877976894378662,-0.5264447676677593,-0.015460652369093896,1.9051418362255925
Bearing3_1,277,0.10918407567993693,0.28655296564102173,-0.48096759224399543,-0.002611248396278261,0.6071413417693049
Bearing3_1,278,0.10957824201813166,0.2851654589176178,-0.4187517717960357,0.011895052310250448,0.8523342692968858
Bearing3_1,279,0.10997240835632636,0.29771649837493896,-0.38504031455156124,0.025985696710843376,3.025538924980622
Bearing3_1,280,0.11036657469452109,0.29575231671333313,-0.27007487452262385,0.03981186724556894,1.2642554557556227
Bearing3_1,281,0.11076074103271581,0.29018664360046387,-0.20108052853341313,0.048407053961579495,1.2179545840705495
Bearing3_1,282,0.11115490737091052,0.2897717356681824,-0.2241394847830768,0.05119322445381074,2.443339967361862
Bearing3_1,283,0.11154907370910525,0.2903023064136505,-0.1981716955868696,0.049834918116119696,1.5872615086020998
Bearing3_1,284,0.11194324004729996,0.2935984432697296,-0.2202487591866195,0.044780207108386066,1.6643065483148098
Bearing3_1,285,0.11233740638549468,0.294796347618103,-0.2461267879940042,0.03637873251397528,2.3793528229739
Bearing3_1,286,0.1127315727236894,0.30254000425338745,-0.2701431786790416,0.024984260400491592,1.7077612476390591
Bearing3_1,287,0.11312573906188411,0.3086245059967041,-0.34031154452351375,0.009687548645091039,4.077084138595356
Bearing3_1,288,0.11351990540007884,0.30894026160240173,-0.40215800605039764,-0.0065398068936753425,0.34242465120433674
Bearing3_1,289,0.11391407173827355,0.2916906476020813,-0.39156230155926497,-0.020142920986271195,4.271662808218786
Bearing3_1,290,0.11430823807646827,0.2912460267543793,-0.41734453980997877,-0.027408921926883444,2.519681352906829
Bearing3_1,291,0.11470240441466299,0.29653608798980713,-0.4370935896960891,-0.029367433852459122,0.5909745823947035
Bearing3_1,292,0.1150965707528577,0.3004319965839386,-0.45136494125009774,-0.030780882507774346,1.7930462197195025
Bearing3_1,293,0.11549073709105243,0.30761027336120605,-0.5044141149785902,-0.030602488553781157,2.39110863750263
Bearing3_1,294,0.11588490342924715,0.3138393461704254,-0.5747574237798178,-0.03202077726660528,3.495462738104809
Bearing3_1,295,0.11627906976744186,0.2891671061515808,-0.5413413310732886,-0.029044497211769233,7.9892172573416165
Bearing3_1,296,0.11667323610563658,0.2880086600780487,-0.510606497297599,-0.02241450629266431,1.8854414053269901
Bearing3_1,297,0.11706740244383129,0.28787872195243835,-0.44568137042365585,-0.01400632898075085,0.8072215761966506
Bearing3_1,298,0.11746156878202602,0.2762781083583832,-0.3891877785935417,-0.005362570447773212,0.9058461189927348
Bearing3_1,299,0.11785573512022074,0.2914409637451172,-0.38970068511328504,0.0038023767870896206,1.4061191511418853
Bearing3_1,300,0.11824990145841545,0.29434046149253845,-0.3887618788138811,0.0112771507070726,2.52532441543556
Bearing3_1,301,0.11864406779661017,0.30375736951828003,-0.39517630033404977,0.016738987266928747,1.268555955687011
Bearing3_1,302,0.11903823413480488,0.3031367063522339,-0.41641716817612107,0.01958271924256177,3.308477800666479
Bearing3_1,303,0.1194324004729996,0.2941233217716217,-0.41653764530447085,0.01845965878597347,0.47277444854074735
Bearing3_1,304,0.11982656681119433,0.298073410987854,-0.3858646386201727,0.013254948171790874,0.4954303338057677
Bearing3_1,305,0.12022073314938904,0.30271047353744507,-0.46330230142313633,0.003764495037764992,2.851528027707153
Bearing3_1,306,0.12061489948758376,0.3062116205692291,-0.5377482927799272,-0.008683587247647777,1.687524621452727
Bearing3_1,307,0.12100906582577847,0.28334248065948486,-0.5390514836276712,-0.016545419418222154,6.653324853946501
Bearing3_1,308,0.1214032321639732,0.29686468839645386,-0.5532640262578734,-0.020284482783539157,2.192836066368279
Bearing3_1,309,0.12179739850216792,0.283235102891922,-0.5533824069558457,-0.022075394043827457,0.37693881270019713
Bearing3_1,310,0.12219156484036263,0.288618266582489,-0.5356952647057428,-0.020854944133027933,0.6388841028029059
Bearing3_1,311,0.12258573117855735,0.2883945107460022,-0.549481386128778,-0.019033081844928097,4.536857831496765
Bearing3_1,312,0.12297989751675206,0.2911522686481476,-0.5358353416804114,-0.01601258303948298,0.6326816496686055
Bearing3_1,313,0.12337406385494679,0.303913414478302,-0.5400075666853483,-0.011780198939781498,2.0512244393411954
Bearing3_1,314,0.12376823019314151,0.31976717710494995,-0.5833968016809958,-0.006373028165363606,4.487573124182388
Bearing3_1,315,0.12416239653133622,0.29947102069854736,-0.579550986482789,-0.0035242672571705186,2.164121645801462
Bearing3_1,316,0.12455656286953094,0.31295245885849,-0.5890552245624896,-0.004747910455175609,2.926931040068623
Bearing3_1,317,0.12495072920772567,0.3097057342529297,-0.6752432298692713,-0.010137694765429757,1.1036381258862074
Bearing3_1,318,0.12534489554592038,0.31974220275878906,-0.7573355254545789,-0.019301934449725076,1.8120049033267556
Bearing3_1,319,0.1257390618841151,0.32295680046081543,-0.8469154649775987,-0.030886650770332286,0.7387809936434143
Bearing3_1,320,0.12613322822230982,0.3213382959365845,-0.9459600301007491,-0.043136678638295345,1.6147779444334474
Bearing3_1,321,0.12652739456050452,0.2930746376514435,-0.9248528103968164,-0.05018157212764011,7.510833502059889
Bearing3_1,322,0.12692156089869924,0.2860848605632782,-0.9056906563471028,-0.050721564259921026,0.7643639834419375
Bearing3_1,323,0.12731572723689397,0.2727201581001282,-0.8466191622968301,-0.04383452850898056,2.010377547485499
Bearing3_1,324,0.1277098935750887,0.29020777344703674,-0.7622269781163263,-0.03152039418897721,1.6628450547110916
Bearing3_1,325,0.1281040599132834,0.2847681939601898,-0.7121935934998527,-0.014053139980493868,1.5690556356356269
Bearing3_1,326,0.12849822625147814,0.29290616512298584,-0.6404020626938783,0.008304189212299718,0.7989085377187612
Bearing3_1,327,0.12889239258967283,0.28244882822036743,-0.5627756936649252,0.029772202884782734,0.6154816614611303
Bearing3_1,328,0.12928655892786756,0.28724321722984314,-0.47636984047337644,0.049117200526216445,0.9441134903528536
Bearing3_1,329,0.12968072526606228,0.29313069581985474,-0.4095459163578005,0.06272949884840506,2.7056738576133097
Bearing3_1,330,0.130074891604257,0.29071730375289917,-0.3124055602776547,0.06973594196530314,1.49632831947785
Bearing3_1,331,0.13046905794245173,0.2870737314224243,-0.28313945923513606,0.07206641772753297,0.8652331289735733
Bearing3_1,332,0.13086322428064642,0.2803766131401062,-0.25408975314424825,0.06948055619910509,0.7964199126963438
Bearing3_1,333,0.13125739061884115,0.283928245306015,-0.2538820178164329,0.06294593252581437,0.9731473022745304
Bearing3_1,334,0.13165155695703587,0.2871609330177307,-0.26897453954015027,0.05402953334653147,3.226100603688005
Bearing3_1,335,0.1320457232952306,0.2802957594394684,-0.26564610491953744,0.04265142668369931,0.419615305967929
Bearing3_1,336,0.13243988963342532,0.3034944236278534,-0.2924245831956466,0.02918608097371627,3.8618519556638784
Bearing3_1,337,0.13283405597162,0.29149410128593445,-0.3085747797190284,0.015796997879561025,0.6551728733209403
Bearing3_1,338,0.13322822230981474,0.2892394959926605,-0.3163829254421937,0.004661182941204289,0.5442973682491803
Bearing3_1,339,0.13362238864800946,0.29808735847473145,-0.3072974369590528,-0.0034633669574116108,1.2408323334936053
Bearing3_1,340,0.13401655498620418,0.2992308437824249,-0.3448108328327642,-0.008397453854689898,3.2533800575457605
Bearing3_1,341,0.1344107213243989,0.29130592942237854,-0.3966352225493132,-0.013814461060277377,0.6835772058040092
Bearing3_1,342,0.1348048876625936,0.28660517930984497,-0.4126769833855731,-0.016794120107672245,2.8288084338929984
Bearing3_1,343,0.13519905400078833,0.2904375195503235,-0.44475057495190046,-0.01958712930663273,2.519135225748588
Bearing3_1,344,0.13559322033898305,0.2950061559677124,-0.44638056344202626,-0.021161656815296786,0.42943267709860894
Bearing3_1,345,0.13598738667717777,0.28974640369415283,-0.469160024532023,-0.02160642869474555,1.7543527836864374
Bearing3_1,346,0.1363815530153725,0.2893993854522705,-0.4587025803095589,-0.020799191021527972,0.6547019895108133
Bearing3_1,347,0.1367757193535672,0.2910015881061554,-0.4760410975707762,-0.019998879547585127,2.2638680499457426
Bearing3_1,348,0.13716988569176192,0.279231995344162,-0.4578190236561478,-0.016695285055579653,3.63632507464775
Bearing3_1,349,0.13756405202995664,0.287487268447876,-0.4506676469303237,-0.010681539289180999,2.1374795917347478
Bearing3_1,350,0.13795821836815136,0.2873818278312683,-0.413683088175228,-0.0034135262856455108,0.38097460942447764
Bearing3_1,351,0.1383523847063461,0.2794456481933594,-0.3756847558061328,0.0033069789307672206,0.583674217549326
Bearing3_1,352,0.13874655104454078,0.2851960062980652,-0.37639053921841026,0.008665591096296818,1.0926083436638405
Bearing3_1,353,0.1391407173827355,0.2821928858757019,-0.35300750925225566,0.012721566135350446,0.22575226533080076
Bearing3_1,354,0.13953488372093023,0.2886172831058502,-0.3353625255215489,0.01651929177310521,0.8457568566208143
Bearing3_1,355,0.13992905005912495,0.2852623164653778,-0.31077618239880944,0.018793786745852317,1.2315779674150416
Bearing3_1,356,0.14032321639731968,0.2874223589897156,-0.30456118286133116,0.020184640494465982,2.3330499397707487
Bearing3_1,357,0.14071738273551437,0.2791065573692322,-0.2646046871402323,0.020730657738352646,1.2818640335727396
Bearing3_1,358,0.1411115490737091,0.2806135416030884,-0.26002589657820396,0.02017836654137918,0.2809922290656442
Bearing3_1,359,0.14150571541190382,0.27250397205352783,-0.23749812403214104,0.018934128936785984,0.5211057905759497
Bearing3_1,360,0.14189988175009854,0.2833974361419678,-0.22669417307013515,0.018160961993815453,1.4237420610253098
Bearing3_1,361,0.14229404808829327,0.2808626592159271,-0.22146644545434452,0.017939633683523575,1.2329574916570716
Bearing3_1,362,0.142688214426488,0.2873658835887909,-0.2014744740299399,0.016892411461601472,0.47793213804319395
Bearing3_1,363,0.1430823807646827,0.2882695198059082,-0.22732303707957274,0.01387394155364339,4.672663463030781
Bearing3_1,364,0.1434765471028774,0.2821212112903595,-0.21190733090555863,0.011349212447252196,3.334366289773134
Bearing3_1,365,0.14387071344107213,0.2821109890937805,-0.2156968186976102,0.008760446946859117,3.102333153532952
Bearing3_1,366,0.14426487977926686,0.2868174910545349,-0.22364819201786915,0.004999826341178354,2.755552465640285
Bearing3_1,367,0.14465904611746158,0.26332640647888184,-0.20221586756397386,0.004091244470832265,4.2109418663103595
Bearing3_1,368,0.14505321245565628,0.2809152901172638,-0.19787048771608745,0.00296870790752116,1.71858107766201
Bearing3_1,369,0.145447378793851,0.2930891513824463,-0.23812093119840813,0.0003991452165832245,4.869024840551048
Bearing3_1,370,0.14584154513204572,0.26860833168029785,-0.21513290863707088,-0.00018871275940541242,4.965047673292754
Bearing3_1,371,0.14623571147024045,0.2725316286087036,-0.19903132733456655,0.0003100759714550863,1.790979887773635
Bearing3_1,372,0.14662987780843517,0.2874545753002167,-0.21129084562610312,0.001201020973861438,2.4391298600241145
Bearing3_1,373,0.14702404414662987,0.2648598253726959,-0.16088362382195148,0.0032371995876843344,1.570139592440036
Bearing3_1,374,0.1474182104848246,0.2829945385456085,-0.16893402277217562,0.005056653055124779,2.464073689953278
Bearing3_1,375,0.14781237682301931,0.27010950446128845,-0.15277483706296535,0.006983995549253461,0.8475186321576492
Bearing3_1,376,0.14820654316121404,0.27842050790786743,-0.1052512678502878,0.010210750486545536,0.520040691753524
Bearing3_1,377,0.14860070949940876,0.2779788672924042,-0.1335753155834292,0.011886264763591628,3.444417449592457
Bearing3_1,378,0.14899487583760346,0.2820093035697937,-0.14329271985888253,0.012489424106617,0.32351276682237284
Bearing3_1,379,0.14938904217579818,0.2766631841659546,-0.09201755082135567,0.012544499251568458,1.3338481981481085
Bearing3_1,380,0.1497832085139929,0.2757948338985443,-0.12225990401309972,0.010711576267398153,3.284983520952444
Bearing3_1,381,0.15017737485218763,0.2794927656650543,-0.15482891411339467,0.007049867187330577,2.0771253747159597
Bearing3_1,382,0.15057154119038235,0.2751217186450958,-0.14229388074445565,0.0027187991537551536,2.2072425588446043
Bearing3_1,383,0.15096570752857705,0.2859508991241455,-0.1701927229948298,-0.0006098693050990222,2.5991280194850725
Bearing3_1,384,0.15135987386677177,0.29697638750076294,-0.21028779365845404,-0.0065493973159491195,3.726325170823458
Bearing3_1,385,0.1517540402049665,0.2791147530078888,-0.20310849696957933,-0.0105187904493826,4.029396073755579
Bearing3_1,386,0.15214820654316122,0.2803037762641907,-0.21024491609926482,-0.011099099891994797,1.0555855991146303
Bearing3_1,387,0.15254237288135594,0.2693914473056793,-0.185350743625651,-0.010937164948571092,0.4515020162640037
Bearing3_1,388,0.15293653921955064,0.27770182490348816,-0.18360820450256074,-0.01070042842234576,2.1656619657698712
Bearing3_1,389,0.15333070555774536,0.28088995814323425,-0.21243999658557217,-0.00812931795701104,1.8726636138946366
Bearing3_1,390,0.15372487189594009,0.2716900110244751,-0.19659833016258213,-0.005250607466063236,1.391162131311523
Bearing3_1,391,0.1541190382341348,0.27934208512306213,-0.20879177312629174,-0.004307189371949772,4.905836124262284
Bearing3_1,392,0.15451320457232953,0.268554151058197,-0.20111526543754601,-0.001455288524607004,4.0862823078876085
Bearing3_1,393,0.15490737091052423,0.2813819944858551,-0.17694224197528335,0.0015682045396595756,0.9270296673143964
Bearing3_1,394,0.15530153724871895,0.28243350982666016,-0.14958026138275077,0.0034929769129796923,3.4104738363415064
Bearing3_1,395,0.15569570358691368,0.2741616368293762,-0.16234745859005395,0.004464127614545183,0.35672795908924243
Bearing3_1,396,0.1560898699251084,0.2700813412666321,-0.1544432225022836,0.0048965839985612315,1.0224688455137143
Bearing3_1,397,0.15648403626330312,0.27057093381881714,-0.1397907588551816,0.007111493005848233,0.6105620539812249
Bearing3_1,398,0.15687820260149785,0.2745669484138489,-0.11590074251865919,0.010193420848539818,1.3187335255883643
Bearing3_1,399,0.15727236893969254,0.2795076072216034,-0.10766798245432527,0.010981592350007622,3.3633193266719816
Bearing3_1,400,0.15766653527788727,0.2693772614002228,-0.08384525218207078,0.012855332789903832,2.7977329939818523
Bearing3_1,401,0.158060701616082,0.27208954095840454,-0.02072303250384496,0.015992503220964915,0.9725705623255362
Bearing3_1,402,0.1584548679542767,0.26956140995025635,-0.0011712881502642964,0.018428278515744398,0.3316450201129807
Bearing3_1,403,0.15884903429247144,0.27651792764663696,-0.05608174735399114,0.017056909390383172,8.315422629691527
Bearing3_1,404,0.15924320063066613,0.2793920934200287,-0.05873181616125456,0.015900147404475914,1.7642499555108775
Bearing3_1,405,0.15963736696886086,0.27694544196128845,-0.07411554252108356,0.01195193331576993,1.1974008923471355
Bearing3_1,406,0.16003153330705558,0.2766561210155487,-0.07960304806664885,0.00716187204474544,1.9810160466968894
Bearing3_1,407,0.1604256996452503,0.28124532103538513,-0.12756458842500368,-0.00017459596554172767,3.8924247674952257
Bearing3_1,408,0.16081986598344503,0.28698888421058655,-0.19249867069327875,-0.009608451258090013,2.907423840625411
Bearing3_1,409,0.16121403232163972,0.27955248951911926,-0.19258673553140787,-0.017569799680857996,3.158339599945513
Bearing3_1,410,0.16160819865983445,0.27406683564186096,-0.19468566220299105,-0.023028134775718613,2.585252064901882
Bearing3_1,411,0.16200236499802917,0.27276143431663513,-0.21122398715486973,-0.02383689222248579,2.358430772002409
Bearing3_1,412,0.1623965313362239,0.2689257860183716,-0.24979283951617548,-0.023136853148406394,2.44765241068184
Bearing3_1,413,0.16279069767441862,0.27288806438446045,-0.18752127601243457,-0.019687286055996723,1.846072979258797
Bearing3_1,414,0.1631848640126133,0.27687138319015503,-0.1458999505963307,-0.012550929695817814,0.46436737159270053
Bearing3_1,415,0.16357903035080804,0.2712360620498657,-0.08915527494176023,-0.0022884075186500137,0.6921253404572922
Bearing3_1,416,0.16397319668900276,0.26937708258628845,-0.06479539283767263,0.009119301584438537,1.2125530294310867
Bearing3_1,417,0.16436736302719748,0.26678335666656494,-0.005965661325884744,0.020358982379686093,0.5534647990308003
Bearing3_1,418,0.1647615293653922,0.27006563544273376,0.061332377457643486,0.029466600083433582,2.1746569717362223
Bearing3_1,419,0.1651556957035869,0.2695135176181793,0.1144968942804712,0.038391489556176134,1.766119284404958
Bearing3_1,420,0.16554986204178163,0.2781909108161926,0.09031589873642522,0.042135261374933314,5.272397075177282
Bearing3_1,421,0.16594402837997635,0.2650705575942993,0.10013093255780262,0.04185727930304139,1.0910398624423363
Bearing3_1,422,0.16633819471817107,0.2623491883277893,0.1374828468782769,0.0372714185249953,0.38199866070611954
Bearing3_1,423,0.1667323610563658,0.2646940350532532,0.13887385749323936,0.03221861787596075,1.8182968061555973
Bearing3_1,424,0.1671265273945605,0.27309197187423706,0.1398490748370668,0.026037461279412526,0.4714365375789607
Bearing3_1,425,0.16752069373275522,0.27233561873435974,0.12781045395492144,0.019519006461010794,1.069119218464881
Bearing3_1,426,0.16791486007094994,0.2704803943634033,0.1287790242126018,0.012047487264855872,0.2543722859828054
Bearing3_1,427,0.16830902640914466,0.2661798596382141,0.11883924053824439,0.005609423580579142,1.4719747443847686
Bearing3_1,428,0.1687031927473394,0.26716348528862,0.12908911706803947,0.002704193300294579,0.3513622660455183
Bearing3_1,429,0.16909735908553408,0.26768869161605835,0.1113848568482448,0.0015562834069928102,1.109112472336126
Bearing3_1,430,0.1694915254237288,0.2659272253513336,0.14154546318433522,0.00047915279190171244,0.5562682266324617
Bearing3_1,431,0.16988569176192353,0.25781363248825073,0.17508238075795055,0.0012646797604583075,1.3628172014717022
Bearing3_1,432,0.17027985810011825,0.27090397477149963,0.18738568112541654,0.0043029210589065085,1.8837822800720854
Bearing3_1,433,0.17067402443831298,0.2718961536884308,0.20317681644052232,0.007690348212544165,1.5554707225743811
Bearing3_1,434,0.17106819077650767,0.2687084972858429,0.18784146971291452,0.009526886592479186,3.525885188959808
Bearing3_1,435,0.1714623571147024,0.27283161878585815,0.21047977541601953,0.011213940923157547,2.8634902742786617
Bearing3_1,436,0.17185652345289712,0.2617187798023224,0.22089208529999596,0.01253145839849091,1.2402200776785421
Bearing3_1,437,0.17225068979109184,0.2691829800605774,0.24550630443299665,0.013412395447183588,0.30133125409414646
Bearing3_1,438,0.17264485612928657,0.26435723900794983,0.2680989796524896,0.014673626986868249,0.5901786498351215
Bearing3_1,439,0.1730390224674813,0.2706681489944458,0.2512483572125749,0.012150481620214282,5.179097335033988
Bearing3_1,440,0.173433188805676,0.26495927572250366,0.2664410222630388,0.01077141900763613,2.8243727850907288
Bearing3_1,441,0.1738273551438707,0.26263171434402466,0.24063984274500783,0.00870692827075545,2.8536707973399937
Bearing3_1,442,0.17422152148206543,0.25916075706481934,0.2443865662790598,0.006872388393720098,1.1255712161317715
Bearing3_1,443,0.17461568782026016,0.27748242020606995,0.21791377492979871,0.00395570061374855,4.606329128485277
Bearing3_1,444,0.17500985415845488,0.26500585675239563,0.26947415314422124,0.0026504108516410252,4.440109343608335
Bearing3_1,445,0.17540402049664958,0.2757091224193573,0.22920111359406575,-0.00033185685034442557,6.332026579948446
Bearing3_1,446,0.1757981868348443,0.2698433995246887,0.228536371709645,-0.002883154519554958,2.730613915946077
Bearing3_1,447,0.17619235317303902,0.26264384388923645,0.21843371515304652,-0.00443721625764838,1.0152320320676211
Bearing3_1,448,0.17658651951123375,0.26740795373916626,0.19433382099760885,-0.005471486731648569,1.8331524957627685
Bearing3_1,449,0.17698068584942847,0.2648250460624695,0.2449534426631729,-0.003973938627098599,2.522414503095632
Bearing3_1,450,0.17737485218762317,0.2761399745941162,0.23527785765387416,-0.001915003373638216,3.269726659208544
Bearing3_1,451,0.1777690185258179,0.26807254552841187,0.2608234415935209,0.00019498406149979976,0.7281828077687091
Bearing3_1,452,0.1781631848640126,0.2755095660686493,0.24637072077613772,0.0015217731561596162,2.9915995862055875
Bearing3_1,453,0.17855735120220734,0.2684206962585449,0.27397713364247905,0.002565463474825761,0.5243326113031098
Bearing3_1,454,0.17895151754040206,0.267336368560791,0.25400880471824283,0.005277774900250457,0.517106798346507
Bearing3_1,455,0.17934568387859676,0.27685117721557617,0.26463209285999384,0.006072127871590339,3.4868559551275577
Bearing3_1,456,0.17973985021679148,0.2678461968898773,0.26199012201180866,0.006248590801147486,1.5427633342747658
Bearing3_1,457,0.1801340165549862,0.2610640823841095,0.2613203494626114,0.0053095102417974474,0.8537758362996415
Bearing3_1,458,0.18052818289318093,0.2694430947303772,0.2661268931048659,0.0025061071882131448,1.1438613214177706
Bearing3_1,459,0.18092234923137565,0.2721947431564331,0.2405541668901059,0.0008122505478036916,0.7206201912538817
Bearing3_1,460,0.18131651556957035,0.2673659324645996,0.25553054079249937,-0.0006564274164518885,0.8559232575680382
Bearing3_1,461,0.18171068190776507,0.2648515999317169,0.25210047095496496,-0.0008546482381556264,1.28654973921611
Bearing3_1,462,0.1821048482459598,0.27488380670547485,0.24271540587158472,-0.00242256344449285,3.460679064616435
Bearing3_1,463,0.18249901458415452,0.26875725388526917,0.21845749110589022,-0.0034289032662991026,1.909406757430972
Bearing3_1,464,0.18289318092234924,0.2621957063674927,0.21496977817035434,-0.0052837385397007715,1.8000986021017975
Bearing3_1,465,0.18328734726054394,0.25639864802360535,0.24837274278293978,-0.004135174393900581,0.4261324045316234
Bearing3_1,466,0.18368151359873866,0.2638755440711975,0.25370540876996167,-0.0026747859165411874,1.385792760961312
Bearing3_1,467,0.18407567993693338,0.2710239887237549,0.2625729615885735,-0.0006749434766967607,0.6053522850185339
Bearing3_1,468,0.1844698462751281,0.26335442066192627,0.27649969627872,0.002389792102688236,0.8671231387878957
Bearing3_1,469,0.18486401261332283,0.26959577202796936,0.27657205150538094,0.00362789496892099,1.9778583404736987
Bearing3_1,470,0.18525817895151753,0.2702783942222595,0.2699196238854633,0.005064982654041741,0.5166476693451496
Bearing3_1,471,0.18565234528971225,0.27713117003440857,0.22339649152451221,0.0035613604867542102,5.137544400332831
Bearing3_1,472,0.18604651162790697,0.27275949716567993,0.22988535697376658,0.0021339324527212987,1.8337296757313424
Bearing3_1,473,0.1864406779661017,0.2652660310268402,0.26312222482064307,0.00105774590956648,1.0085206019995872
Bearing3_1,474,0.18683484430429642,0.2687666416168213,0.2645505146982148,-0.0007144388203898842,1.6217472259751353
Bearing3_1,475,0.18722901064249114,0.2616446018218994,0.27155909757189545,-0.00047845152885627926,0.9611444481818171
Bearing3_1,476,0.18762317698068584,0.27257636189460754,0.26662899359306913,-0.00043691465871726427,2.477654202818728
Bearing3_1,477,0.18801734331888056,0.26937589049339294,0.2411856760434759,-0.0013486744345650593,2.667243301849094
Bearing3_1,478,0.1884115096570753,0.2714928984642029,0.21097923730873655,-0.0027203693372664754,1.1502341878492617
Bearing3_1,479,0.18880567599527,0.2680755853652954,0.18945635295977817,-0.004467028686679335,1.1731790716881785
Bearing3_1,480,0.18919984233346474,0.27011504769325256,0.17431341437175804,-0.006427213818032012,0.8392699622582634
Bearing3_1,481,0.18959400867165943,0.2646070718765259,0.18926526122990778,-0.009514522677988954,2.05299784396692
Bearing3_1,482,0.18998817500985415,0.26998433470726013,0.1792054652131621,-0.012304244772004709,0.7310863083947627
Bearing3_1,483,0.19038234134804888,0.2743842601776123,0.12705583016466754,-0.015108399506018045,3.398582747222015
Bearing3_1,484,0.1907765076862436,0.2702482044696808,0.10944478890551793,-0.01712864753316536,2.050519025095134
Bearing3_1,485,0.19117067402443833,0.27193960547447205,0.0750295514517493,-0.018678782068725013,0.9320465819813365
Bearing3_1,486,0.19156484036263302,0.27653440833091736,0.032520892335667524,-0.020494068019869725,3.3079218673576065
Bearing3_1,487,0.19195900670082774,0.27582642436027527,0.029986828595773507,-0.021306122844891813,1.428588813834819
Bearing3_1,488,0.19235317303902247,0.2660001516342163,0.03524109644922853,-0.02128535779419047,0.3924077010215306
Bearing3_1,489,0.1927473393772172,0.2696194350719452,0.04656730723767226,-0.019951499101207505,0.5150839654790811
Bearing3_1,490,0.19314150571541192,0.2711850702762604,0.023593920280979546,-0.019148275048432077,2.6174368570331756
Bearing3_1,491,0.1935356720536066,0.27516841888427734,0.010538013814227469,-0.016233498599169165,1.1794675800802634
Bearing3_1,492,0.19392983839180133,0.26814770698547363,0.008652661844267896,-0.011925821720103086,0.475438421365641
Bearing3_1,493,0.19432400472999606,0.2732545733451843,0.03366234581417854,-0.007663315889924623,0.6650455297688018
Bearing3_1,494,0.19471817106819078,0.26792019605636597,0.024865265899851,-0.0039226779650711014,1.4718951637007984
Bearing3_1,495,0.1951123374063855,0.2712510824203491,0.021345076328912665,-0.0016431932045725237,0.4387601492873286
Bearing3_1,496,0.1955065037445802,0.27323299646377563,0.02884006988268125,-0.0011380803110273348,2.410940194235957
Bearing3_1,497,0.19590067008277492,0.265870064496994,0.03900018907375744,-0.00020310065089533324,1.8478690134629019
Bearing3_1,498,0.19629483642096965,0.2762255370616913,0.04225615685475871,0.0011505089211218125,1.2446005354535405
Bearing3_1,499,0.19668900275916437,0.266141414642334,0.02846568193650602,0.0024219604543362088,2.1538525945723084
Bearing3_1,500,0.1970831690973591,0.26018115878105164,0.05979219130311468,0.00408998518984267,1.8293825337245149
Bearing3_1,501,0.1974773354355538,0.26755309104919434,0.054788610991230634,0.0041759266769521635,4.641984795060567
Bearing3_1,502,0.19787150177374851,0.27586662769317627,0.031245986041437402,0.0023156639787786236,1.6617799558886657
Bearing3_1,503,0.19826566811194324,0.27698659896850586,0.022872886748066278,0.0013921405632374337,0.9543755012687336
Bearing3_1,504,0.19865983445013796,0.2726878821849823,0.0064894066675960736,-0.0008807178926044236,2.195982834961919
Bearing3_1,505,0.19905400078833269,0.2682505249977112,-0.0015867708592595669,-0.003606036739703933,0.7089780274965721
Bearing3_1,506,0.19944816712652738,0.2763412296772003,0.002137857382742428,-0.005350566025313644,1.1214611818184161
Bearing3_1,507,0.1998423334647221,0.2796773910522461,-0.041277588575675116,-0.008462206083796336,2.9872562157951568
Bearing3_1,508,0.20023649980291683,0.2777469754219055,-0.08742265736959987,-0.012900721404433234,1.340198560721099
Bearing3_1,509,0.20063066614111155,0.27875521779060364,-0.09654598926944338,-0.017184373590225607,1.6336181999138442
Bearing3_1,510,0.20102483247930628,0.2756790816783905,-0.14434323656346892,-0.020471421413603655,2.110035193394577
Bearing3_1,511,0.20141899881750097,0.2712440490722656,-0.13741716191991854,-0.02123988654550052,0.8835455495382529
Bearing3_1,512,0.2018131651556957,0.27350106835365295,-0.14277731917576317,-0.02154046527696119,2.6392120431095982
Bearing3_1,513,0.20220733149389042,0.272339403629303,-0.15533929816445868,-0.020975076085336657,0.373893374329748
Bearing3_1,514,0.20260149783208514,0.26082929968833923,-0.1240632238071695,-0.01763580351095163,2.3633046803059745
Bearing3_1,515,0.20299566417027987,0.2681784927845001,-0.1304329925311653,-0.013599928575123233,3.2648965014231806
Bearing3_1,516,0.2033898305084746,0.27581456303596497,-0.15238221071029728,-0.008951202788424257,2.6182630880838107
Bearing3_1,517,0.20378399684666929,0.2680438756942749,-0.12436578493424444,-0.0037957008645861136,2.0382858521824625
Bearing3_1,518,0.204178163184864,0.2669036090373993,-0.10073569298060107,0.000579506899050553,1.7060623949021092
Bearing3_1,519,0.20457232952305873,0.2587950527667999,-0.08091331583283597,0.0055890832363454605,1.0961570387134885
Bearing3_1,520,0.20496649586125346,0.28032463788986206,-0.07163290517099778,0.0077288936878770215,3.118939995347107
Bearing3_1,521,0.20536066219944818,0.277320921421051,-0.0702399036576348,0.009525086999495726,0.5324463837713739
Bearing3_1,522,0.20575482853764288,0.27072760462760925,-0.04528139870138143,0.011511039694553353,0.4361766057555944
Bearing3_1,523,0.2061489948758376,0.27257880568504333,-0.038442173026606276,0.011850807063844688,1.6192997113534418
Bearing3_1,524,0.20654316121403232,0.26640376448631287,-0.040158779848425724,0.012765078107427547,1.332296814830269
Bearing3_1,525,0.20693732755222705,0.27352651953697205,-0.04151504122766894,0.012163696446194467,3.2010338197163093
Bearing3_1,526,0.20733149389042177,0.2690269649028778,-0.023759243606740817,0.009989738275936584,0.8166548416642974
Bearing3_1,527,0.20772566022861647,0.26719892024993896,-0.020826954677481586,0.008284418588665382,0.5864240884821543
Bearing3_1,528,0.2081198265668112,0.2708646059036255,-0.04248792917546631,0.005717914540755929,4.2965739509791785
Bearing3_1,529,0.2085139929050059,0.27698150277137756,-0.06467153279127699,0.0025568540593485993,1.2501251698554152
Bearing3_1,530,0.20890815924320064,0.2736984193325043,-0.05951616129706498,9.881960609284745e-05,0.44781823520341446
Bearing3_1,531,0.20930232558139536,0.2772488296031952,-0.0763073494400747,-0.003329100691938421,2.3337924413813775
Bearing3_1,532,0.20969649191959006,0.27085399627685547,-0.09600070516035188,-0.006093758901477737,0.6758866693113939
Bearing3_1,533,0.21009065825778478,0.2725009620189667,-0.11121170946976963,-0.008617380404618824,1.2737592500758876
Bearing3_1,534,0.2104848245959795,0.2694680094718933,-0.1512519144537797,-0.012557398556304018,1.2721392237036284
Bearing3_1,535,0.21087899093417423,0.2668200731277466,-0.1460943370555279,-0.014959928279969224,1.5350365904567422
Bearing3_1,536,0.21127315727236895,0.2804679274559021,-0.16765609221656735,-0.016087206070079442,3.361658567058638
Bearing3_1,537,0.21166732361056365,0.27353963255882263,-0.19170969306947522,-0.016586808297975517,0.38486849983433263
Bearing3_1,538,0.21206148994875837,0.26985225081443787,-0.16355936336362054,-0.014923697043090696,1.1009672070379497
Bearing3_1,539,0.2124556562869531,0.2800106406211853,-0.18187189450010174,-0.014270825495029756,3.5121714130216755
Bearing3_1,540,0.21284982262514782,0.2761716842651367,-0.20775069470364552,-0.013265222989259194,1.102370492337279
Bearing3_1,541,0.21324398896334254,0.2683619260787964,-0.19284434656964267,-0.010769177268663905,1.862943958540601
Bearing3_1,542,0.21363815530153724,0.2696959376335144,-0.17947613745592253,-0.007444277224677293,0.8306752483894811
Bearing3_1,543,0.21403232163973196,0.267352819442749,-0.14393082150332775,-0.002182785297291295,1.216108010474729
Bearing3_1,544,0.21442648797792668,0.2727620601654053,-0.11771254064285788,0.002236042975471883,2.1300052934355427
Bearing3_1,545,0.2148206543161214,0.27096909284591675,-0.12403518338883568,0.0062473004545691565,1.9113787994669225
Bearing3_1,546,0.21521482065431613,0.27684178948402405,-0.106528304088133,0.00950864459791798,1.0042818933891646
Bearing3_1,547,0.21560898699251083,0.2649216949939728,-0.09886509239430749,0.010843465829785435,0.6916808578219421
Bearing3_1,548,0.21600315333070555,0.2763291001319885,-0.130809047990838,0.011187189031624354,3.0408071015137113
Bearing3_1,549,0.21639731966890027,0.2762086093425751,-0.10006438289466804,0.011590085037212797,2.927454537648484
Bearing3_1,550,0.216791486007095,0.2646030783653259,-0.0803918314659613,0.010349169754367976,2.2961202279326565
Bearing3_1,551,0.21718565234528972,0.27348592877388,-0.08197122819432436,0.008472118304513433,0.3463005322413975
Bearing3_1,552,0.21757981868348444,0.2664867341518402,-0.08990245278411531,0.0057097519588538365,1.3475853579839008
Bearing3_1,553,0.21797398502167914,0.26904430985450745,-0.11586552841353155,0.0028151639493771592,0.8888874500947079
Bearing3_1,554,0.21836815135987386,0.26815739274024963,-0.11855617035223445,0.0011815136722474536,0.4945341396419737
Bearing3_1,555,0.2187623176980686,0.268815815448761,-0.11347528253588564,-0.0005862809711844546,1.065990553533945
Bearing3_1,556,0.2191564840362633,0.27646154165267944,-0.09800593870399835,-0.00047116673529021144,0.3929780606866204
Bearing3_1,557,0.21955065037445803,0.26740527153015137,-0.08827243333029759,0.0005824453565259596,1.3067680102999784
Bearing3_1,558,0.21994481671265273,0.2725829780101776,-0.06291032310889476,0.0007614523713892219,1.6102423483266652
Bearing3_1,559,0.22033898305084745,0.2750466465950012,-0.07494243246354249,0.001510792005053415,1.2351294283020469
Bearing3_1,560,0.22073314938904218,0.26893743872642517,-0.08016812155046445,0.0029820889906644293,1.550365992571338
Bearing3_1,561,0.2211273157272369,0.27463626861572266,-0.08824585012547922,0.0039047778488928955,0.5893044566503082
Bearing3_1,562,0.22152148206543162,0.27502697706222534,-0.09584847628827435,0.0039600857247544105,1.3327052787200309
Bearing3_1,563,0.22191564840362632,0.2796567678451538,-0.11239820925134256,0.0014538821970833543,1.6545553372709219
Bearing3_1,564,0.22230981474182104,0.2765013575553894,-0.14681430548842836,-0.0031509671838233526,1.5781480745088925
Bearing3_1,565,0.22270398108001577,0.2792409360408783,-0.1644039042196777,-0.008034000518239267,0.6641202943127532
Bearing3_1,566,0.2230981474182105,0.2799685597419739,-0.19675405458968226,-0.01303298129393819,1.5137097214720063
Bearing3_1,567,0.22349231375640521,0.2765665650367737,-0.2219587683272916,-0.017560917419675953,0.6842605562111498
Bearing3_1,568,0.2238864800945999,0.27757179737091064,-0.23964832702411504,-0.019742490792940937,0.7480874706121923
Bearing3_1,569,0.22428064643279463,0.28194111585617065,-0.264090916676491,-0.021917158117369964,1.7279020752769154
Bearing3_1,570,0.22467481277098936,0.2807115316390991,-0.26850339373212645,-0.022388176381380593,0.5999265921621324
Bearing3_1,571,0.22506897910918408,0.27024680376052856,-0.26742600620242474,-0.021056091507176213,0.09853002501888469
Bearing3_1,572,0.2254631454473788,0.2735596001148224,-0.26171734739091723,-0.017747586307719034,0.9098957449038032
Bearing3_1,573,0.2258573117855735,0.2764689326286316,-0.27062965261282523,-0.014017990607568736,3.1766343568670683
Bearing3_1,574,0.22625147812376822,0.27154454588890076,-0.2578469633122674,-0.009967606835781823,0.7562573141468872
Bearing3_1,575,0.22664564446196295,0.27295178174972534,-0.24777443181048991,-0.0051946017723589555,0.4171557222377661
Bearing3_1,576,0.22703981080015767,0.2704911231994629,-0.23350204936503816,-0.0007892279627503883,1.0849789070328517
Bearing3_1,577,0.2274339771383524,0.278624951839447,-0.22019773462768644,0.003106951732150145,0.6153922746265287
Bearing3_1,578,0.2278281434765471,0.2765672206878662,-0.21334681725451668,0.006176168053076494,1.2805000985958157
Bearing3_1,579,0.22822230981474181,0.2807234525680542,-0.17811357782472742,0.009218885277959032,1.1471160833882363
Bearing3_1,580,0.22861647615293654,0.27188175916671753,-0.17048096585916422,0.011341612092990368,2.2104003907876746
Bearing3_1,581,0.22901064249113126,0.27376165986061096,-0.1600868379972065,0.01291496653128482,0.3762654255935377
Bearing3_1,582,0.22940480882932598,0.27209898829460144,-0.1767647780808333,0.012658111574206573,3.6116077919421476
Bearing3_1,583,0.22979897516752068,0.27564752101898193,-0.15821831838848496,0.01178899989694638,0.7910647486925604
Bearing3_1,584,0.2301931415057154,0.27864786982536316,-0.1509131937699036,0.010807967222260052,0.8006569869483278
Bearing3_1,585,0.23058730784391013,0.2776266634464264,-0.15712726782123368,0.008863320250439509,1.0135581975867691
Bearing3_1,586,0.23098147418210485,0.27519792318344116,-0.16558662679493474,0.006309992358365311,1.2820479617570184
Bearing3_1,587,0.23137564052029957,0.2728627622127533,-0.16206622804870455,0.0040124232886349556,0.5888088688837828
Bearing3_1,588,0.2317698068584943,0.26849478483200073,-0.1635170916368281,0.0013878197077154585,1.8988049256797501
Bearing3_1,589,0.232163973196689,0.27272751927375793,-0.1794923568678261,-0.00036327602221420514,0.4601792338039636
Bearing3_1,590,0.23255813953488372,0.27277034521102905,-0.18436394391995986,-0.001854541411306361,1.0913907466271084
Bearing3_1,591,0.23295230587307844,0.27480021119117737,-0.20587653020561078,-0.003658000218384771,1.3555987431280727
Bearing3_1,592,0.23334647221127316,0.28077346086502075,-0.2160721216911174,-0.00657441829741861,2.5546963509742002
Bearing3_1,593,0.2337406385494679,0.2751094698905945,-0.22075950027151006,-0.008033628275768414,1.1977591940048213
Bearing3_1,594,0.23413480488766258,0.27406924962997437,-0.21017622284192378,-0.0076704853363199045,1.01758223950228
Bearing3_1,595,0.2345289712258573,0.272358238697052,-0.20553382178503102,-0.006750052378135367,1.609387578863295
Bearing3_1,596,0.23492313756405203,0.26605820655822754,-0.1866820926008732,-0.0047785544388944485,0.41132929726421597
Bearing3_1,597,0.23531730390224675,0.26825034618377686,-0.18354718691592603,-0.002145665778532719,1.1562584330538181
Bearing3_1,598,0.23571147024044148,0.2653496265411377,-0.1789681577084048,0.0009006391311185569,1.6091998790826196
Bearing3_1,599,0.23610563657863617,0.27036532759666443,-0.18692346600754423,0.0026352861008299556,1.6452221448276674
Bearing3_1,600,0.2364998029168309,0.27400723099708557,-0.1967518791351222,0.0035991393890732527,1.2796591583192334
Bearing3_1,601,0.23689396925502562,0.26316580176353455,-0.17285611376141546,0.004582382432780339,1.9709530503508748
Bearing3_1,602,0.23728813559322035,0.2726573348045349,-0.1583954690434602,0.005274434344563995,3.378426833198572
Bearing3_1,603,0.23768230193141507,0.27325406670570374,-0.1497173529927776,0.005428235194387103,0.5540428590385333
Bearing3_1,604,0.23807646826960976,0.2694612145423889,-0.1518915335985695,0.0053078792667305575,0.1676480412874143
Bearing3_1,605,0.2384706346078045,0.2732238471508026,-0.16067415036537175,0.0043114838374854764,2.252964616202665
Bearing3_1,606,0.2388648009459992,0.2736295163631439,-0.15984205360077447,0.0040735038571361095,1.1453049627985445
Bearing3_1,607,0.23925896728419394,0.2721622884273529,-0.17824429323098778,0.002715425257770389,2.9068249111176163
Bearing3_1,608,0.23965313362238866,0.26889151334762573,-0.18585045534748443,0.0011834562030373186,0.6353535742759022
Bearing3_1,609,0.24004729996058335,0.2598473131656647,-0.17135154503708008,-4.595295445663051e-06,0.7335567668945361
Bearing3_1,610,0.24044146629877808,0.2718086540699005,-0.15264066100576562,-0.00101603121854959,0.9038364238527574
Bearing3_1,611,0.2408356326369728,0.26060792803764343,-0.12994531014926175,0.0002688306799258522,2.353550829144609
Bearing3_1,612,0.24122979897516753,0.2684960961341858,-0.11320669894708865,0.002910619763205891,3.87028775960448
Bearing3_1,613,0.24162396531336225,0.27093306183815,-0.11434445119903924,0.005521148034953868,1.486412038231667
Bearing3_1,614,0.24201813165155694,0.26905667781829834,-0.11635876239632645,0.00744809696714565,0.3352039927628094
Bearing3_1,615,0.24241229798975167,0.2747107446193695,-0.10611564889124522,0.008917553139982404,1.0703887378120076
Bearing3_1,616,0.2428064643279464,0.2693687975406647,-0.11989723750830636,0.00902944424559956,1.297620254679561
Bearing3_1,617,0.24320063066614112,0.2883351445198059,-0.17077596890827207,0.00465513625596233,6.729520655870556
Bearing3_1,618,0.24359479700433584,0.27688702940940857,-0.1659062708084852,-5.1154455061642636e-05,5.092375259006525
Bearing3_1,619,0.24398896334253053,0.27600520849227905,-0.17370743822307183,-0.004458117059387619,0.735021906374771
Bearing3_1,620,0.24438312968072526,0.27348944544792175,-0.1812506109111533,-0.008000576896903236,0.9151244347084175
Bearing3_1,621,0.24477729601891998,0.2720421254634857,-0.24387905621893177,-0.01309932308919272,3.124062326133335
Bearing3_1,622,0.2451714623571147,0.2740243375301361,-0.271604407004267,-0.017213438625147497,0.5582747159155019
Bearing3_1,623,0.24556562869530943,0.2778644859790802,-0.31110210469028626,-0.021637851966140296,2.620830790910679
Bearing3_1,624,0.24595979503350412,0.2700049877166748,-0.34314930332432897,-0.02555964048224854,0.7735065845472793
Bearing3_1,625,0.24635396137169885,0.27659252285957336,-0.3798138533386553,-0.02804946305724793,1.503131273618444
Bearing3_1,626,0.24674812770989357,0.27796947956085205,-0.4150832799892946,-0.03006429112163281,1.1838553296082952
Bearing3_1,627,0.2471422940480883,0.27283522486686707,-0.382543341421927,-0.030118116236510645,0.4199590869794875
Bearing3_1,628,0.24753646038628302,0.2748521566390991,-0.40717278574814875,-0.028623841804788663,0.6576855108404166
Bearing3_1,629,0.24793062672447774,0.2729128897190094,-0.4394940445784002,-0.026488180349753896,1.488866844606394
Bearing3_1,630,0.24832479306267244,0.2744904160499573,-0.46615692167526,-0.023088079990052315,0.4912690372113872
Bearing3_1,631,0.24871895940086716,0.28026890754699707,-0.4756932783644798,-0.02092996440041333,1.3918617624431093
Bearing3_1,632,0.24911312573906189,0.27138957381248474,-0.4628805678007003,-0.017111461048796024,1.8023437077168685
Bearing3_1,633,0.2495072920772566,0.26959335803985596,-0.42939772307584284,-0.011781301639176461,0.5777392334594912
Bearing3_1,634,0.24990145841545133,0.27714017033576965,-0.4180195324982714,-0.006533107278073345,1.5679114590087504
Bearing3_1,635,0.25029562475364603,0.2713438868522644,-0.41074524508073373,-0.0024249190081936578,1.8953370685128714
Bearing3_1,636,0.25068979109184075,0.2752525806427002,-0.4122853284929864,-0.00037710443760578577,2.000876770442351
Bearing3_1,637,0.2510839574300355,0.2684120237827301,-0.4112408840215761,0.003863094505655542,0.5205157557496572
Bearing3_1,638,0.2514781237682302,0.2772942781448364,-0.423327293006252,0.0061499208231518745,2.068829748441435
Bearing3_1,639,0.2518722901064249,0.2731809616088867,-0.41628100680725055,0.006862151644735805,0.6752074048003496
Bearing3_1,640,0.25226645644461965,0.2814701199531555,-0.4277059026161224,0.004892311036697891,2.171773963450591
Bearing3_1,641,0.25266062278281437,0.27150678634643555,-0.41810641494470724,0.002344248776193578,0.7827081482762893
Bearing3_1,642,0.25305478912100904,0.2728045880794525,-0.43754707353792,-0.0011080549265948911,1.1989341720022708
Bearing3_1,643,0.25344895545920376,0.277190238237381,-0.46347928398244675,-0.004049725844855296,1.1337352136920515
Bearing3_1,644,0.2538431217973985,0.27482447028160095,-0.4793327793896617,-0.006684477008560795,0.6828936039571086
Bearing3_1,645,0.2542372881355932,0.27853506803512573,-0.5041488279021246,-0.00944468745248733,2.7721165626952784
Bearing3_1,646,0.25463145447378793,0.27422305941581726,-0.5121431038264419,-0.011611456897691769,0.41032089810762035
Bearing3_1,647,0.25502562081198266,0.27133500576019287,-0.5175422631973084,-0.012792699036746959,0.7584195703611109
Bearing3_1,648,0.2554197871501774,0.28541630506515503,-0.5162400150270456,-0.013420168490636122,1.3638316351825324
Bearing3_1,649,0.2558139534883721,0.28563904762268066,-0.5463479518925093,-0.014093921820637827,2.697105796359064
Bearing3_1,650,0.2562081198265668,0.2710414528846741,-0.5392906705527402,-0.013567823221361656,1.6620183207809367
Bearing3_1,651,0.25660228616476155,0.271526038646698,-0.5499004694731136,-0.011627932440416143,1.0596477341537478
Bearing3_1,652,0.2569964525029563,0.2793390452861786,-0.566927812450768,-0.010315346036848916,1.8872326621756592
Bearing3_1,653,0.25739061884115094,0.2667901813983917,-0.5503060831664255,-0.008256682503009061,2.2605316957732287
Bearing3_1,654,0.25778478517934567,0.26692408323287964,-0.5179488073547367,-0.004437530295267432,1.0654060818123376
Bearing3_1,655,0.2581789515175404,0.27485519647598267,-0.4961486381432856,-0.000615608116640239,3.7703801825741814
Bearing3_1,656,0.2585731178557351,0.2745938301086426,-0.47809612462248297,0.0035610728923024383,0.853558592347192
Bearing3_1,657,0.25896728419392984,0.27172744274139404,-0.46120480575979855,0.007886463951406993,0.742316048086094
Bearing3_1,658,0.25936145053212456,0.2732597291469574,-0.45546151208922403,0.011929063847075438,2.40207744558325
Bearing3_1,659,0.2597556168703193,0.27650439739227295,-0.44314283968571777,0.01389968641083972,1.975817026783929
Bearing3_1,660,0.260149783208514,0.27443087100982666,-0.44616312838753247,0.014925080320104273,0.3718067071933081
Bearing3_1,661,0.26054394954670873,0.2773241698741913,-0.4417626936478756,0.01435435932150452,0.5631244231421886
Bearing3_1,662,0.26093811588490345,0.27887162566185,-0.4463289186944405,0.011088654384578957,2.6393933311763993
Bearing3_1,663,0.2613322822230981,0.2813825011253357,-0.47234847247210876,0.006050011572599444,0.3497442511913373
Bearing3_1,664,0.26172644856129285,0.2846668064594269,-0.5085487658862284,0.0002490182867585114,0.2738248129932502
Bearing3_1,665,0.26212061489948757,0.2858479619026184,-0.5291861821461414,-0.005338247532114367,2.3025120780660107
Bearing3_1,666,0.2625147812376823,0.2824101150035858,-0.5317254585442333,-0.009460063356128371,1.2660958690773285
Bearing3_1,667,0.262908947575877,0.2814158499240875,-0.5671220022288745,-0.013736459288195361,2.8076279028484543
Bearing3_1,668,0.26330311391407174,0.2779996395111084,-0.5667601589221686,-0.016326387262233105,1.2104301235392685
Bearing3_1,669,0.26369728025226646,0.27341505885124207,-0.5448856742938077,-0.015552842195302934,0.5039096053948412
Bearing3_1,670,0.2640914465904612,0.2828931212425232,-0.5312698410077943,-0.013004721412794957,0.7373492327912899
Bearing3_1,671,0.2644856129286559,0.27367061376571655,-0.5405324339818038,-0.009636874141737502,2.5881353246272734
Bearing3_1,672,0.26487977926685063,0.2835400700569153,-0.5268798269963203,-0.004631545246286142,0.37962079489788497
Bearing3_1,673,0.2652739456050453,0.2817266583442688,-0.5394724642070188,-0.0010713497438461599,2.5622689622194788
Bearing3_1,674,0.26566811194324,0.2743671238422394,-0.5410312668880118,0.0008040914057790703,1.0947130201730748
Bearing3_1,675,0.26606227828143475,0.27808934450149536,-0.5372234991485125,0.0019051285117680438,1.6853168546419834
Bearing3_1,676,0.2664564446196295,0.2813822627067566,-0.5486251882689512,0.002312392233161768,0.49758825268413515
Bearing3_1,677,0.2668506109578242,0.28257423639297485,-0.5397826793171818,0.0010470502544603795,0.7697348624307071
Bearing3_1,678,0.2672447772960189,0.27799007296562195,-0.532490476700541,-0.00012779806302799007,1.0813218414467392
Bearing3_1,679,0.26763894363421364,0.27696356177330017,-0.5429023478995069,-0.0008276577400435071,1.5513365500440868
Bearing3_1,680,0.26803310997240837,0.2839280664920807,-0.558568003163758,-0.0014983258050633504,1.3193260433822847
Bearing3_1,681,0.2684272763106031,0.2830418348312378,-0.5640216399719717,-0.002753084352968657,1.5128826103822117
Bearing3_1,682,0.2688214426487978,0.278976172208786,-0.5641546313108655,-0.002820205526506626,0.3082435216703043
Bearing3_1,683,0.26921560898699254,0.2802864611148834,-0.5387553851467352,-0.0018896066104168345,0.31176091246985943
Bearing3_1,684,0.2696097753251872,0.2813924551010132,-0.5474829074404713,-0.0015476664110247197,2.2825837170251684
Bearing3_1,685,0.27000394166338193,0.29139649868011475,-0.549286152432393,-0.0009720321430743219,1.1354048994168673
Bearing3_1,686,0.27039810800157665,0.2780001759529114,-0.5396050416393517,-0.00048223591524328006,0.8850047801841331
Bearing3_1,687,0.2707922743397714,0.27920299768447876,-0.5429478093986275,0.0003053930118409894,2.0236421262927853
Bearing3_1,688,0.2711864406779661,0.28595560789108276,-0.5622187895105255,0.0005663896234031931,0.6877724781959298
Bearing3_1,689,0.2715806070161608,0.28103241324424744,-0.5731574446078546,-0.00010304924045652692,0.791815422095382
Bearing3_1,690,0.27197477335435555,0.285142719745636,-0.566899933044461,-0.0011088178644345775,0.49475990111628565
Bearing3_1,691,0.27236893969255027,0.2947178781032562,-0.586973725380301,-0.00347210331357327,4.20156894638506
Bearing3_1,692,0.272763106030745,0.28364360332489014,-0.587697021860362,-0.005605500291389063,2.2466233054610263
Bearing3_1,693,0.2731572723689397,0.2782314717769623,-0.5962313974615248,-0.00622576327833236,1.0013350194045492
Bearing3_1,694,0.2735514387071344,0.2868541181087494,-0.6078961293139009,-0.007367440248747805,2.642103851786822
Bearing3_1,695,0.2739456050453291,0.2851565480232239,-0.6192937831216093,-0.008518742282397518,1.0276929465427127
Bearing3_1,696,0.27433977138352383,0.29507920145988464,-0.6374311748167194,-0.009165371862435745,0.16312581863285538
Bearing3_1,697,0.27473393772171856,0.28288257122039795,-0.6462811790678668,-0.009331808819792906,1.0790669296810367
Bearing3_1,698,0.2751281040599133,0.28191593289375305,-0.6546295659534771,-0.009985818649046383,0.5583263867861366
Bearing3_1,699,0.275522270398108,0.28829169273376465,-0.6574149128868931,-0.01040086954245417,0.31354182885840753
Bearing3_1,700,0.27591643673630273,0.2754334807395935,-0.6781996167970705,-0.01051116147486917,1.4739808565081693
Bearing3_1,701,0.27631060307449745,0.29326754808425903,-0.6935696586195865,-0.011448985071476079,3.6267937476737893
Bearing3_1,702,0.2767047694126922,0.2907502353191376,-0.7035842611097359,-0.011689207560285683,2.673356556728613
Bearing3_1,703,0.2770989357508869,0.30157211422920227,-0.7231235818469043,-0.012159475744541088,1.787517939441111
Bearing3_1,704,0.27749310208908157,0.2920045554637909,-0.7376183705137599,-0.012659930471869705,2.103082884036674
Bearing3_1,705,0.2778872684272763,0.290800005197525,-0.7407995180124289,-0.012521355120247381,0.3270126196986834
Bearing3_1,706,0.278281434765471,0.28986212611198425,-0.7425265843663861,-0.0122133460477171,0.3787248521738507
Bearing3_1,707,0.27867560110366574,0.2971480190753937,-0.7203011498982123,-0.01000915708094271,1.383576068039096
Bearing3_1,708,0.27906976744186046,0.29867643117904663,-0.7278964048736775,-0.007878602107260504,3.4990749216938015
Bearing3_1,709,0.2794639337800552,0.2888513207435608,-0.7270504473391914,-0.0049995108948922475,0.6935515067747614
Bearing3_1,710,0.2798581001182499,0.2858918607234955,-0.7297767102703607,-0.0028107047763899183,1.7302359391271884
Bearing3_1,711,0.28025226645644463,0.30212658643722534,-0.734511092114454,-0.0012796302318144668,3.898490248820386
Bearing3_1,712,0.28064643279463936,0.29374203085899353,-0.7418540192111627,-0.0003204593494952992,2.346933940426252
Bearing3_1,713,0.2810405991328341,0.292047381401062,-0.7328831131702659,0.0002892881538061271,0.3232949885604338
Bearing3_1,714,0.28143476547102875,0.29675379395484924,-0.7287177958200939,0.00027821289021579324,2.700948801647534
Bearing3_1,715,0.28182893180922347,0.3055078089237213,-0.7718416275445689,-0.0024050336303016095,4.618654202630148
Bearing3_1,716,0.2822230981474182,0.2667621970176697,-0.7212896800201773,-0.0020697709575446185,9.600390435658985
Bearing3_1,717,0.2826172644856129,0.2774733006954193,-0.7329177951266659,-0.0011444904999446106,4.857671329637965
Bearing3_1,718,0.28301143082380764,0.2776470184326172,-0.7093188253372745,0.0007145851929966832,0.2827366866890243
Bearing3_1,719,0.28340559716200237,0.2805561423301697,-0.6983513564268847,0.003003100849574635,0.7745750778064622
Bearing3_1,720,0.2837997635001971,0.2735863924026489,-0.6659914717940632,0.006527082491776336,0.5734086236168692
Bearing3_1,721,0.2841939298383918,0.27198562026023865,-0.6062835720296833,0.012219078804534385,1.2744478178580438
Bearing3_1,722,0.28458809617658654,0.28218531608581543,-0.6057808084070018,0.015894697143782114,3.546508780936441
Bearing3_1,723,0.28498226251478126,0.2741047143936157,-0.5970707546237233,0.01899409747630893,0.8768760470501622
Bearing3_1,724,0.285376428852976,0.2751508355140686,-0.5613624040114843,0.02267270344076882,0.4125637721948233
Bearing3_1,725,0.28577059519117065,0.2810157537460327,-0.5137768301728418,0.024043413841358035,3.3425400934840455
Bearing3_1,726,0.2861647615293654,0.2843882441520691,-0.5632107545689419,0.022959800050795447,0.3952248949500399
Bearing3_1,727,0.2865589278675601,0.2762910723686218,-0.5602280120400829,0.019347565446207922,0.44964170777130524
Bearing3_1,728,0.2869530942057548,0.2846657335758209,-0.562531257648826,0.015089754423629188,0.5407488617793524
Bearing3_1,729,0.28734726054394955,0.28470245003700256,-0.5724135141432866,0.009244832577942856,1.3403767057909028
Bearing3_1,730,0.28774142688214427,0.28791671991348267,-0.587113519549707,0.003228898597323535,0.3264439886819421
Bearing3_1,731,0.288135593220339,0.28327155113220215,-0.597042357596651,-0.00030417810755657384,0.6693205085645725
Bearing3_1,732,0.2885297595585337,0.2895258963108063,-0.6040012490259494,-0.004295327854135187,3.2460691950904126
Bearing3_1,733,0.28892392589672844,0.27777761220932007,-0.6254555936385088,-0.008897614744102136,0.7555383221537978
Bearing3_1,734,0.28931809223492316,0.2834840416908264,-0.6528817703282348,-0.01227125954584687,0.5655334046206959
Bearing3_1,735,0.28971225857311783,0.2851286828517914,-0.6576628319895821,-0.011623992287552554,1.1724418503125051
Bearing3_1,736,0.29010642491131255,0.2937297821044922,-0.6701755739698346,-0.01321076043862729,0.917866133849053
Bearing3_1,737,0.2905005912495073,0.28880593180656433,-0.6797642375627031,-0.013825153836469187,0.7431368731818941
Bearing3_1,738,0.290894757587702,0.2858392894268036,-0.6750373929865967,-0.012886345109862462,0.9164082232619116
Bearing3_1,739,0.2912889239258967,0.29174286127090454,-0.6650257111639493,-0.010696551015738747,0.8691728128496781
Bearing3_1,740,0.29168309026409145,0.28749772906303406,-0.6794707292677409,-0.009152095275332756,2.435727125755019
Bearing3_1,741,0.2920772566022862,0.29361382126808167,-0.7020648920143902,-0.008382489618564096,1.525196621177652
Bearing3_1,742,0.2924714229404809,0.2818940579891205,-0.6869495351613872,-0.0059793356297334855,0.5797719981974284
Bearing3_1,743,0.2928655892786756,0.27949392795562744,-0.6651770729856947,-0.00281344866445466,0.3732930619032745
Bearing3_1,744,0.29325975561687034,0.2944776117801666,-0.6522887552642438,-0.0002915018531125376,1.5000520166003044
Bearing3_1,745,0.293653921955065,0.29435980319976807,-0.6589460820777624,0.0015413925356570419,3.164592655331469
Bearing3_1,746,0.29404808829325974,0.2892124652862549,-0.6227726342919115,0.004528755824222018,3.3920465706665475
Bearing3_1,747,0.29444225463145446,0.29305633902549744,-0.609813934597936,0.00700913195138324,1.6634882376166076
Bearing3_1,748,0.2948364209696492,0.29217731952667236,-0.607626224033093,0.009076078257279147,0.5125714851094546
Bearing3_1,749,0.2952305873078439,0.2939240038394928,-0.6190914689346088,0.010367987945165798,2.24382578669372
Bearing3_1,750,0.29562475364603863,0.29028356075286865,-0.5896846936284355,0.0117441236582353,1.6651654665342166
Bearing3_1,751,0.29601891998423335,0.294341504573822,-0.5634491583155136,0.011956695470241436,1.8387925410143822
Bearing3_1,752,0.2964130863224281,0.29266026616096497,-0.5612656510165197,0.011615867425739836,1.9427841283428995
Bearing3_1,753,0.2968072526606228,0.29998770356178284,-0.5844468711624496,0.00993866564990195,2.570025878808676
Bearing3_1,754,0.2972014189988175,0.2956593334674835,-0.5995856250121017,0.007316386944625289,0.8435940346671311
Bearing3_1,755,0.2975955853370122,0.2987872362136841,-0.562390926447654,0.0056402623704216,2.2768096543815926
Bearing3_1,756,0.2979897516752069,0.30008000135421753,-0.6107781066653322,0.002566034720006024,5.17986975797603
Bearing3_1,757,0.29838391801340164,0.29297304153442383,-0.6279577608162135,-0.00072673987572688,1.492163219857103
Bearing3_1,758,0.29877808435159636,0.30255985260009766,-0.6494812779250372,-0.004827751958305756,0.6055908384906247
Bearing3_1,759,0.2991722506897911,0.29592689871788025,-0.6371423392938323,-0.008512746698169128,1.2723902863037684
Bearing3_1,760,0.2995664170279858,0.2789818346500397,-0.6411519988241203,-0.0102372000240097,0.8211109199470493
Bearing3_1,761,0.29996058336618053,0.27931657433509827,-0.639191839341865,-0.009481853748796887,1.175535187957192
Bearing3_1,762,0.30035474970437526,0.284819632768631,-0.6249639250559417,-0.006886779165008651,0.7801127870758455
Bearing3_1,763,0.30074891604257,0.2724916338920593,-0.5769639529471028,-0.0024468386693830527,0.8306713510732047
Bearing3_1,764,0.3011430823807647,0.28397464752197266,-0.5618640103757503,0.0017167827617898576,3.9883362124233495
Bearing3_1,765,0.3015372487189594,0.27167803049087524,-0.5294936696657667,0.009668474019181398,3.9868891766058185
Bearing3_1,766,0.3019314150571541,0.27154165506362915,-0.47964672295580646,0.01671452300039965,3.4271151254027514
Bearing3_1,767,0.3023255813953488,0.2777809798717499,-0.46054753951005145,0.022067564029696993,1.7201946923203948
Bearing3_1,768,0.30271974773354354,0.2666260302066803,-0.4280877550223766,0.02572702281402275,0.8365598188074803
Bearing3_1,769,0.30311391407173827,0.27588513493537903,-0.43425189634603817,0.02718929376334837,2.713804665125299
Bearing3_1,770,0.303508080409933,0.27840039134025574,-0.440372556853723,0.025591121771474486,0.1638009501028483
Bearing3_1,771,0.3039022467481277,0.27421849966049194,-0.45258935783322796,0.02102356591019738,1.7955182497177746
Bearing3_1,772,0.30429641308632244,0.2798720598220825,-0.4813064726705747,0.013576301325233983,2.2778518721858783
Bearing3_1,773,0.30469057942451716,0.2885898947715759,-0.5239981143440614,0.005259097427331881,0.7384534933563015
Bearing3_1,774,0.3050847457627119,0.2848193347454071,-0.5353953212084084,-0.0033151196263297863,0.9198899096155781
Bearing3_1,775,0.3054789121009066,0.28408151865005493,-0.561711278056136,-0.011487562390018198,2.3886734434291657
Bearing3_1,776,0.3058730784391013,0.2797086238861084,-0.5603847509845153,-0.015874002885616384,0.6396335190069287
Bearing3_1,777,0.306267244777296,0.2830451726913452,-0.5671231207697162,-0.018376069163675693,2.4932208383466756
Bearing3_1,778,0.3066614111154907,0.2863641083240509,-0.5995430873074417,-0.01919068639298213,1.8132499072973036
Bearing3_1,779,0.30705557745368545,0.2866020202636719,-0.6142423314154108,-0.01913977687660293,0.9068651414791812
Bearing3_1,780,0.30744974379188017,0.2813613712787628,-0.6279044328434049,-0.0180604146832403,0.25613197142663713
Bearing3_1,781,0.3078439101300749,0.2800619900226593,-0.6285530871952568,-0.015557773386616206,0.49639708825214984
Bearing3_1,782,0.3082380764682696,0.27577558159828186,-0.6369942576862965,-0.013297140204574613,3.0737125199965325
Bearing3_1,783,0.30863224280646434,0.2835429608821869,-0.6458554840703008,-0.012478831421520595,0.8416773722382721
Bearing3_1,784,0.30902640914465906,0.28884637355804443,-0.6492908337899589,-0.01113066011441967,0.25830304374743807
Bearing3_1,785,0.3094205754828538,0.29378437995910645,-0.7174347200406597,-0.01387327351288365,4.096434942507985
Bearing3_1,786,0.30981474182104846,0.2922619879245758,-0.7577197178853269,-0.01683725841949994,2.1366334969430896
Bearing3_1,787,0.3102089081592432,0.29208558797836304,-0.7689750447931518,-0.018472455907970836,0.5702772557085154
Bearing3_1,788,0.3106030744974379,0.28927043080329895,-0.7787795946350178,-0.020357088138532053,1.6808796972011548
Bearing3_1,789,0.3109972408356326,0.2860928773880005,-0.8028181142804194,-0.022360298231766742,2.3217947418037395
Bearing3_1,790,0.31139140717382735,0.282309889793396,-0.8075473957822332,-0.023246508831027142,1.9404863460981547
Bearing3_1,791,0.3117855735120221,0.27998998761177063,-0.7986819462219931,-0.021514902617866656,1.0966406830914242
Bearing3_1,792,0.3121797398502168,0.2846042811870575,-0.7742292615015988,-0.016950090312975348,1.6889935325293588
Bearing3_1,793,0.3125739061884115,0.2893398106098175,-0.7525243923262928,-0.010128669886967003,0.9554677555852157
Bearing3_1,794,0.31296807252660624,0.2798447012901306,-0.7377237188882833,-0.0014360068516384716,1.0271026288466905
Bearing3_1,795,0.31336223886480097,0.29090994596481323,-0.7027043744786502,0.005695790251118165,2.090028383148683
Bearing3_1,796,0.3137564052029957,0.28735506534576416,-0.712359486651742,0.009436728705552472,2.305505719845945
Bearing3_1,797,0.31415057154119036,0.290929913520813,-0.7275133456976428,0.011050916918372528,0.34514516654521077
Bearing3_1,798,0.3145447378793851,0.2893315553665161,-0.7284290890949986,0.011458952785569883,0.5463173095593687
Bearing3_1,799,0.3149389042175798,0.29200977087020874,-0.7318799265966887,0.009465884018254106,2.5118132999438094
Bearing3_1,800,0.31533307055577453,0.2895002067089081,-0.7641774534225781,0.004535989715663063,0.9762975910248075
Bearing3_1,801,0.31572723689396925,0.2961615025997162,-0.8113841254789692,-0.0029034802721654832,0.6546325921371141
Bearing3_1,802,0.316121403232164,0.29505783319473267,-0.8463437086662449,-0.010465691825128522,0.6522842076407137
Bearing3_1,803,0.3165155695703587,0.28781694173812866,-0.8726116697939412,-0.01713959546834374,0.3153543637967479
Bearing3_1,804,0.3169097359085534,0.29385480284690857,-0.8831800482430602,-0.021947641192096336,0.7333379514435879
Bearing3_1,805,0.31730390224674815,0.30167680978775024,-0.9021385197452976,-0.02369205537830118,2.9530966157905554
Bearing3_1,806,0.31769806858494287,0.2869618535041809,-0.8985785107220515,-0.023468577820030267,0.20446029932771922
Bearing3_1,807,0.31809223492313754,0.29624468088150024,-0.913946077954629,-0.022836388179683517,1.9336965925449494
Bearing3_1,808,0.31848640126133226,0.296450674533844,-0.9451307670781526,-0.021706440448237697,1.8285164494719546
Bearing3_1,809,0.318880567599527,0.30020925402641296,-0.9380941339844963,-0.0177960451938184,1.3503782251156513
Bearing3_1,810,0.3192747339377217,0.3122127056121826,-0.94872168365996,-0.01411893677205572,2.6920656863742845
Bearing3_1,811,0.31966890027591643,0.30226030945777893,-0.9281017001899435,-0.010227313689174197,2.6346381024394496
Bearing3_1,812,0.32006306661411116,0.2992405295372009,-0.9346245483787792,-0.007607362723490274,3.080307030576269
Bearing3_1,813,0.3204572329523059,0.2962825298309326,-0.9360681609071626,-0.0057472808834732715,0.5429130037917744
Bearing3_1,814,0.3208513992905006,0.30768170952796936,-0.9981764028675701,-0.007210310306229202,5.449519288038263
Bearing3_1,815,0.32124556562869533,0.30851271748542786,-1.024953305048341,-0.010003900922333792,0.7589172953655944
Bearing3_1,816,0.32163973196689005,0.30410587787628174,-1.0538866144421877,-0.012649674051667635,0.3023298471001107
Bearing3_1,817,0.3220338983050847,0.30772656202316284,-1.0340320184836762,-0.013354451232464976,2.9596886119726937
Bearing3_1,818,0.32242806464327944,0.30748799443244934,-1.012324020045896,-0.013498547888175304,1.6320030766169007
Bearing3_1,819,0.32282223098147417,0.3005739152431488,-0.9903686432240388,-0.01116150599017399,1.286057294446582
Bearing3_1,820,0.3232163973196689,0.3109680414199829,-1.0187327638173873,-0.010446470839391778,7.7445155802447045
Bearing3_1,821,0.3236105636578636,0.2945167124271393,-1.0157839671646163,-0.007347307516730932,5.765340198309281
Bearing3_1,822,0.32400472999605834,0.30899253487586975,-1.0030674164081304,-0.0029265553414608322,2.031774316723453
Bearing3_1,823,0.32439889633425306,0.31038206815719604,-1.033996289048501,0.0005405371034041064,3.987067698835262
Bearing3_1,824,0.3247930626724478,0.3109312951564789,-0.9723570286817671,0.004416229172625406,3.908843280929306
Bearing3_1,825,0.3251872290106425,0.2825050354003906,-0.899250034152732,0.010181486565490524,1.7565389266778402
Bearing3_1,826,0.32558139534883723,0.2836276590824127,-0.8400270363736398,0.015724525987981693,1.6489157948988278
Bearing3_1,827,0.3259755616870319,0.27706921100616455,-0.8059643099953782,0.02185693472447823,0.7212758832874466
Bearing3_1,828,0.3263697280252266,0.27473121881484985,-0.7447789506749048,0.03000946951990352,1.1761619015584426
Bearing3_1,829,0.32676389436342135,0.2837487757205963,-0.7324998900185534,0.03705249251051433,3.618066022172084
Bearing3_1,830,0.32715806070161607,0.2840152978897095,-0.6746337675337399,0.04223522622491616,3.184128267467536
Bearing3_1,831,0.3275522270398108,0.2876282036304474,-0.6695291732251649,0.043722081875017145,0.4471187297917079
Bearing3_1,832,0.3279463933780055,0.29031771421432495,-0.6540254442821487,0.04270533771257018,1.0882779224010386
Bearing3_1,833,0.32834055971620024,0.2774994373321533,-0.5957184873934881,0.038576236390740815,0.5864169224490007
Bearing3_1,834,0.32873472605439497,0.28533127903938293,-0.5999436034503235,0.033013500015654056,2.5396496928694763
Bearing3_1,835,0.3291288923925897,0.2867434024810791,-0.6182954984052248,0.026809448699733278,0.5032480988168313
Bearing3_1,836,0.3295230587307844,0.29599010944366455,-0.6699186856358181,0.018332277498961953,5.060790402142065
Bearing3_1,837,0.32991722506897914,0.286765456199646,-0.7040984617650737,0.008199683895293259,2.175281296659755
Bearing3_1,838,0.3303113914071738,0.28553953766822815,-0.7631849005377683,-0.00231151996831273,1.5010630558743776
Bearing3_1,839,0.33070555774536853,0.29404309391975403,-0.8082982808074884,-0.014241747198475619,2.1747789200197154
Bearing3_1,840,0.33109972408356325,0.29155397415161133,-0.815793951447868,-0.02180431931865425,0.620967636999939
Bearing3_1,841,0.331493890421758,0.2829269766807556,-0.8209313285476785,-0.02759577318838266,0.7306435858377309
Bearing3_1,842,0.3318880567599527,0.2955867350101471,-0.8454660781676255,-0.03185672655848269,2.8988135374915225
Bearing3_1,843,0.3322822230981474,0.29298707842826843,-0.8958210436149567,-0.03265669141633884,2.241546233831559
Bearing3_1,844,0.33267638943634215,0.3031004071235657,-0.910569112509968,-0.03090516405745168,1.2370712975668237
Bearing3_1,845,0.33307055577453687,0.2957087755203247,-0.9265600436183655,-0.027484171282565754,0.3204445102937238
Bearing3_1,846,0.3334647221127316,0.294928640127182,-0.8964549664690095,-0.02212608926383765,0.520838761551064
Bearing3_1,847,0.3338588884509263,0.29916897416114807,-0.8883063157687463,-0.01585629281755234,0.31348990654801306
Bearing3_1,848,0.334253054789121,0.295930951833725,-0.8691867311564522,-0.010249883383277016,0.5502996124747562
Bearing3_1,849,0.3346472211273157,0.29467642307281494,-0.8567831036788498,-0.005689600460705523,2.8366244388257438
Bearing3_1,850,0.33504138746551043,0.3020338714122772,-0.8443771466451802,-0.0003646455260032795,0.7894891642978422
Bearing3_1,851,0.33543555380370516,0.2903483808040619,-0.8515179144919307,0.004574784146128992,1.386995774491977
Bearing3_1,852,0.3358297201418999,0.29413241147994995,-0.8302681789956198,0.009408386821509051,0.5103021469875348
Bearing3_1,853,0.3362238864800946,0.29970380663871765,-0.8126254768501552,0.011663104048674119,2.6258060294374355
Bearing3_1,854,0.3366180528182893,0.30620986223220825,-0.8072192557447784,0.012221070358103823,0.2675635543851314
Bearing3_1,855,0.33701221915648405,0.31067413091659546,-0.8274676707022002,0.009355790059415052,2.3464705369489782
Bearing3_1,856,0.3374063854946788,0.3109690845012665,-0.860867255479049,0.0054745996990229265,1.7390716580057193
Bearing3_1,857,0.3378005518328735,0.2994135916233063,-0.8668348469018679,0.0013797815381314318,2.6871457645946792
Bearing3_1,858,0.33819471817106816,0.301129013299942,-0.8516835507780878,-0.0008742235432721897,1.9564938812448758
Bearing3_1,859,0.3385888845092629,0.2944395840167999,-0.8161997050879656,-0.0005779973961424957,0.8926022839656299
Bearing3_1,860,0.3389830508474576,0.3074823319911957,-0.8105149222798709,0.0003634516325717436,2.40099424309812
Bearing3_1,861,0.33937721718565234,0.30305835604667664,-0.7920821532954426,0.001423822029861617,0.2721866200983469
Bearing3_1,862,0.33977138352384706,0.30173882842063904,-0.7966171777522739,0.002933043020817929,2.3834548112149423
Bearing3_1,863,0.3401655498620418,0.31157246232032776,-0.7804451272249178,0.006092665077590147,0.6584324126468416
Bearing3_1,864,0.3405597162002365,0.29507991671562195,-0.7483397341351998,0.010973840290217704,1.5703970667540503
Bearing3_1,865,0.34095388253843123,0.3044685125350952,-0.7350712783834138,0.014515163951422704,4.258496919517213
Bearing3_1,866,0.34134804887662595,0.3127157390117645,-0.7150735731505847,0.015800676278764383,1.039567000618479
Bearing3_1,867,0.3417422152148207,0.3091951310634613,-0.7224863865328637,0.01451681775308517,0.30884795142284416
Bearing3_1,868,0.34213638155301535,0.31037676334381104,-0.8016539354916514,0.008175137384948275,5.460999021710754
Bearing3_1,869,0.34253054789121007,0.3073921501636505,-0.8550714005320122,0.0006789472389642562,1.7388887355804798
Bearing3_1,870,0.3429247142294048,0.3066338300704956,-0.8728391593377932,-0.006936235800806995,1.2362186653414116
Bearing3_1,871,0.3433188805675995,0.30278006196022034,-0.9008246807467015,-0.014093605263218366,1.0982231192195964
Bearing3_1,872,0.34371304690579424,0.31465500593185425,-0.8927470522293998,-0.019794620528459497,1.3662697208132342
Bearing3_1,873,0.34410721324398896,0.30746275186538696,-0.905894977603768,-0.02396944805802878,2.732748388066845
Bearing3_1,874,0.3445013795821837,0.30926525592803955,-0.927038161388533,-0.025636576371345258,0.8601054550924503
Bearing3_1,875,0.3448955459203784,0.3061559200286865,-0.9087174080143399,-0.023253785605000823,0.3847760328626737
Bearing3_1,876,0.34528971225857313,0.28671833872795105,-0.8821144093644575,-0.015981940264887213,0.9978053080567648
Bearing3_1,877,0.34568387859676786,0.27888596057891846,-0.8793693305137922,-0.007029813501266543,2.48187084759023
Bearing3_1,878,0.3460780449349626,0.29043224453926086,-0.816270041692132,0.0019878674975670548,0.7464873708408957
Bearing3_1,879,0.34647221127315725,0.2917165458202362,-0.8000438920691698,0.008506611790725817,2.9133947806008944
Bearing3_1,880,0.346866377611352,0.29075777530670166,-0.8024041213925296,0.013045098946311768,0.7150951796923672
Bearing3_1,881,0.3472605439495467,0.28916990756988525,-0.8105163848607713,0.014421639540669275,1.6920384680202885
Bearing3_1,882,0.3476547102877414,0.29361408948898315,-0.8408313931696089,0.013588496784353572,1.1133033445322507
Bearing3_1,883,0.34804887662593614,0.2866918444633484,-0.8395541487427793,0.011319212831697461,0.8429551262375315
Bearing3_1,884,0.34844304296413087,0.29480984807014465,-0.8518552591607081,0.006165282375309526,0.9127518491351384
Bearing3_1,885,0.3488372093023256,0.28887495398521423,-0.8717256895454115,0.00023758591406185895,1.032332072970584
Bearing3_1,886,0.3492313756405203,0.2852121591567993,-0.8768157221627995,-0.004642599912916973,1.288333201432226
Bearing3_1,887,0.34962554197871504,0.2903289496898651,-0.8767810653824404,-0.009402116624882264,1.8783617417307592
Bearing3_1,888,0.35001970831690976,0.28129076957702637,-0.8953357712501783,-0.010998461858266239,1.25497707718
Bearing3_1,889,0.35041387465510443,0.29095926880836487,-0.9039084156592455,-0.011022290089910385,1.9481875687805605
Bearing3_1,890,0.35080804099329915,0.29472535848617554,-0.9043185696722569,-0.009966875057881252,0.49071090380461674
Bearing3_1,891,0.3512022073314939,0.29829421639442444,-0.8905405159198926,-0.007465420739912267,0.39625840665264345
Bearing3_1,892,0.3515963736696886,0.2863311469554901,-0.8771738214648283,-0.005285885083660813,1.20732697974395
Bearing3_1,893,0.3519905400078833,0.29791128635406494,-0.8900348014464102,-0.003282193515583141,2.0986619444603516
Bearing3_1,894,0.35238470634607805,0.28388363122940063,-0.8785820888474138,-0.000861995861438727,1.9260534524470525
Bearing3_1,895,0.35277887268427277,0.29323989152908325,-0.898146907642716,-0.0005097039286036768,4.199582069403283
Bearing3_1,896,0.3531730390224675,0.3038112223148346,-0.9478727383492608,-0.0028888083530750606,1.7612501534568283
Bearing3_1,897,0.3535672053606622,0.2968643605709076,-0.9761647382884057,-0.005947505156306635,0.265096584612025
Bearing3_1,898,0.35396137169885694,0.29353687167167664,-0.97868952173067,-0.009176247230529514,1.5401858252972662
Bearing3_1,899,0.3543555380370516,0.29686206579208374,-1.0034515625539453,-0.013316807213529566,4.401314703071959
Bearing3_1,900,0.35474970437524633,0.29307663440704346,-1.0092750634194925,-0.01659577270043053,2.21791994824364
Bearing3_1,901,0.35514387071344106,0.2923271656036377,-0.9998261631496173,-0.01716860678612328,1.2865161720081797
Bearing3_1,902,0.3555380370516358,0.29459357261657715,-0.9946753133989269,-0.015244697955322873,1.4668341842159571
Bearing3_1,903,0.3559322033898305,0.29216986894607544,-0.973906730072877,-0.011621095463884621,0.582625148011586
Bearing3_1,904,0.3563263697280252,0.29263782501220703,-0.9715570495725832,-0.00608918497035826,0.1701555400068002
Bearing3_1,905,0.35672053606621995,0.29108357429504395,-0.9402696721260572,0.0009719577154150653,1.2983745739588994
Bearing3_1,906,0.3571147024044147,0.2983414828777313,-0.9133240604203664,0.006698384622678734,2.130880303799575
Bearing3_1,907,0.3575088687426094,0.30604642629623413,-0.9061463641730964,0.010511417051379056,1.8153236567160849
Bearing3_1,908,0.3579030350808041,0.29472216963768005,-0.9052149880219942,0.013358225354409031,0.8264322024432025
Bearing3_1,909,0.35829720141899885,0.2976210415363312,-0.8601425026733865,0.016122129728130454,0.5414519502076358
Bearing3_1,910,0.3586913677571935,0.3014225661754608,-0.8438578346054875,0.017648975818997065,0.8996663582967546
Bearing3_1,911,0.35908553409538824,0.3000211715698242,-0.856660146058112,0.0171023833781485,1.6661567677871472
Bearing3_1,912,0.35947970043358296,0.31070464849472046,-0.8911951469945351,0.013280107935159186,3.643625879512707
Bearing3_1,913,0.3598738667717777,0.29509586095809937,-0.8773645657466416,0.010342495007374757,4.286072317972229
Bearing3_1,914,0.3602680331099724,0.29781052470207214,-0.8923539006860686,0.005573719306232262,2.8804858419614363
Bearing3_1,915,0.36066219944816713,0.2953875660896301,-0.9049017817278383,0.001246300724864487,1.0033137874540738
Bearing3_1,916,0.36105636578636185,0.3008679449558258,-0.8816098715013524,-0.0004429776140515678,1.5411098664144558
Bearing3_1,917,0.3614505321245566,0.2926478087902069,-0.8517372440630124,-0.00040874123886457895,1.1796906071471878
Bearing3_1,918,0.3618446984627513,0.29851385951042175,-0.8462630843476135,-0.0006733270765227659,1.7483585855331745
Bearing3_1,919,0.362238864800946,0.28046584129333496,-0.8314582398753629,0.0021598878842201273,1.4394669778820386
Bearing3_1,920,0.3626330311391407,0.28282424807548523,-0.8210551272215838,0.006298501857295475,1.3045793529109777
Bearing3_1,921,0.3630271974773354,0.27698156237602234,-0.7811051733804071,0.011486320338394538,1.435791557193462
Bearing3_1,922,0.36342136381553014,0.2811777591705322,-0.7415025745030913,0.015616129330037712,3.6675883400594516
Bearing3_1,923,0.36381553015372486,0.27769744396209717,-0.745325865444349,0.018644978505151323,0.32968536148519934
Bearing3_1,924,0.3642096964919196,0.270892858505249,-0.7116222384839344,0.020912449242116143,0.8566581531259336
Bearing3_1,925,0.3646038628301143,0.2824154496192932,-0.6973455206565907,0.020931437825034645,2.859585917688806
Bearing3_1,926,0.36499802916830903,0.28782686591148376,-0.6877670702554292,0.02050984788649438,0.9879962030081876
Bearing3_1,927,0.36539219550650376,0.27790555357933044,-0.6884302286495753,0.019693984455727315,2.1554326420227623
Bearing3_1,928,0.3657863618446985,0.27995598316192627,-0.6775472169683636,0.017857204850253695,0.5914905996417109
Bearing3_1,929,0.3661805281828932,0.2781190276145935,-0.6770459018132285,0.014989718522552637,0.22360540980186358
Bearing3_1,930,0.3665746945210879,0.2767314016819,-0.6777917373613503,0.010903426395664944,1.4273832859065563
Bearing3_1,931,0.3669688608592826,0.27414724230766296,-0.7035600634145205,0.006338393529710255,1.2108111804952144
Bearing3_1,932,0.3673630271974773,0.2807753384113312,-0.7075587377642046,0.003255483685401282,1.5363135272767823
Bearing3_1,933,0.36775719353567204,0.29097217321395874,-0.7218459431731368,-0.001273054780192521,1.1035288753105832
Bearing3_1,934,0.36815135987386677,0.282684862613678,-0.7364921394235061,-0.004638173332035946,0.8304988633979958
Bearing3_1,935,0.3685455262120615,0.2832828462123871,-0.7281346871828381,-0.00629419631935855,0.7875988401838201
Bearing3_1,936,0.3689396925502562,0.28570687770843506,-0.7497472026714977,-0.008117318409303366,2.045393425592029
Bearing3_1,937,0.36933385888845094,0.2869341969490051,-0.7687224331095276,-0.01026838929588902,1.7759942038106575
Bearing3_1,938,0.36972802522664566,0.2868524193763733,-0.7956697869932254,-0.0121905428948386,1.4412959506946745
Bearing3_1,939,0.3701221915648404,0.28301575779914856,-0.8119883986722082,-0.013537592847452633,1.175645821451495
Bearing3_1,940,0.37051635790303505,0.2850366532802582,-0.8521564421520782,-0.015489682731158859,3.7154287773936545
Bearing3_1,941,0.3709105242412298,0.28433555364608765,-0.8568626924215753,-0.017302854005343205,2.4123791839811752
Bearing3_1,942,0.3713046905794245,0.28578829765319824,-0.8471820270562012,-0.016996353591915717,0.5868585763870533
Bearing3_1,943,0.3716988569176192,0.29150405526161194,-0.840100687215366,-0.015563675132104864,1.3504962760828678
Bearing3_1,944,0.37209302325581395,0.2881790101528168,-0.8744799585158145,-0.015549251898800924,3.3187116503292633
Bearing3_1,945,0.37248718959400867,0.2774077355861664,-0.8756944509348044,-0.01337133059846028,2.659464258561037
Bearing3_1,946,0.3728813559322034,0.290897011756897,-0.8802883223836998,-0.01109621527334014,2.3351162717166165
Bearing3_1,947,0.3732755222703981,0.2897213399410248,-0.882788895197509,-0.008640193588936406,1.6887634651491608
Bearing3_1,948,0.37366968860859284,0.29348456859588623,-0.8569568167409954,-0.005189015919296859,1.6279372957012663
Bearing3_1,949,0.37406385494678757,0.289802610874176,-0.8534074580841938,-0.0018892712257909826,1.1799050852622797
Bearing3_1,950,0.3744580212849823,0.2912321984767914,-0.8223672374731323,0.0009277560498055268,1.00493727112303
Bearing3_1,951,0.37485218762317696,0.28301671147346497,-0.8354700134096227,0.0023552551693367453,2.091438205881767
Bearing3_1,952,0.3752463539613717,0.28440532088279724,-0.8619868647204683,0.002722453071883722,1.4327395813892587
Bearing3_1,953,0.3756405202995664,0.28880882263183594,-0.8724208836590325,0.0031720645691618683,0.47601824145169247
Bearing3_1,954,0.37603468663776113,0.286865770816803,-0.8573824896431068,0.00254176064053535,0.905431997708378
Bearing3_1,955,0.37642885297595585,0.2828637361526489,-0.8714092803215558,0.0008581508303309837,0.38985341879184077
Bearing3_1,956,0.3768230193141506,0.28487294912338257,-0.875001058664701,-0.0013795737207985554,1.3613011454401116
Bearing3_1,957,0.3772171856523453,0.28261154890060425,-0.8649534098317619,-0.0033000375985550484,0.35925065419911
Bearing3_1,958,0.37761135199054,0.2841055989265442,-0.8732558485775238,-0.004167410909170339,0.5508178298196618
Bearing3_1,959,0.37800551832873475,0.29203665256500244,-0.8978548785773299,-0.005942361559787935,2.6759056530132574
Bearing3_1,960,0.37839968466692947,0.28848379850387573,-0.9061758562509896,-0.005563079067102432,0.6520945592019001
Bearing3_1,961,0.37879385100512414,0.28751012682914734,-0.903007094843763,-0.004868611393087471,0.8896333461420938
Bearing3_1,962,0.37918801734331886,0.2784574329853058,-0.8797001519441492,-0.0038520147218270356,0.6966786630671389
Bearing3_1,963,0.3795821836815136,0.2821686267852783,-0.8803735088252014,-0.0033530413584836566,2.051265424022039
Bearing3_1,964,0.3799763500197083,0.29192793369293213,-0.895719515070042,-0.002592167823601159,2.29777017563633
Bearing3_1,965,0.38037051635790303,0.2843697667121887,-0.9114054095864301,-0.00315731669633419,0.39283555720276536
Bearing3_1,966,0.38076468269609776,0.28040409088134766,-0.9132837948330463,-0.003579573268851428,0.4294581982342266
Bearing3_1,967,0.3811588490342925,0.2895544469356537,-0.9160147735943831,-0.003016915898053578,0.37323601650777455
Bearing3_1,968,0.3815530153724872,0.29575249552726746,-0.9251885262227919,-0.002889215329278864,1.0043424275113315
Bearing3_1,969,0.3819471817106819,0.2918354272842407,-0.9338810146248708,-0.004246098823086219,2.6729982550709273
Bearing3_1,970,0.38234134804887665,0.28987595438957214,-0.930255499961049,-0.005523278379564955,1.9043255370454684
Bearing3_1,971,0.3827355143870713,0.28367745876312256,-0.9570299053988067,-0.007757754821135861,3.9239223747630416
Bearing3_1,972,0.38312968072526604,0.2902348041534424,-0.9906399235405112,-0.009616886840097686,0.6294258819391009
Bearing3_1,973,0.38352384706346077,0.2842227518558502,-1.0016822716527782,-0.010778494710630741,0.38373211784000927
Bearing3_1,974,0.3839180134016555,0.28484195470809937,-0.9800006844782125,-0.010310128390054716,1.0307104750998264
Bearing3_1,975,0.3843121797398502,0.28527700901031494,-0.9559059561833191,-0.008551640531356796,0.3440006756186345
Bearing3_1,976,0.38470634607804494,0.2946973741054535,-0.9790602187259015,-0.007641937566005801,4.6567925853935
Bearing3_1,977,0.38510051241623966,0.28408104181289673,-0.9932069843920065,-0.006888651628436251,0.6335889700417698
Bearing3_1,978,0.3854946787544344,0.2828224003314972,-1.00482032835832,-0.006444741163679252,0.7445447472568394
Bearing3_1,979,0.3858888450926291,0.2831451892852783,-0.9986404446945765,-0.005278011396971472,0.9022020025542508
Bearing3_1,980,0.38628301143082383,0.29527753591537476,-0.9864732629990082,-0.0024209534078299543,2.4382168822563552
Bearing3_1,981,0.3866771777690185,0.2871100902557373,-0.9735317509800454,3.847230513730717e-05,3.8059981331855037
Bearing3_1,982,0.3870713441072132,0.27678507566452026,-0.9470911089858316,0.0018994693487206424,1.3940616089014202
Bearing3_1,983,0.38746551044540795,0.2674272656440735,-0.9208153167509245,0.003929670463636506,0.4604896990473513
Bearing3_1,984,0.38785967678360267,0.2725161910057068,-0.9042807767765174,0.007326989208165578,0.26384488605787276
Bearing3_1,985,0.3882538431217974,0.27353864908218384,-0.8976986409855725,0.011771831697900359,0.972765616719185
Bearing3_1,986,0.3886480094599921,0.27893808484077454,-0.8745891709829685,0.015228030015874748,3.1050665551615144
Bearing3_1,987,0.38904217579818684,0.2697913646697998,-0.831530009038039,0.01882347645319063,2.536978648301339
Bearing3_1,988,0.38943634213638156,0.2824360132217407,-0.7939436330574006,0.0217351450086178,1.2290594210612102
Bearing3_1,989,0.3898305084745763,0.2807167172431946,-0.7881904992587428,0.02281653195124047,4.022300695174362
Bearing3_1,990,0.390224674812771,0.27656322717666626,-0.7854102642259778,0.022309805094314475,2.1414387621922355
Bearing3_1,991,0.39061884115096573,0.2797626256942749,-0.7634909404645687,0.021424317925359464,1.9237310291058494
Bearing3_1,992,0.3910130074891604,0.2788861095905304,-0.7572658711283973,0.020095140240834395,0.3640383500950411
Bearing3_1,993,0.3914071738273551,0.27285686135292053,-0.758991916530154,0.01812262213360205,0.7588961115658329
Bearing3_1,994,0.39180134016554985,0.273160457611084,-0.7850854311783768,0.013867628313902623,2.3828963635084723
Bearing3_1,995,0.3921955065037446,0.27372539043426514,-0.7978861592982769,0.00790842994526387,0.4376927875070647
Bearing3_1,996,0.3925896728419393,0.2773447036743164,-0.8120673659180244,0.0015064942861786053,3.194216784949168
Bearing3_1,997,0.392983839180134,0.27166903018951416,-0.8421751873205725,-0.0044249154417466355,0.9987353208682491
Bearing3_1,998,0.39337800551832874,0.2814675271511078,-0.8634636099600422,-0.008882720996357563,0.46206327192399127
Bearing3_1,999,0.39377217185652347,0.276670902967453,-0.863213892306795,-0.01210069694812156,1.9140746108513982
Bearing3_1,1000,0.3941663381947182,0.2787109613418579,-0.8863539851272357,-0.01548613631762766,0.42790329475975025
Bearing3_1,1001,0.3945605045329129,0.2772520184516907,-0.908533293795634,-0.01739650765584629,1.8042513811743155
Bearing3_1,1002,0.3949546708711076,0.2819385528564453,-0.9226504723452521,-0.017903813161256117,0.5084758142923765
Bearing3_1,1003,0.3953488372093023,0.2778703272342682,-0.9194029452741566,-0.01634438868694324,1.1551590127041824
Bearing3_1,1004,0.39574300354749703,0.2870268225669861,-0.9240716520586387,-0.014834812483556335,3.2028293510408945
Bearing3_1,1005,0.39613716988569175,0.27784377336502075,-0.9460063177788332,-0.013690373001624748,1.4779353753301012
Bearing3_1,1006,0.3965313362238865,0.28768593072891235,-0.9264951446008682,-0.010631705624265438,1.2367273279754454
Bearing3_1,1007,0.3969255025620812,0.2854306995868683,-0.9297232274775886,-0.008369300210256581,1.4357245484974808
Bearing3_1,1008,0.3973196689002759,0.27801913022994995,-0.92521855984149,-0.0062192254628855885,0.5513712487309363
Bearing3_1,1009,0.39771383523847065,0.2764182984828949,-0.9162772499061388,-0.0028162502102614066,1.4549671075935247
Bearing3_1,1010,0.39810800157666537,0.27091196179389954,-0.9094840659072092,5.778171002462951e-05,0.5662324071528828
Bearing3_1,1011,0.3985021679148601,0.2723095417022705,-0.8918510758373099,0.002695357126290422,0.7557093640503878
Bearing3_1,1012,0.39889633425305476,0.2862356901168823,-0.8687887415075025,0.005447524112288452,1.0645311971681848
Bearing3_1,1013,0.3992905005912495,0.27642714977264404,-0.8772446192029415,0.0073020937458477,2.011280341942987
Bearing3_1,1014,0.3996846669294442,0.2828425467014313,-0.8641631066560411,0.009047943295469794,1.1346173900892378
Bearing3_1,1015,0.40007883326763893,0.2775309085845947,-0.854658891105316,0.00912372936769305,1.7718897011720174
Bearing3_1,1016,0.40047299960583366,0.2869061529636383,-0.8507737246096723,0.00960493695550039,0.5383093303700319
Bearing3_1,1017,0.4008671659440284,0.28749680519104004,-0.8491687825310128,0.009040645919559965,1.5869837933874236
Bearing3_1,1018,0.4012613322822231,0.28124886751174927,-0.8507883321720155,0.007711909473528075,0.35330435532008503
Bearing3_1,1019,0.40165549862041783,0.27901187539100647,-0.8423127184612186,0.0065393819811148945,0.5112614211010635
Bearing3_1,1020,0.40204966495861255,0.2811295688152313,-0.8293641539589511,0.005629478983361062,0.3079226216768857
Bearing3_1,1021,0.4024438312968073,0.2790798842906952,-0.8225527341163797,0.005295490200489158,1.3425669975383419
Bearing3_1,1022,0.40283799763500194,0.28005489706993103,-0.8315801717023774,0.005166604786781146,0.6999815128916622
Bearing3_1,1023,0.40323216397319667,0.27665993571281433,-0.806370363448824,0.005398061676236177,1.349098019578734
Bearing3_1,1024,0.4036263303113914,0.27801060676574707,-0.8247681848114962,0.004639019985349506,5.489665668723213
Bearing3_1,1025,0.4040204966495861,0.2810326814651489,-0.8098090449485952,0.004852031543765837,1.555777604801192
Bearing3_1,1026,0.40441466298778084,0.2787480056285858,-0.8168115989432921,0.004398462212402573,1.7185265152341378
Bearing3_1,1027,0.40480882932597556,0.2861000895500183,-0.8327969563442318,0.002768298304821351,2.4755106788666077
Bearing3_1,1028,0.4052029956641703,0.2807788848876953,-0.823372709139013,0.0013457678907090828,2.6144381864580453
Bearing3_1,1029,0.405597162002365,0.28728529810905457,-0.835787519818983,-0.0005212036832029993,2.6949049441417143
Bearing3_1,1030,0.40599132834055973,0.2825520634651184,-0.857257326244698,-0.00277511129099971,0.9865623049181051
Bearing3_1,1031,0.40638549467875446,0.279400110244751,-0.862961357398385,-0.004547954156635233,0.39323214056387756
Bearing3_1,1032,0.4067796610169492,0.2790764272212982,-0.8884067691773554,-0.00782075625192347,2.5408219050295684
Bearing3_1,1033,0.40717382735514385,0.2849580645561218,-0.9400184690054474,-0.011539280848507366,1.4066664097790453
Bearing3_1,1034,0.40756799369333857,0.2827683091163635,-0.9023472218707541,-0.012809554533963432,3.627396197338221
Bearing3_1,1035,0.4079621600315333,0.27706098556518555,-0.8835317086741888,-0.01111589954439214,0.6509090207345398
Bearing3_1,1036,0.408356326369728,0.2782711386680603,-0.8575262661148499,-0.007576994757587084,1.0747973568401012
Bearing3_1,1037,0.40875049270792274,0.2741696536540985,-0.8032426294800565,-0.0016493437123219058,0.48755106034346796
Bearing3_1,1038,0.40914465904611746,0.2729775905609131,-0.776328016213742,0.0060164260294638,0.34454296832053893
Bearing3_1,1039,0.4095388253843122,0.27864664793014526,-0.7549820918681039,0.013448626169919386,3.204109430857932
Bearing3_1,1040,0.4099329917225069,0.2742704451084137,-0.7196861538828495,0.020395279130269926,0.6844821374994555
Bearing3_1,1041,0.41032715806070164,0.27256470918655396,-0.7044228709313572,0.02612667669152456,1.9789576351034546
Bearing3_1,1042,0.41072132439889636,0.27394899725914,-0.6408805142049944,0.03170598157420063,2.4973625540697633
Bearing3_1,1043,0.411115490737091,0.27542489767074585,-0.5756005085137638,0.03440491580940604,1.1318397350629539
Bearing3_1,1044,0.41150965707528575,0.2775152921676636,-0.5693093658525177,0.03554123235642645,2.4905108206157722
Bearing3_1,1045,0.4119038234134805,0.2785305976867676,-0.5724407566578492,0.03372429081785752,1.3339701464316016
Bearing3_1,1046,0.4122979897516752,0.2762603759765625,-0.5740307068452848,0.02978352147585301,1.1392149660968056
Bearing3_1,1047,0.4126921560898699,0.2812020182609558,-0.586786892696709,0.025329559477974436,0.7671271806820341
Bearing3_1,1048,0.41308632242806465,0.2779923677444458,-0.6112896249468924,0.01870968646258746,1.370386041120584
Bearing3_1,1049,0.41348048876625937,0.27678436040878296,-0.6220976071687128,0.010922883418545555,1.8822738929531682
Bearing3_1,1050,0.4138746551044541,0.2831266224384308,-0.6376417400184057,0.0030305600883932266,0.30399440973982084
Bearing3_1,1051,0.4142688214426488,0.27704301476478577,-0.6516273793458619,-0.0056015418430292755,1.6302749311479363
Bearing3_1,1052,0.41466298778084354,0.27267909049987793,-0.6739317413310582,-0.011854033574741265,1.4839388767544759
Bearing3_1,1053,0.4150571541190382,0.2766284644603729,-0.6779055525332573,-0.013570657330478277,0.8213015741449021
Bearing3_1,1054,0.41545132045723293,0.27647626399993896,-0.6876894655636202,-0.01416147841930966,2.9221152143495663
Bearing3_1,1055,0.41584548679542765,0.27400559186935425,-0.6985664016429427,-0.01411943601814313,1.5528196674671462
Bearing3_1,1056,0.4162396531336224,0.27717283368110657,-0.7016955984108739,-0.012825278059418938,0.312154792853554
Bearing3_1,1057,0.4166338194718171,0.2749387323856354,-0.7168736299286413,-0.011661971887933501,1.96778868097405
Bearing3_1,1058,0.4170279858100118,0.2739712595939636,-0.7282927395299771,-0.011178232787358211,0.9894979269734705
Bearing3_1,1059,0.41742215214820655,0.27930933237075806,-0.7168911082907344,-0.009374899105696081,0.6204796552861469
Bearing3_1,1060,0.4178163184864013,0.2741963267326355,-0.7219344503698683,-0.007733920198668997,1.5811992959938166
Bearing3_1,1061,0.418210484824596,0.27214938402175903,-0.7051778951761636,-0.005089593504707072,0.5399278481037325
Bearing3_1,1062,0.4186046511627907,0.2816774249076843,-0.7213690801907096,-0.004166282661093446,1.889153033340975
Bearing3_1,1063,0.41899881750098544,0.2757463753223419,-0.7455968345536079,-0.004254408391849356,0.17262423842825508
Bearing3_1,1064,0.4193929838391801,0.27831727266311646,-0.7690940991657874,-0.005455963582016817,2.8779588723756526
Bearing3_1,1065,0.41978715017737483,0.2784108519554138,-0.7934199214956706,-0.007722788048773138,1.5227434491613636
Bearing3_1,1066,0.42018131651556956,0.2772195339202881,-0.825298226672938,-0.010787302644845783,0.9328080044338887
Bearing3_1,1067,0.4205754828537643,0.2790576219558716,-0.8262225372373923,-0.013415889272745112,1.1412907270336652
Bearing3_1,1068,0.420969649191959,0.281704306602478,-0.8253685192428586,-0.015433725773652847,0.8303932586988885
Bearing3_1,1069,0.42136381553015373,0.2828178405761719,-0.8597627933057564,-0.017390828720067548,3.3032596713317752
Bearing3_1,1070,0.42175798186834845,0.2806645929813385,-0.8702453116141605,-0.018524150197488702,1.2454979239561934
Bearing3_1,1071,0.4221521482065432,0.28317970037460327,-0.9144092793674033,-0.019151604281939245,2.886799494329499
Bearing3_1,1072,0.4225463145447379,0.2907826602458954,-0.9339495097520777,-0.019388163458750975,0.6724614311837979
Bearing3_1,1073,0.4229404808829326,0.28149712085723877,-0.9527329213272189,-0.01968772350250462,0.2662111542071875
Bearing3_1,1074,0.4233346472211273,0.2799200117588043,-0.9423477601357956,-0.01847656407028216,0.23297606676932534
Bearing3_1,1075,0.423728813559322,0.2857070863246918,-0.9388257613766768,-0.016594972728099885,2.098864102027214
Bearing3_1,1076,0.42412297989751674,0.28653672337532043,-0.9222407371315866,-0.014171469016112256,0.5368929073432542
Bearing3_1,1077,0.42451714623571146,0.28270962834358215,-0.9212362773734736,-0.01057973656151058,0.46401708457735774
Bearing3_1,1078,0.4249113125739062,0.27399227023124695,-0.8965369642254848,-0.004432152612703254,1.6478317123745387
Bearing3_1,1079,0.4253054789121009,0.2795044481754303,-0.8571322052803451,0.002434478037798819,1.6479855935075236
Bearing3_1,1080,0.42569964525029563,0.27823808789253235,-0.8343684797013615,0.009812045977801402,0.8818764295528967
Bearing3_1,1081,0.42609381158849036,0.285641610622406,-0.785654447921388,0.016467607717249394,0.399759453867813
Bearing3_1,1082,0.4264879779266851,0.2837165296077728,-0.7568449519774191,0.021831249858953582,1.4026266528785483
Bearing3_1,1083,0.4268821442648798,0.2837039828300476,-0.7220397323198396,0.025694409176671977,0.6565213447526377
Bearing3_1,1084,0.42727631060307447,0.2878512144088745,-0.6965520431000559,0.028843869088747653,0.9361425985280842
Bearing3_1,1085,0.4276704769412692,0.2836229205131531,-0.6676305723514336,0.030826321661528953,1.8124070812225228
Bearing3_1,1086,0.4280646432794639,0.2785649597644806,-0.6253873099155831,0.03293140605593547,1.742710619929128
Bearing3_1,1087,0.42845880961765864,0.2834354341030121,-0.6177235891074225,0.031923252209012785,3.817462780472409
Bearing3_1,1088,0.42885297595585337,0.27785512804985046,-0.6079715480631349,0.029414707074177152,1.775239884531319
Bearing3_1,1089,0.4292471422940481,0.2788360118865967,-0.5921682113402689,0.026897383433751396,0.9317543461205328
Bearing3_1,1090,0.4296413086322428,0.2781027555465698,-0.5904488896982842,0.022779737904031882,2.362322556604276
Bearing3_1,1091,0.43003547497043754,0.27628105878829956,-0.5812295277359114,0.019455967690887567,0.49518690868833115
Bearing3_1,1092,0.43042964130863226,0.27877750992774963,-0.543402725321249,0.017638232851953362,1.6126659761711797
Bearing3_1,1093,0.430823807646827,0.2875322997570038,-0.5527340425762381,0.01504468654408662,4.0560484368524445
Bearing3_1,1094,0.43121797398502165,0.2797657549381256,-0.5483013000118574,0.0123399152968856,0.5272638645926491
Bearing3_1,1095,0.4316121403232164,0.2788083255290985,-0.5424771040625196,0.01008394681091178,1.6889744231076156
Bearing3_1,1096,0.4320063066614111,0.2775759994983673,-0.5375260792029122,0.009397239985259143,1.6512362067219528
Bearing3_1,1097,0.4324004729996058,0.28552213311195374,-0.4980804868710959,0.010308041029005116,0.46068239619325235
Bearing3_1,1098,0.43279463933780055,0.2841447591781616,-0.5187552725299921,0.009291043139929542,4.278572875697046
Bearing3_1,1099,0.43318880567599527,0.2911299765110016,-0.5498611804667972,0.006549505744514543,2.078657145732536
Bearing3_1,1100,0.43358297201419,0.28238794207572937,-0.5444487835691054,0.003704998945427507,1.414219785882701
Bearing3_1,1101,0.4339771383523847,0.2802640497684479,-0.561768976082197,-2.7198540266080354e-05,1.819040690684905
Bearing3_1,1102,0.43437130469057944,0.2833269238471985,-0.5997662927827678,-0.0035460755838462115,0.611368044131198
Bearing3_1,1103,0.43476547102877416,0.28372180461883545,-0.6157465441135013,-0.00787549575990176,2.029378975851914
Bearing3_1,1104,0.4351596373669689,0.2825769782066345,-0.5936660108838365,-0.009941219145959143,4.389833460760908
Bearing3_1,1105,0.43555380370516356,0.2791350483894348,-0.6042180858449404,-0.011644355243915078,4.936008895435822
Bearing3_1,1106,0.4359479700433583,0.28367453813552856,-0.6258718239076898,-0.013450160466381445,0.6388572616085494
Bearing3_1,1107,0.436342136381553,0.268037885427475,-0.6295550371062342,-0.01175630455992275,1.415119437343192
Bearing3_1,1108,0.4367363027197477,0.2738911509513855,-0.608333750730335,-0.008689612074036719,1.7272382743110974
Bearing3_1,1109,0.43713046905794245,0.2764349579811096,-0.5641112049644069,-0.004198708188216247,0.39850841534303016
Bearing3_1,1110,0.4375246353961372,0.27491816878318787,-0.5434166613508024,0.001954543015133134,1.09330470607855
Bearing3_1,1111,0.4379188017343319,0.27196168899536133,-0.5063804858434581,0.00896075917294,0.29396438343230735
Bearing3_1,1112,0.4383129680725266,0.27878472208976746,-0.483318010557592,0.014020398442195579,1.9237285147082517
Bearing3_1,1113,0.43870713441072134,0.27041658759117126,-0.4338743333484131,0.01930012114050686,0.7422601655994829
Bearing3_1,1114,0.43910130074891607,0.28271517157554626,-0.441568290227689,0.023427697366591792,1.4094289784197427
Bearing3_1,1115,0.43949546708711074,0.2826904058456421,-0.40959095373538573,0.026752411547502738,1.2266672231866682
Bearing3_1,1116,0.43988963342530546,0.2698054909706116,-0.380107724946388,0.02788260255381748,0.440540688516237
Bearing3_1,1117,0.4402837997635002,0.28017789125442505,-0.3782436805881647,0.02588996238508627,1.4093833421033426
Bearing3_1,1118,0.4406779661016949,0.2758976221084595,-0.35716764012953106,0.02341547858742448,0.4102641041518802
Bearing3_1,1119,0.44107213243988963,0.2718160152435303,-0.3570601341834316,0.0208505907639354,1.8425257928477081
Bearing3_1,1120,0.44146629877808435,0.278947114944458,-0.3567035652686716,0.017175078446025345,1.0683743281765343
Bearing3_1,1121,0.4418604651162791,0.2766745984554291,-0.3586978254577836,0.01359667762335479,0.514427299116447
Bearing3_1,1122,0.4422546314544738,0.2815055847167969,-0.3448787152802938,0.010519451945960514,0.4663011004952546
Bearing3_1,1123,0.4426487977926685,0.27687880396842957,-0.35854615283749325,0.008314922757848522,2.1187910801493777
Bearing3_1,1124,0.44304296413086325,0.27468788623809814,-0.34955520980448607,0.005174809330967982,0.9864355164192363
Bearing3_1,1125,0.4434371304690579,0.27537089586257935,-0.32539856408166173,0.004368843492416832,0.5576200296409761
Bearing3_1,1126,0.44383129680725264,0.28063181042671204,-0.3317376142010596,0.0041621460556653545,2.7399551544616445
Bearing3_1,1127,0.44422546314544736,0.26794615387916565,-0.3165762216557595,0.004320398918050243,0.81463370601525
Bearing3_1,1128,0.4446196294836421,0.2841375172138214,-0.33931246948198346,0.0038960778213087337,3.636486498973529
Bearing3_1,1129,0.4450137958218368,0.2764405310153961,-0.34051394224153314,0.0031969625989675377,0.44803353049772565
Bearing3_1,1130,0.44540796216003153,0.279147207736969,-0.3622869952311015,0.001133437663126025,3.140956563592918
Bearing3_1,1131,0.44580212849822626,0.27847808599472046,-0.3494642881583924,-0.00029593962726694574,3.164295956414929
Bearing3_1,1132,0.446196294836421,0.28403735160827637,-0.33685565763334957,-0.00022822108687815064,0.5031996966630738
Bearing3_1,1133,0.4465904611746157,0.28501152992248535,-0.3645638091616966,-0.0026802679536299975,6.04585946918678
Bearing3_1,1134,0.44698462751281043,0.2842983305454254,-0.389887714563801,-0.005841281260427019,1.0191472634270875
Bearing3_1,1135,0.4473787938510051,0.29000312089920044,-0.44023759947758967,-0.009649330032402223,1.9226992460515944
Bearing3_1,1136,0.4477729601891998,0.2826082408428192,-0.4798983554662136,-0.014651307800857044,1.7992447126775863
Bearing3_1,1137,0.44816712652739454,0.2798842489719391,-0.5386447827631108,-0.020050988873211655,1.3519640556805805
Bearing3_1,1138,0.44856129286558927,0.2778359651565552,-0.5450342740409446,-0.02462319737207696,1.782227144015831
Bearing3_1,1139,0.448955459203784,0.28019917011260986,-0.5570472337860525,-0.027437158773627693,0.6386250569903931
Bearing3_1,1140,0.4493496255419787,0.28450438380241394,-0.5692984563624981,-0.029746259587204022,3.320365621069093
Bearing3_1,1141,0.44974379188017344,0.27728864550590515,-0.6144740709590506,-0.031155407863243268,0.2625995992175949
Bearing3_1,1142,0.45013795821836816,0.2812507748603821,-0.6669866183792614,-0.03137606174779833,1.1062553623457518
Bearing3_1,1143,0.4505321245565629,0.28506046533584595,-0.661123977116606,-0.029122557898753954,0.3309987256404375
Bearing3_1,1144,0.4509262908947576,0.2844735085964203,-0.6744449854069223,-0.025689246159565197,0.9108647937379933
Bearing3_1,1145,0.45132045723295233,0.28411993384361267,-0.68721466520604,-0.022859942363149116,1.872232017546975
Bearing3_1,1146,0.451714623571147,0.2833576500415802,-0.6953044044324412,-0.020122286066463792,1.2254482432312575
Bearing3_1,1147,0.4521087899093417,0.2882767915725708,-0.6956312788311939,-0.018707905357185663,0.5370878988769632
Bearing3_1,1148,0.45250295624753645,0.2805788516998291,-0.7062711962080315,-0.016396983243735074,0.6350432347523944
Bearing3_1,1149,0.45289712258573117,0.2802453935146332,-0.7296008701511647,-0.014205065847558495,1.468599291329609
Bearing3_1,1150,0.4532912889239259,0.2750515341758728,-0.7208145255240975,-0.010259082233000538,0.4204604264305178
Bearing3_1,1151,0.4536854552621206,0.2812810242176056,-0.7334019784324083,-0.008174836184586068,2.3524937763944958
Bearing3_1,1152,0.45407962160031534,0.27774301171302795,-0.7363642888331204,-0.00831145680454744,0.32983697966034636
Bearing3_1,1153,0.45447378793851007,0.2836143374443054,-0.763194284520414,-0.00867974752383435,2.6253592209843073
Bearing3_1,1154,0.4548679542767048,0.27976077795028687,-0.7917939559525073,-0.010258871693270978,1.111923317410701
Bearing3_1,1155,0.4552621206148995,0.2790125012397766,-0.8035451278989919,-0.011907869100389339,0.37259245644261896
Bearing3_1,1156,0.4556562869530942,0.28317248821258545,-0.7875032129329619,-0.011811102697872788,1.6192147247146362
Bearing3_1,1157,0.4560504532912889,0.2805270850658417,-0.7771315780544736,-0.010052841067955289,0.9163339856728367
Bearing3_1,1158,0.45644461962948363,0.2806827425956726,-0.7878206670371632,-0.008599066065570276,1.5168652904572388
Bearing3_1,1159,0.45683878596767835,0.2857608497142792,-0.797751444717086,-0.00825380300764288,1.374819301245136
Bearing3_1,1160,0.4572329523058731,0.28140318393707275,-0.8018037590305218,-0.006717751396935733,0.7768193662423138
Bearing3_1,1161,0.4576271186440678,0.2803230285644531,-0.8037597144527497,-0.00514586411215962,2.2478794985008848
Bearing3_1,1162,0.4580212849822625,0.28282952308654785,-0.8040350235914431,-0.002933660006870725,0.27693653717037114
Bearing3_1,1163,0.45841545132045725,0.2886561453342438,-0.7887140247491973,-0.0008541801043901463,1.059566519111339
Bearing3_1,1164,0.45880961765865197,0.28550559282302856,-0.7694185714785421,0.0006804644898506555,0.6920188557190257
Bearing3_1,1165,0.4592037839968467,0.2835727334022522,-0.7632543024511835,0.001496713695527617,1.5623522516399058
Bearing3_1,1166,0.45959795033504136,0.2875598669052124,-0.7841396965983521,0.001754846940030009,1.366599358338305
Bearing3_1,1167,0.4599921166732361,0.2881242632865906,-0.8091112633771644,0.001301567154137495,1.342958992123838
Bearing3_1,1168,0.4603862830114308,0.27716246247291565,-0.8051178710923871,0.0007411353827831152,1.470522679772042
Bearing3_1,1169,0.46078044934962553,0.28731095790863037,-0.8072318327957761,-0.000386992156445232,1.9558748365562986
Bearing3_1,1170,0.46117461568782026,0.2797025442123413,-0.8378247023055254,-0.0033390621616018017,2.140342484839597
Bearing3_1,1171,0.461568782026015,0.28821343183517456,-0.8649283474947638,-0.0074632923473501615,1.7812495462298086
Bearing3_1,1172,0.4619629483642097,0.28917935490608215,-0.8826642755399707,-0.011831852756422527,0.9641878750341879
Bearing3_1,1173,0.4623571147024044,0.290052592754364,-0.8732492402656884,-0.013712384022280954,1.8899390340300457
Bearing3_1,1174,0.46275128104059915,0.28847843408584595,-0.8987141365659446,-0.014670876801424933,4.188484524165656
Bearing3_1,1175,0.4631454473787939,0.2815241813659668,-0.8931234359915777,-0.013346252037265574,1.6508430806575376
Bearing3_1,1176,0.4635396137169886,0.2858491539955139,-0.8904729237383637,-0.011695242171646462,1.4744364653528896
Bearing3_1,1177,0.46393378005518326,0.28194084763526917,-0.8765083843423186,-0.009658413674042535,0.44082182959764044
Bearing3_1,1178,0.464327946393378,0.27941441535949707,-0.8762489136972548,-0.006524271280266283,0.449824410186755
Bearing3_1,1179,0.4647221127315727,0.2810691297054291,-0.8648304222593366,-0.002046038405194764,1.0025028313688449
Bearing3_1,1180,0.46511627906976744,0.28615179657936096,-0.8618719272201012,0.0012522070133494678,3.0088262270275994
Bearing3_1,1181,0.46551044540796216,0.284698486328125,-0.8327067054276165,0.004625854546317288,1.0030047679893048
Bearing3_1,1182,0.4659046117461569,0.27651816606521606,-0.80877273984701,0.007732030549551089,0.4945535005034767
Bearing3_1,1183,0.4662987780843516,0.2865545153617859,-0.8230447945485813,0.009791744881979092,2.2371495581920553
Bearing3_1,1184,0.46669294442254633,0.2847243547439575,-0.7964644789757155,0.010995096119975338,0.6411156935308887
Bearing3_1,1185,0.46708711076074105,0.2869831919670105,-0.8055882276232513,0.010834111923485245,2.011182154716793
Bearing3_1,1186,0.4674812770989358,0.2866663932800293,-0.8205932701916636,0.008970338847801155,2.192133292239695
Bearing3_1,1187,0.46787544343713044,0.287293016910553,-0.8388042805966908,0.00619718112131617,0.7003389973701287
Bearing3_1,1188,0.46826960977532517,0.2854575216770172,-0.8488312173008227,0.0024373781782691187,0.9763207863426472
Bearing3_1,1189,0.4686637761135199,0.28938478231430054,-0.8712180431956721,-0.002114627310410714,2.3249558424636874
Bearing3_1,1190,0.4690579424517146,0.28423041105270386,-0.8605206131185648,-0.0058084779021316,0.46645086430217325
Bearing3_1,1191,0.46945210878990934,0.29087576270103455,-0.8676293333180108,-0.007962108313735852,0.8921887284207326
Bearing3_1,1192,0.46984627512810406,0.28288590908050537,-0.8801679083521522,-0.008780758714066247,0.34227061292150185
Bearing3_1,1193,0.4702404414662988,0.2853664457798004,-0.8750055308545587,-0.009403899218812743,0.43632134076731743
Bearing3_1,1194,0.4706346078044935,0.2882838249206543,-0.8861361922127171,-0.008232318561801344,1.6762450338290196
Bearing3_1,1195,0.47102877414268823,0.28950628638267517,-0.8686046542242467,-0.005625792248745446,0.9009142538245402
Bearing3_1,1196,0.47142294048088296,0.28678098320961,-0.8579475690579939,-0.0026744710784426928,2.635676297207579
Bearing3_1,1197,0.4718171068190776,0.2893342077732086,-0.846237990284164,0.00015426640847721488,0.6581587204683217
Bearing3_1,1198,0.47221127315727235,0.2902219295501709,-0.8558464127927431,0.0018805512472291458,1.3630981854032556
Bearing3_1,1199,0.4726054394954671,0.294096976518631,-0.8485571129824215,0.0025970118704258726,0.4750814397666941
Bearing3_1,1200,0.4729996058336618,0.29321855306625366,-0.862843269646158,0.0029727116478532145,1.7584839389396145
Bearing3_1,1201,0.4733937721718565,0.28923332691192627,-0.876525156512973,0.0021563654195832483,0.9456649365306329
Bearing3_1,1202,0.47378793851005124,0.288888156414032,-0.8852653984957323,0.0001352018771892592,0.47426507772663007
Bearing3_1,1203,0.47418210484824597,0.2881425619125366,-0.9063929722482399,-0.0026324285198221827,1.710601888325168
Bearing3_1,1204,0.4745762711864407,0.289585143327713,-0.9287177591489163,-0.006979364821430401,1.7849665801986285
Bearing3_1,1205,0.4749704375246354,0.28867289423942566,-0.9658917446485618,-0.011669063654864293,0.8793147612802633
Bearing3_1,1206,0.47536460386283014,0.29495322704315186,-0.9828052091656474,-0.015391605294215514,0.8793775583602683
Bearing3_1,1207,0.4757587702010248,0.29436346888542175,-1.0037781103902133,-0.017964058838376783,0.8907034108997753
Bearing3_1,1208,0.47615293653921953,0.29032081365585327,-1.0032531700860294,-0.01923886356220239,0.9573269011690252
Bearing3_1,1209,0.47654710287741425,0.2960718870162964,-1.0003556649702499,-0.018082920658499965,0.26282642931088596
Bearing3_1,1210,0.476941269215609,0.28926941752433777,-0.9975505368915819,-0.015886398764600164,1.8575138654884031
Bearing3_1,1211,0.4773354355538037,0.27947998046875,-0.9783443550997084,-0.0119215773853504,0.9098689037094467
Bearing3_1,1212,0.4777296018919984,0.28288358449935913,-0.9676251527558171,-0.006720582936657356,0.5715303057513765
Bearing3_1,1213,0.47812376823019315,0.287364661693573,-0.9671747280690128,-0.0019052247338805298,2.6878359667352743
Bearing3_1,1214,0.47851793456838787,0.28634387254714966,-0.9654527552583119,0.002252488687262442,1.6050975136819374
Bearing3_1,1215,0.4789121009065826,0.29626360535621643,-0.9634425504133011,0.004486856625543524,0.7608585360309719
Bearing3_1,1216,0.4793062672447773,0.288133829832077,-0.9588653903032845,0.005813636338562093,0.5587761496564422
Bearing3_1,1217,0.47970043358297204,0.29583990573883057,-0.9549899147455413,0.005663432589912415,0.904888196367915
Bearing3_1,1218,0.4800945999211667,0.2908949851989746,-0.9664930602657298,0.004329408492020201,0.6452801016922964
Bearing3_1,1219,0.48048876625936143,0.28932639956474304,-0.9712924588829139,0.0024811889339965854,0.49288038891193403
Bearing3_1,1220,0.48088293259755616,0.2960398197174072,-0.9781670637437472,9.271818168919069e-05,2.07169716746196
Bearing3_1,1221,0.4812770989357509,0.2865103781223297,-0.988369397409533,-0.0018067825680553762,0.6141382816845684
Bearing3_1,1222,0.4816712652739456,0.2987845242023468,-1.009059276553853,-0.003998693026263135,1.5361712123727471
Bearing3_1,1223,0.4820654316121403,0.2922202944755554,-1.0109490963149814,-0.00576142444628445,0.7795549051088347
Bearing3_1,1224,0.48245959795033505,0.2947276830673218,-0.9955272128164511,-0.006037565630569878,0.4286058488785441
Bearing3_1,1225,0.4828537642885298,0.2948734760284424,-0.9898747126503664,-0.005506836088151314,1.5256776254381101
Bearing3_1,1226,0.4832479306267245,0.287030965089798,-0.9843273948964477,-0.004047991724704986,0.5028975917916988
Bearing3_1,1227,0.4836420969649192,0.2932513356208801,-0.9796152529219594,-0.0017651260394895858,1.0024004953866148
Bearing3_1,1228,0.4840362633031139,0.30107396841049194,-0.9752159878136191,0.00028931214030657626,0.7571316959115204
Bearing3_1,1229,0.4844304296413086,0.29447850584983826,-0.9938987006840518,0.0011104658017564231,1.8296669120928255
Bearing3_1,1230,0.48482459597950334,0.2973751723766327,-0.9962203569100083,0.0016206917304759777,0.4357169424447475
Bearing3_1,1231,0.48521876231769806,0.29186302423477173,-1.0088952653034293,0.0009782312377900123,0.606427441431351
Bearing3_1,1232,0.4856129286558928,0.2909970283508301,-1.0215017274343459,-0.0014823813396109655,1.571607246317869
Bearing3_1,1233,0.4860070949940875,0.2994769215583801,-1.033405202032279,-0.004567444747271487,0.780168103822997
Bearing3_1,1234,0.48640126133228223,0.28973865509033203,-1.04043398558991,-0.006735575561600193,0.7488652995090701
Bearing3_1,1235,0.48679542767047695,0.2853885889053345,-1.0369956610341304,-0.007795003537287285,0.6715315440921934
Bearing3_1,1236,0.4871895940086717,0.29118573665618896,-1.0373878896758701,-0.007934841608216947,0.7953451963031064
Bearing3_1,1237,0.4875837603468664,0.2900030016899109,-1.0383120354201174,-0.007167787318055753,1.166177480137359
Bearing3_1,1238,0.48797792668506107,0.288486510515213,-1.0383824651704703,-0.005399814158592233,0.6878709797218234
Bearing3_1,1239,0.4883720930232558,0.2953486442565918,-1.046892763283783,-0.004575898998406729,2.8484157063606026
Bearing3_1,1240,0.4887662593614505,0.29203110933303833,-1.041948818602214,-0.002994738936111764,1.043589659615311
Bearing3_1,1241,0.48916042569964524,0.29309287667274475,-1.0395291864310747,-0.0015723084459559802,0.8973326201663614
Bearing3_1,1242,0.48955459203783996,0.2996900677680969,-1.0459044270968143,-0.0009667289083847262,2.5055466668108255
Bearing3_1,1243,0.4899487583760347,0.2913205325603485,-1.029214996955734,5.1408508079826956e-05,1.713492314083713
Bearing3_1,1244,0.4903429247142294,0.2962716221809387,-1.0276433562356202,0.0006358958469322178,0.9439300650480944
Bearing3_1,1245,0.49073709105242413,0.29325026273727417,-1.0351413870910142,0.000885583390066124,1.4719614180775005
Bearing3_1,1246,0.49113125739061886,0.2939327657222748,-1.0504142153296852,0.00025358295081574165,1.5725373219892933
Bearing3_1,1247,0.4915254237288136,0.2974376678466797,-1.0604714824326789,-0.0008307105539257512,0.6127200357195323
Bearing3_1,1248,0.49191959006700825,0.29247671365737915,-1.0650701626559185,-0.0019019371207152152,0.4458817090335328
Bearing3_1,1249,0.492313756405203,0.29435640573501587,-1.0424052012219829,-0.0019807590291417896,0.4939589397615081
Bearing3_1,1250,0.4927079227433977,0.29137083888053894,-1.0403962735814802,-0.0016748014458218103,1.1162577617096596
Bearing3_1,1251,0.4931020890815924,0.28948038816452026,-1.0315175681900002,-0.0007420607572631279,0.3040445719718968
Bearing3_1,1252,0.49349625541978714,0.2907779812812805,-1.0094962268674004,0.0008697174349204867,1.039646769882269
Bearing3_1,1253,0.49389042175798187,0.2912479639053345,-1.0211171285778637,0.002518945419218554,1.963759107383824
Bearing3_1,1254,0.4942845880961766,0.2948121130466461,-1.0487312452043276,0.0026685689279247245,2.5153455256891917
Bearing3_1,1255,0.4946787544343713,0.29237642884254456,-1.057298709618278,0.0021066182475553007,0.5975088102920328
Bearing3_1,1256,0.49507292077256604,0.29503655433654785,-1.0591680360047946,0.0006930893668858641,0.9359047993752728
Bearing3_1,1257,0.49546708711076076,0.28967252373695374,-1.0465602382686803,-0.0005971190117089245,0.9750719479157623
Bearing3_1,1258,0.4958612534489555,0.29281577467918396,-1.054788925186821,-0.0028113646814970426,2.1379756823807927
Bearing3_1,1259,0.49625541978715015,0.28622710704803467,-1.0511101902907332,-0.0034385757155282696,1.2576278808474752
Bearing3_1,1260,0.4966495861253449,0.2997100055217743,-1.0612259904171633,-0.004378114137164595,2.472062936880511
Bearing3_1,1261,0.4970437524635396,0.2989955246448517,-1.084963279751709,-0.005768018686275255,1.5748608768094154
Bearing3_1,1262,0.4974379188017343,0.29271382093429565,-1.0994623554774658,-0.005832865683021041,0.44549697477110023
Bearing3_1,1263,0.49783208513992905,0.29618895053863525,-1.1071596482888828,-0.006001793267025729,1.2380827140005366
Bearing3_1,1264,0.49822625147812377,0.28595077991485596,-1.0947384287296844,-0.006291201259735136,0.6226925137520262
Bearing3_1,1265,0.4986204178163185,0.3030589818954468,-1.105836948886615,-0.00719948454283919,1.8966191598479871
Bearing3_1,1266,0.4990145841545132,0.2959343194961548,-1.1027973811452136,-0.007478252686806247,0.6651697410101328
Bearing3_1,1267,0.49940875049270794,0.29514795541763306,-1.1220546588179732,-0.007438057398511123,1.315255107951575
Bearing3_1,1268,0.49980291683090267,0.29060953855514526,-1.1112870754125503,-0.006444034621441191,0.9634475106615172
Bearing3_1,1269,0.5001970831690974,0.29743096232414246,-1.1373218570382544,-0.005940015785722238,2.522738608945988
Bearing3_1,1270,0.5005912495072921,0.2927962839603424,-1.1399038190795796,-0.005206228018291864,0.3505021534872526
Bearing3_1,1271,0.5009854158454868,0.294692724943161,-1.1307783528411488,-0.004603502852129936,0.5571712725297097
Bearing3_1,1272,0.5013795821836815,0.298408567905426,-1.14620458525953,-0.005253479374270285,2.6176913140700724
Bearing3_1,1273,0.5017737485218763,0.30106282234191895,-1.1498365211067572,-0.006048141859965199,0.35091203172566315
Bearing3_1,1274,0.502167914860071,0.2955518364906311,-1.1411819428487797,-0.005025359708637519,0.7390541829424147
Bearing3_1,1275,0.5025620811982656,0.29299890995025635,-1.1355796252572428,-0.0038739462552747754,2.1908019187116627
Bearing3_1,1276,0.5029562475364604,0.2945629060268402,-1.1419125220224955,-0.0025048083957944743,0.8111768493378617
Bearing3_1,1277,0.5033504138746551,0.291665643453598,-1.1291117801808777,-0.0012471438458367835,0.6780056150269955
Bearing3_1,1278,0.5037445802128498,0.3007313907146454,-1.1376560144191212,0.0003478513225528343,1.3046710027034174
Bearing3_1,1279,0.5041387465510445,0.2868284583091736,-1.1261631514485648,0.0011537013204297544,0.5568021589623534
Bearing3_1,1280,0.5045329128892393,0.3018118143081665,-1.1294508573849344,0.0014728340633898072,1.6551282427635794
Bearing3_1,1281,0.504927079227434,0.2996911108493805,-1.1290741500504105,0.002294176329041766,0.3317409758113065
Bearing3_1,1282,0.5053212455656287,0.3009975552558899,-1.1072451848024332,0.003257116928318732,0.559397771602557
Bearing3_1,1283,0.5057154119038234,0.29725056886672974,-1.1012928054296833,0.0038303685525717932,1.4514292244535476
Bearing3_1,1284,0.5061095782420181,0.2988092601299286,-1.1171179235273028,0.003528995125946244,1.481757636838389
Bearing3_1,1285,0.5065037445802129,0.29367613792419434,-1.1039031491215543,0.004030230332749111,0.7734405187503972
Bearing3_1,1286,0.5068979109184075,0.3009188771247864,-1.0951974490477265,0.004200171503038604,1.242337577615525
Bearing3_1,1287,0.5072920772566023,0.28891751170158386,-1.0972745442519771,0.004543956051934174,0.561063685730976
Bearing3_1,1288,0.507686243594797,0.299188494682312,-1.1112449487519078,0.003170197031266976,2.434752545246113
Bearing3_1,1289,0.5080804099329918,0.302382230758667,-1.1202337466089436,0.0017521966810747588,0.4197873850535281
Bearing3_1,1290,0.5084745762711864,0.30135804414749146,-1.1168537722823282,0.0002275065973081799,0.35828914855771327
Bearing3_1,1291,0.5088687426093812,0.3036128878593445,-1.1111512931120082,-0.001113717286413362,0.4290450512789389
Bearing3_1,1292,0.5092629089475759,0.30553576350212097,-1.113457286939728,-0.0013427050525502459,1.2530349564754633
Bearing3_1,1293,0.5096570752857706,0.2949453592300415,-1.1166502478170952,-0.0012737308218475428,1.7553572855267565
Bearing3_1,1294,0.5100512416239653,0.29184961318969727,-1.1060373903825333,-0.0014947305147080718,0.3990464335690183
Bearing3_1,1295,0.51044540796216,0.29589009284973145,-1.1113184386341692,-0.0012571119172111985,0.8197254240107245
Bearing3_1,1296,0.5108395743003548,0.2911079227924347,-1.0971464581165817,0.00042378610147126715,0.9111811678157359
Bearing3_1,1297,0.5112337406385494,0.2967861294746399,-1.0995254976589142,0.0018600696656686545,2.0910557660071425
Bearing3_1,1298,0.5116279069767442,0.2929489314556122,-1.0811546917614467,0.0033943211716347885,0.5145049940022188
Bearing3_1,1299,0.5120220733149389,0.3044016361236572,-1.0663470368075303,0.004772279369582331,0.42008974136466287
Bearing3_1,1300,0.5124162396531337,0.29866698384284973,-1.057240595846204,0.006219111910813997,1.0396624220073152
Bearing3_1,1301,0.5128104059913283,0.29128557443618774,-1.0532138372763387,0.007543167149803592,0.3749827999489326
Bearing3_1,1302,0.5132045723295231,0.2975136637687683,-1.052548348324655,0.008047516672362266,1.6111231418051728
Bearing3_1,1303,0.5135987386677178,0.29541584849357605,-1.0468461414140908,0.007911741439247548,1.1132111918602916
Bearing3_1,1304,0.5139929050059125,0.2875094711780548,-1.038975462284915,0.008066689425143462,0.2610626736859428
Bearing3_1,1305,0.5143870713441072,0.29607725143432617,-1.0295535129946494,0.007570620178610038,0.687801896647824
Bearing3_1,1306,0.5147812376823019,0.2934248447418213,-1.039190175489244,0.006502623489428556,1.205299746680728
Bearing3_1,1307,0.5151754040204967,0.30027705430984497,-1.037187696876137,0.004682749874778169,1.075880936484871
Bearing3_1,1308,0.5155695703586913,0.2994576394557953,-1.0414146016378776,0.003101428505284893,0.9954891707095561
Bearing3_1,1309,0.5159637366968861,0.2931968867778778,-1.0440597468569262,0.0018813054223037712,0.39329122890742574
Bearing3_1,1310,0.5163579030350808,0.2942101061344147,-1.0598834933626593,0.00013501598854558138,2.2578443076207053
Bearing3_1,1311,0.5167520693732756,0.2900635898113251,-1.0764843292897819,-0.0022162878939560927,0.4057258364976503
Bearing3_1,1312,0.5171462357114702,0.3000320792198181,-1.0953041809556687,-0.005267696640079428,1.8322837713927305
Bearing3_1,1313,0.517540402049665,0.2911737561225891,-1.0932950290866956,-0.007311115640148275,0.9953678510254624
Bearing3_1,1314,0.5179345683878597,0.29650449752807617,-1.1102991233963815,-0.009194301931253661,1.6959643227096053
Bearing3_1,1315,0.5183287347260543,0.2908855378627777,-1.1330440635504335,-0.010825462143393067,1.24331253528407
Bearing3_1,1316,0.5187229010642491,0.295688658952713,-1.1490308529225606,-0.012716642299036214,0.5165227980744492
Bearing3_1,1317,0.5191170674024438,0.29398366808891296,-1.1423773203922747,-0.01278000177356795,1.3523689994137054
Bearing3_1,1318,0.5195112337406386,0.2943055033683777,-1.133120210400366,-0.011345195887006904,0.7926824492470417
Bearing3_1,1319,0.5199054000788332,0.2998294532299042,-1.1443613927305933,-0.009588305278364675,2.1615119525347106
Bearing3_1,1320,0.520299566417028,0.2920377552509308,-1.1467966209525684,-0.007803384207986116,1.297719573384674
Bearing3_1,1321,0.5206937327552227,0.2961181700229645,-1.1312676083423716,-0.005224656025648521,1.5233641282083792
Bearing3_1,1322,0.5210878990934175,0.3021928369998932,-1.1262098249188226,-0.0029606657791147735,2.8522692721189826
Bearing3_1,1323,0.5214820654316121,0.2928399443626404,-1.1225444168446028,1.181314107345855e-05,0.9137119718578564
Bearing3_1,1324,0.5218762317698069,0.2947000563144684,-1.0941495750079384,0.0037540333621056275,0.8216687390541201
Bearing3_1,1325,0.5222703981080016,0.29910364747047424,-1.0679226191442501,0.007214733366784682,1.4282841945658462
Bearing3_1,1326,0.5226645644461962,0.29673564434051514,-1.037580296484058,0.01047533235349989,0.21290260927210516
Bearing3_1,1327,0.523058730784391,0.295318067073822,-1.0384887518291985,0.012779032230214335,1.902554143937822
Bearing3_1,1328,0.5234528971225857,0.2936550974845886,-1.058436426970402,0.013352562388831883,2.5926516855924326
Bearing3_1,1329,0.5238470634607805,0.29535073041915894,-1.0504566240929334,0.012706684386266334,0.62182158928409
Bearing3_1,1330,0.5242412297989751,0.29811665415763855,-1.0425492804265615,0.011191527870248068,1.4174804566875212
Bearing3_1,1331,0.5246353961371699,0.2921096086502075,-1.0434133807892338,0.009400901986933436,0.6445369086223283
Bearing3_1,1332,0.5250295624753646,0.29601436853408813,-1.0318394263545079,0.007513868542802424,1.5884408867953457
Bearing3_1,1333,0.5254237288135594,0.2961028218269348,-1.0339687764694403,0.004611165648085933,0.5130114732590987
Bearing3_1,1334,0.525817895151754,0.293476402759552,-1.0542229454902905,0.0014230352277047875,1.146631810410901
Bearing3_1,1335,0.5262120614899488,0.29365915060043335,-1.0595654041634606,-0.0007919974508173002,0.27892941727641335
Bearing3_1,1336,0.5266062278281435,0.2959086000919342,-1.0791787102977752,-0.0021553248924199744,1.4568726438130135
Bearing3_1,1337,0.5270003941663381,0.2965606451034546,-1.0965001152827276,-0.004019796734226791,1.5526713180088763
Bearing3_1,1338,0.5273945605045329,0.29759520292282104,-1.0941708391954024,-0.006383894120641206,0.8238074227908644
Bearing3_1,1339,0.5277887268427276,0.2948106527328491,-1.0908975766432074,-0.007604318664195556,0.7262095713938996
Bearing3_1,1340,0.5281828931809224,0.2991636097431183,-1.0826303274942348,-0.007356452736408133,0.8185270621156154
Bearing3_1,1341,0.528577059519117,0.2942022383213043,-1.0939290178144987,-0.007296654825205099,1.4475306509781667
Bearing3_1,1342,0.5289712258573118,0.28699538111686707,-1.0936928546264626,-0.005840067571427276,0.5711498145348902
Bearing3_1,1343,0.5293653921955065,0.2904118597507477,-1.0848512343518206,-0.003293428270671087,0.4249187048111678
Bearing3_1,1344,0.5297595585337013,0.29057925939559937,-1.0880564405061148,-0.0016551392659951358,2.262984742069637
Bearing3_1,1345,0.5301537248718959,0.29627567529678345,-1.1056078090398116,-0.0009202585775403543,1.4213351539248207
Bearing3_1,1346,0.5305478912100906,0.2907622456550598,-1.1077319916160735,-0.0010507063794559753,0.4934858244235131
Bearing3_1,1347,0.5309420575482854,0.292911171913147,-1.084055868774407,-0.0006983892518133045,1.1007518488836987
Bearing3_1,1348,0.53133622388648,0.30239447951316833,-1.0730792495202899,0.0002570982832899202,1.8999396733156348
Bearing3_1,1349,0.5317303902246748,0.308095782995224,-1.0847767023042547,0.0005371048103218481,1.5934285715902112
Bearing3_1,1350,0.5321245565628695,0.30205869674682617,-1.0998382514235847,0.0004725298215163401,1.2745555597951093
Bearing3_1,1351,0.5325187229010643,0.29406192898750305,-1.1060846611722854,-0.00047742355154679986,0.6331244350855773
Bearing3_1,1352,0.532912889239259,0.29909226298332214,-1.0972541217632883,-0.0007826257945193652,1.1227408844758138
Bearing3_1,1353,0.5333070555774537,0.3025555908679962,-1.1155132622373647,-0.00145117292823117,2.473607531324837
Bearing3_1,1354,0.5337012219156484,0.30230337381362915,-1.110270182309076,-0.0016757533502553944,0.30481419764661183
Bearing3_1,1355,0.5340953882538432,0.3000023365020752,-1.0857513096213052,-0.0014637744757632883,0.5941573068739922
Bearing3_1,1356,0.5344895545920378,0.3052687346935272,-1.0798756779282077,-0.0013136036130167372,1.9067203750374881
Bearing3_1,1357,0.5348837209302325,0.30059272050857544,-1.091908576478334,-0.0005790167688673864,0.8695759965044845
Bearing3_1,1358,0.5352778872684273,0.293586790561676,-1.0798318863969207,0.001641257577923558,0.6571398237017553
Bearing3_1,1359,0.535672053606622,0.29612764716148376,-1.0698946524766997,0.0037055828241789757,1.7694003218303205
Bearing3_1,1360,0.5360662199448167,0.29834675788879395,-1.0525438629149635,0.005531823016421579,0.6229192495554073
Bearing3_1,1361,0.5364603862830114,0.3008018732070923,-1.0349315868664184,0.007329040179476034,0.558970072571172
Bearing3_1,1362,0.5368545526212062,0.304512619972229,-1.0429850591605994,0.008413218156103857,1.5189318738428663
Bearing3_1,1363,0.5372487189594009,0.29633817076683044,-1.0233892987295292,0.008691172941576609,0.5553969878648257
Bearing3_1,1364,0.5376428852975956,0.2966097891330719,-1.0096354874776976,0.008952220172273541,0.763764865354323
Bearing3_1,1365,0.5380370516357903,0.29715627431869507,-1.0118982904382778,0.009504618816652289,1.154964649769873
Bearing3_1,1366,0.5384312179739851,0.2980831563472748,-1.0024480275091583,0.01006900701630433,0.7051841786811394
Bearing3_1,1367,0.5388253843121797,0.2936830520629883,-0.9946679454291752,0.009317053117958546,0.9347189466082128
Bearing3_1,1368,0.5392195506503744,0.30413109064102173,-1.0137756234084783,0.007149300595270347,2.249245570715767
Bearing3_1,1369,0.5396137169885692,0.29735758900642395,-1.017101675881556,0.00466192731432667,0.37605638486325105
Bearing3_1,1370,0.5400078833267639,0.3007155656814575,-1.0227320667772568,0.0023842462390042335,0.8085239712923683
Bearing3_1,1371,0.5404020496649586,0.30515074729919434,-1.0404526593281067,-4.7215979948909e-05,1.6808140714238524
Bearing3_1,1372,0.5407962160031533,0.3023020625114441,-1.0317065292161351,-0.002471592618931566,1.1787019460117347
Bearing3_1,1373,0.5411903823413481,0.2896890342235565,-1.04140058900429,-0.0042550615805842205,1.4684811146425127
Bearing3_1,1374,0.5415845486795428,0.30156564712524414,-1.0432746406626003,-0.005005512121661874,0.6025315709333877
Bearing3_1,1375,0.5419787150177375,0.3019866645336151,-1.0601822895030129,-0.00642130427340795,2.671087061456843
Bearing3_1,1376,0.5423728813559322,0.297421932220459,-1.0724782358338003,-0.007292506283501313,0.33408505440182074
Bearing3_1,1377,0.5427670476941269,0.2929055988788605,-1.072543588758326,-0.0067997498499076,0.35281756794515196
Bearing3_1,1378,0.5431612140323216,0.29284951090812683,-1.0663854924426024,-0.006300995260389769,1.7110459309409385
Bearing3_1,1379,0.5435553803705163,0.3057326376438141,-1.0673026536980559,-0.005436309097748841,0.9875234333998621
Bearing3_1,1380,0.5439495467087111,0.30253905057907104,-1.064674293167508,-0.004195120507500502,0.36324662915143546
Bearing3_1,1381,0.5443437130469058,0.29875820875167847,-1.0618609802722367,-0.0034734607004121977,1.7291505994041003
Bearing3_1,1382,0.5447378793851005,0.30419835448265076,-1.0711117092114166,-0.0024138159680673586,0.2971288470990421
Bearing3_1,1383,0.5451320457232952,0.29569143056869507,-1.0866465185862886,-0.0023701565814981964,2.0895571850388563
Bearing3_1,1384,0.54552621206149,0.29140061140060425,-1.1050112446848002,-0.002904710794710985,0.8023663372952486
Bearing3_1,1385,0.5459203783996847,0.307070791721344,-1.1025043115761866,-0.0036813773183638674,0.581626492145682
Bearing3_1,1386,0.5463145447378794,0.30430853366851807,-1.1093722800773071,-0.005139395854152507,1.1014419253044134
Bearing3_1,1387,0.5467087110760741,0.29939258098602295,-1.12453170478641,-0.006981448426696868,0.6142444521231353
Bearing3_1,1388,0.5471028774142688,0.29630982875823975,-1.1167363582301748,-0.00735760154145187,0.8094254456911177
Bearing3_1,1389,0.5474970437524636,0.30042150616645813,-1.1139748153263844,-0.007033955602271904,1.4702111459096754
Bearing3_1,1390,0.5478912100906582,0.2929045855998993,-1.1087210146942097,-0.00568279151289644,0.32827921605860255
Bearing3_1,1391,0.548285376428853,0.3057435154914856,-1.1044775495635766,-0.003378711841235614,1.7581144482126185
Bearing3_1,1392,0.5486795427670477,0.2991558313369751,-1.100616632248374,-0.0009641874660079707,0.28438012838891297
Bearing3_1,1393,0.5490737091052424,0.30746808648109436,-1.0883084421537101,0.00144367420499117,1.1865198367426784
Bearing3_1,1394,0.5494678754434371,0.3041285574436188,-1.09325631400344,0.002377481411769994,1.7502632417135042
Bearing3_1,1395,0.5498620417816319,0.3048727512359619,-1.1016476585427393,0.0028782237820538783,0.9746403515681009
Bearing3_1,1396,0.5502562081198266,0.3074595630168915,-1.112110038500023,0.002340042642066396,1.3263603221018754
Bearing3_1,1397,0.5506503744580212,0.30309921503067017,-1.112058358954592,0.0008272370230133335,0.635792776676297
Bearing3_1,1398,0.551044540796216,0.3034312427043915,-1.1271733098169008,-0.0011415227615295884,0.9471085779114068
Bearing3_1,1399,0.5514387071344107,0.3096453547477722,-1.144511133922203,-0.0037453706783911363,1.5995955088584428
Bearing3_1,1400,0.5518328734726055,0.3088368773460388,-1.1662901198279036,-0.006816772710439031,0.9336816947391825
Bearing3_1,1401,0.5522270398108001,0.30064693093299866,-1.1630652628553482,-0.008731568442745401,0.7849863810797112
Bearing3_1,1402,0.5526212061489949,0.3038579225540161,-1.1658507250326566,-0.009830749887445735,0.7249228912831681
Bearing3_1,1403,0.5530153724871896,0.3015972077846527,-1.1612420407784187,-0.00906728627215814,0.5583999329158721
Bearing3_1,1404,0.5534095388253844,0.2973911464214325,-1.1519162777177985,-0.0072409591753676865,1.4743410439640534
Bearing3_1,1405,0.553803705163579,0.3092235028743744,-1.1476468698181064,-0.005030148390130848,1.3549871159124092
Bearing3_1,1406,0.5541978715017738,0.3098338544368744,-1.1467177951928882,-0.002908586607029915,1.5628478394064311
Bearing3_1,1407,0.5545920378399685,0.30653345584869385,-1.1416656487095276,-8.851993462160371e-05,0.8712967245005353
Bearing3_1,1408,0.5549862041781631,0.2979809641838074,-1.1328575872639965,0.0025631993016306726,0.5198961767515906
Bearing3_1,1409,0.5553803705163579,0.2953725755214691,-1.1070869001744306,0.005533637771470595,0.31206260875162484
Bearing3_1,1410,0.5557745368545526,0.30461549758911133,-1.0985913277976649,0.007061911628781054,2.2034415439960178
Bearing3_1,1411,0.5561687031927474,0.3053772747516632,-1.0924803782815364,0.008317909051441748,0.6512268405909011
Bearing3_1,1412,0.556562869530942,0.3038097620010376,-1.099312262361496,0.00815998641460152,1.9320365872508853
Bearing3_1,1413,0.5569570358691368,0.29090893268585205,-1.0942846996601008,0.007777013267257365,0.8523394866719012
Bearing3_1,1414,0.5573512022073315,0.2922002673149109,-1.0958572703299403,0.007118376940529157,1.9220140727061952
Bearing3_1,1415,0.5577453685455263,0.3017948865890503,-1.088086801686979,0.006488708431422459,0.5894724184098409
Bearing3_1,1416,0.5581395348837209,0.29775989055633545,-1.0720414955422288,0.006074236527878766,0.8276899669815594
Bearing3_1,1417,0.5585337012219157,0.29860416054725647,-1.0732190821447505,0.005027175124898426,0.8242619630166058
Bearing3_1,1418,0.5589278675601104,0.2999568581581116,-1.070367798893061,0.0038931870069877305,0.2976370068535564
Bearing3_1,1419,0.559322033898305,0.2978803217411041,-1.084097253671891,0.0029709133632218033,1.7089788446757914
Bearing3_1,1420,0.5597162002364998,0.3057367205619812,-1.0897266657676827,0.002029289987802644,1.4398559551904175
Bearing3_1,1421,0.5601103665746945,0.29321277141571045,-1.0911611756708819,0.0013093668032238262,0.9791369745121173
Bearing3_1,1422,0.5605045329128893,0.307796448469162,-1.0894109419485383,0.000213461639252457,1.671954088608503
Bearing3_1,1423,0.5608986992510839,0.3099265694618225,-1.1117371809086192,-0.0018850835353328322,1.7315997483842325
Bearing3_1,1424,0.5612928655892787,0.30329665541648865,-1.1335308115676574,-0.005065665017812317,1.913304199427434
Bearing3_1,1425,0.5616870319274734,0.30668848752975464,-1.1482115488806435,-0.008072333762527346,0.6784170961938747
Bearing3_1,1426,0.5620811982656682,0.3075365722179413,-1.1695553999482224,-0.010444740674688622,1.448999813494558
Bearing3_1,1427,0.5624753646038628,0.3071258068084717,-1.183037579918043,-0.012449058274996178,0.24475218505865745
Bearing3_1,1428,0.5628695309420575,0.30477550625801086,-1.2019351313850462,-0.013962932553411975,0.6647216753582058
Bearing3_1,1429,0.5632636972802523,0.30329397320747375,-1.1949231242766056,-0.014414875156719851,1.0832596876753595
Bearing3_1,1430,0.5636578636184469,0.30856186151504517,-1.184656984389805,-0.013338796747076664,1.1132831036315884
Bearing3_1,1431,0.5640520299566417,0.299808144569397,-1.183110821532068,-0.011123345646350532,0.5092444970679924
Bearing3_1,1432,0.5644461962948364,0.2943286597728729,-1.186244228429471,-0.007847584239009093,2.225569500055411
Bearing3_1,1433,0.5648403626330312,0.29292163252830505,-1.172404096577488,-0.004131585673674792,0.4021270420758665
Bearing3_1,1434,0.5652345289712258,0.29825955629348755,-1.1447280537637066,0.0003764630699161731,0.6686526217026583
Bearing3_1,1435,0.5656286953094206,0.30014532804489136,-1.1300634223881536,0.004841409124593373,1.0810364573193894
Bearing3_1,1436,0.5660228616476153,0.3005395829677582,-1.103259437115699,0.009125490044262956,0.466385049945051
Bearing3_1,1437,0.5664170279858101,0.30442678928375244,-1.1042663125256555,0.011652251060764765,2.778828244203072
Bearing3_1,1438,0.5668111943240047,0.31246712803840637,-1.0985419517380957,0.01227660993281948,0.3223254997066641
Bearing3_1,1439,0.5672053606621994,0.29345211386680603,-1.0887863241746658,0.012647310422873067,1.5275953564859484
Bearing3_1,1440,0.5675995270003942,0.3053838014602661,-1.094579083567647,0.012099944876648455,2.670517550400943
Bearing3_1,1441,0.5679936933385888,0.31103581190109253,-1.1052414280373608,0.009982221085353331,0.5252620898051047
Bearing3_1,1442,0.5683878596767836,0.30027151107788086,-1.09163326544729,0.007453995478602393,0.38494333459283697
Bearing3_1,1443,0.5687820260149783,0.30314499139785767,-1.1020744026472058,0.004132129202810294,2.5126443083498806
Bearing3_1,1444,0.5691761923531731,0.30775249004364014,-1.0960330690161695,0.002132378598353699,1.2757744140306404
Bearing3_1,1445,0.5695703586913677,0.3048737645149231,-1.0775498312173726,0.0015282044534436533,0.4056029453150581
Bearing3_1,1446,0.5699645250295625,0.3022454082965851,-1.0694689843360021,0.002515207748459505,1.3893262439054932
Bearing3_1,1447,0.5703586913677572,0.3095775842666626,-1.0628660031925923,0.0033856673781527662,2.9223455331695245
Bearing3_1,1448,0.570752857705952,0.3130209743976593,-1.071194738994058,0.003681634448960218,1.5139260853852965
Bearing3_1,1449,0.5711470240441466,0.30614781379699707,-1.0792376479480903,0.003857791199303194,1.4945937622950114
Bearing3_1,1450,0.5715411903823413,0.30553820729255676,-1.068378042364301,0.004124364582847137,0.8527029428446624
Bearing3_1,1451,0.5719353567205361,0.31134235858917236,-1.0618459440274486,0.0037188228964403396,0.8685710546445858
Bearing3_1,1452,0.5723295230587307,0.3031991422176361,-1.0490033755797243,0.004394989916097013,0.9028404081043309
Bearing3_1,1453,0.5727236893969255,0.3024961054325104,-1.032667641078121,0.004749395248361108,2.0232918707074123
Bearing3_1,1454,0.5731178557351202,0.30260148644447327,-1.0350576509152312,0.004534897903469075,0.7780497238468548
Bearing3_1,1455,0.573512022073315,0.3098497688770294,-1.0660990423006809,0.003120353632006387,2.6960929970066725
Bearing3_1,1456,0.5739061884115096,0.3045901656150818,-1.0794849661877137,0.0013755937416248863,0.783565935016777
Bearing3_1,1457,0.5743003547497044,0.3058858811855316,-1.0805063537890502,0.00013672638378219035,1.7838950696623284
Bearing3_1,1458,0.5746945210878991,0.2986527681350708,-1.0568266843100127,-0.00015194926079910122,1.1207450813825641
Bearing3_1,1459,0.5750886874260938,0.3126596510410309,-1.0774873365218072,-0.0022779217403415854,2.962888937235167
Bearing3_1,1460,0.5754828537642885,0.298079252243042,-1.0646952850953513,-0.0030033881507494087,2.5298161353042605
Bearing3_1,1461,0.5758770201024832,0.3086134195327759,-1.0672355133096343,-0.0034765787233455346,2.3825616971882058
Bearing3_1,1462,0.576271186440678,0.30115145444869995,-1.0734639881771157,-0.0033680049463537523,0.599668174949019
Bearing3_1,1463,0.5766653527788727,0.2976868152618408,-1.0831229858928137,-0.0024007443495368957,2.4371321711326663
Bearing3_1,1464,0.5770595191170674,0.310660719871521,-1.0918164604072904,-0.0014554273236843786,0.722620960282387
Bearing3_1,1465,0.5774536854552621,0.3039422333240509,-1.075188960569766,-0.0009845962840022153,0.47631450034865264
Bearing3_1,1466,0.5778478517934569,0.30484479665756226,-1.0794872479328022,-0.0015304313806019712,1.55987330704824
Bearing3_1,1467,0.5782420181316515,0.31292203068733215,-1.0711677308953458,-0.001690539488034561,0.5342571272014258
Bearing3_1,1468,0.5786361844698463,0.3043684661388397,-1.0625539695881243,8.464313330253003e-05,1.1120215046368949
Bearing3_1,1469,0.579030350808041,0.3075791299343109,-1.0408556101999624,0.001735417455972597,1.7483577054940154
Bearing3_1,1470,0.5794245171462357,0.29970014095306396,-1.0527073248156549,0.0031485171211038357,0.8218486442022424
Bearing3_1,1471,0.5798186834844304,0.29785123467445374,-1.0482599720141463,0.004489542509247625,0.89936368768592
Bearing3_1,1472,0.5802128498226251,0.2986701428890228,-1.0463291102127046,0.005290649413025983,0.5125914431403871
Bearing3_1,1473,0.5806070161608199,0.3013370633125305,-1.0360605952716697,0.005679016339033513,1.6691550612026376
Bearing3_1,1474,0.5810011824990146,0.3026770353317261,-1.016986586852536,0.0059577655369845075,0.25020962218473114
Bearing3_1,1475,0.5813953488372093,0.3095393180847168,-1.0047474863197376,0.007105573255532143,0.841991106198537
Bearing3_1,1476,0.581789515175404,0.3016066253185272,-0.96644399413047,0.009202273823837077,1.0107061163915905
Bearing3_1,1477,0.5821836815135988,0.2978706955909729,-0.9514741423101605,0.011299924975112565,2.733754398545723
Bearing3_1,1478,0.5825778478517935,0.3048276901245117,-0.9528815743521847,0.012444226482938647,0.6022378892939654
Bearing3_1,1479,0.5829720141899882,0.3071531653404236,-0.9597357101362697,0.013331860964953432,2.2307194892152142
Bearing3_1,1480,0.5833661805281829,0.29830867052078247,-0.9446035439168139,0.013271500508029428,1.3895974216864153
Bearing3_1,1481,0.5837603468663776,0.30772432684898376,-0.9330426532685447,0.012827875413852908,1.1497304282905434
Bearing3_1,1482,0.5841545132045723,0.30527859926223755,-0.9341968044785691,0.011053447176854789,0.97315899422336
Bearing3_1,1483,0.584548679542767,0.29447507858276367,-0.9235069966639686,0.009187487565399199,0.5908944988312137
Bearing3_1,1484,0.5849428458809618,0.30594152212142944,-0.9214184239466722,0.007342764619705644,0.6177130007493533
Bearing3_1,1485,0.5853370122191565,0.30372193455696106,-0.9386260023694575,0.004216984548218072,2.7526138891677427
Bearing3_1,1486,0.5857311785573512,0.30769503116607666,-0.9776559080974696,0.0007143941411503467,1.2041911487798602
Bearing3_1,1487,0.5861253448955459,0.30002689361572266,-0.9773843931947903,-0.0016394942533021206,1.1265378762882436
Bearing3_1,1488,0.5865195112337407,0.30303892493247986,-0.9695881876159144,-0.003347900226440182,0.42701128078196254
Bearing3_1,1489,0.5869136775719354,0.30736303329467773,-0.957994132808974,-0.004678341192517715,1.894019649891507
Bearing3_1,1490,0.58730784391013,0.31065139174461365,-0.970240659604927,-0.0056890734761961825,1.0429765866210288
Bearing3_1,1491,0.5877020102483248,0.29861414432525635,-0.9907449371613246,-0.006736741938664903,2.1225963694738805
Bearing3_1,1492,0.5880961765865195,0.3011462092399597,-0.9878770277262727,-0.007005500768462358,1.3755232068526386
Bearing3_1,1493,0.5884903429247142,0.3019806444644928,-1.0056302684000546,-0.006879294953459963,2.473619851873066
Bearing3_1,1494,0.5888845092629089,0.3041163980960846,-1.0310753449966614,-0.007006330629409252,1.4207246581880761
Bearing3_1,1495,0.5892786756011037,0.3118399679660797,-1.039359550806575,-0.007403229171054793,1.0308478869285458
Bearing3_1,1496,0.5896728419392984,0.30003422498703003,-1.0206566046945311,-0.008160948022551875,1.5549790321241324
Bearing3_1,1497,0.5900670082774931,0.30174899101257324,-1.020472328136109,-0.008369293867082928,0.7815686861449086
Bearing3_1,1498,0.5904611746156878,0.30507907271385193,-1.0111959837799998,-0.007029632254309402,1.1978793822099958
Bearing3_1,1499,0.5908553409538826,0.2996121644973755,-1.0065552030015996,-0.004159563234201841,2.314697351704444
Bearing3_1,1500,0.5912495072920773,0.3100586533546448,-0.9903387911220008,-0.0006327787441175684,0.4877533750601805
Bearing3_1,1501,0.5916436736302719,0.29895514249801636,-0.9758628381470602,0.0025602650592287638,2.1373136414932934
Bearing3_1,1502,0.5920378399684667,0.2972607910633087,-0.9790973882543496,0.005587683740098961,0.47445720913307154
Bearing3_1,1503,0.5924320063066614,0.30535340309143066,-0.9594354195905452,0.008397604188355773,0.32754234041259883
Bearing3_1,1504,0.5928261726448562,0.3043132424354553,-0.9361168562190271,0.010223170273957858,1.0672346774653338
Bearing3_1,1505,0.5932203389830508,0.3041633367538452,-0.9454527920809458,0.009836211121853363,4.215773281294522
Bearing3_1,1506,0.5936145053212456,0.30688393115997314,-0.9608411588063049,0.008718485844009421,0.9018225170968036
Bearing3_1,1507,0.5940086716594403,0.29572105407714844,-0.952132297784026,0.0073630387453576095,1.8564961630606958
Bearing3_1,1508,0.594402837997635,0.30181604623794556,-0.9875429198370668,0.00386616212389167,3.3117075443808464
Bearing3_1,1509,0.5947970043358297,0.3002389371395111,-0.9765840792789696,0.0009897220218160923,2.254574836424293
Bearing3_1,1510,0.5951911706740244,0.29264122247695923,-0.9786059119945444,-0.0012791920875918883,1.0850728197831294
Bearing3_1,1511,0.5955853370122192,0.30549392104148865,-0.9775852039784615,-0.002669584399338171,1.9589980955323996
Bearing3_1,1512,0.5959795033504138,0.303650826215744,-0.9730649956286864,-0.00400817940423236,0.35013986022338034
Bearing3_1,1513,0.5963736696886086,0.30096906423568726,-1.006488828788937,-0.005932214581197669,3.9146070345427315
Bearing3_1,1514,0.5967678360268033,0.3023597002029419,-1.020773825908931,-0.006510516173899107,0.9465867146899846
Bearing3_1,1515,0.5971620023649981,0.29657965898513794,-0.9872248625721678,-0.004855124948845574,0.6920260217521793
Bearing3_1,1516,0.5975561687031927,0.3093410134315491,-0.9781603336926643,-0.003224867863676739,1.5465537886534413
Bearing3_1,1517,0.5979503350413875,0.3011960983276367,-0.9840047830062149,-0.0011228787955028588,0.31793397858223554
Bearing3_1,1518,0.5983445013795822,0.31049644947052,-0.9819694620076479,-0.0008842472009772718,2.48415115477167
Bearing3_1,1519,0.598738667717777,0.308385968208313,-1.0069846386707941,-0.0013470474821370498,0.6497644669480236
Bearing3_1,1520,0.5991328340559716,0.307971715927124,-1.0329024501362896,-0.0029898437892188416,1.2186523294039375
Bearing3_1,1521,0.5995270003941663,0.3027218282222748,-1.0508304130298987,-0.004884341924070813,1.0724813452127724
Bearing3_1,1522,0.5999211667323611,0.3048720061779022,-1.0606170204618004,-0.006123487070660454,0.8790132850082878
Bearing3_1,1523,0.6003153330705557,0.3129603862762451,-1.0582181611878665,-0.008398804227135698,2.825356417430986
Bearing3_1,1524,0.6007094994087505,0.3137141466140747,-1.064344123333814,-0.011333575703826707,0.2654273221860449
Bearing3_1,1525,0.6011036657469452,0.3025554418563843,-1.0850555340907555,-0.012633338121477185,1.0433797702758352
Bearing3_1,1526,0.60149783208514,0.3021194040775299,-1.0947909850833064,-0.012673996891983692,0.4594928032597656
Bearing3_1,1527,0.6018919984233346,0.3011390268802643,-1.110753996540497,-0.012561290467232537,0.6043479717580348
Bearing3_1,1528,0.6022861647615294,0.3008915185928345,-1.1171626342501064,-0.011126103929352203,1.613549284047285
Bearing3_1,1529,0.6026803310997241,0.30417704582214355,-1.130941803446449,-0.010471481764664437,1.1539606508090734
Bearing3_1,1530,0.6030744974379189,0.3012949228286743,-1.1241822301621103,-0.00967349861215905,0.8720320600780105
Bearing3_1,1531,0.6034686637761135,0.3030163645744324,-1.1280409787505925,-0.00917476860555911,2.120332154437066
Bearing3_1,1532,0.6038628301143082,0.30686241388320923,-1.1477021455936587,-0.00946502073166903,0.9035149581198794
Bearing3_1,1533,0.604256996452503,0.30221033096313477,-1.1397133458420083,-0.008104018918131421,0.2615057262576592
Bearing3_1,1534,0.6046511627906976,0.3001208007335663,-1.154328488008017,-0.006960783733631484,2.2648021486533234
Bearing3_1,1535,0.6050453291288924,0.309170663356781,-1.1563537716195935,-0.006218059709629365,0.44585559072848574
Bearing3_1,1536,0.6054394954670871,0.2979232966899872,-1.1649179624246433,-0.005727282371117137,1.1468818672520016
Bearing3_1,1537,0.6058336618052819,0.2997943162918091,-1.1758142829048575,-0.006045026582110055,0.6775321539593308
Bearing3_1,1538,0.6062278281434765,0.3114454746246338,-1.199710735126301,-0.007304846623830098,2.8629637594216835
Bearing3_1,1539,0.6066219944816713,0.3104719817638397,-1.1978033105270127,-0.008378653562603375,1.4831004508754912
Bearing3_1,1540,0.607016160819866,0.30406826734542847,-1.2119775992032982,-0.008964522791059781,0.7588088619691894
Bearing3_1,1541,0.6074103271580606,0.3109551668167114,-1.239127822408909,-0.01022437689976726,3.540037978718516
Bearing3_1,1542,0.6078044934962554,0.3037125766277313,-1.2344038012730474,-0.011190794388682859,2.430841651222503
Bearing3_1,1543,0.6081986598344501,0.30944353342056274,-1.257344207515377,-0.011824990953683513,2.634456311493129
Bearing3_1,1544,0.6085928261726449,0.3092535436153412,-1.266530120408547,-0.012508751497580461,1.0627740104069658
Bearing3_1,1545,0.6089869925108395,0.2950769364833832,-1.2741335303127517,-0.012382242611563012,0.6556585292169543
Bearing3_1,1546,0.6093811588490343,0.3017432689666748,-1.2817794122334187,-0.011816094445274258,1.1268514216686887
Bearing3_1,1547,0.609775325187229,0.31117260456085205,-1.2824972965468586,-0.010599022548596192,0.34321285199130547
Bearing3_1,1548,0.6101694915254238,0.3081483542919159,-1.264858025942507,-0.008719777995631537,1.095588659136507
Bearing3_1,1549,0.6105636578636184,0.30423209071159363,-1.2601657473543715,-0.005667765203165043,0.35190317582874386
Bearing3_1,1550,0.6109578242018132,0.3151669502258301,-1.272033889714784,-0.0034521498835963396,2.371021115093847
Bearing3_1,1551,0.6113519905400079,0.3124349117279053,-1.2697321765598333,-0.002193046417628795,1.9479777423010245
Bearing3_1,1552,0.6117461568782026,0.30499324202537537,-1.2842530472891398,-0.0010400938351002313,0.7203446761371033
Bearing3_1,1553,0.6121403232163973,0.30554670095443726,-1.277521558324502,-0.0004450962583395488,0.6468539888686361
Bearing3_1,1554,0.612534489554592,0.3047301769256592,-1.2654363030607623,0.0004412768164031759,0.6080503593608477
Bearing3_1,1555,0.6129286558927868,0.3051448464393616,-1.275010773835438,0.00028525364500104494,1.7405911084740668
Bearing3_1,1556,0.6133228222309814,0.30868011713027954,-1.2597376753863812,0.00046321636426282793,1.5698801066079437
Bearing3_1,1557,0.6137169885691762,0.3012378513813019,-1.2601430030085117,0.0003040387820634676,1.5769096079720988
Bearing3_1,1558,0.6141111549073709,0.30646657943725586,-1.2688736488632046,0.000573634393069783,1.8651747320893644
Bearing3_1,1559,0.6145053212455657,0.30175191164016724,-1.2903112788623017,3.539752116102744e-05,1.0837590470382816
Bearing3_1,1560,0.6148994875837603,0.30214256048202515,-1.2955963889276805,-0.0012169271903664368,0.9288148896088307
Bearing3_1,1561,0.6152936539219551,0.3111780285835266,-1.288062033695273,-0.0016192334763065193,0.76202364501785
Bearing3_1,1562,0.6156878202601498,0.29597997665405273,-1.2966006270154629,-0.003233159178205392,0.9610193569013268
Bearing3_1,1563,0.6160819865983445,0.3098187744617462,-1.3141603739607781,-0.005206455694917456,1.433731259801829
Bearing3_1,1564,0.6164761529365392,0.3149588108062744,-1.3276879327280775,-0.006667828513035605,0.31889438417468324
Bearing3_1,1565,0.6168703192747339,0.3085872530937195,-1.3159467180435913,-0.007372504282829065,0.9017887613090532
Bearing3_1,1566,0.6172644856129287,0.30879101157188416,-1.30724105324674,-0.006087925782758324,1.1864509422484988
Bearing3_1,1567,0.6176586519511233,0.3109453618526459,-1.3248229559767517,-0.005213583480825907,4.195345560890758
Bearing3_1,1568,0.6180528182893181,0.29765546321868896,-1.3200579269259183,-0.0038773741304549544,0.42123652667904715
Bearing3_1,1569,0.6184469846275128,0.31016403436660767,-1.2979539692420317,-0.002144254202566793,0.842561120133957
Bearing3_1,1570,0.6188411509657076,0.3070005476474762,-1.280502091853392,0.00028108431040045764,1.3723280361052408
Bearing3_1,1571,0.6192353173039022,0.30976301431655884,-1.2935216539303953,0.002315594064063922,3.6923989069159324
Bearing3_1,1572,0.6196294836420969,0.3048344850540161,-1.2843088395697797,0.004349558624961915,1.2675390075785828
Bearing3_1,1573,0.6200236499802917,0.31139397621154785,-1.277990058038559,0.005408542837321434,1.8123457299211365
Bearing3_1,1574,0.6204178163184864,0.3128806948661804,-1.2965771582115562,0.004113419899125162,2.377067486997264
Bearing3_1,1575,0.6208119826566811,0.3054770827293396,-1.2975030496410642,0.0031734411405090887,2.5746943608285013
Bearing3_1,1576,0.6212061489948758,0.3101527988910675,-1.3264749142013186,0.0010099968965476885,1.6411539752343152
Bearing3_1,1577,0.6216003153330706,0.3057125210762024,-1.3135679994503606,-0.0013884229556703782,0.30770242330725883
Bearing3_1,1578,0.6219944816712653,0.31505343317985535,-1.314965302320105,-0.003681814440138826,1.0218247197090993
Bearing3_1,1579,0.62238864800946,0.3029628396034241,-1.3163467645625233,-0.004638690014732363,0.757249558298917
Bearing3_1,1580,0.6227828143476547,0.313787043094635,-1.3368574163274083,-0.005327926946707388,3.234150196157586
Bearing3_1,1581,0.6231769806858495,0.2999066114425659,-1.3323515257216794,-0.0059562639904851,1.2221640628088977
Bearing3_1,1582,0.6235711470240441,0.30183082818984985,-1.333495635814072,-0.005562154302639741,0.8116050512487661
Bearing3_1,1583,0.6239653133622388,0.3085451126098633,-1.3142588905577133,-0.003101311907889899,0.40792496006665163
Bearing3_1,1584,0.6243594797004336,0.3032570481300354,-1.2752950647077999,0.0006853122794936452,0.49793637103154986
Bearing3_1,1585,0.6247536460386283,0.30593326687812805,-1.2747916165928537,0.004179706408103943,1.2450656990091324
Bearing3_1,1586,0.625147812376823,0.30470648407936096,-1.2842385385059398,0.004952066152005184,2.705996706264867
Bearing3_1,1587,0.6255419787150177,0.31385982036590576,-1.2958161665574974,0.005441423825638314,0.36721620292898405
Bearing3_1,1588,0.6259361450532125,0.2993103265762329,-1.3147628306008263,0.0045889998402237255,1.7909929626411434
Bearing3_1,1589,0.6263303113914072,0.30235719680786133,-1.345969293601382,0.0019398534602020987,0.7742336226126816
Bearing3_1,1590,0.6267244777296019,0.30950602889060974,-1.3367396289433713,-0.001214172492025105,0.9520540208266296
Bearing3_1,1591,0.6271186440677966,0.30844607949256897,-1.3265452398293565,-0.003513175875033657,1.1298937170421406
Bearing3_1,1592,0.6275128104059914,0.30542314052581787,-1.3361025234037398,-0.006480138863923507,1.3025126438054704
Bearing3_1,1593,0.627906976744186,0.3089372217655182,-1.3558037781540506,-0.009207667427077093,0.7869978362980071
Bearing3_1,1594,0.6283011430823807,0.31137871742248535,-1.3784020804814674,-0.010066667877533882,0.8548026534186409
Bearing3_1,1595,0.6286953094205755,0.29935944080352783,-1.3789966989297537,-0.009674756844492696,1.1286827831590427
Bearing3_1,1596,0.6290894757587702,0.3146209716796875,-1.3726026254432497,-0.008300781053824913,2.013897955562171
Bearing3_1,1597,0.629483642096965,0.30952510237693787,-1.3628387941600963,-0.006094994676151877,0.2834186227475162
Bearing3_1,1598,0.6298778084351596,0.3055424690246582,-1.3472917981003005,-0.0034919057817107066,1.1720147798805196
Bearing3_1,1599,0.6302719747733544,0.30866295099258423,-1.3302829581278854,-0.001647202331241832,0.6113550949835693
Bearing3_1,1600,0.6306661411115491,0.3121069669723511,-1.3272279068470005,0.0007893138575245543,0.6574688326274267
Bearing3_1,1601,0.6310603074497438,0.30572929978370667,-1.3040452037085983,0.005054673466333616,0.9512673286782195
Bearing3_1,1602,0.6314544737879385,0.3023742437362671,-1.3016705564544766,0.008539679340156996,3.3562098674642167
Bearing3_1,1603,0.6318486401261332,0.3066158592700958,-1.3003014885917792,0.010368587484358142,0.9569354723229885
Bearing3_1,1604,0.632242806464328,0.3007839620113373,-1.2943816798654344,0.010341085772868231,0.39750460496205053
Bearing3_1,1605,0.6326369728025226,0.3024135231971741,-1.2999138072269407,0.008953761331579699,0.4056766485946435
Bearing3_1,1606,0.6330311391407174,0.3115725517272949,-1.2775399318704292,0.008254521151833718,0.8197892268497684
Bearing3_1,1607,0.6334253054789121,0.30285173654556274,-1.2679942705807201,0.007574600418005487,1.1287435058610293
Bearing3_1,1608,0.6338194718171068,0.305722177028656,-1.2540363787228996,0.0075428550552038365,0.7602382341435958
Bearing3_1,1609,0.6342136381553015,0.30071645975112915,-1.2506350803416544,0.007700189003753528,1.705974893865706
Bearing3_1,1610,0.6346078044934963,0.30633217096328735,-1.2556587421726204,0.006821746297991569,1.304534722353617
Bearing3_1,1611,0.635001970831691,0.3041975796222687,-1.265313160093998,0.006094707494540313,0.4783310786520541
Bearing3_1,1612,0.6353961371698857,0.2964726388454437,-1.24281050266783,0.006283916869280874,0.3312917786804605
Bearing3_1,1613,0.6357903035080804,0.30301499366760254,-1.2476699070305604,0.005585883817668741,3.701565897677973
Bearing3_1,1614,0.6361844698462751,0.3002288043498993,-1.2307941903973547,0.005565039751306338,2.002685250914565
Bearing3_1,1615,0.6365786361844699,0.30287742614746094,-1.231373943836394,0.004373006831222225,1.865526496313296
Bearing3_1,1616,0.6369728025226645,0.2979981005191803,-1.2613387092049817,0.0022073376312789807,2.182462164759297
Bearing3_1,1617,0.6373669688608593,0.31015050411224365,-1.2651356649941532,0.0002745607146894441,1.6454393887801166
Bearing3_1,1618,0.637761135199054,0.3072819709777832,-1.2457623115241998,0.00029438852835731344,1.5863529310301367
Bearing3_1,1619,0.6381553015372488,0.2991883158683777,-1.230744175133713,0.0012598489196656679,2.0344080224872636
Bearing3_1,1620,0.6385494678754434,0.3056963086128235,-1.2092292959352329,0.002822835506306212,0.7106930980980279
Bearing3_1,1621,0.6389436342136382,0.30109071731567383,-1.2032619589379188,0.0035049041739522026,1.2670489514867727
Bearing3_1,1622,0.6393378005518329,0.3076215982437134,-1.2148750283404188,0.00430157408252661,1.8872390738895335
Bearing3_1,1623,0.6397319668900275,0.316224068403244,-1.1841709655620558,0.006110438950861084,0.697220138589824
Bearing3_1,1624,0.6401261332282223,0.3072569966316223,-1.1837255443897914,0.008298963156035755,1.1441214358492626
Bearing3_1,1625,0.640520299566417,0.30485525727272034,-1.165905209520067,0.010850326355046552,0.20519557204525438
Bearing3_1,1626,0.6409144659046118,0.30684536695480347,-1.1449228287270001,0.011754971611333005,1.927347235730998
Bearing3_1,1627,0.6413086322428064,0.3086881637573242,-1.1505601385794848,0.010687895271806054,1.224561540918395
Bearing3_1,1628,0.6417027985810012,0.30541983246803284,-1.174026349116081,0.008243606450526287,0.3519508236632221
Bearing3_1,1629,0.6420969649191959,0.3079237639904022,-1.1965111917813689,0.004704553941316377,1.902343060259487
Bearing3_1,1630,0.6424911312573907,0.30038532614707947,-1.2024470856347667,0.0018611054308823002,1.0393474308482515
Bearing3_1,1631,0.6428852975955853,0.3040775656700134,-1.2260437942351277,-0.001953822419150117,2.9515329119244864
Bearing3_1,1632,0.6432794639337801,0.30605682730674744,-1.2506304200332896,-0.007607900117767628,2.0162651351806153
Bearing3_1,1633,0.6436736302719748,0.30433958768844604,-1.2768984400025105,-0.012214442699871523,0.5713137532582664
Bearing3_1,1634,0.6440677966101694,0.3075142800807953,-1.3062142498890983,-0.017266365325632825,1.3991274914615772
Bearing3_1,1635,0.6444619629483642,0.30526864528656006,-1.3387539186906119,-0.02142044507047316,0.5478810762853773
Bearing3_1,1636,0.6448561292865589,0.3089027404785156,-1.3783260583027188,-0.024239043902853717,2.647538219314936
Bearing3_1,1637,0.6452502956247537,0.3090687692165375,-1.4306513211594498,-0.027458438583334112,2.4380944310933423
Bearing3_1,1638,0.6456444619629483,0.30716556310653687,-1.4564375790115611,-0.03025372581782438,2.4544747256839368
Bearing3_1,1639,0.6460386283011431,0.31203141808509827,-1.4765282509912097,-0.03222069097561188,1.263353164177654
Bearing3_1,1640,0.6464327946393378,0.3106008470058441,-1.5197837855789202,-0.03354862901374538,1.4083437644165344
Bearing3_1,1641,0.6468269609775326,0.30920395255088806,-1.5283232096038164,-0.033068962269695426,0.6155037253000509
Bearing3_1,1642,0.6472211273157272,0.311593621969223,-1.5255384994850987,-0.030412517719426945,0.9664425353601306
Bearing3_1,1643,0.647615293653922,0.3005620837211609,-1.552000165813019,-0.027618418973456002,2.4115371122256737
Bearing3_1,1644,0.6480094599921167,0.31381356716156006,-1.5691517676133075,-0.02437968309617626,0.5344083053569932
Bearing3_1,1645,0.6484036263303113,0.30337753891944885,-1.5767222997742223,-0.02053607516323871,0.5954307235373953
Bearing3_1,1646,0.6487977926685061,0.31159287691116333,-1.5723188465814997,-0.016205956289885727,1.4080854100633609
Bearing3_1,1647,0.6491919590067008,0.3082696795463562,-1.5560895176483314,-0.012127524413308282,1.4160334208699903
Bearing3_1,1648,0.6495861253448956,0.3153671324253082,-1.5753942634528892,-0.009300699540588302,1.150183522737666
Bearing3_1,1649,0.6499802916830902,0.321489542722702,-1.595061717971654,-0.007444123840973539,1.285112006669691
Bearing3_1,1650,0.650374458021285,0.3131614923477173,-1.6045472168910646,-0.00755187200062316,0.3913493596426488
Bearing3_1,1651,0.6507686243594797,0.31229454278945923,-1.6357153736886256,-0.008901560844076528,1.6326284072994723
Bearing3_1,1652,0.6511627906976745,0.3097612261772156,-1.6456326590482746,-0.009304821983053092,1.3072066469609136
Bearing3_1,1653,0.6515569570358691,0.30964750051498413,-1.6551470238315324,-0.010535472779787785,2.360221777411318
Bearing3_1,1654,0.6519511233740638,0.3223128318786621,-1.657714671819464,-0.011799352277477216,0.3756996547040639
Bearing3_1,1655,0.6523452897122586,0.31172317266464233,-1.6589473040351284,-0.012561678655765001,0.6163222245780731
Bearing3_1,1656,0.6527394560504532,0.31181368231773376,-1.657156527766538,-0.011936096063997799,1.050778825226926
Bearing3_1,1657,0.653133622388648,0.3177763521671295,-1.6677778140072728,-0.009779565566362013,2.4153944495804507
Bearing3_1,1658,0.6535277887268427,0.3123759329319,-1.680072014659162,-0.008226813353570204,1.356825391996157
Bearing3_1,1659,0.6539219550650375,0.31058740615844727,-1.6703647120906642,-0.0061869143176110425,0.9461411005757153
Bearing3_1,1660,0.6543161214032321,0.31568363308906555,-1.6614252432415497,-0.0033790109194304675,0.43383557587216753
Bearing3_1,1661,0.6547102877414269,0.31394702196121216,-1.6553108231343145,-0.0016260401946261616,1.9227275330245694
Bearing3_1,1662,0.6551044540796216,0.3033132553100586,-1.663304380146755,-0.000732713428468678,0.5793934556390804
Bearing3_1,1663,0.6554986204178164,0.31108957529067993,-1.661664718754357,-0.0001700388919311471,1.4892002537278617
Bearing3_1,1664,0.655892786756011,0.3057410717010498,-1.6794485252716307,-0.000669564335254594,1.7397281672185037
Bearing3_1,1665,0.6562869530942057,0.3169345557689667,-1.6974896772230363,-0.001971887445430318,0.6299334759541557
Bearing3_1,1666,0.6566811194324005,0.31845536828041077,-1.7352288112580723,-0.004746143410060676,3.055685546419143
Bearing3_1,1667,0.6570752857705952,0.31157636642456055,-1.7471898103663417,-0.007934572548263383,0.321754322862355
Bearing3_1,1668,0.6574694521087899,0.3124576807022095,-1.739583285873972,-0.01056514407447406,0.7851388792940175
Bearing3_1,1669,0.6578636184469846,0.3124443292617798,-1.7457318469084666,-0.012162589410547505,0.5836052601952065
Bearing3_1,1670,0.6582577847851794,0.31201961636543274,-1.7451998833384479,-0.012221512933857119,0.4678966743508753
Bearing3_1,1671,0.658651951123374,0.31669631600379944,-1.7455385249405573,-0.010875829627140074,2.0268042327117723
Bearing3_1,1672,0.6590461174615688,0.3190890848636627,-1.747800198019077,-0.009092744994550527,0.36767432617130225
Bearing3_1,1673,0.6594402837997635,0.3206239342689514,-1.7665551219242321,-0.007199153720054155,3.028603472772814
Bearing3_1,1674,0.6598344501379583,0.3119451105594635,-1.7479565948183684,-0.004205285605542553,2.0156369129408063
Bearing3_1,1675,0.6602286164761529,0.3118099272251129,-1.7433077827554402,-0.0013301885443984221,0.8591970032403671
Bearing3_1,1676,0.6606227828143476,0.3124113082885742,-1.7153413480310014,0.0011097791179539628,0.7068261431724393
Bearing3_1,1677,0.6610169491525424,0.3184257447719574,-1.7070631226416204,0.0029628262461204266,1.8568608764322558
Bearing3_1,1678,0.6614111154907371,0.31498199701309204,-1.7145311943524277,0.00442924154743452,1.0213353550766284
Bearing3_1,1679,0.6618052818289318,0.314334511756897,-1.722674008003883,0.004737937592472089,0.5767969629597175
Bearing3_1,1680,0.6621994481671265,0.30619972944259644,-1.713292644219818,0.005314319670949798,2.103983792695964
Bearing3_1,1681,0.6625936145053213,0.31137147545814514,-1.7265030635042293,0.004760802904456808,4.235767770992187
Bearing3_1,1682,0.662987780843516,0.31174591183662415,-1.723326235760992,0.003999056580101782,1.358930068505391
Bearing3_1,1683,0.6633819471817107,0.30199503898620605,-1.6798775661743075,0.004060255339427259,1.0810202394548836
Bearing3_1,1684,0.6637761135199054,0.31498077511787415,-1.6850766924520546,0.0040271301603583606,2.8238633681374155
Bearing3_1,1685,0.6641702798581001,0.30729612708091736,-1.6888629336176801,0.003335222905343723,0.7519240641867876
Bearing3_1,1686,0.6645644461962948,0.31360360980033875,-1.7027663093145886,0.003089441119548059,1.634157789638331
Bearing3_1,1687,0.6649586125344895,0.3126632571220398,-1.6964288749896137,0.0035887945505714202,0.5278657170876512
Bearing3_1,1688,0.6653527788726843,0.311401903629303,-1.6807195360914295,0.004318249593478196,0.3118869780794189
Bearing3_1,1689,0.665746945210879,0.30809205770492554,-1.6701248780905993,0.004672902547412055,1.089041293511729
Bearing3_1,1690,0.6661411115490737,0.31254252791404724,-1.67798706751542,0.004587173907253554,0.3912559497718907
Bearing3_1,1691,0.6665352778872684,0.3134140372276306,-1.6416005016450772,0.005177526038584537,0.4954042469306906
Bearing3_1,1692,0.6669294442254632,0.31165844202041626,-1.6304188603974847,0.00556045242861636,1.3158153157363637
Bearing3_1,1693,0.6673236105636579,0.3101057708263397,-1.6431961077992248,0.007016866019320028,1.381843145214696
Bearing3_1,1694,0.6677177769018526,0.31249234080314636,-1.6017662009995726,0.00994186055179028,2.5985660516219657
Bearing3_1,1695,0.6681119432400473,0.309480220079422,-1.5617007589893874,0.013790002613744298,0.8109892124171263
Bearing3_1,1696,0.668506109578242,0.31290119886398315,-1.5280571584460438,0.017004998754289305,2.4646525042802905
Bearing3_1,1697,0.6689002759164367,0.32157593965530396,-1.5132514626682458,0.019332387245366536,1.7549625251039027
Bearing3_1,1698,0.6692944422546314,0.3110024929046631,-1.4972469828749444,0.021359704350849842,0.4890312547793198
Bearing3_1,1699,0.6696886085928262,0.31242501735687256,-1.4611871335668511,0.02383632312511498,0.9941577971815238
Bearing3_1,1700,0.6700827749310209,0.2994704246520996,-1.4463263742054604,0.024066804090483104,1.9891207044738615
Bearing3_1,1701,0.6704769412692156,0.3022822141647339,-1.4255415464699488,0.025048765586599447,0.9389777703994178
Bearing3_1,1702,0.6708711076074103,0.30789315700531006,-1.4110977949223835,0.024945114399693644,1.8432363616088447
Bearing3_1,1703,0.6712652739456051,0.31433820724487305,-1.4120431354722816,0.021279645532070127,3.0159077764220283
Bearing3_1,1704,0.6716594402837998,0.3226628005504608,-1.4363323037743247,0.01624945251550054,0.38028384154442346
Bearing3_1,1705,0.6720536066219945,0.31066662073135376,-1.4436346171495766,0.011486721603684129,1.0047004148693177
Bearing3_1,1706,0.6724477729601892,0.31218770146369934,-1.4280998010253003,0.008383146251962532,0.28414462362390946
Bearing3_1,1707,0.6728419392983839,0.3052555024623871,-1.3934934134737982,0.006942634092227664,0.29173338987375397
Bearing3_1,1708,0.6732361056365787,0.3127673268318176,-1.392937901896818,0.0051477751660094166,3.194903215493366
Bearing3_1,1709,0.6736302719747733,0.30972862243652344,-1.391591609133408,0.004565987847690946,1.0344452355717109
Bearing3_1,1710,0.6740244383129681,0.31309035420417786,-1.391449033007625,0.004139112585375253,2.1091090150394294
Bearing3_1,1711,0.6744186046511628,0.30955708026885986,-1.4076631998118507,0.0035483035137075934,0.8802791584788976
Bearing3_1,1712,0.6748127709893575,0.31480127573013306,-1.382622499424794,0.005069560364406798,2.325378009820357
Bearing3_1,1713,0.6752069373275522,0.3081991672515869,-1.3405056287016572,0.008479923272464628,1.3672932063554164
Bearing3_1,1714,0.675601103665747,0.2982650399208069,-1.326039482011896,0.010192949546244447,2.530579506414951
Bearing3_1,1715,0.6759952700039417,0.31159913539886475,-1.2994572331865029,0.011532213085332806,2.0798528675101675
Bearing3_1,1716,0.6763894363421363,0.31280064582824707,-1.2928923842522284,0.012517609047750632,2.028236433583476
Bearing3_1,1717,0.6767836026803311,0.30579474568367004,-1.295941653096737,0.014004895979379385,0.9309205718771041
Bearing3_1,1718,0.6771777690185258,0.3072737157344818,-1.279670152854259,0.015234307812674572,1.2964191269470946
Bearing3_1,1719,0.6775719353567206,0.30788570642471313,-1.2645424437572061,0.016005677853156833,0.8874688898299721
Bearing3_1,1720,0.6779661016949152,0.31209465861320496,-1.2181236462416816,0.01777849749528109,1.252805140535025
Bearing3_1,1721,0.67836026803311,0.3135688304901123,-1.1795530304667197,0.01847331067435255,1.7054043770507663
Bearing3_1,1722,0.6787544343713047,0.3063817024230957,-1.1726026963766258,0.018451641261776775,0.8580719360352338
Bearing3_1,1723,0.6791486007094995,0.31873083114624023,-1.167145400204416,0.018989739348643765,1.4368398095519828
Bearing3_1,1724,0.6795427670476941,0.2985765337944031,-1.1426810116413784,0.019725332306178824,0.6602163148825371
Bearing3_1,1725,0.6799369333858889,0.302857369184494,-1.1436531617422336,0.019957521902687157,0.5675622720423565
Bearing3_1,1726,0.6803310997240836,0.3047140836715698,-1.1127126174784996,0.02042649994623844,1.1599285735074394
Bearing3_1,1727,0.6807252660622782,0.30001842975616455,-1.0928207080328018,0.019593209469633534,1.8857119545085128
Bearing3_1,1728,0.681119432400473,0.3052670657634735,-1.0877138199037149,0.017661171148793297,2.863259955458704
Bearing3_1,1729,0.6815135987386677,0.31769129633903503,-1.07560111904143,0.01507159611235946,1.6547192759942981
Bearing3_1,1730,0.6819077650768625,0.3038904666900635,-1.0752964610292053,0.013303027411375568,0.3843133837046795
Bearing3_1,1731,0.6823019314150571,0.31594011187553406,-1.0891278965315252,0.011620152550262884,3.0970931489391473
Bearing3_1,1732,0.6826960977532519,0.3077467381954193,-1.0912601711622645,0.00918826517668953,0.43134358784296306
Bearing3_1,1733,0.6830902640914466,0.3051488399505615,-1.0997630653856658,0.005670433314964506,2.255862962313643
Bearing3_1,1734,0.6834844304296414,0.31205055117607117,-1.1175152704800744,0.0019985030211560626,1.5714630456156355
Bearing3_1,1735,0.683878596767836,0.30333665013313293,-1.1124471706464516,-0.001766834757073053,1.7901287641867814
Bearing3_1,1736,0.6842727631060307,0.3150700032711029,-1.1289589841742917,-0.004748368396157022,1.0431134955702286
Bearing3_1,1737,0.6846669294442255,0.3075129985809326,-1.1259709933592343,-0.0060438677647575,0.42321718052677004
Bearing3_1,1738,0.6850610957824201,0.30568286776542664,-1.1583774057304614,-0.008364708777407808,6.395026320399754
Bearing3_1,1739,0.6854552621206149,0.3110218346118927,-1.1780791612888186,-0.010096149298461685,2.8706829600469135
Bearing3_1,1740,0.6858494284588096,0.3128102421760559,-1.1989951325078696,-0.01170599235492289,0.4264837601659452
Bearing3_1,1741,0.6862435947970044,0.3182084560394287,-1.2043408967139209,-0.013030140413945622,1.47668232528724
Bearing3_1,1742,0.686637761135199,0.3012310564517975,-1.2061600347104018,-0.013199144609584525,0.6464012087212132
Bearing3_1,1743,0.6870319274733938,0.3088490962982178,-1.2065207614310167,-0.012561958804294188,1.9418500296353187
Bearing3_1,1744,0.6874260938115885,0.3178996443748474,-1.2225958166870594,-0.012691041855077646,3.1833588618026107
Bearing3_1,1745,0.6878202601497833,0.3048255741596222,-1.261993187889494,-0.01335749551336469,0.6246719732608902
Bearing3_1,1746,0.6882144264879779,0.30968257784843445,-1.2883486986495423,-0.014749631057473492,0.3291196848856355
Bearing3_1,1747,0.6886085928261726,0.30634596943855286,-1.3393897817279354,-0.016794629751821118,2.404344426457422
Bearing3_1,1748,0.6890027591643674,0.3071976900100708,-1.3156788199926288,-0.0171198363475526,1.2397012317342373
Bearing3_1,1749,0.689396925502562,0.3027692437171936,-1.3376284980093955,-0.01804906466915375,1.8820731183049841
Bearing3_1,1750,0.6897910918407568,0.30151015520095825,-1.3577629833741847,-0.019537004374097378,0.41012688090298055
Bearing3_1,1751,0.6901852581789515,0.31378373503685,-1.381531000437521,-0.02075330685542864,1.8327661585718675
Bearing3_1,1752,0.6905794245171463,0.30750635266304016,-1.3949345983412187,-0.02067423171038033,1.683133728927698
Bearing3_1,1753,0.6909735908553409,0.3146820068359375,-1.4098557870949273,-0.019144911507444188,2.040977137651262
Bearing3_1,1754,0.6913677571935357,0.30637529492378235,-1.3883991974378107,-0.015052235241323798,0.6113681698510779
Bearing3_1,1755,0.6917619235317304,0.30184125900268555,-1.3743658520916209,-0.010810857239503834,1.382081258667207
Bearing3_1,1756,0.6921560898699252,0.3103427588939667,-1.3819766380981335,-0.007379554171107448,1.8572072347013522
Bearing3_1,1757,0.6925502562081198,0.30534952878952026,-1.368351430537257,-0.005472912720391388,0.3800857384436872
Bearing3_1,1758,0.6929444225463145,0.31187134981155396,-1.3896405213312453,-0.002795713332941255,2.4401718263886405
Bearing3_1,1759,0.6933385888845093,0.31064581871032715,-1.38058448537005,-0.00019135474462108143,1.4706316789079066
Bearing3_1,1760,0.693732755222704,0.3103766441345215,-1.3724279367210452,0.002036286107636492,0.2609253875771032
Bearing3_1,1761,0.6941269215608987,0.3283265233039856,-1.364265808353844,0.0033023565011172998,1.8076787565398695
Bearing3_1,1762,0.6945210878990934,0.30451682209968567,-1.3580908950945147,0.0038023920959674015,1.4909868589409747
Bearing3_1,1763,0.6949152542372882,0.30767911672592163,-1.3453840695096158,0.0035541910088774317,1.6176383231406988
Bearing3_1,1764,0.6953094205754828,0.3132251501083374,-1.3480941690657606,0.003807130255438103,1.0952617874487935
Bearing3_1,1765,0.6957035869136776,0.3067704439163208,-1.338794740255036,0.005014321631456409,0.4434625128147845
Bearing3_1,1766,0.6960977532518723,0.3037002384662628,-1.3133967134620848,0.006668309197727758,0.42149752114969824
Bearing3_1,1767,0.696491919590067,0.3197171092033386,-1.338237584183665,0.007044415536140455,5.3948044876716885
Bearing3_1,1768,0.6968860859282617,0.30529823899269104,-1.3083755081279445,0.007265073347646663,3.125747726843137
Bearing3_1,1769,0.6972802522664564,0.3167262077331543,-1.2979232662564288,0.007674558710729762,0.6138525203975791
Bearing3_1,1770,0.6976744186046512,0.3069331645965576,-1.2590995251415529,0.009743518418938276,2.6667565144741614
Bearing3_1,1771,0.6980685849428458,0.3137713670730591,-1.264066426090662,0.01071202043222708,6.211278669868585
Bearing3_1,1772,0.6984627512810406,0.3121495246887207,-1.253250781174339,0.011467589630807788,3.1613068405506706
Bearing3_1,1773,0.6988569176192353,0.3022913634777069,-1.2468914402845752,0.012146364414851597,1.8322347406395736
Bearing3_1,1774,0.6992510839574301,0.31297725439071655,-1.235820276284887,0.012054497516650059,0.6906830819951971
Bearing3_1,1775,0.6996452502956247,0.31566423177719116,-1.2253490963039997,0.011792852140777072,0.21087463760458872
Bearing3_1,1776,0.7000394166338195,0.30557605624198914,-1.2173937497562701,0.012283237830055341,0.5827459019562202
Bearing3_1,1777,0.7004335829720142,0.30329927802085876,-1.168073030109031,0.012644114255552646,1.272617462126729
Bearing3_1,1778,0.7008277493102089,0.3109138309955597,-1.1841996875687513,0.01205355923454192,3.5221455254126077
Bearing3_1,1779,0.7012219156484036,0.3089568018913269,-1.1618620444893737,0.011873075772214125,3.285377778495778
Bearing3_1,1780,0.7016160819865983,0.31072044372558594,-1.1732124407564355,0.01201250226337705,0.7401062068973321
Bearing3_1,1781,0.7020102483247931,0.3144320845603943,-1.1374640779947947,0.012729657152384414,1.5627441205055221
Bearing3_1,1782,0.7024044146629878,0.30985555052757263,-1.1346825872627229,0.012784998795794594,0.39542309234068607
Bearing3_1,1783,0.7027985810011825,0.310336709022522,-1.1395755228468356,0.011560218873793592,2.710955349767478
Bearing3_1,1784,0.7031927473393772,0.3114795684814453,-1.117291989563674,0.010988183004335284,2.0950403318803676
Bearing3_1,1785,0.703586913677572,0.3100387156009674,-1.1155184789428405,0.009774256237512349,2.091394581083445
Bearing3_1,1786,0.7039810800157666,0.3072620928287506,-1.115195168027276,0.0077770408376153935,0.7899860092631664
Bearing3_1,1787,0.7043752463539614,0.3113493323326111,-1.1013604149888716,0.008583725619580757,0.3090869134845446
Bearing3_1,1788,0.7047694126921561,0.3092016875743866,-1.082062233827522,0.008559290208545536,2.890493898719939
Bearing3_1,1789,0.7051635790303508,0.3196418285369873,-1.1027937212260743,0.00765519285692683,0.9353066241867574
Bearing3_1,1790,0.7055577453685455,0.312203973531723,-1.1335616212029003,0.003600173655273504,1.7390690178882418
Bearing3_1,1791,0.7059519117067402,0.314744234085083,-1.1636400065143273,-0.00019287655566384835,1.4776823012118832
Bearing3_1,1792,0.706346078044935,0.31773385405540466,-1.1900852129760389,-0.004925675876077256,0.30327953507279776
Bearing3_1,1793,0.7067402443831297,0.3123282790184021,-1.179618918572134,-0.008742235138087416,1.099736660853589
Bearing3_1,1794,0.7071344107213244,0.31336694955825806,-1.1978363297769463,-0.011581527995721428,0.8145780749683987
Bearing3_1,1795,0.7075285770595191,0.3193220794200897,-1.205828859114994,-0.013762247924790087,1.1955808456459718
Bearing3_1,1796,0.7079227433977139,0.3155345320701599,-1.2302860147465005,-0.016160769188816575,2.33844131109994
Bearing3_1,1797,0.7083169097359086,0.31819719076156616,-1.2702268309226923,-0.018420522990569305,1.3982869283446344
Bearing3_1,1798,0.7087110760741032,0.3157144784927368,-1.2675625257488798,-0.01720153999712932,1.4737375885405826
Bearing3_1,1799,0.709105242412298,0.3101026713848114,-1.2842242480509756,-0.01602498899314521,2.710060224222663
Bearing3_1,1800,0.7094994087504927,0.3084772825241089,-1.2570730740750036,-0.013219500294079495,2.6304038568847634
Bearing3_1,1801,0.7098935750886874,0.30965790152549744,-1.2331081623647908,-0.009614951760405156,1.722978884780433
Bearing3_1,1802,0.7102877414268821,0.30590149760246277,-1.2099378873203164,-0.005667545553867965,0.3670589902191819
Bearing3_1,1803,0.7106819077650769,0.306644082069397,-1.2144856397852983,-0.0010298071355327673,1.660701153599332
Bearing3_1,1804,0.7110760741032716,0.31926289200782776,-1.217705697138077,0.0026404246343077887,0.6959317612607139
Bearing3_1,1805,0.7114702404414663,0.30460867285728455,-1.2150451004124139,0.006163785389207173,0.6376373387540393
Bearing3_1,1806,0.711864406779661,0.3212236166000366,-1.2060287711405195,0.008660180896199389,1.7484200625544406
Bearing3_1,1807,0.7122585731178558,0.30460262298583984,-1.1757512917585877,0.009851327004932903,0.7633046677339865
Bearing3_1,1808,0.7126527394560505,0.31190329790115356,-1.1706836344977607,0.010351353076885636,1.152305674310205
Bearing3_1,1809,0.7130469057942451,0.3121238350868225,-1.159538696957839,0.009174213755105062,2.0208904952816384
Bearing3_1,1810,0.7134410721324399,0.3162406086921692,-1.1716534027374683,0.007635010551704818,0.4114321989859057
Bearing3_1,1811,0.7138352384706346,0.3154970705509186,-1.1748057015251006,0.006486134603144451,0.84755194792582
Bearing3_1,1812,0.7142294048088293,0.3103152811527252,-1.1815241893195547,0.005808784191915908,0.5309623863091554
Bearing3_1,1813,0.714623571147024,0.3155660927295685,-1.1980886679614318,0.0035803248055769504,2.7218871962034106
Bearing3_1,1814,0.7150177374852188,0.3102004826068878,-1.2077549870847997,0.00041118998506459593,0.2568077786409844
Bearing3_1,1815,0.7154119038234135,0.3140861392021179,-1.2098607995810027,-0.002816048887508889,0.43081826732484374
Bearing3_1,1816,0.7158060701616082,0.32061851024627686,-1.191781931310723,-0.0045189190645639945,0.5367080362598763
Bearing3_1,1817,0.7162002364998029,0.3081338703632355,-1.1883336026591007,-0.004187888930066027,0.7730541186995561
Bearing3_1,1818,0.7165944028379977,0.3095313310623169,-1.180980429704992,-0.0029654199576462275,0.8116281208467259
Bearing3_1,1819,0.7169885691761924,0.3113882541656494,-1.1629129203603372,0.0001103549993523245,1.015503587008183
Bearing3_1,1820,0.717382735514387,0.318340927362442,-1.1434795660660972,0.0034793837253038057,0.5210474879816509
Bearing3_1,1821,0.7177769018525818,0.3185843527317047,-1.1285258201879693,0.007112417014264102,1.2975355194805154
Bearing3_1,1822,0.7181710681907765,0.31183919310569763,-1.123285651256452,0.010022410254560144,1.356397944404532
Bearing3_1,1823,0.7185652345289713,0.3154126703739166,-1.1195374616080884,0.011326629953331451,2.934098581860897
Bearing3_1,1824,0.7189594008671659,0.3108876645565033,-1.102657487954733,0.011955018378263151,1.384600056460798
Bearing3_1,1825,0.7193535672053607,0.3062537610530853,-1.098621533049517,0.011389253217913503,1.126618714171013
Bearing3_1,1826,0.7197477335435554,0.3143678605556488,-1.104636325497165,0.01035231160835946,0.7341424958149424
Bearing3_1,1827,0.7201418998817501,0.3074693977832794,-1.1156538471703161,0.00788799247445613,1.322561570211127
Bearing3_1,1828,0.7205360662199448,0.31045255064964294,-1.125126395905085,0.004516233661187392,0.6519441353656119
Bearing3_1,1829,0.7209302325581395,0.31832531094551086,-1.127399366195314,0.0015479766817327635,0.6382709040887437
Bearing3_1,1830,0.7213243988963343,0.3091130256652832,-1.1440207761195886,-0.0014618130274908323,1.1737297247620955
Bearing3_1,1831,0.7217185652345289,0.3162299394607544,-1.1667982746583263,-0.004710535234182605,1.9295542482224624
Bearing3_1,1832,0.7221127315727237,0.30497294664382935,-1.1738237066727908,-0.00752920968901241,0.47224538785620135
Bearing3_1,1833,0.7225068979109184,0.3249279856681824,-1.1731371991540809,-0.009447976479399392,2.210942997789279
Bearing3_1,1834,0.7229010642491132,0.3189854323863983,-1.195032938723854,-0.01078603097190192,0.9213762328955746
Bearing3_1,1835,0.7232952305873078,0.31075790524482727,-1.1922473221819032,-0.010583376650021563,1.3813765987404252
Bearing3_1,1836,0.7236893969255026,0.3127844035625458,-1.200690792596135,-0.01010740337291357,1.7281898480819828
Bearing3_1,1837,0.7240835632636973,0.30679813027381897,-1.207844962917152,-0.00959186244184119,1.1550486306496393
Bearing3_1,1838,0.724477729601892,0.3045717179775238,-1.220995824058611,-0.009307676388719821,1.1839585456296846
Bearing3_1,1839,0.7248718959400867,0.3134133815765381,-1.239255162088739,-0.00900893190624463,1.0083528916798143
Bearing3_1,1840,0.7252660622782814,0.31726571917533875,-1.2365650166054603,-0.008315718381531027,1.185855532897341
Bearing3_1,1841,0.7256602286164762,0.3169459402561188,-1.2391277223953072,-0.00815904034204769,2.5004547602355314
Bearing3_1,1842,0.7260543949546708,0.31667661666870117,-1.2547019076094441,-0.008443504869912107,1.0708457295754068
Bearing3_1,1843,0.7264485612928656,0.32382506132125854,-1.2485156014458931,-0.007364425518679103,0.5918866801233036
Bearing3_1,1844,0.7268427276310603,0.3163335621356964,-1.2326327832867026,-0.005965048999271346,0.5114492466016188
Bearing3_1,1845,0.7272368939692551,0.31001704931259155,-1.247914173736589,-0.004757739406904935,1.6762842584315452
Bearing3_1,1846,0.7276310603074497,0.3093317449092865,-1.2525452264812542,-0.003691181003321335,0.8987311909701947
Bearing3_1,1847,0.7280252266456445,0.31578391790390015,-1.2595057515069863,-0.0028526936966622005,1.3589889054091795
Bearing3_1,1848,0.7284193929838392,0.30915912985801697,-1.2534671436999223,-0.0019353604815958206,0.3971875394249686
Bearing3_1,1849,0.7288135593220338,0.31344252824783325,-1.2463183463975882,-0.001451790317000835,0.7183150543961633
Bearing3_1,1850,0.7292077256602286,0.31358954310417175,-1.2670313701844242,-0.0018330640623922668,1.6885333977689625
Bearing3_1,1851,0.7296018919984233,0.31349074840545654,-1.2697048512390052,-0.0021617219654904716,0.6199164930841808
Bearing3_1,1852,0.7299960583366181,0.3133637309074402,-1.2596542158866264,-0.002609810544326254,0.46926186652659796
Bearing3_1,1853,0.7303902246748127,0.3141477108001709,-1.2719117581651713,-0.003254043948334636,2.1209328440231796
Bearing3_1,1854,0.7307843910130075,0.30623099207878113,-1.2861666844193294,-0.0033333744620264705,0.2980854810950931
Bearing3_1,1855,0.7311785573512022,0.3169584572315216,-1.2912265473305973,-0.0040585610901723015,0.8548695363947423
Bearing3_1,1856,0.731572723689397,0.31216326355934143,-1.283595798009836,-0.0041512634099329735,0.600541613814553
Bearing3_1,1857,0.7319668900275916,0.313986212015152,-1.2760766305143783,-0.003921493758583157,1.4002265346515734
Bearing3_1,1858,0.7323610563657864,0.30955713987350464,-1.277305255552031,-0.00315530702509023,0.7873079243817552
Bearing3_1,1859,0.7327552227039811,0.315321683883667,-1.2739605332603579,-0.0014411475967188133,0.5004786470127102
Bearing3_1,1860,0.7331493890421757,0.30985695123672485,-1.2666652106689127,-0.000374872923539219,1.2867173238160032
Bearing3_1,1861,0.7335435553803705,0.30705374479293823,-1.2631385111320945,0.0007010968114582515,1.0151855785720019
Bearing3_1,1862,0.7339377217185652,0.3166264593601227,-1.264585305592123,0.00228860084052899,0.36567119989504904
Bearing3_1,1863,0.73433188805676,0.3110426664352417,-1.2558239630988628,0.003596597577395735,1.1276121526619016
Bearing3_1,1864,0.7347260543949546,0.31927505135536194,-1.254043843470079,0.0038563597550545984,0.8150819602469969
Bearing3_1,1865,0.7351202207331494,0.3132883310317993,-1.2349725041495818,0.004429684841574225,0.9018000132383034
Bearing3_1,1866,0.7355143870713441,0.3162119686603546,-1.2419500451179422,0.004449266215676273,2.033337140550363
Bearing3_1,1867,0.7359085534095389,0.31491997838020325,-1.2514585789803863,0.003946681116470751,1.6018364657174773
Bearing3_1,1868,0.7363027197477335,0.3291538953781128,-1.2562153090216532,0.0028043290545163384,0.4461736305946368
Bearing3_1,1869,0.7366968860859283,0.3111006021499634,-1.2539323095072918,0.0017538500093916324,0.5313965599143546
Bearing3_1,1870,0.737091052424123,0.3143988847732544,-1.2513437335573248,0.0010881545069909785,1.297688772014101
Bearing3_1,1871,0.7374852187623177,0.31541550159454346,-1.2570312414938694,0.00016162972733531,1.7983531072894083
Bearing3_1,1872,0.7378793851005124,0.31016260385513306,-1.2473655680960936,-0.0004081569781190345,1.2984865903718812
Bearing3_1,1873,0.7382735514387071,0.30459660291671753,-1.2317608027657727,0.0002485907431338397,0.5319479044476111
Bearing3_1,1874,0.7386677177769019,0.3091230094432831,-1.2330264823764314,0.0006633013659292239,2.5486992612636996
Bearing3_1,1875,0.7390618841150965,0.31716567277908325,-1.2492496343794715,0.0012097795178810493,0.6212839482177416
Bearing3_1,1876,0.7394560504532913,0.3098002076148987,-1.2398801868010279,0.001975205172946862,0.4946930495701543
Bearing3_1,1877,0.739850216791486,0.3121642470359802,-1.2349076579013591,0.002352868227869066,2.0966230194482995
Bearing3_1,1878,0.7402443831296808,0.3159356415271759,-1.235933368078093,0.002156850893684627,0.9216408732427426
Bearing3_1,1879,0.7406385494678754,0.31926026940345764,-1.248487036444849,0.0011824462714398914,0.8406414404279806
Bearing3_1,1880,0.7410327158060701,0.3060418367385864,-1.2357768649700334,0.001007892149789662,1.3536620283783714
Bearing3_1,1881,0.7414268821442649,0.3134691119194031,-1.2129131975017908,0.0015125906507916108,0.932394951768511
Bearing3_1,1882,0.7418210484824596,0.3050054907798767,-1.2150009319628199,0.002013026783563955,1.1770584100219363
Bearing3_1,1883,0.7422152148206543,0.31310218572616577,-1.214940965549089,0.0031647528805215084,0.4409047732883977
Bearing3_1,1884,0.742609381158849,0.31061890721321106,-1.1984981466313722,0.0049251045538962635,0.9126057626347065
Bearing3_1,1885,0.7430035474970438,0.3084350526332855,-1.2023148296623876,0.004977204767860735,2.6707918711788623
Bearing3_1,1886,0.7433977138352384,0.3061137795448303,-1.2004005569831722,0.005189442969956421,1.0774692814473978
Bearing3_1,1887,0.7437918801734332,0.32133638858795166,-1.1986882462172088,0.005348040900260073,1.9880452966212845
Bearing3_1,1888,0.7441860465116279,0.3165430426597595,-1.1843552693794113,0.005781033716792842,0.40393099663240445
Bearing3_1,1889,0.7445802128498227,0.323886513710022,-1.1865634951986312,0.004631477552691313,2.34937642625275
Bearing3_1,1890,0.7449743791880173,0.3055245578289032,-1.1964379945031862,0.003040068721859736,0.6337129927032811
Bearing3_1,1891,0.745368545526212,0.31657740473747253,-1.2021426142743423,0.002184908516946757,0.5359674204474458
Bearing3_1,1892,0.7457627118644068,0.30671700835227966,-1.1780286572766205,0.002375320235993047,1.8891065169854158
Bearing3_1,1893,0.7461568782026015,0.3139379322528839,-1.1964355344744182,0.0011175694483633479,4.645297262455902
Bearing3_1,1894,0.7465510445407962,0.31481343507766724,-1.197782659058611,0.0006582188103567321,1.0666893046263721
Bearing3_1,1895,0.7469452108789909,0.3149963617324829,-1.1976783756601326,-5.856175431889126e-05,2.4494039400484637
Bearing3_1,1896,0.7473393772171857,0.320523202419281,-1.2191414847982585,-0.0018746386267295056,1.1863796590766014
Bearing3_1,1897,0.7477335435553804,0.3164522647857666,-1.2105197627447148,-0.0028791229383058055,0.9236370534956319
Bearing3_1,1898,0.7481277098935751,0.32144930958747864,-1.2235319579414141,-0.0034944192407882165,1.7996070373714286
Bearing3_1,1899,0.7485218762317698,0.303808331489563,-1.1566288180383004,-0.00013279946908511714,5.677561572411225
Bearing3_1,1900,0.7489160425699646,0.3221886157989502,-1.1432086243557948,0.0029396863418409145,4.815599423272623
Bearing3_1,1901,0.7493102089081592,0.3169960081577301,-1.1637465069457704,0.0038664115401167635,3.8418350878275938
Bearing3_1,1902,0.7497043752463539,0.3035317361354828,-1.1958157937063514,0.0041860926867112016,0.823326669970166
Bearing3_1,1903,0.7500985415845487,0.31405431032180786,-1.1875616067185029,0.003944478721634877,0.8483600753137512
Bearing3_1,1904,0.7504927079227434,0.3164867162704468,-1.2046150362327257,0.002575306625855788,1.6874007873710357
Bearing3_1,1905,0.7508868742609381,0.31944897770881653,-1.192335318062605,0.001965706258940802,0.4841586665344932
Bearing3_1,1906,0.7512810405991328,0.32075899839401245,-1.182927920216006,0.0003735984066012876,1.3440250967053031
Bearing3_1,1907,0.7516752069373276,0.3173218071460724,-1.1828985466882964,-0.0010810780810481665,0.22899618396162577
Bearing3_1,1908,0.7520693732755223,0.32458969950675964,-1.1743320462620477,-0.0032707732077296827,0.9552916220334902
Bearing3_1,1909,0.752463539613717,0.31853288412094116,-1.229418899117873,-0.004601359001847014,0.7904241430445822
Bearing3_1,1910,0.7528577059519117,0.3176612854003906,-1.2424511621802503,-0.004865811916538224,0.7913874087642974
Bearing3_1,1911,0.7532518722901064,0.31987500190734863,-1.2277445012393682,-0.004494335645610533,1.0455842055097617
Bearing3_1,1912,0.7536460386283012,0.3181615471839905,-1.2276219525607028,-0.005478394087841672,0.9527289480018176
Bearing3_1,1913,0.7540402049664958,0.3188881576061249,-1.2314455305472969,-0.005735202998583778,0.9532144781779518
Bearing3_1,1914,0.7544343713046906,0.3195086419582367,-1.2250132205297823,-0.0062461275871515355,0.6309255943863057
Bearing3_1,1915,0.7548285376428853,0.3170987367630005,-1.2385725276511415,-0.006430752149215,1.5303263694367932
Bearing3_1,1916,0.75522270398108,0.313479483127594,-1.2332182180864129,-0.005135712580537731,0.7117722775470015
Bearing3_1,1917,0.7556168703192747,0.30502814054489136,-1.2391066689608123,-0.003550323638066385,1.2056639571727685
Bearing3_1,1918,0.7560110366574695,0.3165011405944824,-1.2417357382682839,-0.0008559278745858015,0.6854295625143045
Bearing3_1,1919,0.7564052029956642,0.30835431814193726,-1.2355321364405418,-0.0006785962380865942,0.3024808995357982
Bearing3_1,1920,0.7567993693338589,0.32254931330680847,-1.2374798284363562,-0.0014022200379700683,1.4579904192651132
Bearing3_1,1921,0.7571935356720536,0.3203756809234619,-1.2321730228177934,-0.0009161962413142684,0.37522147914090326
Bearing3_1,1922,0.7575877020102483,0.3077397346496582,-1.2242034968390336,6.637793371127223e-05,0.576380201557883
Bearing3_1,1923,0.757981868348443,0.3217574954032898,-1.2399948598261095,-0.00010873598932109966,3.395492552574325
Bearing3_1,1924,0.7583760346866377,0.3221212327480316,-1.2443872546994188,9.013814255626027e-06,0.6717495423639223
Bearing3_1,1925,0.7587702010248325,0.3127680718898773,-1.2364037627078885,-0.00010689021290646642,0.4425646842925519
Bearing3_1,1926,0.7591643673630272,0.3250300884246826,-1.2353600778956706,0.000164799933479746,0.2769673699709141
Bearing3_1,1927,0.759558533701222,0.3258521556854248,-1.2270667997448508,0.0005222492517295916,0.479309462187326
Bearing3_1,1928,0.7599527000394166,0.32308509945869446,-1.2165449891723388,0.001132406414455183,0.462591515429318
Bearing3_1,1929,0.7603468663776114,0.32629555463790894,-1.2073627498313617,0.002351644037678143,0.2746896086170417
Bearing3_1,1930,0.7607410327158061,0.3134589195251465,-1.1956315473177532,0.0037394721909020626,1.3082163033163081
Bearing3_1,1931,0.7611351990540007,0.31799352169036865,-1.1910457845723514,0.005223968006402351,1.0901891160151223
Bearing3_1,1932,0.7615293653921955,0.31528931856155396,-1.209025395303636,0.005760547535199075,2.911289726932021
Bearing3_1,1933,0.7619235317303902,0.315382719039917,-1.1611782943315574,0.0076702344144205185,3.285972936407176
Bearing3_1,1934,0.762317698068585,0.32620105147361755,-1.1656977134223896,0.008085228891138952,4.6867360435061185
Bearing3_1,1935,0.7627118644067796,0.3166237473487854,-1.1558984944277957,0.008613146400003564,1.1381659594190057
Bearing3_1,1936,0.7631060307449744,0.3231096863746643,-1.1540658645879605,0.008334783090278654,0.9592685818539822
Bearing3_1,1937,0.7635001970831691,0.3157232999801636,-1.1460350292297405,0.008061966151872393,0.30259096729064167
Bearing3_1,1938,0.7638943634213639,0.323752760887146,-1.1402204141904715,0.007825560792986332,0.6482620515234012
Bearing3_1,1939,0.7642885297595585,0.3175124526023865,-1.1442157980414969,0.00705822833184442,1.045085474746239
Bearing3_1,1940,0.7646826960977533,0.326299250125885,-1.158473785152265,0.005529850052963416,2.2865685343381537
Bearing3_1,1941,0.765076862435948,0.32518550753593445,-1.1705016808144113,0.003200725137168032,0.8595470073859801
Bearing3_1,1942,0.7654710287741426,0.3234665095806122,-1.1639402422390208,-0.00021816328396975697,0.93661480239695
Bearing3_1,1943,0.7658651951123374,0.3198181688785553,-1.1807585543223622,-0.0019110941547223193,0.9251725961086051
Bearing3_1,1944,0.7662593614505321,0.3214346170425415,-1.1662184772348678,-0.0028748880329300033,1.5528411655666072
Bearing3_1,1945,0.7666535277887269,0.3264453113079071,-1.1783828365907927,-0.003842598866518501,1.584648169458832
Bearing3_1,1946,0.7670476941269215,0.3155781924724579,-1.1787076834861916,-0.00443331581825493,0.6279405015582036
Bearing3_1,1947,0.7674418604651163,0.3245503008365631,-1.1885009858109397,-0.004724135158996519,0.7186442519016546
Bearing3_1,1948,0.767836026803311,0.31979691982269287,-1.2065376388793898,-0.005096392069566553,1.732922824400192
Bearing3_1,1949,0.7682301931415058,0.3169611096382141,-1.2109976586161293,-0.005174436559615968,0.7035500088223926
Bearing3_1,1950,0.7686243594797004,0.31853029131889343,-1.2021058235488264,-0.004908527240353018,0.8621275336405969
Bearing3_1,1951,0.7690185258178952,0.3253311216831207,-1.200046134479774,-0.004803257762720451,1.5078536894667423
Bearing3_1,1952,0.7694126921560899,0.3205181360244751,-1.1987283359211443,-0.0038305645354655346,1.0990714769690924
Bearing3_1,1953,0.7698068584942845,0.3189809322357178,-1.210470574785053,-0.0041979040071663,0.40852508391330533
Bearing3_1,1954,0.7702010248324793,0.3254685699939728,-1.2282566640814696,-0.004205909629048455,2.316957795144862
Bearing3_1,1955,0.770595191170674,0.32002443075180054,-1.2133564061118147,-0.00346015317514319,1.8522322476143553
Bearing3_1,1956,0.7709893575088688,0.3191279470920563,-1.209418420204988,-0.0020973318948494628,1.0303496590445427
Bearing3_1,1957,0.7713835238470634,0.3268670439720154,-1.215825849682767,-0.0013646422353717743,1.7387559753873163
Bearing3_1,1958,0.7717776901852582,0.3248363137245178,-1.2150392350153383,-0.0014602793880300789,0.7354497311260358
Bearing3_1,1959,0.7721718565234529,0.31920361518859863,-1.2088480048007306,-0.0014124980734203133,0.9553097885561342
Bearing3_1,1960,0.7725660228616477,0.32230839133262634,-1.222601983617429,-0.0015482011905726717,2.8752028411687096
Bearing3_1,1961,0.7729601891998423,0.3134855329990387,-1.2042803116325813,-0.0002987894728134497,1.7175392370173637
Bearing3_1,1962,0.773354355538037,0.32851776480674744,-1.1973992124405215,0.0014651315248189818,2.196619228993921
Bearing3_1,1963,0.7737485218762318,0.32356810569763184,-1.20262820693269,0.0021449081291559113,1.5483148727309368
Bearing3_1,1964,0.7741426882144264,0.3355710506439209,-1.1968586896156772,0.00185858738735833,1.1109374221126056
Bearing3_1,1965,0.7745368545526212,0.31525591015815735,-1.198444825562171,0.002098519162022419,0.9792732548619177
Bearing3_1,1966,0.7749310208908159,0.3267953395843506,-1.2211045139087067,0.0011842538988500494,2.9925641091241015
Bearing3_1,1967,0.7753251872290107,0.3256914019584656,-1.2342537508467197,-0.000732754814566252,0.8234591787235699
Bearing3_1,1968,0.7757193535672053,0.3152007460594177,-1.2311385818857816,-0.0022040357442367105,1.0051518120980618
Bearing3_1,1969,0.7761135199054001,0.3246613144874573,-1.2463738092836643,-0.00389843679802458,0.9210537614036575
Bearing3_1,1970,0.7765076862435948,0.3291877210140228,-1.2569111090472629,-0.0066296733420560935,2.3582354033090605
Bearing3_1,1971,0.7769018525817896,0.31704217195510864,-1.2612802115907504,-0.007961911584259707,2.313057713030922
Bearing3_1,1972,0.7772960189199842,0.3332882225513458,-1.2662593582760056,-0.008416091821240897,2.1826205718079583
Bearing3_1,1973,0.7776901852581789,0.3187139630317688,-1.2687339930610249,-0.00851918333584668,1.3207279457629353
Bearing3_1,1974,0.7780843515963737,0.3237433433532715,-1.253916060723617,-0.006628107251782889,0.6472909911711329
Bearing3_1,1975,0.7784785179345683,0.32697612047195435,-1.2658293077714304,-0.004800982541209229,1.6783432986243794
Bearing3_1,1976,0.7788726842727631,0.3193081319332123,-1.2669187210854331,-0.0037271446622682866,2.0067700155320627
Bearing3_1,1977,0.7792668506109578,0.3277553915977478,-1.2449059018387936,-0.0017738996242057366,1.578251416250162
Bearing3_1,1978,0.7796610169491526,0.3246780037879944,-1.2545292841677227,-8.771437088006203e-06,2.2503574373335113
Bearing3_1,1979,0.7800551832873472,0.3320549428462982,-1.2584828147226863,0.0008085514663479099,0.5372642210085086
Bearing3_1,1980,0.780449349625542,0.3307463824748993,-1.2417679962680854,0.001981880912631505,0.35081991048367395
Bearing3_1,1981,0.7808435159637367,0.32142308354377747,-1.2540393540999104,0.0020110371830172656,0.6571869686567139
Bearing3_1,1982,0.7812376823019315,0.3206872045993805,-1.2441409485656025,0.002160395400610811,0.48834010973962594
Bearing3_1,1983,0.7816318486401261,0.33371850848197937,-1.2213650351093004,0.003118998582147998,0.2686475740494807
Bearing3_1,1984,0.7820260149783208,0.3196004033088684,-1.2090042647677133,0.005165518569032585,0.8107328067220911
Bearing3_1,1985,0.7824201813165156,0.3279677629470825,-1.1999863561335247,0.006365322606038037,1.9723557070508047
Bearing3_1,1986,0.7828143476547103,0.32640236616134644,-1.193828229589747,0.007030300516765652,2.2418995066940495
Bearing3_1,1987,0.783208513992905,0.32400357723236084,-1.1974317556627112,0.008080298391523485,0.6737285618532066
Bearing3_1,1988,0.7836026803310997,0.31893426179885864,-1.1805501916353514,0.008834105831589523,0.46538538832010773
Bearing3_1,1989,0.7839968466692945,0.3287011682987213,-1.1814758753985728,0.008377136453241407,2.0545581533962314
Bearing3_1,1990,0.7843910130074891,0.33401286602020264,-1.1671505302834893,0.008882453319669864,1.270123808309116
Bearing3_1,1991,0.7847851793456839,0.3217306435108185,-1.1530693367483935,0.008433290632744348,0.6495249705768336
Bearing3_1,1992,0.7851793456838786,0.32800406217575073,-1.145540234714773,0.007830820942648758,0.7756895845416847
Bearing3_1,1993,0.7855735120220733,0.32379665970802307,-1.158871641320965,0.006824417682019449,2.1008362697830445
Bearing3_1,1994,0.785967678360268,0.3239870071411133,-1.178182873661934,0.004831230149342057,1.0490563371525565
Bearing3_1,1995,0.7863618446984627,0.32454732060432434,-1.1894915472440457,0.0024488071653041227,1.187093873714255
Bearing3_1,1996,0.7867560110366575,0.317934513092041,-1.1674772328809204,0.0015504969295736001,1.1308359875419143
Bearing3_1,1997,0.7871501773748522,0.33328843116760254,-1.1606339204319762,0.0004658171897233159,1.0376290286699785
Bearing3_1,1998,0.7875443437130469,0.31939589977264404,-1.1568526561064114,0.00026679146665831426,0.670994908784884
Bearing3_1,1999,0.7879385100512416,0.32543641328811646,-1.1209884484069976,0.0016750401486927571,1.147301017331554
Bearing3_1,2000,0.7883326763894364,0.32229968905448914,-1.1093993734295033,0.003937262267577001,1.3463691438658474
Bearing3_1,2001,0.788726842727631,0.32976439595222473,-1.1167214436714852,0.0060388309500990925,2.389551219630556
Bearing3_1,2002,0.7891210090658258,0.3280525207519531,-1.1144488189460202,0.00832572059471327,0.3446207260662507
Bearing3_1,2003,0.7895151754040205,0.31386375427246094,-1.0843873662343646,0.010986699755686736,0.7467580457422982
Bearing3_1,2004,0.7899093417422152,0.329037070274353,-1.0640202914211965,0.012568355082688406,1.9508652765023322
Bearing3_1,2005,0.7903035080804099,0.32993727922439575,-1.0548252918263452,0.012513855394350421,2.4745056741467693
Bearing3_1,2006,0.7906976744186046,0.3295709788799286,-1.0581027753932355,0.012115886585145556,0.31370790481974187
Bearing3_1,2007,0.7910918407567994,0.3328697979450226,-1.0478695471034398,0.011406563694553888,0.6162047393503162
Bearing3_1,2008,0.7914860070949941,0.33009013533592224,-1.033068590346087,0.010389809117539889,0.29021657952288427
Bearing3_1,2009,0.7918801734331888,0.32753586769104004,-1.051936479955798,0.009234431187104703,2.3438258935556178
Bearing3_1,2010,0.7922743397713835,0.324836790561676,-1.0598378189987756,0.007583682568567936,0.41892296658937617
Bearing3_1,2011,0.7926685061095783,0.32829606533050537,-1.0553968292194078,0.00508628562573453,1.3829645665433123
Bearing3_1,2012,0.793062672447773,0.3227519989013672,-1.046340196504205,0.0024910664860089147,0.8172639544823632
Bearing3_1,2013,0.7934568387859677,0.33299189805984497,-1.054675494899412,0.0006197324940876537,1.2005623701667227
Bearing3_1,2014,0.7938510051241624,0.3301253914833069,-1.0711802027617008,-0.0011541971977466717,2.8301717402705227
Bearing3_1,2015,0.7942451714623571,0.3281984031200409,-1.0662704784287391,-0.0019605369670293157,0.37405923028129257
Bearing3_1,2016,0.7946393378005518,0.3354742228984833,-1.0616022321062069,-0.002592014488604171,0.2059910960152267
Bearing3_1,2017,0.7950335041387465,0.3322455883026123,-1.06150122102923,-0.0024933494386245644,0.25026019300641683
Bearing3_1,2018,0.7954276704769413,0.319320410490036,-1.0605388662270063,-0.0011902294468117754,0.36288537307657226
Bearing3_1,2019,0.795821836815136,0.3180258870124817,-1.0460639345645788,-2.2453994290709418e-05,1.1289786020364232
Bearing3_1,2020,0.7962160031533307,0.3184271454811096,-1.0437591035766332,0.0006731012075413782,1.325356448860956
Bearing3_1,2021,0.7966101694915254,0.32100769877433777,-1.0449906159346156,0.0014026554730517608,1.6044129689359377
Bearing3_1,2022,0.7970043358297202,0.3286241888999939,-1.0551648700135656,0.0020548900209081855,0.3609933831741416
Bearing3_1,2023,0.7973985021679149,0.32929617166519165,-1.0668897157259363,0.0016188667097349666,1.5248178271795443
Bearing3_1,2024,0.7977926685061095,0.32952988147735596,-1.0610206305826755,0.0005507126195145864,1.0429577286390452
Bearing3_1,2025,0.7981868348443043,0.33471739292144775,-1.0466029077130363,0.00047314840281711604,0.7249904657186088
Bearing3_1,2026,0.798581001182499,0.3365883529186249,-1.0537264580447623,7.984852024640744e-05,2.3744522620557977
Bearing3_1,2027,0.7989751675206938,0.3275917172431946,-1.0515839420736712,-0.0002853167110293005,0.9525094410915301
Bearing3_1,2028,0.7993693338588884,0.3233019709587097,-1.0743770783036901,-0.0019497963735585029,2.723825042432031
Bearing3_1,2029,0.7997635001970832,0.3308817148208618,-1.089754003614201,-0.0033202860685393907,0.5636176222309961
Bearing3_1,2030,0.8001576665352779,0.3268890082836151,-1.0828362855368923,-0.00363021369283891,0.9813878003817232
Bearing3_1,2031,0.8005518328734726,0.32461047172546387,-1.0902404528637313,-0.003952443001737461,2.974211772497557
Bearing3_1,2032,0.8009459992116673,0.31978073716163635,-1.0632650342086742,-0.002933086571937256,3.2251348235706923
Bearing3_1,2033,0.8013401655498621,0.3252559304237366,-1.050895664155073,-0.0019225098025215926,2.6626409484860907
Bearing3_1,2034,0.8017343318880568,0.3221420645713806,-1.03878135326899,-5.3747388203566886e-05,1.1113849848850132
Bearing3_1,2035,0.8021284982262514,0.3229030966758728,-1.0314739025512514,0.0029052177739829895,0.4027728650988601
Bearing3_1,2036,0.8025226645644462,0.32792580127716064,-1.0051854109279375,0.006639815424880273,0.48846246661272863
Bearing3_1,2037,0.8029168309026409,0.3329164683818817,-0.9951551634047618,0.010475975555516541,0.8291844620537486
Bearing3_1,2038,0.8033109972408357,0.32432588934898376,-0.9813630583017682,0.012860904716812907,2.1476425353852746
Bearing3_1,2039,0.8037051635790303,0.3234909772872925,-0.9719788106027887,0.01360513091369322,0.7063062914690953
Bearing3_1,2040,0.8040993299172251,0.3233952522277832,-0.9750306941065163,0.013216493845688827,0.4526440870828921
Bearing3_1,2041,0.8044934962554198,0.328953355550766,-0.9399563145842882,0.012940659154921234,0.8130388864789087
Bearing3_1,2042,0.8048876625936146,0.31815263628959656,-0.9473956600441186,0.012235777309658295,0.9805911763628019
Bearing3_1,2043,0.8052818289318092,0.318447083234787,-0.9457456275098997,0.011041044646628518,1.8340363065183936
Bearing3_1,2044,0.8056759952700039,0.32427310943603516,-0.9429739329264784,0.009530570151522125,1.0218213252723423
Bearing3_1,2045,0.8060701616081987,0.32948213815689087,-0.936897581351305,0.007677394331486411,0.7245732014372548
Bearing3_1,2046,0.8064643279463933,0.3335014581680298,-0.9482808877200533,0.005809497348649642,2.1990556802661843
Bearing3_1,2047,0.8068584942845881,0.33330968022346497,-0.9610357314744924,0.0032248129873232436,0.9556387974818057
Bearing3_1,2048,0.8072526606227828,0.3261112570762634,-0.9576683976370642,0.0013297061824165107,0.5747686612775164
Bearing3_1,2049,0.8076468269609776,0.3283436894416809,-0.952392010471101,6.0810819043327466e-05,0.5097502995747588
Bearing3_1,2050,0.8080409932991722,0.3406567871570587,-0.9736641556060024,-0.0028092580292904132,3.0518370094559577
Bearing3_1,2051,0.808435159637367,0.3249760866165161,-0.9882694250470344,-0.004154250072932073,1.5648817356232874
Bearing3_1,2052,0.8088293259755617,0.3202880024909973,-0.9972443530550213,-0.0058991265481163025,0.892107387658444
Bearing3_1,2053,0.8092234923137565,0.32505515217781067,-1.0090097612493412,-0.007571523810274258,2.0157891597153528
Bearing3_1,2054,0.8096176586519511,0.3270539343357086,-1.0210034925403628,-0.008946506973781774,1.0047642177083618
Bearing3_1,2055,0.8100118249901458,0.32104912400245667,-1.040613995402353,-0.010040250980945261,0.4035167181981978
Bearing3_1,2056,0.8104059913283406,0.3185441195964813,-1.0402821409091974,-0.010617612270022295,0.4627795295096931
Bearing3_1,2057,0.8108001576665352,0.3253898322582245,-1.0520510111596046,-0.011572068148033915,2.269197064214509
Bearing3_1,2058,0.81119432400473,0.32683855295181274,-1.067421404053053,-0.012037204659130999,0.8578745558238069
Bearing3_1,2059,0.8115884903429247,0.3230390250682831,-1.0738298421345038,-0.011169793722200715,0.5609647441855027
Bearing3_1,2060,0.8119826566811195,0.3340127170085907,-1.0719278510450745,-0.010144807108617376,2.180504454789654
Bearing3_1,2061,0.8123768230193141,0.3267805576324463,-1.0833736276022603,-0.0095267451131424,0.2913754653757079
Bearing3_1,2062,0.8127709893575089,0.32567137479782104,-1.091511948427834,-0.008798141847410259,0.22674070645646385
Bearing3_1,2063,0.8131651556957036,0.3216785788536072,-1.0831811033719985,-0.007256851877977349,0.4354924067392644
Bearing3_1,2064,0.8135593220338984,0.33400726318359375,-1.0861378295762882,-0.005777373398208267,2.156801480075002
Bearing3_1,2065,0.813953488372093,0.3267709016799927,-1.0859181674322864,-0.004803773088827215,0.3234004989696313
Bearing3_1,2066,0.8143476547102877,0.3236854374408722,-1.0924199244532062,-0.0036135489594685826,0.8664629208386547
Bearing3_1,2067,0.8147418210484825,0.3314354717731476,-1.0813297978020906,-0.0019710270471185666,0.5411748007324189
Bearing3_1,2068,0.8151359873866771,0.3257903754711151,-1.0693317353242637,-0.0003438638392686591,0.7555001661702513
Bearing3_1,2069,0.8155301537248719,0.3230438828468323,-1.079883438592034,0.00030367824274203675,1.7939550487312255
Bearing3_1,2070,0.8159243200630666,0.33204567432403564,-1.0738823472225056,0.0014787289139923557,0.643365073621876
Bearing3_1,2071,0.8163184864012614,0.33105191588401794,-1.0624635404319531,0.0025372626842777714,0.6947765841443471
Bearing3_1,2072,0.816712652739456,0.3216235339641571,-1.0675791085796213,0.0025207551409211363,1.7383791929072867
Bearing3_1,2073,0.8171068190776508,0.33847013115882874,-1.0780509173757955,0.002198352668789941,1.0076318881686466
Bearing3_1,2074,0.8175009854158455,0.3194204270839691,-1.0741647484807886,0.0018286238925100731,0.6980250601208181
Bearing3_1,2075,0.8178951517540402,0.32972484827041626,-1.0776012348396204,0.0011409662929788953,0.8491111258762125
Bearing3_1,2076,0.8182893180922349,0.3377722501754761,-1.0761348975332812,-9.710438758979802e-07,0.47658841253696244
Bearing3_1,2077,0.8186834844304296,0.3324446380138397,-1.0963714831565143,-0.001704774630952973,2.4931044217378977
Bearing3_1,2078,0.8190776507686244,0.3296467661857605,-1.11297627447505,-0.003332099817435369,0.4950519483972695
Bearing3_1,2079,0.819471817106819,0.32726210355758667,-1.1326021333402094,-0.006204348564101612,2.096897717385859
Bearing3_1,2080,0.8198659834450138,0.3253781795501709,-1.1545512579422494,-0.009234735049296327,0.8405248980993228
Bearing3_1,2081,0.8202601497832085,0.3176833987236023,-1.1901554877861544,-0.012468111670609705,0.7270622664792519
Bearing3_1,2082,0.8206543161214033,0.3221018612384796,-1.2012334510416642,-0.015098997529593,0.777185211092793
Bearing3_1,2083,0.8210484824595979,0.3288683593273163,-1.2249796480058213,-0.018103198446220194,2.2559328625668615
Bearing3_1,2084,0.8214426487977927,0.33221399784088135,-1.236172093923361,-0.01967786417589423,0.6744659089487599
Bearing3_1,2085,0.8218368151359874,0.3208237290382385,-1.2347804469592623,-0.019441995580629586,0.6582933664596835
Bearing3_1,2086,0.822230981474182,0.32369062304496765,-1.247964359571293,-0.01792229109990592,1.728961516704746
Bearing3_1,2087,0.8226251478123768,0.32605597376823425,-1.2249755389645174,-0.014414975299900806,1.0851980367834997
Bearing3_1,2088,0.8230193141505715,0.31901249289512634,-1.2124921747254567,-0.009774897771025016,1.4509274764129076
Bearing3_1,2089,0.8234134804887663,0.3249485194683075,-1.1939158466899429,-0.004223703240308721,1.480162503002348
Bearing3_1,2090,0.823807646826961,0.32778871059417725,-1.1696816372252727,0.001929278813189742,0.3549197300567883
Bearing3_1,2091,0.8242018131651557,0.3232477009296417,-1.1324733155223252,0.0079215889006859,0.6050033494918999
Bearing3_1,2092,0.8245959795033504,0.3346538245677948,-1.1272152793486807,0.012762992231967113,2.426198816058175
Bearing3_1,2093,0.8249901458415452,0.3328031003475189,-1.102851316942708,0.016453069209685048,0.4597627238418889
Bearing3_1,2094,0.8253843121797398,0.32445165514945984,-1.0852099088526128,0.018878898342504162,0.4318012082057617
Bearing3_1,2095,0.8257784785179346,0.34349772334098816,-1.096947485263571,0.018927427831474587,2.3533396197463943
Bearing3_1,2096,0.8261726448561293,0.3329421877861023,-1.1070540021281072,0.015875062690720483,1.653064802374949
Bearing3_1,2097,0.826566811194324,0.3229005038738251,-1.128498158577985,0.01147759999687099,0.1812964428880044
Bearing3_1,2098,0.8269609775325187,0.32267287373542786,-1.1245418314486726,0.006958738454660373,1.129219355606412
Bearing3_1,2099,0.8273551438707134,0.33669406175613403,-1.1310951779845624,0.0022547787488986955,2.50278183521229
Bearing3_1,2100,0.8277493102089082,0.33677592873573303,-1.1389038742614215,-0.0020209585313546254,0.4712252024608661
Bearing3_1,2101,0.8281434765471029,0.3257642686367035,-1.1503225641448978,-0.004812042454920469,0.4347048974116351
Bearing3_1,2102,0.8285376428852976,0.33751949667930603,-1.1392146131232663,-0.006430347867274692,0.34885745458856504
Bearing3_1,2103,0.8289318092234923,0.33516448736190796,-1.147479567024153,-0.0067297583165568595,2.232932159101274
Bearing3_1,2104,0.8293259755616871,0.3369286358356476,-1.1696724995849344,-0.006522650001554744,1.5955708383435325
Bearing3_1,2105,0.8297201418998817,0.335879921913147,-1.1564218463724951,-0.005351494899546227,1.2139658694412876
Bearing3_1,2106,0.8301143082380764,0.3278476297855377,-1.1448865292069552,-0.0035040071236115957,1.7618318593410782
Bearing3_1,2107,0.8305084745762712,0.33114588260650635,-1.132623083362351,-0.0019586384639770906,0.22637038283526364
Bearing3_1,2108,0.8309026409144659,0.32856863737106323,-1.1364180853143795,-0.0003065156805673652,0.5969391106563124
Bearing3_1,2109,0.8312968072526606,0.33137786388397217,-1.126167681746661,0.001611784847970191,1.215437546355277
Bearing3_1,2110,0.8316909735908553,0.3394893705844879,-1.1243330217691474,0.003049850760000899,1.1830987473711188
Bearing3_1,2111,0.8320851399290501,0.3401343524456024,-1.1324521508246288,0.003107192701109669,0.9473730296787549
Bearing3_1,2112,0.8324793062672448,0.3394138514995575,-1.1541211981249808,0.0025065056052138305,1.6489359100796102
Bearing3_1,2113,0.8328734726054395,0.33801689743995667,-1.165754185708503,0.0009009808659360225,1.326417901806865
Bearing3_1,2114,0.8332676389436342,0.3359825015068054,-1.1497730219029934,-0.0010908623372830424,1.3242107635955207
Bearing3_1,2115,0.833661805281829,0.323481947183609,-1.146457677698485,-0.002259697493147409,0.4815277580380105
Bearing3_1,2116,0.8340559716200237,0.33892008662223816,-1.1600654067735525,-0.0035225290744826214,3.524718257034672
Bearing3_1,2117,0.8344501379582183,0.33411145210266113,-1.1776875067749788,-0.004745016659387501,0.4716849914915928
Bearing3_1,2118,0.8348443042964131,0.3291690945625305,-1.1881982331924696,-0.006247581289167991,0.3242860698035746
Bearing3_1,2119,0.8352384706346078,0.32332438230514526,-1.200293790627829,-0.007098905203294853,1.3363383318090845
Bearing3_1,2120,0.8356326369728025,0.3362879753112793,-1.2180472685928878,-0.007897791688152278,1.699818642787265
Bearing3_1,2121,0.8360268033109972,0.3239348530769348,-1.2258762154027782,-0.008529056641202603,0.4753488773811895
Bearing3_1,2122,0.836420969649192,0.3304303288459778,-1.2282470999562427,-0.009601832819275676,1.017345194668748
Bearing3_1,2123,0.8368151359873867,0.3369578719139099,-1.231345823680471,-0.010720667017192842,1.325281268372782
Bearing3_1,2124,0.8372093023255814,0.34205588698387146,-1.2580457440078328,-0.011435399428090087,1.1285858531316477
Bearing3_1,2125,0.8376034686637761,0.32798099517822266,-1.2671466150466546,-0.011113123408018394,1.7066341689158477
Bearing3_1,2126,0.8379976350019709,0.3323538303375244,-1.2554254688404227,-0.009595797868391048,1.352402440901756
Bearing3_1,2127,0.8383918013401656,0.34516286849975586,-1.2598859233655346,-0.008340696974872525,2.0232752756832673
Bearing3_1,2128,0.8387859676783602,0.3367801904678345,-1.267232789277985,-0.007190704873010619,0.4454749109321796
Bearing3_1,2129,0.839180134016555,0.33484795689582825,-1.2646917979836754,-0.005750489122476802,0.3874341282831825
Bearing3_1,2130,0.8395743003547497,0.33583304286003113,-1.256048909467052,-0.004241826379545065,1.2358284308342338
Bearing3_1,2131,0.8399684666929444,0.34161198139190674,-1.2547587275043324,-0.0027240939123466036,0.5518618077022661
Bearing3_1,2132,0.8403626330311391,0.33058807253837585,-1.2618944681447737,-0.0014035515763540362,1.9917657250268617
Bearing3_1,2133,0.8407567993693339,0.3295714259147644,-1.2430523686025983,0.0011460069492756748,1.2652578203579836
Bearing3_1,2134,0.8411509657075286,0.3392272889614105,-1.2274541205902518,0.0029082818285683784,1.359836634559276
Bearing3_1,2135,0.8415451320457233,0.3357977271080017,-1.225103201281083,0.0038212563776811887,0.4317953308013769
Bearing3_1,2136,0.841939298383918,0.3377704918384552,-1.2208329905317523,0.005238944123650868,1.2325051515292282
Bearing3_1,2137,0.8423334647221127,0.3410678803920746,-1.2081698540226324,0.006630682004096347,1.2472221721088812
Bearing3_1,2138,0.8427276310603075,0.3298672139644623,-1.1725744881019065,0.008847332790988944,2.3414616054944113
Bearing3_1,2139,0.8431217973985021,0.3336420953273773,-1.1683446943975864,0.010316725670148998,3.4205543077508254
Bearing3_1,2140,0.8435159637366969,0.3374628722667694,-1.1620727206262444,0.011536575097507579,0.944715059978126
Bearing3_1,2141,0.8439101300748916,0.33516502380371094,-1.1586685054083419,0.011889015802862665,0.9069449736029112
Bearing3_1,2142,0.8443042964130864,0.3296029567718506,-1.1309740998656532,0.012111614439413887,0.6270515362875032
Bearing3_1,2143,0.844698462751281,0.3395997881889343,-1.1353296629876626,0.011765863320253622,1.945116232114854
Bearing3_1,2144,0.8450926290894758,0.3275277018547058,-1.1274434495368042,0.011584422734206477,0.30587209900591406
Bearing3_1,2145,0.8454867954276705,0.32864224910736084,-1.1436188971151995,0.009465162403240574,2.214754573107776
Bearing3_1,2146,0.8458809617658652,0.32270291447639465,-1.1490745056368756,0.006345315606915789,0.21527440909613504
Bearing3_1,2147,0.8462751281040599,0.3282984495162964,-1.1517486377380508,0.003054016343318209,0.8821024738969385
Bearing3_1,2148,0.8466692944422546,0.32980626821517944,-1.1841819141994097,-0.0003172398632697168,0.9278128393061695
Bearing3_1,2149,0.8470634607804494,0.3312954306602478,-1.1869375887395697,-0.0034161232693662048,0.544647812414373
Bearing3_1,2150,0.847457627118644,0.32257288694381714,-1.191840081733557,-0.006138915383203048,1.2373170799320081
Bearing3_1,2151,0.8478517934568388,0.33654576539993286,-1.2060737029982467,-0.009050322659286274,1.6897718643057562
Bearing3_1,2152,0.8482459597950335,0.3388632535934448,-1.2245029656553896,-0.010546060285459815,0.31023618176655665
Bearing3_1,2153,0.8486401261332283,0.3254391849040985,-1.2370583055702369,-0.011883322287368237,1.5033018754954541
Bearing3_1,2154,0.8490342924714229,0.3290920555591583,-1.240609078247027,-0.011655440779982838,0.7891823449309713
Bearing3_1,2155,0.8494284588096177,0.3292102813720703,-1.2370324964690225,-0.010939131575263272,1.3957724050269598
Bearing3_1,2156,0.8498226251478124,0.3356301784515381,-1.2465747955011959,-0.009974732590667055,1.420931090230855
Bearing3_1,2157,0.850216791486007,0.334847092628479,-1.2391816349062783,-0.0076035240789801,0.8691855105575469
Bearing3_1,2158,0.8506109578242018,0.327732652425766,-1.235878448612923,-0.006154566295161599,1.1691136679321839
Bearing3_1,2159,0.8510051241623965,0.33105701208114624,-1.2428606802625852,-0.00464354448686851,1.665071553783939
Bearing3_1,2160,0.8513992905005913,0.33825230598449707,-1.2504419711486634,-0.0031950248474392614,1.1330121986628057
Bearing3_1,2161,0.8517934568387859,0.32602107524871826,-1.2326532252926614,-0.0010147921315091357,0.8631822605729319
Bearing3_1,2162,0.8521876231769807,0.3322453796863556,-1.2254408763451523,0.0006523999534381959,0.9662896599861847
Bearing3_1,2163,0.8525817895151754,0.3344919681549072,-1.2051404889948532,0.0026012318472879393,0.2111714622410084
Bearing3_1,2164,0.8529759558533702,0.33404192328453064,-1.2032847767438544,0.0040276836057651436,1.146923606252125
Bearing3_1,2165,0.8533701221915648,0.3195804953575134,-1.1750631017583353,0.006779522463765838,1.3664163101931857
Bearing3_1,2166,0.8537642885297596,0.336834192276001,-1.149374451017608,0.009545263005956007,1.689051615113868
Bearing3_1,2167,0.8541584548679543,0.3322868049144745,-1.1372911961392007,0.01228478155713153,0.5771803457334413
Bearing3_1,2168,0.8545526212061489,0.3387000262737274,-1.1279604025131256,0.014518429286049043,1.4595754955107632
Bearing3_1,2169,0.8549467875443437,0.3364142179489136,-1.0888965106348236,0.017109255115323158,1.468396253723587
Bearing3_1,2170,0.8553409538825384,0.33100244402885437,-1.0551172120172474,0.01917093639039002,1.7639499878774605
Bearing3_1,2171,0.8557351202207332,0.33136123418807983,-1.0349919867601254,0.021148700777379834,0.5704881508070305
Bearing3_1,2172,0.8561292865589278,0.3421843349933624,-1.0269770564973906,0.021648572641473542,2.1403427362793566
Bearing3_1,2173,0.8565234528971226,0.32865381240844727,-1.0171420357205325,0.02163263728223082,0.480551197440997
Bearing3_1,2174,0.8569176192353173,0.33040720224380493,-1.0202669400099569,0.019291197617579164,2.4666708112320404
Bearing3_1,2175,0.8573117855735121,0.3260507881641388,-1.029142025043092,0.016128709383683257,0.8149124898489054
Bearing3_1,2176,0.8577059519117067,0.3334020972251892,-1.0289433237577186,0.012920895793944166,0.8403784344392513
Bearing3_1,2177,0.8581001182499015,0.324348509311676,-1.0169731568812952,0.009711779483177873,0.6301021920329678
Bearing3_1,2178,0.8584942845880962,0.33615800738334656,-1.011507816760122,0.005964425066118098,2.11810439816542
Bearing3_1,2179,0.8588884509262908,0.3313709497451782,-1.019570586667251,0.00296999616415621,0.4325088539796911
Bearing3_1,2180,0.8592826172644856,0.3336655795574188,-1.0235796441643368,0.0011685304099786995,1.4337848164706621
Bearing3_1,2181,0.8596767836026803,0.3261699080467224,-1.0213073497001914,0.0004504161242850011,0.28637247418546563
Bearing3_1,2182,0.8600709499408751,0.33044499158859253,-1.0273969747043206,-0.0002314052296932254,2.972313402311222
Bearing3_1,2183,0.8604651162790697,0.3326089680194855,-1.030799954496308,-0.0004380856937841095,0.5045898128049846
Bearing3_1,2184,0.8608592826172645,0.33079707622528076,-1.0155247674625785,0.0001456494401337879,0.5918277803595752
Bearing3_1,2185,0.8612534489554592,0.3344384431838989,-1.0096740872188188,0.00039935937244316063,0.2779749519482904
Bearing3_1,2186,0.861647615293654,0.3303101658821106,-1.0076669601288746,0.0005398207126316826,1.243056192448975
Bearing3_1,2187,0.8620417816318486,0.3352276384830475,-1.0188437852950452,0.0006107528521379864,0.7075217512678693
Bearing3_1,2188,0.8624359479700433,0.3279285132884979,-1.013676446783826,0.0013505701114102221,0.6095382541393427
Bearing3_1,2189,0.8628301143082381,0.32998618483543396,-1.0248876161873657,0.0009676374703014258,1.4779142543902797
Bearing3_1,2190,0.8632242806464328,0.32652708888053894,-1.0257701902326457,0.0003337427695851527,0.44015639427338404
Bearing3_1,2191,0.8636184469846275,0.3221900761127472,-1.0343843815457328,-0.0005919785406800103,0.9773640727659122
Bearing3_1,2192,0.8640126133228222,0.33359020948410034,-1.0193284072426474,-0.0009439304123183218,0.6252566335623174
Bearing3_1,2193,0.864406779661017,0.329775869846344,-1.0116879948654058,-0.001203798655108356,0.4299896161665205
Bearing3_1,2194,0.8648009459992116,0.3260333240032196,-1.0043008934128426,-0.0002740484058845113,0.651395619529653
Bearing3_1,2195,0.8651951123374064,0.3351084589958191,-0.9971925189377695,0.001297429751566862,0.4501541420017358
Bearing3_1,2196,0.8655892786756011,0.33466461300849915,-1.0040212692586992,0.0024789473547086644,2.565258580963257
Bearing3_1,2197,0.8659834450137959,0.3318135440349579,-1.012257699612493,0.002421893250260335,1.0324875884620077
Bearing3_1,2198,0.8663776113519905,0.32951629161834717,-1.0115901387778827,0.0026659094474471533,0.6178563214124276
Bearing3_1,2199,0.8667717776901852,0.3381788432598114,-1.0100335139557128,0.0022221325776564304,1.4347147664222064
Bearing3_1,2200,0.86716594402838,0.3346693515777588,-1.0108652272833114,0.001494101532654961,0.7913424010472969
Bearing3_1,2201,0.8675601103665747,0.3365040421485901,-1.0274349250718677,-0.0008926768483442844,2.3170561080909353
Bearing3_1,2202,0.8679542767047694,0.3344022035598755,-1.0303199163822434,-0.0025173226075688154,0.7697810016266267
Bearing3_1,2203,0.8683484430429641,0.33526986837387085,-1.0264458776118262,-0.0032880659221715012,0.5301007651123311
Bearing3_1,2204,0.8687426093811589,0.333021342754364,-1.0353443459614105,-0.003872823380260382,1.8646059753527433
Bearing3_1,2205,0.8691367757193535,0.34567132592201233,-1.046098568000019,-0.004193998862740397,0.6380148755533482
Bearing3_1,2206,0.8695309420575483,0.3371964395046234,-1.041739947807008,-0.004139880852303008,1.211943916613021
Bearing3_1,2207,0.869925108395743,0.31690704822540283,-1.0047647154180424,-0.002160831237589402,2.3657778417831654
Bearing3_1,2208,0.8703192747339378,0.3236536383628845,-1.0024210745987812,-0.00010026666429905284,2.9389651984114287
Bearing3_1,2209,0.8707134410721324,0.32673919200897217,-0.9864678198827719,0.0028231102552322006,0.19190740504550335
Bearing3_1,2210,0.8711076074103271,0.3283219635486603,-0.9714973773042486,0.006221964438140688,0.6653167075497239
Bearing3_1,2211,0.8715017737485219,0.33375126123428345,-0.9580231879374519,0.008773941825103266,2.4040321382757757
Bearing3_1,2212,0.8718959400867166,0.337129682302475,-0.9509677285396029,0.010677075308415399,0.21469364611098438
Bearing3_1,2213,0.8722901064249113,0.32817184925079346,-0.9640027115433106,0.011165634269036256,1.7203235551972818
Bearing3_1,2214,0.872684272763106,0.32789599895477295,-0.9594600371984328,0.010551857381908277,0.18529523082264238
Bearing3_1,2215,0.8730784391013008,0.3282865881919861,-0.9693762599917791,0.0077604376760483824,1.9331045776305487
Bearing3_1,2216,0.8734726054394955,0.31863734126091003,-0.9903461026003699,0.003185815683093482,2.163614240366227
Bearing3_1,2217,0.8738667717776902,0.32784372568130493,-1.0166202389687231,-0.0009798812277391942,1.8490437400205917
Bearing3_1,2218,0.8742609381158849,0.3273415267467499,-1.0366498667224517,-0.005938157251725343,2.4335949165920887
Bearing3_1,2219,0.8746551044540796,0.32756415009498596,-1.0587820559736743,-0.010625198834120943,0.3183629662423893
Bearing3_1,2220,0.8750492707922743,0.3380293548107147,-1.0751046017323105,-0.01432799539398421,0.21076648707791357
Bearing3_1,2221,0.875443437130469,0.32672661542892456,-1.081124674195904,-0.01620503510706841,1.412947123538577
Bearing3_1,2222,0.8758376034686638,0.3296660780906677,-1.1011866202163518,-0.01721385959767253,1.3430161946691879
Bearing3_1,2223,0.8762317698068585,0.33475223183631897,-1.115864402920178,-0.01807145423386286,1.110728349952349
Bearing3_1,2224,0.8766259361450532,0.3339494466781616,-1.1470136512636229,-0.018484506049105377,1.7761751147178189
Bearing3_1,2225,0.8770201024832479,0.3262554109096527,-1.1482881470824076,-0.01735478019747209,1.1227799833584595
Bearing3_1,2226,0.8774142688214427,0.3310079276561737,-1.1396826060940728,-0.014985021773828069,1.1555696138319023
Bearing3_1,2227,0.8778084351596374,0.3299378454685211,-1.156208835706601,-0.013458163711258186,0.7330143484727517
Bearing3_1,2228,0.8782026014978321,0.32632070779800415,-1.1672462529175303,-0.012176672113619353,1.8542486687679067
Bearing3_1,2229,0.8785967678360268,0.33215418457984924,-1.16776964817745,-0.010816222132420327,0.7944050630412909
Bearing3_1,2230,0.8789909341742215,0.3314407765865326,-1.178556108524086,-0.009811232527325374,1.0722431060403814
Bearing3_1,2231,0.8793851005124163,0.3303371071815491,-1.1800200068727151,-0.008033472429222168,0.6661725456320734
Bearing3_1,2232,0.8797792668506109,0.3301788568496704,-1.1795903057343826,-0.006371005850066305,1.2386625340865882
Bearing3_1,2233,0.8801734331888057,0.34129267930984497,-1.1852407351985377,-0.005044915658082701,1.6673590269985328
Bearing3_1,2234,0.8805675995270004,0.3318575620651245,-1.1692974105808742,-0.004084880894354868,0.5747647011012998
Bearing3_1,2235,0.8809617658651951,0.33214664459228516,-1.1664075942794956,-0.002782080001292013,0.37505766613740693
Bearing3_1,2236,0.8813559322033898,0.33614155650138855,-1.1683129683349929,-0.0007898762066147157,1.6846729174171882
Bearing3_1,2237,0.8817500985415846,0.340454638004303,-1.1858654862681308,-0.0005097964280235453,2.288900889549868
Bearing3_1,2238,0.8821442648797793,0.3302309513092041,-1.1840325667723293,-0.0005060924841896403,0.4533280032294923
Bearing3_1,2239,0.882538431217974,0.3306199014186859,-1.187248471781032,-0.000509224087191157,0.4088647790287674
Bearing3_1,2240,0.8829325975561687,0.33108365535736084,-1.1689561399054613,2.417462984926504e-06,1.1934309099799771
Bearing3_1,2241,0.8833267638943634,0.33254095911979675,-1.1533116682711344,0.0011534373503535758,0.813862791711766
Bearing3_1,2242,0.8837209302325582,0.3319895267486572,-1.148459299930631,0.002274041179437545,2.0951630344831402
Bearing3_1,2243,0.8841150965707528,0.34049099683761597,-1.144401679188455,0.0028619289537722636,1.9291884033719833
Bearing3_1,2244,0.8845092629089476,0.3418923020362854,-1.1460384519005027,0.003928407663656703,0.32553475108060953
Bearing3_1,2245,0.8849034292471423,0.3299190402030945,-1.140683447983882,0.005197705144474519,0.5452753431948426
Bearing3_1,2246,0.885297595585337,0.3366054892539978,-1.1296003707523947,0.006632701339726815,1.168221936824126
Bearing3_1,2247,0.8856917619235317,0.334571897983551,-1.0960799100396985,0.008256674831855186,0.6124833051856999
Bearing3_1,2248,0.8860859282617265,0.33175915479660034,-1.079895827809313,0.0097973010638043,1.7149566992446688
Bearing3_1,2249,0.8864800945999212,0.3353383541107178,-1.0850894428898654,0.009577982030621678,1.7866693302518553
Bearing3_1,2250,0.8868742609381158,0.3311897814273834,-1.1011581884070827,0.008463383501645057,0.23183971620497193
Bearing3_1,2251,0.8872684272763106,0.3382163345813751,-1.1143708449601148,0.006849266039356612,0.4801686318464925
Bearing3_1,2252,0.8876625936145053,0.33948028087615967,-1.1361019506586056,0.003901296782141394,3.0750378589703304
Bearing3_1,2253,0.8880567599527001,0.3381296992301941,-1.1415331493930938,0.0007778023189230881,0.41760469935882233
Bearing3_1,2254,0.8884509262908947,0.33450907468795776,-1.1469628027056717,-0.002785743291182782,0.5221871701228215
Bearing3_1,2255,0.8888450926290895,0.3271944224834442,-1.1446021739586218,-0.0058523228199758425,1.3877338759068096
Bearing3_1,2256,0.8892392589672842,0.3278518617153168,-1.1381529282534708,-0.007780753786088903,0.7954567098365686
Bearing3_1,2257,0.889633425305479,0.33297398686408997,-1.1388377585820133,-0.007408174389263005,0.6590535317134368
Bearing3_1,2258,0.8900275916436736,0.33260542154312134,-1.128567395979426,-0.004878177628545249,0.6250469956626012
Bearing3_1,2259,0.8904217579818684,0.33418604731559753,-1.1229999110081246,-0.001800782472701058,2.247523459801037
Bearing3_1,2260,0.8908159243200631,0.33419516682624817,-1.1101187304590046,0.0013674936558050028,0.7552149706227214
Bearing3_1,2261,0.8912100906582577,0.3360901474952698,-1.0995646800217531,0.004339214123436838,0.6933378458388888
Bearing3_1,2262,0.8916042569964525,0.3329770267009735,-1.0759247199671544,0.006972177911864225,1.7112204301342255
Bearing3_1,2263,0.8919984233346472,0.34153783321380615,-1.062861385620748,0.009226186316384857,1.240235038344249
Bearing3_1,2264,0.892392589672842,0.3453666865825653,-1.0702961024746087,0.009759090686555215,2.2063967154927058
Bearing3_1,2265,0.8927867560110366,0.3349403738975525,-1.0811620848439074,0.008927387022978512,1.0051311940377599
Bearing3_1,2266,0.8931809223492314,0.33395498991012573,-1.1032895737658839,0.006549708354731773,1.775620815767385
Bearing3_1,2267,0.8935750886874261,0.3475627601146698,-1.140902932372621,0.001652150474062155,2.331695685224576
Bearing3_1,2268,0.8939692550256209,0.3304947018623352,-1.1678433034479165,-0.0040051589427770665,0.5623371652543191
Bearing3_1,2269,0.8943634213638155,0.3247285485267639,-1.1684818930476777,-0.008850063249171158,0.44912955641060437
Bearing3_1,2270,0.8947575877020102,0.3352396786212921,-1.204175442441935,-0.014231846309679734,2.7584231533776875
Bearing3_1,2271,0.895151754040205,0.34114325046539307,-1.229844018072719,-0.019170048775651517,0.3535971569203482
Bearing3_1,2272,0.8955459203783996,0.3360321521759033,-1.2465550488855022,-0.02186462118472954,0.8437338351735686
Bearing3_1,2273,0.8959400867165944,0.33004921674728394,-1.2660185213157198,-0.022681702176988137,1.617873042156453
Bearing3_1,2274,0.8963342530547891,0.34267517924308777,-1.2718407890346686,-0.02184949846302286,0.839838341835245
Bearing3_1,2275,0.8967284193929839,0.3345005512237549,-1.2934009665176431,-0.02047473735686934,0.6355798071997638
Bearing3_1,2276,0.8971225857311785,0.3390046954154968,-1.2952253360687633,-0.018102060740136115,0.4528349298605647
Bearing3_1,2277,0.8975167520693733,0.34338125586509705,-1.2882399054024056,-0.015529423784440048,1.6167002013969616
Bearing3_1,2278,0.897910918407568,0.3440174460411072,-1.3023957182196475,-0.013739044108282517,1.5918136997330274
Bearing3_1,2279,0.8983050847457628,0.3406309485435486,-1.3070377145407777,-0.01061349851057397,1.2922369294226823
Bearing3_1,2280,0.8986992510839574,0.3491441011428833,-1.295795693087826,-0.007574857199374918,1.2123838104727551
Bearing3_1,2281,0.8990934174221521,0.33816489577293396,-1.287869221879498,-0.004704552795884288,0.3392696793885337
Bearing3_1,2282,0.8994875837603469,0.343930721282959,-1.2916360809333851,-0.002450446348830264,1.9094687373317578
Bearing3_1,2283,0.8998817500985415,0.3301093876361847,-1.2811870178322948,-0.000377519081938758,0.43266484092066426
Bearing3_1,2284,0.9002759164367363,0.3456602990627289,-1.2600985925583281,0.0026413953097431347,0.5770861815434039
Bearing3_1,2285,0.900670082774931,0.3378295600414276,-1.2321794590047417,0.0056034967118303415,0.19051587455494376
Bearing3_1,2286,0.9010642491131258,0.33937400579452515,-1.2170982904803753,0.008524503790470107,1.087098292768033
Bearing3_1,2287,0.9014584154513204,0.3295744061470032,-1.1881810059837774,0.01254151818197375,0.26993573136880095
Bearing3_1,2288,0.9018525817895152,0.335247278213501,-1.163310079100991,0.01575857258631474,2.1155781828989157
Bearing3_1,2289,0.9022467481277099,0.33844414353370667,-1.1585787553574558,0.017238346238668274,0.7590433295451838
Bearing3_1,2290,0.9026409144659047,0.32419726252555847,-1.1432997278276644,0.018501486953954822,0.35955766214580076
Bearing3_1,2291,0.9030350808040993,0.3391960859298706,-1.1298705826863944,0.019177121966469948,0.43855293149530034
Bearing3_1,2292,0.903429247142294,0.33861663937568665,-1.1251991587896444,0.017941302961359522,2.813099734900775
Bearing3_1,2293,0.9038234134804888,0.3368493914604187,-1.1122123434429443,0.01609304267106615,0.7424520141361948
Bearing3_1,2294,0.9042175798186834,0.3373967409133911,-1.1121360621202068,0.013606660327073196,1.0392340315165909
Bearing3_1,2295,0.9046117461568782,0.32969871163368225,-1.109280810308436,0.01134380934380234,0.3978185275021352
Bearing3_1,2296,0.9050059124950729,0.34373918175697327,-1.1009197736067429,0.009052745552596069,0.6151639044647089
Bearing3_1,2297,0.9054000788332677,0.332004189491272,-1.109698751917682,0.006802422918461676,1.6522844590804735
Bearing3_1,2298,0.9057942451714623,0.33388543128967285,-1.1102616561572396,0.005228158159614809,1.37320706950543
Bearing3_1,2299,0.9061884115096571,0.33201053738594055,-1.1104109789063497,0.0033181589192491133,0.7374977079694398
Bearing3_1,2300,0.9065825778478518,0.3405117988586426,-1.1111269326627073,0.001803857655357803,0.41874991317470794
Bearing3_1,2301,0.9069767441860465,0.3344143331050873,-1.096459281551883,0.001594913156445131,1.3390110107356605
Bearing3_1,2302,0.9073709105242412,0.3348178267478943,-1.0688272484038193,0.002799613257094889,1.5299805140472165
Bearing3_1,2303,0.9077650768624359,0.33431902527809143,-1.0695987498317951,0.004144723267988695,2.1024696224625723
Bearing3_1,2304,0.9081592432006307,0.3385491371154785,-1.0818318216911909,0.004311131827932519,2.213184583247713
Bearing3_1,2305,0.9085534095388254,0.335907518863678,-1.078599091528964,0.004476897118370212,1.9067940468871034
Bearing3_1,2306,0.9089475758770201,0.3392561078071594,-1.0839189137823595,0.004537993111105609,1.4773402174187031
Bearing3_1,2307,0.9093417422152148,0.34282606840133667,-1.0914141768393641,0.0033989203245553164,1.8539899372550936
Bearing3_1,2308,0.9097359085534096,0.3260771930217743,-1.0823991428742132,0.002492418501002531,0.4595595290860171
Bearing3_1,2309,0.9101300748916042,0.34058839082717896,-1.0845639381563623,0.0011201546511127446,1.9046131841306562
Bearing3_1,2310,0.910524241229799,0.33788537979125977,-1.1011630083808486,-0.0015185407432636207,1.5915662830094046
Bearing3_1,2311,0.9109184075679937,0.3344554305076599,-1.1195064615832337,-0.004300719562889175,1.164338324014452
Bearing3_1,2312,0.9113125739061884,0.33467572927474976,-1.1426463786055259,-0.006223580373479739,2.0318777841846027
Bearing3_1,2313,0.9117067402443831,0.3423204720020294,-1.1555563903842287,-0.008007279737480288,1.0995811453621653
Bearing3_1,2314,0.9121009065825778,0.3444907069206238,-1.1428994794484963,-0.008874229470734738,0.6130239006692257
Bearing3_1,2315,0.9124950729207726,0.33784008026123047,-1.1648208197601324,-0.009981159297962637,1.768490864219198
Bearing3_1,2316,0.9128892392589673,0.3469887375831604,-1.1751165982200713,-0.010959220000732735,0.3305632634064694
Bearing3_1,2317,0.913283405597162,0.34033650159835815,-1.171424064759302,-0.01113012751322831,0.5669429759140197
Bearing3_1,2318,0.9136775719353567,0.33749014139175415,-1.1817618637442646,-0.010294095882742844,1.0335206915750017
Bearing3_1,2319,0.9140717382735515,0.34053149819374084,-1.1868309701308943,-0.008674484033125285,1.296433459013402
Bearing3_1,2320,0.9144659046117461,0.34691381454467773,-1.176357400262706,-0.006350590848396147,0.6136937990492183
Bearing3_1,2321,0.9148600709499409,0.34582164883613586,-1.1995435037313327,-0.005602843922334661,2.1481190137300565
Bearing3_1,2322,0.9152542372881356,0.3340413570404053,-1.1972096664330951,-0.005300311949393644,0.6199490545330723
Bearing3_1,2323,0.9156484036263303,0.335775226354599,-1.182925183371545,-0.004417920621038339,0.2432422107262567
Bearing3_1,2324,0.916042569964525,0.3358902335166931,-1.1812670223464041,-0.0022695471381742028,0.9903424502666298
Bearing3_1,2325,0.9164367363027197,0.3381694555282593,-1.189609794398169,-0.0015725955104498503,2.539698220743114
Bearing3_1,2326,0.9168309026409145,0.3400670886039734,-1.2044075107728118,-0.0020687048594227146,1.0264595088011146
Bearing3_1,2327,0.9172250689791092,0.32830822467803955,-1.2099041494752538,-0.002263420603232148,0.565655290044249
Bearing3_1,2328,0.9176192353173039,0.33794790506362915,-1.216292442430186,-0.0030293500197511275,1.0692477041821284
Bearing3_1,2329,0.9180134016554986,0.3358168601989746,-1.2344274767407644,-0.004703851082793075,2.4588487717450604
Bearing3_1,2330,0.9184075679936934,0.33854836225509644,-1.2477714130812365,-0.005831037874892217,0.5879650999099029
Bearing3_1,2331,0.918801734331888,0.3309277892112732,-1.246268339449829,-0.007556354665992363,0.7994383841525565
Bearing3_1,2332,0.9191959006700827,0.3319424092769623,-1.2571163233180407,-0.00915142886979735,0.7351509578314779
Bearing3_1,2333,0.9195900670082775,0.3312327265739441,-1.2719479417690547,-0.009877060277312544,0.286259200573685
Bearing3_1,2334,0.9199842333464722,0.3294530212879181,-1.275176894537811,-0.009589208574810998,0.36520402482137876
Bearing3_1,2335,0.920378399684667,0.33015120029449463,-1.2369845237616088,-0.006636019970495991,1.624860301640965
Bearing3_1,2336,0.9207725660228616,0.33344408869743347,-1.1867897661525229,-0.0013572107777713985,0.8359912506506789
Bearing3_1,2337,0.9211667323610564,0.323761522769928,-1.1206580277757743,0.0069487931447913594,2.008318004413145
Bearing3_1,2338,0.9215608986992511,0.3282681703567505,-1.0505818265558475,0.017569477946603376,0.8789142177429347
Bearing3_1,2339,0.9219550650374458,0.3238166570663452,-0.9729164951957772,0.02920883773675233,1.7167822776205477
Bearing3_1,2340,0.9223492313756405,0.3149612545967102,-0.8642624626187345,0.04271535528664804,3.499008793036979
Bearing3_1,2341,0.9227433977138353,0.326810359954834,-0.7713359299652061,0.05674220436928458,2.2853832473105533
Bearing3_1,2342,0.92313756405203,0.3278639018535614,-0.6858128720562605,0.06895399211653283,1.4972865564023699
Bearing3_1,2343,0.9235317303902246,0.3183366358280182,-0.5757583873413418,0.07925508687559658,2.2210096400118102
Bearing3_1,2344,0.9239258967284194,0.3137608766555786,-0.4778198928680172,0.08624435654949773,1.0993711931627494
Bearing3_1,2345,0.9243200630666141,0.31827038526535034,-0.39988990844399186,0.09036557734470112,0.6245615283464071
Bearing3_1,2346,0.9247142294048089,0.3107423782348633,-0.32782663578253296,0.09161723787940657,0.5514904311770719
Bearing3_1,2347,0.9251083957430035,0.31684428453445435,-0.27382225563313783,0.08981170012774119,0.4962586706643912
Bearing3_1,2348,0.9255025620811983,0.3071855902671814,-0.19752984622547418,0.08657463724760849,1.5510260219407592
Bearing3_1,2349,0.925896728419393,0.3066280782222748,-0.09386113718443283,0.08382989597759335,1.1026958553864337
Bearing3_1,2350,0.9262908947575877,0.3068259358406067,-0.06601514056568247,0.07919241296147841,4.154195684124527
Bearing3_1,2351,0.9266850610957824,0.2977695167064667,0.01127068186322382,0.0752898973207748,2.56222219442416
Bearing3_1,2352,0.9270792274339772,0.3090854287147522,0.07566005592346675,0.07111492580057864,2.82023232656644
Bearing3_1,2353,0.9274733937721719,0.3199719190597534,0.1326154389260203,0.06815360229812568,1.4867771287628668
Bearing3_1,2354,0.9278675601103665,0.31525948643684387,0.15608519111294045,0.06441533065236442,4.387970292140943
Bearing3_1,2355,0.9282617264485613,0.3161422610282898,0.18634765764852487,0.05983937330674027,0.36611665685946837
Bearing3_1,2356,0.928655892786756,0.3054230213165283,0.2305971452490155,0.055375332661088426,1.2898606979728864
Bearing3_1,2357,0.9290500591249508,0.313227117061615,0.27893956091111033,0.050379669958097804,0.6967690556607796
Bearing3_1,2358,0.9294442254631454,0.2983635663986206,0.30376421556881883,0.045124096723684046,1.0648541715396216
Bearing3_1,2359,0.9298383918013402,0.31355854868888855,0.3200092061644183,0.04158956949668399,0.4959806097200451
Bearing3_1,2360,0.9302325581395349,0.3123197555541992,0.344646570601618,0.036238688063886075,3.4204333652263714
Bearing3_1,2361,0.9306267244777296,0.30063164234161377,0.36969629169361606,0.03242882550509633,2.592339648850546
Bearing3_1,2362,0.9310208908159243,0.30503201484680176,0.4087417045451712,0.030696784829130123,1.5478362571481967
Bearing3_1,2363,0.931415057154119,0.2946932315826416,0.4455440403109666,0.03073181650272052,1.1924817248868096
Bearing3_1,2364,0.9318092234923138,0.30071547627449036,0.5074805982929453,0.031916782074032354,2.0386191355840504
Bearing3_1,2365,0.9322033898305084,0.29328620433807373,0.5374196089040997,0.032492944087961204,3.070399801161438
Bearing3_1,2366,0.9325975561687032,0.28720536828041077,0.5586966386271316,0.03292421960856602,0.2464757731819758
Bearing3_1,2367,0.9329917225068979,0.29146912693977356,0.5749019080962088,0.03348528307310118,0.2513354437091438
Bearing3_1,2368,0.9333858888450927,0.2947428226470947,0.5727384564957027,0.031995894673757797,2.7309676916880865
Bearing3_1,2369,0.9337800551832873,0.2885213792324066,0.5904234077005304,0.029293845520119117,2.0865108666292485
Bearing3_1,2370,0.9341742215214821,0.2935158610343933,0.6150702129904263,0.02630091062918369,2.7296350609612556
Bearing3_1,2371,0.9345683878596768,0.29296407103538513,0.6252526796273667,0.022255502083501747,1.1643385754542117
Bearing3_1,2372,0.9349625541978716,0.2881830036640167,0.6415319975130698,0.018603430667946674,0.8985822757724654
Bearing3_1,2373,0.9353567205360662,0.29668059945106506,0.6278848930122032,0.013838760264392529,1.9270521711728967
Bearing3_1,2374,0.9357508868742609,0.2910124659538269,0.6356188196860333,0.011414852118194525,0.289407352086004
Bearing3_1,2375,0.9361450532124557,0.2838703691959381,0.6897215693970822,0.012384746525547807,1.5314636314702759
Bearing3_1,2376,0.9365392195506503,0.2829222083091736,0.725860622157691,0.014898246271160879,1.7246490733847684
Bearing3_1,2377,0.9369333858888451,0.280733585357666,0.7567143480519009,0.018148797714632247,0.6004321746591089
Bearing3_1,2378,0.9373275522270398,0.2828940451145172,0.8066551951389875,0.0217753781051753,0.9486947227760357
Bearing3_1,2379,0.9377217185652346,0.2834925055503845,0.8497779632347939,0.02609775182195347,1.3935601123005399
Bearing3_1,2380,0.9381158849034292,0.2880026400089264,0.9159057478042969,0.03252652437658529,0.6393768618721337
Bearing3_1,2381,0.938510051241624,0.2903713583946228,0.973006532594091,0.039102224970530765,0.438894260969201
Bearing3_1,2382,0.9389042175798187,0.2894044518470764,1.0287478424977199,0.04558845029139712,1.1083557643790698
Bearing3_1,2383,0.9392983839180133,0.2947155237197876,1.0947820654369402,0.05007320995756134,0.9395592248439077
Bearing3_1,2384,0.9396925502562081,0.28428953886032104,1.165912693689939,0.05329405751972344,0.7366044682228231
Bearing3_1,2385,0.9400867165944028,0.28880947828292847,1.19752507221075,0.055418262084922024,2.3735963611135085
Bearing3_1,2386,0.9404808829325976,0.27046969532966614,1.2668102692710637,0.05757573542758841,2.0559830625149016
Bearing3_1,2387,0.9408750492707922,0.2810985743999481,1.3277156106421508,0.05855526793964478,1.598297576818461
Bearing3_1,2388,0.941269215608987,0.2759195566177368,1.4012587707276303,0.05995440792774216,0.43836114581852853
Bearing3_1,2389,0.9416633819471817,0.27599847316741943,1.4376680766099446,0.059007045193520846,2.410794359175285
Bearing3_1,2390,0.9420575482853765,0.2676984369754791,1.4921598974018142,0.05831454179651807,1.3615685516246372
Bearing3_1,2391,0.9424517146235711,0.2711006999015808,1.5409414589624464,0.05710467105126311,0.6620745175672474
Bearing3_1,2392,0.9428458809617659,0.2784440517425537,1.5925016712271318,0.055539203133798294,0.8469346004556214
Bearing3_1,2393,0.9432400472999606,0.25962305068969727,1.6832786240903672,0.05649410715961663,2.889296794023629
Bearing3_1,2394,0.9436342136381553,0.278556227684021,1.7253402093650123,0.05735202973663459,4.316336110338807
Bearing3_1,2395,0.94402837997635,0.27230995893478394,1.8099738918630706,0.05815288731281194,1.6755724324716095
Bearing3_1,2396,0.9444225463145447,0.2745400667190552,1.8484169181907344,0.05824602831509707,2.6749235293115587
Bearing3_1,2397,0.9448167126527395,0.2747296094894409,1.9080810111937008,0.058604152919014406,0.5811913756413836
Bearing3_1,2398,0.9452108789909341,0.2964497208595276,1.9870153568484645,0.06113593249705326,2.3305810527694737
Bearing3_1,2399,0.9456050453291289,0.2740846574306488,2.0238729778860898,0.061005334995106734,6.808858951912335
Bearing3_1,2400,0.9459992116673236,0.275088369846344,2.0532467490302784,0.05900421728986308,0.5552213571926198
Bearing3_1,2401,0.9463933780055184,0.27556556463241577,2.0840827190511435,0.05513611294278799,0.5216523577537705
Bearing3_1,2402,0.946787544343713,0.2726292610168457,2.1222306279934937,0.050202620687926816,0.3946918112293374
Bearing3_1,2403,0.9471817106819078,0.28054937720298767,2.1223640405705644,0.044907245288559605,1.0858762955355048
Bearing3_1,2404,0.9475758770201025,0.2723022699356079,2.1565833754030237,0.03896023727436108,0.9619098936705258
Bearing3_1,2405,0.9479700433582972,0.2799331545829773,2.1724347515947544,0.03429290538821222,0.3146750678557337
Bearing3_1,2406,0.9483642096964919,0.27686506509780884,2.1980054740228434,0.02918974363535873,1.7475556126603187
Bearing3_1,2407,0.9487583760346866,0.2758210003376007,2.2313285149072013,0.025644371454187864,1.3128062104112026
Bearing3_1,2408,0.9491525423728814,0.2920585870742798,2.2496487286475113,0.02444242180900603,0.7911227684171295
Bearing3_1,2409,0.949546708711076,0.28098782896995544,2.327408124255935,0.02675563366862176,0.8571438090219478
Bearing3_1,2410,0.9499408750492708,0.2729520797729492,2.4079588587000043,0.031741559466679954,0.7061839660259626
Bearing3_1,2411,0.9503350413874655,0.2811547517776489,2.482615091205534,0.03855583401285834,1.246848281186089
Bearing3_1,2412,0.9507292077256603,0.2977108657360077,2.530130903489231,0.04567437864758428,2.9737901080204066
Bearing3_1,2413,0.9511233740638549,0.29729753732681274,2.614169925008487,0.05244151831885328,2.5437431321586863
Bearing3_1,2414,0.9515175404020496,0.29481205344200134,2.7086092290208974,0.060679898295533816,0.23378413129731665
Bearing3_1,2415,0.9519117067402444,0.30559566617012024,2.8005367692883927,0.06829804368603704,0.5820888898639164
Bearing3_1,2416,0.9523058730784391,0.2942034602165222,2.9049545253830455,0.07570306008365288,0.7172649790993842
Bearing3_1,2417,0.9527000394166338,0.2950189709663391,3.004541406488851,0.08219254482647952,0.7387251740167432
Bearing3_1,2418,0.9530942057548285,0.3005567491054535,3.1024773966870205,0.08587306277999485,0.4624359685079244
Bearing3_1,2419,0.9534883720930233,0.31299105286598206,3.220308704046655,0.09082738547199716,1.0233115458686153
Bearing3_1,2420,0.953882538431218,0.30245596170425415,3.3079383300913596,0.09510851758039744,2.4964827663502946
Bearing3_1,2421,0.9542767047694127,0.3121797740459442,3.3861835546053785,0.09772581111549036,2.197624736593279
Bearing3_1,2422,0.9546708711076074,0.299990177154541,3.5265714433466426,0.10021600166265819,3.0948445231674393
Bearing3_1,2423,0.9550650374458022,0.3092428743839264,3.6471421696412762,0.10280731156527265,0.6159098005120948
Bearing3_1,2424,0.9554592037839968,0.30969542264938354,3.7726899229485027,0.10602175864749903,0.4140108708722942
Bearing3_1,2425,0.9558533701221915,0.3108060956001282,3.8952374163934564,0.10915116934240314,1.0680967386817377
Bearing3_1,2426,0.9562475364603863,0.3169333338737488,4.017566771791163,0.1126451753185825,0.9131444094600941
Bearing3_1,2427,0.956641702798581,0.30561894178390503,4.107954744176981,0.11422235069367084,2.7215930116844684
Bearing3_1,2428,0.9570358691367757,0.31348326802253723,4.221189780065268,0.11513034146147551,2.4314694963026726
Bearing3_1,2429,0.9574300354749704,0.3127799332141876,4.319502968223006,0.11569614015424455,0.7211222535942213
Bearing3_1,2430,0.9578242018131652,0.31967270374298096,4.4190669096151165,0.11421110751772898,2.6259143999739005
Bearing3_1,2431,0.9582183681513599,0.32392269372940063,4.556017060129447,0.11194420618567205,1.5194992476608087
Bearing3_1,2432,0.9586125344895546,0.33621516823768616,4.666849408680268,0.11090209819945243,0.4721654300125915
Bearing3_1,2433,0.9590067008277493,0.33576321601867676,4.760364380768715,0.10917730419729187,1.6255874654262472
Bearing3_1,2434,0.9594008671659441,0.33405762910842896,4.82030322028788,0.10559814910299252,3.2566973022965313
Bearing3_1,2435,0.9597950335041388,0.3386852443218231,4.88165164181517,0.10083676144482248,0.9722188609615446
Bearing3_1,2436,0.9601891998423334,0.3262803852558136,4.9244968994810865,0.09461114213528637,2.9289621704481217
Bearing3_1,2437,0.9605833661805282,0.3244069218635559,4.958332598077257,0.08526387875441499,3.657101290558569
Bearing3_1,2438,0.9609775325187229,0.3307027816772461,4.986934170615587,0.07471809319060776,1.9110665112852765
Bearing3_1,2439,0.9613716988569176,0.3388461470603943,5.040403588175868,0.06436128366726723,1.8090161646221365
Bearing3_1,2440,0.9617658651951123,0.3378152847290039,5.072623528024449,0.05366133216844015,4.74170479803007
Bearing3_1,2441,0.9621600315333071,0.34034883975982666,5.093900654601078,0.045330062839483556,0.5578795783330085
Bearing3_1,2442,0.9625541978715018,0.3436912000179291,5.1172834787301325,0.0391432423728134,0.5092889704755034
Bearing3_1,2443,0.9629483642096965,0.35233524441719055,5.152973490416348,0.03567767437916826,0.3516212489980911
Bearing3_1,2444,0.9633425305478912,0.3570156395435333,5.236742249544955,0.03601833576475351,1.6245116804140307
Bearing3_1,2445,0.9637366968860859,0.3446415066719055,5.305716822811,0.03916339556052324,2.564247290249424
Bearing3_1,2446,0.9641308632242807,0.3520139455795288,5.405159644322504,0.045448775755910914,0.28723271246361115
Bearing3_1,2447,0.9645250295624753,0.3476225733757019,5.497706576128389,0.05321166856419558,4.390700927932148
Bearing3_1,2448,0.9649191959006701,0.3555906116962433,5.580809712315433,0.06087636481189092,0.9828733064825005
Bearing3_1,2449,0.9653133622388648,0.35768142342567444,5.624729892132704,0.06730284365424592,2.2859427007760624
Bearing3_1,2450,0.9657075285770595,0.36713969707489014,5.69672831409106,0.0727217620605156,1.8857372242043708
Bearing3_1,2451,0.9661016949152542,0.3701947033405304,5.7865443866860975,0.0768933075793006,2.1853542248762805
Bearing3_1,2452,0.966495861253449,0.36446666717529297,5.855250497207538,0.07797563246743426,1.6402289283580864
Bearing3_1,2453,0.9668900275916437,0.37147730588912964,5.93156755074084,0.07665498507310291,0.5598446429156251
Bearing3_1,2454,0.9672841939298384,0.3784846365451813,5.994777815783207,0.07492925049784428,0.427860267130858
Bearing3_1,2455,0.9676783602680331,0.4028647243976593,6.077700360567464,0.07313655881051477,0.7077357893633816
Bearing3_1,2456,0.9680725266062278,0.40249621868133545,6.13774759993485,0.07189131630754947,2.041684060535882
Bearing3_1,2457,0.9684666929444226,0.40412619709968567,6.211939944758984,0.07198287042311295,2.894459355171421
Bearing3_1,2458,0.9688608592826172,0.4224706292152405,6.300084503105822,0.07376514445332993,2.357125296769634
Bearing3_1,2459,0.969255025620812,0.41008448600769043,6.38813689309917,0.07455980579475502,2.247919980302209
Bearing3_1,2460,0.9696491919590067,0.43493613600730896,6.474229412920569,0.07559689936649268,2.0403447666554166
Bearing3_1,2461,0.9700433582972015,0.42619389295578003,6.540506568834667,0.0768125929631593,0.3109735917220499
Bearing3_1,2462,0.9704375246353961,0.43597328662872314,6.669323454391223,0.08049613396253932,4.672012736932471
Bearing3_1,2463,0.9708316909735909,0.44969841837882996,6.8678961302262795,0.0902311643983706,7.690301647879612
Bearing3_1,2464,0.9712258573117856,0.578009307384491,7.261545647528971,0.11430256702947086,19.792505121356456
Bearing3_1,2465,0.9716200236499803,0.5862516164779663,7.676584713612352,0.15118587222957558,1.7117005543555244
Bearing3_1,2466,0.972014189988175,0.579610288143158,8.108334330398822,0.19624188941773907,0.42729399336186463
Bearing3_1,2467,0.9724083563263697,0.586458146572113,8.538474580983507,0.24582035865074922,2.75815813587088
Bearing3_1,2468,0.9728025226645645,0.6102956533432007,8.962460860529086,0.2962012362793738,2.0780902747941132
Bearing3_1,2469,0.9731966890027591,0.5881224870681763,9.38293381901428,0.34311593331070767,1.9860044858110344
Bearing3_1,2470,0.9735908553409539,0.6011165380477905,9.81909768122448,0.3832603189850535,0.5776977458991275
Bearing3_1,2471,0.9739850216791486,0.5958715081214905,10.252905148149628,0.41094154939136046,0.642731005407652
Bearing3_1,2472,0.9743791880173434,0.6056884527206421,10.652233645127492,0.4239933558903522,1.913125174318471
Bearing3_1,2473,0.974773354355538,0.6028784513473511,10.94413839069342,0.41792771852756455,2.4489792582941963
Bearing3_1,2474,0.9751675206937328,0.6085784435272217,11.062040645424121,0.3951274172979385,3.24978924633635
Bearing3_1,2475,0.9755616870319275,0.5957841277122498,11.141672547747465,0.35827333941399103,1.3768190016546622
Bearing3_1,2476,0.9759558533701221,0.6065475940704346,11.214194084820441,0.31215722486360575,0.3637471514232465
Bearing3_1,2477,0.9763500197083169,0.6065738797187805,11.292873411043448,0.2613619417289498,1.6055684603520044
Bearing3_1,2478,0.9767441860465116,0.6141319274902344,11.372321900286302,0.20977931203712522,2.6755966335484884
Bearing3_1,2479,0.9771383523847064,0.5978783369064331,11.476340761505346,0.16269153213193155,0.8955426205164913
Bearing3_1,2480,0.977532518722901,0.5741663575172424,11.541415357416403,0.12285623684812927,3.4841469431556935
Bearing3_1,2481,0.9779266850610958,0.595828652381897,11.611662070283348,0.09489650034975293,1.4536788559842946
Bearing3_1,2482,0.9783208513992905,0.6026408076286316,11.673400286124686,0.0804564218214439,1.377664090687281
Bearing3_1,2483,0.9787150177374853,0.6288319230079651,11.75368879625556,0.07747825547742991,0.42132075899857324
Bearing3_1,2484,0.9791091840756799,0.6326625347137451,11.814879586346168,0.07588518671965172,1.5085443944868564
Bearing3_1,2485,0.9795033504138747,0.6641312837600708,11.896401491448948,0.07492224032331424,0.86964954263422
Bearing3_1,2486,0.9798975167520694,0.6527010798454285,11.972944505565918,0.0738209069418404,0.5594039318766716
Bearing3_1,2487,0.980291683090264,0.6924225687980652,12.058202279002522,0.07341831118395177,0.5809357242656278
Bearing3_1,2488,0.9806858494284588,0.7052688002586365,12.109182206773603,0.07181629115753571,0.6107810580119928
Bearing3_1,2489,0.9810800157666535,0.7278240919113159,12.1539408738832,0.07065860364276368,0.41854297825240944
Bearing3_1,2490,0.9814741821048483,0.7466822862625122,12.22750965885143,0.06963873064302178,0.412098954368901
Bearing3_1,2491,0.9818683484430429,0.7580613493919373,12.285001441283038,0.0681215926769212,0.3024090191944712
Bearing3_1,2492,0.9822625147812377,0.7987544536590576,12.327333351305247,0.0648676596953977,0.14664200943615702
Bearing3_1,2493,0.9826566811194324,0.8883891701698303,12.377224711336247,0.06176117957058623,0.5550657159813163
Bearing3_1,2494,0.9830508474576272,0.8067110180854797,12.40501579729155,0.056691951775672024,0.5810002185640112
Bearing3_1,2495,0.9834450137958218,0.8101333975791931,12.419201320020115,0.050678107246193545,0.4235605529487189
Bearing3_1,2496,0.9838391801340165,0.8177258968353271,12.435758701188524,0.044333292587381855,0.2446868892960397
Bearing3_1,2497,0.9842333464722113,0.8206880688667297,12.45378292183674,0.03904559976124521,0.3418041607371409
Bearing3_1,2498,0.984627512810406,0.8398710489273071,12.471298385283392,0.03331704081894685,0.5896920510400083
Bearing3_1,2499,0.9850216791486007,0.8441153168678284,12.483301342269817,0.02683781274976256,0.16575064543014836
Bearing3_1,2500,0.9854158454867954,0.8442778587341309,12.497449282987294,0.02204262810078783,0.16760231068110443
Bearing3_1,2501,0.9858100118249902,0.8551520705223083,12.50969666855721,0.018476272716087067,0.29179159817814293
Bearing3_1,2502,0.9862041781631848,0.9539175629615784,12.52271831513145,0.015718737785108232,0.13638927036141887
Bearing3_1,2503,0.9865983445013796,0.9333348870277405,12.52740645872862,0.014174707854512011,0.31510814141198384
Bearing3_1,2504,0.9869925108395743,0.9534487724304199,12.533968226634896,0.013020946783795008,0.34816715815806043
Bearing3_1,2505,0.9873866771777691,0.9605227708816528,12.543550188938788,0.011772479968002517,0.2031043789931384
Bearing3_1,2506,0.9877808435159637,0.979357898235321,12.552715859101166,0.010620525191461918,0.2619885377413908
Bearing3_1,2507,0.9881750098541584,1.0323429107666016,12.565649507833674,0.00995799435369508,0.10868220390469603
Bearing3_1,2508,0.9885691761923532,1.0665249824523926,12.581318339447918,0.009961866003488798,0.31814864527714726
Bearing3_1,2509,0.9889633425305479,1.0289591550827026,12.594716752658787,0.010163182122491246,0.3878759079411151
Bearing3_1,2510,0.9893575088687426,1.0799379348754883,12.607970861009294,0.010680155831001984,0.21582748227773998
Bearing3_1,2511,0.9897516752069373,1.1045396327972412,12.62056034971615,0.011360665803675044,0.3532592533131746
Bearing3_1,2512,0.9901458415451321,1.2034986019134521,12.633054798048432,0.012246998715677132,0.12678275504179148
Bearing3_1,2513,0.9905400078833267,1.2081423997879028,12.64691352115476,0.012864392971266292,0.14799370243977655
Bearing3_1,2514,0.9909341742215215,1.2502572536468506,12.661038463914986,0.013241119390242008,0.3291230793223925
Bearing3_1,2515,0.9913283405597162,1.2118017673492432,12.672801119789332,0.013357997407107117,0.3032220496577182
Bearing3_1,2516,0.991722506897911,1.3365479707717896,12.686214248359288,0.013250867346485442,0.1475664434279713
Bearing3_1,2517,0.9921166732361056,1.3613767623901367,12.696742665348983,0.012962095531006797,0.20613477812295566
Bearing3_1,2518,0.9925108395743003,1.5406997203826904,12.711459401910115,0.012931635605081203,0.31596036504778646
Bearing3_1,2519,0.9929050059124951,1.57981538772583,12.726625651622303,0.013044185787063784,0.2995777760693843
Bearing3_1,2520,0.9932991722506898,1.599678635597229,12.740786155457323,0.013213838565675025,0.2659157439194166
Bearing3_1,2521,0.9936933385888845,1.6588081121444702,12.756352667037063,0.013461990684268225,0.18041142207853558
Bearing3_1,2522,0.9940875049270792,1.6619511842727661,12.766111994779264,0.013429465510092192,0.5511816631520626
Bearing3_1,2523,0.994481671265274,1.8545206785202026,12.77450183829857,0.013165668532168813,0.3708616394262069
Bearing3_1,2524,0.9948758376034686,2.215143918991089,12.787004701664845,0.012978983714071806,0.4144943895303501
Bearing3_1,2525,0.9952700039416634,2.320176839828491,12.802916319472953,0.012917518892284244,0.23027541516947386
Bearing3_1,2526,0.9956641702798581,2.0078628063201904,12.822748000731451,0.013254836774913436,0.5740148448776975
Bearing3_1,2527,0.9960583366180528,1.7524094581604004,12.83998427164928,0.013579254781195852,0.5584475178904104
Bearing3_1,2528,0.9964525029562475,2.143468141555786,12.855067026998176,0.013971222409974766,0.36963596488719186
Bearing3_1,2529,0.9968466692944422,2.2062857151031494,12.868899164558083,0.01438805509752403,0.37442535800150145
Bearing3_1,2530,0.997240835632637,2.2355289459228516,12.88187045338725,0.014731918789777337,0.3121291774280265
Bearing3_1,2531,0.9976350019708317,2.787285089492798,12.902740424921756,0.015541799302199349,0.7494686920726009
Bearing3_1,2532,0.9980291683090264,2.888308525085449,12.926763629548498,0.016538261214836487,0.24474533332520346
Bearing3_1,2533,0.9984233346472211,3.0461087226867676,12.950104350249575,0.01741988370616199,0.3657216449968548
Bearing3_1,2534,0.9988175009854159,2.9817662239074707,12.968118220179843,0.01798908984899922,0.40835985656116025
Bearing3_1,2535,0.9992116673236106,3.38339900970459,12.991237578325194,0.01868481103527494,0.6752130621949446
Bearing3_1,2536,0.9996058336618053,4.021970748901367,13.01548054933659,0.01974230625331775,0.6524310484604249
Bearing3_1,2537,1.0,3.9288136959075928,13.040929032021515,0.021000833150452418,0.4063176314022613
Bearing3_2,0,0.0,0.8313085436820984,,,
Bearing3_2,1,0.0004008016032064128,0.83794105052948,,,
Bearing3_2,2,0.0008016032064128256,0.9963451027870178,,,
Bearing3_2,3,0.0012024048096192384,1.0300673246383667,,,
Bearing3_2,4,0.0016032064128256513,0.863976776599884,,,
Bearing3_2,5,0.002004008016032064,0.8853545188903809,,,
Bearing3_2,6,0.002404809619238477,0.9750458598136902,,,
Bearing3_2,7,0.0028056112224448897,0.949434757232666,,,
Bearing3_2,8,0.0032064128256513026,0.8518112897872925,,,
Bearing3_2,9,0.0036072144288577155,0.9041961431503296,,,
Bearing3_2,10,0.004008016032064128,0.8084354400634766,,,
Bearing3_2,11,0.004408817635270541,0.8476659655570984,,,
Bearing3_2,12,0.004809619238476954,0.888483464717865,,,
Bearing3_2,13,0.0052104208416833666,0.8497908115386963,,,
Bearing3_2,14,0.0056112224448897794,0.7887271642684937,,,
Bearing3_2,15,0.006012024048096192,0.7943242192268372,2.275114847158307,0.0,8.469502902966317
Bearing3_2,16,0.006412825651302605,0.8154760003089905,0.8694358595413852,-1.4056789876169216,29.034050789448557
Bearing3_2,17,0.006813627254509018,0.8068127036094666,1.3110927662039007,-0.4820110404772031,26.18968778913608
Bearing3_2,18,0.007214428857715431,0.7994208931922913,0.5923166202976899,-0.46067377739193355,38.44242372087722
Bearing3_2,19,0.007615230460921844,0.8141206502914429,0.38361230319988743,-0.4060124327160534,9.94424335898878
Bearing3_2,20,0.008016032064128256,0.8006919622421265,0.3690812804648809,-0.3344689899542238,6.468898316063926
Bearing3_2,21,0.008416833667334669,0.8412838578224182,0.526895390862027,-0.2561731425016379,10.90288761591923
Bearing3_2,22,0.008817635270541082,0.803430438041687,0.7818616142518683,-0.18095492557210385,10.05567743748689
Bearing3_2,23,0.009218436873747494,0.7408168315887451,0.7533075531688513,-0.13569303337238214,21.239703871851717
Bearing3_2,24,0.009619238476953907,0.7733358144760132,0.9755253869163555,-0.09312820459143914,23.48639858620452
Bearing3_2,25,0.01002004008016032,0.7686784863471985,0.746844632713116,-0.007847127203383904,30.787784779886177
Bearing3_2,26,0.010420841683366733,0.7457908987998962,0.9060819823416857,0.010932178740800854,9.445214890790597
Bearing3_2,27,0.010821643286573146,0.8003677725791931,0.8479535134485736,0.055540439276798075,4.760201209638969
Bearing3_2,28,0.011222444889779559,0.7362242937088013,1.1484806767403666,0.07423648993502849,2.7335366517137536
Bearing3_2,29,0.011623246492985972,0.7529878616333008,1.3251897919314177,0.0819162159614909,2.2041546271547525
Bearing3_2,30,0.012024048096192385,0.7089897990226746,1.383876076209981,0.08041521672103778,5.437693573256314
Bearing3_2,31,0.012424849699398798,0.7685408592224121,1.3965842538309297,0.07782778851977824,6.326257043220546
Bearing3_2,32,0.01282565130260521,0.784000813961029,1.4925375560623797,0.08693024184235812,18.248310969128667
Bearing3_2,33,0.013226452905811623,0.7193616628646851,1.8371477058902888,0.10431175451594993,3.432588968973151
Bearing3_2,34,0.013627254509018036,0.7561602592468262,1.837513808070722,0.12339030225259369,10.995377217156515
Bearing3_2,35,0.014028056112224449,0.7131013870239258,2.0961449270730492,0.1308822738224288,5.1971351205210485
Bearing3_2,36,0.014428857715430862,0.7198418378829956,2.0606345800350647,0.13069798559743087,19.985890457879975
Bearing3_2,37,0.014829659318637275,0.751936137676239,2.0423978238704272,0.11164915701671939,6.069988131414739
Bearing3_2,38,0.015230460921843688,0.7129117846488953,2.0485340619603525,0.09849206369767667,0.8362924126229548
Bearing3_2,39,0.0156312625250501,0.7198389172554016,2.0344559495398693,0.08543794301425361,4.372402650853956
Bearing3_2,40,0.01603206412825651,0.7181926369667053,2.1717115473395805,0.075185744706859,9.68257201250435
Bearing3_2,41,0.016432865731462926,0.7133303284645081,2.120716151584761,0.053449670337512016,12.597726368544182
Bearing3_2,42,0.016833667334669337,0.716884434223175,2.1047755537705344,0.02846363929368169,21.64258278166926
Bearing3_2,43,0.017234468937875752,0.7054134607315063,1.783258679637877,0.001493267555892422,27.11067944491907
Bearing3_2,44,0.017635270541082163,0.6970776319503784,1.6150514775314786,-0.03397443534836956,4.4555422131840805
Bearing3_2,45,0.018036072144288578,0.6971198916435242,1.4683196249766568,-0.05750710614893038,2.953520794665303
Bearing3_2,46,0.01843687374749499,0.7056881785392761,1.622414614830788,-0.06739194849214493,10.23090681183625
Bearing3_2,47,0.018837675350701404,0.6813522577285767,1.6403028430358102,-0.07220509588722165,7.418801018305883
Bearing3_2,48,0.019238476953907815,0.6881744265556335,1.6541666241496955,-0.07097907594482335,0.8240042372628318
Bearing3_2,49,0.01963927855711423,0.7132571935653687,1.8276387292619247,-0.05644927063875194,11.56618972525366
Bearing3_2,50,0.02004008016032064,0.7591038346290588,1.9648625690392678,-0.0227772800335969,6.230821070878165
Bearing3_2,51,0.020440881763527055,0.6225675344467163,2.1524274470724927,0.020233089393355934,7.742581505612481
Bearing3_2,52,0.020841683366733466,0.622227132320404,2.088778765139756,0.058324626672874906,3.559317122299608
Bearing3_2,53,0.02124248496993988,0.6704009175300598,2.475006037125154,0.09624254825342969,17.56234709712483
Bearing3_2,54,0.021643286573146292,0.680952787399292,2.760337478562645,0.130125373075151,5.852553587627353
Bearing3_2,55,0.022044088176352707,0.6450045108795166,2.843522563311762,0.14488118809430678,23.385289630001992
Bearing3_2,56,0.022444889779559118,0.6449928879737854,2.851832002514048,0.1536941180501038,2.691411691559098
Bearing3_2,57,0.022845691382765532,0.6491308212280273,3.1248993687928124,0.1636921512264924,18.715657021835593
Bearing3_2,58,0.023246492985971944,0.6578480005264282,3.215917055248325,0.16158392815341638,19.164658029669013
Bearing3_2,59,0.023647294589178358,0.6748168468475342,3.4639012802641163,0.16563661610566996,26.945350762550788
Bearing3_2,60,0.02404809619238477,0.659663736820221,3.4440877118405346,0.1579233344805548,20.94499233517322
Bearing3_2,61,0.024448897795591184,0.7126995325088501,3.430586491364724,0.14404794611895871,7.63745403916916
Bearing3_2,62,0.024849699398797595,0.5850957036018372,3.512187700139801,0.11488745041876337,6.1363506272133375
Bearing3_2,63,0.02525050100200401,0.7102895975112915,3.423559076009721,0.08938770929231696,1.2306988082949726
Bearing3_2,64,0.02565130260521042,0.6738044023513794,3.426960219603225,0.0715979685924451,3.212222889026496
Bearing3_2,65,0.026052104208416832,0.6419996023178101,3.765075114997294,0.06971625521806259,10.33908021952954
Bearing3_2,66,0.026452905811623247,0.6864284873008728,3.8408637536246237,0.061352096240650085,23.981716809307393
Bearing3_2,67,0.026853707414829658,0.6662726402282715,3.611878849965021,0.04671407904450324,11.736376223780884
Bearing3_2,68,0.027254509018036072,0.7217406034469604,3.812619807974618,0.04319063282261456,23.655864961259734
Bearing3_2,69,0.027655310621242483,0.6350179314613342,3.666149151035652,0.04097739906903145,7.676296956139414
Bearing3_2,70,0.028056112224448898,0.6467427015304565,3.677325320621842,0.03560138066134679,5.144103960785958
Bearing3_2,71,0.02845691382765531,0.6023626327514648,3.7537549902056724,0.03066704942613449,0.9577278218659936
Bearing3_2,72,0.028857715430861724,0.6350928544998169,3.7847706050115546,0.028947365658176082,1.5124795524472852
Bearing3_2,73,0.029258517034068135,0.6172301769256592,3.9119418881937293,0.02495168718394608,10.25049598064115
Bearing3_2,74,0.02965931863727455,0.6050240397453308,3.8151498399709083,0.009983393686413882,19.357156286720027
Bearing3_2,75,0.03006012024048096,0.5888857841491699,3.7449422719275325,0.009021260771966575,12.587411303838989
Bearing3_2,76,0.030460921843687375,0.6027576923370361,3.9057861933587175,0.02212904303279694,1.0187515601051345
Bearing3_2,77,0.030861723446893786,0.6045814752578735,3.9778121449669706,0.023112914655751306,20.348778376784114
Bearing3_2,78,0.0312625250501002,0.5890076160430908,3.81237082205035,0.0240198895626577,0.49081653993369406
Bearing3_2,79,0.031663326653306616,0.5909502506256104,3.7449028319244833,0.01148509982948595,2.394045453896854
Bearing3_2,80,0.03206412825651302,0.5970032215118408,3.725234550532344,-0.0023320173513150227,1.594147186423661
Bearing3_2,81,0.03246492985971944,0.5990126132965088,3.8277324155171306,-0.006043748529302618,11.548411928478211
Bearing3_2,82,0.03286573146292585,0.5900710225105286,3.873532812235021,-0.0060862646606065695,4.599354189548994
Bearing3_2,83,0.03326653306613227,0.534888505935669,3.8505401489169815,1.9253939572108887e-05,3.5737799372821235
Bearing3_2,84,0.033667334669338675,0.5789604187011719,3.9601125465547966,0.006392909066070788,5.999837947074822
Bearing3_2,85,0.03406813627254509,0.5889349579811096,4.125896376983066,0.015371690327172588,18.026804609871412
Bearing3_2,86,0.034468937875751504,0.5648060441017151,4.078968104164106,0.027896050195918815,22.077792821558294
Bearing3_2,87,0.03486973947895792,0.5700480937957764,4.3120704727455905,0.055837640145352085,7.246561765579821
Bearing3_2,88,0.035270541082164326,0.5593655109405518,4.5142533150833914,0.07972634750933168,3.286462238179707
Bearing3_2,89,0.03567134268537074,0.5420945286750793,4.562400140276647,0.09323571274778816,13.35096043387942
Bearing3_2,90,0.036072144288577156,0.5474764108657837,4.633868129096243,0.09942305487932647,1.9118860791822776
Bearing3_2,91,0.03647294589178357,0.536443829536438,4.510299018451714,0.09468971435573804,8.021065623074325
Bearing3_2,92,0.03687374749498998,0.5950824618339539,4.471262895928899,0.08260695598561812,4.160743426908945
Bearing3_2,93,0.03727454909819639,0.5590808391571045,4.4036170480408,0.05805636673744313,1.295692214601572
Bearing3_2,94,0.03767535070140281,0.531923234462738,4.381714645935846,0.0329119651063817,1.4550802554854254
Bearing3_2,95,0.03807615230460922,0.5579098463058472,4.164365808665053,0.0018540992359974552,1.5696976870622237
Bearing3_2,96,0.03847695390781563,0.5602173209190369,4.086665209190724,-0.037036828814032204,7.9141484084208935
Bearing3_2,97,0.038877755511022044,0.5524709224700928,4.037370184367626,-0.06316971673718182,10.02850685704512
Bearing3_2,98,0.03927855711422846,0.5531229972839355,3.8127091807697013,-0.08474828459917741,20.26381185315943
Bearing3_2,99,0.039679358717434866,0.566245436668396,3.6199107232971715,-0.10512977834904919,10.365492457655815
Bearing3_2,100,0.04008016032064128,0.563644528388977,3.479029569861349,-0.11700705191678702,7.184508947263842
Bearing3_2,101,0.040480961923847696,0.5258163809776306,3.421123056693068,-0.12628276013382525,0.5918708394184374
Bearing3_2,102,0.04088176352705411,0.5622027516365051,3.2448088294667072,-0.13457588331614173,7.767252774842044
Bearing3_2,103,0.04128256513026052,0.5300505757331848,3.024985548036747,-0.14450298059975727,3.860168566472155
Bearing3_2,104,0.04168336673346693,0.5561666488647461,2.763213631261553,-0.15345802136290704,5.398492103188614
Bearing3_2,105,0.04208416833667335,0.5389368534088135,2.6558768703945246,-0.16313952290444092,14.242108201694666
Bearing3_2,106,0.04248496993987976,0.5316792130470276,2.5715562313401774,-0.16431565759243355,5.4038512902285545
Bearing3_2,107,0.04288577154308617,0.522612452507019,2.2929055782144743,-0.1656122964954826,8.871285535431225
Bearing3_2,108,0.043286573146292584,0.5335780382156372,2.3159377872372753,-0.1594850077989296,9.711655546638523
Bearing3_2,109,0.043687374749499,0.5119473934173584,2.356022387703118,-0.14588183328989413,8.099394639920348
Bearing3_2,110,0.04408817635270541,0.5700122714042664,2.281980332830806,-0.13038953460180866,4.162116287997341
Bearing3_2,111,0.04448897795591182,0.5261940956115723,2.2649332918264724,-0.10517782100359593,6.065453666786876
Bearing3_2,112,0.044889779559118236,0.5329078435897827,2.3670425745748656,-0.07213637058733012,4.417111154540345
Bearing3_2,113,0.04529058116232465,0.5192834138870239,2.4017417804495276,-0.04121753067454262,10.445489525868217
Bearing3_2,114,0.045691382765531065,0.5161106586456299,2.7139230620015233,-0.0031676120671171168,22.05873368776701
Bearing3_2,115,0.04609218436873747,0.5224670767784119,2.704970417533928,0.02783565786621377,17.459468005013456
Bearing3_2,116,0.04649298597194389,0.4960801899433136,2.8159602251220948,0.058676468068737817,6.329999975484624
Bearing3_2,117,0.0468937875751503,0.5263974666595459,2.893608526671707,0.07221345731368575,12.7273485935057
Bearing3_2,118,0.047294589178356716,0.5554453134536743,3.060372491259971,0.08910089555033505,18.351880011940874
Bearing3_2,119,0.047695390781563124,0.5411348342895508,3.302054762142075,0.11281985884769832,1.503425332417506
Bearing3_2,120,0.04809619238476954,0.5218059420585632,3.428965474479932,0.1270580285606214,15.967861975664025
Bearing3_2,121,0.04849699398797595,0.5632903575897217,3.3959499860889624,0.12445603385012245,10.207573202128714
Bearing3_2,122,0.04889779559118237,0.5292565822601318,3.292450641645574,0.10930661260457404,2.98356960603727
Bearing3_2,123,0.049298597194388775,0.5448516607284546,3.2701847304712124,0.08403890002515055,2.5911832773953205
Bearing3_2,124,0.04969939879759519,0.5626698732376099,3.210759454904463,0.06581531300286547,18.53484367330105
Bearing3_2,125,0.050100200400801605,0.5498109459877014,3.175025066153521,0.03902347523083553,15.314007966743068
Bearing3_2,126,0.05050100200400802,0.5561562776565552,3.0465005103383547,0.006922895543012557,2.8900672054475933
Bearing3_2,127,0.05090180360721443,0.5157008171081543,3.0354439022368354,-0.023398646122388952,1.0453735618510065
Bearing3_2,128,0.05130260521042084,0.5542911291122437,2.988610568932807,-0.046876352275036566,15.00762861945177
Bearing3_2,129,0.051703406813627256,0.5293838381767273,2.7366505656882225,-0.06711533845704049,21.144482629064186
Bearing3_2,130,0.052104208416833664,0.5257082581520081,2.626462024911916,-0.07805051032609062,1.9235606786685988
Bearing3_2,131,0.05250501002004008,0.5160937309265137,2.735320934476026,-0.07552164151082347,11.89734393495555
Bearing3_2,132,0.05290581162324649,0.5403591394424438,2.7201823209088296,-0.07271084668195729,15.029892101541684
Bearing3_2,133,0.05330661322645291,0.587574303150177,2.9065904545739594,-0.05428014384374763,17.452946663403818
Bearing3_2,134,0.053707414829659315,0.5461190938949585,2.669617371514113,-0.048329727229649205,23.480997660164455
Bearing3_2,135,0.05410821643286573,0.5248541831970215,2.6733395682581644,-0.037999276305145914,8.479479026875328
Bearing3_2,136,0.054509018036072145,0.5550082325935364,2.6112432954219544,-0.03354316219095783,9.272857964256959
Bearing3_2,137,0.05490981963927856,0.5536235570907593,2.499625974362345,-0.030636527766590323,5.5179732597587074
Bearing3_2,138,0.05531062124248497,0.5311599373817444,2.261043497756895,-0.037370942433400875,2.5233923523214146
Bearing3_2,139,0.05571142284569138,0.5531184077262878,2.3529610912610233,-0.047070008929311145,11.741843529917528
Bearing3_2,140,0.056112224448897796,0.5385797023773193,2.514178493687576,-0.05067052013943958,5.631932296324523
Bearing3_2,141,0.05651302605210421,0.528026819229126,2.404619815471392,-0.051628686114972656,15.045628207467724
Bearing3_2,142,0.05691382765531062,0.5088374018669128,2.5972737568669295,-0.039079197779415153,15.150538932838113
Bearing3_2,143,0.05731462925851703,0.5599409341812134,2.5101787988911757,-0.017363333827988308,10.50116231171955
Bearing3_2,144,0.05771543086172345,0.5423898696899414,2.7238655434210868,0.005014954962689791,6.346961598799828
Bearing3_2,145,0.05811623246492986,0.5319588780403137,2.6873076899882276,0.0249897718713975,16.424862790894586
Bearing3_2,146,0.05851703406813627,0.5633026361465454,2.833167117625913,0.048611495471503605,8.95638582500811
Bearing3_2,147,0.058917835671342685,0.5973886251449585,3.1753232587968907,0.08076514085630775,13.748460544355765
Bearing3_2,148,0.0593186372745491,0.5761145949363708,3.4973027852910747,0.10638553731334592,0.7475060161677023
Bearing3_2,149,0.059719438877755514,0.5731356143951416,3.3563249634222396,0.1154591129016419,34.61658875072344
Bearing3_2,150,0.06012024048096192,0.5445498824119568,3.1825060051512644,0.11363749490164007,1.9999871765722512
Bearing3_2,151,0.060521042084168336,0.5431661009788513,3.2073193524531063,0.09776448079503935,4.652305391440475
Bearing3_2,152,0.06092184368737475,0.562705397605896,3.071086900567652,0.0775745104121865,1.193854208815566
Bearing3_2,153,0.061322645290581165,0.5697746276855469,3.2392110473469016,0.05500542788314278,20.055281797024875
Bearing3_2,154,0.06172344689378757,0.5236892700195312,3.165144539179326,0.03380538244142867,18.05620093506675
Bearing3_2,155,0.06212424849699399,0.5379154682159424,3.1999945898737026,0.0067202223146931245,5.518356453952611
Bearing3_2,156,0.0625250501002004,0.5497747659683228,3.1273544728840506,-0.020817550834244112,1.9657288864619364
Bearing3_2,157,0.06292585170340681,0.5580172538757324,2.9130626238893687,-0.040799468217045935,0.4542129454640362
Bearing3_2,158,0.06332665330661323,0.5545852184295654,2.679523054740852,-0.048875689000366436,1.635058446857861
Bearing3_2,159,0.06372745490981964,0.5184637904167175,2.8785902459271724,-0.045579739230837586,8.751440294088972
Bearing3_2,160,0.06412825651302605,0.5343435406684875,2.9700854466793585,-0.04309034885052643,8.647476993733429
Bearing3_2,161,0.06452905811623247,0.5919339060783386,3.0037251072543887,-0.034537050091794995,1.4019587031566942
Bearing3_2,162,0.06492985971943888,0.5740091800689697,3.1545934247125227,-0.024368924807120253,10.638920121548495
Bearing3_2,163,0.06533066132264528,0.5822845697402954,2.9886590871373695,-0.013055687230896274,11.400615637679833
Bearing3_2,164,0.0657314629258517,0.5537434816360474,3.0470792620743747,-0.0004566684121948562,4.308687312846315
Bearing3_2,165,0.06613226452905811,0.5852863788604736,3.2272514999388284,0.025724357998192195,6.5722325141405005
Bearing3_2,166,0.06653306613226453,0.5518099069595337,3.2672506487553163,0.048914094907560865,15.858025042520035
Bearing3_2,167,0.06693386773547094,0.5512721538543701,3.280171573551641,0.056826775044098575,2.922793850261211
Bearing3_2,168,0.06733466933867735,0.4912009537220001,3.4859222389788385,0.0559431086890396,17.7122051939534
Bearing3_2,169,0.06773547094188377,0.5103346705436707,3.6808228740201026,0.0691869965760711,7.327532408542088
Bearing3_2,170,0.06813627254509018,0.5908079147338867,3.9160824718240512,0.09163887435597366,4.927217052795372
Bearing3_2,171,0.06853707414829659,0.5512792468070984,4.1351829727646,0.11681770198133612,3.0126591747256777
Bearing3_2,172,0.06893787575150301,0.5454935431480408,4.085544881328069,0.13563224438300325,16.49325138827749
Bearing3_2,173,0.06933867735470942,0.5434167981147766,4.126172997041006,0.13431631657169257,2.879145416602052
Bearing3_2,174,0.06973947895791584,0.5470970869064331,4.172855421037656,0.12565333373292512,5.031442856260124
Bearing3_2,175,0.07014028056112225,0.5518897771835327,4.1501297668076855,0.11411648065484067,0.6211372959778502
Bearing3_2,176,0.07054108216432865,0.6203364133834839,4.132657747825275,0.09310681504585896,15.530344724539257
Bearing3_2,177,0.07094188376753507,0.570141613483429,4.24260468129153,0.06846586686606486,9.676972951933582
Bearing3_2,178,0.07134268537074148,0.5667431950569153,4.235193207461475,0.045471511654445934,5.697126602999186
Bearing3_2,179,0.07174348697394789,0.5471169948577881,3.9901824678709255,0.013024237607515988,16.093478262372738
Bearing3_2,180,0.07214428857715431,0.5615089535713196,3.747735053947511,-0.02071328090710451,4.409046978564698
Bearing3_2,181,0.07254509018036072,0.5487096309661865,3.5418846550031704,-0.0490317281756641,0.9029441898651799
Bearing3_2,182,0.07294589178356714,0.5632661581039429,3.429996694704702,-0.07957086643189155,6.899216343986689
Bearing3_2,183,0.07334669338677355,0.5773600339889526,3.339869160807325,-0.10437147231834538,0.8212856077201561
Bearing3_2,184,0.07374749498997996,0.6130915284156799,3.324808804477788,-0.11735043499592239,12.407515207548121
Bearing3_2,185,0.07414829659318638,0.5670961141586304,3.1290665239086586,-0.1322419400282394,18.13114808714374
Bearing3_2,186,0.07454909819639279,0.5896121263504028,3.00112336426544,-0.14290043996841967,8.559195488315815
Bearing3_2,187,0.07494989979959919,0.5678810477256775,2.981825909092551,-0.13356616452258488,20.638235828242255
Bearing3_2,188,0.07535070140280561,0.554759681224823,2.784723818166976,-0.12019484353773688,11.776975698912956
Bearing3_2,189,0.07575150300601202,0.5534858703613281,2.69109419504228,-0.11068319506821801,5.832118575470555
Bearing3_2,190,0.07615230460921844,0.5451011061668396,2.657083497178331,-0.10344331198218897,1.88890775385531
Bearing3_2,191,0.07655310621242485,0.5517697334289551,2.7863867761630656,-0.08965386382941308,17.101415775569397
Bearing3_2,192,0.07695390781563126,0.5098072290420532,2.926268337025248,-0.06653615966356631,5.620548109760747
Bearing3_2,193,0.07735470941883768,0.5567108988761902,2.976067599659786,-0.04060483606621285,9.551580949490592
Bearing3_2,194,0.07775551102204409,0.5449919104576111,2.7561294810369152,-0.023264444983620992,14.23279990178763
Bearing3_2,195,0.0781563126252505,0.5426825284957886,2.9189465253204783,-0.0031995268757358673,19.686554441139617
Bearing3_2,196,0.07855711422845692,0.532953143119812,3.027267403122583,0.016791167846209237,14.113453516928779
Bearing3_2,197,0.07895791583166333,0.5236013531684875,2.9908378739669557,0.033191402889265205,6.441793109959699
Bearing3_2,198,0.07935871743486973,0.526486337184906,3.094604558568899,0.04200226357769909,2.1263111404848627
Bearing3_2,199,0.07975951903807615,0.5524941682815552,3.2007869656176617,0.046606786861668505,5.528695153995224
Bearing3_2,200,0.08016032064128256,0.5560886859893799,3.2360009550286564,0.04468659915803034,5.503424452378347
Bearing3_2,201,0.08056112224448898,0.5808685421943665,3.0396927702167185,0.033661729574537544,5.932309273670366
Bearing3_2,202,0.08096192384769539,0.5797621607780457,3.0542711104897036,0.02968710389306638,15.107740868446529
Bearing3_2,203,0.0813627254509018,0.5441415905952454,3.206515961637386,0.03578514489268701,4.728753136003829
Bearing3_2,204,0.08176352705410822,0.5748804807662964,3.5546506296050127,0.04341649487959166,5.067281068101013
Bearing3_2,205,0.08216432865731463,0.5469393730163574,3.3576780171456937,0.041479309580733446,34.61248927688
Bearing3_2,206,0.08256513026052104,0.5543918609619141,3.47752890237808,0.04798287967135523,17.35009573254554
Bearing3_2,207,0.08296593186372746,0.5438133478164673,3.4334722382794864,0.04419700857343011,10.094828619602634
Bearing3_2,208,0.08336673346693386,0.541039228439331,3.2603025849246707,0.032518033971280585,11.025445389389985
Bearing3_2,209,0.08376753507014029,0.5304071307182312,3.185560016170426,0.021832558193595576,4.388294146551538
Bearing3_2,210,0.0841683366733467,0.5181858539581299,3.1513635080860594,0.011813986716856704,1.555299869257611
Bearing3_2,211,0.0845691382765531,0.5148710608482361,3.2627594650985947,-0.004189745523114321,8.625649005307453
Bearing3_2,212,0.08496993987975952,0.5444301962852478,3.0459751042393965,-0.03375002863880474,17.42737825711136
Bearing3_2,213,0.08537074148296593,0.5509155988693237,2.891367066857396,-0.061493263035179296,10.681185133649347
Bearing3_2,214,0.08577154308617234,0.5304688215255737,2.8070402538029113,-0.06680717731207804,12.165823264375769
Bearing3_2,215,0.08617234468937876,0.5465002655982971,3.0212620235346264,-0.06450583133360023,4.6496481760591255
Bearing3_2,216,0.08657314629258517,0.5696240663528442,2.787279260828409,-0.06289935286771375,27.184049566822726
Bearing3_2,217,0.08697394789579159,0.5385335087776184,2.7246393445944426,-0.05928004572359024,6.839010602146051
Bearing3_2,218,0.087374749498998,0.5527711510658264,2.8173944300068667,-0.05355409997838227,4.7429790947326325
Bearing3_2,219,0.0877755511022044,0.532023549079895,2.841354294322919,-0.0461355067641841,2.587750621794811
Bearing3_2,220,0.08817635270541083,0.5412397384643555,2.8672472055275495,-0.03541214957660012,1.498530177454239
Bearing3_2,221,0.08857715430861723,0.5746864080429077,2.9876946325028273,-0.007248701631243971,18.091579515026762
Bearing3_2,222,0.08897795591182364,0.5479322075843811,2.982794403184882,0.009529289537620349,29.920349792936214
Bearing3_2,223,0.08937875751503006,0.553449273109436,2.9187994387452223,0.013275270469818506,4.598761294595435
Bearing3_2,224,0.08977955911823647,0.5379106998443604,2.6679518645484874,-0.0026156446897748296,6.423424429748768
Bearing3_2,225,0.09018036072144289,0.5272204279899597,2.43948049011654,-0.015001263633185226,2.5903487488326125
Bearing3_2,226,0.0905811623246493,0.5521406531333923,2.4732764695349774,-0.0340904189897246,1.1597839956455662
Bearing3_2,227,0.09098196392785571,0.5525848269462585,2.7185173675491185,-0.04017269806662455,28.042456860637564
Bearing3_2,228,0.09138276553106213,0.5569790601730347,2.5816779208313663,-0.04746106882129698,33.15685220804654
Bearing3_2,229,0.09178356713426854,0.5183975696563721,2.6602933963019857,-0.046006828636192744,18.886344388364297
Bearing3_2,230,0.09218436873747494,0.5377476811408997,2.55593612331494,-0.04632393170921339,19.500951668060797
Bearing3_2,231,0.09258517034068137,0.5411989688873291,2.314632696514247,-0.04799974375225199,4.509089830185758
Bearing3_2,232,0.09298597194388777,0.5379503965377808,2.3835805344948495,-0.038083120090410684,1.0452609168386253
Bearing3_2,233,0.09338677354709418,0.5605437755584717,2.4916987523171175,-0.019272271647089268,8.615912252049753
Bearing3_2,234,0.0937875751503006,0.520653247833252,2.580910909935159,-0.007141499111316334,8.179822675881011
Bearing3_2,235,0.09418837675350701,0.5060773491859436,2.7075707147534818,-0.0022783930371183176,1.4181612298371242
Bearing3_2,236,0.09458917835671343,0.5715915560722351,2.7917318312924215,0.006178806207863859,5.365633452501112
Bearing3_2,237,0.09498997995991984,0.5324305891990662,2.6540477078326346,0.019615290564982894,6.139573079174672
Bearing3_2,238,0.09539078156312625,0.5335133671760559,2.695335528527094,0.02696265850869483,15.285836656057375
Bearing3_2,239,0.09579158316633267,0.5642236471176147,2.749438845007421,0.04112448016821465,20.008646761899058
Bearing3_2,240,0.09619238476953908,0.5358647108078003,2.785476225991565,0.04921427472827339,21.12910658487415
Bearing3_2,241,0.09659318637274548,0.5577307939529419,2.681049134911512,0.0327388467435967,9.680993976571974
Bearing3_2,242,0.0969939879759519,0.536954939365387,2.6288159714659374,0.013569448273961966,6.164401246814337
Bearing3_2,243,0.09739478957915831,0.5419714450836182,2.5012133412923094,-0.008324763222702342,1.2556471641398124
Bearing3_2,244,0.09779559118236474,0.5495991706848145,2.3729311673757345,-0.03138403538240362,8.070764703112818
Bearing3_2,245,0.09819639278557114,0.5140000581741333,2.3349529912396467,-0.045549890857889096,10.347319397577994
Bearing3_2,246,0.09859719438877755,0.5407643914222717,2.367989106734871,-0.04778645682784108,2.089812019235393
Bearing3_2,247,0.09899799599198397,0.5586644411087036,2.323361290451845,-0.056499933437125116,1.851777644528674
Bearing3_2,248,0.09939879759519038,0.5508257746696472,2.370156609487977,-0.055900096508676896,6.417579461092934
Bearing3_2,249,0.09979959919839679,0.552951455116272,2.239416127309486,-0.05488310818777164,3.0593618471468784
Bearing3_2,250,0.10020040080160321,0.5392640233039856,2.3077587545497904,-0.041553754585750065,1.619741868171014
Bearing3_2,251,0.10060120240480962,0.5439968109130859,2.364791263002039,-0.026284828152981794,10.68409881758567
Bearing3_2,252,0.10100200400801604,0.559968888759613,2.439005217139223,-0.006616650004139094,7.824862652602719
Bearing3_2,253,0.10140280561122245,0.5460299253463745,2.41860224436614,0.005732533125223456,8.046529430426713
Bearing3_2,254,0.10180360721442885,0.5542742609977722,2.5386880269219083,0.01708105155017345,5.71141994758361
Bearing3_2,255,0.10220440881763528,0.5460441708564758,2.594981305393316,0.02695905997302258,4.089993307302194
Bearing3_2,256,0.10260521042084168,0.5496728420257568,2.442073353841903,0.027547184021189334,18.814945554177317
Bearing3_2,257,0.10300601202404809,0.5665591359138489,2.2251162033580507,0.012428103053101429,8.204049399615284
Bearing3_2,258,0.10340681362725451,0.5357104539871216,2.21339830139956,0.0009804012726415644,14.297389747279784
Bearing3_2,259,0.10380761523046092,0.5211067199707031,2.381396850643818,-0.008119674717444045,20.456917588670073
Bearing3_2,260,0.10420841683366733,0.5662611722946167,2.342133708041122,-0.016526179982981646,22.026422672876308
Bearing3_2,261,0.10460921843687375,0.5901523232460022,2.5977764666130683,-0.00760303365373387,18.70895866663507
Bearing3_2,262,0.10501002004008016,0.5190841555595398,2.5421107037750397,0.0004073322073000021,23.12752163434838
Bearing3_2,263,0.10541082164328658,0.5299745798110962,2.514744012019917,0.00431500776789964,5.612644855231358
Bearing3_2,264,0.10581162324649299,0.5395833849906921,2.532416495451811,0.016027001047850455,10.146718745707846
Bearing3_2,265,0.1062124248496994,0.5475802421569824,2.602258994676967,0.03537748898932904,9.032796356487017
Bearing3_2,266,0.10661322645290582,0.5272824764251709,2.710217970538609,0.05033457048912239,15.03174269817366
Bearing3_2,267,0.10701402805611222,0.5433715581893921,2.9038343325532234,0.05813849665204144,0.439724326476173
Bearing3_2,268,0.10741482965931863,0.5439413189888,2.864919747488496,0.05481172920577085,9.064567278773714
Bearing3_2,269,0.10781563126252505,0.5632560849189758,2.710609793066006,0.04637072878802485,8.915507754622201
Bearing3_2,270,0.10821643286573146,0.5369874835014343,2.6275618886269223,0.02679183992527409,15.022444455857016
Bearing3_2,271,0.10861723446893788,0.549161434173584,2.352343126322395,0.005784133622396436,0.8451782308736218
Bearing3_2,272,0.10901803607214429,0.5658057928085327,2.452290361080567,-0.010508006606623172,14.654322566913306
Bearing3_2,273,0.1094188376753507,0.5115857124328613,2.571423538144408,-0.021037688231659957,3.7920658560961225
Bearing3_2,274,0.10981963927855712,0.5524378418922424,2.583066125106444,-0.030441178655725966,1.0999432186162479
Bearing3_2,275,0.11022044088176353,0.5402450561523438,2.5754773570815024,-0.03621637017104668,7.368612636494859
Bearing3_2,276,0.11062124248496993,0.5329555869102478,2.5180118515243235,-0.037604152839977194,19.984886710358936
Bearing3_2,277,0.11102204408817636,0.5522855520248413,2.7104856401995963,-0.013255836610321134,25.22791059279878
Bearing3_2,278,0.11142284569138276,0.5077261328697205,2.754953049262189,0.013267289501508177,23.892073506150815
Bearing3_2,279,0.11182364729458918,0.5285373330116272,2.6467893643153113,0.02493617763323643,6.365150751022275
Bearing3_2,280,0.11222444889779559,0.534671425819397,2.7162211919687653,0.03562931035619228,2.732385560493483
Bearing3_2,281,0.112625250501002,0.5353080034255981,2.8717007464842768,0.03538057034342764,8.161413765308517
Bearing3_2,282,0.11302605210420842,0.5203049182891846,2.8562895599676703,0.03465912526015796,2.7591902960847747
Bearing3_2,283,0.11342685370741483,0.5580229163169861,2.743159742060367,0.030812214654235618,13.570926976047785
Bearing3_2,284,0.11382765531062124,0.5296780467033386,2.7264907517074035,0.024750607900275768,9.302333744416387
Bearing3_2,285,0.11422845691382766,0.5374698638916016,2.636121686303351,0.011515381206238653,0.6803996358397959
Bearing3_2,286,0.11462925851703407,0.5159369111061096,2.6506664735315013,-0.005492609939430666,9.56272274812594
Bearing3_2,287,0.11503006012024049,0.6048972606658936,2.5391878136110844,-0.01735760416310064,12.823192401138444
Bearing3_2,288,0.1154308617234469,0.5635088086128235,2.686120488940909,-0.01616725759383749,2.0715552297175646
Bearing3_2,289,0.1158316633266533,0.556425929069519,2.731501952470813,-0.018878136733689235,16.323245926377307
Bearing3_2,290,0.11623246492985972,0.5853534936904907,2.880992689913664,-0.009833006389524925,13.019859529406602
Bearing3_2,291,0.11663326653306613,0.5676470994949341,2.715882901102904,-0.0014257911697000787,23.27030119905964
Bearing3_2,292,0.11703406813627254,0.5321248769760132,2.6583505885562717,0.004704586632914975,8.169748993345207
Bearing3_2,293,0.11743486973947896,0.5920058488845825,2.812536295051406,0.014102366279764383,7.738559475215048
Bearing3_2,294,0.11783567134268537,0.574068009853363,2.999798992608209,0.031762280945683806,12.342549208175338
Bearing3_2,295,0.11823647294589178,0.5484466552734375,3.0681940814861113,0.043815405300421,12.105558182751823
Bearing3_2,296,0.1186372745490982,0.5409996509552002,3.038396623586027,0.049975625097845304,19.50883883044556
Bearing3_2,297,0.1190380761523046,0.5285438299179077,3.0475194586649055,0.0445017840254288,16.377590104537965
Bearing3_2,298,0.11943887775551103,0.5472184419631958,2.8199197421055655,0.03024732894989939,21.647607553828696
Bearing3_2,299,0.11983967935871744,0.5363165736198425,2.7688244318418107,0.014609478723617482,1.3186579679405506
Bearing3_2,300,0.12024048096192384,0.5146667957305908,2.722008874651519,0.005931708124103693,13.533353829864417
Bearing3_2,301,0.12064128256513026,0.6429072618484497,2.899830620577298,-0.0021269372212407473,1.329530474593175
Bearing3_2,302,0.12104208416833667,0.5699142813682556,2.884909056122071,-0.017064642912396025,11.216093049809022
Bearing3_2,303,0.12144288577154308,0.565543532371521,2.711037007803113,-0.03395339465540428,8.055645127477758
Bearing3_2,304,0.1218436873747495,0.5410223007202148,2.4430081839606412,-0.051747426198175114,3.0220220370605864
Bearing3_2,305,0.12224448897795591,0.5485564470291138,2.4211634614679785,-0.059424335968109025,12.5543550215003
Bearing3_2,306,0.12264529058116233,0.5655408501625061,2.565041814734026,-0.05339703735907465,2.8523014564082345
Bearing3_2,307,0.12304609218436874,0.5832875370979309,2.4622687646407457,-0.04662971843045153,7.969903666513435
Bearing3_2,308,0.12344689378757515,0.5519334673881531,2.5104381913674705,-0.04531434285676112,6.528135511949895
Bearing3_2,309,0.12384769539078157,0.5455815196037292,2.5535060442072792,-0.04130487416711213,0.9754913494350745
Bearing3_2,310,0.12424849699398798,0.561359167098999,2.4493314037637997,-0.04348877588846594,1.3124428799583214
Bearing3_2,311,0.12464929859719438,0.5493699908256531,2.2669005471506116,-0.04046348707987843,8.489446098952985
Bearing3_2,312,0.1250501002004008,0.5225300192832947,2.43519506262326,-0.021581388713110862,23.834817655571907
Bearing3_2,313,0.1254509018036072,0.51649409532547,2.591360515190551,-0.00032156593061782667,9.21423830442101
Bearing3_2,314,0.12585170340681362,0.5476441383361816,2.5948621179132028,0.004711289260734606,12.443867362257999
Bearing3_2,315,0.12625250501002003,0.5425704717636108,2.3919294819012,-0.004621876999018646,8.070456437967328
Bearing3_2,316,0.12665330661322646,0.607915997505188,2.4976100549837374,0.001755593121851833,27.873603998596213
Bearing3_2,317,0.12705410821643287,0.5453578233718872,2.468403200610612,0.0005057800858518036,21.236306417817573
Bearing3_2,318,0.12745490981963928,0.5769470930099487,2.5017764476236675,0.0042132642933168565,1.603015969630603
Bearing3_2,319,0.12785571142284569,0.5733699202537537,2.4226805392202024,0.006582607246808073,10.553305889102619
Bearing3_2,320,0.1282565130260521,0.5436688661575317,2.3799171892768998,0.0012601915070032546,2.6901230627902284
Bearing3_2,321,0.12865731462925853,0.5654652118682861,2.346643336204102,-0.01719783436265882,7.637038157806485
Bearing3_2,322,0.12905811623246494,0.5487083792686462,2.1155642279971927,-0.03800712012183624,4.150236513667039
Bearing3_2,323,0.12945891783567134,0.5847791433334351,2.19368212900127,-0.04027008614447409,21.800408501605727
Bearing3_2,324,0.12985971943887775,0.5327463150024414,2.2967220002350146,-0.031858911297830514,9.760710438012461
Bearing3_2,325,0.13026052104208416,0.5486547350883484,2.588948786573495,-0.01742311635257683,10.976133023702031
Bearing3_2,326,0.13066132264529057,0.5686073303222656,2.6734214191732955,0.006277535489413369,6.9690567545425575
Bearing3_2,327,0.131062124248497,0.6087540984153748,2.63914197362881,0.02403022892907712,33.18788792047564
Bearing3_2,328,0.1314629258517034,0.5348182916641235,2.542841082449038,0.03668546873534248,6.825959369974937
Bearing3_2,329,0.13186372745490982,0.5415916442871094,2.684037049900727,0.051271493056616005,12.863210547545908
Bearing3_2,330,0.13226452905811623,0.5642701983451843,3.023042995137924,0.07832990305302523,22.212713385137885
Bearing3_2,331,0.13266533066132263,0.5719590187072754,3.0323323215463778,0.09588128239581788,40.434796170044436
Bearing3_2,332,0.13306613226452907,0.5665404796600342,3.2343958749381407,0.10073765458446089,22.801502830300226
Bearing3_2,333,0.13346693386773548,0.6137393712997437,3.0820429447257958,0.08893013128978176,13.954462122265978
Bearing3_2,334,0.13386773547094188,0.540377676486969,2.9243061515885755,0.06462009777623694,10.373208641003929
Bearing3_2,335,0.1342685370741483,0.49757570028305054,2.8410052588835444,0.04764108433948535,18.22715784501794
Bearing3_2,336,0.1346693386773547,0.5371280908584595,2.501363212611131,0.014712419978648814,18.418833391174953
Bearing3_2,337,0.13507014028056114,0.5303432941436768,2.7095568809046204,-0.007059968462330787,21.283567035065726
Bearing3_2,338,0.13547094188376754,0.5604760646820068,2.8386732432206885,-0.02906321967109524,14.53962278881518
Bearing3_2,339,0.13587174348697395,0.5473281145095825,2.752687713037452,-0.04992937058424665,8.309836141108747
Bearing3_2,340,0.13627254509018036,0.5470482110977173,2.7095028747571392,-0.05138279103186534,26.558924059095133
Bearing3_2,341,0.13667334669338677,0.5561643838882446,3.0016828999253526,-0.03247934446270536,7.342666064803695
Bearing3_2,342,0.13707414829659317,0.5844099521636963,2.7923726484101783,-0.011150409003152192,26.753693320056477
Bearing3_2,343,0.1374749498997996,0.5813799500465393,2.8970880125196787,0.01109126886673815,17.18594781128918
Bearing3_2,344,0.13787575150300602,0.5520642995834351,2.8699092812551723,0.023576562242823968,23.503550800857635
Bearing3_2,345,0.13827655310621242,0.5249204039573669,2.8755294218587535,0.03147437189978066,21.458100424160016
Bearing3_2,346,0.13867735470941883,0.5704747438430786,2.9275671250949493,0.019149323945699757,13.827579584927015
Bearing3_2,347,0.13907815631262524,0.5593839883804321,2.8336665552261864,0.010415896582175711,6.877795687971556
Bearing3_2,348,0.13947895791583168,0.555252730846405,2.8482859978435906,0.009583291160410783,3.689837238643299
Bearing3_2,349,0.13987975951903808,0.5412707328796387,2.932547276031417,0.007497868541246046,1.3985752040292216
Bearing3_2,350,0.1402805611222445,0.5722907781600952,2.578351431503228,-0.018966432549585792,17.226057481769203
Bearing3_2,351,0.1406813627254509,0.5678712129592896,2.321695013532258,-0.03836179181242101,2.830013836101381
Bearing3_2,352,0.1410821643286573,0.5309854745864868,2.3835466309340094,-0.06009516584655906,5.005338883279338
Bearing3_2,353,0.14148296593186374,0.5687288641929626,2.2764919256840153,-0.07573139628732199,1.291501971004847
Bearing3_2,354,0.14188376753507015,0.5263189077377319,2.315834278365556,-0.0835112188256872,8.868196849422095
Bearing3_2,355,0.14228456913827656,0.5783208608627319,2.446704883694261,-0.0770619080284344,30.842596636000025
Bearing3_2,356,0.14268537074148296,0.5699107050895691,2.543395071555151,-0.05667153357860495,17.349755785990318
Bearing3_2,357,0.14308617234468937,0.548812747001648,2.585838283893469,-0.03556948185866599,1.5503851019930812
Bearing3_2,358,0.14348697394789578,0.5846355557441711,2.7620865723530175,-0.0008752785775584605,9.51263293070075
Bearing3_2,359,0.14388777555110221,0.5612835884094238,2.7051375357451652,0.03737487368280098,24.585777699719703
Bearing3_2,360,0.14428857715430862,0.5574193596839905,2.829459776358683,0.06154966446609428,1.0206944351289506
Bearing3_2,361,0.14468937875751503,0.5763713121414185,2.8283507540049477,0.06550979774287123,9.992939194385752
Bearing3_2,362,0.14509018036072144,0.5469194650650024,2.970698858544175,0.0752165325428417,19.289243413362627
Bearing3_2,363,0.14549098196392785,0.5520277619361877,2.8704676471046238,0.06520213330689563,23.601039024519338
Bearing3_2,364,0.14589178356713428,0.5383608937263489,2.9404173486441425,0.054426290134655046,8.204333526543836
Bearing3_2,365,0.1462925851703407,0.5832682847976685,2.6090842378710084,0.02673173496908337,9.463479474940979
Bearing3_2,366,0.1466933867735471,0.5847028493881226,2.518662358751027,-0.0014171447659642763,6.996471734430834
Bearing3_2,367,0.1470941883767535,0.5535964965820312,2.395474964778757,-0.03315599895204637,1.9500361538944593
Bearing3_2,368,0.1474949899799599,0.5805118680000305,2.1285221384104513,-0.06539859632619086,4.402415003460754
Bearing3_2,369,0.14789579158316632,0.5825960636138916,2.219819027695519,-0.08877839691994525,11.08411533717789
Bearing3_2,370,0.14829659318637275,0.5283723473548889,2.314565265026944,-0.09281942297533106,1.7791018735216522
Bearing3_2,371,0.14869739478957916,0.5372143983840942,2.453350105527835,-0.08312315605325987,5.492328415779278
Bearing3_2,372,0.14909819639278557,0.5886536836624146,2.494317266420974,-0.057156980677103966,9.62456888295938
Bearing3_2,373,0.14949899799599198,0.5527206063270569,2.540188042598224,-0.029596521397877825,23.26410773489675
Bearing3_2,374,0.14989979959919839,0.5600990056991577,2.517798014035287,0.00540936617759726,1.376612821051643
Bearing3_2,375,0.15030060120240482,0.5641399621963501,2.5748084734888055,0.026558699727586885,1.4393044220773412
Bearing3_2,376,0.15070140280561123,0.5543391108512878,2.790413748551242,0.05385565954428281,22.508794765627655
Bearing3_2,377,0.15110220440881764,0.5329924821853638,2.896259184127481,0.07541955758455904,12.686937195313943
Bearing3_2,378,0.15150300601202404,0.545351505279541,2.954162085758683,0.07627482887290805,9.597462671096114
Bearing3_2,379,0.15190380761523045,0.55314040184021,2.95670945222325,0.07334774977107757,5.588956212583014
Bearing3_2,380,0.1523046092184369,0.5549705028533936,2.896491763836676,0.06452048016082919,5.125627161478323
Bearing3_2,381,0.1527054108216433,0.518837571144104,3.0354085004102336,0.06546915525998899,14.429502231622157
Bearing3_2,382,0.1531062124248497,0.5470150709152222,2.951086345710517,0.05749433089104146,12.790229654390393
Bearing3_2,383,0.1535070140280561,0.5458584427833557,3.1017446989096658,0.055258691723081815,1.0467037410401798
Bearing3_2,384,0.15390781563126252,0.5331270098686218,3.325773801824748,0.05694340588494368,8.579971452786873
Bearing3_2,385,0.15430861723446893,0.5453066825866699,3.389572101220027,0.05611507867084973,17.461250210030773
Bearing3_2,386,0.15470941883767536,0.5459046363830566,3.188165711310308,0.048798710614555124,3.96883756193197
Bearing3_2,387,0.15511022044088177,0.5719192028045654,3.190425018140322,0.043840703935779414,7.515699867170661
Bearing3_2,388,0.15551102204408818,0.6329693794250488,3.4807742326056554,0.05501447410612822,19.12941422142024
Bearing3_2,389,0.15591182364729458,0.5363363027572632,3.5624446777182674,0.0644296427215061,15.483493451220026
Bearing3_2,390,0.156312625250501,0.530431866645813,3.715291508408188,0.07082515347607754,1.9590677443458584
Bearing3_2,391,0.15671342685370743,0.515274703502655,3.6609619509448956,0.07359350420638522,6.555519816187478
Bearing3_2,392,0.15711422845691383,0.5028198957443237,3.8047223295819292,0.07099938708800863,6.95898558640435
Bearing3_2,393,0.15751503006012024,0.5453868508338928,3.7819198032531,0.06685828318471293,16.47265746619251
Bearing3_2,394,0.15791583166332665,0.527519941329956,3.9142925728503863,0.07662823897689972,23.89177177843908
Bearing3_2,395,0.15831663326653306,0.5068119764328003,4.005149087009984,0.08847366373110577,21.851830949757748
Bearing3_2,396,0.15871743486973947,0.5464126467704773,4.026302988542994,0.08058430577749526,11.180895506476052
Bearing3_2,397,0.1591182364729459,0.5369924306869507,4.050229929309404,0.06399143441517245,7.891319186871475
Bearing3_2,398,0.1595190380761523,0.5197498798370361,3.8504883373210808,0.0454383037127623,3.2225894988824444
Bearing3_2,399,0.15991983967935872,0.5017085671424866,3.835494220234896,0.027030625331759536,3.082686153583303
Bearing3_2,400,0.16032064128256512,0.5231121778488159,3.6917141911608082,0.007660497198569384,10.867651853742771
Bearing3_2,401,0.16072144288577153,0.5783259868621826,3.865430677751397,-0.005570371045445961,25.074679180153005
Bearing3_2,402,0.16112224448897797,0.5560930967330933,3.755711662908842,-0.017680296393634828,21.402811838261627
Bearing3_2,403,0.16152304609218437,0.527073860168457,3.8207483589772813,-0.027168865327611535,1.182952283711047
Bearing3_2,404,0.16192384769539078,0.5509116649627686,3.517004720351585,-0.04487106694952447,12.803707831273613
Bearing3_2,405,0.1623246492985972,0.5146676301956177,3.487967384934661,-0.05328441195325035,5.635746134600858
Bearing3_2,406,0.1627254509018036,0.5506272315979004,3.4251766063482045,-0.05744357929797228,14.189101683056034
Bearing3_2,407,0.16312625250501003,0.5483936667442322,3.360629304726275,-0.05624199877467772,7.7255348956584715
Bearing3_2,408,0.16352705410821644,0.5202425718307495,3.2479275035522783,-0.06614509990757268,8.072356316792222
Bearing3_2,409,0.16392785571142285,0.5153117775917053,3.218995722646228,-0.07132213830449724,11.554999650184435
Bearing3_2,410,0.16432865731462926,0.5298048853874207,3.2428060798898306,-0.07731305615260484,5.494580813147382
Bearing3_2,411,0.16472945891783566,0.5283725261688232,2.989165858374484,-0.08011648562858933,2.510405488728804
Bearing3_2,412,0.16513026052104207,0.5160772204399109,2.9161386729028473,-0.08359642536977996,3.285882920973175
Bearing3_2,413,0.1655310621242485,0.5543382167816162,2.709798344236485,-0.08381887008813689,12.103463186673341
Bearing3_2,414,0.16593186372745491,0.5124396085739136,2.643692496675596,-0.09443060343345784,1.7996057801726297
Bearing3_2,415,0.16633266533066132,0.534101128578186,2.623950212327607,-0.09746940830220964,10.45719555532451
Bearing3_2,416,0.16673346693386773,0.5149053335189819,2.7297420736564737,-0.08845086448779241,1.5026482578399074
Bearing3_2,417,0.16713426853707414,0.5099884867668152,2.6645002120100396,-0.07886461162656105,9.356053346213754
Bearing3_2,418,0.16753507014028057,0.5335859060287476,2.7664914932225195,-0.06279072298696103,8.722201873062774
Bearing3_2,419,0.16793587174348698,0.5200921297073364,2.644241529328594,-0.04947821158586025,10.56245025028628
Bearing3_2,420,0.1683366733466934,0.5353559255599976,2.6666831803273516,-0.02638753548594904,8.743806582982067
Bearing3_2,421,0.1687374749498998,0.5170838236808777,2.6435600486423345,-0.014484161341850023,6.699831654794834
Bearing3_2,422,0.1691382765531062,0.5264968872070312,2.676581583096,-0.0014589302925432015,2.4357897342552035
Bearing3_2,423,0.1695390781563126,0.5076318383216858,2.780326708703168,0.0063728261794800825,4.972640651158574
Bearing3_2,424,0.16993987975951905,0.5220234394073486,2.90250750120786,0.015607043745073589,3.1442823572955216
Bearing3_2,425,0.17034068136272545,0.5120260119438171,2.8970267513093497,0.02008900745624891,2.3932252574004536
Bearing3_2,426,0.17074148296593186,0.5365709066390991,2.869534614386572,0.026814172163479078,3.8661711878573706
Bearing3_2,427,0.17114228456913827,0.5686361789703369,3.113033308586341,0.04077717134481198,17.614425300170357
Bearing3_2,428,0.17154308617234468,0.4925277531147003,3.135213756755387,0.05731266709406057,13.299051198352466
Bearing3_2,429,0.1719438877755511,0.5504879951477051,3.219267790063012,0.06581356993342859,4.840415521803819
Bearing3_2,430,0.17234468937875752,0.5226331949234009,3.2081109454473924,0.06823201239689917,0.8243547442879644
Bearing3_2,431,0.17274549098196393,0.5266938805580139,3.2072811885503847,0.06250089249159196,5.839801065890858
Bearing3_2,432,0.17314629258517034,0.5351594090461731,3.2341901238962754,0.05360598481226799,5.102308638156373
Bearing3_2,433,0.17354709418837674,0.5710041522979736,3.4221687518229773,0.05512190714154167,10.798143846549332
Bearing3_2,434,0.17394789579158318,0.5039315819740295,3.4682898656760215,0.05951900920408441,10.95432112742068
Bearing3_2,435,0.1743486973947896,0.5191859006881714,3.4547721394334614,0.05595542936357879,8.415792855879822
Bearing3_2,436,0.174749498997996,0.5170277953147888,3.505208305314676,0.04654955382932865,2.533313662362793
Bearing3_2,437,0.1751503006012024,0.5435988306999207,3.291967184353448,0.03404045505683732,8.87813374872858
Bearing3_2,438,0.1755511022044088,0.5591194033622742,3.2006399333846245,0.01585967094862402,1.2068376779714192
Bearing3_2,439,0.17595190380761522,0.5671247243881226,3.374262607936223,0.011959772198530628,21.605979187199605
Bearing3_2,440,0.17635270541082165,0.5704889297485352,3.509369132941368,0.012806805560728574,4.535949128204922
Bearing3_2,441,0.17675350701402806,0.5275818705558777,3.5904438181909,0.014369162961658341,11.40500979892174
Bearing3_2,442,0.17715430861723447,0.528753399848938,3.6001074934527346,0.013608163434589798,2.352695682521599
Bearing3_2,443,0.17755511022044088,0.5518184304237366,3.5901390024567292,0.020399974508228856,9.11832107637841
Bearing3_2,444,0.17795591182364728,0.5209051966667175,3.47496646429858,0.02194838502242935,21.723946676415824
Bearing3_2,445,0.17835671342685372,0.5488520264625549,3.543677983744223,0.026262586379645077,9.903712275471367
Bearing3_2,446,0.17875751503006013,0.5576297044754028,3.7149346708905133,0.04220282604224533,12.609058255637924
Bearing3_2,447,0.17915831663326653,0.5360537767410278,3.7417465963557914,0.04284732187128391,23.239148818582002
Bearing3_2,448,0.17955911823647294,0.5449912548065186,3.8387158928099177,0.03724069699380969,5.88936336270003
Bearing3_2,449,0.17995991983967935,0.5363640785217285,3.639305613560024,0.02459773871008064,7.889804010879044
Bearing3_2,450,0.18036072144288579,0.5428860187530518,3.4013508813279545,0.004769890570111411,8.45107136281544
Bearing3_2,451,0.1807615230460922,0.5331275463104248,3.264648035915318,-0.01580018525314297,1.2760729987453785
Bearing3_2,452,0.1811623246492986,0.48315054178237915,3.216331499694879,-0.034412423703988906,6.702473783790596
Bearing3_2,453,0.181563126252505,0.4882696866989136,3.032800417752429,-0.05904818428163725,4.303181787866183
Bearing3_2,454,0.18196392785571142,0.5278700590133667,3.0009994603317125,-0.08634109253878555,6.533639528291467
Bearing3_2,455,0.18236472945891782,0.5482253432273865,2.9298327137453706,-0.10719000078042637,6.248816614485583
Bearing3_2,456,0.18276553106212426,0.49866729974746704,2.6945524797555356,-0.1220147151269255,3.601490107448381
Bearing3_2,457,0.18316633266533067,0.5161745548248291,2.7971326626663573,-0.11708841608805846,10.603433925371297
Bearing3_2,458,0.18356713426853707,0.5189265608787537,2.6543229299109674,-0.10203725320933843,18.563757234157613
Bearing3_2,459,0.18396793587174348,0.5138924717903137,2.6800328877130393,-0.08452146927445044,9.148349018250315
Bearing3_2,460,0.1843687374749499,0.5228869318962097,2.731147417225555,-0.06845372071681184,5.776671079643984
Bearing3_2,461,0.18476953907815633,0.5034859776496887,2.794091008706577,-0.04994253002587024,0.7688416855440304
Bearing3_2,462,0.18517034068136273,0.5684432983398438,2.646970902885827,-0.03697345325246862,14.256366847592242
Bearing3_2,463,0.18557114228456914,0.5842753648757935,2.8624110704987067,-0.017587159504721117,31.67594846063236
Bearing3_2,464,0.18597194388777555,0.503028154373169,3.0172236424775365,0.010188717944172027,12.612406427479147
Bearing3_2,465,0.18637274549098196,0.5311133861541748,3.1446080284508398,0.03997172810226711,3.7363156267987763
Bearing3_2,466,0.18677354709418836,0.5079441666603088,3.089386324194827,0.04845395922034258,22.019040401529182
Bearing3_2,467,0.1871743486973948,0.5149789452552795,2.9709872120490908,0.052530871028289745,4.1021717920671135
Bearing3_2,468,0.1875751503006012,0.528092622756958,3.0109018415159072,0.047156967721852606,2.8908700526005693
Bearing3_2,469,0.18797595190380761,0.504245400428772,2.988095313807652,0.03793090055625555,2.913384723010503
Bearing3_2,470,0.18837675350701402,0.4894200563430786,3.020502543480717,0.030146045751301115,0.9920431888017783
Bearing3_2,471,0.18877755511022043,0.5083696842193604,3.0396950137853893,0.024096957531334392,1.4170023439843007
Bearing3_2,472,0.18917835671342687,0.500106692314148,3.094968397936272,0.008277755876046875,10.529986360021631
Bearing3_2,473,0.18957915831663327,0.5243581533432007,2.94291685817873,-0.006902760956071496,10.98222390044293
Bearing3_2,474,0.18997995991983968,0.5161175727844238,2.847035193947519,-0.01796817634378878,6.669587977609038
Bearing3_2,475,0.1903807615230461,0.5224846601486206,2.603114168134863,-0.03178319227421837,11.181927415250186
Bearing3_2,476,0.1907815631262525,0.5218045711517334,2.7064698704100287,-0.03707850945136127,12.72457873311197
Bearing3_2,477,0.19118236472945893,0.5136916637420654,2.7454808546499683,-0.04349781734289233,2.1818843561913237
Bearing3_2,478,0.19158316633266534,0.516447126865387,2.702290840013111,-0.046878558524111186,11.010333859827236
Bearing3_2,479,0.19198396793587175,0.520602822303772,2.7048493723755627,-0.047899439163046155,7.3733733969065245
Bearing3_2,480,0.19238476953907815,0.49179917573928833,2.6361168977755973,-0.047075597754295,7.304139459051243
Bearing3_2,481,0.19278557114228456,0.5231519341468811,2.6285336686970955,-0.0407266690543007,4.900099274703155
Bearing3_2,482,0.19318637274549097,0.5322088599205017,2.586811531758223,-0.02798482712166128,13.678883139788626
Bearing3_2,483,0.1935871743486974,0.5070616006851196,2.4935025465820724,-0.024309858350005004,5.7727984044638605
Bearing3_2,484,0.1939879759519038,0.5148622393608093,2.4223021922575776,-0.025463210016351524,4.470337431529025
Bearing3_2,485,0.19438877755511022,0.51397705078125,2.5734347723475475,-0.029486089317544123,10.858984222343654
Bearing3_2,486,0.19478957915831663,0.5137070417404175,2.6319541887928453,-0.02306687004534803,3.700968728248496
Bearing3_2,487,0.19519038076152304,0.5231075882911682,2.5902453949806175,-0.015418723224281327,12.07978057857923
Bearing3_2,488,0.19559118236472947,0.5445073843002319,2.680579922756687,-0.003840930898257662,2.5410270798735484
Bearing3_2,489,0.19599198396793588,0.5451338291168213,2.719601787471732,0.010299058233434022,2.4460743747494638
Bearing3_2,490,0.1963927855711423,0.550416111946106,2.716698703799928,0.019519715220651802,11.518260278244496
Bearing3_2,491,0.1967935871743487,0.563096821308136,2.7659814345478573,0.029946223388591885,10.13591488210964
Bearing3_2,492,0.1971943887775551,0.5602172017097473,3.1345230144342096,0.0560274902289444,17.870153616492637
Bearing3_2,493,0.1975951903807615,0.5221309661865234,3.159795433357313,0.07062772657243813,28.567698426672276
Bearing3_2,494,0.19799599198396794,0.508995771408081,3.283860012105792,0.07917215405300086,5.261847165736455
Bearing3_2,495,0.19839679358717435,0.5761260986328125,3.3959855290951495,0.09346489907415426,9.407534128390044
Bearing3_2,496,0.19879759519038076,0.5110435485839844,3.2624931217532707,0.09440722228516318,20.955520620794708
Bearing3_2,497,0.19919839679358717,0.7265586256980896,3.615898366279551,0.10420271278636098,36.07390946018838
Bearing3_2,498,0.19959919839679358,0.5055480003356934,3.6949628054773727,0.11190095368585753,25.330636809536205
Bearing3_2,499,0.2,0.5538119077682495,3.7126372129622482,0.11086916072952381,4.249312830851507
Bearing3_2,500,0.20040080160320642,0.5693911910057068,3.6515297130929634,0.09427389946898135,19.667754793180425
Bearing3_2,501,0.20080160320641283,0.5185219645500183,3.6284791822507096,0.06837556694820171,13.75396305205878
Bearing3_2,502,0.20120240480961923,0.5172065496444702,3.420263574051065,0.04523493993983039,0.6535901228930684
Bearing3_2,503,0.20160320641282564,0.5793264508247375,3.4279845289921367,0.020736761921701926,6.979227995705157
Bearing3_2,504,0.20200400801603208,0.5261532664299011,3.4063588125014896,7.919436749951156e-05,2.5743026176827652
Bearing3_2,505,0.20240480961923848,0.5109978914260864,3.242923773243015,-0.023502811169943717,4.390985557740218
Bearing3_2,506,0.2028056112224449,0.5368922352790833,3.2474947346692034,-0.05387969135114879,4.421672271782745
Bearing3_2,507,0.2032064128256513,0.5212761163711548,2.8873808868708783,-0.08015699678221874,0.9225101633522401
Bearing3_2,508,0.2036072144288577,0.4996686577796936,2.807152210079985,-0.09670893434131694,2.956022620275109
Bearing3_2,509,0.20400801603206412,0.5251494646072388,2.705365425371899,-0.1068732439564416,6.085534651761904
Bearing3_2,510,0.20440881763527055,0.5547512769699097,3.003675089318267,-0.09263059567983366,20.452757769284283
Bearing3_2,511,0.20480961923847696,0.5438328981399536,2.9139779980595906,-0.07696443475500442,24.767924684740116
Bearing3_2,512,0.20521042084168337,0.5296528935432434,2.8542597103696408,-0.06977605510910488,2.3275667929292374
Bearing3_2,513,0.20561122244488977,0.5255874395370483,3.055244248406828,-0.04424949925684582,19.377669748081875
Bearing3_2,514,0.20601202404809618,0.537700355052948,3.145898652071937,-0.010701808175741406,8.841332019728215
Bearing3_2,515,0.20641282565130262,0.5194665789604187,3.2280670821463198,0.019589220842849846,5.507174927835218
Bearing3_2,516,0.20681362725450902,0.5490060448646545,3.2591630224371784,0.05206120392507253,9.589737435916648
Bearing3_2,517,0.20721442885771543,0.5506668090820312,3.2606354343060295,0.060464476737611204,3.0330650198703415
Bearing3_2,518,0.20761523046092184,0.5229008793830872,3.3281699628707875,0.06267857511083284,9.352129880202154
Bearing3_2,519,0.20801603206412825,0.5525618195533752,3.2830705558320483,0.049331553479695686,17.46946323834421
Bearing3_2,520,0.20841683366733466,0.5665144920349121,3.1969064639818137,0.04416949679302905,16.484223695142365
Bearing3_2,521,0.2088176352705411,0.5052079558372498,3.2258685456828493,0.03226518545264598,13.46750477405529
Bearing3_2,522,0.2092184368737475,0.501287579536438,3.3113676934859284,0.017262753326758334,8.324866707068846
Bearing3_2,523,0.2096192384769539,0.5588270425796509,3.1810419047830423,0.0030099081939040854,3.2759724228414666
Bearing3_2,524,0.21002004008016031,0.5311375260353088,3.132006553583946,-0.009398785625181046,1.1381511244731788
Bearing3_2,525,0.21042084168336672,0.5362057089805603,3.0220754970401766,-0.02215743448123425,11.386329836288201
Bearing3_2,526,0.21082164328657316,0.5811464190483093,3.095383714782044,-0.026347522894326614,8.977289520877138
Bearing3_2,527,0.21122244488977956,0.5317187905311584,3.2115296852438093,-0.022119012034549173,1.8057473220251234
Bearing3_2,528,0.21162324649298597,0.6871262192726135,3.3641681827483536,-0.004467241842179757,12.988932438953727
Bearing3_2,529,0.21202404809619238,0.5354006290435791,3.4544533751926907,0.014666206015751906,23.68113968591277
Bearing3_2,530,0.2124248496993988,0.5631112456321716,3.4541805124757885,0.025963130155344266,7.08831010669029
Bearing3_2,531,0.21282565130260522,0.5282796025276184,3.4311230739724707,0.03481470796277651,15.867170409462734
Bearing3_2,532,0.21322645290581163,0.5408223867416382,3.3232476123240353,0.04099417919092821,0.7785064641704943
Bearing3_2,533,0.21362725450901804,0.5520470142364502,3.2263628270340354,0.03305664083715287,1.396198469699906
Bearing3_2,534,0.21402805611222445,0.5093348026275635,3.1259961807420265,0.0158261902147707,1.2494599859709186
Bearing3_2,535,0.21442885771543085,0.5414061546325684,3.2950677196637246,0.0005619394347985963,15.506730508059807
Bearing3_2,536,0.21482965931863726,0.5281492471694946,3.313363177713908,-0.01212615939144565,6.080855860711928
Bearing3_2,537,0.2152304609218437,0.5502633452415466,3.2070481378739197,-0.025512371001594165,10.991223432324958
Bearing3_2,538,0.2156312625250501,0.5442910194396973,3.0418537251153603,-0.03767896532408976,7.124005500747625
Bearing3_2,539,0.2160320641282565,0.5222194790840149,2.9967122292386223,-0.042381968317718365,11.5962699665956
Bearing3_2,540,0.21643286573146292,0.51402348279953,2.862266674366551,-0.04888817853453746,1.9394134526431757
Bearing3_2,541,0.21683366733466933,0.5156657099723816,2.9339707811261144,-0.045845705033065336,4.989134596520589
Bearing3_2,542,0.21723446893787576,0.5084052085876465,3.0762016020529237,-0.03621079579885862,6.69505781951566
Bearing3_2,543,0.21763527054108217,0.5279028415679932,3.104099821452353,-0.028518654098305937,12.578544532150126
Bearing3_2,544,0.21803607214428858,0.49723589420318604,3.1863484300263054,-0.021549358584923916,4.462311474396864
Bearing3_2,545,0.218436873747495,0.5292685031890869,3.0199599442880376,-0.013115905144719407,9.229955300925305
Bearing3_2,546,0.2188376753507014,0.5445364117622375,3.0638608220461476,0.0022664785326146804,14.750335342064622
Bearing3_2,547,0.21923847695390783,0.5788125991821289,2.9814953689655725,0.009092802787951647,23.751570979904116
Bearing3_2,548,0.21963927855711424,0.5045817494392395,2.828527926619247,-0.0007035395242531408,0.9182121149585096
Bearing3_2,549,0.22004008016032064,0.515339732170105,2.9760463011585876,-0.0028770908473538374,18.439696856682417
Bearing3_2,550,0.22044088176352705,0.4991756081581116,2.980156969656155,-0.013538964782300648,15.805907614871982
Bearing3_2,551,0.22084168336673346,0.5355439782142639,2.8630099638670474,-0.027239374888920052,7.341572804728174
Bearing3_2,552,0.22124248496993987,0.5230893492698669,2.8440125354295764,-0.03163382251811038,16.391156788216627
Bearing3_2,553,0.2216432865731463,0.5763061046600342,2.9584616793232468,-0.02511129534921921,0.8101003100063658
Bearing3_2,554,0.2220440881763527,0.5470828413963318,3.103644161795888,-0.0034211722965373646,7.4699564374330185
Bearing3_2,555,0.22244488977955912,0.5307208895683289,3.2284840361673672,0.014988308711800255,11.50744535129686
Bearing3_2,556,0.22284569138276553,0.49341127276420593,3.0187520137225183,0.022357021656967638,18.44563485804937
Bearing3_2,557,0.22324649298597193,0.5343747735023499,3.017976362554605,0.024739169585466615,2.9874684309524104
Bearing3_2,558,0.22364729458917837,0.5238001346588135,2.991926420413923,0.015060388227579017,2.55858436397967
Bearing3_2,559,0.22404809619238478,0.5457575917243958,2.9992771486060974,0.013636526179224536,21.574271627732372
Bearing3_2,560,0.22444889779559118,0.5121756792068481,3.071922265050465,0.016167583564673262,9.189633415288029
Bearing3_2,561,0.2248496993987976,0.5015296339988708,3.1258764240042662,0.012719488078094166,8.936665907528125
Bearing3_2,562,0.225250501002004,0.521666407585144,2.980248340968408,-0.00312471274429912,3.8558953477547027
Bearing3_2,563,0.2256513026052104,0.5240274667739868,2.775542568389737,-0.02415608315127018,5.202496319079066
Bearing3_2,564,0.22605210420841684,0.5041629076004028,2.5139013281240934,-0.04756276042687589,2.06470764501961
Bearing3_2,565,0.22645290581162325,0.5294433236122131,2.41364403982116,-0.0609669607891273,4.8879914445107335
Bearing3_2,566,0.22685370741482966,0.5400766730308533,2.3676164299811,-0.08098704444084212,12.868637623320987
Bearing3_2,567,0.22725450901803607,0.5184581279754639,2.327963122937352,-0.09532919329715053,2.077192131972181
Bearing3_2,568,0.22765531062124247,0.5612218379974365,2.550874135618556,-0.0908854256091084,23.70451151446379
Bearing3_2,569,0.2280561122244489,0.5149356722831726,2.331614740335555,-0.09256512445344417,22.221920103381972
Bearing3_2,570,0.22845691382765532,0.528258204460144,2.237767759443458,-0.08642786408929354,3.361288447732243
Bearing3_2,571,0.22885771543086172,0.5500038266181946,2.1455011260539942,-0.07161542154816924,8.878441510994548
Bearing3_2,572,0.22925851703406813,0.5390860438346863,2.22780612040647,-0.050138817602933546,13.975739960497556
Bearing3_2,573,0.22965931863727454,0.5463842749595642,2.3658569850492452,-0.025658706236222264,0.9957471479030898
Bearing3_2,574,0.23006012024048098,0.5457907915115356,2.4720376238736286,-0.007863787153278522,1.279201160796795
Bearing3_2,575,0.23046092184368738,0.5148441791534424,2.4117279190648153,0.0004651312865703164,11.787766487643653
Bearing3_2,576,0.2308617234468938,0.5423595309257507,2.673493067780484,0.020026867130740665,19.100015884706824
Bearing3_2,577,0.2312625250501002,0.5878064632415771,2.782881267568587,0.03920408264165604,17.4972744872939
Bearing3_2,578,0.2316633266533066,0.5185577869415283,2.623990945387064,0.059061128156189996,3.0812871427598894
Bearing3_2,579,0.232064128256513,0.5584422945976257,2.7725192142391295,0.07151615822841222,8.144954015753832
Bearing3_2,580,0.23246492985971945,0.5228555202484131,2.8267704474501767,0.07532958442959936,6.160803143851893
Bearing3_2,581,0.23286573146292586,0.5574595332145691,2.895461947263598,0.06959928429759409,7.366674538826479
Bearing3_2,582,0.23326653306613226,0.5501032471656799,2.7911723677507254,0.054577027073723194,3.4254950990304924
Bearing3_2,583,0.23366733466933867,0.5538514852523804,2.7161393757614842,0.03783677038608773,3.491084920447289
Bearing3_2,584,0.23406813627254508,0.5248984098434448,2.702228124838898,0.02317058028839448,5.0021179399565625
Bearing3_2,585,0.23446893787575152,0.521608829498291,2.6531268920500213,-0.0009846937482525771,15.385126194158136
Bearing3_2,586,0.23486973947895792,0.5326409339904785,2.4928643230521463,-0.019356600700529514,8.031501378864213
Bearing3_2,587,0.23527054108216433,0.5447002053260803,2.431096817206867,-0.03161565835269557,7.412377235323037
Bearing3_2,588,0.23567134268537074,0.562104344367981,2.3435653110532972,-0.054977795996712805,5.516784955453989
Bearing3_2,589,0.23607214428857715,0.559035062789917,2.290713586760405,-0.06792177177767413,11.818816280699302
Bearing3_2,590,0.23647294589178355,0.5540293455123901,2.2034169437558377,-0.07617056553901205,9.529787156871945
Bearing3_2,591,0.23687374749499,0.535652220249176,2.1556119039073254,-0.07489167356277601,3.297295520229806
Bearing3_2,592,0.2372745490981964,0.5406622886657715,2.159782880187822,-0.07137003311020412,2.1556471201378544
Bearing3_2,593,0.2376753507014028,0.5434698462486267,2.131161241274033,-0.06675856651811676,1.1632879344179732
Bearing3_2,594,0.2380761523046092,0.5403444766998291,2.298032818075834,-0.04688178659243751,24.357078151814676
Bearing3_2,595,0.23847695390781562,0.5221967101097107,2.400529831071555,-0.019788338970940244,21.662223244185157
Bearing3_2,596,0.23887775551102206,0.5565481781959534,2.4793259714503284,0.003980691234734425,5.719407685872285
Bearing3_2,597,0.23927855711422846,0.502183735370636,2.6357123598251038,0.03232615558755179,0.6974209760979478
Bearing3_2,598,0.23967935871743487,0.5503818392753601,2.967189255742911,0.07043655576057838,11.821698786105413
Bearing3_2,599,0.24008016032064128,0.5203988552093506,2.9429693024435037,0.09614334116817642,23.862128036520115
Bearing3_2,600,0.24048096192384769,0.5319128632545471,2.9247177243400566,0.10712867986457773,9.164392886442323
Bearing3_2,601,0.24088176352705412,0.5621139407157898,2.9109129379459064,0.10543098779098253,3.362826504742814
Bearing3_2,602,0.24128256513026053,0.5296834707260132,2.9732131863395366,0.09825439212072658,9.51579302560166
Bearing3_2,603,0.24168336673346694,0.5707429051399231,3.1589079151858326,0.08943872929448002,12.433310915383418
Bearing3_2,604,0.24208416833667334,0.5356261134147644,3.0728722740137027,0.07459744965882159,3.0801026100515685
Bearing3_2,605,0.24248496993987975,0.5358467102050781,2.98625719327195,0.05247285186802027,21.953191345720054
Bearing3_2,606,0.24288577154308616,0.577170729637146,2.8410061195661767,0.02057881866154474,0.8986002537152896
Bearing3_2,607,0.2432865731462926,0.5420669317245483,2.7901572938917534,-0.008047029424803377,9.566506413631103
Bearing3_2,608,0.243687374749499,0.5411685109138489,2.5608824873986444,-0.02895237612615391,5.793442614500795
Bearing3_2,609,0.2440881763527054,0.5370990037918091,2.47587824304916,-0.051184051001748714,9.353098426156826
Bearing3_2,610,0.24448897795591182,0.5163129568099976,2.5654823173390247,-0.0640832929788008,8.61054552181702
Bearing3_2,611,0.24488977955911823,0.6706925630569458,2.931490422646019,-0.053584407007796174,24.47629479375748
Bearing3_2,612,0.24529058116232466,0.5550077557563782,2.939703942411837,-0.03873358503180928,26.29387034496215
Bearing3_2,613,0.24569138276553107,0.9746541976928711,3.2391021595258946,0.00523387003018471,41.075263526154735
Bearing3_2,614,0.24609218436873748,0.5764703750610352,3.0472694972472754,0.03202996447350521,52.05359815639339
Bearing3_2,615,0.24649298597194388,0.5724835395812988,3.103719591846364,0.056441152957827964,2.5558233039775318
Bearing3_2,616,0.2468937875751503,0.568111002445221,3.123117609841672,0.07080322358788065,4.038450419505239
Bearing3_2,617,0.2472945891783567,0.5263454914093018,3.0784041482897893,0.07591692320619642,3.2526584254351936
Bearing3_2,618,0.24769539078156314,0.5433534383773804,2.987425305637309,0.05728925213304192,10.573844494440447
Bearing3_2,619,0.24809619238476954,0.5360234379768372,3.1753082485362363,0.03807257597969767,18.488057774319362
Bearing3_2,620,0.24849699398797595,0.5202610492706299,3.1850485525980656,0.016882854631025065,9.363364208669102
Bearing3_2,621,0.24889779559118236,0.5552451610565186,2.8624802432687404,-0.005010855178890408,8.627415118180144
Bearing3_2,622,0.24929859719438877,0.6304194331169128,3.002701499430454,-0.017872077827387815,19.929616228123248
Bearing3_2,623,0.2496993987975952,0.5482967495918274,2.59950025296171,-0.03352982134862035,12.905016933524921
Bearing3_2,624,0.2501002004008016,0.5288372039794922,2.617201993062096,-0.053258109179143594,9.671816425340024
Bearing3_2,625,0.250501002004008,0.5419743657112122,2.6428582331260815,-0.0626106866488414,3.5416187804882493
Bearing3_2,626,0.2509018036072144,0.5784072279930115,2.660787842685555,-0.06410588592808941,4.808935766758947
Bearing3_2,627,0.25130260521042086,0.557096004486084,2.639149885490798,-0.0641582376771028,1.0082613047473146
Bearing3_2,628,0.25170340681362724,0.583919882774353,2.7444973643934416,-0.059205325386452616,2.2384376840814055
Bearing3_2,629,0.2521042084168337,0.5418685674667358,2.577971763978101,-0.04786551703133049,8.462380117451284
Bearing3_2,630,0.25250501002004005,0.5668275952339172,2.780282409545788,-0.01760078671314427,27.39727852918804
Bearing3_2,631,0.2529058116232465,0.5472491979598999,2.831100186959501,-0.0011624753028041462,23.870749403003437
Bearing3_2,632,0.2533066132264529,0.5433815121650696,2.703985907340852,0.018070778009532877,2.2139660580211076
Bearing3_2,633,0.2537074148296593,0.5451768040657043,2.7062828261022553,0.014170029757479906,0.6520318249818351
Bearing3_2,634,0.25410821643286574,0.5743632316589355,2.8219692763077484,0.016465233303442656,1.5827890238750224
Bearing3_2,635,0.2545090180360721,0.5748224258422852,2.8910886539919334,0.021758973051649033,1.4668413502491109
Bearing3_2,636,0.25490981963927856,0.5603030920028687,2.8175699086306345,0.021229053134223994,18.891190135414767
Bearing3_2,637,0.255310621242485,0.5687979459762573,2.7869030680558686,0.015683477300402725,3.615381902736438
Bearing3_2,638,0.25571142284569137,0.5370246767997742,2.861021159063829,0.01941292402337284,12.808995106542255
Bearing3_2,639,0.2561122244488978,0.5551512241363525,2.879947754129089,0.011660614150450959,14.090736437512222
Bearing3_2,640,0.2565130260521042,0.5547821521759033,2.58819760897696,-0.0021782786644501855,3.6801070228193526
Bearing3_2,641,0.2569138276553106,0.5745471119880676,2.5118285603288926,-0.014466603510527754,2.39963722271459
Bearing3_2,642,0.25731462925851706,0.5457946062088013,2.377853504061766,-0.038666984895684466,3.5157587040744493
Bearing3_2,643,0.25771543086172344,0.544171154499054,2.3036305903020495,-0.06280964089237961,6.198971196506898
Bearing3_2,644,0.2581162324649299,0.5195572376251221,2.198574310671509,-0.0800895762394628,1.8522586487891322
Bearing3_2,645,0.25851703406813625,0.5571202039718628,2.082383810952028,-0.09154291408155701,2.0561806941660885
Bearing3_2,646,0.2589178356713427,0.5831897854804993,2.3042192719893304,-0.08599490261188611,14.913560982282108
Bearing3_2,647,0.2593186372745491,0.5663955807685852,2.282080048560089,-0.07747650922647574,20.611498729946344
Bearing3_2,648,0.2597194388777555,0.5680446624755859,2.1996734808285203,-0.062392746565338074,6.524200982588865
Bearing3_2,649,0.26012024048096194,0.5449731349945068,2.294410728390466,-0.03286338917543684,3.589084572580381
Bearing3_2,650,0.2605210420841683,0.5730098485946655,2.381036935102731,-0.010961557147873691,4.328049682987894
Bearing3_2,651,0.26092184368737475,0.5378831624984741,2.4984631514197995,0.014765109785588428,1.3058542782129396
Bearing3_2,652,0.26132264529058113,0.5445991158485413,2.5651199947483923,0.035357939075639215,8.708677431263755
Bearing3_2,653,0.26172344689378757,0.5447933673858643,2.635157559039891,0.05255290803777093,6.594237516157362
Bearing3_2,654,0.262124248496994,0.550777018070221,2.7037438934052638,0.062466689096125246,1.7944082688982281
Bearing3_2,655,0.2625250501002004,0.5650582313537598,2.6341379281987662,0.05471448015908391,15.730731149734074
Bearing3_2,656,0.2629258517034068,0.5675653219223022,2.4308293951930504,0.04397381691819658,1.5568981460906492
Bearing3_2,657,0.2633266533066132,0.5298365354537964,2.4621452202754206,0.031930673202231884,2.804160548561095
Bearing3_2,658,0.26372745490981964,0.5518351197242737,2.3698356704665313,0.007176083808946457,5.556895631693052
Bearing3_2,659,0.26412825651302607,0.5721403360366821,2.1729488913462487,-0.024064539936927858,7.182032768509534
Bearing3_2,660,0.26452905811623245,0.5710453987121582,2.034820520806522,-0.05559209330058511,1.7509655129625683
Bearing3_2,661,0.2649298597194389,0.5672775506973267,2.0422572400267454,-0.07468903041538066,15.41382251106225
Bearing3_2,662,0.26533066132264527,0.5742681622505188,1.9766131273791605,-0.08739299731458616,15.601356341496178
Bearing3_2,663,0.2657314629258517,0.5567477941513062,1.886256583062634,-0.09322291546775399,4.03956630915914
Bearing3_2,664,0.26613226452905814,0.6117425560951233,1.9973407365790252,-0.07934368809594526,18.481844194975693
Bearing3_2,665,0.2665330661322645,0.5442930459976196,2.118509761703143,-0.05493317634536036,14.602174966494081
Bearing3_2,666,0.26693386773547095,0.5782991647720337,2.162558524742628,-0.035423868611237655,6.142212693772836
Bearing3_2,667,0.26733466933867733,0.5827269554138184,2.3652458406042514,0.00048060069598518336,18.33053981664887
Bearing3_2,668,0.26773547094188377,0.588252067565918,2.583792877469659,0.04332638541674273,4.1572051666093275
Bearing3_2,669,0.2681362725450902,0.596505880355835,2.8767792852019527,0.0864340409572656,0.7704402766767685
Bearing3_2,670,0.2685370741482966,0.5771528482437134,3.016045283575648,0.1193981881445452,13.799523936530822
Bearing3_2,671,0.268937875751503,0.561543345451355,2.8629547919235447,0.1326140926713113,14.09385026749733
Bearing3_2,672,0.2693386773547094,0.5781347751617432,2.97193686973797,0.13745035087936705,10.299676591894977
Bearing3_2,673,0.26973947895791583,0.5446498394012451,2.942829877739687,0.122610655146914,9.954395490729636
Bearing3_2,674,0.27014028056112227,0.6985138058662415,2.945368547526409,0.10250809351995605,21.319508840087643
Bearing3_2,675,0.27054108216432865,0.5569565892219543,2.984414951560624,0.08112202456438275,10.998419638249846
Bearing3_2,676,0.2709418837675351,0.5817068815231323,2.9248352046754316,0.04892691495276485,16.01238391104866
Bearing3_2,677,0.27134268537074147,0.5492900609970093,2.7575495623975677,0.011879904335761941,7.623186844319752
Bearing3_2,678,0.2717434869739479,0.5597847104072571,2.7917950408197507,-0.01348456526468037,16.018536139090944
Bearing3_2,679,0.27214428857715434,0.5632258057594299,2.6057355739951733,-0.03198654421703874,21.331642317135564
Bearing3_2,680,0.2725450901803607,0.5807863473892212,2.48047053572155,-0.04475138341144803,7.853939649303138
Bearing3_2,681,0.27294589178356715,0.5759374499320984,2.4743813356536113,-0.061562578442683924,2.1521063454406395
Bearing3_2,682,0.27334669338677353,0.567910373210907,2.41485690736246,-0.06964510732920355,4.984359252602857
Bearing3_2,683,0.27374749498997997,0.5891072750091553,2.443517364347603,-0.07135232030277655,1.1563757297017554
Bearing3_2,684,0.27414829659318635,0.5919125080108643,2.263368603014201,-0.07666431180703143,0.9060765635325727
Bearing3_2,685,0.2745490981963928,0.5479212403297424,2.1831269909605924,-0.07548335891784204,1.4313867097617652
Bearing3_2,686,0.2749498997995992,0.5807390213012695,2.452396727061873,-0.05387436766274674,18.80792937912043
Bearing3_2,687,0.2753507014028056,0.5958682894706726,2.348888352888727,-0.04333713687666781,29.27661774298494
Bearing3_2,688,0.27575150300601203,0.5692026615142822,2.0988405891370197,-0.03920237392152024,1.3152502048762593
Bearing3_2,689,0.2761523046092184,0.5996571779251099,2.231108919870821,-0.031857491300316156,16.728791103407556
Bearing3_2,690,0.27655310621242485,0.5494047999382019,2.279989252530678,-0.025656482126520785,15.915712363726723
Bearing3_2,691,0.2769539078156313,0.5973785519599915,2.3071583991679363,-0.015949390011090626,4.343981911926561
Bearing3_2,692,0.27735470941883766,0.5651060342788696,2.309832471495704,-0.008037789939790187,2.5211155652966113
Bearing3_2,693,0.2777555110220441,0.5750646591186523,2.2252022043304427,-0.0015586656619277239,9.502549190574554
Bearing3_2,694,0.2781563126252505,0.5883736610412598,2.182568907642568,-0.006768666989059041,4.886001550251839
Bearing3_2,695,0.2785571142284569,0.6286923885345459,2.3420329441699455,-0.0076506805167966185,19.10339925811442
Bearing3_2,696,0.27895791583166335,0.5575056076049805,2.0716563867476454,-0.007255323293657334,23.770652240394263
Bearing3_2,697,0.27935871743486973,0.5756000876426697,2.088338515649996,-0.008235555616911965,1.266000699128252
Bearing3_2,698,0.27975951903807617,0.5781993865966797,2.0483477834979857,-0.02490877167446606,4.2828015895770175
Bearing3_2,699,0.28016032064128255,0.591017484664917,2.0649732269205345,-0.031245222640184856,22.42164574488809
Bearing3_2,700,0.280561122244489,0.5763378143310547,2.0312053636224157,-0.03415110223938286,21.068946102190274
Bearing3_2,701,0.2809619238476954,0.5432974696159363,2.15257327562959,-0.02561007517863582,11.458316033754027
Bearing3_2,702,0.2813627254509018,0.5643699765205383,2.0445478403841895,-0.020909314024109796,20.286473615828836
Bearing3_2,703,0.28176352705410823,0.5546294450759888,2.1938844686850936,-0.010489365123442609,15.882782807026961
Bearing3_2,704,0.2821643286573146,0.5546978116035461,2.1771756587356976,-0.003443416718657157,11.43797355142883
Bearing3_2,705,0.28256513026052105,0.604341983795166,2.1198298267738904,0.011170885697998763,14.889377506186518
Bearing3_2,706,0.2829659318637275,0.5790663957595825,2.0668274094588663,0.007562414461997672,23.535220141481382
Bearing3_2,707,0.28336673346693386,0.5670110583305359,2.09696138951366,0.006768289850218122,7.501162123139731
Bearing3_2,708,0.2837675350701403,0.5702552795410156,2.1272823946636015,0.004857469753287272,4.273910176791695
Bearing3_2,709,0.2841683366733467,0.5617092847824097,1.917484244494208,-0.00834530607823592,1.6896526818596207
Bearing3_2,710,0.2845691382765531,0.5784037709236145,1.967134752135543,-0.01930331804705996,4.818319498593917
Bearing3_2,711,0.2849699398797595,0.5354389548301697,1.9684931325245194,-0.02131942893374186,6.677188498667652
Bearing3_2,712,0.28537074148296593,0.6192918419837952,1.9771301902404843,-0.027834848802518193,19.46353542028753
Bearing3_2,713,0.28577154308617236,0.5854135751724243,2.052609954931585,-0.019460231739068707,22.593785427469278
Bearing3_2,714,0.28617234468937874,0.5723586678504944,2.0331934402513543,-0.011546199609306572,20.804757340830932
Bearing3_2,715,0.2865731462925852,0.5486654043197632,2.014510808857691,-0.006729036553206024,14.819988178559694
Bearing3_2,716,0.28697394789579156,0.5529376268386841,2.0929394892096598,0.00010915419098453882,13.64308716982738
Bearing3_2,717,0.287374749498998,0.5794432759284973,2.2823645424783767,0.018972042514081734,18.490735104881495
Bearing3_2,718,0.28777555110220443,0.5952001810073853,2.5456212759751056,0.05196847842621216,3.158161832035349
Bearing3_2,719,0.2881763527054108,0.5568186044692993,2.7354848669702543,0.07626379254725169,9.04874467757031
Bearing3_2,720,0.28857715430861725,0.5852730870246887,2.7106344940465803,0.09259850656398531,16.64918527546137
Bearing3_2,721,0.2889779559118236,0.5598112940788269,2.7946718604197285,0.1045955175371735,17.245197076283617
Bearing3_2,722,0.28937875751503006,0.5679649710655212,2.9350347562273496,0.11481020270038461,14.043057424503798
Bearing3_2,723,0.2897795591182365,0.5821092128753662,2.820274516412421,0.1121862582956807,3.3161152833697805
Bearing3_2,724,0.2901803607214429,0.5705299973487854,2.886915560005704,0.10259782060549398,2.9966583027325906
Bearing3_2,725,0.2905811623246493,0.5654239654541016,2.8762941797392108,0.08083637923508039,7.255870568366376
Bearing3_2,726,0.2909819639278557,0.5817224383354187,2.908891758211003,0.05563570724863494,9.37195439662221
Bearing3_2,727,0.2913827655310621,0.5828713774681091,2.707221245934875,0.02217283185290494,4.903632506207576
Bearing3_2,728,0.29178356713426856,0.5703461170196533,2.4851028651125944,-0.011004920911609931,1.3266034643495823
Bearing3_2,729,0.29218436873747494,0.6147565841674805,2.4455224448069273,-0.03295047646448447,9.361680568037618
Bearing3_2,730,0.2925851703406814,0.5835617780685425,2.417024468272794,-0.0545924626030618,15.397566427712986
Bearing3_2,731,0.29298597194388776,0.5908001065254211,2.23409086103094,-0.07705124500542387,2.289391197081438
Bearing3_2,732,0.2933867735470942,0.5551129579544067,2.15003609270628,-0.08794238536088007,4.240774439488916
Bearing3_2,733,0.29378757515030063,0.5709775686264038,2.124364127790469,-0.09836936205066582,3.1800705326242147
Bearing3_2,734,0.294188376753507,0.5477569103240967,2.212300132236087,-0.09112181572966015,8.366608221589837
Bearing3_2,735,0.29458917835671344,0.5885610580444336,2.3090609722422735,-0.07112734072584549,8.315527228631597
Bearing3_2,736,0.2949899799599198,0.5553180575370789,2.3470625743083184,-0.040011325135497516,15.281699969129484
Bearing3_2,737,0.29539078156312626,0.5701733827590942,2.363070856116875,-0.014656780641846712,7.015653067945372
Bearing3_2,738,0.29579158316633264,0.609723687171936,2.50176168577813,0.007626346018726566,13.14996150142978
Bearing3_2,739,0.2961923847695391,0.5989642143249512,2.6799356655387374,0.03678743360749413,13.139032923710726
Bearing3_2,740,0.2965931863727455,0.6038216352462769,2.670866214223465,0.06071258637700994,34.274341018820074
Bearing3_2,741,0.2969939879759519,0.5652910470962524,2.756576867427314,0.07404042222090701,11.347103222244524
Bearing3_2,742,0.2973947895791583,0.5943958759307861,2.9189136320178504,0.08428617574329389,3.4074542962663146
Bearing3_2,743,0.2977955911823647,0.6016886830329895,2.7952935589151973,0.07675782411040234,25.463722868628444
Bearing3_2,744,0.29819639278557114,0.5587491989135742,2.5602729041979684,0.054140086381736736,2.8553451347003653
Bearing3_2,745,0.2985971943887776,0.6009368300437927,2.244929769390824,0.01655468491294985,0.5387572074421392
Bearing3_2,746,0.29899799599198396,0.6021201014518738,2.3163659522632956,-0.01382340943897861,23.093255423885633
Bearing3_2,747,0.2993987975951904,0.5786336064338684,2.405517041183448,-0.03789941806808561,5.114658353397703
Bearing3_2,748,0.29979959919839677,0.5864648818969727,2.3325167785633036,-0.05722570310592377,2.7962992844715897
Bearing3_2,749,0.3002004008016032,0.593876302242279,1.9595203111223118,-0.08296753126602006,16.638237588320575
Bearing3_2,750,0.30060120240480964,0.6061521172523499,2.0909719037136525,-0.0934115953189229,16.09296431950375
Bearing3_2,751,0.301002004008016,0.5628746151924133,1.9785298557252795,-0.09724579649687662,12.68666664613242
Bearing3_2,752,0.30140280561122246,0.5564756393432617,1.8127346846388768,-0.08987004680136157,2.1290616400170905
Bearing3_2,753,0.30180360721442884,0.5604045391082764,2.027555533280845,-0.06560990481247395,12.597589585314863
Bearing3_2,754,0.3022044088176353,0.5733585357666016,2.100258825620652,-0.04374625688154115,16.864362393085457
Bearing3_2,755,0.3026052104208417,0.6152403354644775,2.106489641165534,-0.036989693713153936,6.557673649169749
Bearing3_2,756,0.3030060120240481,0.5632575750350952,1.9117111963989906,-0.034416934998409886,3.4212452642106994
Bearing3_2,757,0.3034068136272545,0.570966362953186,1.7382894922731182,-0.030455229903560154,2.926223991464123
Bearing3_2,758,0.3038076152304609,0.6365523338317871,1.6444641668178908,-0.028390347354758764,5.253395772530747
Bearing3_2,759,0.30420841683366734,0.614923894405365,1.59761409401164,-0.045407322827874595,11.764916648033934
Bearing3_2,760,0.3046092184368738,0.600861668586731,1.5298814687528721,-0.05296862360161358,14.319191585970742
Bearing3_2,761,0.30501002004008015,0.5995862483978271,1.5714145048409331,-0.0589595263944919,1.8565865556543364
Bearing3_2,762,0.3054108216432866,0.6180807948112488,1.652781304243383,-0.0666305200089441,2.3548985462570267
Bearing3_2,763,0.30581162324649297,0.6149896383285522,1.5170799317760528,-0.0654431879043256,9.001740528877134
Bearing3_2,764,0.3062124248496994,0.5926142334938049,1.489515447264213,-0.05472490393218648,6.105885683038936
Bearing3_2,765,0.3066132264529058,0.6731374859809875,1.408096235315821,-0.04062933014082886,11.83003854005778
Bearing3_2,766,0.3070140280561122,0.604135274887085,1.3387890542232574,-0.03483400308017198,4.773820695667184
Bearing3_2,767,0.30741482965931866,0.5863097310066223,1.3181309387739821,-0.03478241844422183,2.2183157144255325
Bearing3_2,768,0.30781563126252504,0.6393726468086243,1.4505543469239999,-0.028669929563781175,20.382756940161673
Bearing3_2,769,0.30821643286573147,0.6222099661827087,1.434998382440339,-0.024178863964758265,26.43438091728116
Bearing3_2,770,0.30861723446893785,0.623253583908081,1.572102106365087,-0.014753822240772383,29.255323812608736
Bearing3_2,771,0.3090180360721443,0.5869486927986145,1.5948043811063635,-0.0018333708536608785,13.103548739051606
Bearing3_2,772,0.3094188376753507,0.5529403686523438,1.6183653990532636,0.017513166608712383,2.4751249702751057
Bearing3_2,773,0.3098196392785571,0.5901384353637695,1.5723827592019368,0.025721964401859372,16.223842737505127
Bearing3_2,774,0.31022044088176354,0.5704988241195679,1.6111840250085308,0.03353922527244479,2.5706569926057226
Bearing3_2,775,0.3106212424849699,0.5986266732215881,1.8812748605983765,0.049185995436288765,11.226605243285883
Bearing3_2,776,0.31102204408817635,0.6587899923324585,2.037735302791666,0.06301099431017092,7.019324088438152
Bearing3_2,777,0.3114228456913828,0.6149355173110962,2.123589330545916,0.07166965671562518,5.222453595692284
Bearing3_2,778,0.31182364729458917,0.5939154624938965,2.013532666602372,0.07339032354904573,1.3659590669900266
Bearing3_2,779,0.3122244488977956,0.6156055927276611,2.3591192756208037,0.08610012512482305,18.771792456844924
Bearing3_2,780,0.312625250501002,0.5864976048469543,2.190108924526892,0.08752996316706156,21.975412585930325
Bearing3_2,781,0.3130260521042084,0.6162711381912231,2.174511031111607,0.08213150027046896,2.0107863885349
Bearing3_2,782,0.31342685370741485,0.6029062867164612,2.2269735478084036,0.07413861645070412,9.00350060719559
Bearing3_2,783,0.31382765531062123,0.581407368183136,2.358285483875438,0.0628656240777783,8.19996048624175
Bearing3_2,784,0.31422845691382767,0.5878704786300659,2.579629151948858,0.05672658011204223,11.348581688032027
Bearing3_2,785,0.31462925851703405,0.5709408521652222,2.6453406512946316,0.06043912664157654,4.3145865924902616
Bearing3_2,786,0.3150300601202405,0.6076095700263977,2.614068668986757,0.06361522130421876,17.020731773933278
Bearing3_2,787,0.3154308617234469,0.5939183235168457,2.8938836454632875,0.08079169391349939,25.736774378640494
Bearing3_2,788,0.3158316633266533,0.6347193121910095,3.1163700975763335,0.0934297794670448,5.264751797841427
Bearing3_2,789,0.31623246492985974,0.6095959544181824,2.9729512257852435,0.10791639830019636,17.89789245079151
Bearing3_2,790,0.3166332665330661,0.6095324754714966,2.989587552220911,0.10460270910643338,6.1285383938769895
Bearing3_2,791,0.31703406813627255,0.5901204347610474,3.0970957440349385,0.09642259350885266,10.871818713441838
Bearing3_2,792,0.31743486973947893,0.5902677774429321,3.2880006570167,0.09097012927281105,17.205586262286996
Bearing3_2,793,0.31783567134268537,0.6076460480690002,3.395498626570908,0.08727438506288251,16.693338097278648
Bearing3_2,794,0.3182364729458918,0.602344274520874,3.195901381096907,0.07487548239326108,19.627771848339332
Bearing3_2,795,0.3186372745490982,0.5749009847640991,3.1343092338348937,0.05602780826393839,9.166184143290993
Bearing3_2,796,0.3190380761523046,0.5900977849960327,3.369681410466403,0.04200692576623049,13.052843397094476
Bearing3_2,797,0.319438877755511,0.6047734022140503,3.204861930489053,0.02849127925934921,14.395513610654207
Bearing3_2,798,0.31983967935871743,0.5691155195236206,3.1510505811167047,0.02310346462423059,6.307367882706872
Bearing3_2,799,0.32024048096192387,0.5946388244628906,3.0681076303154557,0.003209861419451537,20.821014429939233
Bearing3_2,800,0.32064128256513025,0.584640622138977,3.1414832916898647,-0.012725755518045103,9.50189242992201
Bearing3_2,801,0.3210420841683367,0.5449358224868774,3.151258525022546,-0.022802125600932484,4.565498328774207
Bearing3_2,802,0.32144288577154306,0.5791814923286438,2.87708885043308,-0.0357627295655231,11.041755783727359
Bearing3_2,803,0.3218436873747495,0.6227368116378784,2.9349405621015277,-0.03342050514660126,16.3252152025759
Bearing3_2,804,0.32224448897795593,0.5322603583335876,3.131347049806854,-0.028089160618147972,5.630720859561905
Bearing3_2,805,0.3226452905811623,0.5859507322311401,3.0934039184785354,-0.02815110784276687,14.029553097885561
Bearing3_2,806,0.32304609218436875,0.5355368256568909,2.863838640248557,-0.024547497069873542,6.214365344359638
Bearing3_2,807,0.32344689378757513,0.5646318197250366,2.9022546058933516,-0.023705007803113597,12.26509168153671
Bearing3_2,808,0.32384769539078156,0.5467610359191895,2.816783257741709,-0.027444047792530707,6.07883579368186
Bearing3_2,809,0.324248496993988,0.6056192517280579,2.864363765242392,-0.030065592294418107,7.635784479164224
Bearing3_2,810,0.3246492985971944,0.5850042104721069,2.8043459041204555,-0.028599504946807342,1.5782270265934633
Bearing3_2,811,0.3250501002004008,0.55964195728302,2.762465608634034,-0.024679601342102512,6.604229229331479
Bearing3_2,812,0.3254509018036072,0.5732058882713318,2.703969431980105,-0.037515735177352016,12.727113245890546
Bearing3_2,813,0.32585170340681363,0.5576616525650024,2.6076694858861327,-0.0496493953737341,12.930574276467947
Bearing3_2,814,0.32625250501002007,0.5929083824157715,2.5571215875497977,-0.04747952567822306,1.134634236553143
Bearing3_2,815,0.32665330661322645,0.5697482824325562,2.5295092469443343,-0.042385017107236654,11.572041231343249
Bearing3_2,816,0.3270541082164329,0.5549837946891785,2.53639803794987,-0.04538402125389591,2.8628360280237155
Bearing3_2,817,0.32745490981963926,0.5463247299194336,2.498901217103434,-0.04389826516375404,8.093930853940341
Bearing3_2,818,0.3278557114228457,0.5802889466285706,2.4407475273746355,-0.04639348640480864,8.390156560852224
Bearing3_2,819,0.3282565130260521,0.5867886543273926,2.6216031461063727,-0.03129381302872813,16.71630058190075
Bearing3_2,820,0.3286573146292585,0.562319278717041,2.642097555325143,-0.01613490056840719,17.36759593982619
Bearing3_2,821,0.32905811623246495,0.5594894886016846,2.552291094565303,-0.006699895378380622,4.612177617297748
Bearing3_2,822,0.3294589178356713,0.5457961559295654,2.6530890157140012,0.006881002995176405,6.488823408387892
Bearing3_2,823,0.32985971943887776,0.5836076736450195,2.5811857797153848,0.010736642590012006,4.698257013299215
Bearing3_2,824,0.33026052104208414,0.5542097687721252,2.454710754401382,0.004644799171609958,6.360930083214617
Bearing3_2,825,0.3306613226452906,0.5920954942703247,2.4600516786053706,-0.0017552003833216107,1.783206753319932
Bearing3_2,826,0.331062124248497,0.5589887499809265,2.591332748842208,0.000306748363991425,9.901408081512747
Bearing3_2,827,0.3314629258517034,0.5640439987182617,2.5732136040253195,-0.0017852832186802182,6.793334558264029
Bearing3_2,828,0.33186372745490983,0.5798190236091614,2.685895572984404,-0.002508694439102133,4.939728192362479
Bearing3_2,829,0.3322645290581162,0.6133846640586853,2.4279539896025364,-0.00821609678441638,20.596490793564627
Bearing3_2,830,0.33266533066132264,0.5928360223770142,2.385447429328477,-0.012528482330048147,4.224308152500477
Bearing3_2,831,0.3330661322645291,0.5940964818000793,2.461090583660339,-0.015591064405244435,7.213856493145784
Bearing3_2,832,0.33346693386773546,0.5820667147636414,2.5279226495675564,-0.007182938919164581,5.518490722784334
Bearing3_2,833,0.3338677354709419,0.5930992364883423,2.51538459496485,-0.0027350883125771535,12.125659282907634
Bearing3_2,834,0.3342685370741483,0.5925561189651489,2.557699762069711,-0.0036132159181667556,1.356280270596955
Bearing3_2,835,0.3346693386773547,0.6119898557662964,2.572602331656556,-0.00457076608624836,1.2100279456435012
Bearing3_2,836,0.33507014028056115,0.5883496403694153,2.4650119277972613,-0.004009062728456069,2.458698913648232
Bearing3_2,837,0.3354709418837675,0.6285343170166016,2.568927326112451,0.0025439717441290916,14.293557805340743
Bearing3_2,838,0.33587174348697396,0.5466566681861877,2.4898570400712305,0.01234816767128809,13.283028451100279
Bearing3_2,839,0.33627254509018034,0.5538007616996765,2.5575113661536673,0.01102271864916063,6.229765023887092
Bearing3_2,840,0.3366733466933868,0.5896697640419006,2.4658268970129296,0.0002921354550116241,11.715566063502495
Bearing3_2,841,0.3370741482965932,0.5664205551147461,2.75003809368006,0.009132561547442951,44.658191596216916
Bearing3_2,842,0.3374749498997996,0.5573456287384033,2.7317517994120815,0.01792863040671149,24.810957090987813
Bearing3_2,843,0.337875751503006,0.5937381982803345,2.9837081864184047,0.03716124825227147,14.24133879602974
Bearing3_2,844,0.3382765531062124,0.5598995089530945,2.9884820114669832,0.053798618101974276,25.71208500574823
Bearing3_2,845,0.33867735470941884,0.5800795555114746,2.8921436499932915,0.06095306985105602,11.543178964197681
Bearing3_2,846,0.3390781563126252,0.5654856562614441,2.987462419637646,0.06226080552543157,16.602196213153782
Bearing3_2,847,0.33947895791583166,0.5796881318092346,2.8160099358415698,0.0548115475247867,12.526073077320303
Bearing3_2,848,0.3398797595190381,0.6175556182861328,2.9590248390233134,0.04689680929822687,17.741072489894165
Bearing3_2,849,0.3402805611222445,0.6145820617675781,3.064335309445641,0.043549684543203925,9.668501443547092
Bearing3_2,850,0.3406813627254509,0.553914487361908,3.186201070544952,0.03459416465340365,10.110785992517279
Bearing3_2,851,0.3410821643286573,0.5871981978416443,2.8645847385766237,0.018311540694266604,0.7965320548292054
Bearing3_2,852,0.3414829659318637,0.5964003205299377,2.9202627173395546,0.0024583669298294756,12.719774222182103
Bearing3_2,853,0.34188376753507016,0.5879246592521667,2.643129275151591,-0.013999064764771672,18.46980727079553
Bearing3_2,854,0.34228456913827654,0.5907390117645264,2.654721136952641,-0.02537772885769135,3.1970329102586983
Bearing3_2,855,0.342685370741483,0.5798347592353821,2.719567808151127,-0.03559627286815981,6.092118350431971
Bearing3_2,856,0.34308617234468936,0.5914391279220581,2.7417404943549304,-0.036158984602225525,12.474581231794582
Bearing3_2,857,0.3434869739478958,0.6084276437759399,2.6682117609148017,-0.04918407253115525,21.694264715653375
Bearing3_2,858,0.3438877755511022,0.6268115043640137,2.4648596714849553,-0.06197527270260558,4.916543937872253
Bearing3_2,859,0.3442885771543086,0.6118820905685425,2.297241893440613,-0.07089868192058174,6.0653128605213995
Bearing3_2,860,0.34468937875751504,0.603290855884552,2.2044975862991083,-0.06745838544262497,2.49735450799745
Bearing3_2,861,0.3450901803607214,0.5623875260353088,2.2715678855906147,-0.06990136162852498,16.37081229437335
Bearing3_2,862,0.34549098196392786,0.5748670697212219,2.0875037066262507,-0.07148425380421296,11.909996383667655
Bearing3_2,863,0.3458917835671343,0.6056919097900391,1.9921857929549034,-0.08664781910525318,9.641429427491154
Bearing3_2,864,0.34629258517034067,0.6041441559791565,1.9469089722828894,-0.09561801435685824,8.199377648878581
Bearing3_2,865,0.3466933867735471,0.6561468839645386,1.8410369439703131,-0.09746039471325321,11.989001773467486
Bearing3_2,866,0.3470941883767535,0.6496767997741699,1.675628981764928,-0.09619798951355732,6.749278289314508
Bearing3_2,867,0.3474949899799599,0.5865358114242554,1.6992819528951641,-0.08562477402591767,3.0381722642709823
Bearing3_2,868,0.34789579158316636,0.5713522434234619,1.713072509834081,-0.07611154857002823,4.255147239037431
Bearing3_2,869,0.34829659318637274,0.596491813659668,1.7811775944695611,-0.06494544719575512,1.0586026247922242
Bearing3_2,870,0.3486973947895792,0.6195354461669922,1.9315326342959487,-0.04550579080437269,5.876599274734585
Bearing3_2,871,0.34909819639278555,0.5840691924095154,1.957506341588072,-0.01686936737152359,4.191458302204567
Bearing3_2,872,0.349498997995992,0.6115201115608215,1.982018327669269,0.0046399348136155405,12.084449312038815
Bearing3_2,873,0.3498997995991984,0.6306334733963013,2.1990031884143137,0.032908857933509485,9.342140681425636
Bearing3_2,874,0.3503006012024048,0.6262397170066833,2.2523548269161546,0.0585625381940434,8.038657857307056
Bearing3_2,875,0.35070140280561124,0.5611060857772827,2.4963578172124548,0.08676496325434596,7.002718000943276
Bearing3_2,876,0.3511022044088176,0.6158050298690796,2.4641391149574865,0.09423952376290168,21.001705075871005
Bearing3_2,877,0.35150300601202406,0.6373460292816162,2.376572031031953,0.08895686403338271,8.465867084039905
Bearing3_2,878,0.35190380761523044,0.6064424514770508,2.390393336047596,0.07713788742625946,14.016173485388176
Bearing3_2,879,0.35230460921843687,0.627855658531189,2.375480898961924,0.06083589472696779,3.6008760915549995
Bearing3_2,880,0.3527054108216433,0.6265803575515747,2.315566489834641,0.04408583625167602,1.5496747846717043
Bearing3_2,881,0.3531062124248497,0.6339295506477356,2.0992815844035877,0.012615043959756935,11.368620431127413
Bearing3_2,882,0.3535070140280561,0.604941725730896,2.034088082257319,-0.022496112926430525,2.8225395378021765
Bearing3_2,883,0.3539078156312625,0.7114712595939636,1.6734111903515625,-0.06344604598311747,19.865245638101623
Bearing3_2,884,0.35430861723446894,0.6263337135314941,1.6142727164772075,-0.09769412598055256,21.98975068679199
Bearing3_2,885,0.35470941883767537,0.5848280787467957,1.6006501292114996,-0.10868406156134626,11.721347166459344
Bearing3_2,886,0.35511022044088175,0.6903102397918701,1.8292297076000466,-0.09849687073793284,3.3504028662121095
Bearing3_2,887,0.3555110220440882,0.6711990833282471,1.841715728839602,-0.08577055820124661,29.7804587681853
Bearing3_2,888,0.35591182364729457,0.6686015725135803,1.8584076310799045,-0.06472925124201798,14.307619322466651
Bearing3_2,889,0.356312625250501,0.6311297416687012,1.7588668546621402,-0.04366329207531592,15.005934921229896
Bearing3_2,890,0.35671342685370744,0.682303249835968,1.916334514763183,-0.01052837212613608,26.637514070411807
Bearing3_2,891,0.3571142284569138,0.6763381361961365,1.9133100503786167,0.012861758798439135,27.281883771593883
Bearing3_2,892,0.35751503006012025,0.6547393202781677,1.8395145885149884,0.03013464964827696,4.426826786858224
Bearing3_2,893,0.35791583166332663,0.7818170785903931,1.8394846771182134,0.025719249431147298,12.988964623242978
Bearing3_2,894,0.35831663326653307,0.6752850413322449,1.777268191415298,0.011954645835366446,16.033616490123478
Bearing3_2,895,0.3587174348697395,0.6594153046607971,1.5765204155349068,-0.015643711655702202,2.3095096465806737
Bearing3_2,896,0.3591182364729459,0.6822243928909302,1.2798402280155505,-0.043893504892510274,6.2854151801600455
Bearing3_2,897,0.3595190380761523,0.67198646068573,1.2764874646165008,-0.0648345082977265,1.0690606330008525
Bearing3_2,898,0.3599198396793587,0.6508437991142273,1.1801374932652833,-0.08306691951549686,5.503045784100118
Bearing3_2,899,0.36032064128256514,0.7153695821762085,0.9855408342829073,-0.11032828949573717,24.86778247669798
Bearing3_2,900,0.36072144288577157,0.6965935826301575,0.8071303743244206,-0.1274496463714711,28.603559770971067
Bearing3_2,901,0.36112224448897795,0.6524378061294556,0.8957289796261263,-0.12649508433591622,0.7437855249021852
Bearing3_2,902,0.3615230460921844,0.6697776317596436,0.9588801050936903,-0.11468129690513024,6.600574803862844
Bearing3_2,903,0.36192384769539077,0.6733592748641968,1.0721223626846845,-0.08601829577860469,7.605795259015325
Bearing3_2,904,0.3623246492985972,0.6949449181556702,0.9460125177532227,-0.05908041779297715,8.156560475065254
Bearing3_2,905,0.3627254509018036,0.6985384225845337,1.0144128209855683,-0.03171897288776803,17.522354094693345
Bearing3_2,906,0.36312625250501,0.6456001400947571,1.0860056562250573,-0.013417718021703415,5.8780118633050265
Bearing3_2,907,0.36352705410821645,0.6623647809028625,1.0864892723848485,0.007035908308782782,7.642935928811872
Bearing3_2,908,0.36392785571142283,0.6500141620635986,1.193611943601996,0.029212266400203763,15.894018141252948
Bearing3_2,909,0.36432865731462927,0.6174003481864929,1.5867730347173297,0.05969733764652441,3.9128529907785095
Bearing3_2,910,0.36472945891783565,0.6402347683906555,1.639266342651671,0.07386398653525031,5.507052728111964
Bearing3_2,911,0.3651302605210421,0.5570104718208313,1.5838896699467067,0.08083016674106462,11.51634128999786
Bearing3_2,912,0.3655310621242485,0.5685031414031982,1.8835497417880376,0.1000101751049033,28.920466398124812
Bearing3_2,913,0.3659318637274549,0.6075133681297302,1.7560927716750228,0.10857935212992445,50.424912198807384
Bearing3_2,914,0.36633266533066133,0.5270392894744873,1.8813158658266456,0.10728100633759924,16.971479753787673
Bearing3_2,915,0.3667334669338677,0.5606228709220886,1.8451370218264285,0.09723227899016493,1.222807748593933
Bearing3_2,916,0.36713426853707415,0.6233944892883301,1.751934554792386,0.07680325214361715,11.962494993991532
Bearing3_2,917,0.3675350701402806,0.6856831312179565,1.6605441989060394,0.043349672434317414,7.618660425764203
Bearing3_2,918,0.36793587174348696,0.5785645246505737,1.4238921513239586,-0.0028289308985731394,1.7358562463576594
Bearing3_2,919,0.3683366733466934,0.47101759910583496,1.4555820973919678,-0.02385952755608899,30.614655430410494
Bearing3_2,920,0.3687374749498998,0.568140983581543,1.194692461897629,-0.05403072092585073,34.59188328568655
Bearing3_2,921,0.3691382765531062,0.5247163772583008,1.456977252480481,-0.06819847504107218,40.594872778710446
Bearing3_2,922,0.36953907815631265,0.48698940873146057,1.382500074678985,-0.06491295021705953,4.96216768228424
Bearing3_2,923,0.36993987975951903,0.44985049962997437,1.909554232274519,-0.035302818839502974,10.111369332759967
Bearing3_2,924,0.37034068136272547,0.4425692558288574,2.285712986474487,0.021313130127560097,1.9145875479613483
Bearing3_2,925,0.37074148296593185,0.4609927535057068,2.6218016695881174,0.08894748286871165,3.3382653661280344
Bearing3_2,926,0.3711422845691383,0.46082523465156555,2.9810374117998193,0.1605488977129388,9.8369932380934
Bearing3_2,927,0.3715430861723447,0.4884409010410309,3.628249434911956,0.24646187970410258,20.68586857633488
Bearing3_2,928,0.3719438877755511,0.5090591311454773,3.8828986713944134,0.30663704431906885,38.18661896686797
Bearing3_2,929,0.37234468937875753,0.4681389033794403,3.9057147070657003,0.34036324340463364,6.985433026096995
Bearing3_2,930,0.3727454909819639,0.4826693534851074,4.345420440434734,0.3509821721298113,6.503138376791657
Bearing3_2,931,0.37314629258517035,0.44775474071502686,4.375577762031087,0.3425410562107728,1.1605820654431063
Bearing3_2,932,0.3735470941883767,0.4378299117088318,4.5599323111770005,0.30381352191231337,10.265687970927026
Bearing3_2,933,0.37394789579158316,0.4401363134384155,4.604239659945269,0.2641253657924556,4.733839259464649
Bearing3_2,934,0.3743486973947896,0.4488929510116577,4.63125952794063,0.21832541726542445,0.4203763826908115
Bearing3_2,935,0.374749498997996,0.5884119272232056,4.39380321395746,0.1535483511957819,29.81707443176343
Bearing3_2,936,0.3751503006012024,0.46675655245780945,4.488620626232146,0.09641338685984972,23.55577785624095
Bearing3_2,937,0.3755511022044088,0.5342303514480591,4.08953339642702,0.04238376044587341,28.859304179437974
Bearing3_2,938,0.37595190380761523,0.5052757263183594,4.03657827009731,-0.003149032384408901,3.597978499763301
Bearing3_2,939,0.37635270541082166,0.4578329622745514,4.082141481253178,-0.046538273121472,16.6642706552891
Bearing3_2,940,0.37675350701402804,0.42495355010032654,4.1299034294571415,-0.06014710747962547,7.25393951101127
Bearing3_2,941,0.3771543086172345,0.47591182589530945,4.243140466749202,-0.06295656065509037,5.967170893484272
Bearing3_2,942,0.37755511022044086,0.44963517785072327,4.160208652748172,-0.05639396349625499,9.483739485024971
Bearing3_2,943,0.3779559118236473,0.4809911549091339,4.237540969503542,-0.0378142814640442,11.397022060633065
Bearing3_2,944,0.37835671342685373,0.46428632736206055,4.170879213045678,-0.016624538094187055,14.392338429367712
Bearing3_2,945,0.3787575150300601,0.43846532702445984,4.432150555322348,0.008566315920912884,3.0485853904824896
Bearing3_2,946,0.37915831663326655,0.4431915879249573,4.546376013699619,0.045843994043208026,8.813280394368176
Bearing3_2,947,0.3795591182364729,0.534826397895813,4.445167326114983,0.05029531767427254,50.40225848221029
Bearing3_2,948,0.37995991983967936,0.48457664251327515,4.8862731697023705,0.07096590399190526,50.395616449515956
Bearing3_2,949,0.3803607214428858,0.4786697030067444,4.743871530577157,0.07660734346940162,41.71692974703966
Bearing3_2,950,0.3807615230460922,0.5126253366470337,4.534774218754824,0.0660066346147443,0.7889859704785835
Bearing3_2,951,0.3811623246492986,0.45604202151298523,4.287345814775527,0.044551442098290844,2.5490769237828887
Bearing3_2,952,0.381563126252505,0.46761512756347656,4.1434703784923546,0.009183888511458377,1.0584076332585153
Bearing3_2,953,0.3819639278557114,0.46812957525253296,3.8992896011358793,-0.03414424061105632,1.6548418528771907
Bearing3_2,954,0.38236472945891786,0.48130249977111816,3.670519453015995,-0.09029484196011732,12.63191412980188
Bearing3_2,955,0.38276553106212424,0.5504045486450195,3.4032233521899813,-0.13754217435361096,1.3659481293604763
Bearing3_2,956,0.3831663326653307,0.511088490486145,2.9964523892910533,-0.18689013836938123,4.959660324999719
Bearing3_2,957,0.38356713426853706,0.4994100034236908,3.2509998460739147,-0.2103139884673825,16.005646331245607
Bearing3_2,958,0.3839679358717435,0.47609245777130127,2.8196214108993836,-0.21338575782009514,17.532956806483725
Bearing3_2,959,0.3843687374749499,0.48426422476768494,2.7881940237305245,-0.20261486655032962,1.3048862351377886
Bearing3_2,960,0.3847695390781563,0.4673711359500885,2.7910267831545186,-0.1819241000171487,3.779527561034959
Bearing3_2,961,0.38517034068136274,0.4868171513080597,2.6896740191449773,-0.1621205604455285,8.007085572430586
Bearing3_2,962,0.3855711422845691,0.4908768832683563,2.750277724723275,-0.12923734122329697,17.16785219465737
Bearing3_2,963,0.38597194388777556,0.49192824959754944,2.6713541778809176,-0.10005057754630346,12.154099131256771
Bearing3_2,964,0.38637274549098194,0.5191086530685425,2.6867784299675805,-0.07038976849978777,3.2996542766162973
Bearing3_2,965,0.3867735470941884,0.5274912118911743,3.002760085562008,-0.029389202863208286,29.3632960684942
Bearing3_2,966,0.3871743486973948,0.5367690324783325,3.0280444877341983,-0.00927345200894728,34.07445646738578
Bearing3_2,967,0.3875751503006012,0.4920845627784729,3.017531952661488,0.026855783766954883,12.52930357535395
Bearing3_2,968,0.3879759519038076,0.4625397324562073,3.0599346604149815,0.03936924602580525,12.447431772292633
Bearing3_2,969,0.388376753507014,0.4574272334575653,3.1381180487774296,0.05113920972328221,2.0950980373052372
Bearing3_2,970,0.38877755511022044,0.4690670967102051,3.1626727744669507,0.060195869389097434,1.616334859426002
Bearing3_2,971,0.3891783567134269,0.45731213688850403,3.203235269729716,0.06020337796785248,6.476653221135045
Bearing3_2,972,0.38957915831663326,0.4847572445869446,3.308015372987259,0.06374142708909045,23.451593288896802
Bearing3_2,973,0.3899799599198397,0.45675358176231384,3.4443750973554983,0.06269525322560268,9.156019942441667
Bearing3_2,974,0.39038076152304607,0.5006397366523743,3.3731493015231577,0.04942236888643653,24.11410286010841
Bearing3_2,975,0.3907815631262525,0.5195472836494446,3.4704596257175715,0.05420311719076899,46.01803011657439
Bearing3_2,976,0.39118236472945894,0.5049918293952942,3.477233127478705,0.05536987070378734,43.30802043174344
Bearing3_2,977,0.3915831663326653,0.48639166355133057,3.438144747140103,0.04825898428749508,7.7636481344458455
Bearing3_2,978,0.39198396793587176,0.5299142003059387,3.5775822841788063,0.04648229199047271,5.170152114140073
Bearing3_2,979,0.39238476953907814,0.5422001481056213,3.449458133095681,0.03665471887351793,24.48113048321756
Bearing3_2,980,0.3927855711422846,0.4608609676361084,3.5280433077437783,0.028976772337054684,18.880420467623892
Bearing3_2,981,0.393186372745491,0.45993512868881226,3.9182515525157138,0.040858344493222856,24.672297115300783
Bearing3_2,982,0.3935871743486974,0.47282686829566956,3.7590734361632356,0.04237595012265572,31.742030852538566
Bearing3_2,983,0.3939879759519038,0.49405354261398315,3.6946552818698875,0.04400311607365552,0.43746671173305296
Bearing3_2,984,0.3943887775551102,0.4970773458480835,3.8897586996470337,0.04849020103562376,2.026775820018917
Bearing3_2,985,0.39478957915831664,0.6376811265945435,3.236797797606985,0.017586659643230553,38.66580682650147
Bearing3_2,986,0.395190380761523,0.572341799736023,3.455763063343036,0.0019105095673106636,43.76817933035683
Bearing3_2,987,0.39559118236472945,0.5998932123184204,3.118445803209508,-0.03451041260954881,47.687718858667154
Bearing3_2,988,0.3959919839679359,0.44871440529823303,3.0808831599489617,-0.05980923172009309,35.295049660295454
Bearing3_2,989,0.39639278557114227,0.4497290253639221,3.249754080582183,-0.07841792433218704,3.908578011982739
Bearing3_2,990,0.3967935871743487,0.4349295496940613,3.3630706925195284,-0.08318604401341935,13.376817493016103
Bearing3_2,991,0.3971943887775551,0.5162521600723267,3.063600596537933,-0.07627534515461872,16.50785601528452
Bearing3_2,992,0.3975951903807615,0.5740429759025574,3.1604749519766684,-0.0643330594411095,8.113720671673544
Bearing3_2,993,0.39799599198396796,0.5683135390281677,3.0605799884942213,-0.05487839433484703,19.42463266065445
Bearing3_2,994,0.39839679358717434,0.6645023822784424,2.6960994292434135,-0.0446118313555987,24.500437033732467
Bearing3_2,995,0.39879759519038077,0.5666143298149109,3.042026134133489,-0.04453866860436621,32.225804973390446
Bearing3_2,996,0.39919839679358715,0.48714202642440796,2.8911842087133985,-0.03573469420911714,5.601407006607774
Bearing3_2,997,0.3995991983967936,0.6402901411056519,3.149573882243404,-0.028481174907440676,6.873425162067068
Bearing3_2,998,0.4,0.639433741569519,2.884794833144003,-0.038551635459269755,16.8490114928714
Bearing3_2,999,0.4004008016032064,0.6172442436218262,2.6734011902698898,-0.04651776877044226,1.4667012983029137
Bearing3_2,1000,0.40080160320641284,0.5571771264076233,2.3437839929980586,-0.057922485496833515,1.954556412175895
Bearing3_2,1001,0.4012024048096192,0.5320738554000854,2.1648979788319096,-0.08669430394595176,1.6374234892383468
Bearing3_2,1002,0.40160320641282565,0.43573594093322754,2.2578576980329528,-0.09304393683114559,35.61828854635949
Bearing3_2,1003,0.4020040080160321,0.5343850255012512,2.341934319767602,-0.09052642120002213,20.404324436996518
Bearing3_2,1004,0.40240480961923847,0.5757356882095337,2.6980985112268545,-0.0841696152123676,2.65162713268847
Bearing3_2,1005,0.4028056112224449,0.5866571068763733,2.6314003201495884,-0.05841334334514607,9.595350577113965
Bearing3_2,1006,0.4032064128256513,0.5773775577545166,2.491101496377605,-0.04538858036035513,13.091228190822411
Bearing3_2,1007,0.4036072144288577,0.6316929459571838,2.2359806392263986,-0.02420403483531698,18.168447666868467
Bearing3_2,1008,0.40400801603206415,0.6180363893508911,2.163988225349323,-0.013524427364539914,1.4497900886595452
Bearing3_2,1009,0.40440881763527053,0.5306668281555176,2.125393240459267,-0.010305860621256116,5.16965376053619
Bearing3_2,1010,0.40480961923847697,0.4497711658477783,2.2534687708634196,-0.015433315070284585,18.469415024770274
Bearing3_2,1011,0.40521042084168335,0.48107075691223145,2.351103952671767,-0.02606621846042357,4.360665442867449
Bearing3_2,1012,0.4056112224448898,0.5499534010887146,2.2825600284531022,-0.036497608847145716,19.013066004257002
Bearing3_2,1013,0.40601202404809617,0.5691549777984619,2.1906593847334377,-0.04663607568984447,22.561645391615226
Bearing3_2,1014,0.4064128256513026,0.5735338926315308,2.193138736529746,-0.031061390155046966,12.164867793288607
Bearing3_2,1015,0.40681362725450904,0.6591880917549133,1.9319122014810368,-0.02806124624385003,35.87343352243908
Bearing3_2,1016,0.4072144288577154,0.6153950095176697,1.8735436858520433,-0.02911945060426313,7.145288870653919
Bearing3_2,1017,0.40761523046092185,0.5107521414756775,2.413492875381583,-0.010248388915259804,41.587681664440694
Bearing3_2,1018,0.40801603206412823,0.4918856918811798,2.7300715792201853,0.018939444347011527,20.881766298938114
Bearing3_2,1019,0.40841683366733467,0.6294901967048645,2.8344550251718608,0.04438630471251158,16.75665062879112
Bearing3_2,1020,0.4088176352705411,0.636570155620575,2.9602193169836526,0.07663671593453658,20.274605659167246
Bearing3_2,1021,0.4092184368737475,0.590933620929718,2.875307235548843,0.10219789791254988,25.51990859158973
Bearing3_2,1022,0.4096192384769539,0.4495529532432556,2.8492183005286593,0.11541247293698065,24.802486588360363
Bearing3_2,1023,0.4100200400801603,0.441167950630188,3.1413884746926,0.13156830821842985,9.205494235334918
Bearing3_2,1024,0.41042084168336673,0.47233954071998596,3.304480170354277,0.1452613553228861,1.0946041467570902
Bearing3_2,1025,0.41082164328657317,0.4410037398338318,3.8619010675999683,0.1584732710456839,3.0357637228120544
Bearing3_2,1026,0.41122244488977955,0.44139814376831055,4.363235256353241,0.1717456491601342,1.5534087908243095
Bearing3_2,1027,0.411623246492986,0.42905446887016296,4.438393511267123,0.19493610144456924,1.3436395138336812
Bearing3_2,1028,0.41202404809619236,0.5251177549362183,4.900768872280547,0.23990802475672762,17.3766618518048
Bearing3_2,1029,0.4124248496993988,0.4717567265033722,5.347676606706785,0.2899041476396973,18.32313944163904
Bearing3_2,1030,0.41282565130260523,0.44445720314979553,5.520281038581947,0.3272360519392507,7.210596828100003
Bearing3_2,1031,0.4132264529058116,0.43300819396972656,5.884295763113115,0.34773144824971935,6.641350789706283
Bearing3_2,1032,0.41362725450901805,0.445894330739975,6.044612517447023,0.3387595442490038,4.262399264588991
Bearing3_2,1033,0.41402805611222443,0.4259191155433655,6.032304226427785,0.30986223941673346,8.165626889923383
Bearing3_2,1034,0.41442885771543087,0.44346022605895996,6.02815953310044,0.2565702370624146,0.23062540360010192
Bearing3_2,1035,0.4148296593186373,0.45393264293670654,5.999578274567737,0.20586635481364696,0.8276233354452178
Bearing3_2,1036,0.4152304609218437,0.43782079219818115,5.956069483044317,0.16030030613239257,0.5364676598495272
Bearing3_2,1037,0.4156312625250501,0.44930076599121094,5.926701073043519,0.09883581297031006,0.36002043702367487
Bearing3_2,1038,0.4160320641282565,0.4412330090999603,5.711382233198547,0.03841158822634951,1.0863755291785469
Bearing3_2,1039,0.41643286573146293,0.4466068148612976,5.664933224762451,-0.004577986330170094,1.364705514067646
Bearing3_2,1040,0.4168336673346693,0.438711553812027,5.624730497774358,-0.042099009543522324,6.572950123214912
Bearing3_2,1041,0.41723446893787575,0.4306134581565857,5.671610495072626,-0.05406134774389014,1.9874751569659845
Bearing3_2,1042,0.4176352705410822,0.4166101813316345,5.683719364175952,-0.052097415303749464,0.8204646569044761
Bearing3_2,1043,0.41803607214428856,0.44346883893013,5.817134764216538,-0.03930236949575543,3.845865667176859
Bearing3_2,1044,0.418436873747495,0.46879661083221436,5.8706066194022055,-0.021258875236290477,8.180231014050893
Bearing3_2,1045,0.4188376753507014,0.43436694145202637,5.809459571079595,-0.006546359469957392,10.666773612377826
Bearing3_2,1046,0.4192384769539078,0.4363270699977875,5.806846604701542,0.007427513889201092,5.873517126159208
Bearing3_2,1047,0.41963927855711425,0.4362916946411133,5.661883110379593,0.013345155719748859,13.912960481275816
Bearing3_2,1048,0.42004008016032063,0.42249369621276855,5.494329053652664,-0.0010211892588500482,3.297722967821431
Bearing3_2,1049,0.42044088176352706,0.44122761487960815,5.330910617728083,-0.024766920037609687,0.9013678511511823
Bearing3_2,1050,0.42084168336673344,0.4275728762149811,5.207899336069271,-0.053853780014730485,2.492376503633336
Bearing3_2,1051,0.4212424849699399,0.4269530475139618,5.013108120133471,-0.08538778332355483,5.083960576005745
Bearing3_2,1052,0.4216432865731463,0.4246039390563965,4.790697103018132,-0.12026419174767107,1.886414100037697
Bearing3_2,1053,0.4220440881763527,0.44221794605255127,4.525790181941831,-0.14987119633496673,0.41832620574950957
Bearing3_2,1054,0.42244488977955913,0.43317678570747375,4.310322771196331,-0.17201351683206695,3.191864565996431
Bearing3_2,1055,0.4228456913827655,0.4366324543952942,4.176829027349508,-0.18660125266103614,2.413104839127899
Bearing3_2,1056,0.42324649298597194,0.4336621165275574,3.949006024983227,-0.19400043433239886,3.4048669811381838
Bearing3_2,1057,0.4236472945891784,0.44200170040130615,3.874136200277704,-0.19262837782469802,1.4311020799536949
Bearing3_2,1058,0.42404809619238476,0.4235136806964874,3.8143133003008556,-0.18401999952053705,1.6857793780800978
Bearing3_2,1059,0.4244488977955912,0.4470556378364563,3.732401688807723,-0.17041026237943646,2.947035660381071
Bearing3_2,1060,0.4248496993987976,0.44632890820503235,3.6559049802746246,-0.1497979592819971,1.8311341888110186
Bearing3_2,1061,0.425250501002004,0.49032753705978394,3.76702282597288,-0.11729871104771049,13.529486686359009
Bearing3_2,1062,0.42565130260521045,0.4418175518512726,3.692417989627078,-0.08859215449257402,20.313178529835497
Bearing3_2,1063,0.4260521042084168,0.42820093035697937,3.663831676449809,-0.06579283868684735,4.334632375898921
Bearing3_2,1064,0.42645290581162326,0.4538114666938782,3.509911628018042,-0.055305674051438034,15.750491297575625
Bearing3_2,1065,0.42685370741482964,0.47583383321762085,3.414023079327623,-0.04924642356252716,3.43185979366979
Bearing3_2,1066,0.4272545090180361,0.5105897784233093,3.6536443212463694,-0.03605899096886844,29.93571376801778
Bearing3_2,1067,0.4276553106212425,0.5539109110832214,3.5755160257985024,-0.028544281546833014,30.331379374006772
Bearing3_2,1068,0.4280561122244489,0.572088897228241,3.4698021051916443,-0.02716434082933486,4.539722736119693
Bearing3_2,1069,0.42845691382765533,0.6351898908615112,3.235395119505905,-0.039855116520186314,15.828462767083241
Bearing3_2,1070,0.4288577154308617,0.6586134433746338,2.9449146777306097,-0.0674657384609657,7.452969670141837
Bearing3_2,1071,0.42925851703406814,0.5250856280326843,2.801430900837978,-0.08687682757910777,28.565324835339958
Bearing3_2,1072,0.4296593186372745,0.4796920418739319,2.821937524672702,-0.09843888478828927,3.944568847757814
Bearing3_2,1073,0.43006012024048096,0.435583233833313,2.9728041592128496,-0.09312632868947,17.54314313403191
Bearing3_2,1074,0.4304609218436874,0.4675937294960022,2.9693910828162955,-0.08988518583819323,30.861788529984473
Bearing3_2,1075,0.4308617234468938,0.44785550236701965,3.417820222362252,-0.062025077467386176,48.47180458252734
Bearing3_2,1076,0.4312625250501002,0.43793749809265137,3.222543258318931,-0.028887716377506013,34.67472162318445
Bearing3_2,1077,0.4316633266533066,0.42361512780189514,3.4039761051800452,0.014162896213455161,7.1541762604030845
Bearing3_2,1078,0.432064128256513,0.4666692018508911,3.764308834702647,0.07189969838177933,13.213003483760732
Bearing3_2,1079,0.43246492985971946,0.4695815443992615,4.2598379744559685,0.13746845179988987,2.5721329439956278
Bearing3_2,1080,0.43286573146292584,0.4478524327278137,4.7308823270700495,0.1969476816064753,10.10986069420129
Bearing3_2,1081,0.4332665330661323,0.44046545028686523,4.941478669699843,0.23670030680197177,2.2818027451312934
Bearing3_2,1082,0.43366733466933866,0.4383581578731537,5.162443993462778,0.2639327213206478,3.283082636368511
Bearing3_2,1083,0.4340681362725451,0.44747060537338257,5.186066093549246,0.27414161428259476,2.5406690296556222
Bearing3_2,1084,0.4344689378757515,0.4299011826515198,5.49826415693579,0.2743245367078387,2.3615870953069207
Bearing3_2,1085,0.4348697394789579,0.43599939346313477,5.3103230331283875,0.2634983941179305,1.6349310926195328
Bearing3_2,1086,0.43527054108216434,0.424632728099823,5.4013726030585385,0.2216806994271894,6.418456985854565
Bearing3_2,1087,0.4356713426853707,0.42452624440193176,5.4130312130085,0.166184399376101,0.715849184672006
Bearing3_2,1088,0.43607214428857716,0.4257854223251343,5.2761680013824055,0.10289283207929657,1.5203918588080259
Bearing3_2,1089,0.4364729458917836,0.43101856112480164,5.162523567433746,0.048112187803032065,0.7488284635842625
Bearing3_2,1090,0.43687374749499,0.41654109954833984,5.08871518672026,0.009766945141179435,5.926812800521587
Bearing3_2,1091,0.4372745490981964,0.43440788984298706,5.04420187811172,-0.021303907992488647,5.109431423671406
Bearing3_2,1092,0.4376753507014028,0.4256390929222107,4.993613487043667,-0.0416482361264231,3.7433881243618536
Bearing3_2,1093,0.4380761523046092,0.42682600021362305,4.992859482367765,-0.05841245473486514,2.57949635736077
Bearing3_2,1094,0.43847695390781566,0.4257575273513794,4.979550388181985,-0.05274752139213787,3.563011023810528
Bearing3_2,1095,0.43887775551102204,0.43010032176971436,5.00783963514189,-0.05178150684780258,2.5018341587576813
Bearing3_2,1096,0.4392785571142285,0.42252546548843384,5.081180076023334,-0.03707866786020878,2.0808129902328854
Bearing3_2,1097,0.43967935871743485,0.43114036321640015,5.167903110560751,-0.012987119331059028,0.7279839189187235
Bearing3_2,1098,0.4400801603206413,0.4447665810585022,5.28796063237763,0.011500056915426344,1.849189072201744
Bearing3_2,1099,0.44048096192384767,0.44335684180259705,5.408988978790871,0.03486954275156911,0.4647194186863618
Bearing3_2,1100,0.4408817635270541,0.4498712420463562,5.617569302801978,0.06170811892430194,2.63564084420145
Bearing3_2,1101,0.44128256513026054,0.4567784070968628,5.785771994740686,0.08834348055516203,1.057427521074895
Bearing3_2,1102,0.4416833667334669,0.4508565664291382,5.842487992316067,0.10571115396282156,14.855273222929068
Bearing3_2,1103,0.44208416833667336,0.471760094165802,5.961305571755417,0.11922013132790184,8.77521442625564
Bearing3_2,1104,0.44248496993987974,0.4581240117549896,6.116869767656565,0.1285884150462637,0.3738738248884252
Bearing3_2,1105,0.44288577154308617,0.4569622874259949,6.203313765035871,0.1307720862435561,4.322217789199568
Bearing3_2,1106,0.4432865731462926,0.4449673593044281,6.272009843610984,0.12710158348378153,3.826860090054407
Bearing3_2,1107,0.443687374749499,0.44478875398635864,6.2965824070520915,0.11611863778889331,3.678715303748973
Bearing3_2,1108,0.4440881763527054,0.43311595916748047,6.254663283230684,0.09717206804921916,4.9378157415495965
Bearing3_2,1109,0.4444889779559118,0.432176411151886,6.1855468071572375,0.07080645724396036,2.6408046625480415
Bearing3_2,1110,0.44488977955911824,0.42516520619392395,5.938944038027906,0.03548231907643157,14.961894744424999
Bearing3_2,1111,0.4452905811623247,0.42895710468292236,5.650786612258917,-0.00824143540047278,2.9285586096336753
Bearing3_2,1112,0.44569138276553105,0.43410414457321167,5.657596700209298,-0.04617647757527921,14.674026392248665
Bearing3_2,1113,0.4460921843687375,0.43915340304374695,5.4410271579527745,-0.08576212533955431,13.658174561173189
Bearing3_2,1114,0.44649298597194387,0.4307714104652405,5.165874999419066,-0.12367872125101396,5.710689766521211
Bearing3_2,1115,0.4468937875751503,0.419206440448761,4.910467895150692,-0.15823647128834034,2.4882189472053824
Bearing3_2,1116,0.44729458917835674,0.44128182530403137,4.805393214911804,-0.17827496991992972,11.444239430242533
Bearing3_2,1117,0.4476953907815631,0.4250245690345764,4.57587636204968,-0.19141722746369225,16.28064398499835
Bearing3_2,1118,0.44809619238476955,0.43616342544555664,4.416850681020498,-0.1951711783486263,2.2489584265100984
Bearing3_2,1119,0.44849699398797593,0.4418274462223053,4.256571415086607,-0.1899988833292728,2.7714809229825557
Bearing3_2,1120,0.44889779559118237,0.41926321387290955,4.222754185952773,-0.17972982914922767,2.3153762390558486
Bearing3_2,1121,0.4492985971943888,0.417860209941864,4.242809941956822,-0.16677501845568057,2.5107132509947743
Bearing3_2,1122,0.4496993987975952,0.42201465368270874,4.091343934575954,-0.1445616002370998,2.481235710757027
Bearing3_2,1123,0.4501002004008016,0.42506858706474304,4.092229724660323,-0.11775295367182653,1.7103799927371626
Bearing3_2,1124,0.450501002004008,0.4195229113101959,4.159866644864509,-0.08924943798805761,1.0667069054095568
Bearing3_2,1125,0.45090180360721444,0.4243096709251404,4.272893870373268,-0.05941390053619274,2.2321956920448796
Bearing3_2,1126,0.4513026052104208,0.41354629397392273,4.264886346400639,-0.029291945804489006,1.0462616470825477
Bearing3_2,1127,0.45170340681362725,0.43611401319503784,4.366156918929449,-0.0023956667800685517,5.4236320561304066
Bearing3_2,1128,0.4521042084168337,0.43094977736473083,4.430390059372935,0.01994457987411452,1.5211666704277864
Bearing3_2,1129,0.45250501002004007,0.4194110631942749,4.553907386779944,0.03817273722336065,3.0404113353318185
Bearing3_2,1130,0.4529058116232465,0.4340716302394867,4.657716467757128,0.056204653754035945,4.339232214864326
Bearing3_2,1131,0.4533066132264529,0.4207610487937927,4.780462931774228,0.07699661227616415,4.215120543678135
Bearing3_2,1132,0.4537074148296593,0.44418632984161377,4.925180852721631,0.08906753581466972,0.6489548309215336
Bearing3_2,1133,0.45410821643286575,0.43873047828674316,4.976171364333493,0.09387169849949932,7.7900910482228145
Bearing3_2,1134,0.45450901803607213,0.4268017113208771,4.959162827893271,0.09154280672940596,5.845413704208656
Bearing3_2,1135,0.45490981963927857,0.4330809712409973,4.916857511550175,0.08475306203477294,0.400075262206096
Bearing3_2,1136,0.45531062124248495,0.4312756657600403,4.885348779972274,0.06790520442951054,0.4064122984718183
Bearing3_2,1137,0.4557114228456914,0.4234165549278259,4.86587973080901,0.049226013419425535,4.0275049953222775
Bearing3_2,1138,0.4561122244488978,0.41329243779182434,4.9026455922968575,0.030777196194248707,4.215476330938223
Bearing3_2,1139,0.4565130260521042,0.42893660068511963,4.968656690605198,0.018439163335158645,5.914169906520355
Bearing3_2,1140,0.45691382765531063,0.41814127564430237,4.976867488180807,0.008442333271698884,10.132154349062377
Bearing3_2,1141,0.457314629258517,0.4362047016620636,4.9455500605421605,0.0010518802663780674,0.8738760564162932
Bearing3_2,1142,0.45771543086172345,0.4341452717781067,4.84126377805231,-0.004380110129991756,7.844739468492807
Bearing3_2,1143,0.4581162324649299,0.43209776282310486,4.792836203742082,-0.008037060476197518,2.1422614730862337
Bearing3_2,1144,0.45851703406813626,0.43160438537597656,4.807565275998196,-0.009802264939703835,0.5511396727121795
Bearing3_2,1145,0.4589178356713427,0.4329220950603485,4.786067209286893,-0.013722899563123125,4.016672970470977
Bearing3_2,1146,0.4593186372745491,0.4229983985424042,4.817406185948457,-0.01644938056761073,5.669393803254549
Bearing3_2,1147,0.4597194388777555,0.41923925280570984,4.817140970466439,-0.019664717887773634,7.323877480193933
Bearing3_2,1148,0.46012024048096195,0.4315476417541504,4.75286651565237,-0.023344104276270854,2.2240397405569126
Bearing3_2,1149,0.46052104208416833,0.4393676817417145,4.653335922508251,-0.026236188262442877,2.4851765261120504
Bearing3_2,1150,0.46092184368737477,0.44279879331588745,4.7501350210762325,-0.019478864996266873,9.550847751151075
Bearing3_2,1151,0.46132264529058115,0.41593942046165466,4.721806051577786,-0.013606314428890744,12.30230778326119
Bearing3_2,1152,0.4617234468937876,0.42899230122566223,4.808235332164191,-0.007259809705041665,3.7533401100539256
Bearing3_2,1153,0.46212424849699396,0.42216598987579346,4.871557843098575,-0.00028750999468842784,4.477608063622808
Bearing3_2,1154,0.4625250501002004,0.4328120946884155,4.895428727240654,0.008014574402834387,3.474189928668426
Bearing3_2,1155,0.46292585170340683,0.4178992211818695,4.900833589280614,0.014113253479450444,5.822872632623945
Bearing3_2,1156,0.4633266533066132,0.4349586069583893,4.894807239030877,0.020581380016927876,4.328576197844872
Bearing3_2,1157,0.46372745490981965,0.41977253556251526,4.928538191318248,0.027933501064219268,3.302425142769067
Bearing3_2,1158,0.464128256513026,0.4196198880672455,4.987317802209029,0.03285654970762369,0.44333019264120055
Bearing3_2,1159,0.46452905811623246,0.42779549956321716,4.991900972306956,0.028552382794559756,3.035920621222157
Bearing3_2,1160,0.4649298597194389,0.4307856559753418,4.959203453705184,0.02481416931928029,5.798164150309934
Bearing3_2,1161,0.4653306613226453,0.42688044905662537,5.058318721122572,0.022059482371368594,0.9270569485283325
Bearing3_2,1162,0.4657314629258517,0.43319353461265564,5.146698199147031,0.025808504814856956,2.655563170688058
Bearing3_2,1163,0.4661322645290581,0.4168681502342224,5.187572691302885,0.03190596553540729,9.21623272459558
Bearing3_2,1164,0.46653306613226453,0.42193603515625,5.2581470055687,0.03961384357442183,0.7040336532003284
Bearing3_2,1165,0.46693386773547096,0.43908292055130005,5.378349864864156,0.04984198015551255,1.0215598279221716
Bearing3_2,1166,0.46733466933867734,0.4330861270427704,5.424309447082162,0.05638717028840846,3.0255859442157007
Bearing3_2,1167,0.4677354709418838,0.4167743921279907,5.460852661164474,0.060756148214027555,4.296507570882597
Bearing3_2,1168,0.46813627254509016,0.4265842139720917,5.500278753721347,0.06474198440096783,0.697607858699404
Bearing3_2,1169,0.4685370741482966,0.40782132744789124,5.539347480838677,0.06494667823705068,3.0651804146279353
Bearing3_2,1170,0.46893787575150303,0.42736250162124634,5.540161651595204,0.05638023155874452,1.985643418315991
Bearing3_2,1171,0.4693386773547094,0.4214061200618744,5.472486929482616,0.043688203345880416,5.8008379607154295
Bearing3_2,1172,0.46973947895791585,0.4582138657569885,5.504114446452794,0.03359305691653487,12.604561506974028
Bearing3_2,1173,0.4701402805611222,0.42391425371170044,5.536243496546989,0.023643052123253672,9.309929236679805
Bearing3_2,1174,0.47054108216432866,0.4257728159427643,5.569627819244152,0.015992651879731448,0.5935540400303413
Bearing3_2,1175,0.4709418837675351,0.4311031699180603,5.597438489694642,0.014097196235927513,1.574401747808058
Bearing3_2,1176,0.4713426853707415,0.42999032139778137,5.647342129373039,0.015332109754806362,0.9832331796386848
Bearing3_2,1177,0.4717434869739479,0.43769630789756775,5.7348413442545905,0.021072495541913414,0.6524742332391671
Bearing3_2,1178,0.4721442885771543,0.42945152521133423,5.801961016943883,0.029781285608711402,1.5852597966744955
Bearing3_2,1179,0.4725450901803607,0.4406976103782654,5.899015894268347,0.042731805177119844,0.6102116726759722
Bearing3_2,1180,0.4729458917835671,0.42213529348373413,5.937880792998923,0.05349688923060493,3.8996038755164495
Bearing3_2,1181,0.47334669338677354,0.4189601242542267,5.980437084127905,0.057250739309029,5.387880339566881
Bearing3_2,1182,0.47374749498998,0.438493549823761,5.989655282084171,0.05745892974495474,9.38125666197501
Bearing3_2,1183,0.47414829659318636,0.41195061802864075,5.940010031022877,0.051215790606466784,15.119913570096973
Bearing3_2,1184,0.4745490981963928,0.4217252731323242,5.840269649143089,0.03686374870312385,5.373865087356773
Bearing3_2,1185,0.4749498997995992,0.42301657795906067,5.804165570517048,0.019115931087799975,4.926657850769622
Bearing3_2,1186,0.4753507014028056,0.39932113885879517,5.693968906131735,-0.0038214871617679334,8.227250249129657
Bearing3_2,1187,0.47575150300601204,0.4415673017501831,5.7908752351362285,-0.016204997706971477,20.204952822672173
Bearing3_2,1188,0.4761523046092184,0.4055682420730591,5.687647641850682,-0.030423658080968807,21.556634637222402
Bearing3_2,1189,0.47655310621242486,0.4064551293849945,5.541151805492037,-0.04477705861540435,4.358242066462695
Bearing3_2,1190,0.47695390781563124,0.42435646057128906,5.299938318749065,-0.06535881864740219,13.301545480769478
Bearing3_2,1191,0.4773547094188377,0.4117157459259033,5.300587104079453,-0.07533546826187279,18.64490991950596
Bearing3_2,1192,0.4777555110220441,0.42583322525024414,5.176485687069364,-0.0832261337277068,3.1731800774472174
Bearing3_2,1193,0.4781563126252505,0.43151307106018066,5.009683744160187,-0.09366816924097851,19.311243386584295
Bearing3_2,1194,0.4785571142284569,0.4516417384147644,4.9073990643349035,-0.10506204563534012,1.1729540331031758
Bearing3_2,1195,0.4789579158316633,0.45708441734313965,4.5934565444021445,-0.1246794758155497,16.111575890522627
Bearing3_2,1196,0.47935871743486974,0.4326324760913849,4.376550551295342,-0.14879932535315232,1.63680419311001
Bearing3_2,1197,0.4797595190380762,0.4408019781112671,3.9826535957295106,-0.17197533411118085,2.73201292676949
Bearing3_2,1198,0.48016032064128256,0.44045883417129517,3.7439922663795593,-0.19313323505997984,5.7604496949815704
Bearing3_2,1199,0.480561122244489,0.43487757444381714,3.5186675385313313,-0.21278850570354801,2.9062760181220177
Bearing3_2,1200,0.48096192384769537,0.43857520818710327,3.4074443902977727,-0.23007643182804524,1.6299592485295331
Bearing3_2,1201,0.4813627254509018,0.4491208791732788,3.1414098585083323,-0.2388927597135614,3.4953380239839587
Bearing3_2,1202,0.48176352705410824,0.4303778409957886,2.819285509673898,-0.2473810890262208,8.50794703647756
Bearing3_2,1203,0.4821643286573146,0.4296118915081024,2.7534820530743485,-0.242006703954674,6.5225359484996055
Bearing3_2,1204,0.48256513026052106,0.43363094329833984,2.7281950784453257,-0.2174826877774765,5.458018454798329
Bearing3_2,1205,0.48296593186372744,0.44041794538497925,2.801148751663603,-0.1834942878943196,6.088377429685972
Bearing3_2,1206,0.4833667334669339,0.42862167954444885,2.856974934328963,-0.13919628010031126,0.3106598577617851
Bearing3_2,1207,0.48376753507014025,0.4408031404018402,2.8320732244922566,-0.10409724603855589,5.484190819393775
Bearing3_2,1208,0.4841683366733467,0.4489864706993103,2.833082284798786,-0.07090749887144408,3.119327966896447
Bearing3_2,1209,0.4845691382765531,0.4293277859687805,2.949078978208733,-0.035370974749662214,8.72873930681704
Bearing3_2,1210,0.4849699398797595,0.4308401346206665,3.085539048523023,0.0070980531472994235,0.5808140902818344
Bearing3_2,1211,0.48537074148296594,0.42681366205215454,3.1999616241437367,0.04197455991972819,1.2505180444800708
Bearing3_2,1212,0.4857715430861723,0.41236478090286255,3.372751233931266,0.06409127953844895,2.8616409348454837
Bearing3_2,1213,0.48617234468937875,0.43184539675712585,3.450819844996827,0.07937071448129251,3.0600186077994227
Bearing3_2,1214,0.4865731462925852,0.43774235248565674,3.4652006813217193,0.08529618107358959,1.1940605151384651
Bearing3_2,1215,0.48697394789579157,0.435584157705307,3.50465180154119,0.08930370391815028,3.8591220741919527
Bearing3_2,1216,0.487374749498998,0.45733290910720825,3.563238955812884,0.0917013255385233,1.848899539318358
Bearing3_2,1217,0.4877755511022044,0.429949551820755,3.6806872115780047,0.09028432564807495,1.0599869263896902
Bearing3_2,1218,0.4881763527054108,0.43251073360443115,3.8271299691644907,0.08663615307567933,0.6817487987308327
Bearing3_2,1219,0.48857715430861726,0.42193520069122314,3.9031342983431343,0.08281772123895523,1.582820076685355
Bearing3_2,1220,0.48897795591182364,0.4711383581161499,4.104378179479927,0.08750925948356156,12.571566575936725
Bearing3_2,1221,0.48937875751503007,0.4437108635902405,4.165865314740728,0.09083324795399365,12.931305463289387
Bearing3_2,1222,0.48977955911823645,0.42675814032554626,4.216606650040513,0.09673632941937668,3.9139771779444836
Bearing3_2,1223,0.4901803607214429,0.4215201437473297,4.3327815964984095,0.10395224971884302,3.326504271364349
Bearing3_2,1224,0.4905811623246493,0.43642574548721313,4.4793567079747145,0.10943145304774814,1.8461343305601832
Bearing3_2,1225,0.4909819639278557,0.5161453485488892,4.918192911918295,0.12918445094998907,25.227381563544203
Bearing3_2,1226,0.49138276553106214,0.4908573031425476,5.2049981659870275,0.15135335044527862,13.702282123833704
Bearing3_2,1227,0.4917835671342685,0.4460873305797577,5.463303929397332,0.17554142729669409,2.7183305808013296
Bearing3_2,1228,0.49218436873747495,0.43990233540534973,5.681566447746269,0.19979010755994667,4.574161434257649
Bearing3_2,1229,0.4925851703406814,0.48489290475845337,5.943787592283343,0.22093069669977616,5.813671948934093
Bearing3_2,1230,0.49298597194388777,0.45563822984695435,6.07453038397531,0.23788377814173903,0.6326307331172502
Bearing3_2,1231,0.4933867735470942,0.4907892048358917,6.384146795758879,0.25194353706812705,4.7952091673930655
Bearing3_2,1232,0.4937875751503006,0.4891875684261322,6.690559133696685,0.259211191556343,4.1892652446197705
Bearing3_2,1233,0.494188376753507,0.49579325318336487,6.987096314758283,0.2604112949735219,2.5086104602837382
Bearing3_2,1234,0.4945891783567134,0.5063736438751221,7.24822597587657,0.2534529968136353,1.8050224211976793
Bearing3_2,1235,0.49498997995991983,0.5084750056266785,7.248830424792426,0.24222136379204193,0.6507697231076219
Bearing3_2,1236,0.49539078156312627,0.5130249261856079,7.371520029486691,0.22855208962654658,1.2271709827453865
Bearing3_2,1237,0.49579158316633265,0.5068216919898987,7.498076421926017,0.21274540456691768,1.9432755673533884
Bearing3_2,1238,0.4961923847695391,0.49844932556152344,7.674735617788057,0.19646160120146633,0.9272220815905677
Bearing3_2,1239,0.49659318637274547,0.5022834539413452,7.771804581917317,0.17879425193897,1.875536313150117
Bearing3_2,1240,0.4969939879759519,0.4942959249019623,7.838173630113299,0.15130543699833748,3.2819805759013976
Bearing3_2,1241,0.49739478957915834,0.4805764853954315,7.827517207359405,0.12249896286108813,2.5281045848594417
Bearing3_2,1242,0.4977955911823647,0.49656951427459717,7.8395947195372795,0.09728335238272177,1.7616980933888755
Bearing3_2,1243,0.49819639278557115,0.5201792120933533,7.882888678791417,0.08027067192425617,5.788284076389159
Bearing3_2,1244,0.49859719438877753,0.4512973427772522,7.7425105934364,0.06215155980542537,19.826972483627028
Bearing3_2,1245,0.49899799599198397,0.43606263399124146,7.583365976437942,0.029400800110646854,2.2686340905923625
Bearing3_2,1246,0.4993987975951904,0.4375978112220764,7.43383784838317,-0.007381708700174455,0.4654912444589749
Bearing3_2,1247,0.4997995991983968,0.4632570743560791,7.3297041021180735,-0.042162514707033596,2.695706031216372
Bearing3_2,1248,0.5002004008016032,0.46346715092658997,7.195470550086602,-0.0704469944968316,2.3795899306673722
Bearing3_2,1249,0.5006012024048097,0.4704696834087372,7.137610822255321,-0.08960692161788268,5.705459819517798
Bearing3_2,1250,0.501002004008016,0.48715823888778687,7.1131207694820215,-0.09799086949941806,0.46426038397491437
Bearing3_2,1251,0.5014028056112224,0.48333442211151123,7.082281368983068,-0.09997887515986775,3.3975078422489577
Bearing3_2,1252,0.5018036072144288,0.47819608449935913,7.055501501451249,-0.09358927171169368,1.5214334480129124
Bearing3_2,1253,0.5022044088176353,0.46659302711486816,6.955764284326003,-0.08024945593721435,1.6618502333015241
Bearing3_2,1254,0.5026052104208417,0.45436006784439087,7.03193715276778,-0.06087542400514941,2.35792814392261
Bearing3_2,1255,0.503006012024048,0.47794270515441895,7.139873088518772,-0.03761060712694431,0.8388088845987678
Bearing3_2,1256,0.5034068136272545,0.4737374782562256,7.241598450043971,-0.013390004667147406,0.963438584550045
Bearing3_2,1257,0.5038076152304609,0.458731472492218,7.276919882040874,0.008145146130434107,3.9760083724411213
Bearing3_2,1258,0.5042084168336673,0.42217788100242615,7.1290016704291475,0.01330293609954702,20.64226691047104
Bearing3_2,1259,0.5046092184368738,0.4571665823459625,7.057002763023138,0.011481881138458298,13.234489514113408
Bearing3_2,1260,0.5050100200400801,0.46830499172210693,7.01219327795585,0.006561069646172502,2.605592535709003
Bearing3_2,1261,0.5054108216432865,0.4933943748474121,6.992972225999766,-0.0002407593615126819,0.985959289514214
Bearing3_2,1262,0.505811623246493,0.45429980754852295,6.918672867627497,-0.011798070079705944,7.177918711160022
Bearing3_2,1263,0.5062124248496994,0.46070486307144165,6.813352028475462,-0.03409077275607202,4.723368302108391
Bearing3_2,1264,0.5066132264529059,0.4397300183773041,6.7526590494068985,-0.05288960117217414,2.0883828356408065
Bearing3_2,1265,0.5070140280561122,0.4297402799129486,6.62844014444688,-0.06788308804074593,5.762471773529717
Bearing3_2,1266,0.5074148296593186,0.41489458084106445,6.395860560851544,-0.08258185604529983,11.65513905467325
Bearing3_2,1267,0.507815631262525,0.4125077724456787,6.132769076606808,-0.09902493815804672,7.12928925585963
Bearing3_2,1268,0.5082164328657315,0.48121631145477295,6.306851772202277,-0.1019653200071671,22.81697341583994
Bearing3_2,1269,0.5086172344689379,0.42652565240859985,6.063930515875784,-0.11299042604992873,28.42123174932361
Bearing3_2,1270,0.5090180360721442,0.42090415954589844,5.717166994773015,-0.1338799656161472,7.87039084990599
Bearing3_2,1271,0.5094188376753507,0.4329569637775421,5.420526375591056,-0.15653401777502557,4.14887949328351
Bearing3_2,1272,0.5098196392785571,0.4265945255756378,5.0882673169646795,-0.18320463216975197,10.56901785681172
Bearing3_2,1273,0.5102204408817635,0.4264287054538727,4.835570424559249,-0.20849336875233065,3.1886363309206223
Bearing3_2,1274,0.51062124248497,0.42949172854423523,4.486050554715259,-0.23291991376228924,7.553154836666932
Bearing3_2,1275,0.5110220440881763,0.41993075609207153,4.263479968633954,-0.25029389052927004,7.054485424445716
Bearing3_2,1276,0.5114228456913827,0.4343434274196625,4.298770506202799,-0.2525820505071797,13.928287243272933
Bearing3_2,1277,0.5118236472945892,0.42641758918762207,4.452753432305519,-0.23859130068187784,4.698100617768632
Bearing3_2,1278,0.5122244488977956,0.4436337649822235,4.355507798008424,-0.19793551915064342,2.3664579863333692
Bearing3_2,1279,0.512625250501002,0.4287305474281311,4.5576137510940224,-0.13879787273112615,1.4200890184753536
Bearing3_2,1280,0.5130260521042084,0.4480181038379669,4.814844108905679,-0.07048866256774237,2.5992917067686894
Bearing3_2,1281,0.5134268537074148,0.44103705883026123,5.0318690419885,0.0008194770409657275,0.3289477943798562
Bearing3_2,1282,0.5138276553106212,0.4341322183609009,5.34092066087444,0.07154537175445219,1.6072567526190438
Bearing3_2,1283,0.5142284569138277,0.44097602367401123,5.61187032393306,0.13714141473004965,0.7868340861544507
Bearing3_2,1284,0.5146292585170341,0.44713884592056274,5.934800632194718,0.18764081775003147,2.687519906957231
Bearing3_2,1285,0.5150300601202404,0.42301565408706665,6.139770528338113,0.2169217508514514,4.798732341307096
Bearing3_2,1286,0.5154308617234469,0.4285418391227722,6.236270526350262,0.23107610683746713,3.187962975243933
Bearing3_2,1287,0.5158316633266533,0.434399276971817,6.23250207498859,0.23180559060881586,5.518663713339062
Bearing3_2,1288,0.5162324649298597,0.4367797374725342,6.217500039852411,0.20366102844768097,3.354330355259865
Bearing3_2,1289,0.5166332665330662,0.43714994192123413,6.186091209688806,0.1647073846427956,0.3608997532935937
Bearing3_2,1290,0.5170340681362725,0.4223862886428833,6.200288125438632,0.12393768787116533,2.23266311855831
Bearing3_2,1291,0.5174348697394789,0.4448418915271759,6.194781617981067,0.08054270421303221,1.8940141182167918
Bearing3_2,1292,0.5178356713426854,0.4351001977920532,6.190716535472482,0.043433520028735094,1.3768142242992263
Bearing3_2,1293,0.5182364729458918,0.4282439053058624,6.134082889023375,0.010997982671145696,5.964792273356758
Bearing3_2,1294,0.5186372745490982,0.44702744483947754,6.126526174142303,-0.006650901190880276,2.4451488249937157
Bearing3_2,1295,0.5190380761523046,0.4223189353942871,6.141640188946265,-0.012134670465525474,2.689842707458074
Bearing3_2,1296,0.519438877755511,0.4394267797470093,6.119101938274864,-0.012437128219717774,0.7813966384892795
Bearing3_2,1297,0.5198396793587174,0.4477359354496002,6.14785562094305,-0.010002208063691445,0.3480811343302459
Bearing3_2,1298,0.5202404809619239,0.4344596862792969,6.198822379279131,-0.004761400958466047,1.1975779059380203
Bearing3_2,1299,0.5206412825651303,0.43440544605255127,6.233254408485931,0.0004899907055963579,1.8732280961553416
Bearing3_2,1300,0.5210420841683366,0.43084266781806946,6.249393274964934,0.006996470090657953,0.41453961725714045
Bearing3_2,1301,0.5214428857715431,0.44875603914260864,6.265025713481238,0.013393313509422073,2.0823599733549285
Bearing3_2,1302,0.5218436873747495,0.4484362304210663,6.319476785416585,0.021637766314994308,2.577431534053461
Bearing3_2,1303,0.522244488977956,0.43897703289985657,6.398098389258135,0.028834363506903354,3.5526411452377027
Bearing3_2,1304,0.5226452905811623,0.4346476197242737,6.417988897694168,0.033411928648891115,3.425204434668187
Bearing3_2,1305,0.5230460921843687,0.4762847423553467,6.513231305255215,0.040659253692632,4.892455003126339
Bearing3_2,1306,0.5234468937875751,0.48446691036224365,6.641319841629015,0.04888654138704492,2.6294315393336958
Bearing3_2,1307,0.5238476953907816,0.47598138451576233,6.7469338305688185,0.0584615903123668,2.463312078920906
Bearing3_2,1308,0.524248496993988,0.47627347707748413,6.838597011225792,0.06917267892470756,2.4348790194452823
Bearing3_2,1309,0.5246492985971943,0.4685337245464325,6.936678348627021,0.07977428325821526,1.181869206945797
Bearing3_2,1310,0.5250501002004008,0.455060750246048,6.981820188068667,0.08538774338543,4.7992327064290565
Bearing3_2,1311,0.5254509018036072,0.4683661460876465,7.042919604772573,0.0864981595599601,0.4822817944476192
Bearing3_2,1312,0.5258517034068136,0.47115465998649597,7.044031923594057,0.08187030226842655,3.2489159960506355
Bearing3_2,1313,0.5262525050100201,0.5095891952514648,7.157802120318976,0.07990704580371957,7.811302003478292
Bearing3_2,1314,0.5266533066132264,0.45714184641838074,7.2220051391117845,0.0735632760045275,8.340235710945606
Bearing3_2,1315,0.5270541082164328,0.46812769770622253,7.259481870684885,0.06586753399014868,2.394271498240896
Bearing3_2,1316,0.5274549098196393,0.4684794545173645,7.239665216206485,0.0565846579087811,2.9728917137587145
Bearing3_2,1317,0.5278557114228457,0.498701810836792,7.2434295163418625,0.04729536867833047,0.47128429080441425
Bearing3_2,1318,0.5282565130260521,0.49487218260765076,7.291938183604756,0.04074475593907175,2.1081032560003115
Bearing3_2,1319,0.5286573146292585,0.5122842788696289,7.335825915290551,0.03763173078664783,1.8118835836426619
Bearing3_2,1320,0.5290581162324649,0.504306435585022,7.428298748817754,0.03773398201165348,0.47540938007338646
Bearing3_2,1321,0.5294589178356713,0.4673987627029419,7.439317516622154,0.0370986900395948,8.22536696532891
Bearing3_2,1322,0.5298597194388778,0.4444003105163574,7.315867107170912,0.024999070784360262,16.609297877728995
Bearing3_2,1323,0.5302605210420842,0.44190552830696106,7.140273376662182,0.007611319542712598,2.718887771309001
Bearing3_2,1324,0.5306613226452905,0.433075875043869,7.0359028417372595,-0.010976699094630962,1.248391241271976
Bearing3_2,1325,0.531062124248497,0.44199293851852417,6.9239122696396125,-0.030919060197584624,1.6968417217513558
Bearing3_2,1326,0.5314629258517034,0.4413219690322876,6.811261214751535,-0.05425962427729316,3.132588899827217
Bearing3_2,1327,0.5318637274549098,0.4362925589084625,6.554136674581659,-0.08618143415778855,14.5421995434734
Bearing3_2,1328,0.5322645290581163,0.42389819025993347,6.1943329854266285,-0.1261399239109084,8.15763613435759
Bearing3_2,1329,0.5326653306613226,0.4157305657863617,5.934145321144752,-0.16406031386788822,8.276181935021302
Bearing3_2,1330,0.533066132264529,0.4186508059501648,5.61851362906051,-0.19604205456224583,5.594916843528346
Bearing3_2,1331,0.5334669338677355,0.4137081503868103,5.402155880338411,-0.21715375315439744,1.7845993524294708
Bearing3_2,1332,0.5338677354709419,0.41679173707962036,5.291433208895695,-0.22784202916703766,6.369130539540065
Bearing3_2,1333,0.5342685370741483,0.41246291995048523,5.137303132688723,-0.23410505623972844,1.821242422941414
Bearing3_2,1334,0.5346693386773547,0.4372072219848633,4.9384635237663455,-0.23389348862471396,5.9176453068800265
Bearing3_2,1335,0.5350701402805611,0.4274732768535614,4.797644871738845,-0.22340546964836483,7.3565757123146955
Bearing3_2,1336,0.5354709418837675,0.41660401225090027,4.683275649157946,-0.20089290407320007,0.621169480267102
Bearing3_2,1337,0.535871743486974,0.4317333400249481,4.800694151828529,-0.16332356447770924,8.506825615148944
Bearing3_2,1338,0.5362725450901804,0.434436559677124,5.071351860992775,-0.11372414095931462,6.870255009575769
Bearing3_2,1339,0.5366733466933867,0.44370123744010925,5.257190964257201,-0.0577219909491206,0.4836310516285659
Bearing3_2,1340,0.5370741482965932,0.4654214382171631,5.497333166138985,-0.001457780831141719,0.4490209972943196
Bearing3_2,1341,0.5374749498997996,0.4592948257923126,5.698676463308468,0.052833795131838994,2.4692895563301436
Bearing3_2,1342,0.537875751503006,0.4684557020664215,5.975844768382671,0.11126794196668541,1.2462957423139738
Bearing3_2,1343,0.5382765531062125,0.44272875785827637,6.204162448826109,0.16358454435753367,6.711343069877058
Bearing3_2,1344,0.5386773547094188,0.4504798948764801,6.500845619672144,0.20589626315561452,1.1539933379778449
Bearing3_2,1345,0.5390781563126252,0.4716809391975403,6.707203792686916,0.23113800736593088,1.750192838580766
Bearing3_2,1346,0.5394789579158317,0.4532645344734192,6.940305306585738,0.23832359602960093,2.2881832804754576
Bearing3_2,1347,0.5398797595190381,0.47746363282203674,7.071519728742679,0.23313629992923038,1.5663881112241262
Bearing3_2,1348,0.5402805611222445,0.45381930470466614,7.113738747137944,0.2207705481472586,1.933967267446352
Bearing3_2,1349,0.5406813627254509,0.4801957309246063,7.171936935912685,0.19921231189614144,1.6988396620825637
Bearing3_2,1350,0.5410821643286573,0.47780004143714905,7.201603428344532,0.1720726860042683,3.117612141975712
Bearing3_2,1351,0.5414829659318637,0.461203396320343,7.227393603262323,0.13910486204399125,2.61802472319154
Bearing3_2,1352,0.5418837675350702,0.47008875012397766,7.246205508952204,0.10711112430866844,0.7777023598187195
Bearing3_2,1353,0.5422845691382766,0.47717294096946716,7.329591729907679,0.07948859258751549,0.3511497994485046
Bearing3_2,1354,0.5426853707414829,0.4912208616733551,7.400598187457412,0.0618764513820646,0.470932212280783
Bearing3_2,1355,0.5430861723446894,0.45840901136398315,7.420993930056737,0.0482279250310736,6.62464865222317
Bearing3_2,1356,0.5434869739478958,0.4867843687534332,7.450626228316241,0.043083805119373125,3.248767646592366
Bearing3_2,1357,0.5438877755511022,0.48706144094467163,7.481041374274544,0.0421606131706428,1.3770502005137795
Bearing3_2,1358,0.5442885771543087,0.48094451427459717,7.509009439959543,0.04061365457008931,1.9445447095408754
Bearing3_2,1359,0.544689378757515,0.48642095923423767,7.525473147576409,0.0390534357236615,0.6403659001672263
Bearing3_2,1360,0.5450901803607214,0.4860546588897705,7.552770576344182,0.036674646285311446,1.8951615635605454
Bearing3_2,1361,0.5454909819639279,0.46891289949417114,7.572209363536722,0.032818927833805384,3.4125688324199888
Bearing3_2,1362,0.5458917835671343,0.4866001009941101,7.588589762462355,0.02693122776030293,0.6548650481950302
Bearing3_2,1363,0.5462925851703406,0.47827383875846863,7.555602383366583,0.020653185333030632,5.0009346644470405
Bearing3_2,1364,0.5466933867735471,0.4561409056186676,7.507677172705167,0.013755281270464421,1.5629389863193512
Bearing3_2,1365,0.5470941883767535,0.4645141363143921,7.500123838532042,0.0065071662414675656,2.6349883580248226
Bearing3_2,1366,0.5474949899799599,0.45258235931396484,7.409905682159399,-0.004645602990255642,4.953715786199012
Bearing3_2,1367,0.5478957915831664,0.43390047550201416,7.3314657693899905,-0.01755565414361318,0.4123252815826725
Bearing3_2,1368,0.5482965931863727,0.43423953652381897,7.200166134329,-0.03394992822572719,7.227299971342154
Bearing3_2,1369,0.5486973947895791,0.42729881405830383,7.035982104196958,-0.05445855913294282,2.872645950251512
Bearing3_2,1370,0.5490981963927856,0.4297487735748291,6.874147989243056,-0.07604145204852641,1.7505160643919624
Bearing3_2,1371,0.549498997995992,0.4291105270385742,6.738165263802524,-0.09551993705892574,1.0533743750071896
Bearing3_2,1372,0.5498997995991984,0.43455061316490173,6.618337289952242,-0.11033284132388371,2.173601176184908
Bearing3_2,1373,0.5503006012024048,0.46763741970062256,6.595514726784541,-0.11682913524667549,4.519249002239889
Bearing3_2,1374,0.5507014028056112,0.4650612473487854,6.614763933727234,-0.11383306033084457,2.424138267226782
Bearing3_2,1375,0.5511022044088176,0.475173681974411,6.633355408367493,-0.099503269816142,2.8525342896257904
Bearing3_2,1376,0.5515030060120241,0.4888179302215576,6.705459253319819,-0.07674880206022149,0.28155840854472763
Bearing3_2,1377,0.5519038076152305,0.4758898913860321,6.791947956712311,-0.04596735159067617,1.103515423283435
Bearing3_2,1378,0.5523046092184368,0.49042820930480957,6.9483561043916,-0.008868246764778959,0.49302421245452793
Bearing3_2,1379,0.5527054108216433,0.48927056789398193,7.122080756432925,0.029813388950780492,1.229938957340919
Bearing3_2,1380,0.5531062124248497,0.47741031646728516,7.282058813370495,0.06538853947526886,3.011406753282216
Bearing3_2,1381,0.5535070140280561,0.4826582670211792,7.432610429162919,0.09516570766055173,1.6933116332439317
Bearing3_2,1382,0.5539078156312626,0.5230849981307983,7.58103587925117,0.11663276074110952,1.8253493142577721
Bearing3_2,1383,0.5543086172344689,0.49116528034210205,7.661305720603055,0.12928759078363336,2.1083870057692224
Bearing3_2,1384,0.5547094188376753,0.48404061794281006,7.684297621325965,0.13156112625184682,3.0312018512503753
Bearing3_2,1385,0.5551102204408818,0.5017147064208984,7.763272570977809,0.12641777319104194,3.0494430515030975
Bearing3_2,1386,0.5555110220440882,0.5003120303153992,7.800257020936838,0.11440271115378996,3.75964068755448
Bearing3_2,1387,0.5559118236472946,0.48656827211380005,7.765899485237938,0.09300923930316382,5.858507178259412
Bearing3_2,1388,0.556312625250501,0.45111313462257385,7.700911366016342,0.0666926977217896,3.195489573013172
Bearing3_2,1389,0.5567134268537074,0.4591470956802368,7.619406964908068,0.03839022304484337,2.790863156865157
Bearing3_2,1390,0.5571142284569138,0.4359115660190582,7.524291210251259,0.009536623625180192,4.253728615912755
Bearing3_2,1391,0.5575150300601203,0.46036478877067566,7.4739886352875,-0.014960128489747773,2.737446288538565
Bearing3_2,1392,0.5579158316633267,0.4466898441314697,7.394470269371395,-0.034400770026029405,1.2486004391521124
Bearing3_2,1393,0.558316633266533,0.4607349932193756,7.319720473555302,-0.05030594906361132,1.7157152929999233
Bearing3_2,1394,0.5587174348697395,0.45963943004608154,7.218967945479429,-0.0660334999232256,5.730468520904984
Bearing3_2,1395,0.5591182364729459,0.46669456362724304,7.156541128285083,-0.07426079355184449,6.821992656324656
Bearing3_2,1396,0.5595190380761523,0.4677233099937439,7.11319671432548,-0.07503237742714004,2.1055395762096
Bearing3_2,1397,0.5599198396793588,0.475261390209198,7.098091853451199,-0.0705903614680945,3.1668395210248583
Bearing3_2,1398,0.5603206412825651,0.45577841997146606,7.101934169749609,-0.062176667940433084,1.451733215123121
Bearing3_2,1399,0.5607214428857715,0.44756704568862915,7.079657031031916,-0.053151388158934054,5.459923865297937
Bearing3_2,1400,0.561122244488978,0.5135006904602051,7.215792915644279,-0.03649914154083697,11.47849558311489
Bearing3_2,1401,0.5615230460921844,0.4352034330368042,7.131637006440346,-0.024051348972574972,19.271531996683763
Bearing3_2,1402,0.5619238476953908,0.43540531396865845,7.027024934760883,-0.01846117708611913,3.221402954656045
Bearing3_2,1403,0.5623246492985972,0.42532721161842346,6.954576785225738,-0.017352159324343898,1.6396778981245297
Bearing3_2,1404,0.5627254509018036,0.41810914874076843,6.900449980547984,-0.02148636383090356,3.9803645662793006
Bearing3_2,1405,0.56312625250501,0.4036549925804138,6.6750876523282585,-0.038214022963235644,10.30559045504499
Bearing3_2,1406,0.5635270541082165,0.40724295377731323,6.472577902931862,-0.06304149631501955,0.5314403104325562
Bearing3_2,1407,0.5639278557114229,0.4176788628101349,6.241630391249658,-0.09370802089086222,5.943024127593609
Bearing3_2,1408,0.5643286573146292,0.41922301054000854,5.893623349179008,-0.1327192422845852,13.167968611266149
Bearing3_2,1409,0.5647294589178357,0.4396807849407196,5.599861243391896,-0.17459280208338357,0.5099365850067854
Bearing3_2,1410,0.5651302605210421,0.4295536279678345,5.223602085898705,-0.20997694437565273,3.2423345603384077
Bearing3_2,1411,0.5655310621242485,0.4324338734149933,5.037997621642441,-0.2369475928500946,0.47668487111480784
Bearing3_2,1412,0.565931863727455,0.4527724087238312,5.012485371107245,-0.24690650964996091,12.665155471803766
Bearing3_2,1413,0.5663326653306613,0.44480422139167786,5.02071536163296,-0.23682773313375388,4.66583435915517
Bearing3_2,1414,0.5667334669338677,0.45576053857803345,5.083004426236225,-0.2035190803923368,1.319817105233134
Bearing3_2,1415,0.5671342685370742,0.42853546142578125,5.073334414424702,-0.16373239497272082,17.752168023613713
Bearing3_2,1416,0.5675350701402806,0.46038559079170227,5.256653514760487,-0.10803194509571802,19.249511908281313
Bearing3_2,1417,0.5679358717434869,0.4571308195590973,5.481677296901872,-0.04071549408470931,2.1621792736571654
Bearing3_2,1418,0.5683366733466934,0.465661883354187,5.854056997920262,0.0329236601692323,1.3541793656841177
Bearing3_2,1419,0.5687374749498998,0.4809610843658447,6.227659317056152,0.10783657449033918,0.275918489012994
Bearing3_2,1420,0.5691382765531062,0.4919670522212982,6.554246423770285,0.16786971354280106,1.631162262060198
Bearing3_2,1421,0.5695390781563127,0.4921298921108246,6.885511524483187,0.21746920486104515,0.3553355485595236
Bearing3_2,1422,0.569939879759519,0.48699671030044556,7.059398939184215,0.2524585396383232,2.8777697896762984
Bearing3_2,1423,0.5703406813627254,0.506184995174408,7.190881471907846,0.27035724141039885,0.6517669960548473
Bearing3_2,1424,0.5707414829659319,0.48891693353652954,7.3026771929989795,0.27220145215160385,0.4515581187604045
Bearing3_2,1425,0.5711422845691383,0.48682692646980286,7.583970840260461,0.26183916084372444,0.6329213346196153
Bearing3_2,1426,0.5715430861723447,0.5080997347831726,7.66228724991326,0.23753799037764686,0.6682787307798662
Bearing3_2,1427,0.571943887775551,0.4059343934059143,7.377593989857878,0.18355048532218302,37.870263495667665
Bearing3_2,1428,0.5723446893787575,0.4188016951084137,7.0866552459964725,0.11553809923967444,1.2912789439379226
Bearing3_2,1429,0.5727454909819639,0.42624276876449585,6.852708411508644,0.04473121318111681,5.8453639191362186
Bearing3_2,1430,0.5731462925851704,0.44253009557724,6.713796449960432,-0.019456567840976748,7.999215507949488
Bearing3_2,1431,0.5735470941883768,0.4637475609779358,6.647984720943626,-0.0670836792005832,7.370136361439123
Bearing3_2,1432,0.5739478957915831,0.4653543531894684,6.606950128960085,-0.1024774339484408,0.8149079639332294
Bearing3_2,1433,0.5743486973947896,0.4824724793434143,6.552219575409675,-0.1266067614329377,1.057782051136184
Bearing3_2,1434,0.574749498997996,0.571582555770874,6.612343561563327,-0.13226219436966682,10.935664297245044
Bearing3_2,1435,0.5751503006012024,0.5103729367256165,6.603091238227759,-0.1113017092898657,7.795542262214833
Bearing3_2,1436,0.5755511022044089,0.499347448348999,6.5743379728793006,-0.07479904043970055,2.701690800378643
Bearing3_2,1437,0.5759519038076152,0.4868066906929016,6.90311639813365,-0.026155289645608926,2.3405217236723557
Bearing3_2,1438,0.5763527054108216,0.5309103727340698,7.254857725336575,0.02802967900181188,3.259919754257865
Bearing3_2,1439,0.576753507014028,0.503454327583313,7.525030935823428,0.07931609465732574,2.32625276874463
Bearing3_2,1440,0.5771543086172345,0.49981269240379333,7.6821164384054175,0.12176064908603963,3.1650377037062785
Bearing3_2,1441,0.5775551102204409,0.5147460699081421,7.788785366826521,0.15389884811908747,2.493949762210276
Bearing3_2,1442,0.5779559118236473,0.5181609392166138,7.878920174956136,0.17438996514960067,2.027784219175513
Bearing3_2,1443,0.5783567134268537,0.5276464223861694,7.9827255598983715,0.1814766717766806,0.798755976644515
Bearing3_2,1444,0.5787575150300601,0.5098822116851807,7.9099750714853965,0.1712639692097969,6.44376439767637
Bearing3_2,1445,0.5791583166332666,0.5026045441627502,7.90578884927357,0.14447723890690217,0.6693442696218717
Bearing3_2,1446,0.579559118236473,0.4994197189807892,7.926681589474768,0.10112295418513542,0.35164620439424926
Bearing3_2,1447,0.5799599198396793,0.5066520571708679,7.957252521468634,0.06496269269095477,1.4361833003391986
Bearing3_2,1448,0.5803607214428858,0.4678386449813843,7.912005773070301,0.03700644099663598,4.1319757011130545
Bearing3_2,1449,0.5807615230460922,0.48896950483322144,7.895141160270127,0.018176417815567857,0.6493091724030029
Bearing3_2,1450,0.5811623246492986,0.45379385352134705,7.840185312284687,0.002334985226254471,6.8730902443070425
Bearing3_2,1451,0.5815631262525051,0.4542634189128876,7.671007887917862,-0.017539031329288142,8.850970208600081
Bearing3_2,1452,0.5819639278557114,0.43964049220085144,7.540071881908839,-0.037118418835364896,1.988343378456503
Bearing3_2,1453,0.5823647294589178,0.4421992897987366,7.397805131494735,-0.053430199876397674,0.6183388343114444
Bearing3_2,1454,0.5827655310621243,0.42749059200286865,7.2403541406998615,-0.07609030475312327,8.098292328013475
Bearing3_2,1455,0.5831663326653307,0.4094177186489105,7.053947436610754,-0.10108051217264276,3.6047869855786097
Bearing3_2,1456,0.5835671342685371,0.4133084714412689,6.8531189997648285,-0.12530679816231083,1.5629150995421721
Bearing3_2,1457,0.5839679358717434,0.40733835101127625,6.5724290831744865,-0.1497925012305284,9.528582257543082
Bearing3_2,1458,0.5843687374749499,0.467678427696228,6.42840247842968,-0.16836491216842253,9.318695432464757
Bearing3_2,1459,0.5847695390781563,0.43583911657333374,6.270220237090829,-0.1787066826431066,1.1598934976609503
Bearing3_2,1460,0.5851703406813628,0.4802438020706177,6.259656219863418,-0.17359238424826298,7.557983988693257
Bearing3_2,1461,0.5855711422845692,0.4540877044200897,6.306809405153489,-0.15802666049330966,3.4849814717184016
Bearing3_2,1462,0.5859719438877755,0.5289730429649353,6.441941702869883,-0.12728341201788948,10.369243938871726
Bearing3_2,1463,0.586372745490982,0.49482330679893494,6.500274076127424,-0.08953217891919268,8.249648000051293
Bearing3_2,1464,0.5867735470941884,0.49772170186042786,6.658743368600659,-0.042754734643222374,1.8247649682560447
Bearing3_2,1465,0.5871743486973948,0.46901756525039673,6.825252445651967,0.007727736861111523,2.8819180428331403
Bearing3_2,1466,0.5875751503006013,0.5206456184387207,7.011755169756273,0.05776658226575543,0.5535602832795765
Bearing3_2,1467,0.5879759519038076,0.5009077787399292,7.2818080719943055,0.10190006220170626,1.0093506675065593
Bearing3_2,1468,0.588376753507014,0.5001438856124878,7.433030078989925,0.13608170839903933,2.430479326528661
Bearing3_2,1469,0.5887775551102205,0.5157490372657776,7.613739377762469,0.15739743843337264,2.026352018303809
Bearing3_2,1470,0.5891783567134269,0.4866236746311188,7.684542934113819,0.1655858323241747,3.2072466447407004
Bearing3_2,1471,0.5895791583166332,0.5079267621040344,7.791676063490323,0.16549004302757384,0.5871081932085743
Bearing3_2,1472,0.5899799599198396,0.5068776607513428,7.774193053361616,0.15545107110702333,1.778182986919538
Bearing3_2,1473,0.5903807615230461,0.499830424785614,7.842714356163735,0.13688994845961552,0.6654018199084093
Bearing3_2,1474,0.5907815631262525,0.49707210063934326,7.838893278030122,0.1124130194723923,5.210878314911075
Bearing3_2,1475,0.591182364729459,0.4958338141441345,7.8670399030825084,0.086267118692302,0.6953674675798288
Bearing3_2,1476,0.5915831663326653,0.49724018573760986,7.873169869605585,0.06026136790611456,1.7083083805563395
Bearing3_2,1477,0.5919839679358717,0.4926612675189972,7.858607104487118,0.0410234209917667,2.955928833244711
Bearing3_2,1478,0.5923847695390781,0.48182204365730286,7.845939776062299,0.024184492599496593,2.2060595347748415
Bearing3_2,1479,0.5927855711422846,0.4682125449180603,7.756854316452039,0.009528677879110695,5.566598189143422
Bearing3_2,1480,0.593186372745491,0.42845618724823,7.637420581220368,-0.008656193657028743,6.193788017298804
Bearing3_2,1481,0.5935871743486973,0.43352213501930237,7.469870145364991,-0.028266791216016333,4.220487776790388
Bearing3_2,1482,0.5939879759519038,0.44338375329971313,7.360187596032127,-0.051124929497191184,3.909277014514926
Bearing3_2,1483,0.5943887775551102,0.4211065471172333,7.12371180777847,-0.07729541231655163,12.293966017790746
Bearing3_2,1484,0.5947895791583167,0.4144176244735718,6.902066324951494,-0.1070952048822272,3.787661888703585
Bearing3_2,1485,0.5951903807615231,0.436043918132782,6.658548552952607,-0.13694586512218443,1.9329475535005662
Bearing3_2,1486,0.5955911823647294,0.4244648218154907,6.427927042437835,-0.16431883604468292,0.5848249316099569
Bearing3_2,1487,0.5959919839679358,0.4169771671295166,6.089917224180787,-0.19358146227797576,13.833975206656767
Bearing3_2,1488,0.5963927855711423,0.4296620190143585,5.764305741110929,-0.2200105382063538,1.2552265054217013
Bearing3_2,1489,0.5967935871743487,0.44253695011138916,5.503524858384386,-0.24137112886411977,0.892114302251838
Bearing3_2,1490,0.5971943887775552,0.450581431388855,5.40721763169314,-0.24863400565300267,9.905389881548615
Bearing3_2,1491,0.5975951903807615,0.44968825578689575,5.37450281307215,-0.24181859312639226,1.941653529463051
Bearing3_2,1492,0.5979959919839679,0.447834849357605,5.365424267741956,-0.2174121520303732,5.97933957209856
Bearing3_2,1493,0.5983967935871743,0.45856812596321106,5.472468210471233,-0.17875305353827156,0.984838433925057
Bearing3_2,1494,0.5987975951903808,0.49122560024261475,5.653868171086457,-0.12496070335492908,3.318985719667423
Bearing3_2,1495,0.5991983967935872,0.4743565320968628,5.8218983660136105,-0.06310791335287932,3.378499750728908
Bearing3_2,1496,0.5995991983967935,0.4432530701160431,5.906040894805315,-0.0018990838517941434,8.975195530557693
Bearing3_2,1497,0.6,0.4865344166755676,6.228988745944899,0.0607169877989502,9.86452890906637
Bearing3_2,1498,0.6004008016032064,0.49564921855926514,6.57560152971905,0.11884606367194121,1.1638041402448005
Bearing3_2,1499,0.6008016032064128,0.5015797019004822,6.895378616437091,0.16719824556465437,2.1034120186822256
Bearing3_2,1500,0.6012024048096193,0.46712079644203186,7.083959652792643,0.20254522938155453,2.959136450260218
Bearing3_2,1501,0.6016032064128256,0.5103267431259155,7.2734780703521364,0.2257244478106095,2.0985591055986017
Bearing3_2,1502,0.602004008016032,0.4937850832939148,7.365326465091963,0.23029046041824827,3.5239010778153883
Bearing3_2,1503,0.6024048096192385,0.5322231650352478,7.4872892789149885,0.22440401423636747,2.4432227964338047
Bearing3_2,1504,0.6028056112224449,0.5193637609481812,7.5437448948302235,0.20926822243701432,2.8805494562206606
Bearing3_2,1505,0.6032064128256514,0.5227431654930115,7.630975757953282,0.18718489406080469,0.3458615184208225
Bearing3_2,1506,0.6036072144288577,0.5269712209701538,7.790178919179761,0.15746666558682368,1.6372068738852967
Bearing3_2,1507,0.6040080160320641,0.5301789045333862,7.837843671415537,0.12904015277289427,0.98982913599704
Bearing3_2,1508,0.6044088176352705,0.4557516574859619,7.858486646241803,0.10534586749842414,2.086169411435468
Bearing3_2,1509,0.604809619238477,0.5304858088493347,7.906680678307741,0.09004869743271997,1.8728797263681671
Bearing3_2,1510,0.6052104208416834,0.5214483737945557,7.950777090666965,0.0774706485027903,3.192722729896558
Bearing3_2,1511,0.6056112224448897,0.5258976817131042,7.970977568013071,0.06812212692753174,0.38262575146700956
Bearing3_2,1512,0.6060120240480962,0.5170264840126038,7.997190996586701,0.05787211567941798,2.7815850297292943
Bearing3_2,1513,0.6064128256513026,0.5265563130378723,7.9856534165994955,0.047464672123297906,1.291186162666564
Bearing3_2,1514,0.606813627254509,0.5016134977340698,7.9847281373206584,0.03472968908953564,1.841163115069583
Bearing3_2,1515,0.6072144288577155,0.49270373582839966,7.970459882716481,0.021686577073562308,1.2599665220531842
Bearing3_2,1516,0.6076152304609218,0.4817941188812256,7.9320982331659,0.013049596439465573,3.8955453863538487
Bearing3_2,1517,0.6080160320641282,0.47932952642440796,7.878140543651606,0.0029268851447179986,2.5220353319378845
Bearing3_2,1518,0.6084168336673347,0.4584871530532837,7.793694685584316,-0.010914212477234515,4.3553791733578455
Bearing3_2,1519,0.6088176352705411,0.45020774006843567,7.658247997803596,-0.02814501868092147,4.098427099724717
Bearing3_2,1520,0.6092184368737475,0.4269108176231384,7.5033115497092435,-0.047875837829392816,5.226598328692488
Bearing3_2,1521,0.6096192384769539,0.4310132563114166,7.333862406212278,-0.07007881430362226,1.718308768402169
Bearing3_2,1522,0.6100200400801603,0.41869014501571655,7.143923632656865,-0.09317191759050138,4.914946792518133
Bearing3_2,1523,0.6104208416833667,0.42110753059387207,6.91498826260422,-0.11917894198327984,5.356351805208613
Bearing3_2,1524,0.6108216432865732,0.4302694499492645,6.683449262097348,-0.14489929224659473,2.273761953053305
Bearing3_2,1525,0.6112224448897795,0.4017220437526703,6.575015721473759,-0.16171233896937404,10.957827203431046
Bearing3_2,1526,0.6116232464929859,0.46111756563186646,6.508608465476674,-0.16779056827727282,1.0130326256288902
Bearing3_2,1527,0.6120240480961924,0.4947682023048401,6.521384555789288,-0.15951467780617318,5.100143741824672
Bearing3_2,1528,0.6124248496993988,0.4989081025123596,6.601353753011807,-0.13606102786848487,2.022448793192872
Bearing3_2,1529,0.6128256513026052,0.5055437684059143,6.705585513704437,-0.10149917098661008,1.875116785910925
Bearing3_2,1530,0.6132264529058116,0.49319538474082947,6.859204615487937,-0.0573397628610266,0.5542995161733283
Bearing3_2,1531,0.613627254509018,0.4943890869617462,7.025274771154992,-0.007611235396173514,0.8054714926086454
Bearing3_2,1532,0.6140280561122244,0.5434020161628723,7.263918806819059,0.04621211074735612,2.359332434980978
Bearing3_2,1533,0.6144288577154309,0.4990568161010742,7.518383734629731,0.09719851708114377,3.7254569493329397
Bearing3_2,1534,0.6148296593186373,0.5002114176750183,7.791655816980731,0.1403408554848246,0.3797432460608976
Bearing3_2,1535,0.6152304609218436,0.46008971333503723,7.889966261994627,0.1681838723642559,6.395894290450513
Bearing3_2,1536,0.6156312625250501,0.4707748293876648,7.988849746530067,0.1810545890243495,0.4324441711014878
Bearing3_2,1537,0.6160320641282565,0.4362274706363678,7.9309923130940145,0.17367886647479158,10.152486773797186
Bearing3_2,1538,0.6164328657314629,0.4354049861431122,7.855537628917506,0.15043255906008024,0.6674404306207614
Bearing3_2,1539,0.6168336673346694,0.4297712743282318,7.747237010544761,0.11302550043599205,4.895537151701716
Bearing3_2,1540,0.6172344689378757,0.4221724271774292,7.6341568502479,0.0670656277710924,0.8969959423280166
Bearing3_2,1541,0.6176352705410821,0.4692895710468292,7.653015317968292,0.023812382089836392,12.59819806953353
Bearing3_2,1542,0.6180360721442886,0.42006316781044006,7.50647911385399,-0.019133121399604918,14.220476336281317
Bearing3_2,1543,0.618436873747495,0.42138394713401794,7.39103512723447,-0.05435136602679258,0.6843835102536819
Bearing3_2,1544,0.6188376753507014,0.39737188816070557,7.015760136377521,-0.09027739730283493,26.16325644158806
Bearing3_2,1545,0.6192384769539078,0.410324364900589,6.744036863217159,-0.1250658722278711,3.834343943064484
Bearing3_2,1546,0.6196392785571142,0.42795035243034363,6.448776366388181,-0.15547717954088316,2.230367473551523
Bearing3_2,1547,0.6200400801603206,0.3964385986328125,6.132879487797404,-0.18830883179225763,12.505350418078317
Bearing3_2,1548,0.6204408817635271,0.4140610098838806,5.888248635997895,-0.21771899035601974,7.502439437119411
Bearing3_2,1549,0.6208416833667335,0.42078137397766113,5.600525240753941,-0.24619726633467004,9.46190546204476
Bearing3_2,1550,0.6212424849699398,0.430154949426651,5.248085606000932,-0.2754174510191441,7.519753578977825
Bearing3_2,1551,0.6216432865731463,0.4295029640197754,4.848559622967027,-0.29625065518172056,8.054524209028662
Bearing3_2,1552,0.6220440881763527,0.42544859647750854,4.742812215978334,-0.2986275776361336,14.910751897285852
Bearing3_2,1553,0.6224448897795591,0.44662514328956604,4.701838146881964,-0.27743672238709655,5.685604124567531
Bearing3_2,1554,0.6228456913827656,0.4531112015247345,4.954517518505024,-0.23488536164784057,2.822613963971071
Bearing3_2,1555,0.6232464929859719,0.4651864171028137,5.1055848199039255,-0.17722409215966878,6.6502472312868
Bearing3_2,1556,0.6236472945891783,0.47871121764183044,5.335800699889297,-0.10682960120861175,5.375822797326416
Bearing3_2,1557,0.6240480961923848,0.4756065309047699,5.683944255695816,-0.02501463952568871,0.8967759953981496
Bearing3_2,1558,0.6244488977955912,0.4918423295021057,6.024833597770934,0.06452720199411095,6.792219674369168
Bearing3_2,1559,0.6248496993987976,0.47512292861938477,6.386058250766699,0.15293507142743978,7.675567277956534
Bearing3_2,1560,0.625250501002004,0.48669278621673584,6.820730739706934,0.2320347614556383,0.4713817237113288
Bearing3_2,1561,0.6256513026052104,0.5061759352684021,7.177606761072367,0.28490298549295157,0.4185312548736097
Bearing3_2,1562,0.6260521042084168,0.47978293895721436,7.37978122288979,0.3135182059137224,0.8531767810719669
Bearing3_2,1563,0.6264529058116233,0.4974203109741211,7.504852095450313,0.3142606086324432,1.8210402653745512
Bearing3_2,1564,0.6268537074148297,0.5066701173782349,7.624418093165263,0.3043941578369307,2.6518765609301713
Bearing3_2,1565,0.627254509018036,0.5020027160644531,7.74989637819232,0.27908069935239355,5.776072653015709
Bearing3_2,1566,0.6276553106212425,0.5129388570785522,7.813981503832354,0.24055825719526616,0.4856124283655982
Bearing3_2,1567,0.6280561122244489,0.5063943266868591,7.8702501609584345,0.19827602970553473,1.3611270234064643
Bearing3_2,1568,0.6284569138276553,0.524141788482666,7.855565948669232,0.1514181236806411,0.24278234312060504
Bearing3_2,1569,0.6288577154308618,0.49345409870147705,7.8710683338952006,0.107296750675084,4.195737304036494
Bearing3_2,1570,0.6292585170340681,0.5189839601516724,7.892480528611924,0.07532135927277597,0.774240097186496
Bearing3_2,1571,0.6296593186372745,0.5203161835670471,7.90122659985653,0.05462385452750572,1.0153657980198239
Bearing3_2,1572,0.630060120240481,0.45561835169792175,7.799740479980724,0.033097891137029864,11.193083294512082
Bearing3_2,1573,0.6304609218436874,0.4903869032859802,7.8092515663079,0.015338357206726536,9.350077126003315
Bearing3_2,1574,0.6308617234468938,0.5082088112831116,7.797850670445297,0.0012383321878526284,0.5574169920349541
Bearing3_2,1575,0.6312625250501002,0.5100609660148621,7.818360939219167,-0.00547994495403716,2.5087882281939025
Bearing3_2,1576,0.6316633266533066,0.5215607285499573,7.837846370408139,-0.00769291215236678,0.49471319618090664
Bearing3_2,1577,0.632064128256513,0.5108091235160828,7.8653171594054285,-0.004945499979721081,0.644034343402469
Bearing3_2,1578,0.6324649298597195,0.5188058614730835,7.863041925973741,-0.003241344976532335,3.0571564690138526
Bearing3_2,1579,0.6328657314629259,0.5204797387123108,7.908181731959964,0.0018678557039451024,0.7016262432203197
Bearing3_2,1580,0.6332665330661322,0.5275526642799377,7.946912868794928,0.010067284125447436,0.3212807360748104
Bearing3_2,1581,0.6336673346693387,0.521605372428894,7.990383740399973,0.02056113647282896,0.574842081687372
Bearing3_2,1582,0.6340681362725451,0.4764011800289154,8.090550615319703,0.028672202605403357,5.52091108191197
Bearing3_2,1583,0.6344689378757515,0.4715999960899353,8.042723834856984,0.03128363634256261,5.392733126930625
Bearing3_2,1584,0.6348697394789579,0.4574066996574402,7.97696491773778,0.026718193439360407,1.206273572870354
Bearing3_2,1585,0.6352705410821643,0.4609677791595459,7.907488303139144,0.017559386478824136,2.8076402233966835
Bearing3_2,1586,0.6356713426853707,0.47105491161346436,7.85321490415439,0.005658909362990611,1.16387303473898
Bearing3_2,1587,0.6360721442885772,0.4411466717720032,7.746341734142338,-0.010425912714241583,5.773943461129896
Bearing3_2,1588,0.6364729458917836,0.4687178432941437,7.735697909073724,-0.025800862929897465,6.566109453110351
Bearing3_2,1589,0.6368737474949899,0.4984022378921509,7.724554395662635,-0.037230756909500756,0.7559088814997728
Bearing3_2,1590,0.6372745490981964,0.532494068145752,7.749581096319623,-0.042487696442484874,3.6224036094680394
Bearing3_2,1591,0.6376753507014028,0.4822935163974762,7.770145247527822,-0.04133299662104542,1.1786659901260863
Bearing3_2,1592,0.6380761523046092,0.5025224685668945,7.790125700264852,-0.02974110477236592,5.817302739065309
Bearing3_2,1593,0.6384769539078157,0.5335688591003418,7.848739486864609,-0.014499035199943345,1.599327348354638
Bearing3_2,1594,0.638877755511022,0.4551575779914856,7.761753759657045,-0.006034244034760604,15.677739717481028
Bearing3_2,1595,0.6392785571142284,0.49245908856391907,7.8180244970504305,0.003476705870524802,11.608273700727471
Bearing3_2,1596,0.6396793587174349,0.5219019651412964,7.880625331106609,0.013868429896117728,1.7595046586444392
Bearing3_2,1597,0.6400801603206413,0.5081985592842102,7.981489862672129,0.02230473004324201,2.0184115506899727
Bearing3_2,1598,0.6404809619238477,0.5447648763656616,8.027911150561415,0.029713231755149543,1.1011546553788654
Bearing3_2,1599,0.6408817635270541,0.5318937301635742,8.065953634627126,0.034911898473687586,0.4502916481203652
Bearing3_2,1600,0.6412825651302605,0.4913836717605591,8.014795170411933,0.03485037762471747,5.16359959400022
Bearing3_2,1601,0.6416833667334669,0.47841304540634155,7.957483921081324,0.02981901599471753,1.53651002744905
Bearing3_2,1602,0.6420841683366734,0.4792248606681824,7.937650683151972,0.022767099768573124,1.883530588872546
Bearing3_2,1603,0.6424849699398798,0.4669923782348633,7.9067522103024785,0.016149216458656884,2.605357942413129
Bearing3_2,1604,0.6428857715430861,0.47966867685317993,8.00480634920323,0.0083775077181214,2.888051664333201
Bearing3_2,1605,0.6432865731462926,0.478436678647995,8.003588526267473,0.0013446627703922794,1.5698928043158127
Bearing3_2,1606,0.643687374749499,0.46167176961898804,7.907271059094747,-0.009017734228068097,7.6878576534145555
Bearing3_2,1607,0.6440881763527054,0.4768424332141876,7.821340477168505,-0.017665930293751075,1.0680986244799362
Bearing3_2,1608,0.6444889779559119,0.4822819232940674,7.767846424853919,-0.02419602655968786,4.306718539527242
Bearing3_2,1609,0.6448897795591182,0.48054414987564087,7.713219079148017,-0.028017330917838614,0.920425916323488
Bearing3_2,1610,0.6452905811623246,0.5278221368789673,7.745299760442213,-0.02922377384423869,3.368464789916109
Bearing3_2,1611,0.6456913827655311,0.5156114101409912,7.781479998428265,-0.02901088816956477,1.2315261708245269
Bearing3_2,1612,0.6460921843687375,0.527691125869751,7.826764212505769,-0.025516789435613398,0.9693299438415582
Bearing3_2,1613,0.6464929859719439,0.5148647427558899,7.868532420724281,-0.02046024455672514,3.0887365485228764
Bearing3_2,1614,0.6468937875751503,0.507983922958374,7.9322387135692995,-0.004928598207110657,0.6769930042544235
Bearing3_2,1615,0.6472945891783567,0.567766547203064,8.011019981640322,0.015698627728041602,3.161279936496374
Bearing3_2,1616,0.6476953907815631,0.5091835856437683,8.1093166348717,0.03517624656887091,5.7303488355793295
Bearing3_2,1617,0.6480961923847696,0.4874565899372101,8.167624633935272,0.04965655897836438,4.83956967845192
Bearing3_2,1618,0.648496993987976,0.4912605285644531,8.186748502948925,0.057416337643184455,0.6392739601504439
Bearing3_2,1619,0.6488977955911823,0.47163301706314087,8.184772802864384,0.05634892685518146,2.5837275856383393
Bearing3_2,1620,0.6492985971943888,0.4526967406272888,8.089545620159223,0.04651021547600867,5.730664141038093
Bearing3_2,1621,0.6496993987975952,0.44639724493026733,7.991520618334363,0.029564024593737782,1.4705290914859166
Bearing3_2,1622,0.6501002004008016,0.4591112434864044,7.858983458698917,0.005861534792202274,4.394447883232381
Bearing3_2,1623,0.6505010020040081,0.4607838988304138,7.74291777334466,-0.02177779967703616,1.4006904410083665
Bearing3_2,1624,0.6509018036072144,0.4703250825405121,7.676830432158769,-0.047252210234872,4.274983824565954
Bearing3_2,1625,0.6513026052104208,0.47207292914390564,7.569031076932776,-0.07025864312865708,1.2040417935625514
Bearing3_2,1626,0.6517034068136273,0.469366192817688,7.500714391754559,-0.08508088918391919,2.044578509330584
Bearing3_2,1627,0.6521042084168337,0.5131473541259766,7.529475946329927,-0.08707012634759409,4.700429955703229
Bearing3_2,1628,0.6525050100200401,0.4904140830039978,7.546217028131795,-0.07913615338655576,0.9766612986373285
Bearing3_2,1629,0.6529058116232465,0.5288336873054504,7.589172793111689,-0.06122683416173957,0.30788723153069675
Bearing3_2,1630,0.6533066132264529,0.53333979845047,7.688271033637939,-0.03704124115216655,0.6572804413874119
Bearing3_2,1631,0.6537074148296593,0.5375741720199585,7.793504168630375,-0.008786724700769112,0.812659903900981
Bearing3_2,1632,0.6541082164328658,0.5852973461151123,7.939302983425497,0.020984843123805143,0.466749889036491
Bearing3_2,1633,0.6545090180360722,0.528972327709198,8.055600917280497,0.04838865225956125,4.360666448626488
Bearing3_2,1634,0.6549098196392785,0.5259356498718262,8.139908995361038,0.07219516237597431,1.252188107364526
Bearing3_2,1635,0.655310621242485,0.5454469919204712,8.211780096555604,0.08712221720063365,2.28055208376615
Bearing3_2,1636,0.6557114228456914,0.5499781966209412,8.26973991883234,0.09286537399065403,3.212864060413934
Bearing3_2,1637,0.6561122244488978,0.5409227609634399,8.291590538223726,0.0923962981788318,1.3545491078508733
Bearing3_2,1638,0.6565130260521042,0.5386001467704773,8.31025149066466,0.08482341199126021,1.0408695214340766
Bearing3_2,1639,0.6569138276553106,0.5499647259712219,8.32812694931955,0.07182824469827719,0.2069698409951533
Bearing3_2,1640,0.657314629258517,0.5972529053688049,8.356263504174308,0.05801732787235989,0.9766468408511412
Bearing3_2,1641,0.6577154308617235,0.528157651424408,8.349188242025829,0.04273915155861076,4.2578969842503795
Bearing3_2,1642,0.6581162324649299,0.5080368518829346,8.313829403452736,0.02851666778302893,3.0553078838999537
Bearing3_2,1643,0.6585170340681362,0.49505239725112915,8.295482765718942,0.016506939721061487,2.49792502481239
Bearing3_2,1644,0.6589178356713427,0.49419301748275757,8.243887307831233,0.004395793725880001,2.0862963885141563
Bearing3_2,1645,0.6593186372745491,0.4918024241924286,8.192781437939857,-0.006971881607620023,2.3849838163941617
Bearing3_2,1646,0.6597194388777555,0.49915745854377747,8.169962059179783,-0.015489975405150829,0.44799634884324824
Bearing3_2,1647,0.660120240480962,0.48018795251846313,8.09830242135199,-0.02525064015928628,3.7307854607221866
Bearing3_2,1648,0.6605210420841683,0.4903036653995514,8.0360044617942,-0.034822425673581556,0.696149508092683
Bearing3_2,1649,0.6609218436873747,0.5584731101989746,8.008289157723269,-0.04139005139208086,3.4027277316619795
Bearing3_2,1650,0.6613226452905812,0.5172110199928284,7.938191962828304,-0.046028568428518254,3.43731050478229
Bearing3_2,1651,0.6617234468937876,0.4963483214378357,7.9060216631318,-0.04782597939349989,0.6507460877702027
Bearing3_2,1652,0.662124248496994,0.5382034778594971,7.92507189318164,-0.04556982669828396,2.0157662786972126
Bearing3_2,1653,0.6625250501002004,0.5265389084815979,7.947924470130035,-0.03857806674242551,2.3114329093032273
Bearing3_2,1654,0.6629258517034068,0.5381097197532654,7.9845832894158635,-0.0288136041927157,0.8443602344751192
Bearing3_2,1655,0.6633266533066132,0.5336908102035522,8.045274791980498,-0.016002675030234316,0.3121193084174551
Bearing3_2,1656,0.6637274549098197,0.5293920040130615,8.08152264900724,-0.0009479226023069656,2.8073563479078922
Bearing3_2,1657,0.6641282565130261,0.5492242574691772,8.162917856481668,0.014841252077191367,1.00442395685344
Bearing3_2,1658,0.6645290581162324,0.5764182209968567,8.241258933936471,0.02996716173667866,0.4777741710141125
Bearing3_2,1659,0.6649298597194389,0.5500576496124268,8.245893507070098,0.04101024636063784,3.962960911866404
Bearing3_2,1660,0.6653306613226453,0.5919781923294067,8.295956034077019,0.047230815230197086,1.230312722543831
Bearing3_2,1661,0.6657314629258517,0.5579589605331421,8.334171124602864,0.04905462273959656,1.652207392794101
Bearing3_2,1662,0.6661322645290582,0.5425626039505005,8.341912361364578,0.04738100442149016,0.9848513830726856
Bearing3_2,1663,0.6665330661322645,0.5288940668106079,8.363924083450767,0.0433789188842454,0.8063586349410874
Bearing3_2,1664,0.6669338677354709,0.5784826874732971,8.380039562029449,0.03765736118161146,1.280008533865447
Bearing3_2,1665,0.6673346693386774,0.5746338963508606,8.394206224419367,0.03196122132439011,0.24975673203241336
Bearing3_2,1666,0.6677354709418838,0.562536358833313,8.414242893879583,0.025545042603886174,2.1502089810133436
Bearing3_2,1667,0.6681362725450902,0.5795342326164246,8.417127087074121,0.020679558012017724,0.8594979766328231
Bearing3_2,1668,0.6685370741482966,0.5521574020385742,8.402709220821462,0.017169058841628077,2.0804193612889508
Bearing3_2,1669,0.668937875751503,0.5618212819099426,8.416285442500373,0.012751079221602728,1.067414834053216
Bearing3_2,1670,0.6693386773547094,0.5796317458152771,8.414117560829212,0.00948699651779027,0.5129123745637756
Bearing3_2,1671,0.6697394789579159,0.5600325465202332,8.419916891562934,0.007654652716301575,0.8014852295170414
Bearing3_2,1672,0.6701402805611223,0.5422502756118774,8.414285761465727,0.004991896185018012,2.14015641941736
Bearing3_2,1673,0.6705410821643286,0.5835901498794556,8.42243174138723,0.003363660635790857,0.7045428187138818
Bearing3_2,1674,0.670941883767535,0.5488329529762268,8.42379148215314,0.0021747742707198263,1.9612806656716777
Bearing3_2,1675,0.6713426853707415,0.5371975302696228,8.402663756865147,0.00024758438110201596,2.2255247437781702
Bearing3_2,1676,0.6717434869739479,0.5404776930809021,8.407652320636647,-0.00017423961085326657,0.6580573273851905
Bearing3_2,1677,0.6721442885771544,0.5341542959213257,8.410460551445249,-0.00017072209430425592,0.9720982327367904
Bearing3_2,1678,0.6725450901803607,0.5447174310684204,8.421993058060412,-0.0004185433534221301,1.2512789011931633
Bearing3_2,1679,0.6729458917835671,0.5675293207168579,8.443146964910827,0.001158822815604547,0.2671737284675633
Bearing3_2,1680,0.6733466933867736,0.5275358557701111,8.444043347721095,0.0023149629366841394,2.3913972903468568
Bearing3_2,1681,0.67374749498998,0.5295153260231018,8.421750758872856,0.002279028904145705,3.170203533570948
Bearing3_2,1682,0.6741482965931864,0.531019389629364,8.41000208461487,0.0012046207260861398,1.1773309707215371
Bearing3_2,1683,0.6745490981963927,0.5043984651565552,8.386145658748223,-0.0005760583608314753,0.563233485137993
Bearing3_2,1684,0.6749498997995992,0.5200830698013306,8.353961830190984,-0.003581738316307426,2.8457177577381687
Bearing3_2,1685,0.6753507014028056,0.5088310837745667,8.320382274028013,-0.008981125421543099,2.413670327147643
Bearing3_2,1686,0.675751503006012,0.5277979969978333,8.296234267492341,-0.014367754294416845,1.40434662655532
Bearing3_2,1687,0.6761523046092185,0.5104822516441345,8.284225576788652,-0.018871665416684346,0.4177306392485019
Bearing3_2,1688,0.6765531062124248,0.5023437142372131,8.250897643426068,-0.022894509134001928,3.3907302835241016
Bearing3_2,1689,0.6769539078156313,0.4906628727912903,8.188858167973402,-0.026817179969202784,3.032025819343173
Bearing3_2,1690,0.6773547094188377,0.5013170838356018,8.138505057908898,-0.03034433677890511,1.4426415305691345
Bearing3_2,1691,0.6777555110220441,0.5538150072097778,7.40449975224166,-0.07169082479291884,71.40628484994357
Bearing3_2,1692,0.6781563126252504,0.5080857276916504,6.9569215907681965,-0.12590359678776056,27.0741603342087
Bearing3_2,1693,0.6785571142284569,0.506742000579834,6.942229229191176,-0.16489510181916564,42.43203246992482
Bearing3_2,1694,0.6789579158316633,0.5187815427780151,6.959652498571089,-0.18757981794509387,0.4297905701666851
Bearing3_2,1695,0.6793587174348698,0.510026216506958,6.975130839644725,-0.19475817882793214,3.172464479890885
Bearing3_2,1696,0.6797595190380762,0.48445162177085876,6.950143069285465,-0.18860329811294713,3.2001090242798402
Bearing3_2,1697,0.6801603206412825,0.46464747190475464,6.901008652806645,-0.16961279891090886,2.592615981146544
Bearing3_2,1698,0.680561122244489,0.463752418756485,6.8379370978897525,-0.13951816281963692,5.044757597299487
Bearing3_2,1699,0.6809619238476954,0.45259809494018555,6.7932963878175485,-0.09886764508931359,1.3269373763505694
Bearing3_2,1700,0.6813627254509018,0.4645516872406006,6.731010110086719,-0.04805553432853763,3.2692081904238792
Bearing3_2,1701,0.6817635270541083,0.43582332134246826,7.3526853060506,0.004792990353327249,3.2775665509184684
Bearing3_2,1702,0.6821643286573146,0.4478006958961487,7.675299092254868,0.04602814044132808,2.581769372789177
Bearing3_2,1703,0.682565130260521,0.43685057759284973,7.546976111050107,0.0705767583404597,2.5511910292831144
Bearing3_2,1704,0.6829659318637274,0.42022597789764404,7.387374224186847,0.08025110483166312,2.9104554498090724
Bearing3_2,1705,0.6833667334669339,0.4234057664871216,7.214199583714138,0.07632694548240657,4.1889479276429284
Bearing3_2,1706,0.6837675350701403,0.441407710313797,7.043959580764327,0.0585533134747319,2.6322587279926566
Bearing3_2,1707,0.6841683366733466,0.4560976028442383,6.949814248229769,0.031231683909264722,5.103483364714063
Bearing3_2,1708,0.6845691382765531,0.44676968455314636,6.9199817250755995,-0.0025135274945030333,1.4036639676075187
Bearing3_2,1709,0.6849699398797595,0.46836286783218384,6.916755931100257,-0.0404052189645982,1.2698303781094533
Bearing3_2,1710,0.685370741482966,0.48512357473373413,6.957171073244927,-0.08174134596379948,1.0088247183890406
Bearing3_2,1711,0.6857715430861724,0.5111298561096191,7.052249655022626,-0.07918770044611853,2.090937463600166
Bearing3_2,1712,0.6861723446893787,0.4882122874259949,7.164074107256598,-0.045385309350203434,1.1877188272371868
Bearing3_2,1713,0.6865731462925851,0.4776914715766907,7.263411180845284,-0.008522731351001369,3.8152144061404605
Bearing3_2,1714,0.6869739478957916,0.4888094663619995,7.381572074149355,0.027582011161233606,1.0246615259388714
Bearing3_2,1715,0.687374749498998,0.4705534279346466,7.485502729107337,0.05788105154920807,5.543451650617162
Bearing3_2,1716,0.6877755511022045,0.4545111656188965,7.58850429836982,0.0791605028470494,2.590076188133011
Bearing3_2,1717,0.6881763527054108,0.45561572909355164,7.625088987988785,0.08955858513567595,1.4255406096270125
Bearing3_2,1718,0.6885771543086172,0.4627336859703064,7.605046879655734,0.08868947827756699,4.150746433499872
Bearing3_2,1719,0.6889779559118236,0.5949867367744446,7.771373011791084,0.08837383291236175,19.86539650195749
Bearing3_2,1720,0.6893787575150301,0.48489072918891907,7.74180716950808,0.07878085313299096,18.450500720280623
Bearing3_2,1721,0.6897795591182365,0.4640265703201294,7.780968632454455,0.06815178470844294,9.457501243212462
Bearing3_2,1722,0.6901803607214428,0.5076249241828918,7.764390174763518,0.055240442953540976,6.835850004365623
Bearing3_2,1723,0.6905811623246493,0.5065433382987976,7.77398466400557,0.04219835015403402,1.204805918992521
Bearing3_2,1724,0.6909819639278557,0.5429659485816956,7.819427859176562,0.033323600485212754,2.680667922063481
Bearing3_2,1725,0.6913827655310621,0.5515068769454956,7.916172758450858,0.031347212803979646,0.4032398201627406
Bearing3_2,1726,0.6917835671342686,0.5059846639633179,8.01145996141625,0.036214837425102904,2.724633421259722
Bearing3_2,1727,0.6921843687374749,0.536216139793396,8.119880827760406,0.044308571481457434,0.2563492939540115
Bearing3_2,1728,0.6925851703406813,0.5160130262374878,8.210947013168955,0.05003593461338853,5.793558779669813
Bearing3_2,1729,0.6929859719438878,0.5367070436477661,8.126735009834483,0.05491408051169641,2.760958923355064
Bearing3_2,1730,0.6933867735470942,0.5584826469421387,8.210007280737393,0.058055875967133665,1.667593746014287
Bearing3_2,1731,0.6937875751503007,0.5118057131767273,8.207013898765465,0.0579700073753233,0.8091188149040666
Bearing3_2,1732,0.694188376753507,0.5316212177276611,8.24210401678314,0.05352872966191743,2.5781564348809054
Bearing3_2,1733,0.6945891783567134,0.5400223731994629,8.276266198351106,0.04580000547417838,1.0908128123392553
Bearing3_2,1734,0.6949899799599198,0.4916895031929016,8.25072349459013,0.033619328221839655,3.241321760986016
Bearing3_2,1735,0.6953907815631263,0.5061320066452026,8.206669971012444,0.020257565569446065,2.0997168599725065
Bearing3_2,1736,0.6957915831663327,0.4874632954597473,8.1922498650905,0.008940553548559391,0.5587952590781854
Bearing3_2,1737,0.696192384769539,0.49564963579177856,8.129454687656477,-0.0007649849842605161,4.761627375956437
Bearing3_2,1738,0.6965931863727455,0.5140625834465027,8.21469461298053,0.000133959195758213,9.08457082030273
Bearing3_2,1739,0.6969939879759519,0.5039971470832825,8.174893545311392,-0.0067976229595235515,9.98876831165053
Bearing3_2,1740,0.6973947895791583,0.4706882834434509,8.198870618633245,-0.007453619848896969,5.033019886433461
Bearing3_2,1741,0.6977955911823648,0.5219588875770569,8.162223776180486,-0.010173104371953685,5.790833172673803
Bearing3_2,1742,0.6981963927855711,0.5279828906059265,8.155348810695365,-0.010385335234414733,0.5165734946160148
Bearing3_2,1743,0.6985971943887775,0.5532733201980591,8.144592782703794,-0.007855201505972496,1.5428088448712858
Bearing3_2,1744,0.698997995991984,0.5961453914642334,8.214918009558527,-0.0015959518283394831,4.931194326915564
Bearing3_2,1745,0.6993987975951904,0.5621814727783203,8.25518728502377,0.004356908091086483,5.126217039154765
Bearing3_2,1746,0.6997995991983968,0.543112576007843,8.27974245341878,0.01009971178257948,1.2977301338545848
Bearing3_2,1747,0.7002004008016032,0.5603962540626526,8.352986803543264,0.01459080046006967,0.33102160665857744
Bearing3_2,1748,0.7006012024048096,0.4992520213127136,8.236507071792088,0.01570163071956251,9.814018684362829
Bearing3_2,1749,0.701002004008016,0.5738774538040161,8.290412942510638,0.016834983248651174,7.188071848659917
Bearing3_2,1750,0.7014028056112225,0.5146584510803223,8.266377413509804,0.016855543360372528,2.9619900400939554
Bearing3_2,1751,0.7018036072144288,0.6077361702919006,8.33477685219285,0.017345594935208628,3.7505752784553903
Bearing3_2,1752,0.7022044088176352,0.6169507503509521,8.372234325513295,0.017328897949577787,2.6173719855751525
Bearing3_2,1753,0.7026052104208417,0.5674706697463989,8.40698007957127,0.01586144004866593,1.8044438583104268
Bearing3_2,1754,0.7030060120240481,0.5736991167068481,8.40347628058001,0.015710762212879998,1.1460665738309166
Bearing3_2,1755,0.7034068136272545,0.5601133704185486,8.413448531450475,0.01650308889775396,3.746766217534491
Bearing3_2,1756,0.7038076152304609,0.5867543816566467,8.425564640448636,0.01767498734308341,0.9938170963070225
Bearing3_2,1757,0.7042084168336673,0.5615887641906738,8.434281044977713,0.022437741049450993,0.3769319295367732
Bearing3_2,1758,0.7046092184368737,0.5535476803779602,8.51284492609281,0.02273509716735832,2.8612685525612505
Bearing3_2,1759,0.7050100200400802,0.5426739454269409,8.508631148524568,0.02304678583792275,1.0944170755758142
Bearing3_2,1760,0.7054108216432866,0.562854528427124,8.522496313459271,0.01986731846833746,1.1656777436147974
Bearing3_2,1761,0.7058116232464929,0.5777344703674316,8.484925890854758,0.016094046384654823,1.4324655120510992
Bearing3_2,1762,0.7062124248496994,0.5515314340591431,8.468330808009913,0.012092764504593317,0.5406501716736389
Bearing3_2,1763,0.7066132264529058,0.5907915234565735,8.457570050280973,0.008656109958374347,1.1094551847287055
Bearing3_2,1764,0.7070140280561122,0.5650602579116821,8.423336079555657,0.002505349552451751,1.303168650138735
Bearing3_2,1765,0.7074148296593187,0.630990743637085,8.44103291662788,-0.002256036942720407,1.5287404131519842
Bearing3_2,1766,0.707815631262525,0.5512187480926514,8.436170961202713,-0.0068092365906291755,3.215203958818442
Bearing3_2,1767,0.7082164328657314,0.5864177942276001,8.42088809169539,-0.011743515130987703,1.403855061824951
Bearing3_2,1768,0.7086172344689379,0.6084038615226746,8.437549168647445,-0.010369076753775231,0.6870558748805583
Bearing3_2,1769,0.7090180360721443,0.5676650404930115,8.443628925267124,-0.008031257944943554,2.2100813137325144
Bearing3_2,1770,0.7094188376753507,0.5579741597175598,8.443987092822333,-0.003961652658575472,1.7060861559594083
Bearing3_2,1771,0.7098196392785571,0.5534937381744385,8.452604565539938,-0.0009750713292821273,0.5813760581449415
Bearing3_2,1772,0.7102204408817635,0.5150299072265625,8.497515203202191,0.003746615929081715,3.489982105660896
Bearing3_2,1773,0.7106212424849699,0.5366649031639099,8.48060728706201,0.0064749191228120825,7.504291542389947
Bearing3_2,1774,0.7110220440881764,0.5553079843521118,8.501094838962384,0.007759221198741324,2.55091092539072
Bearing3_2,1775,0.7114228456913828,0.5755289793014526,8.483390930560763,0.008315114264769934,2.316931393970085
Bearing3_2,1776,0.7118236472945891,0.5533279776573181,8.492682333117472,0.008540250273027529,0.5824291507188379
Bearing3_2,1777,0.7122244488977956,0.5671618580818176,8.501959081820127,0.007567546462581096,1.2814832280565536
Bearing3_2,1778,0.712625250501002,0.5265867710113525,8.479056234139762,0.0054736562103155145,2.883757324675927
Bearing3_2,1779,0.7130260521042084,0.5580805540084839,8.495762052771967,0.004193193591514669,1.8338652017618635
Bearing3_2,1780,0.7134268537074149,0.5556744337081909,8.510266597859529,0.003095849117475435,1.836122376485404
Bearing3_2,1781,0.7138276553106212,0.570734441280365,8.524163460327644,0.0025276255648440777,0.696410502563334
Bearing3_2,1782,0.7142284569138276,0.5235733389854431,8.479315904271385,0.0016398336498068939,2.6984399357244544
Bearing3_2,1783,0.7146292585170341,0.5173294544219971,8.43155697656304,-0.0027595875322331174,7.5420678518992155
Bearing3_2,1784,0.7150300601202405,0.4399436414241791,8.25278721832429,-0.014949700424859243,10.597996792005825
Bearing3_2,1785,0.7154308617234469,0.5177432894706726,8.211678670812407,-0.027552568946264698,11.421236715258868
Bearing3_2,1786,0.7158316633266533,0.5206522941589355,8.186597088433725,-0.03761061500577701,1.0428563355559142
Bearing3_2,1787,0.7162324649298597,0.5215663313865662,8.186451574434415,-0.04334802410102928,1.1391052126416619
Bearing3_2,1788,0.7166332665330661,0.5808407068252563,8.213988349143316,-0.045285950392236,0.4247434198686315
Bearing3_2,1789,0.7170340681362726,0.5675112009048462,8.194950036593678,-0.04393566479253113,2.9588020353797115
Bearing3_2,1790,0.717434869739479,0.47904908657073975,8.127847151520537,-0.041632360631241455,6.778747532040183
Bearing3_2,1791,0.7178356713426853,0.5642484426498413,8.116420907569296,-0.03439046141379374,4.970128265078858
Bearing3_2,1792,0.7182364729458918,0.5348247289657593,8.097317172518874,-0.026238087205776042,3.498619312849081
Bearing3_2,1793,0.7186372745490982,0.7399280071258545,8.209835767278708,-0.01050197595805081,5.4963630181647
Bearing3_2,1794,0.7190380761523046,0.5852804780006409,8.380747818558858,0.005326156740969879,4.897313322164798
Bearing3_2,1795,0.7194388777555111,0.5614497661590576,8.423604898744872,0.019200340946501377,1.4460319442900011
Bearing3_2,1796,0.7198396793587174,0.559169352054596,8.450083605076903,0.030277909969959268,0.6820194107722953
Bearing3_2,1797,0.7202404809619238,0.5542193055152893,8.442405829592527,0.03773321434712528,2.1740595508669864
Bearing3_2,1798,0.7206412825651303,0.7150211930274963,8.48302389054648,0.04613735848227472,4.739069709347581
Bearing3_2,1799,0.7210420841683367,0.5753722786903381,8.498532037658329,0.05085714384866229,5.344487368703658
Bearing3_2,1800,0.7214428857715431,0.559261679649353,8.571523419559488,0.051404969816120104,0.9126469987553103
Bearing3_2,1801,0.7218436873747495,0.6192679405212402,8.589698316553402,0.04680451004663044,0.5067696069424529
Bearing3_2,1802,0.7222444889779559,0.6060645580291748,8.62894161477486,0.0373343156133242,1.4184798040127649
Bearing3_2,1803,0.7226452905811623,0.5467936992645264,8.587130746053905,0.02664083535794286,2.4997351396430423
Bearing3_2,1804,0.7230460921843688,0.7168693542480469,8.615677156619114,0.024325296324489584,2.2297308280797616
Bearing3_2,1805,0.7234468937875751,0.5671215057373047,8.625567602041908,0.022558746471222905,3.1543125407528847
Bearing3_2,1806,0.7238476953907815,0.6308653354644775,8.636434789358962,0.020702166611360838,0.7121478656881721
Bearing3_2,1807,0.724248496993988,0.560352087020874,8.636402850572486,0.01607319070319246,3.1773519659414786
Bearing3_2,1808,0.7246492985971944,0.6115754246711731,8.59485893702709,0.009534574835175596,0.6132650942587943
Bearing3_2,1809,0.7250501002004008,0.6199588775634766,8.609600665394826,0.0034783533949087108,0.380505579982579
Bearing3_2,1810,0.7254509018036072,0.5649932622909546,8.612245079149945,0.0010861784348590027,2.12220965512334
Bearing3_2,1811,0.7258517034068136,0.6059823036193848,8.61298969858622,-0.0005473169938051201,0.6960572925607839
Bearing3_2,1812,0.72625250501002,0.5934643745422363,8.616977847068197,0.00037062304848943826,1.018744205492161
Bearing3_2,1813,0.7266533066132265,0.6260362863540649,8.64252694034237,3.977411472565574e-05,0.37940691395222254
Bearing3_2,1814,0.7270541082164329,0.6209496855735779,8.62571752768817,2.3673143098704078e-05,2.0728446128057136
Bearing3_2,1815,0.7274549098196392,0.5875097513198853,8.633132418586223,0.0009496823265935655,0.8099335425856921
Bearing3_2,1816,0.7278557114228457,0.60230553150177,8.630477815893766,0.00236367940806929,1.4735854674859161
Bearing3_2,1817,0.7282565130260521,0.5905545949935913,8.649223310456868,0.004870234497709124,1.0804807754502768
Bearing3_2,1818,0.7286573146292585,0.5929502248764038,8.646105188863425,0.004281716477596723,1.602564383822039
Bearing3_2,1819,0.729058116232465,0.5575686693191528,8.634167240085926,0.0034036528173324574,0.6394649286479964
Bearing3_2,1820,0.7294589178356713,0.5688228607177734,8.621427726194826,0.001709224168608851,2.253481073469252
Bearing3_2,1821,0.7298597194388777,0.5501275062561035,8.606093180164693,-0.0008832977804900326,0.9394041493720637
Bearing3_2,1822,0.7302605210420842,0.5427352786064148,8.579819655264574,-0.004559450359626972,2.1646147191703897
Bearing3_2,1823,0.7306613226452906,0.5506041049957275,8.55591602078662,-0.007385762336815065,0.22730834742915104
Bearing3_2,1824,0.731062124248497,0.6048912405967712,8.557376939875462,-0.010203186000579597,0.5640624191660459
Bearing3_2,1825,0.7314629258517034,0.565247118473053,8.53265078265728,-0.013046612327735926,3.3973522010376542
Bearing3_2,1826,0.7318637274549098,0.5591651797294617,8.534809323170743,-0.01473131437088,1.2927336486681267
Bearing3_2,1827,0.7322645290581162,0.5959348678588867,8.533412861061208,-0.014082869343391563,1.5716887128000376
Bearing3_2,1828,0.7326653306613227,0.5751599669456482,8.526346685752987,-0.01262396380990646,2.2035876304964495
Bearing3_2,1829,0.7330661322645291,0.581147313117981,8.523072044568163,-0.01068792010063363,0.4276296025812303
Bearing3_2,1830,0.7334669338677354,0.5981125831604004,8.529571505785226,-0.007900052820530579,1.3647901235468118
Bearing3_2,1831,0.7338677354709419,0.6258658170700073,8.544001237885848,-0.0042340035804679,0.650933787550878
Bearing3_2,1832,0.7342685370741483,0.616095781326294,8.564407201843096,-0.00045384048421363176,1.5470716288387072
Bearing3_2,1833,0.7346693386773547,0.5907818078994751,8.575357113695318,0.0025168325166192254,1.0718805299067793
Bearing3_2,1834,0.7350701402805612,0.595738410949707,8.574988193909999,0.005329127614979289,0.5825386527342219
Bearing3_2,1835,0.7354709418837675,0.6096025109291077,8.589237967120868,0.007056802843210501,1.9472002905637864
Bearing3_2,1836,0.7358717434869739,0.5998138785362244,8.5842160670996,0.007968553686772075,0.6989959947532065
Bearing3_2,1837,0.7362725450901804,0.6316381096839905,8.594749745129503,0.00876290168916113,0.3426238229240521
Bearing3_2,1838,0.7366733466933868,0.6074560880661011,8.607214314912168,0.00902257957953177,2.0061989958376034
Bearing3_2,1839,0.7370741482965932,0.6390831470489502,8.616097252056587,0.008568258215043903,0.6907788805436731
Bearing3_2,1840,0.7374749498997996,0.503841757774353,8.439378187067481,-0.002219565734238585,19.662555018948186
Bearing3_2,1841,0.737875751503006,0.4628860056400299,8.224708991384132,-0.022661384050841164,3.8712630944326647
Bearing3_2,1842,0.7382765531062124,0.5970941781997681,8.221093415898634,-0.03806980893008806,19.457078447256393
Bearing3_2,1843,0.7386773547094189,0.6054521799087524,8.22761570814315,-0.048231099067128864,0.3463671323477691
Bearing3_2,1844,0.7390781563126253,0.5717945694923401,8.218329545809429,-0.05470845446197373,2.3383040249911007
Bearing3_2,1845,0.7394789579158316,0.588245153427124,8.241578552044059,-0.054644562234804205,1.1440136939121972
Bearing3_2,1846,0.7398797595190381,0.587628185749054,8.247253756329425,-0.05039185322891974,2.5690920315408547
Bearing3_2,1847,0.7402805611222445,0.6379094123840332,8.249582420553988,-0.04122548932673008,0.43840467632694036
Bearing3_2,1848,0.7406813627254509,0.6256592273712158,8.27142564408192,-0.025852859191136026,0.6097395945269862
Bearing3_2,1849,0.7410821643286574,0.6399924159049988,8.27157144119857,-0.005809914968881555,2.8326622510911386
Bearing3_2,1850,0.7414829659318637,0.638813316822052,8.466492802118399,0.017259902920732435,0.3856926250769799
Bearing3_2,1851,0.7418837675350701,0.6240768432617188,8.681865355277278,0.03743737290617208,1.862076114209722
Bearing3_2,1852,0.7422845691382766,0.6227183938026428,8.680734631874863,0.05177083944465112,2.1619383943672967
Bearing3_2,1853,0.742685370741483,0.5671535134315491,8.659030426546629,0.05978385104242169,2.084976204055434
Bearing3_2,1854,0.7430861723446894,0.5878975987434387,8.657912771960039,0.061887552859845596,0.33537358888078067
Bearing3_2,1855,0.7434869739478958,0.5938643217086792,8.631264720274862,0.05875937680522782,1.2844497143424318
Bearing3_2,1856,0.7438877755511022,0.6146067380905151,8.63755895558035,0.051629400922893705,0.8998064102429518
Bearing3_2,1857,0.7442885771543086,0.6126556992530823,8.628903500781249,0.039451581493750165,1.731440712736172
Bearing3_2,1858,0.7446893787575151,0.552532434463501,8.588967918630063,0.021953841210012977,3.2002090973042328
Bearing3_2,1859,0.7450901803607214,0.5884242057800293,8.57065848733394,-0.00038187278571345215,0.5619139921386102
Bearing3_2,1860,0.7454909819639278,0.7781983613967896,8.60310621363908,-0.01157825093541788,4.769649310052442
Bearing3_2,1861,0.7458917835671343,0.6433120369911194,8.606306628249598,-0.009897810944510373,4.8409349963475234
Bearing3_2,1862,0.7462925851703407,0.5928128957748413,8.617276616751285,-0.006778526146669681,1.2954645358990917
Bearing3_2,1863,0.7466933867735471,0.5942173004150391,8.639984702862801,-0.0030983774297973356,0.9290305620627816
Bearing3_2,1864,0.7470941883767535,0.5784066915512085,8.645211234745798,0.001023201795330373,1.8064313638916036
Bearing3_2,1865,0.7474949899799599,0.5865569114685059,8.661426990781385,0.004406698052044864,0.3401079166876986
Bearing3_2,1866,0.7478957915831663,0.7410997152328491,8.681513697653878,0.008939845273606403,1.254565470293241
Bearing3_2,1867,0.7482965931863728,0.6438124179840088,8.688608917496994,0.012750189414264161,2.9800969715149552
Bearing3_2,1868,0.7486973947895792,0.6366406083106995,8.723330401955337,0.015068358542985875,0.45363211961894556
Bearing3_2,1869,0.7490981963927855,0.5682119131088257,8.730921735560523,0.01495133549921531,3.2062972082077734
Bearing3_2,1870,0.749498997995992,0.5825226306915283,8.68337895520561,0.012461666817318412,0.7277547315776846
Bearing3_2,1871,0.7498997995991984,0.5995071530342102,8.6761246140051,0.008816664843167302,0.7983293462321092
Bearing3_2,1872,0.7503006012024048,0.5145074129104614,8.632550487328945,0.0026799462746049992,4.946794655371322
Bearing3_2,1873,0.7507014028056113,0.6206205487251282,8.63651355912641,-0.0019118701591176956,3.8726367098403403
Bearing3_2,1874,0.7511022044088176,0.612138569355011,8.640836546178054,-0.005877377370715887,1.8960981766657239
Bearing3_2,1875,0.751503006012024,0.6666678786277771,8.660176366211312,-0.007653908377306427,1.5070151378678776
Bearing3_2,1876,0.7519038076152305,0.5933743715286255,8.6243992169324,-0.010027647376458372,4.29112173122812
Bearing3_2,1877,0.7523046092184369,0.6061853170394897,8.610645301039273,-0.011986288577555187,0.8797916796446251
Bearing3_2,1878,0.7527054108216433,0.5848929286003113,8.593702732534188,-0.01160929071555231,0.7924013395956082
Bearing3_2,1879,0.7531062124248497,0.6179614067077637,8.60084117386089,-0.00876558994179398,0.8321594344315195
Bearing3_2,1880,0.7535070140280561,0.5333173274993896,8.570950448284695,-0.00914507699040249,4.419542577017412
Bearing3_2,1881,0.7539078156312625,0.5711866617202759,8.567965853740267,-0.008808213070911721,1.953303236413154
Bearing3_2,1882,0.754308617234469,0.6211488246917725,8.60345219601755,-0.008129656984223969,1.138358185115357
Bearing3_2,1883,0.7547094188376754,0.5574458837509155,8.583878043255984,-0.007901870609410087,1.6943943328495423
Bearing3_2,1884,0.7551102204408817,0.6990625262260437,8.622845654936985,-0.004622372753154132,4.004210107337748
Bearing3_2,1885,0.7555110220440882,0.613404393196106,8.595582041084096,-0.0013225883625225348,5.2269669393803255
Bearing3_2,1886,0.7559118236472946,0.6340079307556152,8.59945300527814,0.0005861577610350111,1.2377568480718626
Bearing3_2,1887,0.756312625250501,0.5352964401245117,8.552215349840097,-0.0006962449060634993,5.876340291782012
Bearing3_2,1888,0.7567134268537075,0.6605697274208069,8.557865162361592,-0.002091738715368817,4.569699887160122
Bearing3_2,1889,0.7571142284569138,0.7533961534500122,8.588562804244601,-0.0009025248162742437,1.7478332021551153
Bearing3_2,1890,0.7575150300601202,0.6029133796691895,8.628744947360723,0.0006345560279083711,3.5004113240170294
Bearing3_2,1891,0.7579158316633267,0.6371521353721619,8.646579923792078,0.002244941415978525,0.4361153487441181
Bearing3_2,1892,0.7583166332665331,0.6071305871009827,8.656047874854805,0.005784618831388208,1.851435560735494
Bearing3_2,1893,0.7587174348697395,0.6362121105194092,8.677699519862669,0.00856282816812545,0.5544214644568213
Bearing3_2,1894,0.7591182364729459,0.5986880660057068,8.640599516078728,0.010778011694087954,1.798238325039069
Bearing3_2,1895,0.7595190380761523,0.670174777507782,8.657384127539833,0.011875946907836459,0.3679395008279597
Bearing3_2,1896,0.7599198396793587,0.6371366381645203,8.66606626910043,0.01295640155957506,1.925807795801748
Bearing3_2,1897,0.7603206412825652,0.6184114217758179,8.725612175621363,0.013328204218740012,0.8726878149715154
Bearing3_2,1898,0.7607214428857716,0.7488577365875244,8.754233870588703,0.013536064701419978,1.5067219591079748
Bearing3_2,1899,0.7611222444889779,0.6361593008041382,8.732569573546176,0.012228518946985612,3.412205250527348
Bearing3_2,1900,0.7615230460921844,0.6706222295761108,8.747637200731356,0.012676116709768273,0.49030734299017065
Bearing3_2,1901,0.7619238476953908,0.7183741927146912,8.757795657599397,0.013425692325981328,0.80568289058668
Bearing3_2,1902,0.7623246492985972,0.6108735799789429,8.76401640567966,0.013797708710665428,2.2546995505451433
Bearing3_2,1903,0.7627254509018037,0.6124633550643921,8.756452496156616,0.013891881748254948,1.8373780666457427
Bearing3_2,1904,0.76312625250501,0.6962844729423523,8.789493122951031,0.012360355676380795,2.279529981142647
Bearing3_2,1905,0.7635270541082164,0.6208215951919556,8.77468910952928,0.00933554106833571,4.641817336180553
Bearing3_2,1906,0.7639278557114229,0.6698619723320007,8.778394333242503,0.005669760439724971,0.2580962031150495
Bearing3_2,1907,0.7643286573146293,0.45244672894477844,8.635589117374371,-0.0031772207911104117,15.349995030921747
Bearing3_2,1908,0.7647294589178357,0.5422404408454895,8.564660464907814,-0.012893736028396071,8.66609761658366
Bearing3_2,1909,0.765130260521042,0.5915192365646362,8.555551950971267,-0.022253506305287385,2.7836397954462124
Bearing3_2,1910,0.7655310621242485,0.6135411262512207,8.537888631926878,-0.029426553716801165,0.83966157968412
Bearing3_2,1911,0.7659318637274549,0.7607848048210144,8.548895221349614,-0.03277960435278746,2.0117027607394165
Bearing3_2,1912,0.7663326653306614,0.6609177589416504,8.54987256365664,-0.03313250236970893,3.3441445305911985
Bearing3_2,1913,0.7667334669338677,0.6081503033638,8.551518027251284,-0.031304225528179845,1.753250723219324
Bearing3_2,1914,0.7671342685370741,0.7048820853233337,8.551627655098702,-0.02478320636437198,2.022891327170084
Bearing3_2,1915,0.7675350701402806,0.7627475261688232,8.587037938235635,-0.014434433647244121,1.1373477744406832
Bearing3_2,1916,0.767935871743487,0.6865640878677368,8.59894776139125,-0.0009144596462783178,2.543497475513382
Bearing3_2,1917,0.7683366733466934,0.6563381552696228,8.747309719042324,0.01335274700931009,1.777205892013035
Bearing3_2,1918,0.7687374749498997,0.6464731097221375,8.806660954366622,0.024774527831266047,0.3254979465857718
Bearing3_2,1919,0.7691382765531062,0.702408492565155,8.83003604122786,0.033930739862503924,0.8350043495935445
Bearing3_2,1920,0.7695390781563126,0.6703270077705383,8.837259129294072,0.038976304030677755,2.2344639301178506
Bearing3_2,1921,0.769939879759519,0.6634423732757568,8.805972489020583,0.03942036351069591,1.7660915003115025
Bearing3_2,1922,0.7703406813627255,0.6782382130622864,8.809247772212943,0.036992142862026754,0.3171365373840949
Bearing3_2,1923,0.7707414829659318,0.7419135570526123,8.830917120700025,0.032711642327370984,0.2395945584161508
Bearing3_2,1924,0.7711422845691382,0.7881762981414795,8.835442717756774,0.025298645386259797,0.41458009905846493
Bearing3_2,1925,0.7715430861723447,0.7455372214317322,8.83075766317809,0.01655060297837269,1.9512179207654228
Bearing3_2,1926,0.7719438877755511,0.6229966878890991,8.82123358587568,0.0051228751711228536,2.8502170207996627
Bearing3_2,1927,0.7723446893787576,0.6555461883544922,8.81725109654899,0.000674344219950277,1.3288867888081397
Bearing3_2,1928,0.7727454909819639,0.6881703734397888,8.811336708530854,-0.0009878149652178877,0.4328185334738295
Bearing3_2,1929,0.7731462925851703,0.7272444367408752,8.810098301790958,-0.0012158602928945973,0.3882369440061884
Bearing3_2,1930,0.7735470941883767,0.6626322269439697,8.822942657381107,-2.0095633216929842e-05,0.8948624759662878
Bearing3_2,1931,0.7739478957915832,0.6211481094360352,8.815095893860377,-0.001164579281836353,3.7738756981146357
Bearing3_2,1932,0.7743486973947896,0.6934416890144348,8.815831900143241,-0.0021611516457154586,1.0212089437373992
Bearing3_2,1933,0.774749498997996,0.6669146418571472,8.813631080557254,-0.0019129530930889547,0.40123958544372484
Bearing3_2,1934,0.7751503006012024,0.6259908676147461,8.791257990870161,-0.0023738706572749807,1.5860979711137204
Bearing3_2,1935,0.7755511022044088,0.4498157501220703,8.425866424562928,-0.022542001817566375,36.16339787645294
Bearing3_2,1936,0.7759519038076153,0.5215572118759155,8.350719016509895,-0.042536248405575856,25.982662348524045
Bearing3_2,1937,0.7763527054108217,0.5418145060539246,8.30266692467711,-0.05971381057150708,1.2430676329580448
Bearing3_2,1938,0.776753507014028,0.5319761037826538,8.257403374722179,-0.07351720227713598,0.7581392150289568
Bearing3_2,1939,0.7771543086172344,0.5343984961509705,8.21516986603714,-0.08299245692026094,0.27895638419064966
Bearing3_2,1940,0.7775551102204409,0.5512979030609131,8.188767003237688,-0.08584032357669377,0.5681646588468482
Bearing3_2,1941,0.7779559118236473,0.5540992617607117,8.197191999450043,-0.0810647849272478,0.6956124956257339
Bearing3_2,1942,0.7783567134268538,0.5831716656684875,8.186507523678364,-0.06933322460515297,1.0497923013294312
Bearing3_2,1943,0.7787575150300601,0.5932685732841492,8.173175698832331,-0.0508474017747575,0.6502329620804327
Bearing3_2,1944,0.7791583166332665,0.604065477848053,8.165214413461335,-0.0265242746501023,1.1682087362367375
Bearing3_2,1945,0.779559118236473,0.648383617401123,8.514542497648105,8.20808570923848e-05,0.7264143062183002
Bearing3_2,1946,0.7799599198396794,0.65672767162323,8.600553796191662,0.025295273043913144,0.40237342161048045
Bearing3_2,1947,0.7803607214428858,0.6225391030311584,8.64994196809069,0.046970592367504144,2.297647473033557
Bearing3_2,1948,0.7807615230460921,0.6609123349189758,8.702697637353918,0.06429652918829296,0.38416220554911207
Bearing3_2,1949,0.7811623246492986,0.605493426322937,8.724619236452574,0.07460511613689388,3.151043572435992
Bearing3_2,1950,0.781563126252505,0.6319347620010376,8.734269603701641,0.07750475201650552,0.6898788519235425
Bearing3_2,1951,0.7819639278557114,0.674523651599884,8.75141330955157,0.07528901280555567,0.4741839255441612
Bearing3_2,1952,0.7823647294589179,0.6603972911834717,8.771385843737379,0.0667325521035801,0.6345971806185455
Bearing3_2,1953,0.7827655310621242,0.6658800840377808,8.780392773612196,0.05068915598008311,1.5525707421049644
Bearing3_2,1954,0.7831663326653306,0.6837449073791504,8.798222508125734,0.027727331504956803,0.34069814009381094
Bearing3_2,1955,0.7835671342685371,0.4987889230251312,8.754210915260591,0.017980588247644907,6.704569282748599
Bearing3_2,1956,0.7839679358717435,0.6575896143913269,8.741040306730728,0.010344463002365632,3.055774807533864
Bearing3_2,1957,0.78436873747495,0.6926152110099792,8.74937717063975,0.004752753787343242,0.30977202397000375
Bearing3_2,1958,0.7847695390781563,0.6357473134994507,8.753150515805979,0.0016786328347053372,0.582412115675113
Bearing3_2,1959,0.7851703406813627,0.6720770597457886,8.765757186757178,0.00014203837747275697,2.2246849349805067
Bearing3_2,1960,0.7855711422845691,0.666890025138855,8.776618662094437,-0.0006573959757242549,0.709933561443674
Bearing3_2,1961,0.7859719438877756,0.8168823719024658,8.805736072274806,0.0007609838479693048,2.1583732300133835
Bearing3_2,1962,0.786372745490982,0.6499585509300232,8.806570811162725,0.002897939432806517,3.334928509076001
Bearing3_2,1963,0.7867735470941883,0.7268804311752319,8.824304168394487,0.006176146586480998,0.2674364201565929
Bearing3_2,1964,0.7871743486973948,0.7433753609657288,8.839978752103699,0.010965720670259993,0.4672412337570701
Bearing3_2,1965,0.7875751503006012,0.7394073009490967,8.916691058717097,0.016499359905845556,0.6760049088584301
Bearing3_2,1966,0.7879759519038076,0.7802512645721436,8.957463903044392,0.02140947561539562,0.7143082361041974
Bearing3_2,1967,0.7883767535070141,0.7659546136856079,8.98619404013068,0.025819164319785166,1.2417509686559596
Bearing3_2,1968,0.7887775551102204,0.6707354187965393,9.006250817605652,0.028703907903698367,1.0656181712497115
Bearing3_2,1969,0.7891783567134268,0.6992509961128235,9.027142800494804,0.030500776474679477,2.053940617346213
Bearing3_2,1970,0.7895791583166333,0.6442087888717651,9.03008162795074,0.030013732611345552,2.3414897667475065
Bearing3_2,1971,0.7899799599198397,0.6819607615470886,9.017175442030481,0.027691597275218496,0.7203217322590234
Bearing3_2,1972,0.790380761523046,0.6637464761734009,9.018319522182818,0.02292461411864772,1.8956351503480902
Bearing3_2,1973,0.7907815631262525,0.7463714480400085,9.003615207284076,0.015971150194928594,1.4229842215893345
Bearing3_2,1974,0.7911823647294589,0.8343209624290466,9.008746444361469,0.00816907703920149,1.636957194203836
Bearing3_2,1975,0.7915831663326653,0.6178597807884216,8.973447720189958,0.0015101037058273558,4.635473008161798
Bearing3_2,1976,0.7919839679358718,0.6550461053848267,8.931655246490312,-0.005398229013257629,1.37870291405481
Bearing3_2,1977,0.7923847695390781,0.6527763605117798,8.88919657826669,-0.012394314416919983,1.3225743936388759
Bearing3_2,1978,0.7927855711422845,0.6244481801986694,8.848675647060421,-0.019087787123029273,0.8775872444106985
Bearing3_2,1979,0.793186372745491,0.6392567753791809,8.8436306921608,-0.02275363826080796,1.4502771274742379
Bearing3_2,1980,0.7935871743486974,0.6057226061820984,8.827293989273512,-0.024890271261024857,3.570512729043549
Bearing3_2,1981,0.7939879759519038,0.6596910357475281,8.815020429220052,-0.026098751583966132,1.1147668496540473
Bearing3_2,1982,0.7943887775551102,0.580416738986969,8.774737545184475,-0.026977844325232446,4.804624077758248
Bearing3_2,1983,0.7947895791583166,0.6329578161239624,8.758657403037247,-0.026761814576889826,1.0256853886406934
Bearing3_2,1984,0.795190380761523,0.5282118320465088,8.677550816822183,-0.027658512462429622,4.8870892786526445
Bearing3_2,1985,0.7955911823647295,0.621356725692749,8.67457185266653,-0.027056455124993273,3.091656769892955
Bearing3_2,1986,0.7959919839679359,0.5665809512138367,8.648461039485813,-0.027042051086197515,3.7519456251461887
Bearing3_2,1987,0.7963927855711422,0.6825363636016846,8.689584706080248,-0.02418245878740737,5.396725487436404
Bearing3_2,1988,0.7967935871743487,0.6748130917549133,8.698117155477188,-0.021139317726942143,4.207157195046159
Bearing3_2,1989,0.7971943887775551,0.719358503818512,8.690953317165148,-0.016998310397008578,0.375547847949097
Bearing3_2,1990,0.7975951903807615,0.679421603679657,8.71170529189293,-0.01096385585021946,0.8684059844422906
Bearing3_2,1991,0.797995991983968,0.7806462049484253,8.73296565190538,-0.003186907519883958,1.0785812737850227
Bearing3_2,1992,0.7983967935871743,0.6492517590522766,8.75059401323482,0.0038606655510756214,5.149599428175699
Bearing3_2,1993,0.7987975951903807,0.5967437028884888,8.742613064869719,0.009693553561392084,1.6099932972446036
Bearing3_2,1994,0.7991983967935872,0.6118158102035522,8.76692065611446,0.011639681263660162,1.7022510710233718
Bearing3_2,1995,0.7995991983967936,0.6822487711906433,8.776453561514142,0.012823917234415507,1.6470714842608454
Bearing3_2,1996,0.8,0.6633760929107666,8.807682545923589,0.012735901671849122,1.5574005227306886
Bearing3_2,1997,0.8004008016032064,0.7323577404022217,8.797884348979203,0.012925059122396455,1.272991478769401
Bearing3_2,1998,0.8008016032064128,0.7305541038513184,8.811503521812128,0.013113187561215038,1.868722547099853
Bearing3_2,1999,0.8012024048096192,0.613776683807373,8.795476511830302,0.010575146036768405,3.0404171184462934
Bearing3_2,2000,0.8016032064128257,0.6215927600860596,8.774412867074263,0.007004695602448709,1.2784812887645463
Bearing3_2,2001,0.8020040080160321,0.7302002906799316,8.750546539612811,0.002789711002196997,0.8393757555371907
Bearing3_2,2002,0.8024048096192384,0.738207221031189,8.769158531306724,0.0005520483683344033,0.9535353153114304
Bearing3_2,2003,0.8028056112224449,0.7686566114425659,8.815676071563994,9.461842632332767e-05,1.2632865326413125
Bearing3_2,2004,0.8032064128256513,0.7868212461471558,8.879792195800379,0.003869325505106567,0.21464463107281237
Bearing3_2,2005,0.8036072144288577,0.8563599586486816,8.912269233913948,0.00868289454174915,1.5470224723656703
Bearing3_2,2006,0.8040080160320642,0.8012463450431824,8.945234804934922,0.01573026735350122,1.4309735942364474
Bearing3_2,2007,0.8044088176352705,0.7801814675331116,8.944855253369617,0.020436424113746316,2.0298746893383193
Bearing3_2,2008,0.8048096192384769,0.7356331944465637,8.944330890212209,0.024240458594989415,1.7584756414275418
Bearing3_2,2009,0.8052104208416834,0.7265229225158691,8.949095843288775,0.02562590356768009,2.526540880993373
Bearing3_2,2010,0.8056112224448898,0.7390060424804688,8.982691762576248,0.025577557742515508,1.687773295375149
Bearing3_2,2011,0.8060120240480962,0.6897048354148865,8.993661478000455,0.022011878861217096,1.4182455878765303
Bearing3_2,2012,0.8064128256513026,0.8237728476524353,9.018837896208726,0.018113410863144126,0.5907599785597317
Bearing3_2,2013,0.806813627254509,0.8382527828216553,9.021451730630215,0.014432268457915757,1.0923013357171498
Bearing3_2,2014,0.8072144288577154,0.6981925368309021,8.986754814575532,0.010638724864660994,3.572103336963914
Bearing3_2,2015,0.8076152304609219,0.6920649409294128,8.958268328458086,0.006159992220751342,0.9320054087206726
Bearing3_2,2016,0.8080160320641283,0.7302413582801819,8.938914957018065,0.002265761087037123,0.5890746407098698
Bearing3_2,2017,0.8084168336673346,0.866982102394104,8.949028451981722,-0.0010255240873542294,0.9703251424107654
Bearing3_2,2018,0.8088176352705411,0.6119763851165771,8.912281656024655,-0.006406721719741343,6.4180607167931525
Bearing3_2,2019,0.8092184368737475,0.6157154440879822,8.90194449981166,-0.011645625132126079,0.27501032003064046
Bearing3_2,2020,0.8096192384769539,0.7067915797233582,8.892868435958238,-0.01456832718429488,1.7832733848562736
Bearing3_2,2021,0.8100200400801604,0.6715826392173767,8.867131600260505,-0.01707477468117466,3.081545371393183
Bearing3_2,2022,0.8104208416833667,0.7146556973457336,8.843826301210507,-0.01764029693974591,0.9210163597393902
Bearing3_2,2023,0.8108216432865731,0.75165855884552,8.818217678557037,-0.017307044866489398,1.4488661732622354
Bearing3_2,2024,0.8112224448897796,0.8424149751663208,8.841927761518207,-0.015530200222351851,1.344628426408894
Bearing3_2,2025,0.811623246492986,0.6836622953414917,8.840817414048587,-0.01395753962914663,3.3475580767699644
Bearing3_2,2026,0.8120240480961923,0.8562915921211243,8.870076099805447,-0.010655528037211056,2.4823684468748333
Bearing3_2,2027,0.8124248496993988,0.7880250811576843,8.86945180142344,-0.005878925696260991,2.0819445948717727
Bearing3_2,2028,0.8128256513026052,0.7423229813575745,8.915999075274385,-4.860208108458411e-05,1.7301545983648998
Bearing3_2,2029,0.8132264529058116,0.7303085923194885,8.949287201939594,0.006863234159209888,1.278603739927559
Bearing3_2,2030,0.8136272545090181,0.7860057950019836,8.964714258525742,0.013437624354848722,0.2702772808524914
Bearing3_2,2031,0.8140280561122244,0.8176366686820984,9.005609754109543,0.019656030444088344,0.49786200772259503
Bearing3_2,2032,0.8144288577154308,0.8019686937332153,9.031645211458809,0.024062342708451274,0.796320531131291
Bearing3_2,2033,0.8148296593186373,0.7736184000968933,9.050276798849548,0.025501089014219547,1.961181975565964
Bearing3_2,2034,0.8152304609218437,0.8217458724975586,9.050799290450353,0.025736169237533798,0.4897513468213583
Bearing3_2,2035,0.8156312625250501,0.7423650026321411,9.074242418850394,0.02464416628248598,1.0480579327264121
Bearing3_2,2036,0.8160320641282565,0.7992796897888184,9.06583612463633,0.02221482324134889,0.7246009855307104
Bearing3_2,2037,0.8164328657314629,0.76169753074646,9.068440893174474,0.0175130898061478,0.9195032581249772
Bearing3_2,2038,0.8168336673346693,0.8117207884788513,9.081332778397677,0.014205712709535568,0.7041593102202782
Bearing3_2,2039,0.8172344689378758,0.7750307321548462,9.090743565727934,0.011626814843487127,1.571175147090688
Bearing3_2,2040,0.8176352705410822,0.8193736672401428,9.102652433548124,0.009011339433515455,0.4288994362280566
Bearing3_2,2041,0.8180360721442885,0.7100599408149719,9.097334748528421,0.0071601969702087195,2.216775143017364
Bearing3_2,2042,0.818436873747495,0.7713057398796082,9.103614881929966,0.006275486280344833,0.6202741661424671
Bearing3_2,2043,0.8188376753507014,0.7545294761657715,9.11270998755477,0.00625661844489945,1.7321618419672193
Bearing3_2,2044,0.8192384769539078,0.7407280206680298,9.11978737765599,0.005901856919208015,0.7281302568589152
Bearing3_2,2045,0.8196392785571143,0.7698769569396973,9.123560519417577,0.00647955911377994,1.3556505397185874
Bearing3_2,2046,0.8200400801603206,0.7898751497268677,9.126992687280346,0.006086255691841902,0.6981472598440709
Bearing3_2,2047,0.820440881763527,0.7537050247192383,9.120659864386184,0.004779885134049834,1.890923797849222
Bearing3_2,2048,0.8208416833667335,0.8165457248687744,9.115496845480564,0.0034183971512955504,0.7034642050043678
Bearing3_2,2049,0.8212424849699399,0.8336057066917419,9.123253356859914,0.0026932675253970367,0.35532024216414704
Bearing3_2,2050,0.8216432865731463,0.8590205311775208,9.122770361707818,0.0023416591564032314,0.6620437161966745
Bearing3_2,2051,0.8220440881763527,0.7102425694465637,9.124998918250665,0.0015132424077093944,1.9181186422278116
Bearing3_2,2052,0.8224448897795591,0.7187016010284424,9.114148641228885,0.00017634465766093614,0.8006444149603389
Bearing3_2,2053,0.8228456913827655,0.6900104284286499,9.10234692227174,-0.0013256247732317834,1.823562834764539
Bearing3_2,2054,0.823246492985972,0.7384735345840454,9.093281653134953,-0.0027246245104977918,0.485512323911236
Bearing3_2,2055,0.8236472945891784,0.6779089570045471,9.121459031049913,-0.002013852068041641,2.4886886366766503
Bearing3_2,2056,0.8240480961923847,0.6518975496292114,9.061443359036135,-0.004322377958301928,9.596973872203103
Bearing3_2,2057,0.8244488977955912,0.672995388507843,9.0396399469583,-0.007447831751882687,2.0148212423600813
Bearing3_2,2058,0.8248496993987976,0.7165095210075378,9.021628477061151,-0.010917871013223347,0.3292922982807241
Bearing3_2,2059,0.825250501002004,0.8303152918815613,9.014650107016296,-0.013113649476939897,0.8876438290428386
Bearing3_2,2060,0.8256513026052105,0.6571136713027954,8.971143234383987,-0.016398326732635794,4.280948981426962
Bearing3_2,2061,0.8260521042084168,0.7747921943664551,8.960835328140755,-0.018258778409968802,1.3566033706882716
Bearing3_2,2062,0.8264529058116232,0.8256199955940247,8.964349112044754,-0.01866105925023368,0.5467661295305751
Bearing3_2,2063,0.8268537074148297,0.7172855734825134,8.954214927183857,-0.018587143205094945,3.131438562926226
Bearing3_2,2064,0.8272545090180361,0.8486610054969788,8.9665528577171,-0.016649061072257502,1.7678596247022718
Bearing3_2,2065,0.8276553106212425,0.8487479090690613,8.95772539817266,-0.011777878260630361,0.5825770601575283
Bearing3_2,2066,0.8280561122244489,0.8191540837287903,9.025107918342654,-0.005247679963349281,1.8941383294581229
Bearing3_2,2067,0.8284569138276553,0.8614675998687744,9.064961169461027,0.0024432008102719988,0.8617554656560632
Bearing3_2,2068,0.8288577154308617,0.9798583984375,9.117901489293201,0.011514046823987125,1.0754565061703631
Bearing3_2,2069,0.8292585170340682,0.9113466739654541,9.142048398335584,0.02026982669481701,1.9454085308355977
Bearing3_2,2070,0.8296593186372746,0.9371005892753601,9.200489743874162,0.02776863643384828,0.8171267940934035
Bearing3_2,2071,0.8300601202404809,0.8714242577552795,9.232377772104632,0.03353964172693004,1.240383136362759
Bearing3_2,2072,0.8304609218436874,0.9687991142272949,9.261106653111181,0.03782050559016438,0.31046687774615433
Bearing3_2,2073,0.8308617234468938,0.9621500372886658,9.31116526470014,0.040559165748537566,0.9678517923537546
Bearing3_2,2074,0.8312625250501002,0.8649112582206726,9.319014548803906,0.040221826620650124,2.3390862540837745
Bearing3_2,2075,0.8316633266533067,0.9475507140159607,9.33128762430826,0.03569316774959132,0.7894833183234273
Bearing3_2,2076,0.832064128256513,0.8547768592834473,9.349550896982851,0.03212482841592683,1.272184357140509
Bearing3_2,2077,0.8324649298597194,0.9096683859825134,9.362877695786576,0.028007646623203132,1.3281980953061037
Bearing3_2,2078,0.8328657314629259,0.8408879637718201,9.340358923815494,0.022580413422982948,2.4067612654284223
Bearing3_2,2079,0.8332665330661323,0.8866003155708313,9.343611376861883,0.016243926936939313,0.6914937237807262
Bearing3_2,2080,0.8336673346693386,0.8215195536613464,9.33916634148623,0.011117886059931293,1.529339216939899
Bearing3_2,2081,0.8340681362725451,0.793621301651001,9.331817295380752,0.0060359282154186554,1.4911265337275321
Bearing3_2,2082,0.8344689378757515,0.8718729615211487,9.32218325644199,0.00113840851679051,0.15415262506566507
Bearing3_2,2083,0.8348697394789579,0.8259304165840149,9.308755867244855,-0.0018945959209726976,1.340727715695555
Bearing3_2,2084,0.8352705410821644,0.8054949045181274,9.29726217714951,-0.005002038484833556,2.1047266714662327
Bearing3_2,2085,0.8356713426853707,0.8610646724700928,9.281043632081394,-0.007912258816914756,0.33985669693770887
Bearing3_2,2086,0.8360721442885771,0.8803873062133789,9.259887876555258,-0.010149859851183754,1.7436042368353841
Bearing3_2,2087,0.8364729458917836,0.8562242388725281,9.245119820059703,-0.011217713496142671,0.6823656433215117
Bearing3_2,2088,0.83687374749499,0.9104337692260742,9.248603111192903,-0.012169452717037083,0.6536324904925912
Bearing3_2,2089,0.8372745490981964,0.8190425634384155,9.229590835264386,-0.012829203299150832,1.622721303604521
Bearing3_2,2090,0.8376753507014028,0.9189197421073914,9.238060843845641,-0.011941221934027538,1.1635923022471863
Bearing3_2,2091,0.8380761523046092,0.8426366448402405,9.245930873574554,-0.009888381443564024,1.5603044005163818
Bearing3_2,2092,0.8384769539078156,0.8621655106544495,9.23541181084981,-0.008010529736353165,1.7855231421069004
Bearing3_2,2093,0.8388777555110221,0.8850663304328918,9.243123063228465,-0.005555448444755797,0.5538597480334739
Bearing3_2,2094,0.8392785571142285,0.8023216128349304,9.24992597264412,-0.002699996233613799,2.2443040251168207
Bearing3_2,2095,0.8396793587174348,0.8828223943710327,9.2489195488051,-0.000406904030287939,0.6011159022258893
Bearing3_2,2096,0.8400801603206413,0.8428167104721069,9.249490828772501,0.000896348024381561,1.5610456449282117
Bearing3_2,2097,0.8404809619238477,0.8648130297660828,9.25253972517396,0.001507391241036171,0.5309405110500546
Bearing3_2,2098,0.8408817635270541,0.8459513187408447,9.26054660112229,0.002697454310852287,0.3460504754002968
Bearing3_2,2099,0.8412825651302606,0.8760120272636414,9.272687252788677,0.0031374801074867046,1.2762507666555425
Bearing3_2,2100,0.8416833667334669,0.8685259819030762,9.268690546536163,0.0034017901651672523,0.438394775886399
Bearing3_2,2101,0.8420841683366733,0.8308290243148804,9.2699683183735,0.0038891963935934653,1.0820476223133426
Bearing3_2,2102,0.8424849699398798,0.8771554231643677,9.273328283207663,0.003567239615579534,1.5993936027313398
Bearing3_2,2103,0.8428857715430862,0.8587039709091187,9.259807080418389,0.0025622525729961155,1.211846860865746
Bearing3_2,2104,0.8432865731462926,0.7829004526138306,9.265447656671682,0.002116230109030832,0.5095508449853137
Bearing3_2,2105,0.843687374749499,0.8456397652626038,9.27206348555899,0.0017758344917408642,0.6495132157680639
Bearing3_2,2106,0.8440881763527054,0.8595118522644043,9.28341022220594,0.001811904546912671,1.1187084193283503
Bearing3_2,2107,0.8444889779559118,0.823615312576294,9.278488019016017,0.0013716063889927068,2.048439241122118
Bearing3_2,2108,0.8448897795591183,0.885083794593811,9.277902083734954,0.001118615080878465,0.5206906949625238
Bearing3_2,2109,0.8452905811623247,0.8524263501167297,9.277326923896311,0.0014332587094741628,1.2934213364111236
Bearing3_2,2110,0.845691382765531,0.919293224811554,9.274833211169817,0.0012891961227282746,0.652602027497075
Bearing3_2,2111,0.8460921843687375,0.9117286801338196,9.27917444079516,0.0013926561273247338,0.5509035079178066
Bearing3_2,2112,0.8464929859719439,0.8955950736999512,9.287432650319758,0.0020589722170960556,1.1561597429481048
Bearing3_2,2113,0.8468937875751503,0.9398918151855469,9.294207844307767,0.002022468797690861,1.3931578086848928
Bearing3_2,2114,0.8472945891783568,0.9485025405883789,9.303589843980344,0.0024567702756230405,0.34684439644180054
Bearing3_2,2115,0.8476953907815631,0.8647682070732117,9.302522081321715,0.002811555870012185,1.4466194332887259
Bearing3_2,2116,0.8480961923847695,0.8087302446365356,9.293575985955584,0.003065626635891222,1.8654257946895043
Bearing3_2,2117,0.848496993987976,0.596541702747345,9.26030177365568,0.0010533721091181894,4.372455453203509
Bearing3_2,2118,0.8488977955911824,0.704304575920105,9.227092895563763,-0.0025888987824928523,0.39975844810877387
Bearing3_2,2119,0.8492985971943888,0.6412268877029419,9.176359288524406,-0.008420932372509363,2.9951519271317517
Bearing3_2,2120,0.8496993987975952,0.7177557349205017,9.147570284540853,-0.014765672660099205,1.7144914099691968
Bearing3_2,2121,0.8501002004008016,0.7352399230003357,9.115684021543519,-0.021017667419442436,0.8726410471761964
Bearing3_2,2122,0.850501002004008,0.6678637862205505,9.070418087285962,-0.027206463785113863,2.534208033588329
Bearing3_2,2123,0.8509018036072145,0.6832624077796936,9.025745153318534,-0.03274980648879233,1.319380354370397
Bearing3_2,2124,0.8513026052104209,0.6927520036697388,8.983384077634234,-0.03672419345175492,0.1799795742911143
Bearing3_2,2125,0.8517034068136272,0.7445240020751953,8.973515123575698,-0.037426789160654006,1.7468821312637495
Bearing3_2,2126,0.8521042084168337,0.6856082677841187,8.959487571021864,-0.03550296733331014,2.3696565515175236
Bearing3_2,2127,0.8525050100200401,0.8204824328422546,8.99409959323587,-0.029859941296908415,0.42739950377106206
Bearing3_2,2128,0.8529058116232465,0.7420321702957153,9.014539822515896,-0.022089225773544458,1.253282750358726
Bearing3_2,2129,0.853306613226453,0.6863158941268921,9.029325232377044,-0.014317872932525129,3.6260150387377523
Bearing3_2,2130,0.8537074148296593,0.7905657291412354,9.040229737366602,-0.006088764858889658,1.1780665577387721
Bearing3_2,2131,0.8541082164328657,0.8809926509857178,9.085241781913766,0.003770892319608252,2.704977118038961
Bearing3_2,2132,0.8545090180360722,0.8376927375793457,9.126360177445601,0.013224638966063124,2.963072739699566
Bearing3_2,2133,0.8549098196392786,0.8403112292289734,9.166771414297417,0.021226353356186774,1.4027369092132116
Bearing3_2,2134,0.855310621242485,0.8930362462997437,9.2141303144703,0.027277799546740044,0.8962100044988859
Bearing3_2,2135,0.8557114228456913,0.5885320901870728,9.15821225567165,0.026824315449391043,8.487007133283125
Bearing3_2,2136,0.8561122244488978,0.7543702125549316,9.157984493389339,0.0231844846682549,3.202985998011237
Bearing3_2,2137,0.8565130260521042,0.8157981634140015,9.151677143068627,0.01910206144307452,0.3272085541314916
Bearing3_2,2138,0.8569138276553107,0.6811339259147644,9.133088905548002,0.013458385398070857,2.344164080032521
Bearing3_2,2139,0.857314629258517,0.8207220435142517,9.166139510501498,0.009166205031793734,1.5789182344930972
Bearing3_2,2140,0.8577154308617234,0.9008342027664185,9.190332389055861,0.005262248335974139,0.3283906038721849
Bearing3_2,2141,0.8581162324649299,0.9658899903297424,9.189678998047857,0.0025040290193560303,0.3516421499281228
Bearing3_2,2142,0.8585170340681363,0.9302390813827515,9.20057696485986,0.0018155649747987489,1.8364104007302313
Bearing3_2,2143,0.8589178356713427,0.763698160648346,9.194267588171588,0.002577438144465754,3.068237922106854
Bearing3_2,2144,0.859318637274549,0.9250924587249756,9.188908352925363,0.005870962447086384,0.9939537538164627
Bearing3_2,2145,0.8597194388777555,0.6696282029151917,9.227331379704534,0.00783813836981164,4.159500308736595
Bearing3_2,2146,0.8601202404809619,0.8934275507926941,9.243909474836396,0.009856582310813102,1.140819906083478
Bearing3_2,2147,0.8605210420841684,0.8954106569290161,9.26825027550078,0.011740701340041822,0.6222825412237057
Bearing3_2,2148,0.8609218436873748,0.7400423884391785,9.276981571842075,0.011448849396424973,3.8590069147819737
Bearing3_2,2149,0.8613226452905811,0.8578628301620483,9.286749815042661,0.012149030851023816,1.767463732800499
Bearing3_2,2150,0.8617234468937875,0.8382570147514343,9.28238442518679,0.012762015616609427,1.1082834754481332
Bearing3_2,2151,0.862124248496994,0.9414083361625671,9.282612888187709,0.012228120343760907,0.701587144337674
Bearing3_2,2152,0.8625250501002004,0.6766886115074158,9.246170963554297,0.009306543452437374,5.344725733595928
Bearing3_2,2153,0.8629258517034069,0.9248061776161194,9.26569813538671,0.006476805382519036,2.481191960238825
Bearing3_2,2154,0.8633266533066132,0.9611490368843079,9.281668295187405,0.003295059773616071,0.6792515618966428
Bearing3_2,2155,0.8637274549098196,0.8944845795631409,9.31539583108543,0.0033901701230708214,2.3887979061102564
Bearing3_2,2156,0.864128256513026,0.8346924185752869,9.316780226543269,0.00359855139864219,2.1158806649299304
Bearing3_2,2157,0.8645290581162325,0.6073080897331238,9.262261694676193,0.0015726327777940588,4.934057220020413
Bearing3_2,2158,0.8649298597194389,0.8906989097595215,9.289326901353572,0.0016776734387631451,4.227472773317062
Bearing3_2,2159,0.8653306613226452,0.9979602098464966,9.30786093462989,0.0032952372250068434,0.9016656186867013
Bearing3_2,2160,0.8657314629258517,0.9745535850524902,9.337514212412849,0.005983334177660131,0.34757504895374974
Bearing3_2,2161,0.8661322645290581,0.4567350447177887,9.128514437361696,-0.0033815655781858503,22.9405470059402
Bearing3_2,2162,0.8665330661322646,0.4988064169883728,9.037912345420693,-0.018249999253938064,6.438880934661933
Bearing3_2,2163,0.866933867735471,0.5150336623191833,8.915948551347599,-0.03594484517353329,0.7543771733431361
Bearing3_2,2164,0.8673346693386773,0.5332659482955933,8.833847379761982,-0.052813870598490235,4.561997784438557
Bearing3_2,2165,0.8677354709418837,0.6402220726013184,8.829191528357857,-0.062260216853192676,5.0907202825076565
Bearing3_2,2166,0.8681362725450902,0.7328391075134277,8.845063865835936,-0.0648551207273249,0.3390896485205316
Bearing3_2,2167,0.8685370741482966,0.8267949223518372,8.914203653703018,-0.061595558167029475,0.34806441358622053
Bearing3_2,2168,0.868937875751503,0.7006039023399353,8.907990714049955,-0.05265165076721914,3.378348383993521
Bearing3_2,2169,0.8693386773547094,0.8273521661758423,8.896607057579931,-0.038470811049732954,0.4192587643885617
Bearing3_2,2170,0.8697394789579158,0.8350834846496582,8.870919763931894,-0.01872931577539748,1.5425629367862215
Bearing3_2,2171,0.8701402805611222,0.9531127214431763,9.085620061343429,0.004445476760168532,0.9751474427036362
Bearing3_2,2172,0.8705410821643287,0.9920218586921692,9.233391313401825,0.03016031177580162,0.43636637991428795
Bearing3_2,2173,0.8709418837675351,0.901045560836792,9.36967004493223,0.05280817050663073,1.7807847598338562
Bearing3_2,2174,0.8713426853707414,0.9038388133049011,9.439975880603637,0.06831782709462117,1.9790935382936155
Bearing3_2,2175,0.8717434869739479,0.9686884880065918,9.46675943125561,0.07763100240224237,1.033781308886013
Bearing3_2,2176,0.8721442885771543,0.9316664338111877,9.467688103887717,0.08032489261987764,2.6113914908887974
Bearing3_2,2177,0.8725450901803607,0.9448434114456177,9.475188864196886,0.08049027394791809,0.9996274919958867
Bearing3_2,2178,0.8729458917835672,0.9837225079536438,9.517251924919329,0.0757359873325074,0.5206265463938101
Bearing3_2,2179,0.8733466933867735,0.8244230151176453,9.538786349654297,0.06401241089713128,1.6392481875750666
Bearing3_2,2180,0.87374749498998,0.8049976825714111,9.527143925527335,0.04215731548345342,4.763269780467317
Bearing3_2,2181,0.8741482965931864,0.8092599511146545,9.529952319570818,0.026814526098426057,2.5759218897357448
Bearing3_2,2182,0.8745490981963928,0.8954200148582458,9.532596084932758,0.01608151334639893,0.34858080799286767
Bearing3_2,2183,0.8749498997995993,0.8473392128944397,9.524600964157424,0.010370927362823829,2.859989729943012
Bearing3_2,2184,0.8753507014028056,0.8162122368812561,9.550920995303036,0.008905084617100857,1.6336961462393758
Bearing3_2,2185,0.875751503006012,0.7010047435760498,9.517306253280847,0.006046491262730658,4.953788703729348
Bearing3_2,2186,0.8761523046092184,0.8733265995979309,9.518503374229985,0.0027024181716631414,0.8893336299484366
Bearing3_2,2187,0.8765531062124249,0.7885362505912781,9.527335475575867,-0.00027579592043912613,1.978635666491057
Bearing3_2,2188,0.8769539078156313,0.47216421365737915,9.418504010203986,-0.007018147849862781,11.413490359139582
Bearing3_2,2189,0.8773547094188376,0.5388397574424744,9.403180421529793,-0.011963759152331272,7.633027693638002
Bearing3_2,2190,0.8777555110220441,0.7878930568695068,9.432913243536238,-0.014420033552312297,0.9705737534732474
Bearing3_2,2191,0.8781563126252505,0.6106593012809753,9.421316217245243,-0.016179456668405135,1.814890300290105
Bearing3_2,2192,0.878557114228457,0.7775708436965942,9.416131542197089,-0.016728627977230688,0.45396750882852144
Bearing3_2,2193,0.8789579158316633,0.9515441060066223,9.438707037581702,-0.015167725253303625,0.45917114894706773
Bearing3_2,2194,0.8793587174348697,0.8196930885314941,9.446433328054493,-0.010389581256599015,0.6276265790181189
Bearing3_2,2195,0.8797595190380761,0.7638031840324402,9.49245048622707,-0.004075876073190131,1.1516139635310516
Bearing3_2,2196,0.8801603206412826,0.721036970615387,9.515409393295922,0.0038712232203262174,1.479753159073427
Bearing3_2,2197,0.880561122244489,0.8300129771232605,9.507928316635786,0.012036573342518982,1.337995948425431
Bearing3_2,2198,0.8809619238476953,0.8970645070075989,9.605865092585377,0.018523736690989244,1.0636488950511187
Bearing3_2,2199,0.8813627254509018,0.7724422812461853,9.623364071944696,0.022672773821610828,0.7662416098480908
Bearing3_2,2200,0.8817635270541082,0.47722169756889343,9.450067576008852,0.016682570211738385,19.16549280967148
Bearing3_2,2201,0.8821643286573146,0.6652154326438904,9.44887250045543,0.009646114273823718,15.413142617951806
Bearing3_2,2202,0.8825651302605211,0.7901948094367981,9.445686640566757,0.0017562236028901383,0.31362389251000555
Bearing3_2,2203,0.8829659318637274,0.7823901176452637,9.44303095637416,-0.005131733160418968,0.33086662547664336
Bearing3_2,2204,0.8833667334669338,0.6964485049247742,9.440168474555135,-0.011713150401033854,0.6025616808446214
Bearing3_2,2205,0.8837675350701403,0.6960511207580566,9.454709293456471,-0.014357683902199636,0.6476721109870186
Bearing3_2,2206,0.8841683366733467,0.7745306491851807,9.445572885749225,-0.015512504106799642,3.952752206179597
Bearing3_2,2207,0.8845691382765531,0.7004268765449524,9.449755023861183,-0.016091443009342,0.6086966224034209
Bearing3_2,2208,0.8849699398797595,0.8553794026374817,9.483639837610433,-0.007587870125593691,2.0253194809302744
Bearing3_2,2209,0.8853707414829659,0.7316446900367737,9.497472745060907,0.004318341848801084,2.348969345281667
Bearing3_2,2210,0.8857715430861723,0.7413002848625183,9.704283702573475,0.017478007254022546,0.37349144787374056
Bearing3_2,2211,0.8861723446893788,0.4982510507106781,9.251659758521185,0.0027880145944712913,50.4671943088119
Bearing3_2,2212,0.8865731462925852,0.4597412645816803,8.835879037515923,-0.032402859664802816,4.2244881833684795
Bearing3_2,2213,0.8869739478957915,0.44460204243659973,8.566932981882314,-0.07504895707995195,14.542870384752492
Bearing3_2,2214,0.887374749498998,0.6282985210418701,8.514086774216585,-0.11014903764672018,21.09114923873784
Bearing3_2,2215,0.8877755511022044,0.6573039293289185,8.456219081675318,-0.1362109171485163,0.569431789516257
Bearing3_2,2216,0.8881763527054108,0.6433042883872986,8.452004694016587,-0.15100885452998503,1.047686681921098
Bearing3_2,2217,0.8885771543086173,0.6353130340576172,8.460128536893802,-0.1530416131927159,1.4296209740487138
Bearing3_2,2218,0.8889779559118236,0.545042872428894,8.286055760072266,-0.15031479043858198,16.4458972354387
Bearing3_2,2219,0.88937875751503,0.8035477995872498,8.272697042451203,-0.13287826054237545,13.371004205770001
Bearing3_2,2220,0.8897795591182365,1.128472089767456,8.286275008631,-0.08606795104934567,2.8025774838335233
Bearing3_2,2221,0.8901803607214429,1.1097707748413086,8.788261408171806,-0.024863510652212758,1.9036305575494379
Bearing3_2,2222,0.8905811623246493,1.7297776937484741,9.267436572128702,0.040375991837362186,1.751095758758134
Bearing3_2,2223,0.8909819639278557,1.1033021211624146,9.56736853923572,0.09881468234371225,3.3368127986357883
Bearing3_2,2224,0.8913827655310621,0.9279389977455139,9.643072220733362,0.1457330924527833,0.9366005960505226
Bearing3_2,2225,0.8917835671342685,1.459302306175232,9.730533527897956,0.1798796010678777,1.479813630335654
Bearing3_2,2226,0.892184368737475,1.3340275287628174,9.779977169155291,0.20099584068069754,2.230169339020817
Bearing3_2,2227,0.8925851703406814,0.9883695840835571,9.798966302741167,0.20759280467924365,1.7551749917009165
Bearing3_2,2228,0.8929859719438877,0.5517968535423279,9.919508575260513,0.1929316133804715,6.0644232666513
Bearing3_2,2229,0.8933867735470942,0.8542793393135071,9.936866441513796,0.15852720554879854,3.5383234109965795
Bearing3_2,2230,0.8937875751503006,1.296309232711792,9.94021371367764,0.10503882365244173,1.5056842672193649
Bearing3_2,2231,0.894188376753507,1.063692569732666,9.944502938864394,0.06520241758357814,1.5029150354250334
Bearing3_2,2232,0.8945891783567135,0.902725100517273,9.918543706532217,0.04188001546108476,1.3595063684348057
Bearing3_2,2233,0.8949899799599198,0.9459406733512878,9.913055469201629,0.03036151172280267,1.1269276079159019
Bearing3_2,2234,0.8953907815631262,1.3382174968719482,9.930885337978774,0.020672313775651263,1.7203842778992686
Bearing3_2,2235,0.8957915831663327,1.1196650266647339,9.911247498304613,0.01225407090275597,2.4314126709169623
Bearing3_2,2236,0.8961923847695391,1.2255470752716064,9.912953950499675,0.005034677622423918,0.2991973791428079
Bearing3_2,2237,0.8965931863727455,1.008383870124817,9.916571979284308,-0.0023332661681047156,1.467504899775169
Bearing3_2,2238,0.8969939879759519,1.008497714996338,9.96954050154724,-0.00020138968594905207,1.0489434407004157
Bearing3_2,2239,0.8973947895791583,1.0439634323120117,9.98020182455083,0.003062756997691322,0.7467534569666823
Bearing3_2,2240,0.8977955911823647,1.0060949325561523,9.966235100488564,0.005262956476288138,1.048261284632134
Bearing3_2,2241,0.8981963927855712,0.973893940448761,9.963271351255454,0.007272034502366509,0.4346190621636404
Bearing3_2,2242,0.8985971943887776,1.333415150642395,9.973860825173903,0.007900608800141696,0.5423207374376139
Bearing3_2,2243,0.8989979959919839,1.2654632329940796,9.983649482298482,0.008026716832470615,1.161713544362114
Bearing3_2,2244,0.8993987975951904,1.35110604763031,9.982111919311645,0.008401930704032027,0.5744739738790549
Bearing3_2,2245,0.8997995991983968,1.0884708166122437,9.978097375240367,0.006628051874241821,2.6525001315344245
Bearing3_2,2246,0.9002004008016032,1.119752287864685,9.970618079663144,0.00374967340856779,0.3970351669305422
Bearing3_2,2247,0.9006012024048096,1.01398503780365,9.971281164756165,0.00044970599829509633,0.6838070846043875
Bearing3_2,2248,0.901002004008016,1.156761646270752,9.976788520904767,0.0003182330079372412,0.6454363086430595
Bearing3_2,2249,0.9014028056112224,1.0160863399505615,9.975609561373776,0.0007453532208855935,1.3729754934866731
Bearing3_2,2250,0.9018036072144289,0.6239702105522156,9.96024916582014,-0.0005408174650359789,2.457953143320726
Bearing3_2,2251,0.9022044088176353,0.8801708817481995,9.955818555860667,-0.002193684283458377,0.7827040623801929
Bearing3_2,2252,0.9026052104208416,1.175892949104309,9.952924890073664,-0.003208085575762666,0.5765678384786185
Bearing3_2,2253,0.9030060120240481,1.4967656135559082,9.959116300100394,-0.0029784275419371415,0.5233991726248984
Bearing3_2,2254,0.9034068136272545,1.1161062717437744,9.944339593114849,-0.003359904001014244,1.7687928433706932
Bearing3_2,2255,0.9038076152304609,1.1172517538070679,9.947835525268168,-0.0033604831450040704,0.7966031494212831
Bearing3_2,2256,0.9042084168336674,1.043395757675171,9.945727829325278,-0.003607836924697314,0.9952784641908609
Bearing3_2,2257,0.9046092184368737,1.032291293144226,9.942343671871177,-0.003693875434014472,0.7839987257032974
Bearing3_2,2258,0.9050100200400801,1.4633855819702148,9.958513439804562,-0.002180012035422109,1.6309821054723161
Bearing3_2,2259,0.9054108216432866,1.300812005996704,9.966935451456482,-6.38473506067955e-05,2.1796291929858618
Bearing3_2,2260,0.905811623246493,1.2764140367507935,9.991510464659244,0.002473886955841586,0.8471014307362351
Bearing3_2,2261,0.9062124248496994,1.1572602987289429,10.000680527698387,0.004837507687258835,0.7935756261337183
Bearing3_2,2262,0.9066132264529058,0.7710098624229431,9.986491743689442,0.005690502216173168,2.2606114021770787
Bearing3_2,2263,0.9070140280561122,0.6496198177337646,9.956638156694355,0.0049210089881584025,1.8031503264662412
Bearing3_2,2264,0.9074148296593186,0.8766836524009705,9.948047694484584,0.002727869397011181,0.6459653378976354
Bearing3_2,2265,0.9078156312625251,1.1827521324157715,9.961676324599729,0.0014662250906114786,1.52425246487968
Bearing3_2,2266,0.9082164328657315,1.0231143236160278,9.966123782422098,0.00013888906522035297,1.875174994215314
Bearing3_2,2267,0.9086172344689378,0.6562749147415161,9.948974395532247,-0.002596702234094553,2.929794938932511
Bearing3_2,2268,0.9090180360721443,1.143000602722168,9.93411684379151,-0.0051450933256610865,1.7114948766320248
Bearing3_2,2269,0.9094188376753507,1.1993424892425537,9.9319185557229,-0.006956207280380802,0.952533579308469
Bearing3_2,2270,0.9098196392785571,1.0468288660049438,9.925171351466147,-0.007072569123665533,1.311023879674006
Bearing3_2,2271,0.9102204408817636,0.7543556094169617,9.91357262205003,-0.006406140936212663,1.359521077660753
Bearing3_2,2272,0.9106212424849699,1.3279950618743896,9.935055726273937,-0.0044579725959508106,1.349246369037004
Bearing3_2,2273,0.9110220440881763,1.7517187595367432,9.980458169529982,-0.001400079606055877,1.0505715131449878
Bearing3_2,2274,0.9114228456913828,1.179404854774475,9.991531827575503,0.0014004061864509596,3.0670277425430355
Bearing3_2,2275,0.9118236472945892,1.4823369979858398,9.990714081715117,0.004537782599207954,0.6317789809309972
Bearing3_2,2276,0.9122244488977956,1.4005028009414673,9.99672275145966,0.007947429009032706,1.1724336785203122
Bearing3_2,2277,0.912625250501002,1.004226565361023,10.017139115146659,0.010956506202611932,1.603046519561416
Bearing3_2,2278,0.9130260521042084,1.3169784545898438,10.018489489199112,0.012222497687676989,0.7614717347451341
Bearing3_2,2279,0.9134268537074148,1.29657781124115,10.021734493399745,0.012496238131746726,0.7728348632290284
Bearing3_2,2280,0.9138276553106213,0.9550718665122986,10.029364859971581,0.011647688739262294,0.9249602552314714
Bearing3_2,2281,0.9142284569138277,0.9893912672996521,10.0392691812505,0.009303174806911821,1.0891627389157026
Bearing3_2,2282,0.914629258517034,0.8908748030662537,10.029051765553255,0.006309959582360395,0.8359814445000475
Bearing3_2,2283,0.9150300601202405,1.4016286134719849,10.019823520594874,0.004700869161641843,1.0475055824341166
Bearing3_2,2284,0.9154308617234469,1.490024209022522,10.03758987096421,0.004321940496650388,0.408275749961514
Bearing3_2,2285,0.9158316633266533,0.7300090193748474,10.01244604962947,0.0019587349634508826,4.096325063332961
Bearing3_2,2286,0.9162324649298598,0.9147636890411377,10.004058182389473,-0.0007248304109527912,0.566257362549041
Bearing3_2,2287,0.9166332665330661,1.0308494567871094,10.004802489304355,-0.0020956206281971305,0.6170991734357917
Bearing3_2,2288,0.9170340681362725,1.3838772773742676,10.0140577464338,-0.002722018842856047,0.8374732365948192
Bearing3_2,2289,0.917434869739479,0.5224401950836182,9.885614650458042,-0.010084352403237622,14.339933354634471
Bearing3_2,2290,0.9178356713426854,0.5809358954429626,9.785440834624188,-0.020752083686837824,1.95310233604509
Bearing3_2,2291,0.9182364729458918,0.794794499874115,9.765906000969654,-0.0288684084136375,7.091846355471829
Bearing3_2,2292,0.9186372745490982,0.8160262107849121,9.75993112083793,-0.03467830364524636,0.6533772791364151
Bearing3_2,2293,0.9190380761523046,0.8297609686851501,9.737659997175221,-0.03905613535004258,1.0415950508609204
Bearing3_2,2294,0.919438877755511,0.8360342383384705,9.715624444766926,-0.04003131899891558,0.4234221667909303
Bearing3_2,2295,0.9198396793587175,0.9128081798553467,9.72839637577704,-0.038083495394434334,0.6905630823698423
Bearing3_2,2296,0.9202404809619239,0.8112238645553589,9.722115960956762,-0.03359440467066582,1.4595454484594694
Bearing3_2,2297,0.9206412825651302,0.8325631022453308,9.713138756903827,-0.026127877689608125,0.9145677470802658
Bearing3_2,2298,0.9210420841683367,0.8608114123344421,9.693366603332404,-0.015587496701992061,0.6306138090841791
Bearing3_2,2299,0.9214428857715431,0.883804440498352,9.810993695160839,-0.003306800217858592,0.831369976445752
Bearing3_2,2300,0.9218436873747495,0.9380159378051758,9.903879154724807,0.008266617917776258,0.5708346347960066
Bearing3_2,2301,0.9222444889779559,0.784796416759491,9.914625691831471,0.01768827255982847,1.2144012373853459
Bearing3_2,2302,0.9226452905811623,1.0511209964752197,9.92569499422048,0.025512719070538144,0.6704971209204607
Bearing3_2,2303,0.9230460921843687,0.5294443368911743,9.864902919711568,0.026527233595580527,8.095541074161968
Bearing3_2,2304,0.9234468937875752,0.4945899248123169,9.784250751074987,0.020131163640058215,2.3057518793707694
Bearing3_2,2305,0.9238476953907816,0.6151465773582458,9.737167519577262,0.011186545472509296,2.7748698280648636
Bearing3_2,2306,0.9242484969939879,0.7661248445510864,9.723563376694678,0.0009748719318284595,1.8654245374907055
Bearing3_2,2307,0.9246492985971944,0.8169105648994446,9.688372043561875,-0.011772353574024081,3.0998250419291513
Bearing3_2,2308,0.9250501002004008,0.8056126832962036,9.645220221928927,-0.027891255790775355,1.4367054150003806
Bearing3_2,2309,0.9254509018036072,0.7561187744140625,9.618234699424171,-0.037056696974939116,0.9115758653786498
Bearing3_2,2310,0.9258517034068137,0.7956331968307495,9.511563140143945,-0.04351175020058803,8.620115319074227
Bearing3_2,2311,0.92625250501002,0.8482569456100464,9.430396562175995,-0.048922289877003755,1.283058749591332
Bearing3_2,2312,0.9266533066132264,0.7684147357940674,9.31315758584144,-0.05412028531960702,3.138048159891549
Bearing3_2,2313,0.9270541082164329,0.7903504371643066,9.251980608882878,-0.05928331588625275,2.7353130736165956
Bearing3_2,2314,0.9274549098196393,0.793975293636322,9.227186745967506,-0.06374618887461579,1.375687019856135
Bearing3_2,2315,0.9278557114228457,0.8366712331771851,9.173562219907932,-0.0675206271405314,0.3411947021894054
Bearing3_2,2316,0.928256513026052,0.7684126496315002,9.071739552030369,-0.07092439257776727,3.147643101124734
Bearing3_2,2317,0.9286573146292585,0.7042893767356873,8.950267979267313,-0.0753990741968196,5.129095521524721
Bearing3_2,2318,0.9290581162324649,0.7078420519828796,8.830706886586283,-0.08032534214012997,1.380667664337727
Bearing3_2,2319,0.9294589178356714,0.649553656578064,8.644425841360672,-0.08733854028887987,5.996869952150385
Bearing3_2,2320,0.9298597194388778,0.640524685382843,8.508811470252287,-0.09705657950387798,3.653361627011369
Bearing3_2,2321,0.9302605210420841,0.6449416279792786,8.37595275020379,-0.10727799749645552,1.3481568805578794
Bearing3_2,2322,0.9306613226452906,0.6044353246688843,8.176237039238263,-0.12342779436433876,10.025816451615478
Bearing3_2,2323,0.931062124248497,0.5751861929893494,7.900102817765988,-0.1449370678782117,10.510945329893051
Bearing3_2,2324,0.9314629258517034,0.5774075984954834,7.675810007394228,-0.16394702141136436,6.235474215072644
Bearing3_2,2325,0.9318637274549099,0.6014578342437744,7.3934514270334715,-0.18312875393091438,6.413490547719401
Bearing3_2,2326,0.9322645290581162,0.584757924079895,7.084985910891578,-0.20434695557883598,5.985424414285223
Bearing3_2,2327,0.9326653306613226,0.5829288959503174,6.797760425760346,-0.2252482444043159,3.5243687557685783
Bearing3_2,2328,0.9330661322645291,0.4511027932167053,6.570274747329874,-0.24043758182586641,4.93761810989841
Bearing3_2,2329,0.9334669338677355,0.5127911567687988,6.203857303079994,-0.2606328842002522,20.49004326838246
Bearing3_2,2330,0.9338677354709419,0.479065477848053,5.867615415092539,-0.27862696231717127,1.565379334907891
Bearing3_2,2331,0.9342685370741483,0.4849950671195984,5.766055095945059,-0.2790034445707041,24.59041827192619
Bearing3_2,2332,0.9346693386773547,0.5222298502922058,5.41775665978472,-0.2800572809911847,35.61764888361061
Bearing3_2,2333,0.9350701402805611,0.45801350474357605,5.499459923257992,-0.26162739805426233,32.20924414505233
Bearing3_2,2334,0.9354709418837676,0.5438745617866516,5.759708430286194,-0.2148562942798826,23.451981511885904
Bearing3_2,2335,0.935871743486974,0.6088037490844727,6.112884525680561,-0.14441947154309656,2.4381203293885996
Bearing3_2,2336,0.9362725450901803,0.8216889500617981,6.53368608410152,-0.05607218122489462,0.6995988215772778
Bearing3_2,2337,0.9366733466933868,0.9028756618499756,6.9799538158237935,0.04415104183656208,1.069703061587089
Bearing3_2,2338,0.9370741482965932,1.0893663167953491,7.377091426990302,0.14866219979278533,0.7201095171017695
Bearing3_2,2339,0.9374749498997996,1.2529270648956299,7.972011290471917,0.2514161063869783,0.5454749863641075
Bearing3_2,2340,0.9378757515030061,0.8562607169151306,8.553340207403028,0.3420305675856207,2.069165043361101
Bearing3_2,2341,0.9382765531062124,1.0448110103607178,8.760045071729198,0.4045949117157313,13.137637935923468
Bearing3_2,2342,0.9386773547094188,1.215337872505188,9.255438510132775,0.4346700327931158,5.840865158954244
Bearing3_2,2343,0.9390781563126253,0.5714004039764404,9.471821291144993,0.4354773794863782,5.94147173851673
Bearing3_2,2344,0.9394789579158317,0.5706014037132263,9.1228162393104,0.3864481526949428,32.37196187695506
Bearing3_2,2345,0.9398797595190381,0.7708732485771179,8.89122986642381,0.30756707181447906,14.760486468046437
Bearing3_2,2346,0.9402805611222445,1.626466989517212,8.852996156759817,0.22097703986836756,20.28086148039056
Bearing3_2,2347,0.9406813627254509,1.7880820035934448,8.878258584449474,0.1374032912727732,5.716361744622317
Bearing3_2,2348,0.9410821643286573,1.264469861984253,8.866107580191013,0.05663284659993084,4.252814380946197
Bearing3_2,2349,0.9414829659318638,0.9057996869087219,8.757704530090693,-0.008437848127496567,10.03573524725926
Bearing3_2,2350,0.9418837675350702,1.1969140768051147,8.75598216663163,-0.044370783243571806,8.872305375096891
Bearing3_2,2351,0.9422845691382765,1.092381477355957,8.869543972277471,-0.06278537993574868,1.1739840560791126
Bearing3_2,2352,0.942685370741483,1.2276942729949951,8.977500991437058,-0.04361244212017358,6.62802498531749
Bearing3_2,2353,0.9430861723446894,1.3100849390029907,9.087964320032016,-0.000619773481080551,5.380081181098041
Bearing3_2,2354,0.9434869739478958,1.4272563457489014,9.51015778248421,0.0467874377890135,1.2819989310038613
Bearing3_2,2355,0.9438877755511023,1.2842530012130737,9.71992916057013,0.08550258369349044,6.318854656692638
Bearing3_2,2356,0.9442885771543086,1.2550575733184814,9.768964761404904,0.11429864482776374,4.855611535125852
Bearing3_2,2357,0.944689378757515,1.651880145072937,9.754577693195815,0.1328914688796992,1.0579638420825046
Bearing3_2,2358,0.9450901803607215,1.236008644104004,9.666247200847874,0.13523414932274236,11.381102906561905
Bearing3_2,2359,0.9454909819639279,1.205767035484314,9.760118436768654,0.12577154692257206,9.047846534748377
Bearing3_2,2360,0.9458917835671342,1.9151300191879272,9.779359542734955,0.10509316356659029,1.5204017906785372
Bearing3_2,2361,0.9462925851703406,2.567737102508545,9.807494204454438,0.08111561090983846,0.7334737917738088
Bearing3_2,2362,0.9466933867735471,0.7816194295883179,9.82438241507514,0.05388727426513418,7.394031184690487
Bearing3_2,2363,0.9470941883767535,0.9977917671203613,9.809384936507854,0.022939885863840815,1.9557893470379737
Bearing3_2,2364,0.94749498997996,1.3696659803390503,9.81328693096437,0.011607072033038984,1.1213199983933
Bearing3_2,2365,0.9478957915831663,1.7154886722564697,9.879835257225082,0.014214632737577788,0.4107237046027871
Bearing3_2,2366,0.9482965931863727,1.8872387409210205,9.89607043699946,0.01903853304115911,0.6889142661450884
Bearing3_2,2367,0.9486973947895792,1.5385977029800415,9.897168583560406,0.021422519511767185,1.8233844382549753
Bearing3_2,2368,0.9490981963927856,1.4264800548553467,10.001862114905444,0.02189998831903472,0.9638340992921782
Bearing3_2,2369,0.949498997995992,2.6320879459381104,10.028768444815237,0.026035097951766298,1.6706557794088814
Bearing3_2,2370,0.9498997995991983,0.8147884011268616,9.981412817354718,0.02561355002323414,6.065399355798763
Bearing3_2,2371,0.9503006012024048,0.7103065252304077,9.914281368383891,0.02095680020947375,1.9232121831615445
Bearing3_2,2372,0.9507014028056112,0.698086142539978,9.925820175939744,0.01676093074099519,0.6962180254272229
Bearing3_2,2373,0.9511022044088177,0.5948575139045715,9.896255641482492,0.008723069781094635,2.127547721223458
Bearing3_2,2374,0.9515030060120241,0.6277927756309509,9.845529749540711,-0.002874503290343043,1.222258478438695
Bearing3_2,2375,0.9519038076152304,1.0656132698059082,9.827343463274314,-0.011418322571977252,3.3615454191667373
Bearing3_2,2376,0.9523046092184368,1.2387036085128784,9.811977230620222,-0.019081690510987983,0.46277321208572864
Bearing3_2,2377,0.9527054108216433,1.6504162549972534,9.82048760122756,-0.025188335053665876,0.7429555851150931
Bearing3_2,2378,0.9531062124248497,1.8312017917633057,9.83340712225561,-0.022681243240504034,0.6089602569915497
Bearing3_2,2379,0.9535070140280562,1.9206314086914062,9.822596490017661,-0.016928188250579474,1.5007380699848627
Bearing3_2,2380,0.9539078156312625,1.9021410942077637,9.868687305572786,-0.009319076608984777,0.3429535547390329
Bearing3_2,2381,0.9543086172344689,1.6118390560150146,9.914058287260115,-0.0023442442396886796,2.089076935097678
Bearing3_2,2382,0.9547094188376753,0.8458313345909119,9.735460204560287,-0.004339167621522997,21.764993714320305
Bearing3_2,2383,0.9551102204408818,0.7386523485183716,9.690020512671826,-0.008476195023157385,11.560136061597209
Bearing3_2,2384,0.9555110220440882,0.734697699546814,9.69960150831988,-0.012972529048463083,4.311662348084026
Bearing3_2,2385,0.9559118236472945,0.6897625923156738,9.669966348194091,-0.018528918271470646,0.667477266545569
Bearing3_2,2386,0.956312625250501,0.6701024770736694,9.609815708752187,-0.0264830655793976,3.4089317562947787
Bearing3_2,2387,0.9567134268537074,0.6499239206314087,9.52469043692025,-0.03606260880290418,2.2095935205985424
Bearing3_2,2388,0.9571142284569139,0.6907479763031006,9.460512654737528,-0.04469603675199467,1.7914158843170924
Bearing3_2,2389,0.9575150300601203,0.7697434425354004,9.429383223189811,-0.051228209570847096,1.7046926768107105
Bearing3_2,2390,0.9579158316633266,1.0274540185928345,9.40731199419736,-0.05112532515436604,0.6107612571309101
Bearing3_2,2391,0.958316633266533,1.1870766878128052,9.406446865066144,-0.042452469470427315,0.26615146869420986
Bearing3_2,2392,0.9587174348697395,0.9825865030288696,9.594784060412632,-0.02926034898159027,3.0771087168318743
Bearing3_2,2393,0.9591182364729459,1.58317232131958,9.689625851878464,-0.012219187276300338,1.9315094437945075
Bearing3_2,2394,0.9595190380761524,0.8045846819877625,9.51449203809759,-0.004087262239571312,22.719611917817165
Bearing3_2,2395,0.9599198396793587,0.8132616877555847,9.446818902554883,0.0006214746709549245,10.316713144258596
Bearing3_2,2396,0.9603206412825651,0.6498988270759583,9.441860226257079,0.003754513222312908,3.479484244250343
Bearing3_2,2397,0.9607214428857715,0.6671037673950195,9.455029917008082,0.003966704450022051,0.36573610278304214
Bearing3_2,2398,0.961122244488978,0.5978641510009766,9.420024361764787,-0.0011646471184825525,3.3280000864952775
Bearing3_2,2399,0.9615230460921844,0.5493354201316833,9.355141102172102,-0.011419613822826956,1.37049328017813
Bearing3_2,2400,0.9619238476953907,0.5929152369499207,9.272513440483767,-0.02675305466096862,1.4036413380291384
Bearing3_2,2401,0.9623246492985972,0.5931963324546814,9.192369166560376,-0.04488175476169646,0.4149957918413204
Bearing3_2,2402,0.9627254509018036,0.6183983087539673,9.144361728664249,-0.05047834816692269,0.3312163781824966
Bearing3_2,2403,0.96312625250501,0.5734427571296692,9.065790740249128,-0.04857818112436208,1.433060669962497
Bearing3_2,2404,0.9635270541082165,0.5845494866371155,9.216654322618377,-0.04256304127578756,0.23181826525046575
Bearing3_2,2405,0.9639278557114228,0.5996258854866028,9.245905951600381,-0.03585374627068764,2.1130250635781147
Bearing3_2,2406,0.9643286573146292,0.6606703996658325,9.274139808447329,-0.025499692633735065,2.768540334991935
Bearing3_2,2407,0.9647294589178357,0.5901932716369629,9.25417746065511,-0.013323540186172975,5.047849300585735
Bearing3_2,2408,0.9651302605210421,0.6355267763137817,9.267317254242569,-0.0003298001791150174,0.19282385582494463
Bearing3_2,2409,0.9655310621242486,0.7197602391242981,9.302202629611394,0.012092223087605512,0.9085509822085626
Bearing3_2,2410,0.9659318637274549,0.8915722966194153,9.375732945612047,0.023658158539511562,2.671869541989277
Bearing3_2,2411,0.9663326653306613,0.9779030680656433,9.434384791580111,0.03182918847807651,1.303011500288873
Bearing3_2,2412,0.9667334669338677,0.8856645226478577,9.48888085796222,0.03683871254113914,0.5120091400867077
Bearing3_2,2413,0.9671342685370742,1.0948586463928223,9.549229826793054,0.03572594320005162,0.8763860538182919
Bearing3_2,2414,0.9675350701402805,1.1711114645004272,9.58099164068678,0.04054334087725145,2.622546867271174
Bearing3_2,2415,0.9679358717434869,0.839809238910675,9.632112645978765,0.0456830557077429,1.1157253380183265
Bearing3_2,2416,0.9683366733466934,0.8313567638397217,9.626713489401993,0.04772923494652955,2.9383579713915613
Bearing3_2,2417,0.9687374749498998,0.8216037750244141,9.564084003584457,0.04075481685209466,10.84437154926431
Bearing3_2,2418,0.9691382765531062,0.8444781303405762,9.488603586455676,0.026782828390655655,1.122054202491856
Bearing3_2,2419,0.9695390781563126,1.0421311855316162,9.388700760381216,0.00700502798958462,1.7425719509016095
Bearing3_2,2420,0.969939879759519,0.9962937235832214,9.233828668480575,-0.017366782185051444,2.9022917036885523
Bearing3_2,2421,0.9703406813627254,0.9810749888420105,9.08071707615552,-0.04445995885068051,1.1216776714515861
Bearing3_2,2422,0.9707414829659319,0.9848974347114563,8.946748170506222,-0.07094057787868104,1.637189524541872
Bearing3_2,2423,0.9711422845691383,0.9699079394340515,8.822169466659,-0.09362182904349266,0.4674437056236325
Bearing3_2,2424,0.9715430861723446,0.9077070355415344,8.721604577664722,-0.11085813068011892,0.5126334650102402
Bearing3_2,2425,0.9719438877755511,1.89749014377594,8.759618479090403,-0.11219606687985378,13.781342830380687
Bearing3_2,2426,0.9723446893787575,0.9971858859062195,8.663251133947046,-0.10857466062418243,16.651765047396708
Bearing3_2,2427,0.972745490981964,1.2930467128753662,8.799016139117395,-0.09004485792335876,12.539829849457359
Bearing3_2,2428,0.9731462925851704,0.9641548991203308,8.813624480747972,-0.0664767145243973,13.670377435594805
Bearing3_2,2429,0.9735470941883767,1.0994690656661987,8.942367888357076,-0.03436482692496144,10.101223235573345
Bearing3_2,2430,0.9739478957915831,0.8970228433609009,8.929940567808755,-0.007845503881850789,17.296229289928462
Bearing3_2,2431,0.9743486973947896,1.2617442607879639,9.096252344564856,0.02122142326170193,17.03238047512434
Bearing3_2,2432,0.974749498997996,1.9458553791046143,9.260791247481976,0.050143632994909974,1.5686909222640666
Bearing3_2,2433,0.9751503006012024,1.2253164052963257,9.39391185526143,0.07421513711444619,3.1002924684425817
Bearing3_2,2434,0.9755511022044088,1.7302520275115967,9.53531679088412,0.09236510101860237,0.7921406594246568
Bearing3_2,2435,0.9759519038076152,1.179722547531128,9.413946342199697,0.09656594038387294,12.761793829077412
Bearing3_2,2436,0.9763527054108216,1.546244502067566,9.558711809053255,0.09430734143936478,10.7391389810014
Bearing3_2,2437,0.9767535070140281,0.9888367056846619,9.409256362052323,0.08209355875942047,17.2063808119279
Bearing3_2,2438,0.9771543086172345,1.5641125440597534,9.549188119792811,0.07108945566572392,15.932001637124277
Bearing3_2,2439,0.9775551102204408,1.0680770874023438,9.445445727728526,0.05409364758434188,14.805531398131413
Bearing3_2,2440,0.9779559118236473,1.6425000429153442,9.637797229960267,0.040663338383634014,12.961583839162031
Bearing3_2,2441,0.9783567134268537,0.8424370288848877,9.190005439409864,0.005315393456019914,47.4480424566092
Bearing3_2,2442,0.9787575150300601,0.9763495326042175,8.86672081656405,-0.037833399127436856,13.916724031600195
Bearing3_2,2443,0.9791583166332666,0.9672662019729614,8.584624110349925,-0.08271796630796795,1.0037489039583722
Bearing3_2,2444,0.9795591182364729,1.0829095840454102,8.375014939101733,-0.11979921687977854,7.656120926935189
Bearing3_2,2445,0.9799599198396793,1.6026084423065186,8.48417453516816,-0.14495340604168638,19.30554274435057
Bearing3_2,2446,0.9803607214428858,2.1708261966705322,8.496689071068506,-0.14850399173356196,0.6850087780763136
Bearing3_2,2447,0.9807615230460922,1.547526240348816,8.658543293076045,-0.14031685889800052,2.446438710961384
Bearing3_2,2448,0.9811623246492986,1.962764859199524,8.66789707808224,-0.11319118340696234,0.5206190974909266
Bearing3_2,2449,0.981563126252505,1.0781199932098389,8.616926423999079,-0.08507956922522374,20.893358677622988
Bearing3_2,2450,0.9819639278557114,1.684023380279541,8.610488360117598,-0.034453030455153535,17.297617237402445
Bearing3_2,2451,0.9823647294589178,1.1415436267852783,8.946131612604804,0.017080764775618235,13.239472044393198
Bearing3_2,2452,0.9827655310621243,1.7932631969451904,9.259095722793935,0.0670890678488648,11.779406618510505
Bearing3_2,2453,0.9831663326653307,1.5303294658660889,9.550184007547042,0.10941240717643147,1.1302208401696137
Bearing3_2,2454,0.983567134268537,1.8669793605804443,9.766011348923804,0.13783044586318918,0.4423548578130159
Bearing3_2,2455,0.9839679358717435,1.7891641855239868,9.779081036665172,0.15737812046969754,0.9481509842955126
Bearing3_2,2456,0.9843687374749499,0.8672418594360352,9.301510617241316,0.13601496548284278,48.457663610437336
Bearing3_2,2457,0.9847695390781563,0.9153963327407837,9.169034638856614,0.10846071682492735,32.512218997996214
Bearing3_2,2458,0.9851703406813628,1.0659868717193604,9.10223381002691,0.07169859837331286,6.828653295561215
Bearing3_2,2459,0.9855711422845691,1.0272096395492554,9.198321873227552,0.03151491573989039,4.665723725660867
Bearing3_2,2460,0.9859719438877755,1.07389235496521,9.075402933072345,-0.022849858181714512,5.122352912926474
Bearing3_2,2461,0.986372745490982,0.9403260946273804,9.039387787829764,-0.06243820589564345,4.500503162389289
Bearing3_2,2462,0.9867735470941884,0.8340855240821838,8.925864744727223,-0.08848482346588961,4.14282482386802
Bearing3_2,2463,0.9871743486973948,1.219868779182434,8.4667222154507,-0.11613052997596067,36.29348275057245
Bearing3_2,2464,0.9875751503006012,1.2224899530410767,8.279740589968958,-0.12645387460723542,27.742404743461357
Bearing3_2,2465,0.9879759519038076,1.6917027235031128,8.168716434748214,-0.12394636659561291,6.2809013335924835
Bearing3_2,2466,0.988376753507014,1.127140760421753,8.341379648935895,-0.1243393221121078,20.4783020373598
Bearing3_2,2467,0.9887775551102205,2.286684036254883,8.483688911092221,-0.11416373499959633,29.32370939271452
Bearing3_2,2468,0.9891783567134268,1.8725535869598389,8.480758188171075,-0.10029417314701379,8.083577067512142
Bearing3_2,2469,0.9895791583166332,1.325620412826538,8.319571369705368,-0.08127771085365926,20.567699935310834
Bearing3_2,2470,0.9899799599198397,2.3287875652313232,8.45813095188289,-0.05224652792433637,25.26584581223623
Bearing3_2,2471,0.9903807615230461,1.848860740661621,8.560679497453563,-0.01254071302624634,8.352803173018904
Bearing3_2,2472,0.9907815631262525,1.9204661846160889,8.62074772106541,0.028675872290819873,0.4738170749346429
Bearing3_2,2473,0.9911823647294589,1.6747338771820068,8.950500357597868,0.060967851268940595,8.793931601973625
Bearing3_2,2474,0.9915831663326653,1.0862298011779785,8.876901385193504,0.07091592166383238,12.768365458639009
Bearing3_2,2475,0.9919839679358717,1.6881871223449707,8.982836560816162,0.07200235134797664,24.626525021430524
Bearing3_2,2476,0.9923847695390782,1.9774938821792603,9.307564788973627,0.09244398804633772,1.7377059629504772
Bearing3_2,2477,0.9927855711422846,1.789963722229004,9.325254157678557,0.11162644851432604,1.453622659197984
Bearing3_2,2478,0.9931863727454909,1.9667556285858154,9.360216346854088,0.12231976508700829,6.220213330292588
Bearing3_2,2479,0.9935871743486974,2.1700046062469482,9.641910592413852,0.12697233553574555,4.819695376959431
Bearing3_2,2480,0.9939879759519038,1.7486850023269653,9.6596027558441,0.12579888434453126,1.3365130824421314
Bearing3_2,2481,0.9943887775551102,2.2912192344665527,9.715813224428953,0.1199647338237331,4.344662307916524
Bearing3_2,2482,0.9947895791583167,2.225069284439087,9.800767074439452,0.10876735697489877,2.9390803578214078
Bearing3_2,2483,0.995190380761523,2.2274270057678223,9.964682830408313,0.11419108375532926,0.6494320635855951
Bearing3_2,2484,0.9955911823647294,2.9843313694000244,10.254269976435728,0.11821075400350427,0.7294182570283856
Bearing3_2,2485,0.9959919839679359,2.7470061779022217,10.276199886671169,0.11379356935158086,2.082937781922902
Bearing3_2,2486,0.9963927855711423,2.67600679397583,10.269776470050838,0.11499743384171274,0.836283046491903
Bearing3_2,2487,0.9967935871743487,2.6880455017089844,10.252525592687654,0.10477646073991223,2.2176091687005526
Bearing3_2,2488,0.9971943887775551,3.1023688316345215,10.319544969843358,0.0893022488824389,2.827342540093484
Bearing3_2,2489,0.9975951903807615,2.847287893295288,10.307711752550082,0.08033397944641639,3.15650685553648
Bearing3_2,2490,0.9979959919839679,2.6430749893188477,10.288113336536593,0.06340586597002333,1.8730282015463169
Bearing3_2,2491,0.9983967935871744,2.860424518585205,10.314900082547842,0.04406790223393109,0.8678863213187663
Bearing3_2,2492,0.9987975951903808,2.7698965072631836,10.323662005102785,0.023609792660700665,1.1596677047566681
Bearing3_2,2493,0.9991983967935871,2.4736409187316895,10.17901660110486,-0.0001484695285934874,16.076858094251314
Bearing3_2,2494,0.9995991983967936,3.2950124740600586,10.185612827001894,-0.006839112942240586,15.235869541234958
Bearing3_2,2495,1.0,3.4533443450927734,10.207771795843414,-0.01002688344054709,0.5038803755227669
Bearing3_3,0,0.0,0.46687355637550354,,,
Bearing3_3,1,0.002702702702702703,0.44667941331863403,,,
Bearing3_3,2,0.005405405405405406,0.44147640466690063,,,
Bearing3_3,3,0.008108108108108109,0.4348800778388977,,,
Bearing3_3,4,0.010810810810810811,0.4549129009246826,,,
Bearing3_3,5,0.013513513513513514,0.4338145852088928,,,
Bearing3_3,6,0.016216216216216217,0.431896448135376,,,
Bearing3_3,7,0.01891891891891892,0.4307205080986023,,,
Bearing3_3,8,0.021621621621621623,0.4292741119861603,,,
Bearing3_3,9,0.024324324324324326,0.4161643385887146,,,
Bearing3_3,10,0.02702702702702703,0.42387568950653076,,,
Bearing3_3,11,0.02972972972972973,0.4216671586036682,,,
Bearing3_3,12,0.032432432432432434,0.4161001145839691,,,
Bearing3_3,13,0.03513513513513514,0.42073822021484375,,,
Bearing3_3,14,0.03783783783783784,0.44205060601234436,,,
Bearing3_3,15,0.04054054054054054,0.41601452231407166,0.9766010340425376,0.0,1.0497086976093044
Bearing3_3,16,0.043243243243243246,0.42131832242012024,1.001738271564807,0.025137237522269484,0.4442729031605538
Bearing3_3,17,0.04594594594594595,0.4200674295425415,1.01045698530745,0.016927975632456238,0.8766324647828758
Bearing3_3,18,0.04864864864864865,0.41448649764060974,1.033088976409915,0.017818254084477493,0.2606284686507736
Bearing3_3,19,0.051351351351351354,0.4261673390865326,1.0176379404012432,0.011342451756251903,2.4118066556481574
Bearing3_3,20,0.05405405405405406,0.41662266850471497,0.9905534450208638,0.0040026586429544085,1.9823782215954946
Bearing3_3,21,0.05675675675675676,0.41576501727104187,0.9846229242553276,0.0003170347372955914,0.33835050991668986
Bearing3_3,22,0.05945945945945946,0.41621750593185425,1.0019162182994026,0.00019604638550269984,0.8644850956882293
Bearing3_3,23,0.062162162162162166,0.4214281439781189,0.9836492671207563,-0.0010912813496105826,3.729009541698864
Bearing3_3,24,0.06486486486486487,0.41921237111091614,0.9789524721718804,-0.0019433125747190876,0.5177882629554493
Bearing3_3,25,0.06756756756756757,0.41347697377204895,0.9617403550177167,-0.005338224693270622,2.2634881244687155
Bearing3_3,26,0.07027027027027027,0.41770559549331665,0.9713240061839465,-0.0063544469252120065,2.3335905352542743
Bearing3_3,27,0.07297297297297298,0.426675409078598,0.967505458632222,-0.006629048224030523,2.1832811040568987
Bearing3_3,28,0.07567567567567568,0.41414597630500793,0.9486694897087965,-0.005901642036990012,1.6169461094820259
Bearing3_3,29,0.07837837837837838,0.43468964099884033,0.9352313440635983,-0.0059140281741915345,1.832209093784076
Bearing3_3,30,0.08108108108108109,0.42377784848213196,0.9231243193066551,-0.007393562670916528,1.8172565998693897
Bearing3_3,31,0.08378378378378379,0.4171949028968811,0.9214106713437529,-0.008544614189814859,1.1403803893833835
Bearing3_3,32,0.08648648648648649,0.41592392325401306,0.8738710179164244,-0.010369642318034293,3.6672121861788214
Bearing3_3,33,0.0891891891891892,0.41733500361442566,0.8669042717500393,-0.012240408492899903,0.5212037263623839
Bearing3_3,34,0.0918918918918919,0.4149184823036194,0.8627884369976961,-0.013233703555446051,0.5515439249859649
Bearing3_3,35,0.0945945945945946,0.4175163805484772,0.861788728698974,-0.014020953727300871,1.8859534623977812
Bearing3_3,36,0.0972972972972973,0.41476568579673767,0.8373701686254676,-0.014289680415492324,0.3527163634418407
Bearing3_3,37,0.1,0.40770861506462097,0.8019771305003605,-0.01511982341324727,3.195744532929588
Bearing3_3,38,0.10270270270270271,0.4141082167625427,0.7868896499283728,-0.016022247180952798,0.6041049552302079
Bearing3_3,39,0.10540540540540541,0.42001840472221375,0.7753901073375131,-0.016486827347773906,1.5779579860504993
Bearing3_3,40,0.10810810810810811,0.40869879722595215,0.7808374010021769,-0.015523947853335808,0.323283359471544
Bearing3_3,41,0.11081081081081082,0.40741607546806335,0.7604258509992838,-0.014063978910467437,1.4866883705276646
Bearing3_3,42,0.11351351351351352,0.41238734126091003,0.7595164172425812,-0.013871594518035426,1.780651622481053
Bearing3_3,43,0.11621621621621622,0.4102860987186432,0.7504392411887384,-0.013252662192070903,0.5652009383983275
Bearing3_3,44,0.11891891891891893,0.40763208270072937,0.7095783874588137,-0.013725195349273014,2.7306815532414577
Bearing3_3,45,0.12162162162162163,0.4073258340358734,0.6781495589611255,-0.014121583953065257,1.0984108190002717
Bearing3_3,46,0.12432432432432433,0.40585142374038696,0.645737323623431,-0.015687887340930986,0.1482323030568223
Bearing3_3,47,0.12702702702702703,0.412020206451416,0.6205025583117384,-0.018667345984416942,2.5157835337507275
Bearing3_3,48,0.12972972972972974,0.3989260494709015,0.5885900556491614,-0.022193626845344188,0.32992671222461767
Bearing3_3,49,0.13243243243243244,0.397636741399765,0.5653173619442151,-0.025352332089820233,0.6565851475916817
Bearing3_3,50,0.13513513513513514,0.405297189950943,0.5143095232416193,-0.028383793862935446,2.770685116142854
Bearing3_3,51,0.13783783783783785,0.4047197103500366,0.48326556251351854,-0.031238691642496822,0.5990612622288513
Bearing3_3,52,0.14054054054054055,0.4038938283920288,0.4459597754205206,-0.03282956080502292,2.450713941196915
Bearing3_3,53,0.14324324324324325,0.40764617919921875,0.4089292290801083,-0.033244736452469385,0.5248374394808071
Bearing3_3,54,0.14594594594594595,0.40524882078170776,0.3890879569700599,-0.03332670492296038,1.0442864620496
Bearing3_3,55,0.14864864864864866,0.40544602274894714,0.36262428534602875,-0.03306266913353224,1.5339883380982215
Bearing3_3,56,0.15135135135135136,0.40158507227897644,0.3157077382639605,-0.03369398464848628,2.1287330082510585
Bearing3_3,57,0.15405405405405406,0.4057154953479767,0.2771201254020028,-0.03411203812384819,1.7014543841445104
Bearing3_3,58,0.15675675675675677,0.41434264183044434,0.23480294731175816,-0.03480359018273176,0.7271256921586562
Bearing3_3,59,0.15945945945945947,0.4107227027416229,0.18938194583039974,-0.03523583574108098,0.9114760437940173
Bearing3_3,60,0.16216216216216217,0.4167575538158417,0.15882649289689496,-0.03617847202611181,1.3311698618269374
Bearing3_3,61,0.16486486486486487,0.4039342999458313,0.12161685460470731,-0.03691143711083565,0.29193070722524095
Bearing3_3,62,0.16756756756756758,0.41282156109809875,0.07668463970146762,-0.0381986820521323,3.057279171616625
Bearing3_3,63,0.17027027027027028,0.4121939241886139,0.04564121823239352,-0.0391718453663265,1.0085797532030754
Bearing3_3,64,0.17297297297297298,0.40992456674575806,0.01512291707853278,-0.038728903722337976,0.8848593851430406
Bearing3_3,65,0.17567567567567569,0.40674111247062683,-0.019181191983511724,-0.03738843050040817,1.8694788778972697
Bearing3_3,66,0.1783783783783784,0.4117893576622009,-0.04364121847962165,-0.035881965167621745,1.150785595242458
Bearing3_3,67,0.1810810810810811,0.40434888005256653,-0.039876339528163246,-0.03238690539502469,1.2125997972264058
Bearing3_3,68,0.1837837837837838,0.4221361577510834,-0.06454856547118923,-0.029216367214061522,3.4378586434586094
Bearing3_3,69,0.1864864864864865,0.42994657158851624,-0.10453863540789218,-0.027626669155276392,2.3171823308503448
Bearing3_3,70,0.1891891891891892,0.4188065528869629,-0.11696004441952675,-0.025188858980713554,1.5214435056033035
Bearing3_3,71,0.1918918918918919,0.40751463174819946,-0.1448699213763113,-0.023411181164891826,1.613163952615423
Bearing3_3,72,0.1945945945945946,0.41591352224349976,-0.14143671887821296,-0.021211576012650182,0.3970116887429728
Bearing3_3,73,0.1972972972972973,0.4162825345993042,-0.16205307478341308,-0.019562165540088865,1.3902686401251465
Bearing3_3,74,0.2,0.423008531332016,-0.18801198198472877,-0.018845742288574198,1.4509376597231787
Bearing3_3,75,0.20270270270270271,0.4139215052127838,-0.20222062534836466,-0.0187290353511728,0.7556537958634765
Bearing3_3,76,0.20540540540540542,0.4103004038333893,-0.2239256654061948,-0.019208248324365185,1.8732210558420677
Bearing3_3,77,0.20810810810810812,0.42394787073135376,-0.25214086855722057,-0.018790214425072983,0.6663648341883647
Bearing3_3,78,0.21081081081081082,0.4064379632472992,-0.2524939005933814,-0.017463348499360286,0.7267276001589854
Bearing3_3,79,0.21351351351351353,0.41929078102111816,-0.2500617006704276,-0.016391696511543135,2.073934227004718
Bearing3_3,80,0.21621621621621623,0.41800814867019653,-0.27881917980464743,-0.015952812286216207,1.6056158567467227
Bearing3_3,81,0.21891891891891893,0.4118834137916565,-0.27518645918539714,-0.01521450921350223,1.6625023423185121
Bearing3_3,82,0.22162162162162163,0.41977572441101074,-0.3052935747332338,-0.01430993787917175,3.24967509268541
Bearing3_3,83,0.22432432432432434,0.41465142369270325,-0.3245722583747347,-0.013845211126784702,0.4313496538271677
Bearing3_3,84,0.22702702702702704,0.41260358691215515,-0.3195411767933336,-0.012866726058029292,1.0492906790086711
Bearing3_3,85,0.22972972972972974,0.41202032566070557,-0.3312852935383792,-0.011881778795869005,2.3060908201669523
Bearing3_3,86,0.23243243243243245,0.4066460430622101,-0.3296164699910907,-0.01068838724480269,0.4713762548965536
Bearing3_3,87,0.23513513513513515,0.40985044836997986,-0.35862625712693186,-0.011677260601094332,2.464726176129906
Bearing3_3,88,0.23783783783783785,0.4185565114021301,-0.4006715028263505,-0.013692314481950303,1.9532525713015585
Bearing3_3,89,0.24054054054054055,0.4204351305961609,-0.42022619100783026,-0.014815748908351047,0.2800219544626251
Bearing3_3,90,0.24324324324324326,0.4226057827472687,-0.43083669283740544,-0.016372503372738396,0.8267237468446668
Bearing3_3,91,0.24594594594594596,0.418875515460968,-0.473141287387563,-0.01815196327999937,1.4831957465444476
Bearing3_3,92,0.24864864864864866,0.41884705424308777,-0.4814902518335873,-0.019994509821418472,0.2316149133447441
Bearing3_3,93,0.25135135135135134,0.42833223938941956,-0.4974181729130681,-0.021855380335995933,1.0102659082321566
Bearing3_3,94,0.25405405405405407,0.4235500693321228,-0.5381107123165195,-0.023505336475779362,1.4680607073641614
Bearing3_3,95,0.25675675675675674,0.4172624349594116,-0.5652228587121497,-0.024767750377440376,1.0342719307172827
Bearing3_3,96,0.2594594594594595,0.4225563704967499,-0.5954594127493217,-0.024732569109203403,1.0881657802681768
Bearing3_3,97,0.26216216216216215,0.42347434163093567,-0.6218853118353245,-0.024850447627341076,2.061012234870131
Bearing3_3,98,0.2648648648648649,0.41626715660095215,-0.6387387046809267,-0.025499599653886262,1.0181259151228632
Bearing3_3,99,0.26756756756756755,0.42271000146865845,-0.6599029309333033,-0.02572114684745275,0.3262317420947182
Bearing3_3,100,0.2702702702702703,0.4271378517150879,-0.6888097826476453,-0.025321625590737164,1.4035987189898558
Bearing3_3,101,0.27297297297297296,0.4131191074848175,-0.7070199621289701,-0.025608746611374168,0.5785367375175717
Bearing3_3,102,0.2756756756756757,0.41655516624450684,-0.7398230149616631,-0.02540682966181536,1.3664917421211193
Bearing3_3,103,0.27837837837837837,0.4109189510345459,-0.7548611624346887,-0.023955730487258773,0.8247838890979681
Bearing3_3,104,0.2810810810810811,0.42358696460723877,-0.7651406107512013,-0.022657643368722415,1.1328549230930636
Bearing3_3,105,0.28378378378378377,0.4236467778682709,-0.7961175150785735,-0.02210480444672496,2.9657427785086643
Bearing3_3,106,0.2864864864864865,0.41406089067459106,-0.8060217556090545,-0.021309243988063102,1.3452056063774678
Bearing3_3,107,0.2891891891891892,0.41054970026016235,-0.804265004001226,-0.019627316497620076,1.0244072574817944
Bearing3_3,108,0.2918918918918919,0.4215659201145172,-0.8022483229378656,-0.01674828480959874,0.860467339766713
Bearing3_3,109,0.2945945945945946,0.41198623180389404,-0.8206168187890924,-0.014300184727173192,2.2230390103129904
Bearing3_3,110,0.2972972972972973,0.4177432060241699,-0.8239009308521478,-0.012010294352103296,0.31139513047932027
Bearing3_3,111,0.3,0.41338858008384705,-0.8350310659821518,-0.009904045759188577,1.2232277787126449
Bearing3_3,112,0.3027027027027027,0.417451411485672,-0.827991458187521,-0.00804903900446526,0.547531449299404
Bearing3_3,113,0.3054054054054054,0.4106637239456177,-0.8544616042937943,-0.00757169316312392,2.647585992869294
Bearing3_3,114,0.3081081081081081,0.4220334589481354,-0.8784507973571376,-0.007880867232894807,0.7101235241821875
Bearing3_3,115,0.3108108108108108,0.42351534962654114,-0.8830903273556927,-0.00913477672312762,1.1841985448803942
Bearing3_3,116,0.31351351351351353,0.42494669556617737,-0.8972305707242743,-0.010766039010925807,0.5573215077861778
Bearing3_3,117,0.3162162162162162,0.42094099521636963,-0.9279620760324928,-0.012850887055435594,2.5533441079461063
Bearing3_3,118,0.31891891891891894,0.4150714874267578,-0.9439620227835244,-0.014174655615095596,0.7357293321389107
Bearing3_3,119,0.3216216216216216,0.4276353418827057,-0.9609658031888102,-0.01593272767972378,2.3597950841389723
Bearing3_3,120,0.32432432432432434,0.42547643184661865,-0.9772605369148207,-0.017097344395432378,0.32542697771357404
Bearing3_3,121,0.327027027027027,0.4252975583076477,-0.9967762690426815,-0.01820956028359822,1.4626680788361708
Bearing3_3,122,0.32972972972972975,0.41974958777427673,-1.0147920374212505,-0.0178745993447648,0.7139504373260311
Bearing3_3,123,0.3324324324324324,0.4175300598144531,-1.0122136292543946,-0.016899424922294074,0.5455813453824943
Bearing3_3,124,0.33513513513513515,0.4263342022895813,-1.013772490561737,-0.0156964130788637,1.1810383242596059
Bearing3_3,125,0.33783783783783783,0.419517457485199,-1.0197977113247003,-0.013491088692655005,1.520718856215619
Bearing3_3,126,0.34054054054054056,0.4143824279308319,-1.0436865246713398,-0.011874414180604722,1.4029574218825382
Bearing3_3,127,0.34324324324324323,0.414097398519516,-1.0501933557730598,-0.010886201064989304,0.8655567319444094
Bearing3_3,128,0.34594594594594597,0.41850873827934265,-1.0718709204436707,-0.010665472414923648,0.9809254655234287
Bearing3_3,129,0.34864864864864864,0.411244660615921,-1.0869199597599195,-0.010848774934458544,1.735619515823827
Bearing3_3,130,0.35135135135135137,0.41765183210372925,-1.0922947253529363,-0.010884845018727062,1.1935257027694142
Bearing3_3,131,0.35405405405405405,0.4159986972808838,-1.1003155439113343,-0.011265109306364186,1.7488760485588006
Bearing3_3,132,0.3567567567567568,0.42186227440834045,-1.1220212522075461,-0.01277535103092773,0.787426729668251
Bearing3_3,133,0.35945945945945945,0.4177555441856384,-1.1595304361649987,-0.0148599063082735,2.0299212056938787
Bearing3_3,134,0.3621621621621622,0.4245990812778473,-1.1952105246536335,-0.017208914052026972,1.0024717785585122
Bearing3_3,135,0.36486486486486486,0.4213187098503113,-1.2155512082019158,-0.018869846111800714,0.49885645197252293
Bearing3_3,136,0.3675675675675676,0.4187779426574707,-1.2291786168350147,-0.020493909267068355,0.7145765851878221
Bearing3_3,137,0.37027027027027026,0.4223114252090454,-1.249069665720926,-0.021388338469395217,1.534096205755167
Bearing3_3,138,0.372972972972973,0.4138619303703308,-1.2644252323962952,-0.022154893075111846,0.4983846566932667
Bearing3_3,139,0.37567567567567567,0.4137912094593048,-1.2674290498208327,-0.021754569895339537,0.5725177096880305
Bearing3_3,140,0.3783783783783784,0.41377779841423035,-1.302691060065602,-0.02144795782832045,2.1114334498987106
Bearing3_3,141,0.3810810810810811,0.42191845178604126,-1.335192011733629,-0.02089858757784251,1.4731810266323109
Bearing3_3,142,0.3837837837837838,0.4316664934158325,-1.3660180240719062,-0.02063069591317206,0.6425504088001904
Bearing3_3,143,0.3864864864864865,0.4294966459274292,-1.3913786257141738,-0.02128918542779656,1.501123024257085
Bearing3_3,144,0.3891891891891892,0.43188387155532837,-1.4102952019450714,-0.022547879671843553,0.3712283328858753
Bearing3_3,145,0.3918918918918919,0.42708009481430054,-1.4350842563607007,-0.023907662729156558,0.6469350153312251
Bearing3_3,146,0.3945945945945946,0.4163874387741089,-1.4446135461034144,-0.02403471249150558,0.9349876728514771
Bearing3_3,147,0.3972972972972973,0.4248681962490082,-1.4600984963941959,-0.023721133355825853,2.192446334740621
Bearing3_3,148,0.4,0.4235042333602905,-1.485220639941886,-0.023243632183853596,1.3853683306468043
Bearing3_3,149,0.4027027027027027,0.41268348693847656,-1.505736968793893,-0.021409150019437682,0.3791243899521403
Bearing3_3,150,0.40540540540540543,0.4134259819984436,-1.5132582550706837,-0.019447139680703326,0.7740038695321831
Bearing3_3,151,0.4081081081081081,0.42499884963035583,-1.5175473485774298,-0.01733348037165895,1.1782895848056965
Bearing3_3,152,0.41081081081081083,0.4235718846321106,-1.5217385950985496,-0.015293134279120798,0.6689762246734945
Bearing3_3,153,0.4135135135135135,0.42141488194465637,-1.523855252446205,-0.013171426926828437,1.3476050960050434
Bearing3_3,154,0.41621621621621624,0.42420148849487305,-1.5242305418945634,-0.010725517696421149,0.317058905358263
Bearing3_3,155,0.4189189189189189,0.42220860719680786,-1.5277139617983633,-0.00874118239211772,1.0737756313762372
Bearing3_3,156,0.42162162162162165,0.43348419666290283,-1.565406008401541,-0.008325278577045358,2.5053970601537565
Bearing3_3,157,0.4243243243243243,0.42197734117507935,-1.5762411274680304,-0.008068560217735093,0.7440272842312132
Bearing3_3,158,0.42702702702702705,0.43444013595581055,-1.588731379769972,-0.008760148449906021,1.6716547495744853
Bearing3_3,159,0.4297297297297297,0.41822800040245056,-1.596866735907402,-0.010008563003002865,0.5891251801015854
Bearing3_3,160,0.43243243243243246,0.4274772107601166,-1.6025566015470378,-0.010964149711096079,0.598334161303509
Bearing3_3,161,0.43513513513513513,0.4198124408721924,-1.6012497665520578,-0.011051989877775222,0.4463905288174166
Bearing3_3,162,0.43783783783783786,0.41616299748420715,-1.6215458421236417,-0.011511730383407807,2.7240772365110897
Bearing3_3,163,0.44054054054054054,0.42977797985076904,-1.6203897449110933,-0.01083973671850154,1.0156418160161218
Bearing3_3,164,0.44324324324324327,0.42431798577308655,-1.6424691268383238,-0.010226977213275517,2.4440364554964513
Bearing3_3,165,0.44594594594594594,0.4246091842651367,-1.6707022116388135,-0.009953237176283948,1.5165621798268247
Bearing3_3,166,0.4486486486486487,0.42325979471206665,-1.6701802769932725,-0.010430640176529874,0.45671756834116956
Bearing3_3,167,0.45135135135135135,0.43511074781417847,-1.6853594305404116,-0.011188347143273806,0.9632686112724341
Bearing3_3,168,0.4540540540540541,0.4213521182537079,-1.6933277615946605,-0.011890727738289468,0.9468616012073634
Bearing3_3,169,0.45675675675675675,0.42677903175354004,-1.717266221681313,-0.013173364664470137,1.0641177044832275
Bearing3_3,170,0.4594594594594595,0.4309999644756317,-1.7436654792394854,-0.014815897763449132,0.8109149748280513
Bearing3_3,171,0.46216216216216216,0.42417773604393005,-1.7731517725739898,-0.016269241163524267,0.8243540528286251
Bearing3_3,172,0.4648648648648649,0.42805418372154236,-1.777743176699532,-0.017242435814347513,0.4278490780615478
Bearing3_3,173,0.46756756756756757,0.43088972568511963,-1.7901258089221603,-0.016920672595557688,0.21058422468204344
Bearing3_3,174,0.4702702702702703,0.42501360177993774,-1.7979708506753447,-0.016441372703774288,1.9656504372568853
Bearing3_3,175,0.47297297297297297,0.4294593930244446,-1.8082639447460622,-0.016520850580280598,1.727658430149689
Bearing3_3,176,0.4756756756756757,0.4256953299045563,-1.8393710363240519,-0.01659486831670485,1.8179714431064427
Bearing3_3,177,0.4783783783783784,0.4236867427825928,-1.8542122388701059,-0.01643955267901671,0.7816519127053957
Bearing3_3,178,0.4810810810810811,0.424743115901947,-1.8506314686069048,-0.014573443662956084,1.0865653661971804
Bearing3_3,179,0.4837837837837838,0.42980241775512695,-1.8532074583507971,-0.012537028917342251,1.6294823930251114
Bearing3_3,180,0.4864864864864865,0.4301624596118927,-1.8619904347215956,-0.011091863548323054,1.4505344760683723
Bearing3_3,181,0.4891891891891892,0.42853909730911255,-1.8843119771426227,-0.011395747861149741,2.156533445291077
Bearing3_3,182,0.4918918918918919,0.42822909355163574,-1.9091030228298607,-0.012010568218999701,0.5927423924857731
Bearing3_3,183,0.4945945945945946,0.4273293614387512,-1.9444332677761822,-0.013785761102335408,0.9763490104556823
Bearing3_3,184,0.4972972972972973,0.424316942691803,-1.9662510010397447,-0.015403621506574428,0.6134427364490784
Bearing3_3,185,0.5,0.4233332872390747,-1.9673922123353982,-0.01573017667269208,0.49155284984023834
Bearing3_3,186,0.5027027027027027,0.42537224292755127,-1.9504276390632338,-0.015276370097777821,0.3181786923284409
Bearing3_3,187,0.5054054054054054,0.4288991391658783,-1.9603597819563596,-0.015007589635386974,2.1521400383684504
Bearing3_3,188,0.5081081081081081,0.429292768239975,-1.987398540697162,-0.014688295655417344,0.7768680826957711
Bearing3_3,189,0.5108108108108108,0.42704910039901733,-2.010610094179897,-0.014149036368459334,1.2815264756952356
Bearing3_3,190,0.5135135135135135,0.42318686842918396,-2.0207401155666673,-0.0128399447233287,0.26331188091209523
Bearing3_3,191,0.5162162162162162,0.4239756166934967,-2.023220615649024,-0.011230017355060877,1.3172452536502295
Bearing3_3,192,0.518918918918919,0.4217759370803833,-2.0323207807776074,-0.010085457936514662,1.154726159157722
Bearing3_3,193,0.5216216216216216,0.4314155578613281,-2.034252992645467,-0.009908092974482273,0.594529186278706
Bearing3_3,194,0.5243243243243243,0.41959139704704285,-2.038321619173651,-0.010318444708900015,0.928629829945633
Bearing3_3,195,0.527027027027027,0.4283156991004944,-2.0567604762583285,-0.010937049787235783,1.1300944916903246
Bearing3_3,196,0.5297297297297298,0.43615150451660156,-2.0811516297633643,-0.010671858184999758,0.6781983436028665
Bearing3_3,197,0.5324324324324324,0.43258100748062134,-2.10386046824681,-0.010722940138976657,1.8020849762040554
Bearing3_3,198,0.5351351351351351,0.42567095160484314,-2.1150839007692737,-0.011449390979439008,0.559698744995013
Bearing3_3,199,0.5378378378378378,0.43646949529647827,-2.1296666381128526,-0.012970999421465436,1.6014310191048329
Bearing3_3,200,0.5405405405405406,0.43615809082984924,-2.1401753006206183,-0.014298032772330977,0.6116580798941036
Bearing3_3,201,0.5432432432432432,0.4308287799358368,-2.1534526515207553,-0.015066952722585937,1.6019127776845705
Bearing3_3,202,0.5459459459459459,0.43361589312553406,-2.14826853993141,-0.014581210493246035,0.8076879969510414
Bearing3_3,203,0.5486486486486486,0.4304860234260559,-2.162993752914873,-0.013622048440209263,2.2306136330763473
Bearing3_3,204,0.5513513513513514,0.43140268325805664,-2.1956090520421894,-0.013152650407881937,2.537413387645998
Bearing3_3,205,0.5540540540540541,0.4271155297756195,-2.2184594049546806,-0.013252378062868539,0.38940620174910295
Bearing3_3,206,0.5567567567567567,0.4324490427970886,-2.2444530363177466,-0.014436030041675043,1.0819095818852236
Bearing3_3,207,0.5594594594594594,0.42931145429611206,-2.2471345328895116,-0.015300457046875611,0.7084765937556319
Bearing3_3,208,0.5621621621621622,0.4345095157623291,-2.2651056777562237,-0.016156701823361683,1.1328285219182868
Bearing3_3,209,0.5648648648648649,0.43101605772972107,-2.269118238153451,-0.01638555023851753,0.3949526799801086
Bearing3_3,210,0.5675675675675675,0.4374200403690338,-2.2986064074739945,-0.017233099328758945,2.3441306385444705
Bearing3_3,211,0.5702702702702702,0.4333224296569824,-2.312333009814135,-0.017794151856915623,0.5176979332217485
Bearing3_3,212,0.572972972972973,0.43014296889305115,-2.3414675018813833,-0.017672928533773384,0.9547096018495406
Bearing3_3,213,0.5756756756756757,0.44167381525039673,-2.362268131711328,-0.017326160285707777,1.445863228211189
Bearing3_3,214,0.5783783783783784,0.4273744225502014,-2.3481699039934982,-0.015969304057927656,0.9804472899602681
Bearing3_3,215,0.581081081081081,0.43608585000038147,-2.3435893199815863,-0.014036732206072253,1.1650769283088043
Bearing3_3,216,0.5837837837837838,0.43432384729385376,-2.3416951316710963,-0.01221702350661385,1.1264102706101558
Bearing3_3,217,0.5864864864864865,0.4205314815044403,-2.3427519089450515,-0.009455031577145216,0.39002172628104315
Bearing3_3,218,0.5891891891891892,0.4329055845737457,-2.3442030435241117,-0.006811270269702616,1.1515326227687628
Bearing3_3,219,0.5918918918918918,0.42144984006881714,-2.345798613583694,-0.003563288134199186,0.481755311020611
Bearing3_3,220,0.5945945945945946,0.42719516158103943,-2.331528911050067,-0.0005733774463493977,0.7321041365423501
Bearing3_3,221,0.5972972972972973,0.43786224722862244,-2.332757471969722,0.0018334746544319317,1.5635610482850457
Bearing3_3,222,0.6,0.42359259724617004,-2.3114340676046106,0.003708691305864444,1.5403535356170392
Bearing3_3,223,0.6027027027027027,0.4295829236507416,-2.2920205396238638,0.004892077382410808,1.6652962152093018
Bearing3_3,224,0.6054054054054054,0.4201514422893524,-2.2904728800508876,0.006248277137005557,0.847436851375781
Bearing3_3,225,0.6081081081081081,0.4203004240989685,-2.2925914611039215,0.007094932326560941,1.5827081859922532
Bearing3_3,226,0.6108108108108108,0.43331852555274963,-2.2929385053180305,0.007430781187225897,0.9526355381310596
Bearing3_3,227,0.6135135135135135,0.4260057806968689,-2.297416958878336,0.006860909534179411,0.4191299958015846
Bearing3_3,228,0.6162162162162163,0.43066033720970154,-2.3120253480141186,0.004847959804010881,2.1408310322928483
Bearing3_3,229,0.6189189189189189,0.43143215775489807,-2.3329601596763956,0.0011967072457460893,0.8779154361571506
Bearing3_3,230,0.6216216216216216,0.4293630123138428,-2.3429843059039586,-0.0022056210458082015,0.597857494378907
Bearing3_3,231,0.6243243243243243,0.43072769045829773,-2.3348970089871313,-0.005109874841344162,0.35027667488267034
Bearing3_3,232,0.6270270270270271,0.432884156703949,-2.3521052116688055,-0.007505263801025725,1.0247916460145572
Bearing3_3,233,0.6297297297297297,0.42367878556251526,-2.3753299512948,-0.009380237977176055,2.2870965578336904
Bearing3_3,234,0.6324324324324324,0.4235004186630249,-2.3838222548886967,-0.01060544035757159,0.7252067667719592
Bearing3_3,235,0.6351351351351351,0.4277961850166321,-2.393895382065746,-0.011389817201610745,1.642275019403292
Bearing3_3,236,0.6378378378378379,0.4276428818702698,-2.4049227197823613,-0.011570895160080742,1.109787588091134
Bearing3_3,237,0.6405405405405405,0.43507784605026245,-2.424407005099729,-0.011755931470617459,0.9971591707340715
Bearing3_3,238,0.6432432432432432,0.434853732585907,-2.423419092012589,-0.011321700934284865,0.46512021366345024
Bearing3_3,239,0.6459459459459459,0.4331062436103821,-2.4067232598933694,-0.010022215556831839,0.8616387976075256
Bearing3_3,240,0.6486486486486487,0.4349755644798279,-2.4051255560012095,-0.0084097609250746,1.0455420264900588
Bearing3_3,241,0.6513513513513514,0.43442410230636597,-2.4148971347343595,-0.006037921095249172,1.0377732293722122
Bearing3_3,242,0.654054054054054,0.43219199776649475,-2.4301290086580503,-0.004674425770376329,1.5446302744911284
Bearing3_3,243,0.6567567567567567,0.4278945028781891,-2.430937635471419,-0.0039576103438536125,0.779007269312035
Bearing3_3,244,0.6594594594594595,0.4293121099472046,-2.447242669275071,-0.004022281434982363,0.9556719875300965
Bearing3_3,245,0.6621621621621622,0.43312904238700867,-2.4445306277379344,-0.0038418325039326967,0.37258862198628234
Bearing3_3,246,0.6648648648648648,0.42989403009414673,-2.4503063104706833,-0.004097816107023229,1.9089400852368215
Bearing3_3,247,0.6675675675675675,0.4372979700565338,-2.4487676111894423,-0.005018718883345478,0.3600684934477627
Bearing3_3,248,0.6702702702702703,0.4292740523815155,-2.4456997004846173,-0.005411140129477474,0.2599867943838164
Bearing3_3,249,0.672972972972973,0.431423544883728,-2.465181020355319,-0.005483055367008523,1.5513759003664922
Bearing3_3,250,0.6756756756756757,0.43316078186035156,-2.471674607346249,-0.005094073751089333,0.385780220403293
Bearing3_3,251,0.6783783783783783,0.4365052580833435,-2.482307818968019,-0.005129868910748952,1.2679150357393332
Bearing3_3,252,0.6810810810810811,0.43587958812713623,-2.4875226123664134,-0.00564846640543176,1.1386910913573052
Bearing3_3,253,0.6837837837837838,0.4274476170539856,-2.4922400745889,-0.005782608430615858,0.7339998666112074
Bearing3_3,254,0.6864864864864865,0.4293572008609772,-2.4883774308548743,-0.006050003183066476,0.3263553875965898
Bearing3_3,255,0.6891891891891891,0.42978426814079285,-2.492220617979733,-0.005847620384339016,0.8181627887636349
Bearing3_3,256,0.6918918918918919,0.4406494200229645,-2.4865683859610437,-0.005143919048693,1.0871602726688188
Bearing3_3,257,0.6945945945945946,0.43767210841178894,-2.485538570481116,-0.0038419256985395968,0.7761514165204597
Bearing3_3,258,0.6972972972972973,0.4361739456653595,-2.509689202236365,-0.003207003557239617,2.420299536414229
Bearing3_3,259,0.7,0.43663665652275085,-2.51323251057368,-0.0032884771135763785,0.657258691848191
Bearing3_3,260,0.7027027027027027,0.43251463770866394,-2.5341487195189094,-0.004361298287916599,1.493598689445684
Bearing3_3,261,0.7054054054054054,0.4412844777107239,-2.562960109859631,-0.006957268653533465,2.1524875281164655
Bearing3_3,262,0.7081081081081081,0.4390207529067993,-2.5736037734990047,-0.009503851857656238,0.862914100069127
Bearing3_3,263,0.7108108108108108,0.4402744174003601,-2.5874354589018256,-0.012075980096976345,1.126764423511805
Bearing3_3,264,0.7135135135135136,0.4369161128997803,-2.6133406881707146,-0.014649727813386549,1.3115863504166325
Bearing3_3,265,0.7162162162162162,0.4377782344818115,-2.64091833182495,-0.017469216963917237,0.7456471848835925
Bearing3_3,266,0.7189189189189189,0.4273422360420227,-2.673312680752665,-0.01987645860204442,1.4983988001797544
Bearing3_3,267,0.7216216216216216,0.4382416903972626,-2.7075208431524054,-0.021817378432506262,0.9499988150901321
Bearing3_3,268,0.7243243243243244,0.4350273013114929,-2.715733141916775,-0.023125589734752844,0.20401891254441135
Bearing3_3,269,0.727027027027027,0.4348301291465759,-2.7302569053891266,-0.02296472457397405,0.4025163651139151
Bearing3_3,270,0.7297297297297297,0.44492870569229126,-2.7344313023347055,-0.02179536899669126,0.554834579982139
Bearing3_3,271,0.7324324324324324,0.4410928785800934,-2.7391726423639677,-0.020377723652012743,2.1405013947677776
Bearing3_3,272,0.7351351351351352,0.44519245624542236,-2.755010921250644,-0.01839765251948286,0.38956492309746377
Bearing3_3,273,0.7378378378378379,0.4471060335636139,-2.7680568554335934,-0.015852415638918392,0.8660291243930951
Bearing3_3,274,0.7405405405405405,0.4463226795196533,-2.7648396030073945,-0.012669357285980919,0.47046396858813366
Bearing3_3,275,0.7432432432432432,0.4426382780075073,-2.757422381124471,-0.009083882288055066,0.35492790184898115
Bearing3_3,276,0.745945945945946,0.44414523243904114,-2.766381573609612,-0.006734543483899458,3.074127395600169
Bearing3_3,277,0.7486486486486487,0.4385065734386444,-2.778178993533546,-0.006181136679735725,1.3292424503483478
Bearing3_3,278,0.7513513513513513,0.4344656765460968,-2.784013256983455,-0.005636986582814185,0.8081864134148643
Bearing3_3,279,0.754054054054054,0.4417279362678528,-2.790939609391695,-0.005611250666114896,0.36269075870250295
Bearing3_3,280,0.7567567567567568,0.4401845335960388,-2.8000948730956394,-0.0056276379720321505,0.6567482062758987
Bearing3_3,281,0.7594594594594595,0.44574275612831116,-2.8035061574597813,-0.0053502625996299695,1.578064345068886
Bearing3_3,282,0.7621621621621621,0.4373801648616791,-2.804097299042974,-0.0053812163897159595,0.4624479747564539
Bearing3_3,283,0.7648648648648648,0.42917829751968384,-2.8003532766890666,-0.00548269332672689,0.4556716103704569
Bearing3_3,284,0.7675675675675676,0.43303099274635315,-2.815879677590715,-0.005825109590499641,1.5998499658953396
Bearing3_3,285,0.7702702702702703,0.45498356223106384,-2.838662504863695,-0.006297076494139203,1.0081407393825004
Bearing3_3,286,0.772972972972973,0.4421493411064148,-2.8254329401737657,-0.005659981504740793,0.5742151166463618
Bearing3_3,287,0.7756756756756756,0.44564875960350037,-2.818726772057595,-0.004727816048611681,1.8345664672518884
Bearing3_3,288,0.7783783783783784,0.43436330556869507,-2.8245533932480433,-0.004010928965906402,0.5530809133775569
Bearing3_3,289,0.7810810810810811,0.443189799785614,-2.8320426000078975,-0.003672905306232363,0.5327703639018497
Bearing3_3,290,0.7837837837837838,0.44805049896240234,-2.8492954739445833,-0.0043880803431713775,1.6701755294677028
Bearing3_3,291,0.7864864864864864,0.4413498342037201,-2.86458933231197,-0.005568513874741622,1.398128772735733
Bearing3_3,292,0.7891891891891892,0.44367146492004395,-2.8774428143962214,-0.006749053748548263,0.35160864558013216
Bearing3_3,293,0.7918918918918919,0.449599027633667,-2.915209930971884,-0.008850980122848765,2.8062650993504494
Bearing3_3,294,0.7945945945945946,0.43513089418411255,-2.9104444464039334,-0.010335862498609518,2.680990519275278
Bearing3_3,295,0.7972972972972973,0.443611204624176,-2.9258117213676256,-0.013031575401943449,2.8776008221577265
Bearing3_3,296,0.8,0.441912442445755,-2.936309657324654,-0.014361577875072352,1.1046706632597418
Bearing3_3,297,0.8027027027027027,0.44537273049354553,-2.951141454245469,-0.014709549370672061,2.3542008009236386
Bearing3_3,298,0.8054054054054054,0.4424123764038086,-2.963423593759529,-0.01451087071079129,0.29897372347648404
Bearing3_3,299,0.8081081081081081,0.4387837052345276,-2.972604153035058,-0.013628955122517722,0.319757796879796
Bearing3_3,300,0.8108108108108109,0.4422312378883362,-2.9708091996854256,-0.012095548183350397,0.7194768946661644
Bearing3_3,301,0.8135135135135135,0.44204220175743103,-2.9736202468719566,-0.010262168003203367,1.8724751597946818
Bearing3_3,302,0.8162162162162162,0.4449923634529114,-2.9870495133025114,-0.008696605227188374,0.8390771708224526
Bearing3_3,303,0.8189189189189189,0.4387466609477997,-2.965073462787893,-0.0071215905111015245,0.7672531520016836
Bearing3_3,304,0.8216216216216217,0.4423302710056305,-2.991466108149658,-0.006064069215477762,2.2245843590765952
Bearing3_3,305,0.8243243243243243,0.45086273550987244,-2.9920131060750155,-0.0050787884194744915,0.5229844856010821
Bearing3_3,306,0.827027027027027,0.4459105432033539,-3.013393742542992,-0.005157145528467111,1.0762665193564926
Bearing3_3,307,0.8297297297297297,0.4445551633834839,-3.022454474409539,-0.005784158288921617,1.1905743028691225
Bearing3_3,308,0.8324324324324325,0.4470630884170532,-3.0296802204715845,-0.0067597117092847705,0.3981359387688868
Bearing3_3,309,0.8351351351351352,0.4390934109687805,-3.0417283609313635,-0.008201363085676535,0.5896978970144231
Bearing3_3,310,0.8378378378378378,0.45028814673423767,-3.0525004264950173,-0.009273048931367189,0.6285721182347697
Bearing3_3,311,0.8405405405405405,0.4413842558860779,-3.0653479580825085,-0.010242715684452258,1.9932049662118394
Bearing3_3,312,0.8432432432432433,0.4433474540710449,-3.0653188876009607,-0.01099423015863472,0.5567506766715385
Bearing3_3,313,0.845945945945946,0.4345380961894989,-3.0771558904353826,-0.009977609610102625,0.58616673988802
Bearing3_3,314,0.8486486486486486,0.4312954545021057,-3.0771784688292576,-0.009363155420536041,1.0719305664189756
Bearing3_3,315,0.8513513513513513,0.43601739406585693,-3.08276058086121,-0.008050708892225856,0.9646409694813106
Bearing3_3,316,0.8540540540540541,0.4382154047489166,-3.0836223670817517,-0.007110675258220085,0.6821970529625795
Bearing3_3,317,0.8567567567567568,0.44738951325416565,-3.076043906243976,-0.00551006376915077,0.3681565876305593
Bearing3_3,318,0.8594594594594595,0.4514008164405823,-3.088176568161369,-0.004403381372627882,2.0099467054571165
Bearing3_3,319,0.8621621621621621,0.43548303842544556,-3.083262449411322,-0.0031228188605145527,1.2184140902315466
Bearing3_3,320,0.8648648648648649,0.4360644221305847,-3.0874707750392028,-0.0022864955901660913,1.5121600982324854
Bearing3_3,321,0.8675675675675676,0.4363742172718048,-3.0593550131260043,-0.0003492043995463956,1.3511693803197975
Bearing3_3,322,0.8702702702702703,0.4404452443122864,-3.063785042237342,0.0012757451146004496,2.8443426336919346
Bearing3_3,323,0.8729729729729729,0.43620482087135315,-3.071891187293344,0.0016508156747479178,0.8896325289628745
Bearing3_3,324,0.8756756756756757,0.44050782918930054,-3.07690474913379,0.0016870994156183122,0.7624768023249126
Bearing3_3,325,0.8783783783783784,0.4386613667011261,-3.0768308977935246,0.0013519527947915841,0.5803130337005339
Bearing3_3,326,0.8810810810810811,0.4334278404712677,-3.0797949263142774,0.0007258045300369536,0.9667585322782334
Bearing3_3,327,0.8837837837837837,0.4293716847896576,-3.0793337262756917,0.0005836501321178044,0.2469344778787385
Bearing3_3,328,0.8864864864864865,0.43775951862335205,-3.0658511995249533,0.0004079387628577853,0.7467699891308878
Bearing3_3,329,0.8891891891891892,0.4374648630619049,-3.076898517302381,-0.0003133561883365477,1.3197401646666416
Bearing3_3,330,0.8918918918918919,0.431884229183197,-3.0871745187090545,-0.0019528539200438155,1.2520496897767674
Bearing3_3,331,0.8945945945945946,0.4315861463546753,-3.1039691380721757,-0.0026376286571038396,0.5909144882921161
Bearing3_3,332,0.8972972972972973,0.43294352293014526,-3.1084336331293843,-0.0033204793083896037,1.5840169299419056
Bearing3_3,333,0.9,0.44035279750823975,-3.103872726055371,-0.0037537678394682005,0.5236534410819754
Bearing3_3,334,0.9027027027027027,0.432115763425827,-3.1030018580493732,-0.004086136920043003,1.0914602697206874
Bearing3_3,335,0.9054054054054054,0.42183545231819153,-3.1068348219070487,-0.004306324740890497,1.059149129110105
Bearing3_3,336,0.9081081081081082,0.4316655397415161,-3.088881137040503,-0.003381138632661157,1.4110825719999323
Bearing3_3,337,0.9108108108108108,0.43225738406181335,-3.076330895212462,-0.0016305113224362694,0.4633925396440355
Bearing3_3,338,0.9135135135135135,0.4315684735774994,-3.0217233642111068,0.003961145752296855,3.5841606277646196
Bearing3_3,339,0.9162162162162162,0.4405483305454254,-2.949471967430021,0.012222417401880747,0.580423478615017
Bearing3_3,340,0.918918918918919,0.4536650478839874,-2.770880237239681,0.02799542515143392,9.348405554480301
Bearing3_3,341,0.9216216216216216,0.6149293780326843,-2.5342529014812136,0.051721867118521184,6.502832626043766
Bearing3_3,342,0.9243243243243243,0.6331351399421692,-2.045313506187755,0.0949144462906382,23.782039444235156
Bearing3_3,343,0.927027027027027,0.9389565587043762,-1.3729453602439592,0.16219940750775552,18.375640063480997
Bearing3_3,344,0.9297297297297298,1.2031406164169312,-0.4688788637587951,0.25787420681462814,21.764510949981528
Bearing3_3,345,0.9324324324324325,1.637661337852478,0.5243381917031595,0.3755401873829675,7.577473587353284
Bearing3_3,346,0.9351351351351351,1.6881223917007446,1.5261714767604948,0.5050343138411711,1.4053267387389403
Bearing3_3,347,0.9378378378378378,1.7770441770553589,2.5498111162095873,0.6352599808299704,0.9017367132787789
Bearing3_3,348,0.9405405405405406,2.1124584674835205,3.6134736897668907,0.758948447698688,6.655830702592463
Bearing3_3,349,0.9432432432432433,2.2874186038970947,4.668922995548215,0.8645970055290291,1.416309753165988
Bearing3_3,350,0.9459459459459459,2.193113327026367,5.607227250714969,0.9409877294359646,3.1550278868694575
Bearing3_3,351,0.9486486486486486,2.8192296028137207,6.510531242216397,0.9808719178334862,2.259791959999957
Bearing3_3,352,0.9513513513513514,3.0393192768096924,7.173977339621534,0.9799062876702745,1.1066766496632625
Bearing3_3,353,0.9540540540540541,2.9596831798553467,7.643821384532072,0.9376440776158995,1.5593969544233377
Bearing3_3,354,0.9567567567567568,3.299453020095825,7.890777696131698,0.8598291692353509,0.8465942767407599
Bearing3_3,355,0.9594594594594594,3.302919864654541,8.050925521881044,0.7556348967459818,1.1755553031379744
Bearing3_3,356,0.9621621621621622,3.335359573364258,8.181785538174859,0.6341359674197599,1.2554882542116317
Bearing3_3,357,0.9648648648648649,3.321044921875,8.287236367302047,0.5059574342950893,1.2943691385856124
Bearing3_3,358,0.9675675675675676,3.2334041595458984,8.309028654448493,0.38033386111746986,1.3403966952518054
Bearing3_3,359,0.9702702702702702,3.3519487380981445,8.331001152336684,0.2693562571230326,0.8263251519654763
Bearing3_3,360,0.972972972972973,3.368419647216797,8.371272482735455,0.17874006201857298,0.9794214157403678
Bearing3_3,361,0.9756756756756757,3.6892619132995605,8.380614017657233,0.11535009271272385,0.7309732233628019
Bearing3_3,362,0.9783783783783784,3.6234664916992188,8.38568798689683,0.0737989551870639,1.2118148022963742
Bearing3_3,363,0.981081081081081,3.7952370643615723,8.39303062324679,0.0492838596408886,1.1523343384428197
Bearing3_3,364,0.9837837837837838,3.805299997329712,8.395195079184177,0.03226925532867042,1.1548056141218124
Bearing3_3,365,0.9864864864864865,3.8499484062194824,8.398643386949916,0.02000511214996438,0.9632997898026469
Bearing3_3,366,0.9891891891891892,3.789763927459717,8.402265777835296,0.012447793014062253,1.1566868864044824
Bearing3_3,367,0.9918918918918919,3.8561618328094482,8.408358529173501,0.009580373291020926,0.9856014907360477
Bearing3_3,368,0.9945945945945946,3.855245351791382,8.416541697999687,0.0071439799576988455,1.0958720317457784
Bearing3_3,369,0.9972972972972973,3.8183035850524902,8.420372821835707,0.005078201801297357,1.2125957741902493
Bearing3_3,370,1.0,4.03868293762207,8.424986177882431,0.004865523643737926,0.9201656761721163
