seed,bearing_id,split,step_id,normalized_lifetime,included_in_common_score,hidden_distance_level,predicted_z_distance_level,prediction_residual_level,hidden_distance_raw,predicted_z_distance_raw,prediction_residual_raw
20260916,Bearing1_1,train,0,0.0,False,,,,0.48004812,,
20260916,Bearing1_1,train,1,0.00819672131147541,False,,,,0.38988715,,
20260916,Bearing1_1,train,2,0.01639344262295082,False,,,,0.30919665,,
20260916,Bearing1_1,train,3,0.02459016393442623,False,,,,0.24802727,,
20260916,Bearing1_1,train,4,0.03278688524590164,False,,,,0.16477416,,
20260916,Bearing1_1,train,5,0.040983606557377046,False,,,,0.10641982,,
20260916,Bearing1_1,train,6,0.04918032786885246,False,,,,0.0718398,,
20260916,Bearing1_1,train,7,0.05737704918032787,False,,,,0.08820937,,
20260916,Bearing1_1,train,8,0.06557377049180328,False,,,,0.10161542,,
20260916,Bearing1_1,train,9,0.07377049180327869,False,,,,0.13360426,,
20260916,Bearing1_1,train,10,0.08196721311475409,False,,,,0.16812737,,
20260916,Bearing1_1,train,11,0.09016393442622951,False,,,,0.26462498,,
20260916,Bearing1_1,train,12,0.09836065573770492,False,,,,0.28477558,,
20260916,Bearing1_1,train,13,0.10655737704918032,False,,,,0.3366697,,
20260916,Bearing1_1,train,14,0.11475409836065574,False,,,,0.30982345,,
20260916,Bearing1_1,train,15,0.12295081967213115,False,0.3427122235298157,,,0.34271222,,
20260916,Bearing1_1,train,16,0.13114754098360656,False,0.35895514488220215,0.5018925666809082,0.22430403530597687,0.37519807,0.50189257,0.22430404
20260916,Bearing1_1,train,17,0.13934426229508196,False,0.38539432485898334,0.5296872854232788,0.27155106514692307,0.43827268,0.557482,0.3187981
20260916,Bearing1_1,train,18,0.14754098360655737,False,0.39134038239717484,0.5733756025632223,0.22837196290493011,0.40917856,0.66075224,0.14201376
20260916,Bearing1_1,train,19,0.1557377049180328,False,0.39840357303619384,0.5842038840055466,0.22850529477000237,0.42665634,0.6166887,0.22890529
20260916,Bearing1_1,train,20,0.16393442622950818,False,0.4026031295458476,0.5964397192001343,0.22278395295143127,0.4236009,0.64538306,0.19989859
20260916,Bearing1_1,train,21,0.1721311475409836,False,0.42511247737067087,0.6039791405200958,0.2700711339712143,0.56016856,0.64167625,0.50650704
20260916,Bearing1_1,train,22,0.18032786885245902,False,0.4219626113772392,0.6397094982010978,0.25981011986732483,0.39991355,0.85409164,0.19824404
20260916,Bearing1_1,train,23,0.1885245901639344,False,0.43363063865237766,0.6355213597416878,0.2866085134446621,0.52697486,0.6062044,0.47419727
20260916,Bearing1_1,train,24,0.19672131147540983,False,0.4518311440944672,0.6541992359691196,0.3006356524096595,0.6156357,0.80362225,0.41285276
20260916,Bearing1_1,train,25,0.20491803278688525,True,0.47240263819694517,0.6830207347869873,0.28378563076257707,0.54842716,0.9424142,0.13213544
20260916,Bearing1_1,train,26,0.21311475409836064,True,0.4908785581588745,0.7168497860431671,0.2875245988368988,0.55995727,0.8401831,0.26169372
20260916,Bearing1_1,train,27,0.22131147540983606,True,0.5222255736589432,0.7469757318496704,0.3169098228216171,0.75174284,0.85874146,0.61265033
20260916,Bearing1_1,train,28,0.22950819672131148,True,0.5417682558298111,0.7957652866840362,0.3174642100930214,0.6046054,1.1486478,0.14755763
20260916,Bearing1_1,train,29,0.23770491803278687,True,0.5662632644176483,0.8271744132041932,0.33239160627126696,0.6716064,0.93078,0.37817925
20260916,Bearing1_1,train,30,0.2459016393442623,True,0.6007640182971954,0.865789920091629,0.35632026493549346,0.76860845,1.0315381,0.43918517
20260916,Bearing1_1,train,31,0.2540983606557377,True,0.6188403189182281,0.919709587097168,0.32899828553199767,0.7409316,1.1808729,0.23328725
20260916,Bearing1_1,train,32,0.26229508196721313,True,0.6416324853897095,0.9483478546142579,0.32355639785528184,0.6278352,1.1404743,0.14382516
20260916,Bearing1_1,train,33,0.27049180327868855,True,0.6555383026599884,0.9844568252563477,0.30834018141031266,0.666033,0.9672941,0.3220351
20260916,Bearing1_1,train,34,0.2786885245901639,True,0.6816408157348632,1.00642648935318,0.33199106007814405,0.8766608,1.0233189,0.64936155
20260916,Bearing1_1,train,35,0.28688524590163933,True,0.721232271194458,1.0461292564868927,0.35867723524570466,0.9443417,1.3394419,0.3989972
20260916,Bearing1_1,train,36,0.29508196721311475,True,0.7336992502212525,1.1070605874061585,0.3628493994474411,0.68462706,1.4494964,0.30341536
20260916,Bearing1_1,train,37,0.30327868852459017,True,0.7456578075885772,1.1267694294452668,0.36178756654262545,0.8713284,1.0558299,0.602032
20260916,Bearing1_1,train,38,0.3114754098360656,True,0.759104710817337,1.1453268706798554,0.35979104340076445,0.7390744,1.3342222,0.1275924
20260916,Bearing1_1,train,39,0.319672131147541,True,0.7631055533885955,1.166026735305786,0.3452113509178162,0.71161485,1.1377786,0.23238233
20260916,Bearing1_1,train,40,0.32786885245901637,True,0.7870465338230133,1.1723579168319702,0.380766960978508,1.0080183,1.09485,0.7947413
20260916,Bearing1_1,train,41,0.3360655737704918,True,0.7925939202308655,1.2079506874084474,0.3821762815117836,0.79640543,1.5368006,0.24738045
20260916,Bearing1_1,train,42,0.3442622950819672,True,0.7969382166862488,1.216622269153595,0.38233757466077806,0.6712782,1.2271901,0.14543809
20260916,Bearing1_1,train,43,0.3524590163934426,True,0.7880152583122253,1.2233232498168944,0.36436483561992644,0.57680345,1.0343039,0.14230771
20260916,Bearing1_1,train,44,0.36065573770491804,True,0.7891117334365845,1.2098323464393617,0.3838266938924789,0.8876256,0.88840985,0.84398013
20260916,Bearing1_1,train,45,0.36885245901639346,True,0.7664960026741028,1.2113157987594605,0.3642735883593559,0.7181844,1.3542764,0.20346613
20260916,Bearing1_1,train,46,0.3770491803278688,True,0.7923671543598175,1.1771929860115051,0.4001902028918266,0.9433386,1.1082683,0.6625815
20260916,Bearing1_1,train,47,0.38524590163934425,True,0.7902010142803192,1.21566960811615,0.3591245457530022,0.849667,1.4405961,0.19137543
20260916,Bearing1_1,train,48,0.39344262295081966,True,0.7809805274009705,1.2130444645881653,0.36666608452796934,0.64686954,1.3079708,0.20300779
20260916,Bearing1_1,train,49,0.4016393442622951,True,0.774193263053894,1.1989151537418365,0.3692609816789627,0.6437422,0.99648553,0.2583313
20260916,Bearing1_1,train,50,0.4098360655737705,True,0.7500986456871033,1.188410323858261,0.3387007206678391,0.7670721,0.98980165,0.48913866
20260916,Bearing1_1,train,51,0.4180327868852459,True,0.7355617403984069,1.1522614538669587,0.3314795926213264,0.6510364,1.1753119,0.17516917
20260916,Bearing1_1,train,52,0.4262295081967213,True,0.7386272251605988,1.1299468338489533,0.3521821618080139,0.701933,1.0040439,0.35246378
20260916,Bearing1_1,train,53,0.4344262295081967,True,0.7550112068653106,1.1345653712749482,0.3718437716364861,0.74064326,1.0804893,0.3389238
20260916,Bearing1_1,train,54,0.4426229508196721,True,0.7343267977237702,1.1595004141330718,0.304618801176548,0.6807815,1.1377603,0.17173043
20260916,Bearing1_1,train,55,0.45081967213114754,True,0.7373127400875091,1.1288083732128142,0.32317590713500977,0.74804384,1.047356,0.3890372
20260916,Bearing1_1,train,56,0.45901639344262296,True,0.726476788520813,1.1327327907085418,0.30017542839050293,0.83497906,1.1475124,0.43257672
20260916,Bearing1_1,train,57,0.4672131147540984,True,0.7133644819259644,1.1169216811656952,0.2965256795287132,0.71854395,1.282485,0.15487795
20260916,Bearing1_1,train,58,0.47540983606557374,True,0.7228893041610718,1.0968604385852814,0.3074815973639488,0.74211776,1.1073583,0.31256697
20260916,Bearing1_1,train,59,0.48360655737704916,True,0.7328457117080689,1.1114620089530944,0.3098061129450798,0.7433063,1.1425012,0.28157645
20260916,Bearing1_1,train,60,0.4918032786885246,True,0.7293983042240143,1.1269628167152406,0.2869754359126091,0.732598,1.1448097,0.2608319
20260916,Bearing1_1,train,61,0.5,True,0.7437672197818757,1.1222944259643555,0.3065540656447411,0.79472554,1.128628,0.37095547
20260916,Bearing1_1,train,62,0.5081967213114754,True,0.739479374885559,1.1438857555389403,0.2892574042081833,0.6590546,1.2199572,0.17949717
20260916,Bearing1_1,train,63,0.5163934426229508,True,0.7287539422512055,1.1374654531478883,0.2765739023685455,0.63338894,1.0162863,0.2120888
20260916,Bearing1_1,train,64,0.5245901639344263,True,0.7474007964134216,1.121190720796585,0.329277303814888,0.86725,0.97501296,0.69876444
20260916,Bearing1_1,train,65,0.5327868852459017,True,0.7566696047782898,1.1489861071109773,0.3148322910070419,0.8407319,1.3253099,0.24458706
20260916,Bearing1_1,train,66,0.5409836065573771,True,0.7699092566967011,1.1634619295597077,0.3190890699625015,0.9673756,1.2922707,0.4751445
20260916,Bearing1_1,train,67,0.5491803278688525,True,0.7918776571750641,1.1833764135837554,0.3263340130448341,0.93822795,1.4816298,0.22732738
20260916,Bearing1_1,train,68,0.5573770491803278,True,0.8147908687591553,1.2165814340114594,0.3270488753914833,0.9712499,1.4394085,0.3197156
20260916,Bearing1_1,train,69,0.5655737704918032,True,0.8475472211837769,1.2512421190738678,0.3396403566002846,1.0708698,1.4891081,0.40749127
20260916,Bearing1_1,train,70,0.5737704918032787,True,0.9012564480304718,1.3004620611667632,0.3678490951657295,1.2696903,1.6370091,0.5429193
20260916,Bearing1_1,train,71,0.5819672131147541,True,0.9684146344661713,1.3810963809490204,0.3801283106207848,1.4663074,1.9349712,0.49374762
20260916,Bearing1_1,train,72,0.5901639344262295,True,1.0691393256187438,1.4823862850666045,0.40520318448543546,1.6663015,2.2328563,0.4302459
20260916,Bearing1_1,train,73,0.5983606557377049,True,1.1896420896053315,1.6341037213802339,0.4154704391956329,1.8384166,2.5334606,0.31476134
20260916,Bearing1_1,train,74,0.6065573770491803,True,1.310058057308197,1.8154948949813843,0.3785955011844635,2.0714097,2.7889247,0.33001506
20260916,Bearing1_1,train,75,0.6147540983606558,True,1.4647060692310334,1.996296799182892,0.3933276265859604,2.387212,3.133329,0.39190832
20260916,Bearing1_1,train,76,0.6229508196721312,True,1.616668438911438,2.227700078487396,0.385232076048851,2.4869993,3.6063035,0.394189
20260916,Bearing1_1,train,77,0.6311475409836066,True,1.8009850442409516,2.4531721472740173,0.38799703419208526,2.781394,3.7363505,0.25497696
20260916,Bearing1_1,train,78,0.639344262295082,True,2.020190346240997,2.726998770236969,0.4628866255283356,3.163303,4.177675,1.0686115
20260916,Bearing1_1,train,79,0.6475409836065574,True,2.2549283266067506,3.053396475315094,0.4743159294128418,3.4182496,4.753085,0.5217843
20260916,Bearing1_1,train,80,0.6557377049180327,True,2.4868844985961913,3.400709879398346,0.44235566556453704,3.589252,5.110143,0.22331664
20260916,Bearing1_1,train,81,0.6639344262295082,True,2.71055862903595,3.741672396659851,0.40537356957793236,3.7030487,5.3445964,0.12392666
20260916,Bearing1_1,train,82,0.6721311475409836,True,2.922091507911682,4.068446326255798,0.385858292132616,3.7816303,5.5005956,0.23509313
20260916,Bearing1_1,train,83,0.680327868852459,True,3.1226486921310426,4.375851368904113,0.382076907902956,3.8439884,5.607511,0.2769475
20260916,Bearing1_1,train,84,0.6885245901639344,True,3.3042991876602175,4.666048836708069,0.38401185646653174,3.8879147,5.6908994,0.34936455
20260916,Bearing1_1,train,85,0.6967213114754098,True,3.457716464996338,4.927739548683166,0.3846453256905079,3.9213848,5.750236,0.398243
20260916,Bearing1_1,train,86,0.7049180327868853,True,3.6036044120788575,5.146808052062989,0.38985404148697855,3.9458787,5.7969885,0.44627616
20260916,Bearing1_1,train,87,0.7131147540983607,True,3.721989393234253,5.356023645401001,0.4099649704992771,3.9652438,5.8285065,0.45608625
20260916,Bearing1_1,train,88,0.7213114754098361,True,3.803735041618347,5.523895215988159,0.3514373995363712,3.9807594,5.8563905,0.4833358
20260916,Bearing1_1,train,89,0.7295081967213115,True,3.8613583564758303,5.636330461502075,0.3481990732252598,3.9944828,5.8774376,0.48940104
20260916,Bearing1_1,train,90,0.7377049180327869,True,3.9030577182769775,5.71485538482666,0.3754266269505024,4.0062456,5.8953924,0.49559218
20260916,Bearing1_1,train,91,0.7459016393442623,True,3.9341310024261475,5.771522903442383,0.41504458636045455,4.0137815,5.9112716,0.52010626
20260916,Bearing1_1,train,92,0.7540983606557377,True,3.958275008201599,5.813733768463135,0.44251495897769927,4.0230703,5.922704,0.50979686
20260916,Bearing1_1,train,93,0.7622950819672131,True,3.976923966407776,5.846384477615357,0.4658864468336105,4.030478,5.934018,0.5106624
20260916,Bearing1_1,train,94,0.7704918032786885,True,3.991781163215637,5.871701192855835,0.48286261558532717,4.0364866,5.9440665,0.51912624
20260916,Bearing1_1,train,95,0.7786885245901639,True,4.003911805152893,5.891866970062256,0.49495617747306825,4.042691,5.951894,0.5191786
20260916,Bearing1_1,train,96,0.7868852459016393,True,4.014029264450073,5.908197402954102,0.5029165893793106,4.0470533,5.960293,0.5258803
20260916,Bearing1_1,train,97,0.7950819672131147,True,4.022799777984619,5.921904230117798,0.5081602096557617,4.052949,5.9655747,0.50852245
20260916,Bearing1_1,train,98,0.8032786885245902,True,4.030343556404114,5.933684825897217,0.5130888164043427,4.056197,5.9741964,0.53262186
20260916,Bearing1_1,train,99,0.8114754098360656,True,4.036782312393188,5.943748617172242,0.5164832651615143,4.0588703,5.9780755,0.52334553
20260916,Bearing1_1,train,100,0.819672131147541,True,4.042261743545533,5.952480983734131,0.520542448759079,4.06104,5.982716,0.536184
20260916,Bearing1_1,train,101,0.8278688524590164,True,4.047299385070801,5.959818315505982,0.5213908910751343,4.064158,5.984645,0.5285907
20260916,Bearing1_1,train,102,0.8360655737704918,True,4.051663827896118,5.9664222240448,0.5232249081134797,4.066715,5.9887433,0.528137
20260916,Bearing1_1,train,103,0.8442622950819673,True,4.055613231658936,5.972210311889649,0.5243084132671356,4.069972,5.991899,0.5214974
20260916,Bearing1_1,train,104,0.8524590163934426,True,4.059060001373291,5.977453804016113,0.5253548920154572,4.0709543,5.9965014,0.529591
20260916,Bearing1_1,train,105,0.860655737704918,True,4.062047529220581,5.982081890106201,0.52615407705307,4.0725665,5.9981747,0.5271705
20260916,Bearing1_1,train,106,0.8688524590163934,True,4.064619827270508,5.986147546768189,0.5272759854793548,4.0727763,6.0009494,0.53709936
20260916,Bearing1_1,train,107,0.8770491803278688,True,4.066774225234985,5.989776229858398,0.5291517913341522,4.074493,6.0018616,0.5272805
20260916,Bearing1_1,train,108,0.8852459016393442,True,4.06861891746521,5.992651081085205,0.529779464006424,4.074644,6.002945,0.5388986
20260916,Bearing1_1,train,109,0.8934426229508197,True,4.070416688919067,5.9951324462890625,0.5295325636863708,4.076848,6.002889,0.5208765
20260916,Bearing1_1,train,110,0.9016393442622951,True,4.072272491455078,5.997545671463013,0.5282568991184234,4.079598,6.0068483,0.52342737
20260916,Bearing1_1,train,111,0.9098360655737705,True,4.073979282379151,5.99998106956482,0.5278812408447265,4.081226,6.008999,0.5248341
20260916,Bearing1_1,train,112,0.9180327868852459,True,4.075654077529907,6.002179193496704,0.5266627728939056,4.0834627,6.0107245,0.51595235
20260916,Bearing1_1,train,113,0.9262295081967213,True,4.077115297317505,6.004426193237305,0.5269584715366363,4.084584,6.014369,0.5244544
20260916,Bearing1_1,train,114,0.9344262295081968,True,4.078705596923828,6.006190776824951,0.5246236205101014,4.0868573,6.0141473,0.5062425
20260916,Bearing1_1,train,115,0.9426229508196722,True,4.080342435836792,6.008238077163696,0.5234149754047394,4.088935,6.0186477,0.515084
20260916,Bearing1_1,train,116,0.9508196721311475,True,4.081961679458618,6.01025013923645,0.5217740058898925,4.0889688,6.02107,0.52068967
20260916,Bearing1_1,train,117,0.9590163934426229,True,4.083409023284912,6.012116193771362,0.5216083824634552,4.0889664,6.020522,0.5256243
20260916,Bearing1_1,train,118,0.9672131147540983,True,4.08496584892273,6.013941383361816,0.5188415586948395,4.0902123,6.021197,0.51123035
20260916,Bearing1_1,train,119,0.9754098360655737,True,4.0864501953125,6.016051483154297,0.518088185787201,4.0916915,6.02399,0.5133428
20260916,Bearing1_1,train,120,0.9836065573770492,True,4.087758207321167,6.017901182174683,0.5160386145114899,4.092678,6.0253453,0.50293165
20260916,Bearing1_1,train,121,0.9918032786885246,True,4.0893043041229244,6.019711923599243,0.5118744462728501,4.096687,6.0271063,0.4831924
20260916,Bearing1_1,train,122,1.0,True,4.091656303405761,6.021838235855102,0.5032636314630509,4.1069827,6.0319877,0.4298442
20260916,Bearing1_2,train,0,0.0,False,,,,0.5336455,,
20260916,Bearing1_2,train,1,0.00625,False,,,,0.2853537,,
20260916,Bearing1_2,train,2,0.0125,False,,,,0.15511526,,
20260916,Bearing1_2,train,3,0.01875,False,,,,0.08121136,,
20260916,Bearing1_2,train,4,0.025,False,,,,0.0552154,,
20260916,Bearing1_2,train,5,0.03125,False,,,,0.07037944,,
20260916,Bearing1_2,train,6,0.0375,False,,,,0.06309439,,
20260916,Bearing1_2,train,7,0.04375,False,,,,0.08130971,,
20260916,Bearing1_2,train,8,0.05,False,,,,0.10267009,,
20260916,Bearing1_2,train,9,0.05625,False,,,,0.10372766,,
20260916,Bearing1_2,train,10,0.0625,False,,,,0.109011926,,
20260916,Bearing1_2,train,11,0.06875,False,,,,0.1149345,,
20260916,Bearing1_2,train,12,0.075,False,,,,0.1170301,,
20260916,Bearing1_2,train,13,0.08125,False,,,,0.11941129,,
20260916,Bearing1_2,train,14,0.0875,False,,,,0.12369499,,
20260916,Bearing1_2,train,15,0.09375,False,0.12596987187862396,,,0.12596987,,
20260916,Bearing1_2,train,16,0.1,False,0.131286159157753,0.09264133125543594,0.5242303609848022,0.13660245,0.09264133,0.52423036
20260916,Bearing1_2,train,17,0.10625,False,0.13305546343326569,0.10472847148776054,0.4877501577138901,0.13659407,0.11681561,0.45126995
20260916,Bearing1_2,train,18,0.1125,False,0.1326834186911583,0.1060224970181783,0.4680136740207672,0.13156728,0.10861055,0.4285407
20260916,Bearing1_2,train,19,0.11875,False,0.13287669718265532,0.10435852408409119,0.4637032523751259,0.13364981,0.099366605,0.450772
20260916,Bearing1_2,train,20,0.125,False,0.1340766673286756,0.10372281670570374,0.47590187191963196,0.14007652,0.10117999,0.52469635
20260916,Bearing1_2,train,21,0.13125,False,0.13742136103766306,0.10630631695191066,0.5042263120412827,0.15748952,0.11922382,0.6458485
20260916,Bearing1_2,train,22,0.1375,False,0.13782391138374805,0.11404370410101754,0.49224076100758146,0.14064176,0.16046803,0.42032745
20260916,Bearing1_2,train,23,0.14375,False,0.13715577456686232,0.11469124257564545,0.4773671589791775,0.13181068,0.11922401,0.37325194
20260916,Bearing1_2,train,24,0.15,False,0.13604011833667756,0.11227341079049641,0.46416305502255756,0.12599921,0.09293076,0.35853022
20260916,Bearing1_2,train,25,0.15625,True,0.13625514209270478,0.10928010046482087,0.46318356692790985,0.12812011,0.08234031,0.45436817
20260916,Bearing1_2,train,26,0.1625,True,0.13508334755897522,0.10903200581669807,0.439794921875,0.1248845,0.090160385,0.2903439
20260916,Bearing1_2,train,27,0.16875,True,0.13425278812646865,0.10546310693025589,0.4378876954317093,0.12828848,0.08112662,0.4321977
20260916,Bearing1_2,train,28,0.175,True,0.1342312887310982,0.10296123996376991,0.43925756514072417,0.13135229,0.08359188,0.4422394
20260916,Bearing1_2,train,29,0.18125,True,0.13402021825313568,0.10216626077890396,0.4375823736190796,0.1315391,0.09141681,0.43402007
20260916,Bearing1_2,train,30,0.1875,True,0.1325945198535919,0.10140403211116791,0.41814439594745634,0.12581953,0.0935577,0.33031657
20260916,Bearing1_2,train,31,0.19375,True,0.13363923728466034,0.09757615551352501,0.43899559080600736,0.1679367,0.08094505,0.85436046
20260916,Bearing1_2,train,32,0.2,True,0.13849484473466872,0.10033849701285362,0.4763594508171082,0.18919784,0.18809144,0.79396605
20260916,Bearing1_2,train,33,0.20625,True,0.14058144837617875,0.1114762581884861,0.4886838734149933,0.15267672,0.23060162,0.49649617
20260916,Bearing1_2,train,34,0.2125,True,0.14057499766349793,0.11868171095848083,0.4907654941082001,0.1259347,0.16498528,0.37934643
20260916,Bearing1_2,train,35,0.21875,True,0.1399380825459957,0.12098992690443992,0.4871465742588043,0.12175096,0.10542247,0.41817898
20260916,Bearing1_2,train,36,0.225,True,0.1401069663465023,0.12133571580052376,0.477844263613224,0.12657334,0.093618274,0.1973208
20260916,Bearing1_2,train,37,0.23125,True,0.14814883545041085,0.1238960899412632,0.4624917313456535,0.20870717,0.106730364,0.27867237
20260916,Bearing1_2,train,38,0.2375,True,0.17324152514338492,0.14339278712868692,0.47025226801633835,0.3822792,0.27855885,0.5198448
20260916,Bearing1_2,train,39,0.24375,True,0.19814851209521295,0.19065954089164733,0.44627895802259443,0.38060898,0.56408435,0.19428697
20260916,Bearing1_2,train,40,0.25,True,0.23347743973135948,0.2381407991051674,0.45367730408906937,0.4791088,0.5683703,0.40430003
20260916,Bearing1_2,train,41,0.25625,True,0.24182784035801888,0.3023217238485813,0.41263332813978193,0.2514407,0.7227543,0.4439207
20260916,Bearing1_2,train,42,0.2625,True,0.25653769746422767,0.32034632489085196,0.3648864343762398,0.3362964,0.36833745,0.31649712
20260916,Bearing1_2,train,43,0.26875,True,0.30086667761206626,0.3474118746817112,0.3896690532565117,0.5959665,0.5012571,0.74432236
20260916,Bearing1_2,train,44,0.275,True,0.32937967255711553,0.42107039615511893,0.3756691440939903,0.41106465,0.9015705,0.23934734
20260916,Bearing1_2,train,45,0.28125,True,0.42871161103248595,0.47311912998557093,0.4921043083071709,1.1150703,0.6259098,1.5825306
20260916,Bearing1_2,train,46,0.2875,True,0.5683443590998649,0.6307801388204097,0.567493999004364,1.5229008,1.6702284,0.9512177
20260916,Bearing1_2,train,47,0.29375,True,0.6965172499418258,0.8510372638702393,0.5676155656576156,1.4904361,2.3093016,0.27988803
20260916,Bearing1_2,train,48,0.3,True,0.7418329954147339,1.0500427842140199,0.6205348700284958,0.83543664,2.268614,1.0490378
20260916,Bearing1_2,train,49,0.30625,True,0.8133443295955658,1.1199628174304963,0.6759744703769683,1.0957223,1.2632847,0.748683
20260916,Bearing1_2,train,50,0.3125,True,0.9322901785373687,1.2281631350517273,0.7559633016586303,1.6685673,1.6503735,1.2041883
20260916,Bearing1_2,train,51,0.31875,True,1.0811887741088868,1.4072889149188996,0.7414410293102265,1.7404267,2.514012,0.29869798
20260916,Bearing1_2,train,52,0.325,True,1.2549773365259171,1.6337592840194701,0.7633438497781754,2.074182,2.6330411,0.5355253
20260916,Bearing1_2,train,53,0.33125,True,1.4223810881376266,1.896671324968338,0.7153799295425415,2.270004,3.1303775,0.26468316
20260916,Bearing1_2,train,54,0.3375,True,1.6022448003292085,2.1481960892677305,0.7466696202754974,2.2097018,3.4168181,0.55224425
20260916,Bearing1_2,train,55,0.34375,True,1.7480854213237762,2.416696107387543,0.6333618551492691,2.5734766,3.31091,0.44945297
20260916,Bearing1_2,train,56,0.35,True,1.8678923070430755,2.636178398132324,0.5748681485652923,2.7209697,3.8650513,0.36628065
20260916,Bearing1_2,train,57,0.35625,True,2.0161127984523772,2.8117834329605103,0.5676869451999664,2.972641,4.065352,0.208076
20260916,Bearing1_2,train,58,0.3625,True,2.2521312832832336,3.028682994842529,0.48527824878692627,3.1956215,4.4376097,0.22495085
20260916,Bearing1_2,train,59,0.36875,True,2.474539303779602,3.3789588451385497,0.461096328496933,3.3198025,4.766043,0.5068638
20260916,Bearing1_2,train,60,0.375,True,2.653287661075592,3.707412910461426,0.3815462052822113,3.4560509,4.934914,0.4086871
20260916,Bearing1_2,train,61,0.38125,True,2.832476806640625,3.969799304008484,0.41416190564632416,3.532318,5.137876,0.624855
20260916,Bearing1_2,train,62,0.3875,True,2.9976857900619507,4.231029653549195,0.42169755399227143,3.7262719,5.2453446,0.6108818
20260916,Bearing1_2,train,63,0.39375,True,3.158437728881836,4.4720124959945675,0.470707094669342,3.8775234,5.540206,0.75477856
20260916,Bearing1_2,train,64,0.4,True,3.3361138820648195,4.705606579780579,0.4824770212173462,3.9864633,5.752759,0.6699435
20260916,Bearing1_2,train,65,0.40625,True,3.484426188468933,4.965496587753296,0.4683004289865494,4.0565996,5.90981,0.30768704
20260916,Bearing1_2,train,66,0.4125,True,3.624187731742859,5.179280853271484,0.48226897716522216,4.118585,6.002894,0.5059661
20260916,Bearing1_2,train,67,0.41875,True,3.7432156801223755,5.382470369338989,0.4974575310945511,4.1629205,6.097247,0.35996154
20260916,Bearing1_2,train,68,0.425,True,3.8430845975875854,5.555083417892456,0.49811466634273527,4.1943107,6.16374,0.2315222
20260916,Bearing1_2,train,69,0.43125,True,3.9323601722717285,5.6991266250610355,0.4596600361168385,4.2125583,6.2064753,0.12231747
20260916,Bearing1_2,train,70,0.4375,True,4.009967470169068,5.82794599533081,0.439038860052824,4.232124,6.223108,0.20247535
20260916,Bearing1_2,train,71,0.44375,True,4.080334997177124,5.940002298355102,0.3903897814452648,4.2359934,6.258439,0.1383642
20260916,Bearing1_2,train,72,0.45,True,4.1329406023025514,6.041739416122437,0.3452759079635143,4.252328,6.262716,0.15974307
20260916,Bearing1_2,train,73,0.45625,True,4.171767544746399,6.11663818359375,0.2836667485535145,4.265793,6.2891936,0.13868697
20260916,Bearing1_2,train,74,0.4625,True,4.201309871673584,6.172017288208008,0.23552966490387917,4.2818866,6.30655,0.18857267
20260916,Bearing1_2,train,75,0.46875,True,4.224462032318115,6.2137878894805905,0.2187836803495884,4.288121,6.327516,0.1402272
20260916,Bearing1_2,train,76,0.475,True,4.242189550399781,6.247321367263794,0.18222106620669365,4.2958603,6.3382287,0.14033999
20260916,Bearing1_2,train,77,0.48125,True,4.256128168106079,6.272532033920288,0.15940119251608847,4.3023067,6.349354,0.1317628
20260916,Bearing1_2,train,78,0.4875,True,4.268166494369507,6.291964149475097,0.155012995749712,4.314694,6.3580613,0.18764023
20260916,Bearing1_2,train,79,0.49375,True,4.278742551803589,6.308614206314087,0.15700497329235077,4.318319,6.372976,0.14223725
20260916,Bearing1_2,train,80,0.5,True,4.288671827316284,6.324203300476074,0.16072548627853395,4.3314166,6.3789988,0.23968048
20260916,Bearing1_2,train,81,0.50625,True,4.299225759506226,6.33789095878601,0.1695954531431198,4.3415327,6.3953156,0.22706386
20260916,Bearing1_2,train,82,0.5125,True,4.308238792419433,6.352302408218383,0.16875385791063308,4.3424582,6.4068303,0.15132712
20260916,Bearing1_2,train,83,0.51875,True,4.316277408599854,6.364560508728028,0.1721041187644005,4.346179,6.4117746,0.17218958
20260916,Bearing1_2,train,84,0.525,True,4.323532819747925,6.375592041015625,0.17541204690933226,4.3544407,6.4168653,0.22165196
20260916,Bearing1_2,train,85,0.53125,True,4.330174350738526,6.385466861724853,0.177074034512043,4.3545365,6.4262643,0.15684707
20260916,Bearing1_2,train,86,0.5375,True,4.33647928237915,6.394622898101806,0.181511589884758,4.3589096,6.429789,0.18471554
20260916,Bearing1_2,train,87,0.54375,True,4.3423810482025145,6.403128814697266,0.18545535057783127,4.3613243,6.434413,0.17120041
20260916,Bearing1_2,train,88,0.55,True,4.346808862686157,6.411076307296753,0.17969736605882644,4.358972,6.4375362,0.13006039
20260916,Bearing1_2,train,89,0.55625,True,4.351254224777222,6.417268848419189,0.18242253363132477,4.3627725,6.434901,0.16948892
20260916,Bearing1_2,train,90,0.5625,True,4.354737710952759,6.423189449310303,0.1765432685613632,4.3662515,6.438205,0.18088783
20260916,Bearing1_2,train,91,0.56875,True,4.357692527770996,6.427887630462647,0.17514355778694152,4.371081,6.4422975,0.21306676
20260916,Bearing1_2,train,92,0.575,True,4.3608733177185055,6.432092809677124,0.18046392649412155,4.374266,6.448882,0.2045308
20260916,Bearing1_2,train,93,0.58125,True,4.364221429824829,6.436343383789063,0.18688644021749495,4.37966,6.4542804,0.23641472
20260916,Bearing1_2,train,94,0.5875,True,4.367069149017334,6.440725612640381,0.18737800419330597,4.382918,6.4606876,0.2265676
20260916,Bearing1_2,train,95,0.59375,True,4.370135164260864,6.444606018066406,0.19456669837236404,4.3851967,6.4650683,0.22873402
20260916,Bearing1_2,train,96,0.6,True,4.372914123535156,6.448518466949463,0.1973881781101227,4.386699,6.4689136,0.21293034
20260916,Bearing1_2,train,97,0.60625,True,4.375536823272705,6.452128744125366,0.20099969655275346,4.3875513,6.4705157,0.2073156
20260916,Bearing1_2,train,98,0.6125,True,4.378565406799316,6.455524110794068,0.2094706892967224,4.389258,6.47149,0.21477032
20260916,Bearing1_2,train,99,0.61875,True,4.38131422996521,6.45943169593811,0.21329113245010375,4.3902607,6.473977,0.20769335
20260916,Bearing1_2,train,100,0.625,True,4.383908414840699,6.463046264648438,0.21729491800069808,4.3921933,6.4743505,0.22092569
20260916,Bearing1_2,train,101,0.63125,True,4.386281538009643,6.466471529006958,0.21966699063777922,4.394812,6.47655,0.23678748
20260916,Bearing1_2,train,102,0.6375,True,4.388644742965698,6.469605016708374,0.22423093020915985,4.397898,6.480217,0.2501702
20260916,Bearing1_2,train,103,0.64375,True,4.390690517425537,6.472555208206177,0.22607064694166185,4.400118,6.4837823,0.25481188
20260916,Bearing1_2,train,104,0.65,True,4.392546033859253,6.475143623352051,0.22860556989908218,4.401473,6.486572,0.25191683
20260916,Bearing1_2,train,105,0.65625,True,4.394262409210205,6.4775228023529055,0.2289995163679123,4.4023604,6.48886,0.23267348
20260916,Bearing1_2,train,106,0.6625,True,4.39584436416626,6.479573678970337,0.2316410019993782,4.4025187,6.4894223,0.2393452
20260916,Bearing1_2,train,107,0.66875,True,4.397419834136963,6.481641674041748,0.23496272116899491,4.403306,6.4911957,0.24053279
20260916,Bearing1_2,train,108,0.675,True,4.398933458328247,6.48368501663208,0.2374921977519989,4.404394,6.4919233,0.24006508
20260916,Bearing1_2,train,109,0.68125,True,4.400381803512573,6.485527992248535,0.24013444930315017,4.404744,6.492407,0.23411587
20260916,Bearing1_2,train,110,0.6875,True,4.4017009258270265,6.487375402450562,0.2413708671927452,4.4053845,6.4928246,0.23328987
20260916,Bearing1_2,train,111,0.69375,True,4.402725696563721,6.489045715332031,0.2398146778345108,4.40506,6.493253,0.22122559
20260916,Bearing1_2,train,112,0.7,True,4.403460454940796,6.490319871902466,0.2372613802552223,4.405246,6.4929585,0.22463723
20260916,Bearing1_2,train,113,0.70625,True,4.40391993522644,6.4913444995880125,0.23294036239385604,4.4047127,6.4940286,0.2116017
20260916,Bearing1_2,train,114,0.7125,True,4.404188823699951,6.491981267929077,0.2293003410100937,4.404162,6.4929395,0.21551661
20260916,Bearing1_2,train,115,0.71875,True,4.4044617176055905,6.492373657226563,0.22845071852207183,4.4050894,6.492784,0.22417726
20260916,Bearing1_2,train,116,0.725,True,4.4047548294067385,6.492784833908081,0.22676950991153716,4.40545,6.493534,0.2225331
20260916,Bearing1_2,train,117,0.73125,True,4.4050047397613525,6.493018007278442,0.22509837597608567,4.405805,6.4935274,0.22382145
20260916,Bearing1_2,train,118,0.7375,True,4.405116128921509,6.493199062347412,0.22300911992788314,4.405508,6.493734,0.21917252
20260916,Bearing1_2,train,119,0.74375,True,4.405269432067871,6.493376588821411,0.22254192531108857,4.406277,6.494182,0.22944392
20260916,Bearing1_2,train,120,0.75,True,4.405407571792603,6.493558740615844,0.22168327122926712,4.406766,6.494646,0.22470333
20260916,Bearing1_2,train,121,0.75625,True,4.405675840377808,6.493722200393677,0.22351269274950028,4.4077425,6.494888,0.2395198
20260916,Bearing1_2,train,122,0.7625,True,4.406033849716186,6.4940262794494625,0.2254101112484932,4.408826,6.4959993,0.24361141
20260916,Bearing1_2,train,123,0.76875,True,4.406577062606812,6.494442796707153,0.22935616225004196,4.410145,6.4981937,0.2510622
20260916,Bearing1_2,train,124,0.775,True,4.407237863540649,6.494999980926513,0.232973849773407,4.41077,6.4985113,0.2516935
20260916,Bearing1_2,train,125,0.78125,True,4.407940912246704,6.495654821395874,0.2365980252623558,4.41212,6.4993324,0.260419
20260916,Bearing1_2,train,126,0.7875,True,4.40864930152893,6.496136808395386,0.24035010784864425,4.4125338,6.498354,0.26005393
20260916,Bearing1_2,train,127,0.79375,True,4.409381437301636,6.49689884185791,0.2438816636800766,4.4131265,6.5011477,0.259137
20260916,Bearing1_2,train,128,0.8,True,4.410247421264648,6.497859525680542,0.24844297617673874,4.414168,6.5033407,0.26478565
20260916,Bearing1_2,train,129,0.80625,True,4.411096477508545,6.4988030910491945,0.2524227201938629,4.4147677,6.503618,0.26924136
20260916,Bearing1_2,train,130,0.8125,True,4.412011241912841,6.499764442443848,0.2577511087059975,4.4159136,6.5042596,0.2779872
20260916,Bearing1_2,train,131,0.81875,True,4.41289439201355,6.500825452804565,0.2616854771971703,4.416574,6.505498,0.2788635
20260916,Bearing1_2,train,132,0.825,True,4.4137248516082765,6.501846885681152,0.2652157485485077,4.4171305,6.5062137,0.27891412
20260916,Bearing1_2,train,133,0.83125,True,4.414537382125855,6.502730226516723,0.2688181608915329,4.41827,6.507027,0.28708634
20260916,Bearing1_2,train,134,0.8375,True,4.415338945388794,6.503729343414307,0.2712938398122787,4.4187856,6.5085025,0.27645028
20260916,Bearing1_2,train,135,0.84375,True,4.416094207763672,6.50471510887146,0.27387420535087587,4.4196725,6.50919,0.28622267
20260916,Bearing1_2,train,136,0.85,True,4.416902351379394,6.505879259109497,0.27704577445983886,4.420615,6.5099955,0.29176962
20260916,Bearing1_2,train,137,0.85625,True,4.417647743225098,6.506810283660888,0.2797343462705612,4.4205804,6.510458,0.28602272
20260916,Bearing1_2,train,138,0.8625,True,4.41835503578186,6.5076079845428465,0.28193825483322144,4.421241,6.5113177,0.28682473
20260916,Bearing1_2,train,139,0.86875,True,4.419000959396362,6.5084045886993405,0.28312834203243253,4.421227,6.511584,0.28114223
20260916,Bearing1_2,train,140,0.875,True,4.419479036331177,6.509148788452149,0.2829562366008759,4.4206944,6.5117016,0.27626616
20260916,Bearing1_2,train,141,0.88125,True,4.419881010055542,6.509827613830566,0.28237430155277254,4.4205937,6.512286,0.27304414
20260916,Bearing1_2,train,142,0.8875,True,4.4201959609985355,6.510373163223266,0.28193944692611694,4.42028,6.511669,0.27456558
20260916,Bearing1_2,train,143,0.89375,True,4.420339441299438,6.510831594467163,0.27988457679748535,4.419705,6.5116115,0.26653764
20260916,Bearing1_2,train,144,0.9,True,4.4204048156738285,6.511043500900269,0.27924692928791045,4.4194393,6.5106215,0.2700738
20260916,Bearing1_2,train,145,0.90625,True,4.420444774627685,6.511173820495605,0.27869086265563964,4.420072,6.5104933,0.280662
20260916,Bearing1_2,train,146,0.9125,True,4.420552968978882,6.511417102813721,0.28051077723503115,4.421697,6.5124283,0.30996877
20260916,Bearing1_2,train,147,0.91875,True,4.42081847190857,6.511620807647705,0.28398635387420657,4.4232354,6.512495,0.3207785
20260916,Bearing1_2,train,148,0.925,True,4.421128654479981,6.511920309066772,0.2880058616399765,4.4243426,6.5143127,0.3270198
20260916,Bearing1_2,train,149,0.93125,True,4.421550846099853,6.512329769134522,0.29302774667739867,4.425449,6.5156784,0.3313611
20260916,Bearing1_2,train,150,0.9375,True,4.422172260284424,6.512872362136841,0.29920337796211244,4.4269085,6.5171275,0.33802247
20260916,Bearing1_2,train,151,0.94375,True,4.422887229919434,6.51338758468628,0.30686345100402834,4.4277434,6.5174384,0.34964487
20260916,Bearing1_2,train,152,0.95,True,4.423727369308471,6.514181327819824,0.3143362432718277,4.4286814,6.5196066,0.3492935
20260916,Bearing1_2,train,153,0.95625,True,4.424727869033814,6.515100193023682,0.3227746903896332,4.42971,6.5208,0.3509221
20260916,Bearing1_2,train,154,0.9625,True,4.425847387313842,6.516189336776733,0.33097369968891144,4.4306345,6.521513,0.3520639
20260916,Bearing1_2,train,155,0.96875,True,4.426973819732666,6.517391872406006,0.3396770149469376,4.4313364,6.5225186,0.36769515
20260916,Bearing1_2,train,156,0.975,True,4.427976942062378,6.5184409618377686,0.3453013628721237,4.4317284,6.522919,0.36621225
20260916,Bearing1_2,train,157,0.98125,True,4.428926563262939,6.51962628364563,0.3501997232437134,4.4327316,6.5243483,0.3697621
20260916,Bearing1_2,train,158,0.9875,True,4.429846286773682,6.5206695079803465,0.35628673136234285,4.43354,6.524745,0.3878899
20260916,Bearing1_2,train,159,0.99375,True,4.430755472183227,6.5217217922210695,0.3624592423439026,4.4345407,6.5262012,0.3930862
20260916,Bearing1_2,train,160,1.0,True,4.431857013702393,6.522734260559082,0.3745625287294388,4.437924,6.527252,0.45905533
20260916,Bearing1_3,train,0,0.0,False,,,,0.50679004,,
20260916,Bearing1_3,train,1,0.006369426751592357,False,,,,0.29623142,,
20260916,Bearing1_3,train,2,0.012738853503184714,False,,,,0.17888051,,
20260916,Bearing1_3,train,3,0.01910828025477707,False,,,,0.09841309,,
20260916,Bearing1_3,train,4,0.025477707006369428,False,,,,0.035541885,,
20260916,Bearing1_3,train,5,0.03184713375796178,False,,,,0.0381195,,
20260916,Bearing1_3,train,6,0.03821656050955414,False,,,,0.071449615,,
20260916,Bearing1_3,train,7,0.044585987261146494,False,,,,0.07860552,,
20260916,Bearing1_3,train,8,0.050955414012738856,False,,,,0.091477506,,
20260916,Bearing1_3,train,9,0.05732484076433121,False,,,,0.103451796,,
20260916,Bearing1_3,train,10,0.06369426751592357,False,,,,0.11040267,,
20260916,Bearing1_3,train,11,0.07006369426751592,False,,,,0.11943703,,
20260916,Bearing1_3,train,12,0.07643312101910828,False,,,,0.123257115,,
20260916,Bearing1_3,train,13,0.08280254777070063,False,,,,0.12993185,,
20260916,Bearing1_3,train,14,0.08917197452229299,False,,,,0.12087325,,
20260916,Bearing1_3,train,15,0.09554140127388536,False,0.12347394227981567,,,0.12347394,,
20260916,Bearing1_3,train,16,0.10191082802547771,False,0.12425009906291962,0.0822070762515068,0.32877033948898315,0.12502626,0.082207076,0.32877034
20260916,Bearing1_3,train,17,0.10828025477707007,False,0.1249581774075826,0.08289777487516403,0.3161805123090744,0.12637433,0.08358847,0.3035907
20260916,Bearing1_3,train,18,0.11464968152866242,False,0.1292048804461956,0.08460355053345363,0.2724084109067917,0.14194499,0.0880151,0.18486421
20260916,Bearing1_3,train,19,0.12101910828025478,False,0.133917236328125,0.09761425293982029,0.2525123916566372,0.15276666,0.13664636,0.19282433
20260916,Bearing1_3,train,20,0.12738853503184713,False,0.13785084833701453,0.1100478395819664,0.2398898035287857,0.15751891,0.15978219,0.18939945
20260916,Bearing1_3,train,21,0.1337579617834395,False,0.1401799385036741,0.12043212230006854,0.23677082359790802,0.15415448,0.17235354,0.22117592
20260916,Bearing1_3,train,22,0.14012738853503184,False,0.14425857551395893,0.12628059621368135,0.22341592609882355,0.17280903,0.16137144,0.14328654
20260916,Bearing1_3,train,23,0.1464968152866242,False,0.1479878822962443,0.13569798786193132,0.21500445529818535,0.17782234,0.20161973,0.15612416
20260916,Bearing1_3,train,24,0.15286624203821655,False,0.1492191419005394,0.14426952186557981,0.2187766283750534,0.16030048,0.2128418,0.24895401
20260916,Bearing1_3,train,25,0.1592356687898089,True,0.15250876247882844,0.14708766713738441,0.2186426639556885,0.15637015,0.17245097,0.21743698
20260916,Bearing1_3,train,26,0.16560509554140126,True,0.15570251941680907,0.1553121104836464,0.20740222334861755,0.15696383,0.16445151,0.21636593
20260916,Bearing1_3,train,27,0.17197452229299362,True,0.15947552472352983,0.16309216246008873,0.1950305074453354,0.16410439,0.161389,0.17987353
20260916,Bearing1_3,train,28,0.17834394904458598,True,0.16159698367118835,0.17220675498247145,0.1973572328686714,0.16315958,0.17916103,0.20813146
20260916,Bearing1_3,train,29,0.18471337579617833,True,0.16310531347990037,0.17608443051576614,0.19589866399765016,0.16784996,0.17542312,0.17823865
20260916,Bearing1_3,train,30,0.1910828025477707,True,0.16287700831890106,0.17857850044965745,0.2022433638572693,0.15523586,0.18472289,0.25284645
20260916,Bearing1_3,train,31,0.19745222929936307,True,0.16427187621593475,0.17681629806756974,0.19602510184049607,0.16810316,0.15473151,0.1589933
20260916,Bearing1_3,train,32,0.20382165605095542,True,0.1629234880208969,0.17911675125360488,0.2047060564160347,0.15932515,0.18437597,0.23009609
20260916,Bearing1_3,train,33,0.21019108280254778,True,0.16023025363683702,0.1756240174174309,0.2156893640756607,0.15089,0.16669239,0.26595724
20260916,Bearing1_3,train,34,0.21656050955414013,True,0.1589237004518509,0.16845861077308655,0.21577384769916536,0.14723495,0.14118773,0.24979885
20260916,Bearing1_3,train,35,0.2229299363057325,True,0.15855117738246918,0.16471321284770965,0.21559327244758605,0.15264492,0.134997,0.21563123
20260916,Bearing1_3,train,36,0.22929936305732485,True,0.15851381421089172,0.16283214539289476,0.21552681177854538,0.1565902,0.14564084,0.21570133
20260916,Bearing1_3,train,37,0.2356687898089172,True,0.15650667548179625,0.1620740696787834,0.23090095072984695,0.144033,0.15380824,0.33361492
20260916,Bearing1_3,train,38,0.24203821656050956,True,0.15442272275686264,0.15571633353829384,0.24023384600877762,0.14232005,0.115583666,0.30146042
20260916,Bearing1_3,train,39,0.2484076433121019,True,0.15165914893150328,0.14912508577108383,0.2563470870256424,0.14021422,0.10951064,0.33937106
20260916,Bearing1_3,train,40,0.25477707006369427,True,0.1502667933702469,0.14045129269361495,0.25835675597190855,0.1413123,0.097984955,0.27294314
20260916,Bearing1_3,train,41,0.2611464968152866,True,0.14795637130737305,0.13552834764122962,0.26584154814481736,0.14499894,0.10550206,0.23384123
20260916,Bearing1_3,train,42,0.267515923566879,True,0.1466110661625862,0.1292051836848259,0.26951067745685575,0.1458721,0.12114433,0.26678738
20260916,Bearing1_3,train,43,0.27388535031847133,True,0.14556428790092468,0.12463898956775665,0.2789518296718597,0.14042221,0.12103045,0.36036876
20260916,Bearing1_3,train,44,0.2802547770700637,True,0.14533183127641677,0.12035894095897674,0.2777366042137146,0.14491038,0.09838724,0.2376466
20260916,Bearing1_3,train,45,0.28662420382165604,True,0.14441117495298386,0.11847317516803742,0.2865446224808693,0.14343835,0.11613934,0.3037114
20260916,Bearing1_3,train,46,0.2929936305732484,True,0.1429741933941841,0.11480882614850998,0.29490414559841155,0.14222038,0.108997345,0.29929656
20260916,Bearing1_3,train,47,0.29936305732484075,True,0.14315149188041687,0.11000906378030777,0.28700083792209624,0.14580598,0.10581061,0.25458184
20260916,Bearing1_3,train,48,0.3057324840764331,True,0.14337873458862305,0.11013682559132576,0.2833313703536987,0.14459248,0.116861284,0.26476574
20260916,Bearing1_3,train,49,0.31210191082802546,True,0.14479403495788573,0.11098089441657066,0.2683702394366264,0.15436722,0.117951326,0.18975975
20260916,Bearing1_3,train,50,0.3184713375796178,True,0.14524596631526948,0.11608085855841636,0.2722279891371727,0.14583161,0.1489846,0.31152064
20260916,Bearing1_3,train,51,0.3248407643312102,True,0.14502014517784118,0.11752088889479637,0.27823648452758787,0.14274073,0.119902365,0.29392618
20260916,Bearing1_3,train,52,0.33121019108280253,True,0.14419083744287492,0.1165119044482708,0.2891202449798584,0.13757902,0.11105449,0.37562498
20260916,Bearing1_3,train,53,0.3375796178343949,True,0.14396639168262482,0.1136478178203106,0.28565339744091034,0.13817775,0.09238958,0.32570028
20260916,Bearing1_3,train,54,0.34394904458598724,True,0.14342261850833893,0.1131078228354454,0.2943445309996605,0.13947265,0.09298729,0.32455793
20260916,Bearing1_3,train,55,0.3503184713375796,True,0.1432560682296753,0.11089325249195099,0.2937243953347206,0.14177285,0.093993634,0.29751006
20260916,Bearing1_3,train,56,0.35668789808917195,True,0.14288786202669143,0.10982234999537469,0.30100320726633073,0.13853832,0.09828832,0.37208468
20260916,Bearing1_3,train,57,0.3630573248407643,True,0.14230714738368988,0.10824146792292595,0.3048868224024773,0.13999884,0.09000179,0.293418
20260916,Bearing1_3,train,58,0.36942675159235666,True,0.1442040517926216,0.10609182491898536,0.29337400794029234,0.16356152,0.095364854,0.1496376
20260916,Bearing1_3,train,59,0.37579617834394907,True,0.14809762686491013,0.11130810678005218,0.28764560222625735,0.19330297,0.17011414,0.13247569
20260916,Bearing1_3,train,60,0.3821656050955414,True,0.1572613000869751,0.12012736052274704,0.27237813621759416,0.23746835,0.23717713,0.15884598
20260916,Bearing1_3,train,61,0.3885350318471338,True,0.16371035128831862,0.14024558290839195,0.260259285569191,0.20723124,0.3210846,0.17273767
20260916,Bearing1_3,train,62,0.39490445859872614,True,0.17310835868120195,0.15600191801786423,0.23595407903194426,0.2315591,0.26861784,0.13257292
20260916,Bearing1_3,train,63,0.4012738853503185,True,0.1829102009534836,0.17825915664434433,0.21623575538396836,0.23619618,0.31496197,0.12851705
20260916,Bearing1_3,train,64,0.40764331210191085,True,0.1904766395688057,0.20142891630530357,0.198695208132267,0.21513703,0.3246849,0.14915246
20260916,Bearing1_3,train,65,0.4140127388535032,True,0.1969531551003456,0.22052427753806114,0.18282636404037475,0.206538,0.28494725,0.13882162
20260916,Bearing1_3,train,66,0.42038216560509556,True,0.20802346467971802,0.23765741288661957,0.1624872088432312,0.24924141,0.26961967,0.16869313
20260916,Bearing1_3,train,67,0.4267515923566879,True,0.22098533660173417,0.26333401203155515,0.146519935131073,0.26961756,0.34676778,0.13374525
20260916,Bearing1_3,train,68,0.43312101910828027,True,0.23199962824583054,0.2919225350022316,0.144794824719429,0.27370444,0.38125008,0.13238649
20260916,Bearing1_3,train,69,0.4394904458598726,True,0.2403267115354538,0.313969025015831,0.1441654533147812,0.2765738,0.39057904,0.12618198
20260916,Bearing1_3,train,70,0.445859872611465,True,0.24376350194215773,0.3297922283411026,0.14022193029522895,0.27183625,0.39540917,0.119410746
20260916,Bearing1_3,train,71,0.45222929936305734,True,0.2579003572463989,0.3365213692188263,0.15309643968939782,0.3485998,0.388376,0.30148277
20260916,Bearing1_3,train,72,0.4585987261146497,True,0.27695934772491454,0.3613419204950333,0.17268730327486992,0.422149,0.51682335,0.32848155
20260916,Bearing1_3,train,73,0.46496815286624205,True,0.2941426619887352,0.3934168487787247,0.17623891606926917,0.40802932,0.63571125,0.16403317
20260916,Bearing1_3,train,74,0.4713375796178344,True,0.31728119105100633,0.4225443959236145,0.18810213580727578,0.44652233,0.61596036,0.26778466
20260916,Bearing1_3,train,75,0.47770700636942676,True,0.3424792349338531,0.4617703169584274,0.19830091372132302,0.45851845,0.67720646,0.2408094
20260916,Bearing1_3,train,76,0.4840764331210191,True,0.36653611063957214,0.5045942187309265,0.20918881371617318,0.48981017,0.6978587,0.27757213
20260916,Bearing1_3,train,77,0.49044585987261147,True,0.3912419378757477,0.5446104109287262,0.22363752201199533,0.51667583,0.7469297,0.27823234
20260916,Bearing1_3,train,78,0.4968152866242038,True,0.41884114444255827,0.5853880286216736,0.24063319489359855,0.5496965,0.78902626,0.30234322
20260916,Bearing1_3,train,79,0.5031847133757962,True,0.44102667570114135,0.6303349018096924,0.24394422248005868,0.49842912,0.8400478,0.15929225
20260916,Bearing1_3,train,80,0.5095541401273885,True,0.469630965590477,0.6671335756778717,0.26688072830438614,0.55787915,0.7633959,0.3487758
20260916,Bearing1_3,train,81,0.5159235668789809,True,0.4897854596376419,0.7135269343852997,0.2604788184165955,0.55014473,0.8523096,0.23746367
20260916,Bearing1_3,train,82,0.5222929936305732,True,0.5072334438562394,0.7461144089698791,0.2610690027475357,0.59662884,0.8426981,0.3343834
20260916,Bearing1_3,train,83,0.5286624203821656,True,0.5295646876096726,0.7737769305706024,0.2773693323135376,0.63134176,0.91233647,0.32703647
20260916,Bearing1_3,train,84,0.535031847133758,True,0.5474819064140319,0.8087094962596894,0.2764450967311859,0.6256945,0.965286,0.2585423
20260916,Bearing1_3,train,85,0.5414012738853503,True,0.5649332046508789,0.8367619454860687,0.28056531101465226,0.6330314,0.95773095,0.28201154
20260916,Bearing1_3,train,86,0.5477707006369427,True,0.5727303326129913,0.8638382315635681,0.26870875656604765,0.56778145,0.96862155,0.15900658
20260916,Bearing1_3,train,87,0.554140127388535,True,0.586208701133728,0.8761710464954376,0.2820979654788971,0.6514595,0.87025785,0.41212443
20260916,Bearing1_3,train,88,0.5605095541401274,True,0.6041386663913727,0.8966979742050171,0.29341318607330324,0.72899616,0.99429554,0.41549543
20260916,Bearing1_3,train,89,0.5668789808917197,True,0.6275838732719421,0.9239887535572052,0.30600984394550323,0.7328812,1.1129556,0.28525883
20260916,Bearing1_3,train,90,0.5732484076433121,True,0.6459583520889283,0.9596987783908844,0.3002038270235062,0.74162394,1.1204962,0.29071563
20260916,Bearing1_3,train,91,0.5796178343949044,True,0.6990974724292756,0.9878916680812836,0.3632096901535988,1.0815359,1.1342385,0.8675223
20260916,Bearing1_3,train,92,0.5859872611464968,True,0.751597785949707,1.0663653075695039,0.36621632128953935,1.121632,1.6274345,0.3644497
20260916,Bearing1_3,train,93,0.5923566878980892,True,0.816326481103897,1.1450743973255157,0.3828329429030418,1.2786287,1.6994274,0.4932027
20260916,Bearing1_3,train,94,0.5987261146496815,True,0.8862869560718536,1.241456574201584,0.38752593845129013,1.3252993,1.9291078,0.30547225
20260916,Bearing1_3,train,95,0.6050955414012739,True,0.9676767945289612,1.3457661867141724,0.3961913898587227,1.4469298,2.000827,0.36866605
20260916,Bearing1_3,train,96,0.6114649681528662,True,1.0532028913497924,1.4667202174663543,0.40116471201181414,1.4230424,2.1781619,0.2087398
20260916,Bearing1_3,train,97,0.6178343949044586,True,1.1255170404911041,1.5937380254268647,0.3774026781320572,1.374601,2.140436,0.17450409
20260916,Bearing1_3,train,98,0.6242038216560509,True,1.2012038290500642,1.700971746444702,0.36992873847484586,1.485864,2.0666327,0.34075603
20260916,Bearing1_3,train,99,0.6305732484076433,True,1.2803823173046112,1.812248992919922,0.365177421271801,1.5246661,2.225728,0.23774566
20260916,Bearing1_3,train,100,0.6369426751592356,True,1.364796268939972,1.928638184070587,0.3604632347822189,1.5857635,2.284388,0.24357377
20260916,Bearing1_3,train,101,0.643312101910828,True,1.422296905517578,2.052756464481354,0.29767894744873047,1.6565423,2.3754213,0.23967943
20260916,Bearing1_3,train,102,0.6496815286624203,True,1.487977349758148,2.137705910205841,0.28871734738349913,1.7784364,2.476929,0.2748337
20260916,Bearing1_3,train,103,0.6560509554140127,True,1.5415907859802247,2.233504045009613,0.25999918580055237,1.8147631,2.6574087,0.20602107
20260916,Bearing1_3,train,104,0.6624203821656051,True,1.5973242282867433,2.311260771751404,0.24814089834690095,1.8826337,2.706675,0.18688938
20260916,Bearing1_3,train,105,0.6687898089171974,True,1.6494764685630798,2.391546368598938,0.23153082579374312,1.9684522,2.803683,0.20256533
20260916,Bearing1_3,train,106,0.6751592356687898,True,1.7123453617095947,2.4666887283325196,0.2302144005894661,2.0517313,2.9295855,0.19557555
20260916,Bearing1_3,train,107,0.6815286624203821,True,1.7944673418998718,2.5578235149383546,0.23302193433046342,2.1958208,3.0517838,0.20257942
20260916,Bearing1_3,train,108,0.6878980891719745,True,1.8679338455200196,2.6777354955673216,0.2304580882191658,2.220529,3.2657526,0.31511757
20260916,Bearing1_3,train,109,0.6942675159235668,True,1.9474785804748536,2.785160231590271,0.22798965871334076,2.3201134,3.2999754,0.21306136
20260916,Bearing1_3,train,110,0.7006369426751592,True,2.030855965614319,2.901473379135132,0.2302000567317009,2.4195373,3.4475195,0.26567775
20260916,Bearing1_3,train,111,0.7070063694267515,True,2.0985668420791628,3.0231592416763307,0.26700564175844194,2.333651,3.59228,0.6077353
20260916,Bearing1_3,train,112,0.7133757961783439,True,2.1620827674865724,3.120580554008484,0.2650209054350853,2.4135957,3.451142,0.25498635
20260916,Bearing1_3,train,113,0.7197452229299363,True,2.231287431716919,3.2122081518173218,0.2724433973431587,2.5068097,3.5736847,0.280246
20260916,Bearing1_3,train,114,0.7261146496815286,True,2.2923508167266844,3.3132066249847414,0.3065602287650108,2.4932675,3.7166598,0.5280577
20260916,Bearing1_3,train,115,0.732484076433121,True,2.3412423849105837,3.401511859893799,0.340335538983345,2.457368,3.6867354,0.5403184
20260916,Bearing1_3,train,116,0.7388535031847133,True,2.392954969406128,3.471376657485962,0.34572585970163344,2.5688572,3.6282334,0.24947876
20260916,Bearing1_3,train,117,0.7452229299363057,True,2.4332276344299317,3.546602725982666,0.3724473148584366,2.5985475,3.8040445,0.46979398
20260916,Bearing1_3,train,118,0.7515923566878981,True,2.4781851768493652,3.604193830490112,0.38112370371818544,2.6701045,3.8416636,0.40188146
20260916,Bearing1_3,train,119,0.7579617834394905,True,2.523902416229248,3.6691357135772704,0.3954894125461578,2.7772858,3.9493942,0.35671845
20260916,Bearing1_3,train,120,0.7643312101910829,True,2.5695693731307983,3.7355083227157593,0.41234772801399233,2.8762069,4.1112456,0.4342609
20260916,Bearing1_3,train,121,0.7707006369426752,True,2.629725980758667,3.8016988039016724,0.40751290917396543,2.9352171,4.2541847,0.5593871
20260916,Bearing1_3,train,122,0.7770700636942676,True,2.6933501720428468,3.890365409851074,0.4231376856565475,3.0498376,4.337808,0.4112341
20260916,Bearing1_3,train,123,0.7834394904458599,True,2.7621711015701296,3.984179162979126,0.4295977592468262,3.195019,4.511822,0.34484673
20260916,Bearing1_3,train,124,0.7898089171974523,True,2.843636465072632,4.085607981681823,0.42329994440078733,3.3079212,4.730948,0.46507955
20260916,Bearing1_3,train,125,0.7961783439490446,True,2.9310075521469114,4.206427049636841,0.4483977437019348,3.3310788,4.894926,0.7912964
20260916,Bearing1_3,train,126,0.802547770700637,True,3.0152676105499268,4.33521203994751,0.4798633217811584,3.4114578,4.9160833,0.56413454
20260916,Bearing1_3,train,127,0.8089171974522293,True,3.1029725074768066,4.458593726158142,0.4955910384654999,3.4755964,5.0378613,0.62707114
20260916,Bearing1_3,train,128,0.8152866242038217,True,3.1958657264709474,4.5873534202575685,0.4838999420404434,3.5990367,5.1292605,0.2849705
20260916,Bearing1_3,train,129,0.821656050955414,True,3.2888522148132324,4.72454047203064,0.4763442397117615,3.7071507,5.3212647,0.28116143
20260916,Bearing1_3,train,130,0.8280254777070064,True,3.375702977180481,4.862017345428467,0.4962452530860901,3.7447145,5.4860144,0.63327104
20260916,Bearing1_3,train,131,0.8343949044585988,True,3.4681351661682127,4.989865112304687,0.45921738892793657,3.859539,5.5326624,0.18910845
20260916,Bearing1_3,train,132,0.8407643312101911,True,3.5578914880752563,5.126782989501953,0.43486766517162323,3.9474008,5.706987,0.16773687
20260916,Bearing1_3,train,133,0.8471337579617835,True,3.6410216331481933,5.259864282608032,0.43007688224315643,4.0263205,5.842635,0.2969389
20260916,Bearing1_3,train,134,0.8535031847133758,True,3.71866352558136,5.382823514938354,0.40559808164834976,4.08434,5.9605403,0.22029154
20260916,Bearing1_3,train,135,0.8598726114649682,True,3.798214912414551,5.497694492340088,0.3424905136227608,4.1265926,6.043636,0.16022074
20260916,Bearing1_3,train,136,0.8662420382165605,True,3.873481583595276,5.6164943218231205,0.3052583560347557,4.1641245,6.1040816,0.19181296
20260916,Bearing1_3,train,137,0.8726114649681529,True,3.9453295946121214,5.728387117385864,0.2592579871416092,4.1940765,6.1567893,0.16706745
20260916,Bearing1_3,train,138,0.8789808917197452,True,4.007252621650696,5.835232257843018,0.24738462269306183,4.218267,6.197712,0.16623685
20260916,Bearing1_3,train,139,0.8853503184713376,True,4.059835386276245,5.926107263565063,0.2298693798482418,4.2329783,6.230015,0.106009
20260916,Bearing1_3,train,140,0.89171974522293,True,4.110120558738709,6.002585601806641,0.17855632230639457,4.247566,6.2507977,0.12014046
20260916,Bearing1_3,train,141,0.8980891719745223,True,4.150150990486145,6.076209497451782,0.17126456871628762,4.2598433,6.2689013,0.11619091
20260916,Bearing1_3,train,142,0.9044585987261147,True,4.182552433013916,6.134034633636475,0.16689700335264207,4.271415,6.2852383,0.12406122
20260916,Bearing1_3,train,143,0.910828025477707,True,4.208092498779297,6.179678440093994,0.15071974098682403,4.281721,6.299073,0.13516627
20260916,Bearing1_3,train,144,0.9171974522292994,True,4.22846794128418,6.214899682998658,0.14188705384731293,4.2880945,6.3127527,0.13196467
20260916,Bearing1_3,train,145,0.9235668789808917,True,4.246233081817627,6.242811155319214,0.14930692315101624,4.304244,6.3227506,0.23441944
20260916,Bearing1_3,train,146,0.9299363057324841,True,4.260958862304688,6.266534328460693,0.14845484346151352,4.3113823,6.3413134,0.18329217
20260916,Bearing1_3,train,147,0.9363057324840764,True,4.2731915473937985,6.285970163345337,0.14778710007667542,4.3164034,6.3511477,0.16039002
20260916,Bearing1_3,train,148,0.9426751592356688,True,4.283706283569336,6.302148771286011,0.1499190405011177,4.3234143,6.359498,0.18755625
20260916,Bearing1_3,train,149,0.9490445859872612,True,4.294397592544556,6.3161767482757565,0.17590498849749564,4.3398914,6.3702946,0.36586848
20260916,Bearing1_3,train,150,0.9554140127388535,True,4.304696989059448,6.329458284378052,0.20209117457270623,4.35056,6.383613,0.38200232
20260916,Bearing1_3,train,151,0.9617834394904459,True,4.314577960968018,6.3421790599823,0.22894022092223168,4.358653,6.396109,0.38468137
20260916,Bearing1_3,train,152,0.9681528662420382,True,4.3240447521209715,6.354340076446533,0.2574548751115799,4.366083,6.4068484,0.40920776
20260916,Bearing1_3,train,153,0.9745222929936306,True,4.332898855209351,6.3660749912261965,0.281630365550518,4.370262,6.4164224,0.37692118
20260916,Bearing1_3,train,154,0.9808917197452229,True,4.341582727432251,6.377199172973633,0.30715828239917753,4.3749332,6.4239945,0.38724384
20260916,Bearing1_3,train,155,0.9872611464968153,True,4.34899206161499,6.387791633605957,0.3224058985710144,4.3783374,6.428675,0.3868956
20260916,Bearing1_3,train,156,0.9936305732484076,True,4.356014442443848,6.396981716156006,0.3434629365801811,4.381606,6.433214,0.39386255
20260916,Bearing1_3,train,157,1.0,True,4.362792873382569,6.405604648590088,0.3665705069899559,4.3841877,6.437377,0.39146572
20260916,Bearing1_4,validation,0,0.0,False,,,,0.6330052,,
20260916,Bearing1_4,validation,1,0.008264462809917356,False,,,,0.28462583,,
20260916,Bearing1_4,validation,2,0.01652892561983471,False,,,,0.15116131,,
20260916,Bearing1_4,validation,3,0.024793388429752067,False,,,,0.07669893,,
20260916,Bearing1_4,validation,4,0.03305785123966942,False,,,,0.03779316,,
20260916,Bearing1_4,validation,5,0.04132231404958678,False,,,,0.04425658,,
20260916,Bearing1_4,validation,6,0.049586776859504134,False,,,,0.065445274,,
20260916,Bearing1_4,validation,7,0.05785123966942149,False,,,,0.08050101,,
20260916,Bearing1_4,validation,8,0.06611570247933884,False,,,,0.103141166,,
20260916,Bearing1_4,validation,9,0.0743801652892562,False,,,,0.11761196,,
20260916,Bearing1_4,validation,10,0.08264462809917356,False,,,,0.13079119,,
20260916,Bearing1_4,validation,11,0.09090909090909091,False,,,,0.13451575,,
20260916,Bearing1_4,validation,12,0.09917355371900827,False,,,,0.14177716,,
20260916,Bearing1_4,validation,13,0.10743801652892562,False,,,,0.15763475,,
20260916,Bearing1_4,validation,14,0.11570247933884298,False,,,,0.16626295,,
20260916,Bearing1_4,validation,15,0.12396694214876033,False,0.17140454053878784,,,0.17140454,,
20260916,Bearing1_4,validation,16,0.1322314049586777,False,0.17255782335996628,0.19004680216312408,0.6229139566421509,0.1737111,0.1900468,0.62291396
20260916,Bearing1_4,validation,17,0.14049586776859505,False,0.17417537669340769,0.19293857365846634,0.6313918232917786,0.17741048,0.19583035,0.6398697
20260916,Bearing1_4,validation,18,0.1487603305785124,False,0.1742449440062046,0.19561556478341421,0.6192348202069601,0.17445365,0.20096955,0.5949208
20260916,Bearing1_4,validation,19,0.15702479338842976,False,0.17482471466064453,0.1945742517709732,0.6209370940923691,0.1771438,0.19145031,0.6260439
20260916,Bearing1_4,validation,20,0.1652892561983471,False,0.17880359788735709,0.19491323828697205,0.6524130702018738,0.19869801,0.19626918,0.778317
20260916,Bearing1_4,validation,21,0.17355371900826447,False,0.1789720697062356,0.20240041861931482,0.6407230595747629,0.1799829,0.23983632,0.582273
20260916,Bearing1_4,validation,22,0.18181818181818182,False,0.18154104053974152,0.20271330220358713,0.6593230026108878,0.19952384,0.2045906,0.77092266
20260916,Bearing1_4,validation,23,0.19008264462809918,False,0.18302996125486162,0.20753604173660278,0.6616903692483902,0.19494133,0.24129522,0.67826194
20260916,Bearing1_4,validation,24,0.19834710743801653,False,0.18455324918031693,0.2102119591501024,0.667334344651964,0.19826284,0.2316193,0.71248615
20260916,Bearing1_4,validation,25,0.2066115702479339,True,0.18923565596342087,0.21292971223592758,0.685768461227417,0.21822861,0.23738949,0.8516755
20260916,Bearing1_4,validation,26,0.21487603305785125,True,0.19315191805362703,0.2213596671819687,0.6989657044410705,0.21287373,0.27434635,0.7548864
20260916,Bearing1_4,validation,27,0.2231404958677686,True,0.19591482430696489,0.22825712263584136,0.7071253955364227,0.20503955,0.2648049,0.7214666
20260916,Bearing1_4,validation,28,0.23140495867768596,True,0.1980589061975479,0.23327963352203368,0.7151054441928864,0.19589446,0.25119466,0.6747213
20260916,Bearing1_4,validation,29,0.2396694214876033,True,0.1977642819285393,0.23750986605882646,0.7066451609134674,0.17419755,0.23375264,0.5414411
20260916,Bearing1_4,validation,30,0.24793388429752067,True,0.19528937190771103,0.23688787519931792,0.6887197434902191,0.17394891,0.19004928,0.5990628
20260916,Bearing1_4,validation,31,0.256198347107438,True,0.1936470627784729,0.23178097307682038,0.6823573410511017,0.16355981,0.1887673,0.518649
20260916,Bearing1_4,validation,32,0.2644628099173554,True,0.1916014790534973,0.22787322402000426,0.6712577700614929,0.179068,0.16551311,0.65992695
20260916,Bearing1_4,validation,33,0.2727272727272727,True,0.18965503424406052,0.22324920147657396,0.6622818171977997,0.17547688,0.195055,0.5885024
20260916,Bearing1_4,validation,34,0.2809917355371901,True,0.1869605377316475,0.21875351667404175,0.6479946851730347,0.17131788,0.18666245,0.5696148
20260916,Bearing1_4,validation,35,0.2892561983471074,True,0.1831356793642044,0.21298093050718309,0.6268012642860412,0.17998002,0.17966363,0.6397413
20260916,Bearing1_4,validation,36,0.2975206611570248,True,0.1784365579485893,0.2052401512861252,0.601645541191101,0.16588251,0.19693856,0.50332916
20260916,Bearing1_4,validation,37,0.30578512396694213,True,0.17717090249061584,0.19527593851089478,0.605478835105896,0.19238299,0.16516277,0.75979954
20260916,Bearing1_4,validation,38,0.3140495867768595,True,0.17861714214086533,0.1923849865794182,0.6180700480937957,0.21035686,0.22228514,0.80063343
20260916,Bearing1_4,validation,39,0.32231404958677684,True,0.18068249076604842,0.19455998688936232,0.6273348808288575,0.19485104,0.25550264,0.6340894
20260916,Bearing1_4,validation,40,0.3305785123966942,True,0.1825780987739563,0.19801463633775712,0.6332430839538574,0.192905,0.22459577,0.65814483
20260916,Bearing1_4,validation,41,0.33884297520661155,True,0.18501720875501632,0.2009677618741989,0.6437939882278443,0.18795091,0.21829855,0.624158
20260916,Bearing1_4,validation,42,0.34710743801652894,True,0.18444606959819793,0.20509750843048097,0.6294310986995697,0.17335661,0.20681058,0.51629806
20260916,Bearing1_4,validation,43,0.35537190082644626,True,0.18619740903377532,0.2026135504245758,0.643405818939209,0.19299027,0.17021541,0.7282496
20260916,Bearing1_4,validation,44,0.36363636363636365,True,0.18693383038043976,0.20547901839017868,0.6410635113716125,0.17868209,0.21531713,0.54619175
20260916,Bearing1_4,validation,45,0.371900826446281,True,0.1873324230313301,0.2059979110956192,0.6408671855926513,0.18396595,0.18485256,0.63777804
20260916,Bearing1_4,validation,46,0.38016528925619836,True,0.1878367006778717,0.20598151087760924,0.6426076471805573,0.17092529,0.19677456,0.5207338
20260916,Bearing1_4,validation,47,0.3884297520661157,True,0.18485944867134094,0.20640983581542968,0.6146308720111847,0.16261047,0.16944602,0.4800318
20260916,Bearing1_4,validation,48,0.39669421487603307,True,0.17871363312005997,0.1989142954349518,0.5700831145048142,0.1488987,0.14732973,0.35515586
20260916,Bearing1_4,validation,49,0.4049586776859504,True,0.17390967905521393,0.1843026578426361,0.5394516289234161,0.1468115,0.109386265,0.32777455
20260916,Bearing1_4,validation,50,0.4132231404958678,True,0.1732885494828224,0.17138997316360474,0.4940605729818344,0.1866937,0.09546892,0.20423427
20260916,Bearing1_4,validation,51,0.4214876033057851,True,0.17484223693609238,0.16970852315425872,0.44461182206869126,0.20348778,0.20148405,0.12967052
20260916,Bearing1_4,validation,52,0.4297520661157025,True,0.1776556611061096,0.17305152714252472,0.4078127518296242,0.20149085,0.24024062,0.14830735
20260916,Bearing1_4,validation,53,0.4380165289256198,True,0.18258485198020935,0.17952122092247008,0.34931724816560744,0.24228218,0.23491235,0.14329457
20260916,Bearing1_4,validation,54,0.4462809917355372,True,0.18775632232427597,0.18961066901683807,0.30783240795135497,0.23039679,0.3162116,0.13134335
20260916,Bearing1_4,validation,55,0.45454545454545453,True,0.19030743688344956,0.20075993090867997,0.2611537352204323,0.2094771,0.29634517,0.17099132
20260916,Bearing1_4,validation,56,0.4628099173553719,True,0.19864957183599471,0.20654926896095277,0.22624109387397767,0.25434664,0.25466794,0.17160736
20260916,Bearing1_4,validation,57,0.47107438016528924,True,0.2072693258523941,0.22391922473907472,0.18884581178426743,0.24880801,0.34314558,0.10607897
20260916,Bearing1_4,validation,58,0.4793388429752066,True,0.21599758565425872,0.2427707865834236,0.16559796035289764,0.2361813,0.33584535,0.12267734
20260916,Bearing1_4,validation,59,0.48760330578512395,True,0.22480811178684235,0.2630146160721779,0.14414161145687104,0.23491676,0.31182456,0.113211066
20260916,Bearing1_4,validation,60,0.49586776859504134,True,0.23219861090183258,0.28441435694694517,0.13761401623487474,0.2605987,0.30946633,0.13895832
20260916,Bearing1_4,validation,61,0.5041322314049587,True,0.23174822628498076,0.2998033821582794,0.1512677937746048,0.19898394,0.3553743,0.2662083
20260916,Bearing1_4,validation,62,0.512396694214876,True,0.23301150053739547,0.2995103672146797,0.14790527597069741,0.21412359,0.23731047,0.114682175
20260916,Bearing1_4,validation,63,0.5206611570247934,True,0.23143686801195146,0.3029832184314728,0.1456543304026127,0.22653586,0.26964086,0.12078512
20260916,Bearing1_4,validation,64,0.5289256198347108,True,0.2327605441212654,0.30057204961776735,0.1439535550773144,0.24363355,0.29209992,0.1143356
20260916,Bearing1_4,validation,65,0.5371900826446281,True,0.23792156726121902,0.30296547412872316,0.13894303217530252,0.26108733,0.32027942,0.12088609
20260916,Bearing1_4,validation,66,0.5454545454545454,True,0.23888700753450393,0.3128908574581146,0.1322934627532959,0.26400104,0.35392177,0.105111666
20260916,Bearing1_4,validation,67,0.5537190082644629,True,0.23965564966201783,0.3147095501422882,0.13280360847711564,0.25649443,0.3613325,0.111180425
20260916,Bearing1_4,validation,68,0.5619834710743802,True,0.24245754927396773,0.31639298498630525,0.13280759677290915,0.2642003,0.3526797,0.122717224
20260916,Bearing1_4,validation,69,0.5702479338842975,True,0.2458452045917511,0.3217741012573242,0.13380013778805733,0.2687933,0.36563572,0.123136476
20260916,Bearing1_4,validation,70,0.5785123966942148,True,0.24772704839706422,0.32824377417564393,0.13277483358979225,0.27941713,0.37416306,0.12870528
20260916,Bearing1_4,validation,71,0.5867768595041323,True,0.25243858695030214,0.33193113207817077,0.11897645220160484,0.24609932,0.3922479,0.12822448
20260916,Bearing1_4,validation,72,0.5950413223140496,True,0.25842220336198807,0.34192660748958587,0.12155972421169281,0.27395976,0.33726522,0.1405149
20260916,Bearing1_4,validation,73,0.6033057851239669,True,0.2623146429657936,0.3532648980617523,0.12000985741615296,0.26546025,0.38302377,0.10528645
20260916,Bearing1_4,validation,74,0.6115702479338843,True,0.2691519170999527,0.36096474826335906,0.12977130115032195,0.3120063,0.36909842,0.21195003
20260916,Bearing1_4,validation,75,0.6198347107438017,True,0.2713901370763779,0.3738266170024872,0.12935924679040908,0.28346953,0.4488981,0.116765544
20260916,Bearing1_4,validation,76,0.628099173553719,True,0.27600457668304446,0.3787877351045609,0.13649268969893455,0.31014544,0.40353295,0.1764461
20260916,Bearing1_4,validation,77,0.6363636363636364,True,0.2811659753322601,0.3873913615942001,0.1390763960778713,0.30810842,0.44736877,0.13701749
20260916,Bearing1_4,validation,78,0.6446280991735537,True,0.2855408787727356,0.39662419855594633,0.1395248591899872,0.30794933,0.44500807,0.12720186
20260916,Bearing1_4,validation,79,0.6528925619834711,True,0.29396821558475494,0.4045702189207077,0.1495869815349579,0.35306668,0.44509593,0.2237577
20260916,Bearing1_4,validation,80,0.6611570247933884,True,0.321178537607193,0.41915717124938967,0.19831032007932664,0.55152035,0.5200326,0.61593866
20260916,Bearing1_4,validation,81,0.6694214876033058,True,0.3571715623140335,0.46328858435153963,0.22128355801105498,0.60602957,0.833562,0.35795686
20260916,Bearing1_4,validation,82,0.6776859504132231,True,0.39334829747676847,0.5220547258853913,0.23771322518587112,0.6357271,0.92492664,0.30481157
20260916,Bearing1_4,validation,83,0.6859504132231405,True,0.448120978474617,0.5811025708913803,0.2854653760790825,0.81318706,0.9735022,0.58280796
20260916,Bearing1_4,validation,84,0.6942148760330579,True,0.5105513960123063,0.6684867233037949,0.3119079276919365,0.93631047,1.24294,0.47637555
20260916,Bearing1_4,validation,85,0.7024793388429752,True,0.5840910136699676,0.7669143378734589,0.34051536917686465,1.0188657,1.4331743,0.40283996
20260916,Bearing1_4,validation,86,0.7107438016528925,True,0.6467254281044006,0.8826324790716171,0.34370064437389375,0.9364896,1.5607144,0.20829885
20260916,Bearing1_4,validation,87,0.71900826446281,True,0.7282330423593522,0.9817273080348968,0.38597672879695893,1.1231846,1.4383171,0.55977833
20260916,Bearing1_4,validation,88,0.7272727272727273,True,0.816408371925354,1.108711615204811,0.4081322908401489,1.1897026,1.7148511,0.34875748
20260916,Bearing1_4,validation,89,0.7355371900826446,True,0.9193962574005127,1.2459551811218261,0.43567109256982806,1.3829455,1.8175316,0.49914572
20260916,Bearing1_4,validation,90,0.743801652892562,True,0.9928618907928467,1.4045494139194488,0.39995418637990954,1.2861767,2.105975,0.2587696
20260916,Bearing1_4,validation,91,0.7520661157024794,True,1.0472241938114166,1.5174459040164947,0.38853406757116316,1.1496526,1.9625269,0.24375567
20260916,Bearing1_4,validation,92,0.7603305785123967,True,1.0999244332313538,1.6002101600170135,0.3840252265334129,1.1627295,1.7525692,0.25972316
20260916,Bearing1_4,validation,93,0.768595041322314,True,1.130261904001236,1.6798478007316588,0.3452861949801445,1.1165618,1.7698786,0.19541764
20260916,Bearing1_4,validation,94,0.7768595041322314,True,1.1423321127891541,1.7256289362907409,0.31795395612716676,1.0570126,1.7007513,0.20305316
20260916,Bearing1_4,validation,95,0.7851239669421488,True,1.1355816960334777,1.7434479594230652,0.29547014832496643,0.95136154,1.6113645,0.17800188
20260916,Bearing1_4,validation,96,0.7933884297520661,True,1.1370234727859496,1.7327505350112915,0.30294587165117265,0.95090735,1.4537401,0.28305608
20260916,Bearing1_4,validation,97,0.8016528925619835,True,1.1243205726146699,1.7342234134674073,0.2818121090531349,0.99615556,1.4530458,0.3484407
20260916,Bearing1_4,validation,98,0.8099173553719008,True,1.1042721092700958,1.7149460554122924,0.27330636233091354,0.989218,1.5220776,0.2637
20260916,Bearing1_4,validation,99,0.8181818181818182,True,1.0600433707237245,1.684563362598419,0.2443300113081932,0.94065815,1.5137047,0.2093822
20260916,Bearing1_4,validation,100,0.8264462809917356,True,1.021779578924179,1.6179444193840027,0.24071652442216873,0.90353876,1.4397855,0.22263473
20260916,Bearing1_4,validation,101,0.8347107438016529,True,1.0012097299098968,1.56006600856781,0.250517438352108,0.9439541,1.3837428,0.3417648
20260916,Bearing1_4,validation,102,0.8429752066115702,True,0.9747095882892609,1.529282534122467,0.24507275074720383,0.8977281,1.4447345,0.20527628
20260916,Bearing1_4,validation,103,0.8512396694214877,True,0.9462920129299164,1.4897956371307373,0.24440287351608275,0.832386,1.3750097,0.18871887
20260916,Bearing1_4,validation,104,0.859504132231405,True,0.9315490543842315,1.447299873828888,0.2650823935866356,0.909583,1.2757937,0.40984836
20260916,Bearing1_4,validation,105,0.8677685950413223,True,0.9244199991226196,1.4253732800483703,0.27139092087745664,0.880071,1.3920985,0.24108715
20260916,Bearing1_4,validation,106,0.8760330578512396,True,0.9232513248920441,1.4149858713150025,0.2796108841896057,0.9392206,1.349866,0.3652557
20260916,Bearing1_4,validation,107,0.8842975206611571,True,0.9105347037315369,1.4134328007698058,0.2636756241321564,0.86898935,1.4375151,0.1890881
20260916,Bearing1_4,validation,108,0.8925619834710744,True,0.892087185382843,1.3944580793380736,0.2569876492023468,0.8047428,1.3323303,0.19682026
20260916,Bearing1_4,validation,109,0.9008264462809917,True,0.8900759816169739,1.3665222883224488,0.2829747200012207,0.9205461,1.2343467,0.4692529
20260916,Bearing1_4,validation,110,0.9090909090909091,True,0.8870400130748749,1.3632397651672363,0.2830411598086357,0.8731791,1.4069602,0.22329913
20260916,Bearing1_4,validation,111,0.9173553719008265,True,0.8820717036724091,1.3588608384132386,0.27975223809480665,0.894271,1.3399535,0.3088756
20260916,Bearing1_4,validation,112,0.9256198347107438,True,0.8813915014266968,1.3513862848281861,0.28649205416440965,0.89092606,1.3699889,0.27267444
20260916,Bearing1_4,validation,113,0.9338842975206612,True,0.8814081013202667,1.350417709350586,0.28770722001791,0.832552,1.3653239,0.20087053
20260916,Bearing1_4,validation,114,0.9421487603305785,True,0.8691963791847229,1.3506465315818788,0.2675516828894615,0.78746575,1.2780819,0.20829299
20260916,Bearing1_4,validation,115,0.9504132231404959,True,0.8593316912651062,1.332285225391388,0.26980227530002593,0.7814241,1.2084855,0.26359308
20260916,Bearing1_4,validation,116,0.9586776859504132,True,0.8447928726673126,1.317089581489563,0.2634049326181412,0.7938324,1.1979096,0.3012823
20260916,Bearing1_4,validation,117,0.9669421487603306,True,0.8390723168849945,1.295056200027466,0.27471408247947693,0.8117838,1.2171813,0.3021796
20260916,Bearing1_4,validation,118,0.9752066115702479,True,0.842844831943512,1.286225175857544,0.28799146711826323,0.84246796,1.2440201,0.3295941
20260916,Bearing1_4,validation,119,0.9834710743801653,True,0.8254568338394165,1.29190536737442,0.2569370836019516,0.74666613,1.2911487,0.15870908
20260916,Bearing1_4,validation,120,0.9917355371900827,True,0.8283196985721588,1.2658930659294128,0.28914697021245955,0.9018077,1.1468372,0.545398
20260916,Bearing1_4,validation,121,1.0,True,0.9113220036029815,1.2697040438652039,0.8171432688832283,1.7242941,1.3780633,5.5888386
20260916,Bearing1_5,holdout_test,0,0.0,False,,,,0.60925937,,
20260916,Bearing1_5,holdout_test,1,0.0196078431372549,False,,,,0.2830563,,
20260916,Bearing1_5,holdout_test,2,0.0392156862745098,False,,,,0.13874118,,
20260916,Bearing1_5,holdout_test,3,0.058823529411764705,False,,,,0.0644057,,
20260916,Bearing1_5,holdout_test,4,0.0784313725490196,False,,,,0.037824217,,
20260916,Bearing1_5,holdout_test,5,0.09803921568627451,False,,,,0.04569536,,
20260916,Bearing1_5,holdout_test,6,0.11764705882352941,False,,,,0.06528352,,
20260916,Bearing1_5,holdout_test,7,0.13725490196078433,False,,,,0.086647235,,
20260916,Bearing1_5,holdout_test,8,0.1568627450980392,False,,,,0.100023836,,
20260916,Bearing1_5,holdout_test,9,0.17647058823529413,False,,,,0.10896952,,
20260916,Bearing1_5,holdout_test,10,0.19607843137254902,False,,,,0.118110344,,
20260916,Bearing1_5,holdout_test,11,0.21568627450980393,False,,,,0.11892384,,
20260916,Bearing1_5,holdout_test,12,0.23529411764705882,False,,,,0.12563822,,
20260916,Bearing1_5,holdout_test,13,0.2549019607843137,False,,,,0.12834486,,
20260916,Bearing1_5,holdout_test,14,0.27450980392156865,False,,,,0.13450782,,
20260916,Bearing1_5,holdout_test,15,0.29411764705882354,False,0.12867571413516998,,,0.12867571,,
20260916,Bearing1_5,holdout_test,16,0.3137254901960784,False,0.1281401589512825,0.10463691502809525,0.39423033595085144,0.1276046,0.104636915,0.39423034
20260916,Bearing1_5,holdout_test,17,0.3333333333333333,False,0.12794305384159088,0.0997765064239502,0.3874756097793579,0.12754884,0.0949161,0.38072088
20260916,Bearing1_5,holdout_test,18,0.35294117647058826,False,0.12746787443757057,0.09631205101807912,0.3786986867586772,0.12604234,0.08938314,0.36114484
20260916,Bearing1_5,holdout_test,19,0.37254901960784315,False,0.1273169755935669,0.09311594255268574,0.3784216642379761,0.12671338,0.08352762,0.3775906
20260916,Bearing1_5,holdout_test,20,0.39215686274509803,False,0.12791472176710764,0.09128941297531128,0.39646126627922057,0.13090345,0.083983295,0.46861967
20260916,Bearing1_5,holdout_test,21,0.4117647058823529,False,0.12843368308884756,0.09260951355099678,0.40135858952999115,0.13154745,0.09921002,0.4258452
20260916,Bearing1_5,holdout_test,22,0.43137254901960786,False,0.12919986434280872,0.0936041208250182,0.4109983231340136,0.13456313,0.099571764,0.46883672
20260916,Bearing1_5,holdout_test,23,0.45098039215686275,False,0.1295997036827935,0.09556309133768082,0.41412387043237686,0.13279842,0.109275885,0.4360027
20260916,Bearing1_5,holdout_test,24,0.47058823529411764,False,0.1301333039999008,0.09680337789985868,0.4196601112683614,0.1349357,0.10672567,0.46395004
20260916,Bearing1_5,holdout_test,25,0.49019607843137253,True,0.13096938729286195,0.09826230853796006,0.42668876647949217,0.13703655,0.111392684,0.48994666
20260916,Bearing1_5,holdout_test,26,0.5098039215686274,True,0.13226777464151382,0.09978653490543365,0.43654442131519317,0.14058848,0.11987918,0.49278688
20260916,Bearing1_5,holdout_test,27,0.5294117647058824,True,0.13253588676452638,0.1029584638774395,0.43663920760154723,0.13022996,0.12663539,0.38166875
20260916,Bearing1_5,holdout_test,28,0.5490196078431373,True,0.13264963477849961,0.10404622927308083,0.44198940694332123,0.12717982,0.100260794,0.41464683
20260916,Bearing1_5,holdout_test,29,0.5686274509803921,True,0.13194552809000015,0.10531690493226051,0.4345124065876007,0.11967231,0.096234374,0.3028206
20260916,Bearing1_5,holdout_test,30,0.5882352941176471,True,0.13087185621261596,0.10466095879673958,0.4185325622558594,0.120166734,0.07742383,0.30882123
20260916,Bearing1_5,holdout_test,31,0.6078431372549019,True,0.1295478366315365,0.10252926424145699,0.4073449492454529,0.118307255,0.07789307,0.31396908
20260916,Bearing1_5,holdout_test,32,0.6274509803921569,True,0.12789707854390145,0.10039551928639412,0.39067207276821136,0.11805555,0.078234315,0.30210796
20260916,Bearing1_5,holdout_test,33,0.6470588235294118,True,0.1291607402265072,0.0975784882903099,0.3650851398706436,0.14543504,0.081105575,0.18013337
20260916,Bearing1_5,holdout_test,34,0.6666666666666666,True,0.1467458002269268,0.10255315229296684,0.3716094881296158,0.3107863,0.15647231,0.5291935
20260916,Bearing1_5,holdout_test,35,0.6862745098039216,True,0.18291585817933081,0.13623075932264328,0.38581567704677583,0.49873713,0.44816875,0.63200855
20260916,Bearing1_5,holdout_test,36,0.7058823529411765,True,0.24847431406378745,0.19850115105509758,0.42330773174762726,0.79617304,0.7425831,0.86770743
20260916,Bearing1_5,holdout_test,37,0.7254901960784313,True,0.341080666333437,0.304603336006403,0.4642164558172226,1.0562935,1.1876572,0.790756
20260916,Bearing1_5,holdout_test,38,0.7450980392156863,True,0.451521759480238,0.4528645671904087,0.48171436190605166,1.2315907,1.5828731,0.5896259
20260916,Bearing1_5,holdout_test,39,0.7647058823529411,True,0.6071871437132359,0.6282492026686668,0.5499187380075454,1.6763262,1.8500807,0.98486435
20260916,Bearing1_5,holdout_test,40,0.7843137254901961,True,0.8000196181237698,0.8711413703858852,0.5942415595054626,2.0484915,2.5063455,0.75204945
20260916,Bearing1_5,holdout_test,41,0.803921568627451,True,1.0260189116001128,1.1703573256731032,0.6179250657558442,2.3783002,3.0700526,0.55080414
20260916,Bearing1_5,holdout_test,42,0.8235294117647058,True,1.2768003553152085,1.5191825062036515,0.6201118409633637,2.62587,3.5664861,0.3239757
20260916,Bearing1_5,holdout_test,43,0.8431372549019608,True,1.5405526548624038,1.903868679702282,0.6311216056346893,2.782958,3.9279673,0.29023102
20260916,Bearing1_5,holdout_test,44,0.8627450980392157,True,1.7975035279989242,2.302747720479965,0.619854086637497,2.880295,4.1452627,0.41651833
20260916,Bearing1_5,holdout_test,45,0.8823529411764706,True,2.0424469292163847,2.6853212773799897,0.6069184482097626,2.9481711,4.2739043,0.50265217
20260916,Bearing1_5,holdout_test,46,0.9019607843137255,True,2.2622345805168154,3.0472443222999575,0.5768651187419891,2.9940495,4.3618135,0.56717414
20260916,Bearing1_5,holdout_test,47,0.9215686274509803,True,2.459006369113922,3.3705483198165895,0.5595191240310669,3.0240114,4.420697,0.61729604
20260916,Bearing1_5,holdout_test,48,0.9411764705882353,True,2.6406187891960142,3.6580368518829345,0.5642379820346832,3.047715,4.4577584,0.6368145
20260916,Bearing1_5,holdout_test,49,0.9607843137254902,True,2.7793020486831663,3.9219911813735964,0.5321218729019165,3.0631588,4.489624,0.66370326
20260916,Bearing1_5,holdout_test,50,0.9803921568627451,True,2.8834521532058717,4.12224702835083,0.5208436608314514,3.0899925,4.508904,0.6392673
20260916,Bearing1_5,holdout_test,51,1.0,True,2.957307815551758,4.269926452636719,0.5305380821228027,3.1168568,4.546847,0.64774835
20260917,Bearing1_1,train,0,0.0,False,,,,0.15196554,,
20260917,Bearing1_1,train,1,0.00819672131147541,False,,,,0.23914018,,
20260917,Bearing1_1,train,2,0.01639344262295082,False,,,,0.2538631,,
20260917,Bearing1_1,train,3,0.02459016393442623,False,,,,0.23974386,,
20260917,Bearing1_1,train,4,0.03278688524590164,False,,,,0.17916025,,
20260917,Bearing1_1,train,5,0.040983606557377046,False,,,,0.12683162,,
20260917,Bearing1_1,train,6,0.04918032786885246,False,,,,0.07020344,,
20260917,Bearing1_1,train,7,0.05737704918032787,False,,,,0.066661045,,
20260917,Bearing1_1,train,8,0.06557377049180328,False,,,,0.054302238,,
20260917,Bearing1_1,train,9,0.07377049180327869,False,,,,0.046643153,,
20260917,Bearing1_1,train,10,0.08196721311475409,False,,,,0.09397963,,
20260917,Bearing1_1,train,11,0.09016393442622951,False,,,,0.21850936,,
20260917,Bearing1_1,train,12,0.09836065573770492,False,,,,0.2489822,,
20260917,Bearing1_1,train,13,0.10655737704918032,False,,,,0.308937,,
20260917,Bearing1_1,train,14,0.11475409836065574,False,,,,0.28466737,,
20260917,Bearing1_1,train,15,0.12295081967213115,False,0.3215997815132141,,,0.32159978,,
20260917,Bearing1_1,train,16,0.13114754098360656,False,0.3417368680238724,0.4144544303417206,0.21823087334632874,0.36187395,0.41445443,0.21823087
20260917,Bearing1_1,train,17,0.13934426229508196,False,0.3732275466124217,0.4425402134656906,0.2687247693538666,0.4362089,0.470626,0.31921867
20260917,Bearing1_1,train,18,0.14754098360655737,False,0.3839813396334648,0.48428399364153546,0.22422482073307037,0.41624272,0.56777155,0.13522492
20260917,Bearing1_1,train,19,0.1557377049180328,False,0.39463770389556885,0.4993550255894661,0.22189152240753174,0.43726316,0.5445681,0.21489163
20260917,Bearing1_1,train,20,0.16393442622950818,False,0.40192611515522003,0.5139904201030732,0.21271279454231262,0.43836817,0.572532,0.17599788
20260917,Bearing1_1,train,21,0.1721311475409836,False,0.42743941290037973,0.5238774170478185,0.25965238114198047,0.5805192,0.5733124,0.4943503
20260917,Bearing1_1,train,22,0.18032786885245902,False,0.4277081564068794,0.5570606802191053,0.24472210662705557,0.42958936,0.75616026,0.15514046
20260917,Bearing1_1,train,23,0.1885245901639344,False,0.44122063451343113,0.5575959198176861,0.2692846693098545,0.54932046,0.5613426,0.4412226
20260917,Bearing1_1,train,24,0.19672131147540983,False,0.46209505796432493,0.5752737753921084,0.2860773570007748,0.64996487,0.7166966,0.42041886
20260917,Bearing1_1,train,25,0.20491803278688525,True,0.48904078602790835,0.6026481300592422,0.27128979563713074,0.59105706,0.8490173,0.13820174
20260917,Bearing1_1,train,26,0.21311475409836064,True,0.5132370501756668,0.638736081123352,0.27421903759241106,0.6038366,0.77533394,0.2475233
20260917,Bearing1_1,train,27,0.22131147540983606,True,0.5488300710916519,0.6708989858627319,0.30325522273778915,0.7921391,0.79225504,0.6095805
20260917,Bearing1_1,train,28,0.22950819672131148,True,0.5747292369604111,0.7179185628890992,0.29753832072019576,0.6752344,1.0379673,0.0780559
20260917,Bearing1_1,train,29,0.23770491803278687,True,0.6044367790222168,0.75250204205513,0.31060764789581297,0.7343386,0.8904029,0.3455849
20260917,Bearing1_1,train,30,0.2459016393442623,True,0.6444833606481553,0.7916500568389893,0.33583187162876127,0.838834,0.96401215,0.42824012
20260917,Bearing1_1,train,31,0.2540983606557377,True,0.6689991623163223,0.8446154832839966,0.308137284219265,0.8256772,1.1029667,0.21740444
20260917,Bearing1_1,train,32,0.26229508196721313,True,0.6972349464893342,0.8778180599212646,0.305033078789711,0.7119472,1.088186,0.124098405
20260917,Bearing1_1,train,33,0.27049180327868855,True,0.7158663868904114,0.915607500076294,0.28917586207389834,0.73563486,0.939237,0.28265044
20260917,Bearing1_1,train,34,0.2786885245901639,True,0.7444204092025757,0.9406618773937225,0.31103251576423646,0.9355051,0.9672404,0.6389854
20260917,Bearing1_1,train,35,0.28688524590163933,True,0.7889967679977417,0.9788902044296265,0.33832734227180483,1.0368207,1.2313006,0.41115
20260917,Bearing1_1,train,36,0.29508196721311475,True,0.8086562275886535,1.0386341035366058,0.3413973495364189,0.8004312,1.3727729,0.27822337
20260917,Bearing1_1,train,37,0.30327868852459017,True,0.8256707429885864,1.0657087862491608,0.33337181657552717,0.96228427,1.0630019,0.5293252
20260917,Bearing1_1,train,38,0.3114754098360656,True,0.842688113451004,1.0889194548130035,0.3378405787050724,0.8454081,1.270074,0.122743525
20260917,Bearing1_1,train,39,0.319672131147541,True,0.8500810623168945,1.1117731869220733,0.32178067341446875,0.8082681,1.1189402,0.18498585
20260917,Bearing1_1,train,40,0.32786885245901637,True,0.8741218984127045,1.1219574868679048,0.3549017645418644,1.0792423,1.0658551,0.75945103
20260917,Bearing1_1,train,41,0.3360655737704918,True,0.8834028482437134,1.1539783418178557,0.3495977334678173,0.9184867,1.4231752,0.16436413
20260917,Bearing1_1,train,42,0.3442622950819672,True,0.8904409110546112,1.1670576751232147,0.35181560888886454,0.78232783,1.2189794,0.14627716
20260917,Bearing1_1,train,43,0.3524590163934426,True,0.8833097755908966,1.1766583144664764,0.3363997362554073,0.6643235,1.0352434,0.12849171
20260917,Bearing1_1,train,44,0.36065573770491804,True,0.8846526205539703,1.1674366652965547,0.35169992670416833,0.94893354,0.8750239,0.7919873
20260917,Bearing1_1,train,45,0.36885245901639346,True,0.8631886541843414,1.1689710557460784,0.32523961290717124,0.822181,1.2466445,0.14654687
20260917,Bearing1_1,train,46,0.3770491803278688,True,0.8850024342536926,1.1405126750469208,0.3591445736587048,1.018569,1.0881891,0.617273
20260917,Bearing1_1,train,47,0.38524590163934425,True,0.8851936876773834,1.1687823235988617,0.3206652097404003,0.9641968,1.3456984,0.14453155
20260917,Bearing1_1,train,48,0.39344262295081966,True,0.8765161275863648,1.1701445996761322,0.3311808183789253,0.7586325,1.2836968,0.22789961
20260917,Bearing1_1,train,49,0.4016393442622951,True,0.868803471326828,1.1589013874530791,0.33200614899396896,0.7311415,1.0065081,0.19323915
20260917,Bearing1_1,train,50,0.4098360655737705,True,0.8445518732070922,1.1485135078430175,0.30162509232759477,0.83672637,0.96197635,0.45564047
20260917,Bearing1_1,train,51,0.4180327868852459,True,0.8263745546340943,1.1164027571678161,0.3006633952260017,0.7367135,1.1020677,0.15474716
20260917,Bearing1_1,train,52,0.4262295081967213,True,0.825879430770874,1.0918237805366515,0.3179589554667473,0.7773766,0.9731896,0.31923276
20260917,Bearing1_1,train,53,0.4344262295081967,True,0.8408989071846008,1.09088534116745,0.3372639000415802,0.8145183,1.025859,0.32154116
20260917,Bearing1_1,train,54,0.4426229508196721,True,0.8222924709320069,1.1109433352947236,0.2734522923827171,0.7628692,1.0756038,0.15387122
20260917,Bearing1_1,train,55,0.45081967213114754,True,0.8220664501190186,1.0869962513446807,0.29502285569906234,0.8199208,1.0071737,0.3622525
20260917,Bearing1_1,train,56,0.45901639344262296,True,0.8116591989994049,1.0862349808216094,0.2759625092148781,0.9144965,1.0805764,0.4266695
20260917,Bearing1_1,train,57,0.4672131147540984,True,0.7967604517936706,1.0725266277790069,0.27471921443939207,0.8152093,1.2086148,0.1320986
20260917,Bearing1_1,train,58,0.47540983606557374,True,0.8040594518184662,1.0518740475177766,0.2796036273241043,0.8316225,1.077171,0.27674374
20260917,Bearing1_1,train,59,0.48360655737704916,True,0.8142199456691742,1.0610343992710114,0.28572262525558473,0.83274645,1.0981116,0.25442913
20260917,Bearing1_1,train,60,0.4918032786885246,True,0.8130494832992554,1.0748033761978149,0.2634306073188782,0.82502174,1.0996661,0.23272029
20260917,Bearing1_1,train,61,0.5,True,0.8271880567073822,1.0733224630355835,0.28238884210586546,0.87809926,1.0872586,0.3443295
20260917,Bearing1_1,train,62,0.5081967213114754,True,0.8248727858066559,1.0919703483581542,0.2668179750442505,0.7542239,1.1596684,0.16352409
20260917,Bearing1_1,train,63,0.5163934426229508,True,0.8146916627883911,1.0889115810394288,0.2519306927919388,0.71270704,0.9952713,0.17266834
20260917,Bearing1_1,train,64,0.5245901639344263,True,0.8309787213802338,1.0751183569431304,0.3038403496146202,0.92573977,0.9376716,0.6729678
20260917,Bearing1_1,train,65,0.5327868852459017,True,0.8425323486328125,1.0962502539157868,0.2924472391605377,0.93545705,1.2184926,0.2483214
20260917,Bearing1_1,train,66,0.5409836065573771,True,0.8574537217617035,1.1117246448993683,0.29536033272743223,1.0637102,1.2353203,0.45580044
20260917,Bearing1_1,train,67,0.5491803278688525,True,0.881325113773346,1.1315952718257904,0.302451029419899,1.0539232,1.4073211,0.20300557
20260917,Bearing1_1,train,68,0.5573770491803278,True,0.9075670957565307,1.1640160024166106,0.30287744402885436,1.0940423,1.4013783,0.2810079
20260917,Bearing1_1,train,69,0.5655737704918032,True,0.9435799777507782,1.199931448698044,0.3139657348394394,1.1928753,1.4572661,0.36531204
20260917,Bearing1_1,train,70,0.5737704918032787,True,1.0000095665454865,1.2486131608486175,0.34266309142112733,1.3893176,1.5864832,0.51969385
20260917,Bearing1_1,train,71,0.5819672131147541,True,1.0718949437141418,1.3249535024166108,0.357450869679451,1.596953,1.850662,0.4922073
20260917,Bearing1_1,train,72,0.5901639344262295,True,1.1779779374599457,1.4229705512523652,0.3832744538784027,1.8150538,2.139839,0.42175993
20260917,Bearing1_1,train,73,0.5983606557377049,True,1.3071138322353364,1.5674018681049346,0.3962917685508728,2.004066,2.4395845,0.30284148
20260917,Bearing1_1,train,74,0.6065573770491803,True,1.4383396565914155,1.7441168904304505,0.3608652830123901,2.237998,2.7048218,0.31870294
20260917,Bearing1_1,train,75,0.6147540983606558,True,1.5997668623924255,1.9255449533462525,0.37589732855558394,2.549729,3.0327733,0.39864185
20260917,Bearing1_1,train,76,0.6229508196721312,True,1.7594298481941224,2.1492940187454224,0.35994585007429125,2.66034,3.472811,0.29628566
20260917,Bearing1_1,train,77,0.6311475409836066,True,1.948818850517273,2.3724490284919737,0.3648764878511429,2.9478133,3.6388712,0.25231194
20260917,Bearing1_1,train,78,0.639344262295082,True,2.171290946006775,2.63692307472229,0.44867227375507357,3.3187633,4.0461187,1.1189657
20260917,Bearing1_1,train,79,0.6475409836065574,True,2.408519375324249,2.948174738883972,0.47421838343143463,3.5651596,4.5697827,0.62077314
20260917,Bearing1_1,train,80,0.6557377049180327,True,2.6430715799331663,3.2821861743927,0.4549373984336853,3.7348397,4.9265976,0.326884
20260917,Bearing1_1,train,81,0.6639344262295082,True,2.8685622334480287,3.614733338356018,0.41885902881622317,3.8518596,5.1761336,0.1314236
20260917,Bearing1_1,train,82,0.6721311475409836,True,3.080623006820679,3.935798168182373,0.39336170852184293,3.9356616,5.350487,0.16678673
20260917,Bearing1_1,train,83,0.680327868852459,True,3.2805287837982178,4.239509797096252,0.384661528468132,4.0031238,5.476701,0.21583968
20260917,Bearing1_1,train,84,0.6885245901639344,True,3.462063026428223,4.526892423629761,0.3826182782649994,4.0533404,5.578648,0.29827043
20260917,Bearing1_1,train,85,0.6967213114754098,True,3.61628258228302,4.789127087593078,0.3784773200750351,4.0919247,5.65512,0.35723227
20260917,Bearing1_1,train,86,0.7049180327868853,True,3.762347936630249,5.01328067779541,0.3904895931482315,4.1209936,5.714347,0.4164084
20260917,Bearing1_1,train,87,0.7131147540983607,True,3.88203341960907,5.225344467163086,0.4090910255908966,4.144668,5.759509,0.43832627
20260917,Bearing1_1,train,88,0.7213114754098361,True,3.966513514518738,5.4003805160522464,0.34442062973976134,4.163564,5.796479,0.4722618
20260917,Bearing1_1,train,89,0.7295081967213115,True,4.028019142150879,5.52600359916687,0.33081274926662446,4.180216,5.8260136,0.48469433
20260917,Bearing1_1,train,90,0.7377049180327869,True,4.073990845680237,5.61851487159729,0.3478918939828873,4.1945567,5.8517103,0.49767545
20260917,Bearing1_1,train,91,0.7459016393442623,True,4.109286570549012,5.68829574584961,0.387530717253685,4.204817,5.8739424,0.5278118
20260917,Bearing1_1,train,92,0.7540983606557377,True,4.137271451950073,5.742242431640625,0.42282578647136687,4.2155104,5.889954,0.5197374
20260917,Bearing1_1,train,93,0.7622950819672131,True,4.159412479400634,5.785235595703125,0.4538815587759018,4.224534,5.9066324,0.5263974
20260917,Bearing1_1,train,94,0.7704918032786885,True,4.177260446548462,5.819436407089233,0.47787597179412844,4.23182,5.920656,0.53821456
20260917,Bearing1_1,train,95,0.7786885245901639,True,4.192007446289063,5.847115993499756,0.4962296009063721,4.2393947,5.9319158,0.54076856
20260917,Bearing1_1,train,96,0.7868852459016393,True,4.204374551773071,5.8700236797332765,0.5095388859510421,4.2446647,5.9434237,0.54950124
20260917,Bearing1_1,train,97,0.7950819672131147,True,4.215027332305908,5.889236545562744,0.5191594302654267,4.251196,5.9516377,0.5345317
20260917,Bearing1_1,train,98,0.8032786885245902,True,4.2241661071777346,5.9057488441467285,0.5279209196567536,4.254952,5.961602,0.5598767
20260917,Bearing1_1,train,99,0.8114754098360656,True,4.23203558921814,5.919868278503418,0.5346567958593369,4.2589107,5.967208,0.5520531
20260917,Bearing1_1,train,100,0.819672131147541,True,4.238673686981201,5.9320214748382565,0.5415096938610077,4.2609377,5.9732423,0.5662044
20260917,Bearing1_1,train,101,0.8278688524590164,True,4.244617128372193,5.942292308807373,0.5446902811527252,4.264251,5.9766507,0.5596177
20260917,Bearing1_1,train,102,0.8360655737704918,True,4.2497718334198,5.951440477371216,0.5486528933048248,4.2670574,5.981436,0.55936354
20260917,Bearing1_1,train,103,0.8442622950819673,True,4.254338693618775,5.959345483779908,0.5513974070549011,4.2702026,5.9856825,0.55384254
20260917,Bearing1_1,train,104,0.8524590163934426,True,4.258336019515991,5.966325378417968,0.5537519872188568,4.2717934,5.990455,0.56176037
20260917,Bearing1_1,train,105,0.860655737704918,True,4.261776971817016,5.972429180145264,0.5557934045791626,4.273804,5.992954,0.56118274
20260917,Bearing1_1,train,106,0.8688524590163934,True,4.264744853973388,5.977664566040039,0.5579377055168152,4.2743435,5.9957776,0.57094425
20260917,Bearing1_1,train,107,0.8770491803278688,True,4.2672279357910154,5.9821775436401365,0.5604755222797394,4.2760267,5.9967675,0.5599099
20260917,Bearing1_1,train,108,0.8852459016393442,True,4.269355154037475,5.985958814620972,0.5618343770503997,4.276224,5.999415,0.5734652
20260917,Bearing1_1,train,109,0.8934426229508197,True,4.271297979354858,5.989220237731933,0.5621360540390015,4.278339,5.999822,0.55506986
20260917,Bearing1_1,train,110,0.9016393442622951,True,4.273312044143677,5.99219160079956,0.561120229959488,4.2810783,6.002956,0.5560462
20260917,Bearing1_1,train,111,0.9098360655737705,True,4.275141906738281,5.995192956924439,0.5610370576381684,4.28255,6.0066643,0.558786
20260917,Bearing1_1,train,112,0.9180327868852459,True,4.276921033859253,5.997932291030883,0.5600982010364532,4.2848487,6.008829,0.549975
20260917,Bearing1_1,train,113,0.9262295081967213,True,4.278507137298584,6.000575590133667,0.5604027330875396,4.2860637,6.0121155,0.55688787
20260917,Bearing1_1,train,114,0.9344262295081968,True,4.280190181732178,6.002916574478149,0.5582992255687713,4.288624,6.013865,0.5407253
20260917,Bearing1_1,train,115,0.9426229508196722,True,4.281838035583496,6.005375862121582,0.5569177091121673,4.2902827,6.0175467,0.5473676
20260917,Bearing1_1,train,116,0.9508196721311475,True,4.283484268188476,6.007781505584717,0.5551512837409973,4.290806,6.019834,0.55328
20260917,Bearing1_1,train,117,0.9590163934426229,True,4.284953546524048,6.010164022445679,0.555319356918335,4.2907195,6.0205927,0.5615906
20260917,Bearing1_1,train,118,0.9672131147540983,True,4.286538887023926,6.0122823238372805,0.5523857712745667,4.2920775,6.020598,0.5441294
20260917,Bearing1_1,train,119,0.9754098360655737,True,4.288036775588989,6.014560317993164,0.5514255583286285,4.293318,6.022602,0.54546773
20260917,Bearing1_1,train,120,0.9836065573770492,True,4.289396190643311,6.016694259643555,0.5492713272571563,4.2946725,6.0242953,0.5345039
20260917,Bearing1_1,train,121,0.9918032786885246,True,4.290978860855103,6.018668270111084,0.5445444047451019,4.2983766,6.0264044,0.51151675
20260917,Bearing1_1,train,122,1.0,True,4.293316841125488,6.020944309234619,0.5336915999650955,4.3082285,6.0315895,0.44144693
20260917,Bearing1_2,train,0,0.0,False,,,,0.44161153,,
20260917,Bearing1_2,train,1,0.00625,False,,,,0.04411789,,
20260917,Bearing1_2,train,2,0.0125,False,,,,0.024939377,,
20260917,Bearing1_2,train,3,0.01875,False,,,,0.043180097,,
20260917,Bearing1_2,train,4,0.025,False,,,,0.06397753,,
20260917,Bearing1_2,train,5,0.03125,False,,,,0.08657023,,
20260917,Bearing1_2,train,6,0.0375,False,,,,0.04609595,,
20260917,Bearing1_2,train,7,0.04375,False,,,,0.028527524,,
20260917,Bearing1_2,train,8,0.05,False,,,,0.027796932,,
20260917,Bearing1_2,train,9,0.05625,False,,,,0.024125455,,
20260917,Bearing1_2,train,10,0.0625,False,,,,0.030894222,,
20260917,Bearing1_2,train,11,0.06875,False,,,,0.033493,,
20260917,Bearing1_2,train,12,0.075,False,,,,0.03576744,,
20260917,Bearing1_2,train,13,0.08125,False,,,,0.04200515,,
20260917,Bearing1_2,train,14,0.0875,False,,,,0.027916355,,
20260917,Bearing1_2,train,15,0.09375,False,0.07576745748519897,,,0.07576746,,
20260917,Bearing1_2,train,16,0.1,False,0.08860218897461891,0.09731440991163254,0.5255972743034363,0.10143692,0.09731441,0.5255973
20260917,Bearing1_2,train,17,0.10625,False,0.09065568447113037,0.11406413838267326,0.48650306463241577,0.094762675,0.13081387,0.44740885
20260917,Bearing1_2,train,18,0.1125,False,0.0890560932457447,0.11676297336816788,0.46363013982772827,0.08425732,0.12216064,0.4178843
20260917,Bearing1_2,train,19,0.11875,False,0.08865383714437484,0.1146339438855648,0.4593351036310196,0.08704481,0.108246855,0.44645
20260917,Bearing1_2,train,20,0.125,False,0.0913948764403661,0.11391489505767823,0.47198485136032103,0.10510007,0.1110387,0.52258384
20260917,Bearing1_2,train,21,0.13125,False,0.09833602607250214,0.11739298701286316,0.5011258025964102,0.13998292,0.13478345,0.64683056
20260917,Bearing1_2,train,22,0.1375,False,0.0991606879979372,0.12645645013877324,0.48882596833365305,0.10493332,0.18083723,0.41502696
20260917,Bearing1_2,train,23,0.14375,False,0.09638713383012348,0.12756783701479435,0.47218166664242744,0.0741987,0.13534755,0.35567155
20260917,Bearing1_2,train,24,0.15,False,0.0922884151339531,0.12403764906856748,0.45733503500620526,0.055399947,0.095796145,0.33856198
20260917,Bearing1_2,train,25,0.15625,True,0.09182744696736336,0.11859999597072601,0.4560581177473068,0.071157776,0.06966112,0.44456586
20260917,Bearing1_2,train,26,0.1625,True,0.08539536856114864,0.11800140589475631,0.43019049167633056,0.037116136,0.09132851,0.266921
20260917,Bearing1_2,train,27,0.16875,True,0.08168071359395981,0.10932945981621742,0.42737455368041993,0.057616126,0.044094406,0.41924948
20260917,Bearing1_2,train,28,0.175,True,0.0803392544388771,0.10439443290233612,0.4287183523178101,0.07084273,0.072810374,0.43132228
20260917,Bearing1_2,train,29,0.18125,True,0.07902058735489845,0.10268925502896309,0.4261216580867767,0.07385814,0.09119508,0.42048305
20260917,Bearing1_2,train,30,0.1875,True,0.07357061728835106,0.10113577097654343,0.4054258197546005,0.050600372,0.09550386,0.31562546
20260917,Bearing1_2,train,31,0.19375,True,0.0753433458507061,0.09387670792639255,0.4260131984949112,0.15771021,0.062192816,0.85270435
20260917,Bearing1_2,train,32,0.2,True,0.0841520108282566,0.09625553376972676,0.4652269631624222,0.19301997,0.20462549,0.8071646
20260917,Bearing1_2,train,33,0.20625,True,0.09094029068946838,0.10775546915829182,0.4787481725215912,0.1420815,0.2503469,0.49088365
20260917,Bearing1_2,train,34,0.2125,True,0.09457986205816268,0.11668539308011532,0.4812928944826126,0.09179566,0.18509538,0.3640092
20260917,Bearing1_2,train,35,0.21875,True,0.09534519091248513,0.12165000103414059,0.47758467197418214,0.078811064,0.1193072,0.40748364
20260917,Bearing1_2,train,36,0.225,True,0.09377191551029682,0.12282050661742687,0.4624367289245129,0.021383382,0.103033565,0.11544158
20260917,Bearing1_2,train,37,0.23125,True,0.10303235426545143,0.1200002746656537,0.4444268025457859,0.15022051,0.015892087,0.23915021
20260917,Bearing1_2,train,38,0.2375,True,0.1311750255525112,0.13161095026880504,0.4529813267290592,0.35226944,0.18891713,0.5168675
20260917,Bearing1_2,train,39,0.24375,True,0.16117056235671043,0.16700436417013406,0.4292989708483219,0.3738135,0.44512922,0.1836595
20260917,Bearing1_2,train,40,0.25,True,0.2044006109237671,0.20559331495314837,0.4376154996454716,0.48290086,0.48139337,0.39879075
20260917,Bearing1_2,train,41,0.25625,True,0.21446773260831833,0.26171244513243436,0.391866422444582,0.25838143,0.6233841,0.39521357
20260917,Bearing1_2,train,42,0.2625,True,0.22848256826400756,0.2746659113094211,0.3362056829035282,0.33316833,0.33416015,0.2505572
20260917,Bearing1_2,train,43,0.26875,True,0.27433341145515444,0.2922220004722476,0.3609933890402317,0.60058993,0.4259078,0.7387607
20260917,Bearing1_2,train,44,0.275,True,0.3097388856112957,0.350846797041595,0.3388007752597332,0.4458504,0.77134335,0.14208306
20260917,Bearing1_2,train,45,0.28125,True,0.4130223967134953,0.3969155987724662,0.4535703234374523,1.1116462,0.5799952,1.5551791
20260917,Bearing1_2,train,46,0.2875,True,0.5677408218383789,0.5297831712290645,0.5507510811090469,1.5685676,1.4317093,1.0872492
20260917,Bearing1_2,train,47,0.29375,True,0.7153615474700927,0.7349963307380676,0.5482445970177651,1.6264278,2.0680237,0.21408537
20260917,Bearing1_2,train,48,0.3,True,0.7847046464681625,0.9334845215082168,0.59775660187006,1.0457004,2.173799,1.0119876
20260917,Bearing1_2,train,49,0.30625,True,0.8714555352926254,1.0285496205091476,0.634106095135212,1.2413224,1.3957802,0.5471544
20260917,Bearing1_2,train,50,0.3125,True,1.0016070812940598,1.1450120747089385,0.7078317567706108,1.7844163,1.6460179,1.1360474
20260917,Bearing1_2,train,51,0.31875,True,1.1664456754922867,1.3194705903530122,0.6918661028146744,1.9067674,2.3679693,0.23555703
20260917,Bearing1_2,train,52,0.325,True,1.3566284745931625,1.5420422673225402,0.7187438011169434,2.2349963,2.559877,0.5193342
20260917,Bearing1_2,train,53,0.33125,True,1.5412280708551407,1.8011540591716766,0.666075149178505,2.446586,3.0170257,0.21207419
20260917,Bearing1_2,train,54,0.3375,True,1.7388615012168884,2.0563343346118925,0.7029348447918892,2.4221847,3.323146,0.51068
20260917,Bearing1_2,train,55,0.34375,True,1.9044602751731872,2.3284358263015745,0.5890644773840904,2.767634,3.3010101,0.41647545
20260917,Bearing1_2,train,56,0.35,True,2.0385791778564455,2.5633683443069457,0.513318283855915,2.9097567,3.7810345,0.32978722
20260917,Bearing1_2,train,57,0.35625,True,2.191171944141388,2.7554268836975098,0.5092095121741295,3.1523554,3.988609,0.17299765
20260917,Bearing1_2,train,58,0.3625,True,2.4229300022125244,2.971601057052612,0.42604409754276273,3.363281,4.335541,0.18033342
20260917,Bearing1_2,train,59,0.36875,True,2.647001039981842,3.296036088466644,0.414450877904892,3.4820328,4.6401305,0.43122223
20260917,Bearing1_2,train,60,0.375,True,2.830055856704712,3.613049793243408,0.33614409863948824,3.6149645,4.816155,0.35297957
20260917,Bearing1_2,train,61,0.38125,True,3.008648657798767,3.877344584465027,0.36856866627931595,3.6926954,5.010917,0.5598027
20260917,Bearing1_2,train,62,0.3875,True,3.172401714324951,4.134005665779114,0.3825799360871315,3.872527,5.1264877,0.6594469
20260917,Bearing1_2,train,63,0.39375,True,3.3286049604415893,4.370884656906128,0.4451478227972984,4.0086184,5.3858156,0.83775306
20260917,Bearing1_2,train,64,0.4,True,3.4976386070251464,4.596901917457581,0.4711336299777031,4.112521,5.5833187,0.7705381
20260917,Bearing1_2,train,65,0.40625,True,3.639656925201416,4.840298056602478,0.4697983369231224,4.187817,5.7349715,0.4031225
20260917,Bearing1_2,train,66,0.4125,True,3.773888349533081,5.046784806251526,0.4963091865181923,4.252071,5.845902,0.5948957
20260917,Bearing1_2,train,67,0.41875,True,3.888727068901062,5.2420000553131105,0.5236449524760246,4.3007426,5.9407616,0.4463553
20260917,Bearing1_2,train,68,0.425,True,3.9860775470733643,5.409801864624024,0.5366603106260299,4.336786,6.013559,0.310487
20260917,Bearing1_2,train,69,0.43125,True,4.073986196517945,5.55257740020752,0.508098478615284,4.3611193,6.067886,0.14560391
20260917,Bearing1_2,train,70,0.4375,True,4.151122140884399,5.681483936309815,0.4971052497625351,4.386324,6.1052203,0.24304728
20260917,Bearing1_2,train,71,0.44375,True,4.22157723903656,5.794776964187622,0.4514030732214451,4.3972464,6.1438475,0.102780946
20260917,Bearing1_2,train,72,0.45,True,4.275831890106201,5.898301887512207,0.403417793661356,4.4150734,6.161737,0.1795941
20260917,Bearing1_2,train,73,0.45625,True,4.317910385131836,5.978649282455445,0.3355199061334133,4.4294033,6.1892896,0.15877418
20260917,Bearing1_2,train,74,0.4625,True,4.351139926910401,6.041483592987061,0.28025367483496666,4.4448166,6.211662,0.21787578
20260917,Bearing1_2,train,75,0.46875,True,4.377764081954956,6.091543054580688,0.2543192632496357,4.4540586,6.235566,0.1437784
20260917,Bearing1_2,train,76,0.475,True,4.398827409744262,6.13197021484375,0.20929673239588736,4.462704,6.2501736,0.14467041
20260917,Bearing1_2,train,77,0.48125,True,4.415727996826172,6.164288902282715,0.17814341112971305,4.4697485,6.2639484,0.1348221
20260917,Bearing1_2,train,78,0.4875,True,4.43004789352417,6.190455627441406,0.16713074520230292,4.4799848,6.275226,0.20036034
20260917,Bearing1_2,train,79,0.49375,True,4.442493915557861,6.212755346298218,0.1674649901688099,4.4855795,6.290883,0.14894636
20260917,Bearing1_2,train,80,0.5,True,4.453436851501465,6.232214450836182,0.16852767392992973,4.4957533,6.2998114,0.25367412
20260917,Bearing1_2,train,81,0.50625,True,4.464111375808716,6.2493501663208,0.18238743096590043,4.5039916,6.3152046,0.24137852
20260917,Bearing1_2,train,82,0.5125,True,4.47332911491394,6.265931177139282,0.18051299303770066,4.507251,6.327547,0.16084972
20260917,Bearing1_2,train,83,0.51875,True,4.481528234481812,6.2802900791168215,0.18277449756860734,4.5113945,6.3328786,0.18138923
20260917,Bearing1_2,train,84,0.525,True,4.488793420791626,6.293059873580932,0.18417989760637282,4.5174685,6.3393598,0.23192978
20260917,Bearing1_2,train,85,0.53125,True,4.49530873298645,6.304359817504883,0.18619627505540848,4.519212,6.3485656,0.16394217
20260917,Bearing1_2,train,86,0.5375,True,4.501313543319702,6.314497089385986,0.19126064628362655,4.5227523,6.3515463,0.19531412
20260917,Bearing1_2,train,87,0.54375,True,4.506858062744141,6.323813724517822,0.1954621911048889,4.5251937,6.357115,0.17683755
20260917,Bearing1_2,train,88,0.55,True,4.511328554153442,6.332403373718262,0.18877989649772645,4.5246897,6.3611226,0.1335374
20260917,Bearing1_2,train,89,0.55625,True,4.5154876708984375,6.339389038085938,0.1919654995203018,4.5271707,6.3607397,0.18080239
20260917,Bearing1_2,train,90,0.5625,True,4.518887948989868,6.345880794525146,0.18522434085607528,4.529756,6.364729,0.18626253
20260917,Bearing1_2,train,91,0.56875,True,4.521824693679809,6.351233959197998,0.18312669843435286,4.533359,6.3687363,0.22040209
20260917,Bearing1_2,train,92,0.575,True,4.524716520309449,6.355882024765014,0.18804943114519118,4.536169,6.3740277,0.21007705
20260917,Bearing1_2,train,93,0.58125,True,4.527561473846435,6.360407876968384,0.19441350251436235,4.539844,6.378137,0.24502994
20260917,Bearing1_2,train,94,0.5875,True,4.530066967010498,6.364836359024048,0.19471752047538757,4.5425234,6.3836446,0.23496996
20260917,Bearing1_2,train,95,0.59375,True,4.532625150680542,6.368730592727661,0.20212694257497787,4.5447936,6.387508,0.2380364
20260917,Bearing1_2,train,96,0.6,True,4.534974193572998,6.372661161422729,0.20464325547218323,4.5462427,6.390852,0.22047725
20260917,Bearing1_2,train,97,0.60625,True,4.537171792984009,6.376257133483887,0.20869263857603074,4.5471697,6.3930745,0.21733138
20260917,Bearing1_2,train,98,0.6125,True,4.539541387557984,6.3796133518219,0.21784244924783708,4.5483856,6.394685,0.2250355
20260917,Bearing1_2,train,99,0.61875,True,4.541736316680908,6.383204507827759,0.22150677293539048,4.54912,6.3966513,0.21744563
20260917,Bearing1_2,train,100,0.625,True,4.54379711151123,6.386520051956177,0.22559674680233002,4.550364,6.3978844,0.22716227
20260917,Bearing1_2,train,101,0.63125,True,4.545672464370727,6.389609718322754,0.22800424098968505,4.5521126,6.399633,0.24447703
20260917,Bearing1_2,train,102,0.6375,True,4.547461748123169,6.392431735992432,0.23279606699943542,4.554062,6.402248,0.2579953
20260917,Bearing1_2,train,103,0.64375,True,4.549052906036377,6.39511923789978,0.23470037430524826,4.5557556,6.405012,0.264073
20260917,Bearing1_2,train,104,0.65,True,4.550508880615235,6.397485446929932,0.23711226880550385,4.557083,6.4073067,0.2590889
20260917,Bearing1_2,train,105,0.65625,True,4.551791715621948,6.399659919738769,0.23713941276073455,4.557622,6.4092526,0.23830783
20260917,Bearing1_2,train,106,0.6625,True,4.55298924446106,6.4015730857849125,0.23996278196573256,4.558218,6.4099836,0.24871095
20260917,Bearing1_2,train,107,0.66875,True,4.554151725769043,6.403355598449707,0.24314144104719163,4.5587945,6.4108996,0.24911797
20260917,Bearing1_2,train,108,0.675,True,4.555252265930176,6.405053329467774,0.24530601501464844,4.559391,6.411662,0.24668124
20260917,Bearing1_2,train,109,0.68125,True,4.556300830841065,6.406652879714966,0.24774251729249955,4.5596056,6.412647,0.24181065
20260917,Bearing1_2,train,110,0.6875,True,4.557251882553101,6.408164739608765,0.24920716434717177,4.5598745,6.413003,0.24180874
20260917,Bearing1_2,train,111,0.69375,True,4.558010053634644,6.409548759460449,0.24728538393974303,4.5596943,6.413473,0.22525923
20260917,Bearing1_2,train,112,0.7,True,4.558585548400879,6.410653829574585,0.2446521833539009,4.559817,6.4132986,0.2316633
20260917,Bearing1_2,train,113,0.70625,True,4.558952474594117,6.4115128993988035,0.23977740556001664,4.559425,6.413603,0.21532524
20260917,Bearing1_2,train,114,0.7125,True,4.559162712097168,6.4120923519134525,0.23571526110172272,4.5591855,6.413101,0.21846746
20260917,Bearing1_2,train,115,0.71875,True,4.55934419631958,6.412439012527466,0.23481048345565797,4.559437,6.4127192,0.22926006
20260917,Bearing1_2,train,116,0.725,True,4.559467935562134,6.412763357162476,0.23278608322143554,4.5594554,6.413227,0.22846694
20260917,Bearing1_2,train,117,0.73125,True,4.559540700912476,6.412997531890869,0.23093835711479188,4.559522,6.4132414,0.23064071
20260917,Bearing1_2,train,118,0.7375,True,4.559541177749634,6.413167953491211,0.22892028987407684,4.559396,6.4133663,0.22650057
20260917,Bearing1_2,train,119,0.74375,True,4.559550762176514,6.413227558135986,0.2284498855471611,4.5597014,6.413243,0.2371066
20260917,Bearing1_2,train,120,0.75,True,4.559547328948975,6.413296318054199,0.22729373425245286,4.55984,6.4136906,0.23024723
20260917,Bearing1_2,train,121,0.75625,True,4.559625959396362,6.413338470458984,0.22914967834949493,4.5604806,6.4138947,0.24381867
20260917,Bearing1_2,train,122,0.7625,True,4.559769773483277,6.413483953475952,0.23120663017034532,4.561255,6.4147534,0.25223282
20260917,Bearing1_2,train,123,0.76875,True,4.56003098487854,6.4137122631073,0.2354988232254982,4.562037,6.415886,0.25824717
20260917,Bearing1_2,train,124,0.775,True,4.560366296768189,6.414091920852661,0.23948296308517455,4.5625386,6.416898,0.25830886
20260917,Bearing1_2,train,125,0.78125,True,4.560727071762085,6.414576768875122,0.24291685819625855,4.5630445,6.4175677,0.263599
20260917,Bearing1_2,train,126,0.7875,True,4.561165142059326,6.415066528320312,0.2464887782931328,4.563836,6.4181247,0.26418614
20260917,Bearing1_2,train,127,0.79375,True,4.561654472351075,6.415665483474731,0.25019084960222243,4.5644155,6.419231,0.26766142
20260917,Bearing1_2,train,128,0.8,True,4.5622210025787355,6.416341781616211,0.25471979230642317,4.565061,6.4201293,0.27179
20260917,Bearing1_2,train,129,0.80625,True,4.562807893753051,6.417124509811401,0.2586211860179901,4.5655704,6.42107,0.27612054
20260917,Bearing1_2,train,130,0.8125,True,4.5634613037109375,6.417926216125489,0.26393516957759855,4.5663743,6.4217076,0.28338706
20260917,Bearing1_2,train,131,0.81875,True,4.564111852645874,6.418818092346191,0.26784791350364684,4.566986,6.4228134,0.2829461
20260917,Bearing1_2,train,132,0.825,True,4.564731740951538,6.419709157943726,0.2710714668035507,4.567454,6.423664,0.28446835
20260917,Bearing1_2,train,133,0.83125,True,4.565338182449341,6.420558643341065,0.27473376095294955,4.5681014,6.424381,0.2948701
20260917,Bearing1_2,train,134,0.8375,True,4.565924024581909,6.42140760421753,0.27726989388465884,4.568397,6.4253874,0.2836702
20260917,Bearing1_2,train,135,0.84375,True,4.566520547866821,6.422229480743408,0.2801733106374741,4.56901,6.4257865,0.29263318
20260917,Bearing1_2,train,136,0.85,True,4.567089319229126,6.423083066940308,0.28372082114219666,4.569524,6.4266605,0.29966125
20260917,Bearing1_2,train,137,0.85625,True,4.567631244659424,6.423905324935913,0.2863658040761948,4.5698347,6.4274535,0.29411125
20260917,Bearing1_2,train,138,0.8625,True,4.568140935897827,6.424688243865967,0.28848878741264344,4.570158,6.4279585,0.29301983
20260917,Bearing1_2,train,139,0.86875,True,4.568609619140625,6.425421476364136,0.28964734971523287,4.570257,6.4284024,0.28770617
20260917,Bearing1_2,train,140,0.875,True,4.568990468978882,6.426106071472168,0.2896869868040085,4.570183,6.4285536,0.28378344
20260917,Bearing1_2,train,141,0.88125,True,4.56929578781128,6.426677322387695,0.2894028514623642,4.5700393,6.428526,0.28010476
20260917,Bearing1_2,train,142,0.8875,True,4.569545316696167,6.427149391174316,0.2891572415828705,4.569949,6.428385,0.28201225
20260917,Bearing1_2,train,143,0.89375,True,4.5696944236755375,6.427545356750488,0.2870583176612854,4.5695925,6.4283404,0.27388087
20260917,Bearing1_2,train,144,0.9,True,4.5697980403900145,6.4277959823608395,0.2863628834486008,4.569433,6.4278936,0.27671584
20260917,Bearing1_2,train,145,0.90625,True,4.569870042800903,6.4279765605926515,0.28613710701465606,4.56973,6.4275923,0.2903754
20260917,Bearing1_2,train,146,0.9125,True,4.569973039627075,6.42813196182251,0.28825868368148805,4.570554,6.4282146,0.32087702
20260917,Bearing1_2,train,147,0.91875,True,4.570143365859986,6.428314304351806,0.29203144907951356,4.571538,6.429277,0.3318389
20260917,Bearing1_2,train,148,0.925,True,4.570370483398437,6.4285807609558105,0.2964512348175049,4.572429,6.430623,0.3372177
20260917,Bearing1_2,train,149,0.93125,True,4.570675945281982,6.42892165184021,0.30170822739601133,4.573312,6.4318113,0.3402761
20260917,Bearing1_2,train,150,0.9375,True,4.571075773239135,6.429365730285644,0.30796973407268524,4.574181,6.4329944,0.3463985
20260917,Bearing1_2,train,151,0.94375,True,4.571580028533935,6.429926490783691,0.3156468689441681,4.575082,6.4341335,0.3568761
20260917,Bearing1_2,train,152,0.95,True,4.572172594070435,6.430615854263306,0.3231987863779068,4.575875,6.4352784,0.35753143
20260917,Bearing1_2,train,153,0.95625,True,4.572873735427857,6.431419897079468,0.3316961318254471,4.576604,6.436381,0.35885432
20260917,Bearing1_2,train,154,0.9625,True,4.573641109466553,6.432373857498169,0.34008280336856844,4.577107,6.4374332,0.36058256
20260917,Bearing1_2,train,155,0.96875,True,4.574445962905884,6.433429288864136,0.34870710372924807,4.5777783,6.4381466,0.37661842
20260917,Bearing1_2,train,156,0.975,True,4.57523193359375,6.434507131576538,0.3539887934923172,4.5784135,6.438993,0.3736939
20260917,Bearing1_2,train,157,0.98125,True,4.575975370407105,6.435572290420533,0.35857771933078764,4.5789723,6.4399285,0.37772816
20260917,Bearing1_2,train,158,0.9875,True,4.576710033416748,6.436578226089478,0.3644295871257782,4.579776,6.4406824,0.39573637
20260917,Bearing1_2,train,159,0.99375,True,4.5774329662322994,6.437566900253296,0.3705556243658066,4.580541,6.441698,0.40153646
20260917,Bearing1_2,train,160,1.0,True,4.578260374069214,6.438540267944336,0.3826942592859268,4.582455,6.442728,0.46778485
20260917,Bearing1_3,train,0,0.0,False,,,,0.38472673,,
20260917,Bearing1_3,train,1,0.006369426751592357,False,,,,0.0618055,,
20260917,Bearing1_3,train,2,0.012738853503184714,False,,,,0.074836306,,
20260917,Bearing1_3,train,3,0.01910828025477707,False,,,,0.06489898,,
20260917,Bearing1_3,train,4,0.025477707006369428,False,,,,0.019967591,,
20260917,Bearing1_3,train,5,0.03184713375796178,False,,,,0.023031801,,
20260917,Bearing1_3,train,6,0.03821656050955414,False,,,,0.023788903,,
20260917,Bearing1_3,train,7,0.044585987261146494,False,,,,0.025663665,,
20260917,Bearing1_3,train,8,0.050955414012738856,False,,,,0.039411604,,
20260917,Bearing1_3,train,9,0.05732484076433121,False,,,,0.060069,,
20260917,Bearing1_3,train,10,0.06369426751592357,False,,,,0.046674367,,
20260917,Bearing1_3,train,11,0.07006369426751592,False,,,,0.023400998,,
20260917,Bearing1_3,train,12,0.07643312101910828,False,,,,0.018732566,,
20260917,Bearing1_3,train,13,0.08280254777070063,False,,,,0.02736727,,
20260917,Bearing1_3,train,14,0.08917197452229299,False,,,,0.021750817,,
20260917,Bearing1_3,train,15,0.09554140127388536,False,0.02556939609348774,,,0.025569396,,
20260917,Bearing1_3,train,16,0.10191082802547771,False,0.025625448673963547,0.02820831723511219,0.30953577160835266,0.025681501,0.028208317,0.30953577
20260917,Bearing1_3,train,17,0.10828025477707007,False,0.023728445793191593,0.028613376431167126,0.2969832122325897,0.01993444,0.029018436,0.28443065
20260917,Bearing1_3,train,18,0.11464968152866242,False,0.028868427965790033,0.025894133374094963,0.2420116811990738,0.044288374,0.020455647,0.13206862
20260917,Bearing1_3,train,19,0.12101910828025478,False,0.035658418014645574,0.031602832954376936,0.21964461356401443,0.06281838,0.04872893,0.15254341
20260917,Bearing1_3,train,20,0.12738853503184713,False,0.04180150261769692,0.04017471931874752,0.2052696168422699,0.072516926,0.074462265,0.14776963
20260917,Bearing1_3,train,21,0.1337579617834395,False,0.04496365386460509,0.04843461482475201,0.2032726431886355,0.06393656,0.08973409,0.19328777
20260917,Bearing1_3,train,22,0.14012738853503184,False,0.05100142792798579,0.052702240379793305,0.18767630947487696,0.09326585,0.07830799,0.09409831
20260917,Bearing1_3,train,23,0.1464968152866242,False,0.05672652874555853,0.060598746640607715,0.17802909296005964,0.102527335,0.11587429,0.11049858
20260917,Bearing1_3,train,24,0.15286624203821655,False,0.058307319320738314,0.06817803014483717,0.1826934739947319,0.072534434,0.1288123,0.22000852
20260917,Bearing1_3,train,25,0.1592356687898089,True,0.06230577677488327,0.07027978580445052,0.18293796256184577,0.06555397,0.08919559,0.18513836
20260917,Bearing1_3,train,26,0.16560509554140126,True,0.06584335509687662,0.07549870871007443,0.17088695392012596,0.061057284,0.08039755,0.18902569
20260917,Bearing1_3,train,27,0.17197452229299362,True,0.07131804823875428,0.07998391091823578,0.1560492269694805,0.07468137,0.07387046,0.13605338
20260917,Bearing1_3,train,28,0.17834394904458598,True,0.07409190833568573,0.08711942322552205,0.16031864359974862,0.072026975,0.09181077,0.17476279
20260917,Bearing1_3,train,29,0.18471337579617833,True,0.07553675174713134,0.09101196303963661,0.15973244085907937,0.07726681,0.08765433,0.14668138
20260917,Bearing1_3,train,30,0.1910828025477707,True,0.07381781600415707,0.09315436705946922,0.1677950955927372,0.05532757,0.095886305,0.22839618
20260917,Bearing1_3,train,31,0.19745222929936307,True,0.07511355467140675,0.0909188523888588,0.16131678298115731,0.07689395,0.067378946,0.12850465
20260917,Bearing1_3,train,32,0.20382165605095542,True,0.07230124659836293,0.09257735088467597,0.17125711143016814,0.065142766,0.09489298,0.19350159
20260917,Bearing1_3,train,33,0.21019108280254778,True,0.0662451483309269,0.08896830007433891,0.18478693068027496,0.041966353,0.07978378,0.24579677
20260917,Bearing1_3,train,34,0.21656050955414013,True,0.06267226003110409,0.08106546252965927,0.1854083299636841,0.03680555,0.049783923,0.22622252
20260917,Bearing1_3,train,35,0.2229299363057325,True,0.060667159780859944,0.07647941038012504,0.18586001098155974,0.045502968,0.043335065,0.18965517
20260917,Bearing1_3,train,36,0.22929936305732485,True,0.059690074622631074,0.07378236651420593,0.185238815844059,0.051286433,0.053427108,0.18281373
20260917,Bearing1_3,train,37,0.2356687898089172,True,0.05418126136064529,0.07250655181705952,0.20322169214487076,0.019593239,0.06111231,0.31588215
20260917,Bearing1_3,train,38,0.24203821656050956,True,0.04846280086785555,0.06504377909004688,0.21415935605764388,0.0148423705,0.017183043,0.28413942
20260917,Bearing1_3,train,39,0.2484076433121019,True,0.042585881799459456,0.05720122018828988,0.2315485119819641,0.018497622,0.009228741,0.32057294
20260917,Bearing1_3,train,40,0.25477707006369427,True,0.03871384803205728,0.04967236490920186,0.23416023552417756,0.01660723,0.020597752,0.2545134
20260917,Bearing1_3,train,41,0.2611464968152866,True,0.03343205861747265,0.04409442059695721,0.24215403497219085,0.024076054,0.0115995025,0.20844264
20260917,Bearing1_3,train,42,0.267515923566879,True,0.029116586595773698,0.03689948506653309,0.24712561070919037,0.021988045,0.022943623,0.24321735
20260917,Bearing1_3,train,43,0.27388535031847133,True,0.026748304814100267,0.031031113117933273,0.2570472240447998,0.018283535,0.021100063,0.3450129
20260917,Bearing1_3,train,44,0.2802547770700637,True,0.02486873958259821,0.02805844433605671,0.25606600642204286,0.0180099,0.020057235,0.21641034
20260917,Bearing1_3,train,45,0.28662420382165604,True,0.021882531605660914,0.0251589922234416,0.2654325649142265,0.015640888,0.014340544,0.28332075
20260917,Bearing1_3,train,46,0.2929936305732484,True,0.01823193309828639,0.020756885409355164,0.2749606385827065,0.014780448,0.0094060395,0.27809447
20260917,Bearing1_3,train,47,0.29936305732484075,True,0.018151637632399797,0.01565286871045828,0.26680797785520555,0.018790284,0.010072144,0.23435554
20260917,Bearing1_3,train,48,0.3057324840764331,True,0.018701356556266546,0.01541669201105833,0.26236069947481155,0.02033956,0.014821276,0.23966664
20260917,Bearing1_3,train,49,0.31210191082802546,True,0.02146434420719743,0.01632607067003846,0.24536253660917282,0.0461275,0.018322527,0.15059131
20260917,Bearing1_3,train,50,0.3184713375796178,True,0.02198336096480489,0.019685497973114252,0.24911577254533768,0.021797398,0.054192025,0.29204577
20260917,Bearing1_3,train,51,0.3248407643312102,True,0.02113306038081646,0.02060281727463007,0.25601080656051634,0.015573048,0.020772696,0.27739298
20260917,Bearing1_3,train,52,0.33121019108280253,True,0.02138059549033642,0.01944948984310031,0.2677057832479477,0.024463397,0.011410349,0.36016712
20260917,Bearing1_3,train,53,0.3375796178343949,True,0.022167052514851092,0.0202857724390924,0.26417247354984286,0.026148105,0.029462889,0.3096798
20260917,Bearing1_3,train,54,0.34394904458598724,True,0.02307159937918186,0.02141177309677005,0.2734923750162125,0.027055368,0.03131724,0.30960935
20260917,Bearing1_3,train,55,0.3503184713375796,True,0.023814880289137363,0.023082485515624286,0.2733250319957733,0.023073697,0.031047668,0.28164732
20260917,Bearing1_3,train,56,0.35668789808917195,True,0.025909894052892922,0.02470039399340749,0.28143221139907837,0.035730585,0.025585124,0.35916626
20260917,Bearing1_3,train,57,0.3630573248407643,True,0.026687868777662514,0.028047461714595556,0.28603434562683105,0.026570031,0.04354282,0.28037688
20260917,Bearing1_3,train,58,0.36942675159235666,True,0.030939381290227174,0.029434540774673223,0.27178368270397185,0.062854685,0.028692067,0.09716001
20260917,Bearing1_3,train,59,0.37579617834394907,True,0.037914931494742635,0.03496806090697646,0.26465786024928095,0.115883,0.07365773,0.07933309
20260917,Bearing1_3,train,60,0.3821656050955414,True,0.05359229324385524,0.0440151515416801,0.24874745085835456,0.17857102,0.14466293,0.13294168
20260917,Bearing1_3,train,61,0.3885350318471338,True,0.06656565312296152,0.0644717070274055,0.23415627107024192,0.14530665,0.22533825,0.13148119
20260917,Bearing1_3,train,62,0.39490445859872614,True,0.08196127694100142,0.08189733866602182,0.20711652263998986,0.17841963,0.18566667,0.08976963
20260917,Bearing1_3,train,63,0.4012738853503185,True,0.09811431802809238,0.1017063358798623,0.18408414870500564,0.18767852,0.22755286,0.07935607
20260917,Bearing1_3,train,64,0.40764331210191085,True,0.11132956929504871,0.12249408978968859,0.16519452407956123,0.15920788,0.23919478,0.12071311
20260917,Bearing1_3,train,65,0.4140127388535032,True,0.12377440128475428,0.13973614778369664,0.14713200628757478,0.14752202,0.20346825,0.10102215
20260917,Bearing1_3,train,66,0.42038216560509556,True,0.14031841401010753,0.15594615750014781,0.125540854036808,0.20117071,0.18768522,0.14325474
20260917,Bearing1_3,train,67,0.4267515923566879,True,0.16048168987035752,0.17731938287615776,0.10880141928792,0.22820279,0.25727507,0.112982534
20260917,Bearing1_3,train,68,0.43312101910828027,True,0.17789833322167398,0.20357130989432334,0.10911975353956223,0.23702112,0.29121134,0.100343354
20260917,Bearing1_3,train,69,0.4394904458598726,True,0.19049594253301622,0.2266024187207222,0.11059854552149773,0.2418591,0.30396882,0.09412101
20260917,Bearing1_3,train,70,0.445859872611465,True,0.19649140685796737,0.24298196136951447,0.10534194111824036,0.23852566,0.30845836,0.080375634
20260917,Bearing1_3,train,71,0.45222929936305734,True,0.21468640714883805,0.25101339519023896,0.12129437178373337,0.32725665,0.3056526,0.2910055
20260917,Bearing1_3,train,72,0.4585987261146497,True,0.23832185566425323,0.2744473621249199,0.14611461907625198,0.41477412,0.42000633,0.3379721
20260917,Bearing1_3,train,73,0.46496815286624205,True,0.2608020544052124,0.3051967039704323,0.15395499095320703,0.4124805,0.5350463,0.15775979
20260917,Bearing1_3,train,74,0.4713375796178344,True,0.29052072763442993,0.3345678552985191,0.16784991919994355,0.4563946,0.5329063,0.2596624
20260917,Bearing1_3,train,75,0.47770700636942676,True,0.32352616637945175,0.37338751554489136,0.18026931807398797,0.4775764,0.59166485,0.22521614
20260917,Bearing1_3,train,76,0.4840764331210191,True,0.3549268200993538,0.4167463809251785,0.19186896756291388,0.51517725,0.6212739,0.25925124
20260917,Bearing1_3,train,77,0.49044585987261147,True,0.3869717285037041,0.45799978375434874,0.2067267343401909,0.5486519,0.6698091,0.2615602
20260917,Bearing1_3,train,78,0.4968152866242038,True,0.4219541445374489,0.5003441363573075,0.22520634904503822,0.5868453,0.71465486,0.2851395
20260917,Bearing1_3,train,79,0.5031847133757962,True,0.45202305912971497,0.5465405404567718,0.22735180258750914,0.54254824,0.76593286,0.115575545
20260917,Bearing1_3,train,80,0.5095541401273885,True,0.4881134480237961,0.586646893620491,0.2511434443295002,0.59942955,0.7095219,0.31829205
20260917,Bearing1_3,train,81,0.5159235668789809,True,0.5153318643569946,0.6342054188251496,0.24271361753344536,0.5994408,0.78123784,0.20670722
20260917,Bearing1_3,train,82,0.5222929936305732,True,0.5385063827037812,0.6704753458499908,0.23955649361014367,0.6465193,0.7827056,0.30640087
20260917,Bearing1_3,train,83,0.5286624203821656,True,0.5659284681081772,0.7013666749000549,0.25428894385695455,0.68670136,0.84395957,0.3050843
20260917,Bearing1_3,train,84,0.535031847133758,True,0.58915174305439,0.7378710746765137,0.2510936431586742,0.68862736,0.8979503,0.22770938
20260917,Bearing1_3,train,85,0.5414012738853503,True,0.6112137794494629,0.7688572883605957,0.2528349198400974,0.69819677,0.901527,0.2426289
20260917,Bearing1_3,train,86,0.5477707006369427,True,0.6233791887760163,0.7981466829776764,0.2363517589867115,0.63683134,0.9141678,0.09441963
20260917,Bearing1_3,train,87,0.554140127388535,True,0.63949835896492,0.8143786430358887,0.247023356705904,0.7098436,0.8321287,0.36827618
20260917,Bearing1_3,train,88,0.5605095541401274,True,0.6599919617176055,0.8356325805187226,0.25820485427975653,0.7917813,0.92719424,0.39695448
20260917,Bearing1_3,train,89,0.5668789808917197,True,0.6864712655544281,0.8627004146575927,0.27319369465112686,0.8073413,1.0366112,0.26546395
20260917,Bearing1_3,train,90,0.5732484076433121,True,0.7089805603027344,0.8976152896881103,0.2669083908200264,0.8245225,1.0586706,0.255439
20260917,Bearing1_3,train,91,0.5796178343949044,True,0.7639353036880493,0.9278406977653504,0.3298396378755569,1.1489882,1.0834919,0.8360197
20260917,Bearing1_3,train,92,0.5859872611464968,True,0.823143196105957,1.0002031743526458,0.33394415080547335,1.2385982,1.5063304,0.347446
20260917,Bearing1_3,train,93,0.5923566878980892,True,0.89511758685112,1.079703539609909,0.3485578060150146,1.4064453,1.6389632,0.45122084
20260917,Bearing1_3,train,94,0.5987261146496815,True,0.9746239602565765,1.1766339480876922,0.34782756119966507,1.4836911,1.8672544,0.22040693
20260917,Bearing1_3,train,95,0.6050955414012739,True,1.0662227690219879,1.284458839893341,0.3514506593346596,1.6141849,1.9797759,0.27885988
20260917,Bearing1_3,train,96,0.6114649681528662,True,1.1643011212348937,1.408654397726059,0.34699317812919617,1.6176149,2.1561234,0.049844816
20260917,Bearing1_3,train,97,0.6178343949044586,True,1.2517891824245453,1.5423396825790405,0.3192265957593918,1.5847242,2.1689816,0.090610355
20260917,Bearing1_3,train,98,0.6242038216560509,True,1.3412075698375703,1.6623899340629578,0.29741200655698774,1.6859652,2.1276968,0.17880858
20260917,Bearing1_3,train,99,0.6305732484076433,True,1.4340935707092286,1.7848599910736085,0.2782228156924248,1.7362013,2.2613118,0.07357204
20260917,Bearing1_3,train,100,0.6369426751592356,True,1.5319772720336915,1.9122038960456849,0.2600586600601673,1.8033595,2.3321097,0.07379746
20260917,Bearing1_3,train,101,0.643312101910828,True,1.6052014708518982,2.046606016159058,0.18339236378669738,1.8812302,2.4275131,0.06935673
20260917,Bearing1_3,train,102,0.6496815286624203,True,1.6817522764205932,2.14928742647171,0.15859382897615432,2.0041063,2.5331445,0.09946065
20260917,Bearing1_3,train,103,0.6560509554140127,True,1.7463634014129639,2.255964720249176,0.12568807676434518,2.0525565,2.7057362,0.12216332
20260917,Bearing1_3,train,104,0.6624203821656051,True,1.8107091546058656,2.3472251892089844,0.11530484035611152,2.1271486,2.779859,0.11657457
20260917,Bearing1_3,train,105,0.6687898089171974,True,1.871375358104706,2.4374984741210937,0.10048197433352471,2.220847,2.8825088,0.13063122
20260917,Bearing1_3,train,106,0.6751592356687898,True,1.940630030632019,2.5232247829437258,0.11408853903412819,2.3101616,3.0133865,0.18591046
20260917,Bearing1_3,train,107,0.6815286624203821,True,2.027153468132019,2.620413899421692,0.11769395098090171,2.4499586,3.1408727,0.12666447
20260917,Bearing1_3,train,108,0.6878980891719745,True,2.1069785952568054,2.741419720649719,0.13896817937493325,2.4842165,3.337755,0.39155087
20260917,Bearing1_3,train,109,0.6942675159235668,True,2.191347968578339,2.8542965412139893,0.1605227716267109,2.579895,3.39008,0.28911796
20260917,Bearing1_3,train,110,0.7006369426751592,True,2.2787714838981628,2.9734949111938476,0.18620364218950272,2.6775947,3.5240934,0.33060616
20260917,Bearing1_3,train,111,0.7070063694267515,True,2.351568174362183,3.0971425056457518,0.2509104810655117,2.6091971,3.663989,0.7164251
20260917,Bearing1_3,train,112,0.7133757961783439,True,2.4199387788772584,3.201137065887451,0.28068820014595985,2.6878123,3.57309,0.39723784
20260917,Bearing1_3,train,113,0.7197452229299363,True,2.492212653160095,3.2990599155426024,0.30915468484163283,2.7752953,3.6849647,0.40682817
20260917,Bearing1_3,train,114,0.7261146496815286,True,2.555914568901062,3.4018625020980835,0.36297846734523775,2.7641678,3.807885,0.6548124
20260917,Bearing1_3,train,115,0.732484076433121,True,2.607336902618408,3.493148398399353,0.4189808502793312,2.7350702,3.7953677,0.69065505
20260917,Bearing1_3,train,116,0.7388535031847133,True,2.6602893829345704,3.567556142807007,0.440403513610363,2.8396864,3.757464,0.4001371
20260917,Bearing1_3,train,117,0.7452229299363057,True,2.701935124397278,3.6437169313430786,0.48775732815265654,2.866416,3.9024806,0.6002026
20260917,Bearing1_3,train,118,0.7515923566878981,True,2.7465469598770142,3.7042218685150146,0.5018349409103393,2.9303348,3.9428043,0.532327
20260917,Bearing1_3,train,119,0.7579617834394905,True,2.791431427001953,3.768607187271118,0.5197372615337372,3.0287397,4.033933,0.46814117
20260917,Bearing1_3,train,120,0.7643312101910829,True,2.835347294807434,3.833536887168884,0.5390504598617554,3.1167533,4.1733904,0.52373815
20260917,Bearing1_3,train,121,0.7707006369426752,True,2.8911502599716186,3.897151494026184,0.5316704988479615,3.1672268,4.300135,0.6426255
20260917,Bearing1_3,train,122,0.7770700636942676,True,2.949574661254883,3.9772197008132935,0.539626881480217,3.2720563,4.373772,0.47680166
20260917,Bearing1_3,train,123,0.7834394904458599,True,3.0127073526382446,4.061262774467468,0.5370168864727021,3.4066222,4.5253954,0.38072821
20260917,Bearing1_3,train,124,0.7898089171974523,True,3.0873130559921265,4.1523984432220455,0.5201357394456864,3.5102248,4.7192416,0.48600093
20260917,Bearing1_3,train,125,0.7961783439490446,True,3.1664718627929687,4.259790706634521,0.5322039633989334,3.5266583,4.8692904,0.8113373
20260917,Bearing1_3,train,126,0.802547770700637,True,3.2430885076522826,4.373600435256958,0.5506506025791168,3.6058528,4.895561,0.5846035
20260917,Bearing1_3,train,127,0.8089171974522293,True,3.3233605861663817,4.4844871997833256,0.5550236999988556,3.6691368,5.0113482,0.6439336
20260917,Bearing1_3,train,128,0.8152866242038217,True,3.409352922439575,4.600595378875733,0.5300919950008393,3.7902582,5.103886,0.28300995
20260917,Bearing1_3,train,129,0.821656050955414,True,3.495931339263916,4.725064373016357,0.5100074857473373,3.8945239,5.278623,0.26729608
20260917,Bearing1_3,train,130,0.8280254777070064,True,3.57739794254303,4.850656223297119,0.520079442858696,3.9314194,5.429309,0.6244577
20260917,Bearing1_3,train,131,0.8343949044585988,True,3.6645453214645385,4.96903076171875,0.46946051716804504,4.0387006,5.4838805,0.13643625
20260917,Bearing1_3,train,132,0.8407643312101911,True,3.749675750732422,5.095608806610107,0.43650476783514025,4.1233606,5.6395526,0.14724417
20260917,Bearing1_3,train,133,0.8471337579617835,True,3.8287130117416384,5.219350576400757,0.42896573692560197,4.196995,5.762813,0.3053379
20260917,Bearing1_3,train,134,0.8535031847133758,True,3.9029977560043334,5.334410810470581,0.40493415892124174,4.2530723,5.869844,0.24568515
20260917,Bearing1_3,train,135,0.8598726114649682,True,3.9799240112304686,5.442696046829224,0.3429686725139618,4.295921,5.9521427,0.19168243
20260917,Bearing1_3,train,136,0.8662420382165605,True,4.052590012550354,5.554651927947998,0.3072289481759071,4.332513,6.01512,0.22720625
20260917,Bearing1_3,train,137,0.8726114649681529,True,4.1218804836273195,5.660438680648804,0.26327933073043824,4.3620415,6.069216,0.20443742
20260917,Bearing1_3,train,138,0.8789808917197452,True,4.181498742103576,5.761358451843262,0.2554131641983986,4.3864408,6.113084,0.20434828
20260917,Bearing1_3,train,139,0.8853503184713376,True,4.232387971878052,5.848440313339234,0.24309050738811494,4.403416,6.1494417,0.14406951
20260917,Bearing1_3,train,140,0.89171974522293,True,4.281095504760742,5.923031949996949,0.1960189998149872,4.4184947,6.1752253,0.15374264
20260917,Bearing1_3,train,141,0.8980891719745223,True,4.320332288742065,5.994451236724854,0.19769777059555055,4.4310684,6.1980734,0.15322396
20260917,Bearing1_3,train,142,0.9044585987261147,True,4.352257204055786,6.05223274230957,0.1979410916566849,4.44261,6.2173676,0.14967738
20260917,Bearing1_3,train,143,0.910828025477707,True,4.377849435806274,6.0994469165802006,0.1830060675740242,4.452917,6.234955,0.15598767
20260917,Bearing1_3,train,144,0.9171974522292994,True,4.39861741065979,6.137510490417481,0.1734483137726784,4.460752,6.2504797,0.1501076
20260917,Bearing1_3,train,145,0.9235668789808917,True,4.416350221633911,6.168526077270508,0.17826373726129532,4.473249,6.2622986,0.23983666
20260917,Bearing1_3,train,146,0.9299363057324841,True,4.431208705902099,6.195088291168213,0.1750183194875717,4.4810977,6.280742,0.19475207
20260917,Bearing1_3,train,147,0.9363057324840764,True,4.443698167800903,6.217427492141724,0.1714347779750824,4.486936,6.292608,0.168602
20260917,Bearing1_3,train,148,0.9426751592356688,True,4.4544023990631105,6.236283874511718,0.17034898549318314,4.493483,6.3016477,0.19349036
20260917,Bearing1_3,train,149,0.9490445859872612,True,4.464505434036255,6.252497959136963,0.1924142748117447,4.5044465,6.3115826,0.3647224
20260917,Bearing1_3,train,150,0.9554140127388535,True,4.474000692367554,6.267701625823975,0.21500949561595917,4.5134473,6.327262,0.37969485
20260917,Bearing1_3,train,151,0.9617834394904459,True,4.482992315292359,6.281905841827393,0.23790618479251863,4.5209846,6.3401155,0.38219085
20260917,Bearing1_3,train,152,0.9681528662420382,True,4.491513776779175,6.295272302627564,0.2633432671427727,4.5278244,6.3510323,0.4040482
20260917,Bearing1_3,train,153,0.9745222929936306,True,4.499505519866943,6.3078704357147215,0.2849720925092697,4.5328345,6.360936,0.37227592
20260917,Bearing1_3,train,154,0.9808917197452229,True,4.5071454524993895,6.3196608543396,0.3080812022089958,4.5371513,6.368384,0.3811987
20260917,Bearing1_3,train,155,0.9872611464968153,True,4.5138866901397705,6.330916118621826,0.3219915971159935,4.5406613,6.374851,0.3789406
20260917,Bearing1_3,train,156,0.9936305732484076,True,4.5201622486114506,6.340857458114624,0.34101134091615676,4.5438533,6.3801556,0.3849495
20260917,Bearing1_3,train,157,1.0,True,4.526116895675659,6.35010256767273,0.3622950792312622,4.5464826,6.385059,0.3814394
20260917,Bearing1_4,validation,0,0.0,False,,,,0.61230636,,
20260917,Bearing1_4,validation,1,0.008264462809917356,False,,,,0.1795964,,
20260917,Bearing1_4,validation,2,0.01652892561983471,False,,,,0.07346616,,
20260917,Bearing1_4,validation,3,0.024793388429752067,False,,,,0.04857731,,
20260917,Bearing1_4,validation,4,0.03305785123966942,False,,,,0.025944214,,
20260917,Bearing1_4,validation,5,0.04132231404958678,False,,,,0.02360107,,
20260917,Bearing1_4,validation,6,0.049586776859504134,False,,,,0.040165313,,
20260917,Bearing1_4,validation,7,0.05785123966942149,False,,,,0.03177979,,
20260917,Bearing1_4,validation,8,0.06611570247933884,False,,,,0.07710058,,
20260917,Bearing1_4,validation,9,0.0743801652892562,False,,,,0.091906294,,
20260917,Bearing1_4,validation,10,0.08264462809917356,False,,,,0.11017911,,
20260917,Bearing1_4,validation,11,0.09090909090909091,False,,,,0.11157832,,
20260917,Bearing1_4,validation,12,0.09917355371900827,False,,,,0.12132898,,
20260917,Bearing1_4,validation,13,0.10743801652892562,False,,,,0.14872502,,
20260917,Bearing1_4,validation,14,0.11570247933884298,False,,,,0.1609242,,
20260917,Bearing1_4,validation,15,0.12396694214876033,False,0.1668384075164795,,,0.16683841,,
20260917,Bearing1_4,validation,16,0.1322314049586777,False,0.16882432252168655,0.21877460181713104,0.6260086894035339,0.17081024,0.2187746,0.6260087
20260917,Bearing1_4,validation,17,0.14049586776859505,False,0.17099847892920175,0.22105343639850616,0.6346430778503418,0.17534679,0.22333227,0.64327747
20260917,Bearing1_4,validation,18,0.1487603305785124,False,0.170237485319376,0.22396964828173319,0.62094513575236,0.1679545,0.22980207,0.59354925
20260917,Bearing1_4,validation,19,0.15702479338842976,False,0.17064246535301208,0.2231980748474598,0.6226001232862473,0.17226239,0.22088335,0.6275651
20260917,Bearing1_4,validation,20,0.1652892561983471,False,0.17621606836716333,0.22363761067390442,0.6546153903007508,0.20408408,0.22539575,0.78267646
20260917,Bearing1_4,validation,21,0.17355371900826447,False,0.1763698628970555,0.2308083971341451,0.6428343454996744,0.17729263,0.26666233,0.5839291
20260917,Bearing1_4,validation,22,0.18181818181818182,False,0.18002327531576157,0.23103039392403193,0.6621041638510567,0.20559716,0.23236237,0.7777231
20260917,Bearing1_4,validation,23,0.19008264462809918,False,0.1821221129761802,0.2357035968452692,0.6649948880076408,0.19891281,0.26841602,0.68522996
20260917,Bearing1_4,validation,24,0.19834710743801653,False,0.1841844603419304,0.23843811783525679,0.6707991030481126,0.20274559,0.2603143,0.7172328
20260917,Bearing1_4,validation,25,0.2066115702479339,True,0.19054441303014755,0.2411167100071907,0.6898011147975922,0.23043793,0.26522404,0.8608192
20260917,Bearing1_4,validation,26,0.21487603305785125,True,0.1958075299859047,0.24927856624126435,0.7037380695343017,0.2234414,0.30039316,0.76537824
20260917,Bearing1_4,validation,27,0.2231404958677686,True,0.19964761435985565,0.25609400123357773,0.7124144554138183,0.21374764,0.29148662,0.7300413
20260917,Bearing1_4,validation,28,0.23140495867768596,True,0.20285226553678512,0.26095261722803115,0.7209584176540375,0.20000102,0.27838823,0.6789889
20260917,Bearing1_4,validation,29,0.2396694214876033,True,0.20237582921981812,0.26502163112163546,0.7125530004501343,0.16749802,0.2615735,0.5435109
20260917,Bearing1_4,validation,30,0.24793388429752067,True,0.1985086128115654,0.26445051431655886,0.693885862827301,0.16541192,0.21968459,0.5960051
20260917,Bearing1_4,validation,31,0.256198347107438,True,0.19547795206308366,0.2595281764864922,0.6869340896606445,0.14698602,0.21743895,0.5144114
20260917,Bearing1_4,validation,32,0.2644628099173554,True,0.19193644374608992,0.2556619316339493,0.674970132112503,0.17018208,0.19369993,0.6580835
20260917,Bearing1_4,validation,33,0.2727272727272727,True,0.18847401142120362,0.25123582780361176,0.665028965473175,0.16428849,0.22415498,0.5858183
20260917,Bearing1_4,validation,34,0.2809917355371901,True,0.18401172906160354,0.24681013375520705,0.6499037623405457,0.15812276,0.21605735,0.5659808
20260917,Bearing1_4,validation,35,0.2892561983471074,True,0.17808036655187606,0.24108517915010452,0.627728921175003,0.17112431,0.2079745,0.6390708
20260917,Bearing1_4,validation,36,0.2975206611570248,True,0.1703777939081192,0.23353837579488754,0.601077777147293,0.14641568,0.22492513,0.4988668
20260917,Bearing1_4,validation,37,0.30578512396694213,True,0.16800384670495988,0.2237464338541031,0.6038435757160187,0.19000816,0.1935672,0.7576993
20260917,Bearing1_4,validation,38,0.3140495867768595,True,0.1696796417236328,0.22085707187652587,0.6169013142585754,0.21675897,0.24949461,0.80956626
20260917,Bearing1_4,validation,39,0.32231404958677684,True,0.17229119092226028,0.22301498353481292,0.6262417197227478,0.19361351,0.2831526,0.63691497
20260917,Bearing1_4,validation,40,0.3305785123966942,True,0.17477652430534363,0.22648055106401443,0.6328320682048798,0.19026525,0.25434026,0.66190857
20260917,Bearing1_4,validation,41,0.33884297520661155,True,0.17820422649383544,0.22964560240507126,0.6439759433269501,0.18126304,0.24908946,0.62585014
20260917,Bearing1_4,validation,42,0.34710743801652894,True,0.1764774426817894,0.23403704464435576,0.6294889211654663,0.15291424,0.23761435,0.5132133
20260917,Bearing1_4,validation,43,0.35537190082644626,True,0.1787361681461334,0.2317851558327675,0.6434771358966828,0.18687575,0.20163609,0.72570044
20260917,Bearing1_4,validation,44,0.36363636363636365,True,0.17928402721881867,0.23468024730682374,0.6415522515773773,0.16360135,0.24500826,0.54673195
20260917,Bearing1_4,validation,45,0.371900826446281,True,0.1794427067041397,0.2353906512260437,0.6413183987140656,0.1727111,0.21507853,0.6367323
20260917,Bearing1_4,validation,46,0.38016528925619836,True,0.1797608956694603,0.2355267345905304,0.6427636027336121,0.14959757,0.22628596,0.51331884
20260917,Bearing1_4,validation,47,0.3884297520661157,True,0.17396831810474395,0.23597608953714372,0.6142762362957,0.13208239,0.19806075,0.47282565
20260917,Bearing1_4,validation,48,0.39669421487603307,True,0.1616500586271286,0.22842493653297424,0.5674990028142929,0.09357637,0.17398308,0.34179392
20260917,Bearing1_4,validation,49,0.4049586776859504,True,0.14902045875787734,0.2125273071229458,0.5346224784851075,0.067317516,0.124176316,0.30814973
20260917,Bearing1_4,validation,50,0.4132231404958678,True,0.13776418566703796,0.1960562899708748,0.4862210899591446,0.07770252,0.08963009,0.17789468
20260917,Bearing1_4,validation,51,0.4214876033057851,True,0.13065784350037574,0.17960977405309678,0.4323935031890869,0.11019962,0.084624305,0.08757427
20260917,Bearing1_4,validation,52,0.4297520661157025,True,0.12605178877711296,0.16901941895484923,0.3934898070991039,0.10685369,0.1317108,0.124176316
20260917,Bearing1_4,validation,53,0.4380165289256198,True,0.12391413226723672,0.1618731662631035,0.3349623553454876,0.16549918,0.13017356,0.14042592
20260917,Bearing1_4,validation,54,0.4462809917355372,True,0.12312150672078133,0.15775177627801895,0.2901813432574272,0.1556751,0.20379436,0.09892183
20260917,Bearing1_4,validation,55,0.45454545454545453,True,0.11835572794079781,0.15557453036308289,0.24168170839548112,0.12505332,0.19330607,0.15173593
20260917,Bearing1_4,validation,56,0.4628099173553719,True,0.12227819785475731,0.14831744879484177,0.20650117844343185,0.18882227,0.15371515,0.16151354
20260917,Bearing1_4,validation,57,0.47107438016528924,True,0.12791037037968636,0.1519942417740822,0.16754334196448326,0.18840411,0.23482868,0.08324728
20260917,Bearing1_4,validation,58,0.4793388429752066,True,0.13569950982928275,0.1583116427063942,0.14349183067679405,0.17146777,0.23715709,0.10127881
20260917,Bearing1_4,validation,59,0.48760330578512395,True,0.1459064655005932,0.16730366721749307,0.12132242247462273,0.16938707,0.21409656,0.08645564
20260917,Bearing1_4,validation,60,0.49586776859504134,True,0.15825940445065498,0.17943397164344788,0.11630959883332252,0.20123191,0.21093313,0.12776645
20260917,Bearing1_4,validation,61,0.5041322314049587,True,0.15905628651380538,0.19605450481176376,0.13146720603108406,0.11816844,0.25082964,0.23915035
20260917,Bearing1_4,validation,62,0.512396694214876,True,0.16218594312667847,0.19742728024721146,0.12698859795928003,0.13815026,0.14543855,0.079390235
20260917,Bearing1_4,validation,63,0.5206611570247934,True,0.16116665154695511,0.20141955316066742,0.12126714363694191,0.15530626,0.1700963,0.08321138
20260917,Bearing1_4,validation,64,0.5289256198347108,True,0.16296984404325485,0.20015796273946762,0.12190859541296958,0.17370702,0.19117846,0.105336346
20260917,Bearing1_4,validation,65,0.5371900826446281,True,0.17042195945978164,0.20227639973163605,0.11741613745689392,0.19957447,0.21449044,0.10681135
20260917,Bearing1_4,validation,66,0.5454545454545454,True,0.1720978856086731,0.21170808374881744,0.11105111092329026,0.20558153,0.24803199,0.09786327
20260917,Bearing1_4,validation,67,0.5537190082644629,True,0.17358753681182862,0.21405690014362336,0.10980846434831619,0.20330063,0.25831684,0.070820816
20260917,Bearing1_4,validation,68,0.5619834710743802,True,0.17776180654764176,0.2159724310040474,0.10969357192516327,0.21321046,0.2563124,0.10012989
20260917,Bearing1_4,validation,69,0.5702479338842975,True,0.1827965572476387,0.22132285237312316,0.11119328662753106,0.21973458,0.26760077,0.10145279
20260917,Bearing1_4,validation,70,0.5785123966942148,True,0.18597892820835113,0.2277762159705162,0.11051553040742874,0.23305562,0.27546677,0.12098888
20260917,Bearing1_4,validation,71,0.5867768595041323,True,0.19377434104681016,0.23199687153100967,0.09575935825705528,0.19612257,0.2930362,0.091588624
20260917,Bearing1_4,validation,72,0.5950413223140496,True,0.20252478569746019,0.24231668561697006,0.10111983418464661,0.2256547,0.2486367,0.132995
20260917,Bearing1_4,validation,73,0.6033057851239669,True,0.20871507823467256,0.2536702364683151,0.10104033201932908,0.21720919,0.2836318,0.082416356
20260917,Bearing1_4,validation,74,0.6115702479338843,True,0.21856290251016616,0.2619481608271599,0.11162184700369834,0.27218527,0.2739577,0.2111515
20260917,Bearing1_4,validation,75,0.6198347107438017,True,0.2230016678571701,0.2748723283410072,0.11015323996543884,0.24396212,0.34373212,0.09212528
20260917,Bearing1_4,validation,76,0.628099173553719,True,0.2298704758286476,0.28110933005809785,0.1177522748708725,0.2742696,0.310402,0.17385362
20260917,Bearing1_4,validation,77,0.6363636363636364,True,0.23693209141492844,0.2899539887905121,0.12380531504750251,0.27391678,0.34676343,0.13135122
20260917,Bearing1_4,validation,78,0.6446280991735537,True,0.24313469976186752,0.2990904301404953,0.1259549453854561,0.27523655,0.3476768,0.12162619
20260917,Bearing1_4,validation,79,0.6528925619834711,True,0.25379869490861895,0.3072138488292694,0.13914720639586448,0.32637453,0.34883496,0.2333754
20260917,Bearing1_4,validation,80,0.6611570247933884,True,0.2842224821448326,0.32125864923000336,0.19137756675481796,0.5372935,0.41591477,0.6432925
20260917,Bearing1_4,validation,81,0.6694214876033058,True,0.32640968561172484,0.3606739521026611,0.22378939464688302,0.6179946,0.6871892,0.4157069
20260917,Bearing1_4,validation,82,0.6776859504132231,True,0.37042309194803236,0.4157680720090866,0.24512829706072808,0.66578877,0.7995779,0.34638402
20260917,Bearing1_4,validation,83,0.6859504132231405,True,0.43356008976697924,0.4740493088960648,0.2981762818992138,0.84857917,0.8664442,0.6128962
20260917,Bearing1_4,validation,84,0.6942148760330579,True,0.5059172138571739,0.5571661531925202,0.32941148057579994,0.9957565,1.1051261,0.5235035
20260917,Bearing1_4,validation,85,0.7024793388429752,True,0.5914566546678544,0.6531966388225555,0.36484411284327506,1.0993565,1.304037,0.4464516
20260917,Bearing1_4,validation,86,0.7107438016528925,True,0.6684525609016418,0.7670854181051254,0.36848587915301323,1.0442287,1.4492898,0.21027128
20260917,Bearing1_4,validation,87,0.71900826446281,True,0.7630466043949127,0.8708200484514237,0.4100497134029865,1.2198572,1.3841097,0.54698956
20260917,Bearing1_4,validation,88,0.7272727272727273,True,0.8659586668014526,0.9973314017057419,0.4353051945567131,1.3043572,1.6127903,0.374181
20260917,Bearing1_4,validation,89,0.7355371900826446,True,0.9831200361251831,1.1353852033615113,0.46383262425661087,1.4979882,1.729373,0.5186497
20260917,Bearing1_4,validation,90,0.743801652892562,True,1.0732057631015777,1.2928767800331116,0.4243827238678932,1.4381508,1.9908305,0.24879348
20260917,Bearing1_4,validation,91,0.7520661157024794,True,1.1431473255157472,1.4162737250328064,0.40951957553625107,1.3174102,1.9211587,0.26707542
20260917,Bearing1_4,validation,92,0.7603305785123967,True,1.2085019946098328,1.512513679265976,0.39766059815883636,1.3193355,1.7619774,0.22779424
20260917,Bearing1_4,validation,93,0.768595041322314,True,1.2510907411575318,1.6018153548240661,0.35512860119342804,1.2744666,1.7594609,0.18757623
20260917,Bearing1_4,validation,94,0.7768595041322314,True,1.2727620124816894,1.6611284017562866,0.3228384479880333,1.2124692,1.6982566,0.20060195
20260917,Bearing1_4,validation,95,0.7851239669421488,True,1.272840178012848,1.6917688727378846,0.29786649644374846,1.1001382,1.6104417,0.19673209
20260917,Bearing1_4,validation,96,0.7933884297520661,True,1.2766872882843017,1.693025028705597,0.3008612275123596,1.0826998,1.4618514,0.2402186
20260917,Bearing1_4,validation,97,0.8016528925619835,True,1.2660826802253724,1.698062264919281,0.2781952679157257,1.1138111,1.4344821,0.32032996
20260917,Bearing1_4,validation,98,0.8099173553719008,True,1.2465182900428773,1.6838669657707215,0.2664566785097122,1.1087133,1.4708374,0.2567951
20260917,Bearing1_4,validation,99,0.8181818181818182,True,1.203042495250702,1.6577566266059875,0.2345698133111,1.0632303,1.4682696,0.19978105
20260917,Bearing1_4,validation,100,0.8264462809917356,True,1.161418581008911,1.5992733836174011,0.23050764501094817,1.0219116,1.4059981,0.2081718
20260917,Bearing1_4,validation,101,0.8347107438016529,True,1.135024333000183,1.542319369316101,0.23536348342895508,1.0534678,1.3516185,0.3156338
20260917,Bearing1_4,validation,102,0.8429752066115702,True,1.1040883183479309,1.5053526163101196,0.23197467923164367,1.0099753,1.3923099,0.1939062
20260917,Bearing1_4,validation,103,0.8512396694214877,True,1.0708868503570557,1.4630802035331727,0.23025439232587813,0.94245195,1.3367368,0.17037337
20260917,Bearing1_4,validation,104,0.859504132231405,True,1.0503851890563964,1.4176635265350341,0.2482184499502182,1.0074526,1.2440898,0.38024253
20260917,Bearing1_4,validation,105,0.8677685950413223,True,1.0391524255275726,1.3893177509307861,0.251631061732769,0.98781055,1.3269839,0.2308582
20260917,Bearing1_4,validation,106,0.8760330578512396,True,1.0348542511463166,1.3734855890274047,0.26249760687351226,1.039718,1.3035297,0.34888405
20260917,Bearing1_4,validation,107,0.8842975206611571,True,1.0215046763420106,1.3670491456985474,0.24710430353879928,0.9803154,1.3701177,0.16639693
20260917,Bearing1_4,validation,108,0.8925619834710744,True,1.0019375324249267,1.3496537923812866,0.23859359323978424,0.91304183,1.2968838,0.171688
20260917,Bearing1_4,validation,109,0.9008264462809917,True,0.9967630743980408,1.3234432339668274,0.262215231359005,1.0114857,1.206164,0.43599743
20260917,Bearing1_4,validation,110,0.9090909090909091,True,0.992186325788498,1.3157761931419372,0.26366722136735915,0.97614413,1.3293277,0.2226917
20260917,Bearing1_4,validation,111,0.9173553719008265,True,0.9861103415489196,1.3094784379005433,0.2614311411976814,0.9927079,1.288641,0.293273
20260917,Bearing1_4,validation,112,0.9256198347107438,True,0.9843537509441376,1.3012580156326294,0.2684825599193573,0.9924094,1.3101057,0.2644204
20260917,Bearing1_4,validation,113,0.9338842975206612,True,0.9839677095413208,1.2984102010726928,0.27067932933568956,0.93859154,1.3082587,0.19234106
20260917,Bearing1_4,validation,114,0.9421487603305785,True,0.9721992909908295,1.297968292236328,0.2512891203165054,0.8897684,1.2396708,0.18634044
20260917,Bearing1_4,validation,115,0.9504132231404959,True,0.960921460390091,1.2826246738433837,0.2513223960995674,0.87503225,1.1735477,0.23119096
20260917,Bearing1_4,validation,116,0.9586776859504132,True,0.9453105926513672,1.2674369812011719,0.24432912319898606,0.88360935,1.1516528,0.27895132
20260917,Bearing1_4,validation,117,0.9669421487603306,True,0.9370281040668488,1.24647456407547,0.2567863941192627,0.8974905,1.1604935,0.29096964
20260917,Bearing1_4,validation,118,0.9752066115702479,True,0.9385149955749512,1.2346029162406922,0.27148464769124986,0.92791075,1.1781673,0.31867054
20260917,Bearing1_4,validation,119,0.9834710743801653,True,0.9212701082229614,1.23604873418808,0.2430188924074173,0.8390368,1.2206222,0.15133987
20260917,Bearing1_4,validation,120,0.9917355371900827,True,0.9214774429798126,1.2136172294616698,0.27249069064855574,0.9782175,1.1050127,0.5174097
20260917,Bearing1_4,validation,121,1.0,True,1.0112119913101196,1.2131317853927612,0.8038850262761116,1.8900534,1.2837865,5.6072164
20260917,Bearing1_5,holdout_test,0,0.0,False,,,,0.5810765,,
20260917,Bearing1_5,holdout_test,1,0.0196078431372549,False,,,,0.20918606,,
20260917,Bearing1_5,holdout_test,2,0.0392156862745098,False,,,,0.061740212,,
20260917,Bearing1_5,holdout_test,3,0.058823529411764705,False,,,,0.020386646,,
20260917,Bearing1_5,holdout_test,4,0.0784313725490196,False,,,,0.04124976,,
20260917,Bearing1_5,holdout_test,5,0.09803921568627451,False,,,,0.035976127,,
20260917,Bearing1_5,holdout_test,6,0.11764705882352941,False,,,,0.04309686,,
20260917,Bearing1_5,holdout_test,7,0.13725490196078433,False,,,,0.06631271,,
20260917,Bearing1_5,holdout_test,8,0.1568627450980392,False,,,,0.07836308,,
20260917,Bearing1_5,holdout_test,9,0.17647058823529413,False,,,,0.08545961,,
20260917,Bearing1_5,holdout_test,10,0.19607843137254902,False,,,,0.093979195,,
20260917,Bearing1_5,holdout_test,11,0.21568627450980393,False,,,,0.08587636,,
20260917,Bearing1_5,holdout_test,12,0.23529411764705882,False,,,,0.0978313,,
20260917,Bearing1_5,holdout_test,13,0.2549019607843137,False,,,,0.102965966,,
20260917,Bearing1_5,holdout_test,14,0.27450980392156865,False,,,,0.11093852,,
20260917,Bearing1_5,holdout_test,15,0.29411764705882354,False,0.09566082805395126,,,0.09566083,,
20260917,Bearing1_5,holdout_test,16,0.3137254901960784,False,0.09002431482076645,0.12343499809503555,0.3899475038051605,0.0843878,0.123435,0.3899475
20260917,Bearing1_5,holdout_test,17,0.3333333333333333,False,0.08515485127766927,0.11630155146121979,0.38020554184913635,0.075415924,0.109168105,0.37046358
20260917,Bearing1_5,holdout_test,18,0.35294117647058826,False,0.08046969957649708,0.10998789717753728,0.3710539738337199,0.066414244,0.09736059,0.35275084
20260917,Bearing1_5,holdout_test,19,0.37254901960784315,False,0.0771930068731308,0.10346284694969654,0.36969994008541107,0.064086236,0.083887696,0.36563784
20260917,Bearing1_5,holdout_test,20,0.39215686274509803,False,0.0788663017253081,0.0992773488163948,0.38886240124702454,0.087232776,0.08253536,0.46551225
20260917,Bearing1_5,holdout_test,21,0.4117647058823529,False,0.0800748925123896,0.10147714118162791,0.3943927735090256,0.08732644,0.1124761,0.42204463
20260917,Bearing1_5,holdout_test,22,0.43137254901960786,False,0.08240867499262094,0.10319589823484421,0.4047446165766035,0.09874515,0.11350844,0.46685567
20260917,Bearing1_5,holdout_test,23,0.45098039215686275,False,0.0838703562815984,0.10626771580427885,0.408234678208828,0.09556381,0.12777044,0.4326651
20260917,Bearing1_5,holdout_test,24,0.47058823529411764,False,0.085564623773098,0.1082251328561041,0.41425911916626823,0.10081303,0.12388447,0.46245465
20260917,Bearing1_5,holdout_test,25,0.49019607843137253,True,0.08693224638700485,0.11049497798085213,0.4216871738433838,0.109337054,0.13092358,0.48853967
20260917,Bearing1_5,holdout_test,26,0.5098039215686274,True,0.08989770188927651,0.11228177845478057,0.43174326717853545,0.11404236,0.141303,0.49050844
20260917,Bearing1_5,holdout_test,27,0.5294117647058824,True,0.09128067269921303,0.11622180715203285,0.43242495954036714,0.08924563,0.14856839,0.3772805
20260917,Bearing1_5,holdout_test,28,0.5490196078431373,True,0.09304089471697807,0.11808126047253609,0.43743635416030885,0.084016465,0.11595512,0.40286478
20260917,Bearing1_5,holdout_test,29,0.5686274509803921,True,0.0918382067233324,0.12059184610843658,0.4291131168603897,0.052059356,0.10899355,0.28240547
20260917,Bearing1_5,holdout_test,30,0.5882352941176471,True,0.08715560138225556,0.1188481330871582,0.4117966413497925,0.040406723,0.065098226,0.2923475
20260917,Bearing1_5,holdout_test,31,0.6078431372549019,True,0.08179237507283688,0.11226391978561878,0.3988253027200699,0.033694174,0.04663397,0.29233125
20260917,Bearing1_5,holdout_test,32,0.6274509803921569,True,0.07481628712266683,0.10460678711533547,0.3799795746803284,0.028984273,0.036937114,0.2783984
20260917,Bearing1_5,holdout_test,33,0.6470588235294118,True,0.0720093360170722,0.09454175736755133,0.34833228811621664,0.067494296,0.027120141,0.116192244
20260917,Bearing1_5,holdout_test,34,0.6666666666666666,True,0.08963224198669195,0.08957321997731924,0.3527649216353893,0.2770421,0.074199095,0.506781
20260917,Bearing1_5,holdout_test,35,0.6862745098039216,True,0.1280598459765315,0.11087016966193915,0.3680120430886745,0.4936131,0.34389308,0.6410109
20260917,Bearing1_5,holdout_test,36,0.7058823529411765,True,0.19759080838412046,0.15937904622405769,0.4082535468041897,0.809352,0.62639177,0.8929235
20260917,Bearing1_5,holdout_test,37,0.7254901960784313,True,0.2993795840069652,0.24872262980788945,0.45400677248835564,1.1071334,1.0420042,0.83481276
20260917,Bearing1_5,holdout_test,38,0.7450980392156863,True,0.4236660188063979,0.38157329987734556,0.47450428232550623,1.3268808,1.4444618,0.6078399
20260917,Bearing1_5,holdout_test,39,0.7647058823529411,True,0.5966261746361852,0.5458439012989402,0.5448483996093273,1.7816609,1.7516996,0.98584664
20260917,Bearing1_5,holdout_test,40,0.7843137254901961,True,0.8107928140088916,0.7761017283424735,0.5925248615443707,2.182073,2.3676765,0.7691121
20260917,Bearing1_5,holdout_test,41,0.803921568627451,True,1.0607635216787457,1.064490790106356,0.6183126889169216,2.5334013,2.9305246,0.5502095
20260917,Bearing1_5,holdout_test,42,0.8235294117647058,True,1.3373295776546001,1.4040800167247653,0.6201329223811627,2.7946448,3.4328294,0.29660073
20260917,Bearing1_5,holdout_test,43,0.8431372549019608,True,1.6268185943365097,1.782544593513012,0.6294961169362068,2.9623845,3.811766,0.20982419
20260917,Bearing1_5,holdout_test,44,0.8627450980392157,True,1.9060936599969864,2.1810519605875016,0.6165705814957618,3.0697927,4.059273,0.37752563
20260917,Bearing1_5,holdout_test,45,0.8823529411764706,True,2.171699196100235,2.5687170386314393,0.6023087665438652,3.1496685,4.220544,0.49839273
20260917,Bearing1_5,holdout_test,46,0.9019607843137255,True,2.411616826057434,2.94013090133667,0.5725473567843438,3.2085283,4.3405304,0.5953094
20260917,Bearing1_5,holdout_test,47,0.9215686274509803,True,2.625903511047363,3.278868091106415,0.5564713642001152,3.2500002,4.429376,0.67405283
20260917,Bearing1_5,holdout_test,48,0.9411764705882353,True,2.821570670604706,3.5836425185203553,0.5675129398703576,3.2835524,4.492206,0.71825564
20260917,Bearing1_5,holdout_test,49,0.9607843137254902,True,2.974129319190979,3.862726616859436,0.5449714288115501,3.3072474,4.5425406,0.7604315
20260917,Bearing1_5,holdout_test,50,0.9803921568627451,True,3.0901215791702272,4.083804416656494,0.5425920709967613,3.3419957,4.5784545,0.74531853
20260917,Bearing1_5,holdout_test,51,1.0,True,3.174279975891113,4.253731894493103,0.5639375075697899,3.3749852,4.6297994,0.7636639
20260918,Bearing1_1,train,0,0.0,False,,,,0.6625332,,
20260918,Bearing1_1,train,1,0.00819672131147541,False,,,,0.39346328,,
20260918,Bearing1_1,train,2,0.01639344262295082,False,,,,0.33724186,,
20260918,Bearing1_1,train,3,0.02459016393442623,False,,,,0.30661035,,
20260918,Bearing1_1,train,4,0.03278688524590164,False,,,,0.22835886,,
20260918,Bearing1_1,train,5,0.040983606557377046,False,,,,0.1619521,,
20260918,Bearing1_1,train,6,0.04918032786885246,False,,,,0.10644888,,
20260918,Bearing1_1,train,7,0.05737704918032787,False,,,,0.096218035,,
20260918,Bearing1_1,train,8,0.06557377049180328,False,,,,0.08538659,,
20260918,Bearing1_1,train,9,0.07377049180327869,False,,,,0.1103036,,
20260918,Bearing1_1,train,10,0.08196721311475409,False,,,,0.16094577,,
20260918,Bearing1_1,train,11,0.09016393442622951,False,,,,0.31836373,,
20260918,Bearing1_1,train,12,0.09836065573770492,False,,,,0.3564182,,
20260918,Bearing1_1,train,13,0.10655737704918032,False,,,,0.42988122,,
20260918,Bearing1_1,train,14,0.11475409836065574,False,,,,0.3952337,,
20260918,Bearing1_1,train,15,0.12295081967213115,False,0.4370426535606384,,,0.43704265,,
20260918,Bearing1_1,train,16,0.13114754098360656,False,0.4569184184074402,0.49677199125289917,0.16030772030353546,0.47679418,0.496772,0.16030772
20260918,Bearing1_1,train,17,0.13934426229508196,False,0.4916145404179891,0.5224583745002747,0.21364765614271164,0.5610068,0.54814476,0.2669876
20260918,Bearing1_1,train,18,0.14754098360655737,False,0.5038029849529266,0.5674193302790324,0.1731356978416443,0.5403683,0.65734124,0.09211178
20260918,Bearing1_1,train,19,0.1557377049180328,False,0.5157762765884399,0.583239957690239,0.17001429945230484,0.56366944,0.63070184,0.1606501
20260918,Bearing1_1,train,20,0.16393442622950818,False,0.5235463480154673,0.5982506752014161,0.16264217495918273,0.5623967,0.65829355,0.13315368
20260918,Bearing1_1,train,21,0.1721311475409836,False,0.5507913827896118,0.6081547240416209,0.20849828918774924,0.7142616,0.65767497,0.43777886
20260918,Bearing1_1,train,22,0.18032786885245902,False,0.5504783615469933,0.6439759135246277,0.21142684987613133,0.5482872,0.85890305,0.22899821
20260918,Bearing1_1,train,23,0.1885245901639344,False,0.5642725427945455,0.6436198130249977,0.23266121372580528,0.674626,0.6411271,0.38130176
20260918,Bearing1_1,train,24,0.19672131147540983,False,0.586185199022293,0.661354766951667,0.2469848228825463,0.7833991,0.8032344,0.3615737
20260918,Bearing1_1,train,25,0.20491803278688525,True,0.6162163436412811,0.6901080667972564,0.23234945088624953,0.7373541,0.94888777,0.1006311
20260918,Bearing1_1,train,26,0.21311475409836064,True,0.6422164678573609,0.7287022352218628,0.23421763479709626,0.7367954,0.8827137,0.17898956
20260918,Bearing1_1,train,27,0.22131147540983606,True,0.6798167526721954,0.761886727809906,0.26190894842147827,0.93700963,0.8799897,0.5439007
20260918,Bearing1_1,train,28,0.22950819672131148,True,0.7066125631332397,0.8114035487174988,0.2695655137300491,0.8083264,1.1525095,0.16867743
20260918,Bearing1_1,train,29,0.23770491803278687,True,0.7364569365978241,0.8461287200450898,0.28209256529808047,0.8621132,0.97795355,0.28592062
20260918,Bearing1_1,train,30,0.2459016393442623,True,0.7760935306549073,0.8851217985153198,0.30609091818332673,0.95876265,1.0482243,0.3731372
20260918,Bearing1_1,train,31,0.2540983606557377,True,0.7991194367408753,0.9373549282550812,0.28046208024024966,0.94452065,1.1800063,0.18149048
20260918,Bearing1_1,train,32,0.26229508196721313,True,0.8278410136699677,0.9669657409191131,0.27059597671031954,0.835503,1.1550112,0.13033718
20260918,Bearing1_1,train,33,0.27049180327868855,True,0.8471828401088715,1.0028619587421417,0.25621412992477416,0.86804426,1.0000893,0.2374833
20260918,Bearing1_1,train,34,0.2786885245901639,True,0.8767332613468171,1.0268409490585326,0.2789690852165222,1.0789033,1.0430243,0.58912325
20260918,Bearing1_1,train,35,0.28688524590163933,True,0.9181358695030213,1.0666140377521516,0.30468043833971026,1.1513802,1.3466187,0.35774463
20260918,Bearing1_1,train,36,0.29508196721311475,True,0.9358573317527771,1.1240114867687225,0.3217240497469902,0.91401005,1.4566882,0.34942567
20260918,Bearing1_1,train,37,0.30327868852459017,True,0.9486649930477142,1.1477776646614075,0.31651961952447893,1.0650862,1.1176515,0.49185643
20260918,Bearing1_1,train,38,0.3114754098360656,True,0.9649812340736389,1.1653584122657776,0.31281948238611224,0.97148883,1.3283169,0.13167606
20260918,Bearing1_1,train,39,0.319672131147541,True,0.9714896440505981,1.1863680601119995,0.299379988014698,0.9271973,1.18805,0.15152568
20260918,Bearing1_1,train,40,0.32786885245901637,True,0.995613431930542,1.1937891483306884,0.3342749997973442,1.2000005,1.1224352,0.7220873
20260918,Bearing1_1,train,41,0.3360655737704918,True,1.0038433611392974,1.2281201601028442,0.3421824470162392,1.02682,1.5233164,0.26056495
20260918,Bearing1_1,train,42,0.3442622950819672,True,1.0094215631484986,1.2401948690414428,0.3463974580168724,0.891285,1.2757583,0.17248729
20260918,Bearing1_1,train,43,0.3524590163934426,True,1.0014906585216523,1.247867226600647,0.33428565561771395,0.7887352,1.0768129,0.11636527
20260918,Bearing1_1,train,44,0.36065573770491804,True,1.0004199206829072,1.2367002427577973,0.3508011490106583,1.0681959,0.93135446,0.7542782
20260918,Bearing1_1,train,45,0.36885245901639346,True,0.9783142447471619,1.235669833421707,0.33441298454999924,0.9303234,1.3363146,0.19386299
20260918,Bearing1_1,train,46,0.3770491803278688,True,1.000872015953064,1.204179698228836,0.3576014503836632,1.1395878,1.1417868,0.58131033
20260918,Bearing1_1,train,47,0.38524590163934425,True,1.0005393385887147,1.2362714111804962,0.32682368010282514,1.0617595,1.4385686,0.18407872
20260918,Bearing1_1,train,48,0.39344262295081966,True,0.9905725240707397,1.236146193742752,0.33899288773536684,0.8718207,1.3270648,0.25336814
20260918,Bearing1_1,train,49,0.4016393442622951,True,0.9829789280891419,1.2227249681949615,0.3387988209724426,0.8512613,1.0538378,0.14958501
20260918,Bearing1_1,train,50,0.4098360655737705,True,0.960524958372116,1.2123014867305755,0.3079539716243744,0.9754608,1.0182004,0.41363883
20260918,Bearing1_1,train,51,0.4180327868852459,True,0.9434144914150238,1.1791200935840607,0.29882819652557374,0.8557153,1.1915025,0.1693072
20260918,Bearing1_1,train,52,0.4262295081967213,True,0.943563824892044,1.1547984421253203,0.30963613986968996,0.89277834,1.0325418,0.28056672
20260918,Bearing1_1,train,53,0.4344262295081967,True,0.9594615697860718,1.1555066764354707,0.32792350500822065,0.94771266,1.0838952,0.29923892
20260918,Bearing1_1,train,54,0.4426229508196721,True,0.9422462761402131,1.1784917712211609,0.2666380271315575,0.896043,1.1612054,0.1414234
20260918,Bearing1_1,train,55,0.45081967213114754,True,0.9455334067344665,1.1537776947021485,0.27842346727848055,0.9631947,1.0891738,0.3117174
20260918,Bearing1_1,train,56,0.45901639344262296,True,0.9356981635093689,1.157799196243286,0.2567137241363525,1.0412353,1.1820018,0.3642129
20260918,Bearing1_1,train,57,0.4672131147540984,True,0.9229641735553742,1.143498682975769,0.25365870743989943,0.9344196,1.2955635,0.15352856
20260918,Bearing1_1,train,58,0.47540983606557374,True,0.9301000654697418,1.1249931812286378,0.252302685379982,0.9431796,1.1420097,0.23980792
20260918,Bearing1_1,train,59,0.48360655737704916,True,0.9395490050315857,1.13477680683136,0.2604916304349899,0.9457507,1.151674,0.23147446
20260918,Bearing1_1,train,60,0.4918032786885246,True,0.9350403249263763,1.1485320925712585,0.23913137018680572,0.930374,1.1557533,0.20003623
20260918,Bearing1_1,train,61,0.5,True,0.9495706975460052,1.1425508618354798,0.25391740798950196,1.001019,1.1316901,0.31716758
20260918,Bearing1_1,train,62,0.5081967213114754,True,0.9473838329315185,1.1620654940605164,0.2435954049229622,0.8709097,1.2276881,0.17734669
20260918,Bearing1_1,train,63,0.5163934426229508,True,0.9362365126609802,1.1585099935531615,0.22699346989393235,0.83623946,1.0483402,0.13321957
20260918,Bearing1_1,train,64,0.5245901639344263,True,0.9530995428562165,1.1421296060085298,0.27609495371580123,1.0646733,0.99740154,0.63243824
20260918,Bearing1_1,train,65,0.5327868852459017,True,0.9623847424983978,1.1657849371433258,0.2668182566761971,1.0560467,1.3257271,0.21895042
20260918,Bearing1_1,train,66,0.5409836065573771,True,0.9751987636089325,1.179118949174881,0.2712907686829567,1.1693755,1.315342,0.40893802
20260918,Bearing1_1,train,67,0.5491803278688525,True,0.9975196480751037,1.1973019778728484,0.2746085628867149,1.1576284,1.4773937,0.1867065
20260918,Bearing1_1,train,68,0.5573770491803278,True,1.021399688720703,1.2284861505031586,0.2768320977687836,1.18198,1.4538515,0.26204327
20260918,Bearing1_1,train,69,0.5655737704918032,True,1.0543843984603882,1.2618930280208587,0.289227756857872,1.2755978,1.4857428,0.35543105
20260918,Bearing1_1,train,70,0.5737704918032787,True,1.1071937203407287,1.3085189163684845,0.31993245184421537,1.4584672,1.6220121,0.5070832
20260918,Bearing1_1,train,71,0.5819672131147541,True,1.1708933591842652,1.3856535732746125,0.33573253750801085,1.6380154,1.9030367,0.47516844
20260918,Bearing1_1,train,72,0.5901639344262295,True,1.2644705295562744,1.4817440807819366,0.3574433073401451,1.8066814,2.1885931,0.3944544
20260918,Bearing1_1,train,73,0.5983606557377049,True,1.3761273741722106,1.6223300874233246,0.37427094429731367,1.9528079,2.4542003,0.30149594
20260918,Bearing1_1,train,74,0.6065573770491803,True,1.4852676391601562,1.7910516619682313,0.34463694244623183,2.156076,2.6846173,0.33609822
20260918,Bearing1_1,train,75,0.6147540983606558,True,1.6249568939208985,1.9594385862350463,0.3664699837565422,2.4529393,3.0095963,0.43728083
20260918,Bearing1_1,train,76,0.6229508196721312,True,1.7594236731529236,2.1764284133911134,0.3594646528363228,2.5140433,3.4852402,0.3388847
20260918,Bearing1_1,train,77,0.6311475409836066,True,1.9248126029968262,2.387639343738556,0.37279600501060484,2.8115177,3.589503,0.32002002
20260918,Bearing1_1,train,78,0.639344262295082,True,2.131244695186615,2.647449958324432,0.45831914246082306,3.246301,4.0519576,1.1172746
20260918,Bearing1_1,train,79,0.6475409836065574,True,2.354172480106354,2.9698257565498354,0.4708310037851334,3.5048757,4.709501,0.48054966
20260918,Bearing1_1,train,80,0.6557377049180327,True,2.5753435015678408,3.318266212940216,0.4337156668305397,3.6701775,5.1064167,0.13592981
20260918,Bearing1_1,train,81,0.6639344262295082,True,2.789119744300842,3.6642621040344237,0.40156041383743285,3.7757778,5.3629956,0.1536159
20260918,Bearing1_1,train,82,0.6721311475409836,True,2.993027400970459,3.9982300996780396,0.3928890526294708,3.845758,5.528273,0.30774078
20260918,Bearing1_1,train,83,0.680327868852459,True,3.1877590656280517,4.316602635383606,0.39805625975131986,3.9001245,5.6379256,0.353168
20260918,Bearing1_1,train,84,0.6885245901639344,True,3.365879988670349,4.620371389389038,0.40773225128650664,3.9372852,5.722305,0.43285814
20260918,Bearing1_1,train,85,0.6967213114754098,True,3.5169747352600096,4.8973969459533695,0.41238308846950533,3.9638867,5.779852,0.4837892
20260918,Bearing1_1,train,86,0.7049180327868853,True,3.6637983560562133,5.130947279930115,0.431009915471077,3.9822795,5.8207436,0.525153
20260918,Bearing1_1,train,87,0.7131147540983607,True,3.7823997735977173,5.356896638870239,0.4524062961339951,3.997532,5.8489966,0.5339838
20260918,Bearing1_1,train,88,0.7213114754098361,True,3.858655023574829,5.538922071456909,0.3961363583803177,4.0088534,5.872212,0.55457526
20260918,Bearing1_1,train,89,0.7295081967213115,True,3.9100452423095704,5.656906843185425,0.40383235812187196,4.018778,5.8893485,0.55750966
20260918,Bearing1_1,train,90,0.7377049180327869,True,3.945736360549927,5.736683416366577,0.4462521389126778,4.0270886,5.9041824,0.5601276
20260918,Bearing1_1,train,91,0.7459016393442623,True,3.971391296386719,5.792037534713745,0.48897445797920225,4.032327,5.916537,0.5808391
20260918,Bearing1_1,train,92,0.7540983606557377,True,3.9906875610351564,5.831635475158691,0.5147980064153671,4.0387206,5.9242525,0.56597626
20260918,Bearing1_1,train,93,0.7622950819672131,True,4.00508131980896,5.8612141609191895,0.5360828012228012,4.044062,5.9337125,0.56601596
20260918,Bearing1_1,train,94,0.7704918032786885,True,4.016170763969422,5.883142423629761,0.5500041902065277,4.0481796,5.9415874,0.572072
20260918,Bearing1_1,train,95,0.7786885245901639,True,4.02498733997345,5.899922037124634,0.5586568951606751,4.0520525,5.947648,0.57031626
20260918,Bearing1_1,train,96,0.7868852459016393,True,4.032278108596802,5.913166761398315,0.5635252356529236,4.055187,5.953191,0.5738364
20260918,Bearing1_1,train,97,0.7950819672131147,True,4.03852334022522,5.9240490913391115,0.5656050562858581,4.059984,5.95782,0.55478203
20260918,Bearing1_1,train,98,0.8032786885245902,True,4.043846702575683,5.933316993713379,0.5678779304027557,4.062087,5.964891,0.577304
20260918,Bearing1_1,train,99,0.8114754098360656,True,4.048446178436279,5.9411759853363035,0.5687411487102508,4.0647726,5.9679384,0.56614184
20260918,Bearing1_1,train,100,0.819672131147541,True,4.052295255661011,5.947944498062133,0.5707336604595185,4.0655794,5.9718676,0.58005273
20260918,Bearing1_1,train,101,0.8278688524590164,True,4.055822324752808,5.953595447540283,0.5697806417942047,4.067598,5.9730463,0.5713089
20260918,Bearing1_1,train,102,0.8360655737704918,True,4.058901643753051,5.958760595321655,0.5701230347156525,4.069514,5.975904,0.5694002
20260918,Bearing1_1,train,103,0.8442622950819673,True,4.061669635772705,5.963259649276734,0.5698832750320435,4.071742,5.978703,0.56361836
20260918,Bearing1_1,train,104,0.8524590163934426,True,4.064140176773071,5.967294359207154,0.5696527779102325,4.072885,5.9819345,0.56976706
20260918,Bearing1_1,train,105,0.860655737704918,True,4.06635217666626,5.9708935737609865,0.5693638861179352,4.0741725,5.98364,0.56742734
20260918,Bearing1_1,train,106,0.8688524590163934,True,4.068251132965088,5.97412075996399,0.5696598947048187,4.074177,5.9854627,0.5767965
20260918,Bearing1_1,train,107,0.8770491803278688,True,4.06978588104248,5.976882076263427,0.5707372903823853,4.0753317,5.985433,0.565556
20260918,Bearing1_1,train,108,0.8852459016393442,True,4.071087074279785,5.979106187820435,0.5708884835243225,4.075099,5.987132,0.57881594
20260918,Bearing1_1,train,109,0.8934426229508197,True,4.07231969833374,5.980990791320801,0.5703048527240753,4.077099,5.9867845,0.56030554
20260918,Bearing1_1,train,110,0.9016393442622951,True,4.073655605316162,5.982776355743408,0.5683479607105255,4.0789385,5.989723,0.5604838
20260918,Bearing1_1,train,111,0.9098360655737705,True,4.074922227859497,5.9847057342529295,0.5675061702728271,4.080264,5.99234,0.562891
20260918,Bearing1_1,train,112,0.9180327868852459,True,4.076227807998658,5.986546230316162,0.565879487991333,4.0825696,5.994309,0.55313337
20260918,Bearing1_1,train,113,0.9262295081967213,True,4.077398347854614,5.988447570800782,0.5658319890499115,4.0834475,5.9977164,0.5631434
20260918,Bearing1_1,train,114,0.9344262295081968,True,4.078692007064819,5.99015531539917,0.563505494594574,4.0858216,5.999012,0.5465021
20260918,Bearing1_1,train,115,0.9426229508196722,True,4.080043697357178,5.992040920257568,0.5621066749095917,4.0876894,6.0024962,0.55343914
20260918,Bearing1_1,train,116,0.9508196721311475,True,4.0814496040344235,5.994022989273072,0.560440057516098,4.088236,6.0052834,0.5601303
20260918,Bearing1_1,train,117,0.9590163934426229,True,4.082700300216675,5.996093606948852,0.560589736700058,4.0878386,6.0061393,0.5670528
20260918,Bearing1_1,train,118,0.9672131147540983,True,4.084130525588989,5.997935676574707,0.5578162968158722,4.0894012,6.005553,0.55108154
20260918,Bearing1_1,train,119,0.9754098360655737,True,4.085483741760254,6.000042057037353,0.5571299374103547,4.090631,6.0078483,0.55344194
20260918,Bearing1_1,train,120,0.9836065573770492,True,4.086848211288452,6.002034044265747,0.5553227484226226,4.092583,6.009643,0.5424119
20260918,Bearing1_1,train,121,0.9918032786885246,True,4.088490533828735,6.004063892364502,0.5513388097286225,4.0966873,6.0126386,0.5230516
20260918,Bearing1_1,train,122,1.0,True,4.091077041625977,6.006507062911988,0.5425374060869217,4.1084347,6.0187407,0.46511933
20260918,Bearing1_2,train,0,0.0,False,,,,0.678612,,
20260918,Bearing1_2,train,1,0.00625,False,,,,0.20706046,,
20260918,Bearing1_2,train,2,0.0125,False,,,,0.046651945,,
20260918,Bearing1_2,train,3,0.01875,False,,,,0.057672314,,
20260918,Bearing1_2,train,4,0.025,False,,,,0.0780784,,
20260918,Bearing1_2,train,5,0.03125,False,,,,0.10051558,,
20260918,Bearing1_2,train,6,0.0375,False,,,,0.075975664,,
20260918,Bearing1_2,train,7,0.04375,False,,,,0.08071438,,
20260918,Bearing1_2,train,8,0.05,False,,,,0.09591335,,
20260918,Bearing1_2,train,9,0.05625,False,,,,0.07235058,,
20260918,Bearing1_2,train,10,0.0625,False,,,,0.07123747,,
20260918,Bearing1_2,train,11,0.06875,False,,,,0.07329309,,
20260918,Bearing1_2,train,12,0.075,False,,,,0.06875975,,
20260918,Bearing1_2,train,13,0.08125,False,,,,0.071267106,,
20260918,Bearing1_2,train,14,0.0875,False,,,,0.076600835,,
20260918,Bearing1_2,train,15,0.09375,False,0.08464041352272034,,,0.08464041,,
20260918,Bearing1_2,train,16,0.1,False,0.09880470857024193,0.0984012559056282,0.5432496666908264,0.112969,0.098401256,0.54324967
20260918,Bearing1_2,train,17,0.10625,False,0.10169446716705959,0.11795752122998238,0.5079678148031235,0.107473984,0.13751379,0.47268596
20260918,Bearing1_2,train,18,0.1125,False,0.10129651986062527,0.1220416600505511,0.48548946777979535,0.10010268,0.13020994,0.44053277
20260918,Bearing1_2,train,19,0.11875,False,0.10125529319047928,0.12005328387022018,0.4809016287326813,0.10109039,0.114088155,0.4671381
20260918,Bearing1_2,train,20,0.125,False,0.10419132808844249,0.11974093317985535,0.4921676516532898,0.1188715,0.11849153,0.53723174
20260918,Bearing1_2,train,21,0.13125,False,0.11221787120614733,0.12390049298604329,0.5192727049191793,0.16037713,0.14469829,0.654798
20260918,Bearing1_2,train,22,0.1375,False,0.11382244899868965,0.13473171847207205,0.5079644705568042,0.1250545,0.19971907,0.44011506
20260918,Bearing1_2,train,23,0.14375,False,0.11142339640193516,0.136513140052557,0.4921829216182232,0.092230976,0.14898309,0.38171208
20260918,Bearing1_2,train,24,0.15,False,0.10856065303087234,0.1320833381679323,0.4782813356982337,0.08279596,0.09664492,0.36706865
20260918,Bearing1_2,train,25,0.15625,True,0.10886614322662354,0.12594357132911682,0.4768631845712662,0.087695315,0.07068567,0.46409982
20260918,Bearing1_2,train,26,0.1625,True,0.10531709492206573,0.12539190277457238,0.45331828892230985,0.07747852,0.09288457,0.3078007
20260918,Bearing1_2,train,27,0.16875,True,0.10194398164749145,0.11679646074771881,0.450276055932045,0.07374285,0.051559366,0.44226363
20260918,Bearing1_2,train,28,0.175,True,0.10025551766157151,0.11081616207957268,0.4518120288848877,0.08321804,0.07040695,0.4558925
20260918,Bearing1_2,train,29,0.18125,True,0.09899782836437225,0.10838833823800087,0.4494288921356201,0.08851349,0.08980992,0.44330674
20260918,Bearing1_2,train,30,0.1875,True,0.09509324580430985,0.10620091110467911,0.4306969106197357,0.07982568,0.09661726,0.34991193
20260918,Bearing1_2,train,31,0.19375,True,0.09730489104986191,0.09839294552803039,0.4506580770015717,0.18249358,0.066618636,0.85440964
20260918,Bearing1_2,train,32,0.2,True,0.10782938301563263,0.10119317322969437,0.4872878283262253,0.23029941,0.22772135,0.8064126
20260918,Bearing1_2,train,33,0.20625,True,0.11607024520635605,0.11473139077425003,0.4994210869073868,0.1746396,0.28436527,0.50304466
20260918,Bearing1_2,train,34,0.2125,True,0.12003062590956688,0.12607697099447251,0.5009008079767228,0.12239977,0.21010073,0.38186586
20260918,Bearing1_2,train,35,0.21875,True,0.12154008522629738,0.1329273298382759,0.4962797909975052,0.10278991,0.13918926,0.41788965
20260918,Bearing1_2,train,36,0.225,True,0.12299728170037269,0.13508755564689637,0.48453365117311475,0.092050485,0.11448683,0.19033931
20260918,Bearing1_2,train,37,0.23125,True,0.13902331069111823,0.13545317873358725,0.46768583804368974,0.23400314,0.055215597,0.2737855
20260918,Bearing1_2,train,38,0.2375,True,0.1782693810760975,0.15265938639640808,0.4730212941765785,0.47567874,0.24246903,0.50924706
20260918,Bearing1_2,train,39,0.24375,True,0.21920303776860237,0.19883116856217384,0.4422826901078224,0.49785006,0.55152774,0.1359207
20260918,Bearing1_2,train,40,0.25,True,0.2737553149461746,0.24699031710624694,0.4424955382943153,0.62534845,0.57820874,0.3520404
20260918,Bearing1_2,train,41,0.25625,True,0.2914446875452995,0.3142497107386589,0.4043986514210701,0.3593873,0.7392126,0.47344077
20260918,Bearing1_2,train,42,0.2625,True,0.31342870444059373,0.33200002312660215,0.34624202847480773,0.45013958,0.40522447,0.22484635
20260918,Bearing1_2,train,43,0.26875,True,0.37009080350399015,0.354882749915123,0.3654031097888947,0.7412606,0.51319253,0.6946555
20260918,Bearing1_2,train,44,0.275,True,0.41491860821843146,0.42335716634988785,0.3509221524000168,0.5706778,0.8948449,0.23705629
20260918,Bearing1_2,train,45,0.28125,True,0.5268862999975681,0.47667001485824584,0.45951971113681794,1.2224668,0.67231774,1.5038652
20260918,Bearing1_2,train,46,0.2875,True,0.6825996026396751,0.6273121699690819,0.5359886214137077,1.6491835,1.6209084,0.9550284
20260918,Bearing1_2,train,47,0.29375,True,0.8223051697015762,0.848700724542141,0.5331014856696129,1.6310588,2.2691011,0.24491414
20260918,Bearing1_2,train,48,0.3,True,0.8789020389318466,1.0474797874689101,0.5868759140372276,1.0416474,2.2302597,1.0469913
20260918,Bearing1_2,train,49,0.30625,True,0.9546301335096359,1.125643327832222,0.6354114875197411,1.255131,1.3331631,0.62127644
20260918,Bearing1_2,train,50,0.3125,True,1.0713628381490707,1.2304454296827316,0.719067607820034,1.7926755,1.6262298,1.1886016
20260918,Bearing1_2,train,51,0.31875,True,1.2223907172679902,1.4028798729181289,0.6966729640960694,1.8696661,2.463557,0.24949433
20260918,Bearing1_2,train,52,0.325,True,1.3942718625068664,1.620679259300232,0.7280665829777717,2.168951,2.5832183,0.53878254
20260918,Bearing1_2,train,53,0.33125,True,1.5536339342594148,1.8741796374320985,0.6857383981347084,2.3348813,3.0481963,0.27137363
20260918,Bearing1_2,train,54,0.3375,True,1.7207598209381103,2.115730094909668,0.7121336922049523,2.2419367,3.3103495,0.5010092
20260918,Bearing1_2,train,55,0.34375,True,1.8587369322776794,2.3650591373443604,0.6171072289347649,2.602238,3.1656082,0.5536006
20260918,Bearing1_2,train,56,0.35,True,1.96599680185318,2.5749810099601746,0.5528699144721031,2.7217822,3.720127,0.31265527
20260918,Bearing1_2,train,57,0.35625,True,2.100394678115845,2.7389480233192445,0.5532767176628113,2.9750376,3.9087713,0.24898218
20260918,Bearing1_2,train,58,0.3625,True,2.3162124872207643,2.9458340048789977,0.4735637649893761,3.1998255,4.2991195,0.24986182
20260918,Bearing1_2,train,59,0.36875,True,2.5217222452163695,3.276955986022949,0.45652035921812056,3.3102286,4.644383,0.45084238
20260918,Bearing1_2,train,60,0.375,True,2.687252998352051,3.595968770980835,0.37574191838502885,3.447983,4.8163576,0.3808172
20260918,Bearing1_2,train,61,0.38125,True,2.8524144172668455,3.8522393465042115,0.4092478632926941,3.5212803,5.0262628,0.5845538
20260918,Bearing1_2,train,62,0.3875,True,3.0080283880233765,4.1077353954315186,0.4232012748718262,3.7250907,5.138179,0.67831665
20260918,Bearing1_2,train,63,0.39375,True,3.162138557434082,4.3469654560089115,0.47642095685005187,3.875983,5.440497,0.80357045
20260918,Bearing1_2,train,64,0.4,True,3.3364627838134764,4.582299137115479,0.4973606526851654,3.985179,5.6636863,0.7104062
20260918,Bearing1_2,train,65,0.40625,True,3.482131600379944,4.84838969707489,0.4747723489999771,4.058926,5.826514,0.32771757
20260918,Bearing1_2,train,66,0.4125,True,3.6220699071884157,5.070362162590027,0.4954915434122086,4.1211653,5.9398518,0.5198472
20260918,Bearing1_2,train,67,0.41875,True,3.741201090812683,5.282869529724121,0.5079572036862373,4.1663494,6.033845,0.37363878
20260918,Bearing1_2,train,68,0.425,True,3.841096878051758,5.463277339935303,0.5067638412117959,4.1987834,6.1031976,0.2379282
20260918,Bearing1_2,train,69,0.43125,True,3.9319097280502318,5.614221668243408,0.4714266173541546,4.218357,6.153826,0.09747014
20260918,Bearing1_2,train,70,0.4375,True,4.0110540866851805,5.751117134094239,0.4526389501988888,4.2394266,6.1853123,0.19294053
20260918,Bearing1_2,train,71,0.44375,True,4.083579874038696,5.870269441604615,0.40798844322562217,4.246538,6.217786,0.13804871
20260918,Bearing1_2,train,72,0.45,True,4.137160992622375,5.9794567108154295,0.35544551238417627,4.260902,6.2300515,0.15288734
20260918,Bearing1_2,train,73,0.45625,True,4.176757574081421,6.060596752166748,0.2887276984751225,4.271949,6.2518973,0.13639231
20260918,Bearing1_2,train,74,0.4625,True,4.206693506240844,6.121097373962402,0.23636870160698892,4.2845383,6.2686925,0.18681622
20260918,Bearing1_2,train,75,0.46875,True,4.2299152374267575,6.167181158065796,0.2171270214021206,4.2911434,6.2873516,0.13530077
20260918,Bearing1_2,train,76,0.475,True,4.247545433044434,6.2029496192932125,0.1795780636370182,4.297467,6.2975364,0.14435764
20260918,Bearing1_2,train,77,0.48125,True,4.261163902282715,6.230268573760986,0.1562536723911762,4.302534,6.3070345,0.14039487
20260918,Bearing1_2,train,78,0.4875,True,4.27236762046814,6.251409673690796,0.1517596997320652,4.3108206,6.3146086,0.19298847
20260918,Bearing1_2,train,79,0.49375,True,4.282020235061646,6.268681430816651,0.15618676245212554,4.314883,6.326544,0.14174077
20260918,Bearing1_2,train,80,0.5,True,4.290440559387207,6.2834124088287355,0.1615418955683708,4.32363,6.332622,0.24649186
20260918,Bearing1_2,train,81,0.50625,True,4.298849630355835,6.296138858795166,0.17110715210437774,4.330629,6.3450503,0.23370127
20260918,Bearing1_2,train,82,0.5125,True,4.3060657501220705,6.308639717102051,0.1716519072651863,4.333063,6.35506,0.1583349
20260918,Bearing1_2,train,83,0.51875,True,4.312506008148193,6.319335174560547,0.1757946640253067,4.3363514,6.358852,0.17781988
20260918,Bearing1_2,train,84,0.525,True,4.318202257156372,6.328836297988891,0.18058491349220276,4.3415008,6.3637037,0.23471871
20260918,Bearing1_2,train,85,0.53125,True,4.323368740081787,6.337197017669678,0.1836039826273918,4.3428082,6.370959,0.16549146
20260918,Bearing1_2,train,86,0.5375,True,4.328197050094604,6.344749164581299,0.1892114460468292,4.3457503,6.373058,0.20043227
20260918,Bearing1_2,train,87,0.54375,True,4.332700204849243,6.351766920089721,0.19382554143667222,4.3475657,6.377212,0.18653582
20260918,Bearing1_2,train,88,0.55,True,4.336290693283081,6.358285903930664,0.18873169869184495,4.3467255,6.3797984,0.14205004
20260918,Bearing1_2,train,89,0.55625,True,4.33969087600708,6.363502073287964,0.19340037256479264,4.348885,6.3787055,0.18842751
20260918,Bearing1_2,train,90,0.5625,True,4.342414903640747,6.368412160873413,0.18815484046936035,4.35087,6.381723,0.19403654
20260918,Bearing1_2,train,91,0.56875,True,4.3447624206542965,6.372359657287598,0.18770463317632674,4.354104,6.3845253,0.2291992
20260918,Bearing1_2,train,92,0.575,True,4.347106409072876,6.375759649276733,0.1942293256521225,4.356503,6.38906,0.22358182
20260918,Bearing1_2,train,93,0.58125,True,4.349456644058227,6.379123878479004,0.20231172442436218,4.3598537,6.392494,0.25864387
20260918,Bearing1_2,train,94,0.5875,True,4.351526308059692,6.382468271255493,0.20362510085105895,4.3621974,6.3971477,0.24785247
20260918,Bearing1_2,train,95,0.59375,True,4.3536652565002445,6.385418224334717,0.2121530443429947,4.3641977,6.4004583,0.2507709
20260918,Bearing1_2,train,96,0.6,True,4.355631589889526,6.388442182540894,0.2155522659420967,4.3654137,6.4032974,0.23442449
20260918,Bearing1_2,train,97,0.60625,True,4.3574888706207275,6.3912272453308105,0.21991988122463227,4.3661385,6.4050627,0.23021197
20260918,Bearing1_2,train,98,0.6125,True,4.359540557861328,6.393855953216553,0.22961262464523316,4.3672423,6.4060855,0.23897748
20260918,Bearing1_2,train,99,0.61875,True,4.361436033248902,6.3967529296875,0.23394658267498017,4.36784,6.4076753,0.23176709
20260918,Bearing1_2,train,100,0.625,True,4.363238859176636,6.399430513381958,0.23879994302988053,4.3688984,6.408499,0.24257015
20260918,Bearing1_2,train,101,0.63125,True,4.364876365661621,6.401979064941406,0.24228692501783372,4.370479,6.410011,0.26406902
20260918,Bearing1_2,train,102,0.6375,True,4.366455221176148,6.404292345046997,0.24779863208532332,4.3722916,6.412193,0.2786989
20260918,Bearing1_2,train,103,0.64375,True,4.367862510681152,6.406510591506958,0.25000573247671126,4.3739266,6.4146767,0.28071487
20260918,Bearing1_2,train,104,0.65,True,4.369149923324585,6.40849347114563,0.25331034809350966,4.3750715,6.4169765,0.28089863
20260918,Bearing1_2,train,105,0.65625,True,4.370277214050293,6.410301065444946,0.254412405192852,4.3754706,6.4185343,0.26179147
20260918,Bearing1_2,train,106,0.6625,True,4.371342182159424,6.411880922317505,0.25756352245807645,4.3760633,6.419096,0.26593566
20260918,Bearing1_2,train,107,0.66875,True,4.372388124465942,6.41337513923645,0.2616663485765457,4.376598,6.420005,0.27124023
20260918,Bearing1_2,train,108,0.675,True,4.373361825942993,6.414841270446777,0.26480053514242174,4.3769794,6.420747,0.27031934
20260918,Bearing1_2,train,109,0.68125,True,4.37428846359253,6.416197633743286,0.267999042570591,4.377106,6.421239,0.26375216
20260918,Bearing1_2,train,110,0.6875,True,4.375130224227905,6.417488718032837,0.27023584544658663,4.377316,6.4214096,0.26493818
20260918,Bearing1_2,train,111,0.69375,True,4.375782442092896,6.418657541275024,0.26914202570915224,4.3770013,6.421699,0.25313082
20260918,Bearing1_2,train,112,0.7,True,4.376266050338745,6.419561386108398,0.26687374114990237,4.3771276,6.4212313,0.25601605
20260918,Bearing1_2,train,113,0.70625,True,4.376536273956299,6.420241069793701,0.26302066892385484,4.376629,6.4214735,0.24218415
20260918,Bearing1_2,train,114,0.7125,True,4.376665449142456,6.420620536804199,0.25918810069561005,4.3763633,6.420771,0.24257295
20260918,Bearing1_2,train,115,0.71875,True,4.376774835586548,6.420809936523438,0.2584695637226105,4.3765645,6.4204283,0.2546061
20260918,Bearing1_2,train,116,0.725,True,4.376829957962036,6.420966768264771,0.2570568650960922,4.3766146,6.4206643,0.25180867
20260918,Bearing1_2,train,117,0.73125,True,4.3768393993377686,6.421034812927246,0.255382364988327,4.3766923,6.4206853,0.25449523
20260918,Bearing1_2,train,118,0.7375,True,4.376803827285767,6.421034336090088,0.25370536744594574,4.3766236,6.420742,0.25354937
20260918,Bearing1_2,train,119,0.74375,True,4.376784324645996,6.420971298217774,0.2537413090467453,4.376911,6.4206085,0.26411158
20260918,Bearing1_2,train,120,0.75,True,4.376751899719238,6.420926904678344,0.2533290505409241,4.3769917,6.4209657,0.2608156
20260918,Bearing1_2,train,121,0.75625,True,4.376799821853638,6.420860671997071,0.2555464327335358,4.3774805,6.4210367,0.27530465
20260918,Bearing1_2,train,122,0.7625,True,4.376912307739258,6.420903921127319,0.25762212872505186,4.3782525,6.4216638,0.276773
20260918,Bearing1_2,train,123,0.76875,True,4.37714204788208,6.4210399150848385,0.2619916632771492,4.3789263,6.4228334,0.2858795
20260918,Bearing1_2,train,124,0.775,True,4.377441501617431,6.421334934234619,0.266485384106636,4.379358,6.4237213,0.28751016
20260918,Bearing1_2,train,125,0.78125,True,4.377747344970703,6.4217170715332035,0.2709207236766815,4.379623,6.4242496,0.2989595
20260918,Bearing1_2,train,126,0.7875,True,4.378116226196289,6.422091102600097,0.2750993579626083,4.3803034,6.4244046,0.29359502
20260918,Bearing1_2,train,127,0.79375,True,4.37854790687561,6.422571325302124,0.2789286464452744,4.381009,6.4254875,0.29278812
20260918,Bearing1_2,train,128,0.8,True,4.379039764404297,6.423157739639282,0.28376829624176025,4.381542,6.426606,0.30194587
20260918,Bearing1_2,train,129,0.80625,True,4.379549121856689,6.423827362060547,0.2880606919527054,4.3820047,6.4273047,0.30703554
20260918,Bearing1_2,train,130,0.8125,True,4.380116939544678,6.424520635604859,0.2936480313539505,4.38267,6.4278984,0.31668898
20260918,Bearing1_2,train,131,0.81875,True,4.380676126480102,6.425294971466064,0.29790218472480773,4.3830724,6.42878,0.31784618
20260918,Bearing1_2,train,132,0.825,True,4.381194019317627,6.426055860519409,0.30213972330093386,4.3834314,6.4292727,0.3191484
20260918,Bearing1_2,train,133,0.83125,True,4.381709337234497,6.426745510101318,0.30650322437286376,4.3840795,6.42973,0.3295145
20260918,Bearing1_2,train,134,0.8375,True,4.382218217849731,6.427433347702026,0.30952379405498504,4.3844466,6.4305997,0.31771585
20260918,Bearing1_2,train,135,0.84375,True,4.382749795913696,6.428126192092895,0.3124042898416519,4.3849387,6.431178,0.32776445
20260918,Bearing1_2,train,136,0.85,True,4.383267259597778,6.428871822357178,0.31651178002357483,4.385478,6.431861,0.33466992
20260918,Bearing1_2,train,137,0.85625,True,4.383744573593139,6.429577970504761,0.31992585957050323,4.3857822,6.432549,0.3269289
20260918,Bearing1_2,train,138,0.8625,True,4.384194278717041,6.430220079421997,0.3226425379514694,4.3860393,6.4330273,0.32911265
20260918,Bearing1_2,train,139,0.86875,True,4.384606409072876,6.4308274269104,0.3242538273334503,4.386126,6.433378,0.32314843
20260918,Bearing1_2,train,140,0.875,True,4.384949445724487,6.43139066696167,0.32455972135066985,4.3861003,6.433531,0.31974792
20260918,Bearing1_2,train,141,0.88125,True,4.385238790512085,6.4318671226501465,0.3242819786071777,4.385966,6.4335446,0.31506875
20260918,Bearing1_2,train,142,0.8875,True,4.385483121871948,6.432278442382812,0.32403298914432527,4.3858747,6.433386,0.3166585
20260918,Bearing1_2,train,143,0.89375,True,4.385626649856567,6.4326330661773685,0.32180328369140626,4.3855147,6.433276,0.30721745
20260918,Bearing1_2,train,144,0.9,True,4.38572211265564,6.432853507995605,0.3209736943244934,4.3854012,6.432804,0.30941996
20260918,Bearing1_2,train,145,0.90625,True,4.385811901092529,6.433006429672242,0.3206325888633728,4.3858366,6.4327073,0.3243534
20260918,Bearing1_2,train,146,0.9125,True,4.385929298400879,6.433153200149536,0.32238872945308683,4.386652,6.4333286,0.35223132
20260918,Bearing1_2,train,147,0.91875,True,4.386123704910278,6.433331251144409,0.3260232895612717,4.3877263,6.4343295,0.3632745
20260918,Bearing1_2,train,148,0.925,True,4.386383199691773,6.433605337142945,0.33016856014728546,4.388634,6.435768,0.37056535
20260918,Bearing1_2,train,149,0.93125,True,4.386719703674316,6.433963680267334,0.33536045253276825,4.389491,6.4369617,0.37506735
20260918,Bearing1_2,train,150,0.9375,True,4.387127923965454,6.434422302246094,0.3416339308023453,4.3901825,6.438117,0.3824827
20260918,Bearing1_2,train,151,0.94375,True,4.387637042999268,6.434965944290161,0.34957700669765474,4.391057,6.438981,0.3944995
20260918,Bearing1_2,train,152,0.95,True,4.388222074508667,6.435641527175903,0.3573658227920532,4.391725,6.4401417,0.39454666
20260918,Bearing1_2,train,153,0.95625,True,4.388909769058228,6.4364183902740475,0.36637999415397643,4.3923917,6.441045,0.39735916
20260918,Bearing1_2,train,154,0.9625,True,4.389663791656494,6.437332963943481,0.375482103228569,4.3929415,6.44195,0.40044105
20260918,Bearing1_2,train,155,0.96875,True,4.390440464019775,6.438328742980957,0.38443733751773834,4.3936033,6.442665,0.41390574
20260918,Bearing1_2,train,156,0.975,True,4.391195249557495,6.439348268508911,0.39057796597480776,4.3942,6.443524,0.4136376
20260918,Bearing1_2,train,157,0.98125,True,4.391891670227051,6.440350866317749,0.3960611969232559,4.3946905,6.4443555,0.41810682
20260918,Bearing1_2,train,158,0.9875,True,4.392575645446778,6.441273212432861,0.4025664120912552,4.395474,6.4449916,0.4356175
20260918,Bearing1_2,train,159,0.99375,True,4.3932475566864015,6.442180252075195,0.40926959812641145,4.39621,6.446032,0.4420992
20260918,Bearing1_2,train,160,1.0,True,4.394043445587158,6.443068552017212,0.4218622952699661,4.3981414,6.447,0.5084097
20260918,Bearing1_3,train,0,0.0,False,,,,0.6694796,,
20260918,Bearing1_3,train,1,0.006369426751592357,False,,,,0.23103666,,
20260918,Bearing1_3,train,2,0.012738853503184714,False,,,,0.10529593,,
20260918,Bearing1_3,train,3,0.01910828025477707,False,,,,0.08305136,,
20260918,Bearing1_3,train,4,0.025477707006369428,False,,,,0.07832306,,
20260918,Bearing1_3,train,5,0.03184713375796178,False,,,,0.072565876,,
20260918,Bearing1_3,train,6,0.03821656050955414,False,,,,0.08878182,,
20260918,Bearing1_3,train,7,0.044585987261146494,False,,,,0.067124315,,
20260918,Bearing1_3,train,8,0.050955414012738856,False,,,,0.06895136,,
20260918,Bearing1_3,train,9,0.05732484076433121,False,,,,0.07955056,,
20260918,Bearing1_3,train,10,0.06369426751592357,False,,,,0.072336115,,
20260918,Bearing1_3,train,11,0.07006369426751592,False,,,,0.08297635,,
20260918,Bearing1_3,train,12,0.07643312101910828,False,,,,0.08205418,,
20260918,Bearing1_3,train,13,0.08280254777070063,False,,,,0.09503123,,
20260918,Bearing1_3,train,14,0.08917197452229299,False,,,,0.06899559,,
20260918,Bearing1_3,train,15,0.09554140127388536,False,0.07035765051841736,,,0.07035765,,
20260918,Bearing1_3,train,16,0.10191082802547771,False,0.07091252878308296,0.04218756780028343,0.33737507462501526,0.07146741,0.042187568,0.33737507
20260918,Bearing1_3,train,17,0.10828025477707007,False,0.07166626552740733,0.04248476028442383,0.32847960293293,0.07317374,0.042781953,0.31958413
20260918,Bearing1_3,train,18,0.11464968152866242,False,0.08143887855112553,0.04215639208753904,0.28670795261859894,0.11075672,0.041499656,0.20316465
20260918,Bearing1_3,train,19,0.12101910828025478,False,0.09091962426900864,0.05356667097657919,0.26773790642619133,0.1288426,0.08779751,0.21082777
20260918,Bearing1_3,train,20,0.12738853503184713,False,0.09903694316744804,0.06573250368237496,0.25424339175224303,0.13962354,0.114395835,0.20026533
20260918,Bearing1_3,train,21,0.1337579617834395,False,0.10379505902528763,0.07615437917411327,0.25071358929077786,0.13234375,0.12826376,0.23306458
20260918,Bearing1_3,train,22,0.14012738853503184,False,0.11140081007033587,0.08227930484073502,0.23863988050392695,0.16464107,0.11902886,0.16619763
20260918,Bearing1_3,train,23,0.1464968152866242,False,0.11879222012228435,0.09205119451507926,0.23007103987038136,0.1779235,0.16045442,0.17008916
20260918,Bearing1_3,train,24,0.15286624203821655,False,0.12093944177031517,0.10154695767495367,0.233311684595214,0.14026444,0.17751306,0.25923684
20260918,Bearing1_3,train,25,0.1592356687898089,True,0.12733829990029336,0.10454876981675625,0.23281431347131729,0.13434623,0.13156508,0.22833797
20260918,Bearing1_3,train,26,0.16560509554140126,True,0.1328194871544838,0.11252319738268853,0.22236115336418152,0.12627928,0.12193184,0.23284347
20260918,Bearing1_3,train,27,0.17197452229299362,True,0.13959175422787667,0.11959928981959819,0.20945796072483064,0.14089641,0.11354288,0.1905522
20260918,Bearing1_3,train,28,0.17834394904458598,True,0.14216959923505784,0.12868882566690446,0.21144052147865294,0.13653517,0.13239501,0.22299026
20260918,Bearing1_3,train,29,0.18471337579617833,True,0.1436679482460022,0.13267435878515244,0.21009164303541183,0.1438261,0.12765284,0.19733898
20260918,Bearing1_3,train,30,0.1910828025477707,True,0.14144661277532578,0.13496034368872642,0.216598841547966,0.11741018,0.13725568,0.26533732
20260918,Bearing1_3,train,31,0.19745222929936307,True,0.14235010743141174,0.1324557051062584,0.21236434280872346,0.1413787,0.10321737,0.19071959
20260918,Bearing1_3,train,32,0.20382165605095542,True,0.13885838091373442,0.13386343494057656,0.2189744845032692,0.1297238,0.13310616,0.23229904
20260918,Bearing1_3,train,33,0.21019108280254778,True,0.1312944084405899,0.12967263907194138,0.23014738410711288,0.102283776,0.11854646,0.28181815
20260918,Bearing1_3,train,34,0.21656050955414013,True,0.12660174146294595,0.12046373412013053,0.23116450756788254,0.09333777,0.08542401,0.26940808
20260918,Bearing1_3,train,35,0.2229299363057325,True,0.12348801121115685,0.1146413303911686,0.23194758743047714,0.10320893,0.07334104,0.23616877
20260918,Bearing1_3,train,36,0.22929936305732485,True,0.12171776667237282,0.11094064936041832,0.23140650242567062,0.108576834,0.08492503,0.22743262
20260918,Bearing1_3,train,37,0.2356687898089172,True,0.11484985500574112,0.10880439728498459,0.24697851985692978,0.07221729,0.09218036,0.34627238
20260918,Bearing1_3,train,38,0.24203821656050956,True,0.10749288871884347,0.10026702359318733,0.2569917917251587,0.062965505,0.047021277,0.32312298
20260918,Bearing1_3,train,39,0.2484076433121019,True,0.09862019829452037,0.09119493998587132,0.27229181081056597,0.055099193,0.036932003,0.35033917
20260918,Bearing1_3,train,40,0.25477707006369427,True,0.09328985549509525,0.08081852160394191,0.2754219904541969,0.064106755,0.0334915,0.2966391
20260918,Bearing1_3,train,41,0.2611464968152866,True,0.08720371834933757,0.07417642064392567,0.28173035979270933,0.08051733,0.03679636,0.25380328
20260918,Bearing1_3,train,42,0.267515923566879,True,0.08186603523790836,0.06621233634650707,0.28643162697553637,0.07634697,0.053465314,0.27931172
20260918,Bearing1_3,train,43,0.27388535031847133,True,0.07692825198173522,0.059491689503192904,0.295754112303257,0.052905943,0.051339995,0.375043
20260918,Bearing1_3,train,44,0.2802547770700637,True,0.07434871196746826,0.05415713973343372,0.2954634800553322,0.06754237,0.032078516,0.26650175
20260918,Bearing1_3,train,45,0.28662420382165604,True,0.07019941546022893,0.05092785134911537,0.3034726932644844,0.061715964,0.041048158,0.3162609
20260918,Bearing1_3,train,46,0.2929936305732484,True,0.06580021716654301,0.045944975689053535,0.311820787191391,0.06458485,0.035096277,0.31091356
20260918,Bearing1_3,train,47,0.29936305732484075,True,0.06545899324119091,0.04044051319360733,0.3051282733678818,0.068805054,0.03713573,0.27934724
20260918,Bearing1_3,train,48,0.3057324840764331,True,0.06659594886004924,0.04001538529992103,0.3006484001874924,0.07433506,0.04277,0.27832425
20260918,Bearing1_3,train,49,0.31210191082802546,True,0.07173947468400002,0.041101064160466196,0.28609369546175,0.10653445,0.04778879,0.20479213
20260918,Bearing1_3,train,50,0.3184713375796178,True,0.07280462756752967,0.04657746367156505,0.2887757048010826,0.074758284,0.088255495,0.3234592
20260918,Bearing1_3,train,51,0.3248407643312102,True,0.07139418050646781,0.04802549108862877,0.2948420837521553,0.06641286,0.051276635,0.31446707
20260918,Bearing1_3,train,52,0.33121019108280253,True,0.06905895955860615,0.04671589247882366,0.30576124638319013,0.05299476,0.040369328,0.38850334
20260918,Bearing1_3,train,53,0.3375796178343949,True,0.06933692842721939,0.04537598229944706,0.30243105441331863,0.055685632,0.037940893,0.34174109
20260918,Bearing1_3,train,54,0.34394904458598724,True,0.06816686205565929,0.04629937820136547,0.30997928231954575,0.055841703,0.041312475,0.34198403
20260918,Bearing1_3,train,55,0.3503184713375796,True,0.06794354245066643,0.04638487845659256,0.3096322908997536,0.05948277,0.04190316,0.312791
20260918,Bearing1_3,train,56,0.35668789808917195,True,0.0672459602355957,0.04668186865746975,0.3172984555363655,0.05760903,0.03806618,0.3875752
20260918,Bearing1_3,train,57,0.3630573248407643,True,0.06645410358905793,0.04823703169822693,0.32099399715662,0.060886487,0.05268736,0.31630266
20260918,Bearing1_3,train,58,0.36942675159235666,True,0.07160054668784141,0.04806424491107464,0.31238479912281036,0.12579949,0.04104213,0.19223227
20260918,Bearing1_3,train,59,0.37579617834394907,True,0.08002156391739845,0.05420232005417347,0.30677550584077834,0.19074462,0.10916954,0.1486992
20260918,Bearing1_3,train,60,0.3821656050955414,True,0.09920124560594559,0.06478707529604436,0.29032630026340484,0.2665551,0.19410305,0.15896715
20260918,Bearing1_3,train,61,0.3885350318471338,True,0.11518532559275627,0.0885796718299389,0.27628917098045347,0.22625366,0.2892026,0.17409578
20260918,Bearing1_3,train,62,0.39490445859872614,True,0.13606633432209492,0.10866837315261364,0.24928437024354935,0.26180485,0.24125634,0.118455335
20260918,Bearing1_3,train,63,0.4012738853503185,True,0.15769809149205685,0.1333000250160694,0.226495261490345,0.2720032,0.2842574,0.11385
20260918,Bearing1_3,train,64,0.40764331210191085,True,0.17569866105914117,0.15897359736263753,0.20831242054700852,0.2358474,0.2980482,0.16015562
20260918,Bearing1_3,train,65,0.4140127388535032,True,0.1920847363770008,0.1802485104650259,0.1922382026910782,0.22334352,0.2546523,0.15204881
20260918,Bearing1_3,train,66,0.42038216560509556,True,0.2151603251695633,0.2002337884157896,0.16875045597553254,0.28836492,0.23791896,0.15269774
20260918,Bearing1_3,train,67,0.4267515923566879,True,0.24114249497652054,0.22665994726121425,0.1489134557545185,0.3207082,0.31694895,0.117932655
20260918,Bearing1_3,train,68,0.43312101910828027,True,0.2610930413007736,0.2583242729306221,0.14038837775588037,0.32530496,0.3576854,0.106981486
20260918,Bearing1_3,train,69,0.4394904458598726,True,0.276152266561985,0.2837962552905083,0.13576211258769036,0.34133688,0.36388937,0.10243654
20260918,Bearing1_3,train,70,0.445859872611465,True,0.28294861167669294,0.30271280109882354,0.12859476655721663,0.33451855,0.3832685,0.08729369
20260918,Bearing1_3,train,71,0.45222929936305734,True,0.3043864890933037,0.31116909086704253,0.13787804692983627,0.44063243,0.3737655,0.26692858
20260918,Bearing1_3,train,72,0.4585987261146497,True,0.3328168883919716,0.33767660707235336,0.15562463104724883,0.54610884,0.5063315,0.29592118
20260918,Bearing1_3,train,73,0.46496815286624205,True,0.3599351689219475,0.3733708068728447,0.15493036955595016,0.543186,0.6411994,0.10690738
20260918,Bearing1_3,train,74,0.4713375796178344,True,0.39549757838249205,0.40714081376791,0.15934509485960008,0.5914715,0.63574827,0.20430288
20260918,Bearing1_3,train,75,0.47770700636942676,True,0.43485918939113616,0.45117876678705215,0.16234618723392485,0.61695963,0.6950318,0.18205974
20260918,Bearing1_3,train,76,0.4840764331210191,True,0.4716204941272736,0.5000010937452316,0.16848340928554534,0.65597796,0.7261422,0.21406996
20260918,Bearing1_3,train,77,0.49044585987261147,True,0.508861568570137,0.546117153763771,0.17783839479088784,0.69311893,0.77810955,0.21148251
20260918,Bearing1_3,train,78,0.4968152866242038,True,0.5501817166805267,0.5927501767873764,0.19087215140461922,0.73850644,0.8240156,0.23731905
20260918,Bearing1_3,train,79,0.5031847133757962,True,0.584865739941597,0.6445980787277221,0.19193186461925507,0.6881771,0.8823684,0.113033675
20260918,Bearing1_3,train,80,0.5095541401273885,True,0.6265868514776229,0.6879233390092849,0.21001356467604637,0.75172967,0.8165211,0.2681107
20260918,Bearing1_3,train,81,0.5159235668789809,True,0.6574259221553802,0.7403832733631134,0.2000684104859829,0.74902314,0.89836484,0.16747704
20260918,Bearing1_3,train,82,0.5222929936305732,True,0.6830472886562348,0.7791820108890534,0.19638899490237235,0.8023225,0.8943189,0.25912702
20260918,Bearing1_3,train,83,0.5286624203821656,True,0.7135559380054474,0.811483633518219,0.2114958293735981,0.8482725,0.96421564,0.25797573
20260918,Bearing1_3,train,84,0.535031847133758,True,0.7393272638320922,0.8504306674003601,0.2101256601512432,0.84918475,1.0252186,0.19060118
20260918,Bearing1_3,train,85,0.5414012738853503,True,0.7633870661258697,0.8834546864032745,0.2126629061996937,0.85755765,1.025272,0.2074322
20260918,Bearing1_3,train,86,0.5477707006369427,True,0.7770867705345154,0.9144389390945434,0.20385185107588769,0.792975,1.0359848,0.12595941
20260918,Bearing1_3,train,87,0.554140127388535,True,0.7949170112609864,0.9314253687858581,0.21377203837037087,0.87142134,0.94797385,0.31068438
20260918,Bearing1_3,train,88,0.5605095541401274,True,0.8167604148387909,0.9542340040206909,0.2241087205708027,0.9569405,1.052102,0.34068587
20260918,Bearing1_3,train,89,0.5668789808917197,True,0.8453091025352478,0.9831533372402191,0.23519875556230546,0.973664,1.1715617,0.22393402
20260918,Bearing1_3,train,90,0.5732484076433121,True,0.8681082129478455,1.0209226250648498,0.23014626204967498,0.9797208,1.194214,0.21758576
20260918,Bearing1_3,train,91,0.5796178343949044,True,0.9227026760578155,1.0511023104190826,0.291909271478653,1.2949678,1.2001617,0.78510714
20260918,Bearing1_3,train,92,0.5859872611464968,True,0.9792469918727875,1.127607035636902,0.2990481108427048,1.3677657,1.6593661,0.3305154
20260918,Bearing1_3,train,93,0.5923566878980892,True,1.0458565711975099,1.207860028743744,0.31588828265666963,1.5143683,1.7667456,0.42637745
20260918,Bearing1_3,train,94,0.5987261146496815,True,1.1168322324752809,1.3038377165794373,0.322964246571064,1.5589414,1.9849955,0.26136082
20260918,Bearing1_3,train,95,0.6050955414012739,True,1.197873044013977,1.406142497062683,0.3331641137599945,1.6679658,2.0483198,0.30943087
20260918,Bearing1_3,train,96,0.6114649681528662,True,1.2834093630313874,1.5236487150192262,0.34116795361042024,1.6483382,2.211047,0.20599781
20260918,Bearing1_3,train,97,0.6178343949044586,True,1.3568439662456513,1.6464910864830018,0.32988726943731306,1.6057674,2.1763976,0.19787754
20260918,Bearing1_3,train,98,0.6242038216560509,True,1.4315261363983154,1.7518420934677124,0.32613121122121813,1.7037622,2.105612,0.3031253
20260918,Bearing1_3,train,99,0.6305732484076433,True,1.5083586871623993,1.8603888273239135,0.32612183690071106,1.7419895,2.257029,0.22384028
20260918,Bearing1_3,train,100,0.6369426751592356,True,1.5896677136421205,1.9727577567100525,0.32732231765985487,1.792811,2.3179033,0.22959056
20260918,Bearing1_3,train,101,0.643312101910828,True,1.6451404452323914,2.092799127101898,0.27120829522609713,1.8496951,2.4005754,0.22396691
20260918,Bearing1_3,train,102,0.6496815286624203,True,1.703729224205017,2.176019036769867,0.26297308802604674,1.9536535,2.4915652,0.24816334
20260918,Bearing1_3,train,103,0.6560509554140127,True,1.7503492712974549,2.2654570937156677,0.2422293171286583,1.9805688,2.6611261,0.21893974
20260918,Bearing1_3,train,104,0.6624203821656051,True,1.7982825875282287,2.3379650831222536,0.23576636016368865,2.0382745,2.7100754,0.19673125
20260918,Bearing1_3,train,105,0.6687898089171974,True,1.8424232244491576,2.413603687286377,0.22521487325429917,2.1093721,2.8047059,0.203916
20260918,Bearing1_3,train,106,0.6751592356687898,True,1.895009171962738,2.4846832275390627,0.22299056500196457,2.1741977,2.9218423,0.18375473
20260918,Bearing1_3,train,107,0.6815286624203821,True,1.9648062705993652,2.56989426612854,0.22099401205778121,2.3037384,3.028508,0.17791201
20260918,Bearing1_3,train,108,0.6878980891719745,True,2.0252244591712953,2.683356595039368,0.22134988456964494,2.307944,3.2402353,0.30668402
20260918,Bearing1_3,train,109,0.6942675159235668,True,2.0906678676605224,2.7829081773757935,0.21696012169122697,2.3964236,3.2525449,0.17994265
20260918,Bearing1_3,train,110,0.7006369426751592,True,2.1593739867210386,2.8905473709106446,0.2160433053970337,2.4798722,3.3942952,0.2204224
20260918,Bearing1_3,train,111,0.7070063694267515,True,2.211610293388367,3.003441047668457,0.25076800435781477,2.3720582,3.5295122,0.5712139
20260918,Bearing1_3,train,112,0.7133757961783439,True,2.2616314053535462,3.0905661582946777,0.24533893465995787,2.4538646,3.3628163,0.19387265
20260918,Bearing1_3,train,113,0.7197452229299363,True,2.3181627988815308,3.1734476566314695,0.2455350860953331,2.5458827,3.4899411,0.22090125
20260918,Bearing1_3,train,114,0.7261146496815286,True,2.3658156871795653,3.2660467624664307,0.2729173988103867,2.5148034,3.6360664,0.47055438
20260918,Bearing1_3,train,115,0.732484076433121,True,2.4019586086273192,3.3446516036987304,0.2998764172196388,2.4708014,3.5907543,0.47350618
20260918,Bearing1_3,train,116,0.7388535031847133,True,2.443879795074463,3.4046901941299437,0.2991434410214424,2.5934095,3.5222282,0.17642497
20260918,Bearing1_3,train,117,0.7452229299363057,True,2.4748275518417358,3.4731077909469605,0.32145648300647733,2.613216,3.712684,0.40104243
20260918,Bearing1_3,train,118,0.7515923566878981,True,2.512346792221069,3.5238308191299437,0.324082487821579,2.6831365,3.7474656,0.33294407
20260918,Bearing1_3,train,119,0.7579617834394905,True,2.551840829849243,3.584337830543518,0.33503245562314987,2.791364,3.857615,0.28944233
20260918,Bearing1_3,train,120,0.7643312101910829,True,2.591996121406555,3.6475295305252073,0.34959736168384553,2.8814251,4.026212,0.36607146
20260918,Bearing1_3,train,121,0.7707006369426752,True,2.6477107048034667,3.711351776123047,0.3422865569591522,2.929204,4.1677346,0.49810585
20260918,Bearing1_3,train,122,0.7770700636942676,True,2.7075819969177246,3.79940447807312,0.3568209037184715,3.0525775,4.2433434,0.3392161
20260918,Bearing1_3,train,123,0.7834394904458599,True,2.773593783378601,3.893760013580322,0.3630287662148476,3.2060006,4.4334965,0.28297988
20260918,Bearing1_3,train,124,0.7898089171974523,True,2.85383722782135,3.997019910812378,0.358419181406498,3.3172379,4.6686654,0.42445853
20260918,Bearing1_3,train,125,0.7961783439490446,True,2.9387508630752563,4.12190010547638,0.3878514811396599,3.3199377,4.839556,0.7678292
20260918,Bearing1_3,train,126,0.802547770700637,True,3.019756627082825,4.254221749305725,0.4225554049015045,3.4034672,4.8454447,0.5234642
20260918,Bearing1_3,train,127,0.8089171974522293,True,3.1051641941070556,4.3801263809204105,0.44148676097393036,3.4672916,4.97173,0.590356
20260918,Bearing1_3,train,128,0.8152866242038217,True,3.197455310821533,4.512231922149658,0.4321255266666412,3.6060476,5.068521,0.23933172
20260918,Bearing1_3,train,129,0.821656050955414,True,3.2905429363250733,4.654179525375366,0.4287520498037338,3.7222402,5.277091,0.25570756
20260918,Bearing1_3,train,130,0.8280254777070064,True,3.378384232521057,4.796758842468262,0.455243781208992,3.759838,5.4520054,0.6309888
20260918,Bearing1_3,train,131,0.8343949044585988,True,3.4732983350753783,4.931033134460449,0.416722072660923,3.878345,5.5104775,0.11288877
20260918,Bearing1_3,train,132,0.8407643312101911,True,3.5648768663406374,5.075328636169433,0.3938518300652504,3.9683628,5.6862984,0.11051369
20260918,Bearing1_3,train,133,0.8471337579617835,True,3.6488150119781495,5.214015102386474,0.3910343870520592,4.045382,5.820361,0.25480545
20260918,Bearing1_3,train,134,0.8535031847133758,True,3.7272493839263916,5.340596866607666,0.3669786050915718,4.1015816,5.934483,0.18390071
20260918,Bearing1_3,train,135,0.8598726114649682,True,3.8095691204071045,5.458479118347168,0.30299866646528245,4.143135,6.0183787,0.1280298
20260918,Bearing1_3,train,136,0.8662420382165605,True,3.887039375305176,5.582017707824707,0.26667420715093615,4.1781697,6.0808306,0.16021961
20260918,Bearing1_3,train,137,0.8726114649681529,True,3.9608510732650757,5.698168563842773,0.22181971222162247,4.2054086,6.133239,0.14181104
20260918,Bearing1_3,train,138,0.8789808917197452,True,4.022980427742004,5.808717918395996,0.21272120922803878,4.227341,6.1740146,0.14834669
20260918,Bearing1_3,train,139,0.8853503184713376,True,4.074952030181885,5.901683282852173,0.1974533475935459,4.241956,6.2067447,0.103028946
20260918,Bearing1_3,train,140,0.89171974522293,True,4.124461555480957,5.979366254806519,0.14493057429790496,4.2549334,6.228835,0.105761044
20260918,Bearing1_3,train,141,0.8980891719745223,True,4.163195180892944,6.053146123886108,0.14481317400932311,4.2656813,6.248276,0.111714765
20260918,Bearing1_3,train,142,0.9044585987261147,True,4.193845224380493,6.110943555831909,0.1457829013466835,4.2748632,6.2642727,0.12021096
20260918,Bearing1_3,train,143,0.910828025477707,True,4.217646884918213,6.156687879562378,0.1330695003271103,4.2833986,6.2778044,0.12767144
20260918,Bearing1_3,train,144,0.9171974522292994,True,4.236467552185059,6.192271661758423,0.1275244489312172,4.2897882,6.290321,0.1284502
20260918,Bearing1_3,train,145,0.9235668789808917,True,4.252195024490357,6.22040696144104,0.1369701400399208,4.30041,6.2997317,0.2224867
20260918,Bearing1_3,train,146,0.9299363057324841,True,4.265045261383056,6.243798542022705,0.13880523890256882,4.306672,6.3147464,0.1785706
20260918,Bearing1_3,train,147,0.9363057324840764,True,4.275648021697998,6.262851190567017,0.1401289016008377,4.311436,6.3237653,0.15504767
20260918,Bearing1_3,train,148,0.9426751592356688,True,4.284615182876587,6.2785262107849125,0.14338038116693497,4.317013,6.330765,0.18086149
20260918,Bearing1_3,train,149,0.9490445859872612,True,4.293086957931519,6.291731500625611,0.16942653581500053,4.326674,6.3387976,0.3634905
20260918,Bearing1_3,train,150,0.9554140127388535,True,4.301043510437012,6.304028606414795,0.19738488793373107,4.334499,6.351806,0.38534456
20260918,Bearing1_3,train,151,0.9617834394904459,True,4.3085802555084225,6.31543607711792,0.225307334959507,4.3410487,6.362351,0.39093924
20260918,Bearing1_3,train,152,0.9681528662420382,True,4.315792751312256,6.326142358779907,0.2551653742790222,4.346988,6.3713355,0.41879135
20260918,Bearing1_3,train,153,0.9745222929936306,True,4.3225789070129395,6.336307573318481,0.28113300949335096,4.35126,6.3794565,0.3873478
20260918,Bearing1_3,train,154,0.9808917197452229,True,4.329081964492798,6.345834732055664,0.30849540531635283,4.354819,6.3855925,0.40207416
20260918,Bearing1_3,train,155,0.9872611464968153,True,4.3348180770874025,6.354915618896484,0.3265321046113968,4.357771,6.3905406,0.4028537
20260918,Bearing1_3,train,156,0.9936305732484076,True,4.340200471878052,6.362909173965454,0.3497219949960709,4.360496,6.394682,0.4104695
20260918,Bearing1_3,train,157,1.0,True,4.34531717300415,6.370382070541382,0.3750804170966148,4.362603,6.3984942,0.4086319
20260918,Bearing1_4,validation,0,0.0,False,,,,0.7311908,,
20260918,Bearing1_4,validation,1,0.008264462809917356,False,,,,0.21416299,,
20260918,Bearing1_4,validation,2,0.01652892561983471,False,,,,0.09999999,,
20260918,Bearing1_4,validation,3,0.024793388429752067,False,,,,0.11923091,,
20260918,Bearing1_4,validation,4,0.03305785123966942,False,,,,0.10180458,,
20260918,Bearing1_4,validation,5,0.04132231404958678,False,,,,0.08878011,,
20260918,Bearing1_4,validation,6,0.049586776859504134,False,,,,0.07385358,,
20260918,Bearing1_4,validation,7,0.05785123966942149,False,,,,0.08564326,,
20260918,Bearing1_4,validation,8,0.06611570247933884,False,,,,0.080714434,,
20260918,Bearing1_4,validation,9,0.0743801652892562,False,,,,0.09543056,,
20260918,Bearing1_4,validation,10,0.08264462809917356,False,,,,0.11580347,,
20260918,Bearing1_4,validation,11,0.09090909090909091,False,,,,0.12131021,,
20260918,Bearing1_4,validation,12,0.09917355371900827,False,,,,0.1316108,,
20260918,Bearing1_4,validation,13,0.10743801652892562,False,,,,0.16505305,,
20260918,Bearing1_4,validation,14,0.11570247933884298,False,,,,0.17871724,,
20260918,Bearing1_4,validation,15,0.12396694214876033,False,0.18642708659172058,,,0.18642709,,
20260918,Bearing1_4,validation,16,0.1322314049586777,False,0.1904767006635666,0.22973980009555817,0.6336400508880615,0.19452631,0.2297398,0.63364005
20260918,Bearing1_4,validation,17,0.14049586776859505,False,0.193627600868543,0.2347233146429062,0.6412463784217834,0.1999294,0.23970683,0.6488527
20260918,Bearing1_4,validation,18,0.1487603305785124,False,0.19334489107131958,0.2389792501926422,0.6278752485911051,0.19249676,0.24749112,0.601133
20260918,Bearing1_4,validation,19,0.15702479338842976,False,0.19391070008277894,0.23867451399564743,0.6295436024665833,0.19617394,0.2377603,0.63454866
20260918,Bearing1_4,validation,20,0.1652892561983471,False,0.2009178251028061,0.2393757224082947,0.6594828724861145,0.23595345,0.24218056,0.77923995
20260918,Bearing1_4,validation,21,0.17355371900826447,False,0.20158605064664567,0.24785607059796652,0.6482918560504913,0.2055954,0.2902578,0.5923368
20260918,Bearing1_4,validation,22,0.18181818181818182,False,0.20619038119912148,0.24841843332563127,0.6660143477576119,0.2384207,0.2517926,0.7723493
20260918,Bearing1_4,validation,23,0.19008264462809918,False,0.20880234075917137,0.25396956130862236,0.668810173869133,0.22969802,0.29282746,0.68838096
20260918,Bearing1_4,validation,24,0.19834710743801653,False,0.21138196736574172,0.257018999920951,0.6742078397009108,0.2345986,0.2814145,0.71738917
20260918,Bearing1_4,validation,25,0.2066115702479339,True,0.21994531899690628,0.2600351065397263,0.692220026254654,0.2720606,0.28718007,0.8543297
20260918,Bearing1_4,validation,26,0.21487603305785125,True,0.22677329629659654,0.2702707782387733,0.7051476180553437,0.2628061,0.33209652,0.76291597
20260918,Bearing1_4,validation,27,0.2231404958677686,True,0.23200728595256806,0.27831371426582335,0.713169950246811,0.2522693,0.3201362,0.729076
20260918,Bearing1_4,validation,28,0.23140495867768596,True,0.23609545677900315,0.28435789346694945,0.7208838284015655,0.23337847,0.3079329,0.6782718
20260918,Bearing1_4,validation,29,0.2396694214876033,True,0.23566276133060454,0.28914415240287783,0.7132630169391632,0.19184698,0.2856229,0.55834055
20260918,Bearing1_4,validation,30,0.24793388429752067,True,0.23099733591079713,0.28843639194965365,0.6954680860042572,0.1892992,0.23510295,0.60129064
20260918,Bearing1_4,validation,31,0.256198347107438,True,0.22693101167678834,0.28269363194704056,0.6891269028186798,0.16493216,0.23283021,0.52892494
20260918,Bearing1_4,validation,32,0.2644628099173554,True,0.2220128908753395,0.27780298292636874,0.6782122135162354,0.18923949,0.20288612,0.6632024
20260918,Bearing1_4,validation,33,0.2727272727272727,True,0.21756509840488433,0.27200197875499726,0.6693577527999878,0.18522009,0.23481742,0.59983635
20260918,Bearing1_4,validation,34,0.2809917355371901,True,0.2120214119553566,0.2668073371052742,0.6552270174026489,0.17916174,0.22946809,0.5760818
20260918,Bearing1_4,validation,35,0.2892561983471074,True,0.2042986273765564,0.2601055771112442,0.6340433835983277,0.19483276,0.22016247,0.64249337
20260918,Bearing1_4,validation,36,0.2975206611570248,True,0.19476087242364884,0.25091179013252257,0.6092496156692505,0.16742854,0.24015865,0.5149783
20260918,Bearing1_4,validation,37,0.30578512396694213,True,0.19122507572174072,0.23950340151786803,0.6117875099182128,0.21691133,0.2060523,0.754455
20260918,Bearing1_4,validation,38,0.3140495867768595,True,0.19346997439861296,0.2354705661535263,0.6247471332550049,0.25582746,0.26760456,0.807868
20260918,Bearing1_4,validation,39,0.32231404958677684,True,0.19718554615974426,0.2382643848657608,0.6330394804477691,0.2290027,0.31356108,0.641264
20260918,Bearing1_4,validation,40,0.3305785123966942,True,0.20039816349744796,0.2428238570690155,0.6395075976848602,0.22142537,0.28069767,0.6659718
20260918,Bearing1_4,validation,41,0.33884297520661155,True,0.20505935102701187,0.24675681740045546,0.6499024271965027,0.21154404,0.2721598,0.63287324
20260918,Bearing1_4,validation,42,0.34710743801652894,True,0.2037768617272377,0.25253715813159944,0.6368759632110595,0.1764146,0.26068953,0.53293777
20260918,Bearing1_4,validation,43,0.35537190082644626,True,0.20672550797462463,0.25100895911455157,0.6493451178073884,0.21470656,0.21953543,0.7245279
20260918,Bearing1_4,validation,44,0.36363636363636365,True,0.2075166955590248,0.25459682047367094,0.6481054067611695,0.18707362,0.2653467,0.5636847
20260918,Bearing1_4,validation,45,0.371900826446281,True,0.20796253979206086,0.2556772634387016,0.6481132447719574,0.1992912,0.2309669,0.64257175
20260918,Bearing1_4,validation,46,0.38016528925619836,True,0.2083257868885994,0.25630724281072614,0.6493353307247162,0.17106101,0.24645844,0.52719915
20260918,Bearing1_4,validation,47,0.3884297520661157,True,0.20147310197353363,0.2568438798189163,0.6231614649295807,0.14838448,0.21141867,0.4927163
20260918,Bearing1_4,validation,48,0.39669421487603307,True,0.1862630233168602,0.24842575937509537,0.5802018344402313,0.10372667,0.18342336,0.3782717
20260918,Bearing1_4,validation,49,0.4049586776859504,True,0.17099175825715066,0.22934838458895684,0.5507006973028183,0.07629005,0.122787334,0.34625265
20260918,Bearing1_4,validation,50,0.4132231404958678,True,0.16297852471470833,0.20969214886426926,0.5112930506467819,0.14129303,0.08413532,0.27189535
20260918,Bearing1_4,validation,51,0.4214876033057851,True,0.1603865973651409,0.19569061845541,0.4631458088755608,0.18562476,0.13214451,0.15140082
20260918,Bearing1_4,validation,52,0.4297520661157025,True,0.16101404651999474,0.1885957881808281,0.4264920011162758,0.18268909,0.18974122,0.16639969
20260918,Bearing1_4,validation,53,0.4380165289256198,True,0.1650626964867115,0.18536628037691116,0.3718216270208359,0.25519305,0.18724035,0.17782415
20260918,Bearing1_4,validation,54,0.4462809917355372,True,0.17079325541853904,0.18656634539365768,0.3294020459055901,0.24437921,0.27734736,0.13948889
20260918,Bearing1_4,validation,55,0.45454545454545453,True,0.17183592692017555,0.1897634819149971,0.28461962938308716,0.20971791,0.26293826,0.19474758
20260918,Bearing1_4,validation,56,0.4628099173553719,True,0.18348074927926064,0.18715600818395614,0.24923696666955947,0.28750923,0.2203837,0.17337252
20260918,Bearing1_4,validation,57,0.47107438016528924,True,0.1972477801144123,0.19742764234542848,0.21085995361208915,0.2860548,0.31413502,0.10894618
20260918,Bearing1_4,validation,58,0.4793388429752066,True,0.2137350969016552,0.2103293612599373,0.1862333185970783,0.26859984,0.31244054,0.13200535
20260918,Bearing1_4,validation,59,0.48760330578512395,True,0.23252863436937332,0.22724305465817451,0.1637371838092804,0.26422542,0.29192427,0.1212913
20260918,Bearing1_4,validation,60,0.49586776859504134,True,0.24878529012203215,0.24748858958482742,0.14970981925725937,0.3038596,0.28659067,0.1316217
20260918,Bearing1_4,validation,61,0.5041322314049587,True,0.25041276067495344,0.2677080348134041,0.16235083639621734,0.20189947,0.33433896,0.277811
20260918,Bearing1_4,validation,62,0.512396694214876,True,0.2550895094871521,0.269694572687149,0.15896603614091873,0.22945657,0.2096066,0.13255168
20260918,Bearing1_4,validation,63,0.5206611570247934,True,0.25432375222444537,0.27515356689691545,0.1529643416404724,0.24753548,0.24183029,0.11780721
20260918,Bearing1_4,validation,64,0.5289256198347108,True,0.2572634905576706,0.2738486543297768,0.15165442675352098,0.2737766,0.26429823,0.12638974
20260918,Bearing1_4,validation,65,0.5371900826446281,True,0.2670948222279549,0.27720059305429456,0.1431270532310009,0.30803123,0.29645765,0.10947385
20260918,Bearing1_4,validation,66,0.5454545454545454,True,0.2699084773659706,0.28894790858030317,0.13666494637727739,0.31564578,0.33785686,0.10875145
20260918,Bearing1_4,validation,67,0.5537190082644629,True,0.27217773348093033,0.2923010602593422,0.1348283976316452,0.30874735,0.34766653,0.090580694
20260918,Bearing1_4,validation,68,0.5619834710743802,True,0.27680451720952987,0.29502689391374587,0.13240086287260056,0.31486768,0.33969888,0.10773
20260918,Bearing1_4,validation,69,0.5702479338842975,True,0.28314688950777056,0.3006215825676918,0.13084931150078774,0.32764915,0.34787115,0.10577579
20260918,Bearing1_4,validation,70,0.5785123966942148,True,0.2874353751540184,0.3082536205649376,0.1282458059489727,0.34674445,0.36291105,0.10558665
20260918,Bearing1_4,validation,71,0.5867768595041323,True,0.29678761810064314,0.3133558377623558,0.11364328190684318,0.2954219,0.38536114,0.13178575
20260918,Bearing1_4,validation,72,0.5950413223140496,True,0.30716529339551923,0.32482207417488096,0.1133519820868969,0.33323333,0.32426897,0.12963869
20260918,Bearing1_4,validation,73,0.6033057851239669,True,0.3149602621793747,0.33759114146232605,0.11040142923593521,0.32548517,0.36952096,0.08830168
20260918,Bearing1_4,validation,74,0.6115702479338843,True,0.32693769931793215,0.34710765779018404,0.11604086011648178,0.39355096,0.3594634,0.18278405
20260918,Bearing1_4,validation,75,0.6198347107438017,True,0.33156746029853823,0.361856809258461,0.11627203002572059,0.35432884,0.44394916,0.111785546
20260918,Bearing1_4,validation,76,0.628099173553719,True,0.3395467072725296,0.3680074751377106,0.11976550370454789,0.39543825,0.39936352,0.14368619
20260918,Bearing1_4,validation,77,0.6363636363636364,True,0.3476923584938049,0.3780162870883942,0.1218441180884838,0.39020386,0.44775465,0.11136684
20260918,Bearing1_4,validation,78,0.6446280991735537,True,0.3557433605194092,0.3883739739656448,0.12119044587016106,0.3953777,0.44327575,0.10119328
20260918,Bearing1_4,validation,79,0.6528925619834711,True,0.36830606758594514,0.39841153025627135,0.1297765113413334,0.45327622,0.44824672,0.19163644
20260918,Bearing1_4,validation,80,0.6611570247933884,True,0.4027289092540741,0.4140774369239807,0.17814539447426797,0.69097286,0.5195701,0.5892755
20260918,Bearing1_4,validation,81,0.6694214876033058,True,0.4509782373905182,0.45848716497421266,0.1986033596098423,0.7779152,0.8294584,0.3363654
20260918,Bearing1_4,validation,82,0.6776859504132231,True,0.4997915416955948,0.520541313290596,0.2124427042901516,0.82136637,0.94481045,0.26803213
20260918,Bearing1_4,validation,83,0.6859504132231405,True,0.5675581902265548,0.5836757510900498,0.2570316016674042,1.0031517,1.0008653,0.53419065
20260918,Bearing1_4,validation,84,0.6942148760330579,True,0.6418730020523071,0.6727030545473098,0.2830149918794632,1.1366991,1.2497364,0.44261795
20260918,Bearing1_4,validation,85,0.7024793388429752,True,0.7288248926401139,0.7719145506620407,0.3092588260769844,1.2238477,1.4360641,0.3742239
20260918,Bearing1_4,validation,86,0.7107438016528925,True,0.8045811742544174,0.8877191752195358,0.31409094035625457,1.1530011,1.5574098,0.19200733
20260918,Bearing1_4,validation,87,0.71900826446281,True,0.8971512258052826,0.9877364575862885,0.35557804703712464,1.3159044,1.4479275,0.5262379
20260918,Bearing1_4,validation,88,0.7272727272727273,True,0.9965765953063965,1.1121774196624756,0.3798566281795502,1.3896314,1.6876854,0.3439791
20260918,Bearing1_4,validation,89,0.7355371900826446,True,1.1073559939861297,1.2468660473823547,0.4105207085609436,1.5610702,1.795133,0.49827725
20260918,Bearing1_4,validation,90,0.743801652892562,True,1.1865180730819702,1.40087331533432,0.3755763486027718,1.4825937,2.0596428,0.23983188
20260918,Bearing1_4,validation,91,0.7520661157024794,True,1.2442269265651702,1.511404687166214,0.36506807506084443,1.3550037,1.9347721,0.23128267
20260918,Bearing1_4,validation,92,0.7603305785123967,True,1.2989134788513184,1.5901623725891114,0.3629488945007324,1.3682319,1.7323873,0.24684033
20260918,Bearing1_4,validation,93,0.768595041322314,True,1.3327152848243713,1.6648471236228943,0.3273238405585289,1.3411697,1.7477129,0.17794012
20260918,Bearing1_4,validation,94,0.7768595041322314,True,1.3485156416893005,1.7101521253585816,0.3008714228868484,1.2947026,1.7027864,0.17809378
20260918,Bearing1_4,validation,95,0.7851239669421488,True,1.345945906639099,1.7295284509658813,0.2805061414837837,1.1981504,1.6298274,0.17057107
20260918,Bearing1_4,validation,96,0.7933884297520661,True,1.3492859125137329,1.7226773142814635,0.2843997284770012,1.1864011,1.4888984,0.2309432
20260918,Bearing1_4,validation,97,0.8016528925619835,True,1.3406835913658142,1.725313377380371,0.2622854128479958,1.2298812,1.4742881,0.30509475
20260918,Bearing1_4,validation,98,0.8099173553719008,True,1.3238117933273315,1.710512137413025,0.25072441101074217,1.2209134,1.539673,0.22836907
20260918,Bearing1_4,validation,99,0.8181818181818182,True,1.2854962468147277,1.6838896036148072,0.2196724757552147,1.1779147,1.5289077,0.1877579
20260918,Bearing1_4,validation,100,0.8264462809917356,True,1.251376485824585,1.624562156200409,0.21451097428798677,1.141396,1.4663683,0.18821687
20260918,Bearing1_4,validation,101,0.8347107438016529,True,1.2331544041633606,1.5724910140037536,0.22070440500974656,1.1727829,1.4140607,0.29321697
20260918,Bearing1_4,validation,102,0.8429752066115702,True,1.2100426197052,1.545431876182556,0.21361798346042632,1.137114,1.4617959,0.17597611
20260918,Bearing1_4,validation,103,0.8512396694214877,True,1.1837425708770752,1.5116785526275636,0.21256255358457565,1.0781692,1.4101796,0.16738582
20260918,Bearing1_4,validation,104,0.859504132231405,True,1.1680347323417664,1.4741553783416748,0.2287966251373291,1.1376243,1.3275547,0.3404345
20260918,Bearing1_4,validation,105,0.8677685950413223,True,1.159162211418152,1.452588927745819,0.23215041756629945,1.1094252,1.4141629,0.204109
20260918,Bearing1_4,validation,106,0.8760330578512396,True,1.1569018602371215,1.4410507559776307,0.24087567031383514,1.1637976,1.3735167,0.31819573
20260918,Bearing1_4,validation,107,0.8842975206611571,True,1.14426509141922,1.4387579321861268,0.2273321568965912,1.1035135,1.4513599,0.16965961
20260918,Bearing1_4,validation,108,0.8925619834710744,True,1.1262376427650451,1.4213262915611267,0.2215266063809395,1.0406389,1.3653566,0.17031357
20260918,Bearing1_4,validation,109,0.9008264462809917,True,1.1231842279434203,1.3962050914764403,0.24337236881256102,1.1473806,1.2776957,0.40621552
20260918,Bearing1_4,validation,110,0.9090909090909091,True,1.1200340151786805,1.3926149129867553,0.24395261108875274,1.1098939,1.4304665,0.19401929
20260918,Bearing1_4,validation,111,0.9173553719008265,True,1.1151583075523377,1.3889564275741577,0.24044366478919982,1.1240258,1.3774759,0.2581275
20260918,Bearing1_4,validation,112,0.9256198347107438,True,1.1137197732925415,1.38249351978302,0.2461775243282318,1.1227287,1.3971668,0.23331471
20260918,Bearing1_4,validation,113,0.9338842975206612,True,1.1125019073486329,1.3809063196182252,0.24726823568344117,1.0659906,1.3943076,0.17829293
20260918,Bearing1_4,validation,114,0.9421487603305785,True,1.1007088541984558,1.37951580286026,0.2298816591501236,1.0196937,1.3136495,0.16656873
20260918,Bearing1_4,validation,115,0.9504132231404959,True,1.0913338780403137,1.3627676129341126,0.23040206581354142,1.0156754,1.246681,0.20931306
20260918,Bearing1_4,validation,116,0.9586776859504132,True,1.0775928497314453,1.3494829893112184,0.22313383221626282,1.0263873,1.2406704,0.2455134
20260918,Bearing1_4,validation,117,0.9669421487603306,True,1.0718868851661683,1.330084490776062,0.23102457374334334,1.0464538,1.2573749,0.24856703
20260918,Bearing1_4,validation,118,0.9752066115702479,True,1.075156044960022,1.322186577320099,0.2418076977133751,1.0733305,1.2863774,0.2781448
20260918,Bearing1_4,validation,119,0.9834710743801653,True,1.059006440639496,1.327224612236023,0.21633242815732956,0.98588455,1.328076,0.15146282
20260918,Bearing1_4,validation,120,0.9917355371900827,True,1.059871757030487,1.3046531081199646,0.24407652765512466,1.1185471,1.2047515,0.47146028
20260918,Bearing1_4,validation,121,1.0,True,1.1771206498146056,1.3066186666488648,0.7735608652234077,2.2965147,1.3971314,5.552971
20260918,Bearing1_5,holdout_test,0,0.0,False,,,,0.7240425,,
20260918,Bearing1_5,holdout_test,1,0.0196078431372549,False,,,,0.22528522,,
20260918,Bearing1_5,holdout_test,2,0.0392156862745098,False,,,,0.08419783,,
20260918,Bearing1_5,holdout_test,3,0.058823529411764705,False,,,,0.07120982,,
20260918,Bearing1_5,holdout_test,4,0.0784313725490196,False,,,,0.06439202,,
20260918,Bearing1_5,holdout_test,5,0.09803921568627451,False,,,,0.07453461,,
20260918,Bearing1_5,holdout_test,6,0.11764705882352941,False,,,,0.07579705,,
20260918,Bearing1_5,holdout_test,7,0.13725490196078433,False,,,,0.07867456,,
20260918,Bearing1_5,holdout_test,8,0.1568627450980392,False,,,,0.08786099,,
20260918,Bearing1_5,holdout_test,9,0.17647058823529413,False,,,,0.09523282,,
20260918,Bearing1_5,holdout_test,10,0.19607843137254902,False,,,,0.10010891,,
20260918,Bearing1_5,holdout_test,11,0.21568627450980393,False,,,,0.094167136,,
20260918,Bearing1_5,holdout_test,12,0.23529411764705882,False,,,,0.10379963,,
20260918,Bearing1_5,holdout_test,13,0.2549019607843137,False,,,,0.11211288,,
20260918,Bearing1_5,holdout_test,14,0.27450980392156865,False,,,,0.11903264,,
20260918,Bearing1_5,holdout_test,15,0.29411764705882354,False,0.10454262048006058,,,0.10454262,,
20260918,Bearing1_5,holdout_test,16,0.3137254901960784,False,0.09777987003326416,0.11793091893196106,0.4215845763683319,0.09101712,0.11793092,0.42158458
20260918,Bearing1_5,holdout_test,17,0.3333333333333333,False,0.09366662551959355,0.10855014249682426,0.41127926111221313,0.08544014,0.099169366,0.40097395
20260918,Bearing1_5,holdout_test,18,0.35294117647058826,False,0.08967082388699055,0.10130557169516881,0.4041110575199127,0.07768342,0.08681643,0.38977465
20260918,Bearing1_5,holdout_test,19,0.37254901960784315,False,0.08722429424524307,0.09484999813139439,0.4014868214726448,0.077438176,0.07548328,0.3936141
20260918,Bearing1_5,holdout_test,20,0.39215686274509803,False,0.08789898082613945,0.09073573350906372,0.41893519163131715,0.091272414,0.074278675,0.48872867
20260918,Bearing1_5,holdout_test,21,0.4117647058823529,False,0.08862382918596268,0.09280197446544965,0.42410342395305634,0.09297292,0.10313318,0.4499446
20260918,Bearing1_5,holdout_test,22,0.43137254901960786,False,0.09046370163559914,0.0945894228560584,0.4337629462991442,0.10334281,0.10531411,0.49172008
20260918,Bearing1_5,holdout_test,23,0.45098039215686275,False,0.09187349594301647,0.09802092146128416,0.4367268234491348,0.10315185,0.12204141,0.45747396
20260918,Bearing1_5,holdout_test,24,0.47058823529411764,False,0.09313060492277145,0.10025103307432598,0.44241270422935486,0.104444586,0.118091926,0.48789975
20260918,Bearing1_5,holdout_test,25,0.49019607843137253,True,0.09402928352355958,0.10261149257421494,0.44948163330554963,0.11352941,0.12385563,0.513102
20260918,Bearing1_5,holdout_test,26,0.5098039215686274,True,0.09710199162364005,0.10439089983701706,0.45830683708190917,0.1217442,0.13572499,0.5098366
20260918,Bearing1_5,holdout_test,27,0.5294117647058824,True,0.09835824742913246,0.10912963822484016,0.45940253138542175,0.098002695,0.14655675,0.4119309
20260918,Bearing1_5,holdout_test,28,0.5490196078431373,True,0.10005122348666191,0.11131450906395912,0.4631528854370117,0.09461318,0.10866514,0.4272782
20260918,Bearing1_5,holdout_test,29,0.5686274509803921,True,0.10048491880297661,0.11368114799261093,0.4558964103460312,0.08177513,0.09914967,0.32104936
20260918,Bearing1_5,holdout_test,30,0.5882352941176471,True,0.09916453137993812,0.11238079480826854,0.4398727923631668,0.07806854,0.061275143,0.3284925
20260918,Bearing1_5,holdout_test,31,0.6078431372549019,True,0.09835826605558395,0.10690629407763481,0.4272459536790848,0.084910266,0.048388172,0.3236762
20260918,Bearing1_5,holdout_test,32,0.6274509803921569,True,0.097111726552248,0.10124113857746124,0.4090477377176285,0.090877414,0.04866256,0.30973792
20260918,Bearing1_5,holdout_test,33,0.6470588235294118,True,0.10308780372142792,0.09428167790174484,0.3814431741833687,0.16291262,0.052446805,0.18142833
20260918,Bearing1_5,holdout_test,34,0.6666666666666666,True,0.1351719953119755,0.09687143564224243,0.38249976485967635,0.4252865,0.1439895,0.49846566
20260918,Bearing1_5,holdout_test,35,0.6862745098039216,True,0.1926841214299202,0.13170744702219964,0.3892351552844048,0.68865067,0.47221574,0.5804559
20260918,Bearing1_5,holdout_test,36,0.7058823529411765,True,0.2831976681947708,0.1992098830640316,0.4180274769663811,1.0268797,0.81074935,0.79775983
20260918,Bearing1_5,holdout_test,37,0.7254901960784313,True,0.4040794618427753,0.3122116930782795,0.44843764454126356,1.3068206,1.2765749,0.71603256
20260918,Bearing1_5,holdout_test,38,0.7450980392156863,True,0.5428093336522579,0.4701117493212223,0.4570093974471092,1.4819119,1.6876657,0.5129957
20260918,Bearing1_5,holdout_test,39,0.7647058823529411,True,0.7235363207757473,0.6553568854928017,0.5143361642956734,1.889045,1.951601,0.89431703
20260918,Bearing1_5,holdout_test,40,0.7843137254901961,True,0.9398769296705722,0.9089712496846915,0.546882800757885,2.2414746,2.5974188,0.65395886
20260918,Bearing1_5,holdout_test,41,0.803921568627451,True,1.1859493538737298,1.2206704802811146,0.5588656380772591,2.5456345,3.1653805,0.44350457
20260918,Bearing1_5,holdout_test,42,0.8235294117647058,True,1.4537190601229668,1.5809193901717662,0.5559054091572762,2.7685745,3.6511517,0.28013563
20260918,Bearing1_5,holdout_test,43,0.8431372549019608,True,1.7264010816812516,1.9759897083044051,0.5734096318483353,2.8897328,4.00315,0.35647056
20260918,Bearing1_5,holdout_test,44,0.8627450980392157,True,1.9794630706310272,2.3810453802347182,0.572199073433876,2.9559064,4.194546,0.48636007
20260918,Bearing1_5,holdout_test,45,0.8823529411764706,True,2.210852897167206,2.7636359512805937,0.5691411346197128,3.002549,4.2981215,0.5498765
20260918,Bearing1_5,holdout_test,46,0.9019607843137255,True,2.4115810871124266,3.1195294857025146,0.5494004935026169,3.0341616,4.3696847,0.6003534
20260918,Bearing1_5,holdout_test,47,0.9215686274509803,True,2.5860995769500734,3.4336185216903687,0.5416638106107712,3.0520055,4.417465,0.63866574
20260918,Bearing1_5,holdout_test,48,0.9411764705882353,True,2.7447459936141967,3.7092803001403807,0.5552145510911941,3.068376,4.4442835,0.6485031
20260918,Bearing1_5,holdout_test,49,0.9607843137254902,True,2.8638920068740843,3.9609670639038086,0.5323840051889419,3.0805051,4.4684687,0.6660116
20260918,Bearing1_5,holdout_test,50,0.9803921568627451,True,2.950974869728088,4.149894714355469,0.5308069199323654,3.1123033,4.4866953,0.638188
20260918,Bearing1_5,holdout_test,51,1.0,True,3.0109993696212767,4.286860990524292,0.552115973830223,3.1458795,4.5350432,0.6565951
