seed,bearing_id,split,step_id,normalized_lifetime,gru_level,gru_hidden_distance,included_in_common_score
20260916,Bearing1_1,train,0,0.0,,0.48004812,False
20260916,Bearing1_1,train,1,0.00819672131147541,,0.38988715,False
20260916,Bearing1_1,train,2,0.01639344262295082,,0.30919665,False
20260916,Bearing1_1,train,3,0.02459016393442623,,0.24802727,False
20260916,Bearing1_1,train,4,0.03278688524590164,,0.16477416,False
20260916,Bearing1_1,train,5,0.040983606557377046,,0.10641982,False
20260916,Bearing1_1,train,6,0.04918032786885246,,0.0718398,False
20260916,Bearing1_1,train,7,0.05737704918032787,,0.08820937,False
20260916,Bearing1_1,train,8,0.06557377049180328,,0.10161542,False
20260916,Bearing1_1,train,9,0.07377049180327869,,0.13360426,False
20260916,Bearing1_1,train,10,0.08196721311475409,,0.16812737,False
20260916,Bearing1_1,train,11,0.09016393442622951,,0.26462498,False
20260916,Bearing1_1,train,12,0.09836065573770492,,0.28477558,False
20260916,Bearing1_1,train,13,0.10655737704918032,,0.3366697,False
20260916,Bearing1_1,train,14,0.11475409836065574,,0.30982345,False
20260916,Bearing1_1,train,15,0.12295081967213115,0.3427122235298157,0.34271222,True
20260916,Bearing1_1,train,16,0.13114754098360656,0.35895514488220215,0.37519807,True
20260916,Bearing1_1,train,17,0.13934426229508196,0.38539432485898334,0.43827268,True
20260916,Bearing1_1,train,18,0.14754098360655737,0.39134038239717484,0.40917856,True
20260916,Bearing1_1,train,19,0.1557377049180328,0.39840357303619384,0.42665634,True
20260916,Bearing1_1,train,20,0.16393442622950818,0.4026031295458476,0.4236009,True
20260916,Bearing1_1,train,21,0.1721311475409836,0.42511247737067087,0.56016856,True
20260916,Bearing1_1,train,22,0.18032786885245902,0.4219626113772392,0.39991355,True
20260916,Bearing1_1,train,23,0.1885245901639344,0.43363063865237766,0.52697486,True
20260916,Bearing1_1,train,24,0.19672131147540983,0.4518311440944672,0.6156357,True
20260916,Bearing1_1,train,25,0.20491803278688525,0.47240263819694517,0.54842716,True
20260916,Bearing1_1,train,26,0.21311475409836064,0.4908785581588745,0.55995727,True
20260916,Bearing1_1,train,27,0.22131147540983606,0.5222255736589432,0.75174284,True
20260916,Bearing1_1,train,28,0.22950819672131148,0.5417682558298111,0.6046054,True
20260916,Bearing1_1,train,29,0.23770491803278687,0.5662632644176483,0.6716064,True
20260916,Bearing1_1,train,30,0.2459016393442623,0.6007640182971954,0.76860845,True
20260916,Bearing1_1,train,31,0.2540983606557377,0.6188403189182281,0.7409316,True
20260916,Bearing1_1,train,32,0.26229508196721313,0.6416324853897095,0.6278352,True
20260916,Bearing1_1,train,33,0.27049180327868855,0.6555383026599884,0.666033,True
20260916,Bearing1_1,train,34,0.2786885245901639,0.6816408157348632,0.8766608,True
20260916,Bearing1_1,train,35,0.28688524590163933,0.721232271194458,0.9443417,True
20260916,Bearing1_1,train,36,0.29508196721311475,0.7336992502212525,0.68462706,True
20260916,Bearing1_1,train,37,0.30327868852459017,0.7456578075885772,0.8713284,True
20260916,Bearing1_1,train,38,0.3114754098360656,0.759104710817337,0.7390744,True
20260916,Bearing1_1,train,39,0.319672131147541,0.7631055533885955,0.71161485,True
20260916,Bearing1_1,train,40,0.32786885245901637,0.7870465338230133,1.0080183,True
20260916,Bearing1_1,train,41,0.3360655737704918,0.7925939202308655,0.79640543,True
20260916,Bearing1_1,train,42,0.3442622950819672,0.7969382166862488,0.6712782,True
20260916,Bearing1_1,train,43,0.3524590163934426,0.7880152583122253,0.57680345,True
20260916,Bearing1_1,train,44,0.36065573770491804,0.7891117334365845,0.8876256,True
20260916,Bearing1_1,train,45,0.36885245901639346,0.7664960026741028,0.7181844,True
20260916,Bearing1_1,train,46,0.3770491803278688,0.7923671543598175,0.9433386,True
20260916,Bearing1_1,train,47,0.38524590163934425,0.7902010142803192,0.849667,True
20260916,Bearing1_1,train,48,0.39344262295081966,0.7809805274009705,0.64686954,True
20260916,Bearing1_1,train,49,0.4016393442622951,0.774193263053894,0.6437422,True
20260916,Bearing1_1,train,50,0.4098360655737705,0.7500986456871033,0.7670721,True
20260916,Bearing1_1,train,51,0.4180327868852459,0.7355617403984069,0.6510364,True
20260916,Bearing1_1,train,52,0.4262295081967213,0.7386272251605988,0.701933,True
20260916,Bearing1_1,train,53,0.4344262295081967,0.7550112068653106,0.74064326,True
20260916,Bearing1_1,train,54,0.4426229508196721,0.7343267977237702,0.6807815,True
20260916,Bearing1_1,train,55,0.45081967213114754,0.7373127400875091,0.74804384,True
20260916,Bearing1_1,train,56,0.45901639344262296,0.726476788520813,0.83497906,True
20260916,Bearing1_1,train,57,0.4672131147540984,0.7133644819259644,0.71854395,True
20260916,Bearing1_1,train,58,0.47540983606557374,0.7228893041610718,0.74211776,True
20260916,Bearing1_1,train,59,0.48360655737704916,0.7328457117080689,0.7433063,True
20260916,Bearing1_1,train,60,0.4918032786885246,0.7293983042240143,0.732598,True
20260916,Bearing1_1,train,61,0.5,0.7437672197818757,0.79472554,True
20260916,Bearing1_1,train,62,0.5081967213114754,0.739479374885559,0.6590546,True
20260916,Bearing1_1,train,63,0.5163934426229508,0.7287539422512055,0.63338894,True
20260916,Bearing1_1,train,64,0.5245901639344263,0.7474007964134216,0.86725,True
20260916,Bearing1_1,train,65,0.5327868852459017,0.7566696047782898,0.8407319,True
20260916,Bearing1_1,train,66,0.5409836065573771,0.7699092566967011,0.9673756,True
20260916,Bearing1_1,train,67,0.5491803278688525,0.7918776571750641,0.93822795,True
20260916,Bearing1_1,train,68,0.5573770491803278,0.8147908687591553,0.9712499,True
20260916,Bearing1_1,train,69,0.5655737704918032,0.8475472211837769,1.0708698,True
20260916,Bearing1_1,train,70,0.5737704918032787,0.9012564480304718,1.2696903,True
20260916,Bearing1_1,train,71,0.5819672131147541,0.9684146344661713,1.4663074,True
20260916,Bearing1_1,train,72,0.5901639344262295,1.0691393256187438,1.6663015,True
20260916,Bearing1_1,train,73,0.5983606557377049,1.1896420896053315,1.8384166,True
20260916,Bearing1_1,train,74,0.6065573770491803,1.310058057308197,2.0714097,True
20260916,Bearing1_1,train,75,0.6147540983606558,1.4647060692310334,2.387212,True
20260916,Bearing1_1,train,76,0.6229508196721312,1.616668438911438,2.4869993,True
20260916,Bearing1_1,train,77,0.6311475409836066,1.8009850442409516,2.781394,True
20260916,Bearing1_1,train,78,0.639344262295082,2.020190346240997,3.163303,True
20260916,Bearing1_1,train,79,0.6475409836065574,2.2549283266067506,3.4182496,True
20260916,Bearing1_1,train,80,0.6557377049180327,2.4868844985961913,3.589252,True
20260916,Bearing1_1,train,81,0.6639344262295082,2.71055862903595,3.7030487,True
20260916,Bearing1_1,train,82,0.6721311475409836,2.922091507911682,3.7816303,True
20260916,Bearing1_1,train,83,0.680327868852459,3.1226486921310426,3.8439884,True
20260916,Bearing1_1,train,84,0.6885245901639344,3.3042991876602175,3.8879147,True
20260916,Bearing1_1,train,85,0.6967213114754098,3.457716464996338,3.9213848,True
20260916,Bearing1_1,train,86,0.7049180327868853,3.6036044120788575,3.9458787,True
20260916,Bearing1_1,train,87,0.7131147540983607,3.721989393234253,3.9652438,True
20260916,Bearing1_1,train,88,0.7213114754098361,3.803735041618347,3.9807594,True
20260916,Bearing1_1,train,89,0.7295081967213115,3.8613583564758303,3.9944828,True
20260916,Bearing1_1,train,90,0.7377049180327869,3.9030577182769775,4.0062456,True
20260916,Bearing1_1,train,91,0.7459016393442623,3.9341310024261475,4.0137815,True
20260916,Bearing1_1,train,92,0.7540983606557377,3.958275008201599,4.0230703,True
20260916,Bearing1_1,train,93,0.7622950819672131,3.976923966407776,4.030478,True
20260916,Bearing1_1,train,94,0.7704918032786885,3.991781163215637,4.0364866,True
20260916,Bearing1_1,train,95,0.7786885245901639,4.003911805152893,4.042691,True
20260916,Bearing1_1,train,96,0.7868852459016393,4.014029264450073,4.0470533,True
20260916,Bearing1_1,train,97,0.7950819672131147,4.022799777984619,4.052949,True
20260916,Bearing1_1,train,98,0.8032786885245902,4.030343556404114,4.056197,True
20260916,Bearing1_1,train,99,0.8114754098360656,4.036782312393188,4.0588703,True
20260916,Bearing1_1,train,100,0.819672131147541,4.042261743545533,4.06104,True
20260916,Bearing1_1,train,101,0.8278688524590164,4.047299385070801,4.064158,True
20260916,Bearing1_1,train,102,0.8360655737704918,4.051663827896118,4.066715,True
20260916,Bearing1_1,train,103,0.8442622950819673,4.055613231658936,4.069972,True
20260916,Bearing1_1,train,104,0.8524590163934426,4.059060001373291,4.0709543,True
20260916,Bearing1_1,train,105,0.860655737704918,4.062047529220581,4.0725665,True
20260916,Bearing1_1,train,106,0.8688524590163934,4.064619827270508,4.0727763,True
20260916,Bearing1_1,train,107,0.8770491803278688,4.066774225234985,4.074493,True
20260916,Bearing1_1,train,108,0.8852459016393442,4.06861891746521,4.074644,True
20260916,Bearing1_1,train,109,0.8934426229508197,4.070416688919067,4.076848,True
20260916,Bearing1_1,train,110,0.9016393442622951,4.072272491455078,4.079598,True
20260916,Bearing1_1,train,111,0.9098360655737705,4.073979282379151,4.081226,True
20260916,Bearing1_1,train,112,0.9180327868852459,4.075654077529907,4.0834627,True
20260916,Bearing1_1,train,113,0.9262295081967213,4.077115297317505,4.084584,True
20260916,Bearing1_1,train,114,0.9344262295081968,4.078705596923828,4.0868573,True
20260916,Bearing1_1,train,115,0.9426229508196722,4.080342435836792,4.088935,True
20260916,Bearing1_1,train,116,0.9508196721311475,4.081961679458618,4.0889688,True
20260916,Bearing1_1,train,117,0.9590163934426229,4.083409023284912,4.0889664,True
20260916,Bearing1_1,train,118,0.9672131147540983,4.08496584892273,4.0902123,True
20260916,Bearing1_1,train,119,0.9754098360655737,4.0864501953125,4.0916915,True
20260916,Bearing1_1,train,120,0.9836065573770492,4.087758207321167,4.092678,True
20260916,Bearing1_1,train,121,0.9918032786885246,4.0893043041229244,4.096687,True
20260916,Bearing1_1,train,122,1.0,4.091656303405761,4.1069827,True
20260916,Bearing1_2,train,0,0.0,,0.5336455,False
20260916,Bearing1_2,train,1,0.00625,,0.2853537,False
20260916,Bearing1_2,train,2,0.0125,,0.15511526,False
20260916,Bearing1_2,train,3,0.01875,,0.08121136,False
20260916,Bearing1_2,train,4,0.025,,0.0552154,False
20260916,Bearing1_2,train,5,0.03125,,0.07037944,False
20260916,Bearing1_2,train,6,0.0375,,0.06309439,False
20260916,Bearing1_2,train,7,0.04375,,0.08130971,False
20260916,Bearing1_2,train,8,0.05,,0.10267009,False
20260916,Bearing1_2,train,9,0.05625,,0.10372766,False
20260916,Bearing1_2,train,10,0.0625,,0.109011926,False
20260916,Bearing1_2,train,11,0.06875,,0.1149345,False
20260916,Bearing1_2,train,12,0.075,,0.1170301,False
20260916,Bearing1_2,train,13,0.08125,,0.11941129,False
20260916,Bearing1_2,train,14,0.0875,,0.12369499,False
20260916,Bearing1_2,train,15,0.09375,0.12596987187862396,0.12596987,True
20260916,Bearing1_2,train,16,0.1,0.131286159157753,0.13660245,True
20260916,Bearing1_2,train,17,0.10625,0.13305546343326569,0.13659407,True
20260916,Bearing1_2,train,18,0.1125,0.1326834186911583,0.13156728,True
20260916,Bearing1_2,train,19,0.11875,0.13287669718265532,0.13364981,True
20260916,Bearing1_2,train,20,0.125,0.1340766673286756,0.14007652,True
20260916,Bearing1_2,train,21,0.13125,0.13742136103766306,0.15748952,True
20260916,Bearing1_2,train,22,0.1375,0.13782391138374805,0.14064176,True
20260916,Bearing1_2,train,23,0.14375,0.13715577456686232,0.13181068,True
20260916,Bearing1_2,train,24,0.15,0.13604011833667756,0.12599921,True
20260916,Bearing1_2,train,25,0.15625,0.13625514209270478,0.12812011,True
20260916,Bearing1_2,train,26,0.1625,0.13508334755897522,0.1248845,True
20260916,Bearing1_2,train,27,0.16875,0.13425278812646865,0.12828848,True
20260916,Bearing1_2,train,28,0.175,0.1342312887310982,0.13135229,True
20260916,Bearing1_2,train,29,0.18125,0.13402021825313568,0.1315391,True
20260916,Bearing1_2,train,30,0.1875,0.1325945198535919,0.12581953,True
20260916,Bearing1_2,train,31,0.19375,0.13363923728466034,0.1679367,True
20260916,Bearing1_2,train,32,0.2,0.13849484473466872,0.18919784,True
20260916,Bearing1_2,train,33,0.20625,0.14058144837617875,0.15267672,True
20260916,Bearing1_2,train,34,0.2125,0.14057499766349793,0.1259347,True
20260916,Bearing1_2,train,35,0.21875,0.1399380825459957,0.12175096,True
20260916,Bearing1_2,train,36,0.225,0.1401069663465023,0.12657334,True
20260916,Bearing1_2,train,37,0.23125,0.14814883545041085,0.20870717,True
20260916,Bearing1_2,train,38,0.2375,0.17324152514338492,0.3822792,True
20260916,Bearing1_2,train,39,0.24375,0.19814851209521295,0.38060898,True
20260916,Bearing1_2,train,40,0.25,0.23347743973135948,0.4791088,True
20260916,Bearing1_2,train,41,0.25625,0.24182784035801888,0.2514407,True
20260916,Bearing1_2,train,42,0.2625,0.25653769746422767,0.3362964,True
20260916,Bearing1_2,train,43,0.26875,0.30086667761206626,0.5959665,True
20260916,Bearing1_2,train,44,0.275,0.32937967255711553,0.41106465,True
20260916,Bearing1_2,train,45,0.28125,0.42871161103248595,1.1150703,True
20260916,Bearing1_2,train,46,0.2875,0.5683443590998649,1.5229008,True
20260916,Bearing1_2,train,47,0.29375,0.6965172499418258,1.4904361,True
20260916,Bearing1_2,train,48,0.3,0.7418329954147339,0.83543664,True
20260916,Bearing1_2,train,49,0.30625,0.8133443295955658,1.0957223,True
20260916,Bearing1_2,train,50,0.3125,0.9322901785373687,1.6685673,True
20260916,Bearing1_2,train,51,0.31875,1.0811887741088868,1.7404267,True
20260916,Bearing1_2,train,52,0.325,1.2549773365259171,2.074182,True
20260916,Bearing1_2,train,53,0.33125,1.4223810881376266,2.270004,True
20260916,Bearing1_2,train,54,0.3375,1.6022448003292085,2.2097018,True
20260916,Bearing1_2,train,55,0.34375,1.7480854213237762,2.5734766,True
20260916,Bearing1_2,train,56,0.35,1.8678923070430755,2.7209697,True
20260916,Bearing1_2,train,57,0.35625,2.0161127984523772,2.972641,True
20260916,Bearing1_2,train,58,0.3625,2.2521312832832336,3.1956215,True
20260916,Bearing1_2,train,59,0.36875,2.474539303779602,3.3198025,True
20260916,Bearing1_2,train,60,0.375,2.653287661075592,3.4560509,True
20260916,Bearing1_2,train,61,0.38125,2.832476806640625,3.532318,True
20260916,Bearing1_2,train,62,0.3875,2.9976857900619507,3.7262719,True
20260916,Bearing1_2,train,63,0.39375,3.158437728881836,3.8775234,True
20260916,Bearing1_2,train,64,0.4,3.3361138820648195,3.9864633,True
20260916,Bearing1_2,train,65,0.40625,3.484426188468933,4.0565996,True
20260916,Bearing1_2,train,66,0.4125,3.624187731742859,4.118585,True
20260916,Bearing1_2,train,67,0.41875,3.7432156801223755,4.1629205,True
20260916,Bearing1_2,train,68,0.425,3.8430845975875854,4.1943107,True
20260916,Bearing1_2,train,69,0.43125,3.9323601722717285,4.2125583,True
20260916,Bearing1_2,train,70,0.4375,4.009967470169068,4.232124,True
20260916,Bearing1_2,train,71,0.44375,4.080334997177124,4.2359934,True
20260916,Bearing1_2,train,72,0.45,4.1329406023025514,4.252328,True
20260916,Bearing1_2,train,73,0.45625,4.171767544746399,4.265793,True
20260916,Bearing1_2,train,74,0.4625,4.201309871673584,4.2818866,True
20260916,Bearing1_2,train,75,0.46875,4.224462032318115,4.288121,True
20260916,Bearing1_2,train,76,0.475,4.242189550399781,4.2958603,True
20260916,Bearing1_2,train,77,0.48125,4.256128168106079,4.3023067,True
20260916,Bearing1_2,train,78,0.4875,4.268166494369507,4.314694,True
20260916,Bearing1_2,train,79,0.49375,4.278742551803589,4.318319,True
20260916,Bearing1_2,train,80,0.5,4.288671827316284,4.3314166,True
20260916,Bearing1_2,train,81,0.50625,4.299225759506226,4.3415327,True
20260916,Bearing1_2,train,82,0.5125,4.308238792419433,4.3424582,True
20260916,Bearing1_2,train,83,0.51875,4.316277408599854,4.346179,True
20260916,Bearing1_2,train,84,0.525,4.323532819747925,4.3544407,True
20260916,Bearing1_2,train,85,0.53125,4.330174350738526,4.3545365,True
20260916,Bearing1_2,train,86,0.5375,4.33647928237915,4.3589096,True
20260916,Bearing1_2,train,87,0.54375,4.3423810482025145,4.3613243,True
20260916,Bearing1_2,train,88,0.55,4.346808862686157,4.358972,True
20260916,Bearing1_2,train,89,0.55625,4.351254224777222,4.3627725,True
20260916,Bearing1_2,train,90,0.5625,4.354737710952759,4.3662515,True
20260916,Bearing1_2,train,91,0.56875,4.357692527770996,4.371081,True
20260916,Bearing1_2,train,92,0.575,4.3608733177185055,4.374266,True
20260916,Bearing1_2,train,93,0.58125,4.364221429824829,4.37966,True
20260916,Bearing1_2,train,94,0.5875,4.367069149017334,4.382918,True
20260916,Bearing1_2,train,95,0.59375,4.370135164260864,4.3851967,True
20260916,Bearing1_2,train,96,0.6,4.372914123535156,4.386699,True
20260916,Bearing1_2,train,97,0.60625,4.375536823272705,4.3875513,True
20260916,Bearing1_2,train,98,0.6125,4.378565406799316,4.389258,True
20260916,Bearing1_2,train,99,0.61875,4.38131422996521,4.3902607,True
20260916,Bearing1_2,train,100,0.625,4.383908414840699,4.3921933,True
20260916,Bearing1_2,train,101,0.63125,4.386281538009643,4.394812,True
20260916,Bearing1_2,train,102,0.6375,4.388644742965698,4.397898,True
20260916,Bearing1_2,train,103,0.64375,4.390690517425537,4.400118,True
20260916,Bearing1_2,train,104,0.65,4.392546033859253,4.401473,True
20260916,Bearing1_2,train,105,0.65625,4.394262409210205,4.4023604,True
20260916,Bearing1_2,train,106,0.6625,4.39584436416626,4.4025187,True
20260916,Bearing1_2,train,107,0.66875,4.397419834136963,4.403306,True
20260916,Bearing1_2,train,108,0.675,4.398933458328247,4.404394,True
20260916,Bearing1_2,train,109,0.68125,4.400381803512573,4.404744,True
20260916,Bearing1_2,train,110,0.6875,4.4017009258270265,4.4053845,True
20260916,Bearing1_2,train,111,0.69375,4.402725696563721,4.40506,True
20260916,Bearing1_2,train,112,0.7,4.403460454940796,4.405246,True
20260916,Bearing1_2,train,113,0.70625,4.40391993522644,4.4047127,True
20260916,Bearing1_2,train,114,0.7125,4.404188823699951,4.404162,True
20260916,Bearing1_2,train,115,0.71875,4.4044617176055905,4.4050894,True
20260916,Bearing1_2,train,116,0.725,4.4047548294067385,4.40545,True
20260916,Bearing1_2,train,117,0.73125,4.4050047397613525,4.405805,True
20260916,Bearing1_2,train,118,0.7375,4.405116128921509,4.405508,True
20260916,Bearing1_2,train,119,0.74375,4.405269432067871,4.406277,True
20260916,Bearing1_2,train,120,0.75,4.405407571792603,4.406766,True
20260916,Bearing1_2,train,121,0.75625,4.405675840377808,4.4077425,True
20260916,Bearing1_2,train,122,0.7625,4.406033849716186,4.408826,True
20260916,Bearing1_2,train,123,0.76875,4.406577062606812,4.410145,True
20260916,Bearing1_2,train,124,0.775,4.407237863540649,4.41077,True
20260916,Bearing1_2,train,125,0.78125,4.407940912246704,4.41212,True
20260916,Bearing1_2,train,126,0.7875,4.40864930152893,4.4125338,True
20260916,Bearing1_2,train,127,0.79375,4.409381437301636,4.4131265,True
20260916,Bearing1_2,train,128,0.8,4.410247421264648,4.414168,True
20260916,Bearing1_2,train,129,0.80625,4.411096477508545,4.4147677,True
20260916,Bearing1_2,train,130,0.8125,4.412011241912841,4.4159136,True
20260916,Bearing1_2,train,131,0.81875,4.41289439201355,4.416574,True
20260916,Bearing1_2,train,132,0.825,4.4137248516082765,4.4171305,True
20260916,Bearing1_2,train,133,0.83125,4.414537382125855,4.41827,True
20260916,Bearing1_2,train,134,0.8375,4.415338945388794,4.4187856,True
20260916,Bearing1_2,train,135,0.84375,4.416094207763672,4.4196725,True
20260916,Bearing1_2,train,136,0.85,4.416902351379394,4.420615,True
20260916,Bearing1_2,train,137,0.85625,4.417647743225098,4.4205804,True
20260916,Bearing1_2,train,138,0.8625,4.41835503578186,4.421241,True
20260916,Bearing1_2,train,139,0.86875,4.419000959396362,4.421227,True
20260916,Bearing1_2,train,140,0.875,4.419479036331177,4.4206944,True
20260916,Bearing1_2,train,141,0.88125,4.419881010055542,4.4205937,True
20260916,Bearing1_2,train,142,0.8875,4.4201959609985355,4.42028,True
20260916,Bearing1_2,train,143,0.89375,4.420339441299438,4.419705,True
20260916,Bearing1_2,train,144,0.9,4.4204048156738285,4.4194393,True
20260916,Bearing1_2,train,145,0.90625,4.420444774627685,4.420072,True
20260916,Bearing1_2,train,146,0.9125,4.420552968978882,4.421697,True
20260916,Bearing1_2,train,147,0.91875,4.42081847190857,4.4232354,True
20260916,Bearing1_2,train,148,0.925,4.421128654479981,4.4243426,True
20260916,Bearing1_2,train,149,0.93125,4.421550846099853,4.425449,True
20260916,Bearing1_2,train,150,0.9375,4.422172260284424,4.4269085,True
20260916,Bearing1_2,train,151,0.94375,4.422887229919434,4.4277434,True
20260916,Bearing1_2,train,152,0.95,4.423727369308471,4.4286814,True
20260916,Bearing1_2,train,153,0.95625,4.424727869033814,4.42971,True
20260916,Bearing1_2,train,154,0.9625,4.425847387313842,4.4306345,True
20260916,Bearing1_2,train,155,0.96875,4.426973819732666,4.4313364,True
20260916,Bearing1_2,train,156,0.975,4.427976942062378,4.4317284,True
20260916,Bearing1_2,train,157,0.98125,4.428926563262939,4.4327316,True
20260916,Bearing1_2,train,158,0.9875,4.429846286773682,4.43354,True
20260916,Bearing1_2,train,159,0.99375,4.430755472183227,4.4345407,True
20260916,Bearing1_2,train,160,1.0,4.431857013702393,4.437924,True
20260916,Bearing1_3,train,0,0.0,,0.50679004,False
20260916,Bearing1_3,train,1,0.006369426751592357,,0.29623142,False
20260916,Bearing1_3,train,2,0.012738853503184714,,0.17888051,False
20260916,Bearing1_3,train,3,0.01910828025477707,,0.09841309,False
20260916,Bearing1_3,train,4,0.025477707006369428,,0.035541885,False
20260916,Bearing1_3,train,5,0.03184713375796178,,0.0381195,False
20260916,Bearing1_3,train,6,0.03821656050955414,,0.071449615,False
20260916,Bearing1_3,train,7,0.044585987261146494,,0.07860552,False
20260916,Bearing1_3,train,8,0.050955414012738856,,0.091477506,False
20260916,Bearing1_3,train,9,0.05732484076433121,,0.103451796,False
20260916,Bearing1_3,train,10,0.06369426751592357,,0.11040267,False
20260916,Bearing1_3,train,11,0.07006369426751592,,0.11943703,False
20260916,Bearing1_3,train,12,0.07643312101910828,,0.123257115,False
20260916,Bearing1_3,train,13,0.08280254777070063,,0.12993185,False
20260916,Bearing1_3,train,14,0.08917197452229299,,0.12087325,False
20260916,Bearing1_3,train,15,0.09554140127388536,0.12347394227981567,0.12347394,True
20260916,Bearing1_3,train,16,0.10191082802547771,0.12425009906291962,0.12502626,True
20260916,Bearing1_3,train,17,0.10828025477707007,0.1249581774075826,0.12637433,True
20260916,Bearing1_3,train,18,0.11464968152866242,0.1292048804461956,0.14194499,True
20260916,Bearing1_3,train,19,0.12101910828025478,0.133917236328125,0.15276666,True
20260916,Bearing1_3,train,20,0.12738853503184713,0.13785084833701453,0.15751891,True
20260916,Bearing1_3,train,21,0.1337579617834395,0.1401799385036741,0.15415448,True
20260916,Bearing1_3,train,22,0.14012738853503184,0.14425857551395893,0.17280903,True
20260916,Bearing1_3,train,23,0.1464968152866242,0.1479878822962443,0.17782234,True
20260916,Bearing1_3,train,24,0.15286624203821655,0.1492191419005394,0.16030048,True
20260916,Bearing1_3,train,25,0.1592356687898089,0.15250876247882844,0.15637015,True
20260916,Bearing1_3,train,26,0.16560509554140126,0.15570251941680907,0.15696383,True
20260916,Bearing1_3,train,27,0.17197452229299362,0.15947552472352983,0.16410439,True
20260916,Bearing1_3,train,28,0.17834394904458598,0.16159698367118835,0.16315958,True
20260916,Bearing1_3,train,29,0.18471337579617833,0.16310531347990037,0.16784996,True
20260916,Bearing1_3,train,30,0.1910828025477707,0.16287700831890106,0.15523586,True
20260916,Bearing1_3,train,31,0.19745222929936307,0.16427187621593475,0.16810316,True
20260916,Bearing1_3,train,32,0.20382165605095542,0.1629234880208969,0.15932515,True
20260916,Bearing1_3,train,33,0.21019108280254778,0.16023025363683702,0.15089,True
20260916,Bearing1_3,train,34,0.21656050955414013,0.1589237004518509,0.14723495,True
20260916,Bearing1_3,train,35,0.2229299363057325,0.15855117738246918,0.15264492,True
20260916,Bearing1_3,train,36,0.22929936305732485,0.15851381421089172,0.1565902,True
20260916,Bearing1_3,train,37,0.2356687898089172,0.15650667548179625,0.144033,True
20260916,Bearing1_3,train,38,0.24203821656050956,0.15442272275686264,0.14232005,True
20260916,Bearing1_3,train,39,0.2484076433121019,0.15165914893150328,0.14021422,True
20260916,Bearing1_3,train,40,0.25477707006369427,0.1502667933702469,0.1413123,True
20260916,Bearing1_3,train,41,0.2611464968152866,0.14795637130737305,0.14499894,True
20260916,Bearing1_3,train,42,0.267515923566879,0.1466110661625862,0.1458721,True
20260916,Bearing1_3,train,43,0.27388535031847133,0.14556428790092468,0.14042221,True
20260916,Bearing1_3,train,44,0.2802547770700637,0.14533183127641677,0.14491038,True
20260916,Bearing1_3,train,45,0.28662420382165604,0.14441117495298386,0.14343835,True
20260916,Bearing1_3,train,46,0.2929936305732484,0.1429741933941841,0.14222038,True
20260916,Bearing1_3,train,47,0.29936305732484075,0.14315149188041687,0.14580598,True
20260916,Bearing1_3,train,48,0.3057324840764331,0.14337873458862305,0.14459248,True
20260916,Bearing1_3,train,49,0.31210191082802546,0.14479403495788573,0.15436722,True
20260916,Bearing1_3,train,50,0.3184713375796178,0.14524596631526948,0.14583161,True
20260916,Bearing1_3,train,51,0.3248407643312102,0.14502014517784118,0.14274073,True
20260916,Bearing1_3,train,52,0.33121019108280253,0.14419083744287492,0.13757902,True
20260916,Bearing1_3,train,53,0.3375796178343949,0.14396639168262482,0.13817775,True
20260916,Bearing1_3,train,54,0.34394904458598724,0.14342261850833893,0.13947265,True
20260916,Bearing1_3,train,55,0.3503184713375796,0.1432560682296753,0.14177285,True
20260916,Bearing1_3,train,56,0.35668789808917195,0.14288786202669143,0.13853832,True
20260916,Bearing1_3,train,57,0.3630573248407643,0.14230714738368988,0.13999884,True
20260916,Bearing1_3,train,58,0.36942675159235666,0.1442040517926216,0.16356152,True
20260916,Bearing1_3,train,59,0.37579617834394907,0.14809762686491013,0.19330297,True
20260916,Bearing1_3,train,60,0.3821656050955414,0.1572613000869751,0.23746835,True
20260916,Bearing1_3,train,61,0.3885350318471338,0.16371035128831862,0.20723124,True
20260916,Bearing1_3,train,62,0.39490445859872614,0.17310835868120195,0.2315591,True
20260916,Bearing1_3,train,63,0.4012738853503185,0.1829102009534836,0.23619618,True
20260916,Bearing1_3,train,64,0.40764331210191085,0.1904766395688057,0.21513703,True
20260916,Bearing1_3,train,65,0.4140127388535032,0.1969531551003456,0.206538,True
20260916,Bearing1_3,train,66,0.42038216560509556,0.20802346467971802,0.24924141,True
20260916,Bearing1_3,train,67,0.4267515923566879,0.22098533660173417,0.26961756,True
20260916,Bearing1_3,train,68,0.43312101910828027,0.23199962824583054,0.27370444,True
20260916,Bearing1_3,train,69,0.4394904458598726,0.2403267115354538,0.2765738,True
20260916,Bearing1_3,train,70,0.445859872611465,0.24376350194215773,0.27183625,True
20260916,Bearing1_3,train,71,0.45222929936305734,0.2579003572463989,0.3485998,True
20260916,Bearing1_3,train,72,0.4585987261146497,0.27695934772491454,0.422149,True
20260916,Bearing1_3,train,73,0.46496815286624205,0.2941426619887352,0.40802932,True
20260916,Bearing1_3,train,74,0.4713375796178344,0.31728119105100633,0.44652233,True
20260916,Bearing1_3,train,75,0.47770700636942676,0.3424792349338531,0.45851845,True
20260916,Bearing1_3,train,76,0.4840764331210191,0.36653611063957214,0.48981017,True
20260916,Bearing1_3,train,77,0.49044585987261147,0.3912419378757477,0.51667583,True
20260916,Bearing1_3,train,78,0.4968152866242038,0.41884114444255827,0.5496965,True
20260916,Bearing1_3,train,79,0.5031847133757962,0.44102667570114135,0.49842912,True
20260916,Bearing1_3,train,80,0.5095541401273885,0.469630965590477,0.55787915,True
20260916,Bearing1_3,train,81,0.5159235668789809,0.4897854596376419,0.55014473,True
20260916,Bearing1_3,train,82,0.5222929936305732,0.5072334438562394,0.59662884,True
20260916,Bearing1_3,train,83,0.5286624203821656,0.5295646876096726,0.63134176,True
20260916,Bearing1_3,train,84,0.535031847133758,0.5474819064140319,0.6256945,True
20260916,Bearing1_3,train,85,0.5414012738853503,0.5649332046508789,0.6330314,True
20260916,Bearing1_3,train,86,0.5477707006369427,0.5727303326129913,0.56778145,True
20260916,Bearing1_3,train,87,0.554140127388535,0.586208701133728,0.6514595,True
20260916,Bearing1_3,train,88,0.5605095541401274,0.6041386663913727,0.72899616,True
20260916,Bearing1_3,train,89,0.5668789808917197,0.6275838732719421,0.7328812,True
20260916,Bearing1_3,train,90,0.5732484076433121,0.6459583520889283,0.74162394,True
20260916,Bearing1_3,train,91,0.5796178343949044,0.6990974724292756,1.0815359,True
20260916,Bearing1_3,train,92,0.5859872611464968,0.751597785949707,1.121632,True
20260916,Bearing1_3,train,93,0.5923566878980892,0.816326481103897,1.2786287,True
20260916,Bearing1_3,train,94,0.5987261146496815,0.8862869560718536,1.3252993,True
20260916,Bearing1_3,train,95,0.6050955414012739,0.9676767945289612,1.4469298,True
20260916,Bearing1_3,train,96,0.6114649681528662,1.0532028913497924,1.4230424,True
20260916,Bearing1_3,train,97,0.6178343949044586,1.1255170404911041,1.374601,True
20260916,Bearing1_3,train,98,0.6242038216560509,1.2012038290500642,1.485864,True
20260916,Bearing1_3,train,99,0.6305732484076433,1.2803823173046112,1.5246661,True
20260916,Bearing1_3,train,100,0.6369426751592356,1.364796268939972,1.5857635,True
20260916,Bearing1_3,train,101,0.643312101910828,1.422296905517578,1.6565423,True
20260916,Bearing1_3,train,102,0.6496815286624203,1.487977349758148,1.7784364,True
20260916,Bearing1_3,train,103,0.6560509554140127,1.5415907859802247,1.8147631,True
20260916,Bearing1_3,train,104,0.6624203821656051,1.5973242282867433,1.8826337,True
20260916,Bearing1_3,train,105,0.6687898089171974,1.6494764685630798,1.9684522,True
20260916,Bearing1_3,train,106,0.6751592356687898,1.7123453617095947,2.0517313,True
20260916,Bearing1_3,train,107,0.6815286624203821,1.7944673418998718,2.1958208,True
20260916,Bearing1_3,train,108,0.6878980891719745,1.8679338455200196,2.220529,True
20260916,Bearing1_3,train,109,0.6942675159235668,1.9474785804748536,2.3201134,True
20260916,Bearing1_3,train,110,0.7006369426751592,2.030855965614319,2.4195373,True
20260916,Bearing1_3,train,111,0.7070063694267515,2.0985668420791628,2.333651,True
20260916,Bearing1_3,train,112,0.7133757961783439,2.1620827674865724,2.4135957,True
20260916,Bearing1_3,train,113,0.7197452229299363,2.231287431716919,2.5068097,True
20260916,Bearing1_3,train,114,0.7261146496815286,2.2923508167266844,2.4932675,True
20260916,Bearing1_3,train,115,0.732484076433121,2.3412423849105837,2.457368,True
20260916,Bearing1_3,train,116,0.7388535031847133,2.392954969406128,2.5688572,True
20260916,Bearing1_3,train,117,0.7452229299363057,2.4332276344299317,2.5985475,True
20260916,Bearing1_3,train,118,0.7515923566878981,2.4781851768493652,2.6701045,True
20260916,Bearing1_3,train,119,0.7579617834394905,2.523902416229248,2.7772858,True
20260916,Bearing1_3,train,120,0.7643312101910829,2.5695693731307983,2.8762069,True
20260916,Bearing1_3,train,121,0.7707006369426752,2.629725980758667,2.9352171,True
20260916,Bearing1_3,train,122,0.7770700636942676,2.6933501720428468,3.0498376,True
20260916,Bearing1_3,train,123,0.7834394904458599,2.7621711015701296,3.195019,True
20260916,Bearing1_3,train,124,0.7898089171974523,2.843636465072632,3.3079212,True
20260916,Bearing1_3,train,125,0.7961783439490446,2.9310075521469114,3.3310788,True
20260916,Bearing1_3,train,126,0.802547770700637,3.0152676105499268,3.4114578,True
20260916,Bearing1_3,train,127,0.8089171974522293,3.1029725074768066,3.4755964,True
20260916,Bearing1_3,train,128,0.8152866242038217,3.1958657264709474,3.5990367,True
20260916,Bearing1_3,train,129,0.821656050955414,3.2888522148132324,3.7071507,True
20260916,Bearing1_3,train,130,0.8280254777070064,3.375702977180481,3.7447145,True
20260916,Bearing1_3,train,131,0.8343949044585988,3.4681351661682127,3.859539,True
20260916,Bearing1_3,train,132,0.8407643312101911,3.5578914880752563,3.9474008,True
20260916,Bearing1_3,train,133,0.8471337579617835,3.6410216331481933,4.0263205,True
20260916,Bearing1_3,train,134,0.8535031847133758,3.71866352558136,4.08434,True
20260916,Bearing1_3,train,135,0.8598726114649682,3.798214912414551,4.1265926,True
20260916,Bearing1_3,train,136,0.8662420382165605,3.873481583595276,4.1641245,True
20260916,Bearing1_3,train,137,0.8726114649681529,3.9453295946121214,4.1940765,True
20260916,Bearing1_3,train,138,0.8789808917197452,4.007252621650696,4.218267,True
20260916,Bearing1_3,train,139,0.8853503184713376,4.059835386276245,4.2329783,True
20260916,Bearing1_3,train,140,0.89171974522293,4.110120558738709,4.247566,True
20260916,Bearing1_3,train,141,0.8980891719745223,4.150150990486145,4.2598433,True
20260916,Bearing1_3,train,142,0.9044585987261147,4.182552433013916,4.271415,True
20260916,Bearing1_3,train,143,0.910828025477707,4.208092498779297,4.281721,True
20260916,Bearing1_3,train,144,0.9171974522292994,4.22846794128418,4.2880945,True
20260916,Bearing1_3,train,145,0.9235668789808917,4.246233081817627,4.304244,True
20260916,Bearing1_3,train,146,0.9299363057324841,4.260958862304688,4.3113823,True
20260916,Bearing1_3,train,147,0.9363057324840764,4.2731915473937985,4.3164034,True
20260916,Bearing1_3,train,148,0.9426751592356688,4.283706283569336,4.3234143,True
20260916,Bearing1_3,train,149,0.9490445859872612,4.294397592544556,4.3398914,True
20260916,Bearing1_3,train,150,0.9554140127388535,4.304696989059448,4.35056,True
20260916,Bearing1_3,train,151,0.9617834394904459,4.314577960968018,4.358653,True
20260916,Bearing1_3,train,152,0.9681528662420382,4.3240447521209715,4.366083,True
20260916,Bearing1_3,train,153,0.9745222929936306,4.332898855209351,4.370262,True
20260916,Bearing1_3,train,154,0.9808917197452229,4.341582727432251,4.3749332,True
20260916,Bearing1_3,train,155,0.9872611464968153,4.34899206161499,4.3783374,True
20260916,Bearing1_3,train,156,0.9936305732484076,4.356014442443848,4.381606,True
20260916,Bearing1_3,train,157,1.0,4.362792873382569,4.3841877,True
20260916,Bearing1_4,validation,0,0.0,,0.6330052,False
20260916,Bearing1_4,validation,1,0.008264462809917356,,0.28462583,False
20260916,Bearing1_4,validation,2,0.01652892561983471,,0.15116131,False
20260916,Bearing1_4,validation,3,0.024793388429752067,,0.07669893,False
20260916,Bearing1_4,validation,4,0.03305785123966942,,0.03779316,False
20260916,Bearing1_4,validation,5,0.04132231404958678,,0.04425658,False
20260916,Bearing1_4,validation,6,0.049586776859504134,,0.065445274,False
20260916,Bearing1_4,validation,7,0.05785123966942149,,0.08050101,False
20260916,Bearing1_4,validation,8,0.06611570247933884,,0.103141166,False
20260916,Bearing1_4,validation,9,0.0743801652892562,,0.11761196,False
20260916,Bearing1_4,validation,10,0.08264462809917356,,0.13079119,False
20260916,Bearing1_4,validation,11,0.09090909090909091,,0.13451575,False
20260916,Bearing1_4,validation,12,0.09917355371900827,,0.14177716,False
20260916,Bearing1_4,validation,13,0.10743801652892562,,0.15763475,False
20260916,Bearing1_4,validation,14,0.11570247933884298,,0.16626295,False
20260916,Bearing1_4,validation,15,0.12396694214876033,0.17140454053878784,0.17140454,True
20260916,Bearing1_4,validation,16,0.1322314049586777,0.17255782335996628,0.1737111,True
20260916,Bearing1_4,validation,17,0.14049586776859505,0.17417537669340769,0.17741048,True
20260916,Bearing1_4,validation,18,0.1487603305785124,0.1742449440062046,0.17445365,True
20260916,Bearing1_4,validation,19,0.15702479338842976,0.17482471466064453,0.1771438,True
20260916,Bearing1_4,validation,20,0.1652892561983471,0.17880359788735709,0.19869801,True
20260916,Bearing1_4,validation,21,0.17355371900826447,0.1789720697062356,0.1799829,True
20260916,Bearing1_4,validation,22,0.18181818181818182,0.18154104053974152,0.19952384,True
20260916,Bearing1_4,validation,23,0.19008264462809918,0.18302996125486162,0.19494133,True
20260916,Bearing1_4,validation,24,0.19834710743801653,0.18455324918031693,0.19826284,True
20260916,Bearing1_4,validation,25,0.2066115702479339,0.18923565596342087,0.21822861,True
20260916,Bearing1_4,validation,26,0.21487603305785125,0.19315191805362703,0.21287373,True
20260916,Bearing1_4,validation,27,0.2231404958677686,0.19591482430696489,0.20503955,True
20260916,Bearing1_4,validation,28,0.23140495867768596,0.1980589061975479,0.19589446,True
20260916,Bearing1_4,validation,29,0.2396694214876033,0.1977642819285393,0.17419755,True
20260916,Bearing1_4,validation,30,0.24793388429752067,0.19528937190771103,0.17394891,True
20260916,Bearing1_4,validation,31,0.256198347107438,0.1936470627784729,0.16355981,True
20260916,Bearing1_4,validation,32,0.2644628099173554,0.1916014790534973,0.179068,True
20260916,Bearing1_4,validation,33,0.2727272727272727,0.18965503424406052,0.17547688,True
20260916,Bearing1_4,validation,34,0.2809917355371901,0.1869605377316475,0.17131788,True
20260916,Bearing1_4,validation,35,0.2892561983471074,0.1831356793642044,0.17998002,True
20260916,Bearing1_4,validation,36,0.2975206611570248,0.1784365579485893,0.16588251,True
20260916,Bearing1_4,validation,37,0.30578512396694213,0.17717090249061584,0.19238299,True
20260916,Bearing1_4,validation,38,0.3140495867768595,0.17861714214086533,0.21035686,True
20260916,Bearing1_4,validation,39,0.32231404958677684,0.18068249076604842,0.19485104,True
20260916,Bearing1_4,validation,40,0.3305785123966942,0.1825780987739563,0.192905,True
20260916,Bearing1_4,validation,41,0.33884297520661155,0.18501720875501632,0.18795091,True
20260916,Bearing1_4,validation,42,0.34710743801652894,0.18444606959819793,0.17335661,True
20260916,Bearing1_4,validation,43,0.35537190082644626,0.18619740903377532,0.19299027,True
20260916,Bearing1_4,validation,44,0.36363636363636365,0.18693383038043976,0.17868209,True
20260916,Bearing1_4,validation,45,0.371900826446281,0.1873324230313301,0.18396595,True
20260916,Bearing1_4,validation,46,0.38016528925619836,0.1878367006778717,0.17092529,True
20260916,Bearing1_4,validation,47,0.3884297520661157,0.18485944867134094,0.16261047,True
20260916,Bearing1_4,validation,48,0.39669421487603307,0.17871363312005997,0.1488987,True
20260916,Bearing1_4,validation,49,0.4049586776859504,0.17390967905521393,0.1468115,True
20260916,Bearing1_4,validation,50,0.4132231404958678,0.1732885494828224,0.1866937,True
20260916,Bearing1_4,validation,51,0.4214876033057851,0.17484223693609238,0.20348778,True
20260916,Bearing1_4,validation,52,0.4297520661157025,0.1776556611061096,0.20149085,True
20260916,Bearing1_4,validation,53,0.4380165289256198,0.18258485198020935,0.24228218,True
20260916,Bearing1_4,validation,54,0.4462809917355372,0.18775632232427597,0.23039679,True
20260916,Bearing1_4,validation,55,0.45454545454545453,0.19030743688344956,0.2094771,True
20260916,Bearing1_4,validation,56,0.4628099173553719,0.19864957183599471,0.25434664,True
20260916,Bearing1_4,validation,57,0.47107438016528924,0.2072693258523941,0.24880801,True
20260916,Bearing1_4,validation,58,0.4793388429752066,0.21599758565425872,0.2361813,True
20260916,Bearing1_4,validation,59,0.48760330578512395,0.22480811178684235,0.23491676,True
20260916,Bearing1_4,validation,60,0.49586776859504134,0.23219861090183258,0.2605987,True
20260916,Bearing1_4,validation,61,0.5041322314049587,0.23174822628498076,0.19898394,True
20260916,Bearing1_4,validation,62,0.512396694214876,0.23301150053739547,0.21412359,True
20260916,Bearing1_4,validation,63,0.5206611570247934,0.23143686801195146,0.22653586,True
20260916,Bearing1_4,validation,64,0.5289256198347108,0.2327605441212654,0.24363355,True
20260916,Bearing1_4,validation,65,0.5371900826446281,0.23792156726121902,0.26108733,True
20260916,Bearing1_4,validation,66,0.5454545454545454,0.23888700753450393,0.26400104,True
20260916,Bearing1_4,validation,67,0.5537190082644629,0.23965564966201783,0.25649443,True
20260916,Bearing1_4,validation,68,0.5619834710743802,0.24245754927396773,0.2642003,True
20260916,Bearing1_4,validation,69,0.5702479338842975,0.2458452045917511,0.2687933,True
20260916,Bearing1_4,validation,70,0.5785123966942148,0.24772704839706422,0.27941713,True
20260916,Bearing1_4,validation,71,0.5867768595041323,0.25243858695030214,0.24609932,True
20260916,Bearing1_4,validation,72,0.5950413223140496,0.25842220336198807,0.27395976,True
20260916,Bearing1_4,validation,73,0.6033057851239669,0.2623146429657936,0.26546025,True
20260916,Bearing1_4,validation,74,0.6115702479338843,0.2691519170999527,0.3120063,True
20260916,Bearing1_4,validation,75,0.6198347107438017,0.2713901370763779,0.28346953,True
20260916,Bearing1_4,validation,76,0.628099173553719,0.27600457668304446,0.31014544,True
20260916,Bearing1_4,validation,77,0.6363636363636364,0.2811659753322601,0.30810842,True
20260916,Bearing1_4,validation,78,0.6446280991735537,0.2855408787727356,0.30794933,True
20260916,Bearing1_4,validation,79,0.6528925619834711,0.29396821558475494,0.35306668,True
20260916,Bearing1_4,validation,80,0.6611570247933884,0.321178537607193,0.55152035,True
20260916,Bearing1_4,validation,81,0.6694214876033058,0.3571715623140335,0.60602957,True
20260916,Bearing1_4,validation,82,0.6776859504132231,0.39334829747676847,0.6357271,True
20260916,Bearing1_4,validation,83,0.6859504132231405,0.448120978474617,0.81318706,True
20260916,Bearing1_4,validation,84,0.6942148760330579,0.5105513960123063,0.93631047,True
20260916,Bearing1_4,validation,85,0.7024793388429752,0.5840910136699676,1.0188657,True
20260916,Bearing1_4,validation,86,0.7107438016528925,0.6467254281044006,0.9364896,True
20260916,Bearing1_4,validation,87,0.71900826446281,0.7282330423593522,1.1231846,True
20260916,Bearing1_4,validation,88,0.7272727272727273,0.816408371925354,1.1897026,True
20260916,Bearing1_4,validation,89,0.7355371900826446,0.9193962574005127,1.3829455,True
20260916,Bearing1_4,validation,90,0.743801652892562,0.9928618907928467,1.2861767,True
20260916,Bearing1_4,validation,91,0.7520661157024794,1.0472241938114166,1.1496526,True
20260916,Bearing1_4,validation,92,0.7603305785123967,1.0999244332313538,1.1627295,True
20260916,Bearing1_4,validation,93,0.768595041322314,1.130261904001236,1.1165618,True
20260916,Bearing1_4,validation,94,0.7768595041322314,1.1423321127891541,1.0570126,True
20260916,Bearing1_4,validation,95,0.7851239669421488,1.1355816960334777,0.95136154,True
20260916,Bearing1_4,validation,96,0.7933884297520661,1.1370234727859496,0.95090735,True
20260916,Bearing1_4,validation,97,0.8016528925619835,1.1243205726146699,0.99615556,True
20260916,Bearing1_4,validation,98,0.8099173553719008,1.1042721092700958,0.989218,True
20260916,Bearing1_4,validation,99,0.8181818181818182,1.0600433707237245,0.94065815,True
20260916,Bearing1_4,validation,100,0.8264462809917356,1.021779578924179,0.90353876,True
20260916,Bearing1_4,validation,101,0.8347107438016529,1.0012097299098968,0.9439541,True
20260916,Bearing1_4,validation,102,0.8429752066115702,0.9747095882892609,0.8977281,True
20260916,Bearing1_4,validation,103,0.8512396694214877,0.9462920129299164,0.832386,True
20260916,Bearing1_4,validation,104,0.859504132231405,0.9315490543842315,0.909583,True
20260916,Bearing1_4,validation,105,0.8677685950413223,0.9244199991226196,0.880071,True
20260916,Bearing1_4,validation,106,0.8760330578512396,0.9232513248920441,0.9392206,True
20260916,Bearing1_4,validation,107,0.8842975206611571,0.9105347037315369,0.86898935,True
20260916,Bearing1_4,validation,108,0.8925619834710744,0.892087185382843,0.8047428,True
20260916,Bearing1_4,validation,109,0.9008264462809917,0.8900759816169739,0.9205461,True
20260916,Bearing1_4,validation,110,0.9090909090909091,0.8870400130748749,0.8731791,True
20260916,Bearing1_4,validation,111,0.9173553719008265,0.8820717036724091,0.894271,True
20260916,Bearing1_4,validation,112,0.9256198347107438,0.8813915014266968,0.89092606,True
20260916,Bearing1_4,validation,113,0.9338842975206612,0.8814081013202667,0.832552,True
20260916,Bearing1_4,validation,114,0.9421487603305785,0.8691963791847229,0.78746575,True
20260916,Bearing1_4,validation,115,0.9504132231404959,0.8593316912651062,0.7814241,True
20260916,Bearing1_4,validation,116,0.9586776859504132,0.8447928726673126,0.7938324,True
20260916,Bearing1_4,validation,117,0.9669421487603306,0.8390723168849945,0.8117838,True
20260916,Bearing1_4,validation,118,0.9752066115702479,0.842844831943512,0.84246796,True
20260916,Bearing1_4,validation,119,0.9834710743801653,0.8254568338394165,0.74666613,True
20260916,Bearing1_4,validation,120,0.9917355371900827,0.8283196985721588,0.9018077,True
20260916,Bearing1_4,validation,121,1.0,0.9113220036029815,1.7242941,True
20260916,Bearing1_5,holdout_test,0,0.0,,0.60925937,False
20260916,Bearing1_5,holdout_test,1,0.0196078431372549,,0.2830563,False
20260916,Bearing1_5,holdout_test,2,0.0392156862745098,,0.13874118,False
20260916,Bearing1_5,holdout_test,3,0.058823529411764705,,0.0644057,False
20260916,Bearing1_5,holdout_test,4,0.0784313725490196,,0.037824217,False
20260916,Bearing1_5,holdout_test,5,0.09803921568627451,,0.04569536,False
20260916,Bearing1_5,holdout_test,6,0.11764705882352941,,0.06528352,False
20260916,Bearing1_5,holdout_test,7,0.13725490196078433,,0.086647235,False
20260916,Bearing1_5,holdout_test,8,0.1568627450980392,,0.100023836,False
20260916,Bearing1_5,holdout_test,9,0.17647058823529413,,0.10896952,False
20260916,Bearing1_5,holdout_test,10,0.19607843137254902,,0.118110344,False
20260916,Bearing1_5,holdout_test,11,0.21568627450980393,,0.11892384,False
20260916,Bearing1_5,holdout_test,12,0.23529411764705882,,0.12563822,False
20260916,Bearing1_5,holdout_test,13,0.2549019607843137,,0.12834486,False
20260916,Bearing1_5,holdout_test,14,0.27450980392156865,,0.13450782,False
20260916,Bearing1_5,holdout_test,15,0.29411764705882354,0.12867571413516998,0.12867571,True
20260916,Bearing1_5,holdout_test,16,0.3137254901960784,0.1281401589512825,0.1276046,True
20260916,Bearing1_5,holdout_test,17,0.3333333333333333,0.12794305384159088,0.12754884,True
20260916,Bearing1_5,holdout_test,18,0.35294117647058826,0.12746787443757057,0.12604234,True
20260916,Bearing1_5,holdout_test,19,0.37254901960784315,0.1273169755935669,0.12671338,True
20260916,Bearing1_5,holdout_test,20,0.39215686274509803,0.12791472176710764,0.13090345,True
20260916,Bearing1_5,holdout_test,21,0.4117647058823529,0.12843368308884756,0.13154745,True
20260916,Bearing1_5,holdout_test,22,0.43137254901960786,0.12919986434280872,0.13456313,True
20260916,Bearing1_5,holdout_test,23,0.45098039215686275,0.1295997036827935,0.13279842,True
20260916,Bearing1_5,holdout_test,24,0.47058823529411764,0.1301333039999008,0.1349357,True
20260916,Bearing1_5,holdout_test,25,0.49019607843137253,0.13096938729286195,0.13703655,True
20260916,Bearing1_5,holdout_test,26,0.5098039215686274,0.13226777464151382,0.14058848,True
20260916,Bearing1_5,holdout_test,27,0.5294117647058824,0.13253588676452638,0.13022996,True
20260916,Bearing1_5,holdout_test,28,0.5490196078431373,0.13264963477849961,0.12717982,True
20260916,Bearing1_5,holdout_test,29,0.5686274509803921,0.13194552809000015,0.11967231,True
20260916,Bearing1_5,holdout_test,30,0.5882352941176471,0.13087185621261596,0.120166734,True
20260916,Bearing1_5,holdout_test,31,0.6078431372549019,0.1295478366315365,0.118307255,True
20260916,Bearing1_5,holdout_test,32,0.6274509803921569,0.12789707854390145,0.11805555,True
20260916,Bearing1_5,holdout_test,33,0.6470588235294118,0.1291607402265072,0.14543504,True
20260916,Bearing1_5,holdout_test,34,0.6666666666666666,0.1467458002269268,0.3107863,True
20260916,Bearing1_5,holdout_test,35,0.6862745098039216,0.18291585817933081,0.49873713,True
20260916,Bearing1_5,holdout_test,36,0.7058823529411765,0.24847431406378745,0.79617304,True
20260916,Bearing1_5,holdout_test,37,0.7254901960784313,0.341080666333437,1.0562935,True
20260916,Bearing1_5,holdout_test,38,0.7450980392156863,0.451521759480238,1.2315907,True
20260916,Bearing1_5,holdout_test,39,0.7647058823529411,0.6071871437132359,1.6763262,True
20260916,Bearing1_5,holdout_test,40,0.7843137254901961,0.8000196181237698,2.0484915,True
20260916,Bearing1_5,holdout_test,41,0.803921568627451,1.0260189116001128,2.3783002,True
20260916,Bearing1_5,holdout_test,42,0.8235294117647058,1.2768003553152085,2.62587,True
20260916,Bearing1_5,holdout_test,43,0.8431372549019608,1.5405526548624038,2.782958,True
20260916,Bearing1_5,holdout_test,44,0.8627450980392157,1.7975035279989242,2.880295,True
20260916,Bearing1_5,holdout_test,45,0.8823529411764706,2.0424469292163847,2.9481711,True
20260916,Bearing1_5,holdout_test,46,0.9019607843137255,2.2622345805168154,2.9940495,True
20260916,Bearing1_5,holdout_test,47,0.9215686274509803,2.459006369113922,3.0240114,True
20260916,Bearing1_5,holdout_test,48,0.9411764705882353,2.6406187891960142,3.047715,True
20260916,Bearing1_5,holdout_test,49,0.9607843137254902,2.7793020486831663,3.0631588,True
20260916,Bearing1_5,holdout_test,50,0.9803921568627451,2.8834521532058717,3.0899925,True
20260916,Bearing1_5,holdout_test,51,1.0,2.957307815551758,3.1168568,True
20260917,Bearing1_1,train,0,0.0,,0.15196554,False
20260917,Bearing1_1,train,1,0.00819672131147541,,0.23914018,False
20260917,Bearing1_1,train,2,0.01639344262295082,,0.2538631,False
20260917,Bearing1_1,train,3,0.02459016393442623,,0.23974386,False
20260917,Bearing1_1,train,4,0.03278688524590164,,0.17916025,False
20260917,Bearing1_1,train,5,0.040983606557377046,,0.12683162,False
20260917,Bearing1_1,train,6,0.04918032786885246,,0.07020344,False
20260917,Bearing1_1,train,7,0.05737704918032787,,0.066661045,False
20260917,Bearing1_1,train,8,0.06557377049180328,,0.054302238,False
20260917,Bearing1_1,train,9,0.07377049180327869,,0.046643153,False
20260917,Bearing1_1,train,10,0.08196721311475409,,0.09397963,False
20260917,Bearing1_1,train,11,0.09016393442622951,,0.21850936,False
20260917,Bearing1_1,train,12,0.09836065573770492,,0.2489822,False
20260917,Bearing1_1,train,13,0.10655737704918032,,0.308937,False
20260917,Bearing1_1,train,14,0.11475409836065574,,0.28466737,False
20260917,Bearing1_1,train,15,0.12295081967213115,0.3215997815132141,0.32159978,True
20260917,Bearing1_1,train,16,0.13114754098360656,0.3417368680238724,0.36187395,True
20260917,Bearing1_1,train,17,0.13934426229508196,0.3732275466124217,0.4362089,True
20260917,Bearing1_1,train,18,0.14754098360655737,0.3839813396334648,0.41624272,True
20260917,Bearing1_1,train,19,0.1557377049180328,0.39463770389556885,0.43726316,True
20260917,Bearing1_1,train,20,0.16393442622950818,0.40192611515522003,0.43836817,True
20260917,Bearing1_1,train,21,0.1721311475409836,0.42743941290037973,0.5805192,True
20260917,Bearing1_1,train,22,0.18032786885245902,0.4277081564068794,0.42958936,True
20260917,Bearing1_1,train,23,0.1885245901639344,0.44122063451343113,0.54932046,True
20260917,Bearing1_1,train,24,0.19672131147540983,0.46209505796432493,0.64996487,True
20260917,Bearing1_1,train,25,0.20491803278688525,0.48904078602790835,0.59105706,True
20260917,Bearing1_1,train,26,0.21311475409836064,0.5132370501756668,0.6038366,True
20260917,Bearing1_1,train,27,0.22131147540983606,0.5488300710916519,0.7921391,True
20260917,Bearing1_1,train,28,0.22950819672131148,0.5747292369604111,0.6752344,True
20260917,Bearing1_1,train,29,0.23770491803278687,0.6044367790222168,0.7343386,True
20260917,Bearing1_1,train,30,0.2459016393442623,0.6444833606481553,0.838834,True
20260917,Bearing1_1,train,31,0.2540983606557377,0.6689991623163223,0.8256772,True
20260917,Bearing1_1,train,32,0.26229508196721313,0.6972349464893342,0.7119472,True
20260917,Bearing1_1,train,33,0.27049180327868855,0.7158663868904114,0.73563486,True
20260917,Bearing1_1,train,34,0.2786885245901639,0.7444204092025757,0.9355051,True
20260917,Bearing1_1,train,35,0.28688524590163933,0.7889967679977417,1.0368207,True
20260917,Bearing1_1,train,36,0.29508196721311475,0.8086562275886535,0.8004312,True
20260917,Bearing1_1,train,37,0.30327868852459017,0.8256707429885864,0.96228427,True
20260917,Bearing1_1,train,38,0.3114754098360656,0.842688113451004,0.8454081,True
20260917,Bearing1_1,train,39,0.319672131147541,0.8500810623168945,0.8082681,True
20260917,Bearing1_1,train,40,0.32786885245901637,0.8741218984127045,1.0792423,True
20260917,Bearing1_1,train,41,0.3360655737704918,0.8834028482437134,0.9184867,True
20260917,Bearing1_1,train,42,0.3442622950819672,0.8904409110546112,0.78232783,True
20260917,Bearing1_1,train,43,0.3524590163934426,0.8833097755908966,0.6643235,True
20260917,Bearing1_1,train,44,0.36065573770491804,0.8846526205539703,0.94893354,True
20260917,Bearing1_1,train,45,0.36885245901639346,0.8631886541843414,0.822181,True
20260917,Bearing1_1,train,46,0.3770491803278688,0.8850024342536926,1.018569,True
20260917,Bearing1_1,train,47,0.38524590163934425,0.8851936876773834,0.9641968,True
20260917,Bearing1_1,train,48,0.39344262295081966,0.8765161275863648,0.7586325,True
20260917,Bearing1_1,train,49,0.4016393442622951,0.868803471326828,0.7311415,True
20260917,Bearing1_1,train,50,0.4098360655737705,0.8445518732070922,0.83672637,True
20260917,Bearing1_1,train,51,0.4180327868852459,0.8263745546340943,0.7367135,True
20260917,Bearing1_1,train,52,0.4262295081967213,0.825879430770874,0.7773766,True
20260917,Bearing1_1,train,53,0.4344262295081967,0.8408989071846008,0.8145183,True
20260917,Bearing1_1,train,54,0.4426229508196721,0.8222924709320069,0.7628692,True
20260917,Bearing1_1,train,55,0.45081967213114754,0.8220664501190186,0.8199208,True
20260917,Bearing1_1,train,56,0.45901639344262296,0.8116591989994049,0.9144965,True
20260917,Bearing1_1,train,57,0.4672131147540984,0.7967604517936706,0.8152093,True
20260917,Bearing1_1,train,58,0.47540983606557374,0.8040594518184662,0.8316225,True
20260917,Bearing1_1,train,59,0.48360655737704916,0.8142199456691742,0.83274645,True
20260917,Bearing1_1,train,60,0.4918032786885246,0.8130494832992554,0.82502174,True
20260917,Bearing1_1,train,61,0.5,0.8271880567073822,0.87809926,True
20260917,Bearing1_1,train,62,0.5081967213114754,0.8248727858066559,0.7542239,True
20260917,Bearing1_1,train,63,0.5163934426229508,0.8146916627883911,0.71270704,True
20260917,Bearing1_1,train,64,0.5245901639344263,0.8309787213802338,0.92573977,True
20260917,Bearing1_1,train,65,0.5327868852459017,0.8425323486328125,0.93545705,True
20260917,Bearing1_1,train,66,0.5409836065573771,0.8574537217617035,1.0637102,True
20260917,Bearing1_1,train,67,0.5491803278688525,0.881325113773346,1.0539232,True
20260917,Bearing1_1,train,68,0.5573770491803278,0.9075670957565307,1.0940423,True
20260917,Bearing1_1,train,69,0.5655737704918032,0.9435799777507782,1.1928753,True
20260917,Bearing1_1,train,70,0.5737704918032787,1.0000095665454865,1.3893176,True
20260917,Bearing1_1,train,71,0.5819672131147541,1.0718949437141418,1.596953,True
20260917,Bearing1_1,train,72,0.5901639344262295,1.1779779374599457,1.8150538,True
20260917,Bearing1_1,train,73,0.5983606557377049,1.3071138322353364,2.004066,True
20260917,Bearing1_1,train,74,0.6065573770491803,1.4383396565914155,2.237998,True
20260917,Bearing1_1,train,75,0.6147540983606558,1.5997668623924255,2.549729,True
20260917,Bearing1_1,train,76,0.6229508196721312,1.7594298481941224,2.66034,True
20260917,Bearing1_1,train,77,0.6311475409836066,1.948818850517273,2.9478133,True
20260917,Bearing1_1,train,78,0.639344262295082,2.171290946006775,3.3187633,True
20260917,Bearing1_1,train,79,0.6475409836065574,2.408519375324249,3.5651596,True
20260917,Bearing1_1,train,80,0.6557377049180327,2.6430715799331663,3.7348397,True
20260917,Bearing1_1,train,81,0.6639344262295082,2.8685622334480287,3.8518596,True
20260917,Bearing1_1,train,82,0.6721311475409836,3.080623006820679,3.9356616,True
20260917,Bearing1_1,train,83,0.680327868852459,3.2805287837982178,4.0031238,True
20260917,Bearing1_1,train,84,0.6885245901639344,3.462063026428223,4.0533404,True
20260917,Bearing1_1,train,85,0.6967213114754098,3.61628258228302,4.0919247,True
20260917,Bearing1_1,train,86,0.7049180327868853,3.762347936630249,4.1209936,True
20260917,Bearing1_1,train,87,0.7131147540983607,3.88203341960907,4.144668,True
20260917,Bearing1_1,train,88,0.7213114754098361,3.966513514518738,4.163564,True
20260917,Bearing1_1,train,89,0.7295081967213115,4.028019142150879,4.180216,True
20260917,Bearing1_1,train,90,0.7377049180327869,4.073990845680237,4.1945567,True
20260917,Bearing1_1,train,91,0.7459016393442623,4.109286570549012,4.204817,True
20260917,Bearing1_1,train,92,0.7540983606557377,4.137271451950073,4.2155104,True
20260917,Bearing1_1,train,93,0.7622950819672131,4.159412479400634,4.224534,True
20260917,Bearing1_1,train,94,0.7704918032786885,4.177260446548462,4.23182,True
20260917,Bearing1_1,train,95,0.7786885245901639,4.192007446289063,4.2393947,True
20260917,Bearing1_1,train,96,0.7868852459016393,4.204374551773071,4.2446647,True
20260917,Bearing1_1,train,97,0.7950819672131147,4.215027332305908,4.251196,True
20260917,Bearing1_1,train,98,0.8032786885245902,4.2241661071777346,4.254952,True
20260917,Bearing1_1,train,99,0.8114754098360656,4.23203558921814,4.2589107,True
20260917,Bearing1_1,train,100,0.819672131147541,4.238673686981201,4.2609377,True
20260917,Bearing1_1,train,101,0.8278688524590164,4.244617128372193,4.264251,True
20260917,Bearing1_1,train,102,0.8360655737704918,4.2497718334198,4.2670574,True
20260917,Bearing1_1,train,103,0.8442622950819673,4.254338693618775,4.2702026,True
20260917,Bearing1_1,train,104,0.8524590163934426,4.258336019515991,4.2717934,True
20260917,Bearing1_1,train,105,0.860655737704918,4.261776971817016,4.273804,True
20260917,Bearing1_1,train,106,0.8688524590163934,4.264744853973388,4.2743435,True
20260917,Bearing1_1,train,107,0.8770491803278688,4.2672279357910154,4.2760267,True
20260917,Bearing1_1,train,108,0.8852459016393442,4.269355154037475,4.276224,True
20260917,Bearing1_1,train,109,0.8934426229508197,4.271297979354858,4.278339,True
20260917,Bearing1_1,train,110,0.9016393442622951,4.273312044143677,4.2810783,True
20260917,Bearing1_1,train,111,0.9098360655737705,4.275141906738281,4.28255,True
20260917,Bearing1_1,train,112,0.9180327868852459,4.276921033859253,4.2848487,True
20260917,Bearing1_1,train,113,0.9262295081967213,4.278507137298584,4.2860637,True
20260917,Bearing1_1,train,114,0.9344262295081968,4.280190181732178,4.288624,True
20260917,Bearing1_1,train,115,0.9426229508196722,4.281838035583496,4.2902827,True
20260917,Bearing1_1,train,116,0.9508196721311475,4.283484268188476,4.290806,True
20260917,Bearing1_1,train,117,0.9590163934426229,4.284953546524048,4.2907195,True
20260917,Bearing1_1,train,118,0.9672131147540983,4.286538887023926,4.2920775,True
20260917,Bearing1_1,train,119,0.9754098360655737,4.288036775588989,4.293318,True
20260917,Bearing1_1,train,120,0.9836065573770492,4.289396190643311,4.2946725,True
20260917,Bearing1_1,train,121,0.9918032786885246,4.290978860855103,4.2983766,True
20260917,Bearing1_1,train,122,1.0,4.293316841125488,4.3082285,True
20260917,Bearing1_2,train,0,0.0,,0.44161153,False
20260917,Bearing1_2,train,1,0.00625,,0.04411789,False
20260917,Bearing1_2,train,2,0.0125,,0.024939377,False
20260917,Bearing1_2,train,3,0.01875,,0.043180097,False
20260917,Bearing1_2,train,4,0.025,,0.06397753,False
20260917,Bearing1_2,train,5,0.03125,,0.08657023,False
20260917,Bearing1_2,train,6,0.0375,,0.04609595,False
20260917,Bearing1_2,train,7,0.04375,,0.028527524,False
20260917,Bearing1_2,train,8,0.05,,0.027796932,False
20260917,Bearing1_2,train,9,0.05625,,0.024125455,False
20260917,Bearing1_2,train,10,0.0625,,0.030894222,False
20260917,Bearing1_2,train,11,0.06875,,0.033493,False
20260917,Bearing1_2,train,12,0.075,,0.03576744,False
20260917,Bearing1_2,train,13,0.08125,,0.04200515,False
20260917,Bearing1_2,train,14,0.0875,,0.027916355,False
20260917,Bearing1_2,train,15,0.09375,0.07576745748519897,0.07576746,True
20260917,Bearing1_2,train,16,0.1,0.08860218897461891,0.10143692,True
20260917,Bearing1_2,train,17,0.10625,0.09065568447113037,0.094762675,True
20260917,Bearing1_2,train,18,0.1125,0.0890560932457447,0.08425732,True
20260917,Bearing1_2,train,19,0.11875,0.08865383714437484,0.08704481,True
20260917,Bearing1_2,train,20,0.125,0.0913948764403661,0.10510007,True
20260917,Bearing1_2,train,21,0.13125,0.09833602607250214,0.13998292,True
20260917,Bearing1_2,train,22,0.1375,0.0991606879979372,0.10493332,True
20260917,Bearing1_2,train,23,0.14375,0.09638713383012348,0.0741987,True
20260917,Bearing1_2,train,24,0.15,0.0922884151339531,0.055399947,True
20260917,Bearing1_2,train,25,0.15625,0.09182744696736336,0.071157776,True
20260917,Bearing1_2,train,26,0.1625,0.08539536856114864,0.037116136,True
20260917,Bearing1_2,train,27,0.16875,0.08168071359395981,0.057616126,True
20260917,Bearing1_2,train,28,0.175,0.0803392544388771,0.07084273,True
20260917,Bearing1_2,train,29,0.18125,0.07902058735489845,0.07385814,True
20260917,Bearing1_2,train,30,0.1875,0.07357061728835106,0.050600372,True
20260917,Bearing1_2,train,31,0.19375,0.0753433458507061,0.15771021,True
20260917,Bearing1_2,train,32,0.2,0.0841520108282566,0.19301997,True
20260917,Bearing1_2,train,33,0.20625,0.09094029068946838,0.1420815,True
20260917,Bearing1_2,train,34,0.2125,0.09457986205816268,0.09179566,True
20260917,Bearing1_2,train,35,0.21875,0.09534519091248513,0.078811064,True
20260917,Bearing1_2,train,36,0.225,0.09377191551029682,0.021383382,True
20260917,Bearing1_2,train,37,0.23125,0.10303235426545143,0.15022051,True
20260917,Bearing1_2,train,38,0.2375,0.1311750255525112,0.35226944,True
20260917,Bearing1_2,train,39,0.24375,0.16117056235671043,0.3738135,True
20260917,Bearing1_2,train,40,0.25,0.2044006109237671,0.48290086,True
20260917,Bearing1_2,train,41,0.25625,0.21446773260831833,0.25838143,True
20260917,Bearing1_2,train,42,0.2625,0.22848256826400756,0.33316833,True
20260917,Bearing1_2,train,43,0.26875,0.27433341145515444,0.60058993,True
20260917,Bearing1_2,train,44,0.275,0.3097388856112957,0.4458504,True
20260917,Bearing1_2,train,45,0.28125,0.4130223967134953,1.1116462,True
20260917,Bearing1_2,train,46,0.2875,0.5677408218383789,1.5685676,True
20260917,Bearing1_2,train,47,0.29375,0.7153615474700927,1.6264278,True
20260917,Bearing1_2,train,48,0.3,0.7847046464681625,1.0457004,True
20260917,Bearing1_2,train,49,0.30625,0.8714555352926254,1.2413224,True
20260917,Bearing1_2,train,50,0.3125,1.0016070812940598,1.7844163,True
20260917,Bearing1_2,train,51,0.31875,1.1664456754922867,1.9067674,True
20260917,Bearing1_2,train,52,0.325,1.3566284745931625,2.2349963,True
20260917,Bearing1_2,train,53,0.33125,1.5412280708551407,2.446586,True
20260917,Bearing1_2,train,54,0.3375,1.7388615012168884,2.4221847,True
20260917,Bearing1_2,train,55,0.34375,1.9044602751731872,2.767634,True
20260917,Bearing1_2,train,56,0.35,2.0385791778564455,2.9097567,True
20260917,Bearing1_2,train,57,0.35625,2.191171944141388,3.1523554,True
20260917,Bearing1_2,train,58,0.3625,2.4229300022125244,3.363281,True
20260917,Bearing1_2,train,59,0.36875,2.647001039981842,3.4820328,True
20260917,Bearing1_2,train,60,0.375,2.830055856704712,3.6149645,True
20260917,Bearing1_2,train,61,0.38125,3.008648657798767,3.6926954,True
20260917,Bearing1_2,train,62,0.3875,3.172401714324951,3.872527,True
20260917,Bearing1_2,train,63,0.39375,3.3286049604415893,4.0086184,True
20260917,Bearing1_2,train,64,0.4,3.4976386070251464,4.112521,True
20260917,Bearing1_2,train,65,0.40625,3.639656925201416,4.187817,True
20260917,Bearing1_2,train,66,0.4125,3.773888349533081,4.252071,True
20260917,Bearing1_2,train,67,0.41875,3.888727068901062,4.3007426,True
20260917,Bearing1_2,train,68,0.425,3.9860775470733643,4.336786,True
20260917,Bearing1_2,train,69,0.43125,4.073986196517945,4.3611193,True
20260917,Bearing1_2,train,70,0.4375,4.151122140884399,4.386324,True
20260917,Bearing1_2,train,71,0.44375,4.22157723903656,4.3972464,True
20260917,Bearing1_2,train,72,0.45,4.275831890106201,4.4150734,True
20260917,Bearing1_2,train,73,0.45625,4.317910385131836,4.4294033,True
20260917,Bearing1_2,train,74,0.4625,4.351139926910401,4.4448166,True
20260917,Bearing1_2,train,75,0.46875,4.377764081954956,4.4540586,True
20260917,Bearing1_2,train,76,0.475,4.398827409744262,4.462704,True
20260917,Bearing1_2,train,77,0.48125,4.415727996826172,4.4697485,True
20260917,Bearing1_2,train,78,0.4875,4.43004789352417,4.4799848,True
20260917,Bearing1_2,train,79,0.49375,4.442493915557861,4.4855795,True
20260917,Bearing1_2,train,80,0.5,4.453436851501465,4.4957533,True
20260917,Bearing1_2,train,81,0.50625,4.464111375808716,4.5039916,True
20260917,Bearing1_2,train,82,0.5125,4.47332911491394,4.507251,True
20260917,Bearing1_2,train,83,0.51875,4.481528234481812,4.5113945,True
20260917,Bearing1_2,train,84,0.525,4.488793420791626,4.5174685,True
20260917,Bearing1_2,train,85,0.53125,4.49530873298645,4.519212,True
20260917,Bearing1_2,train,86,0.5375,4.501313543319702,4.5227523,True
20260917,Bearing1_2,train,87,0.54375,4.506858062744141,4.5251937,True
20260917,Bearing1_2,train,88,0.55,4.511328554153442,4.5246897,True
20260917,Bearing1_2,train,89,0.55625,4.5154876708984375,4.5271707,True
20260917,Bearing1_2,train,90,0.5625,4.518887948989868,4.529756,True
20260917,Bearing1_2,train,91,0.56875,4.521824693679809,4.533359,True
20260917,Bearing1_2,train,92,0.575,4.524716520309449,4.536169,True
20260917,Bearing1_2,train,93,0.58125,4.527561473846435,4.539844,True
20260917,Bearing1_2,train,94,0.5875,4.530066967010498,4.5425234,True
20260917,Bearing1_2,train,95,0.59375,4.532625150680542,4.5447936,True
20260917,Bearing1_2,train,96,0.6,4.534974193572998,4.5462427,True
20260917,Bearing1_2,train,97,0.60625,4.537171792984009,4.5471697,True
20260917,Bearing1_2,train,98,0.6125,4.539541387557984,4.5483856,True
20260917,Bearing1_2,train,99,0.61875,4.541736316680908,4.54912,True
20260917,Bearing1_2,train,100,0.625,4.54379711151123,4.550364,True
20260917,Bearing1_2,train,101,0.63125,4.545672464370727,4.5521126,True
20260917,Bearing1_2,train,102,0.6375,4.547461748123169,4.554062,True
20260917,Bearing1_2,train,103,0.64375,4.549052906036377,4.5557556,True
20260917,Bearing1_2,train,104,0.65,4.550508880615235,4.557083,True
20260917,Bearing1_2,train,105,0.65625,4.551791715621948,4.557622,True
20260917,Bearing1_2,train,106,0.6625,4.55298924446106,4.558218,True
20260917,Bearing1_2,train,107,0.66875,4.554151725769043,4.5587945,True
20260917,Bearing1_2,train,108,0.675,4.555252265930176,4.559391,True
20260917,Bearing1_2,train,109,0.68125,4.556300830841065,4.5596056,True
20260917,Bearing1_2,train,110,0.6875,4.557251882553101,4.5598745,True
20260917,Bearing1_2,train,111,0.69375,4.558010053634644,4.5596943,True
20260917,Bearing1_2,train,112,0.7,4.558585548400879,4.559817,True
20260917,Bearing1_2,train,113,0.70625,4.558952474594117,4.559425,True
20260917,Bearing1_2,train,114,0.7125,4.559162712097168,4.5591855,True
20260917,Bearing1_2,train,115,0.71875,4.55934419631958,4.559437,True
20260917,Bearing1_2,train,116,0.725,4.559467935562134,4.5594554,True
20260917,Bearing1_2,train,117,0.73125,4.559540700912476,4.559522,True
20260917,Bearing1_2,train,118,0.7375,4.559541177749634,4.559396,True
20260917,Bearing1_2,train,119,0.74375,4.559550762176514,4.5597014,True
20260917,Bearing1_2,train,120,0.75,4.559547328948975,4.55984,True
20260917,Bearing1_2,train,121,0.75625,4.559625959396362,4.5604806,True
20260917,Bearing1_2,train,122,0.7625,4.559769773483277,4.561255,True
20260917,Bearing1_2,train,123,0.76875,4.56003098487854,4.562037,True
20260917,Bearing1_2,train,124,0.775,4.560366296768189,4.5625386,True
20260917,Bearing1_2,train,125,0.78125,4.560727071762085,4.5630445,True
20260917,Bearing1_2,train,126,0.7875,4.561165142059326,4.563836,True
20260917,Bearing1_2,train,127,0.79375,4.561654472351075,4.5644155,True
20260917,Bearing1_2,train,128,0.8,4.5622210025787355,4.565061,True
20260917,Bearing1_2,train,129,0.80625,4.562807893753051,4.5655704,True
20260917,Bearing1_2,train,130,0.8125,4.5634613037109375,4.5663743,True
20260917,Bearing1_2,train,131,0.81875,4.564111852645874,4.566986,True
20260917,Bearing1_2,train,132,0.825,4.564731740951538,4.567454,True
20260917,Bearing1_2,train,133,0.83125,4.565338182449341,4.5681014,True
20260917,Bearing1_2,train,134,0.8375,4.565924024581909,4.568397,True
20260917,Bearing1_2,train,135,0.84375,4.566520547866821,4.56901,True
20260917,Bearing1_2,train,136,0.85,4.567089319229126,4.569524,True
20260917,Bearing1_2,train,137,0.85625,4.567631244659424,4.5698347,True
20260917,Bearing1_2,train,138,0.8625,4.568140935897827,4.570158,True
20260917,Bearing1_2,train,139,0.86875,4.568609619140625,4.570257,True
20260917,Bearing1_2,train,140,0.875,4.568990468978882,4.570183,True
20260917,Bearing1_2,train,141,0.88125,4.56929578781128,4.5700393,True
20260917,Bearing1_2,train,142,0.8875,4.569545316696167,4.569949,True
20260917,Bearing1_2,train,143,0.89375,4.5696944236755375,4.5695925,True
20260917,Bearing1_2,train,144,0.9,4.5697980403900145,4.569433,True
20260917,Bearing1_2,train,145,0.90625,4.569870042800903,4.56973,True
20260917,Bearing1_2,train,146,0.9125,4.569973039627075,4.570554,True
20260917,Bearing1_2,train,147,0.91875,4.570143365859986,4.571538,True
20260917,Bearing1_2,train,148,0.925,4.570370483398437,4.572429,True
20260917,Bearing1_2,train,149,0.93125,4.570675945281982,4.573312,True
20260917,Bearing1_2,train,150,0.9375,4.571075773239135,4.574181,True
20260917,Bearing1_2,train,151,0.94375,4.571580028533935,4.575082,True
20260917,Bearing1_2,train,152,0.95,4.572172594070435,4.575875,True
20260917,Bearing1_2,train,153,0.95625,4.572873735427857,4.576604,True
20260917,Bearing1_2,train,154,0.9625,4.573641109466553,4.577107,True
20260917,Bearing1_2,train,155,0.96875,4.574445962905884,4.5777783,True
20260917,Bearing1_2,train,156,0.975,4.57523193359375,4.5784135,True
20260917,Bearing1_2,train,157,0.98125,4.575975370407105,4.5789723,True
20260917,Bearing1_2,train,158,0.9875,4.576710033416748,4.579776,True
20260917,Bearing1_2,train,159,0.99375,4.5774329662322994,4.580541,True
20260917,Bearing1_2,train,160,1.0,4.578260374069214,4.582455,True
20260917,Bearing1_3,train,0,0.0,,0.38472673,False
20260917,Bearing1_3,train,1,0.006369426751592357,,0.0618055,False
20260917,Bearing1_3,train,2,0.012738853503184714,,0.074836306,False
20260917,Bearing1_3,train,3,0.01910828025477707,,0.06489898,False
20260917,Bearing1_3,train,4,0.025477707006369428,,0.019967591,False
20260917,Bearing1_3,train,5,0.03184713375796178,,0.023031801,False
20260917,Bearing1_3,train,6,0.03821656050955414,,0.023788903,False
20260917,Bearing1_3,train,7,0.044585987261146494,,0.025663665,False
20260917,Bearing1_3,train,8,0.050955414012738856,,0.039411604,False
20260917,Bearing1_3,train,9,0.05732484076433121,,0.060069,False
20260917,Bearing1_3,train,10,0.06369426751592357,,0.046674367,False
20260917,Bearing1_3,train,11,0.07006369426751592,,0.023400998,False
20260917,Bearing1_3,train,12,0.07643312101910828,,0.018732566,False
20260917,Bearing1_3,train,13,0.08280254777070063,,0.02736727,False
20260917,Bearing1_3,train,14,0.08917197452229299,,0.021750817,False
20260917,Bearing1_3,train,15,0.09554140127388536,0.02556939609348774,0.025569396,True
20260917,Bearing1_3,train,16,0.10191082802547771,0.025625448673963547,0.025681501,True
20260917,Bearing1_3,train,17,0.10828025477707007,0.023728445793191593,0.01993444,True
20260917,Bearing1_3,train,18,0.11464968152866242,0.028868427965790033,0.044288374,True
20260917,Bearing1_3,train,19,0.12101910828025478,0.035658418014645574,0.06281838,True
20260917,Bearing1_3,train,20,0.12738853503184713,0.04180150261769692,0.072516926,True
20260917,Bearing1_3,train,21,0.1337579617834395,0.04496365386460509,0.06393656,True
20260917,Bearing1_3,train,22,0.14012738853503184,0.05100142792798579,0.09326585,True
20260917,Bearing1_3,train,23,0.1464968152866242,0.05672652874555853,0.102527335,True
20260917,Bearing1_3,train,24,0.15286624203821655,0.058307319320738314,0.072534434,True
20260917,Bearing1_3,train,25,0.1592356687898089,0.06230577677488327,0.06555397,True
20260917,Bearing1_3,train,26,0.16560509554140126,0.06584335509687662,0.061057284,True
20260917,Bearing1_3,train,27,0.17197452229299362,0.07131804823875428,0.07468137,True
20260917,Bearing1_3,train,28,0.17834394904458598,0.07409190833568573,0.072026975,True
20260917,Bearing1_3,train,29,0.18471337579617833,0.07553675174713134,0.07726681,True
20260917,Bearing1_3,train,30,0.1910828025477707,0.07381781600415707,0.05532757,True
20260917,Bearing1_3,train,31,0.19745222929936307,0.07511355467140675,0.07689395,True
20260917,Bearing1_3,train,32,0.20382165605095542,0.07230124659836293,0.065142766,True
20260917,Bearing1_3,train,33,0.21019108280254778,0.0662451483309269,0.041966353,True
20260917,Bearing1_3,train,34,0.21656050955414013,0.06267226003110409,0.03680555,True
20260917,Bearing1_3,train,35,0.2229299363057325,0.060667159780859944,0.045502968,True
20260917,Bearing1_3,train,36,0.22929936305732485,0.059690074622631074,0.051286433,True
20260917,Bearing1_3,train,37,0.2356687898089172,0.05418126136064529,0.019593239,True
20260917,Bearing1_3,train,38,0.24203821656050956,0.04846280086785555,0.0148423705,True
20260917,Bearing1_3,train,39,0.2484076433121019,0.042585881799459456,0.018497622,True
20260917,Bearing1_3,train,40,0.25477707006369427,0.03871384803205728,0.01660723,True
20260917,Bearing1_3,train,41,0.2611464968152866,0.03343205861747265,0.024076054,True
20260917,Bearing1_3,train,42,0.267515923566879,0.029116586595773698,0.021988045,True
20260917,Bearing1_3,train,43,0.27388535031847133,0.026748304814100267,0.018283535,True
20260917,Bearing1_3,train,44,0.2802547770700637,0.02486873958259821,0.0180099,True
20260917,Bearing1_3,train,45,0.28662420382165604,0.021882531605660914,0.015640888,True
20260917,Bearing1_3,train,46,0.2929936305732484,0.01823193309828639,0.014780448,True
20260917,Bearing1_3,train,47,0.29936305732484075,0.018151637632399797,0.018790284,True
20260917,Bearing1_3,train,48,0.3057324840764331,0.018701356556266546,0.02033956,True
20260917,Bearing1_3,train,49,0.31210191082802546,0.02146434420719743,0.0461275,True
20260917,Bearing1_3,train,50,0.3184713375796178,0.02198336096480489,0.021797398,True
20260917,Bearing1_3,train,51,0.3248407643312102,0.02113306038081646,0.015573048,True
20260917,Bearing1_3,train,52,0.33121019108280253,0.02138059549033642,0.024463397,True
20260917,Bearing1_3,train,53,0.3375796178343949,0.022167052514851092,0.026148105,True
20260917,Bearing1_3,train,54,0.34394904458598724,0.02307159937918186,0.027055368,True
20260917,Bearing1_3,train,55,0.3503184713375796,0.023814880289137363,0.023073697,True
20260917,Bearing1_3,train,56,0.35668789808917195,0.025909894052892922,0.035730585,True
20260917,Bearing1_3,train,57,0.3630573248407643,0.026687868777662514,0.026570031,True
20260917,Bearing1_3,train,58,0.36942675159235666,0.030939381290227174,0.062854685,True
20260917,Bearing1_3,train,59,0.37579617834394907,0.037914931494742635,0.115883,True
20260917,Bearing1_3,train,60,0.3821656050955414,0.05359229324385524,0.17857102,True
20260917,Bearing1_3,train,61,0.3885350318471338,0.06656565312296152,0.14530665,True
20260917,Bearing1_3,train,62,0.39490445859872614,0.08196127694100142,0.17841963,True
20260917,Bearing1_3,train,63,0.4012738853503185,0.09811431802809238,0.18767852,True
20260917,Bearing1_3,train,64,0.40764331210191085,0.11132956929504871,0.15920788,True
20260917,Bearing1_3,train,65,0.4140127388535032,0.12377440128475428,0.14752202,True
20260917,Bearing1_3,train,66,0.42038216560509556,0.14031841401010753,0.20117071,True
20260917,Bearing1_3,train,67,0.4267515923566879,0.16048168987035752,0.22820279,True
20260917,Bearing1_3,train,68,0.43312101910828027,0.17789833322167398,0.23702112,True
20260917,Bearing1_3,train,69,0.4394904458598726,0.19049594253301622,0.2418591,True
20260917,Bearing1_3,train,70,0.445859872611465,0.19649140685796737,0.23852566,True
20260917,Bearing1_3,train,71,0.45222929936305734,0.21468640714883805,0.32725665,True
20260917,Bearing1_3,train,72,0.4585987261146497,0.23832185566425323,0.41477412,True
20260917,Bearing1_3,train,73,0.46496815286624205,0.2608020544052124,0.4124805,True
20260917,Bearing1_3,train,74,0.4713375796178344,0.29052072763442993,0.4563946,True
20260917,Bearing1_3,train,75,0.47770700636942676,0.32352616637945175,0.4775764,True
20260917,Bearing1_3,train,76,0.4840764331210191,0.3549268200993538,0.51517725,True
20260917,Bearing1_3,train,77,0.49044585987261147,0.3869717285037041,0.5486519,True
20260917,Bearing1_3,train,78,0.4968152866242038,0.4219541445374489,0.5868453,True
20260917,Bearing1_3,train,79,0.5031847133757962,0.45202305912971497,0.54254824,True
20260917,Bearing1_3,train,80,0.5095541401273885,0.4881134480237961,0.59942955,True
20260917,Bearing1_3,train,81,0.5159235668789809,0.5153318643569946,0.5994408,True
20260917,Bearing1_3,train,82,0.5222929936305732,0.5385063827037812,0.6465193,True
20260917,Bearing1_3,train,83,0.5286624203821656,0.5659284681081772,0.68670136,True
20260917,Bearing1_3,train,84,0.535031847133758,0.58915174305439,0.68862736,True
20260917,Bearing1_3,train,85,0.5414012738853503,0.6112137794494629,0.69819677,True
20260917,Bearing1_3,train,86,0.5477707006369427,0.6233791887760163,0.63683134,True
20260917,Bearing1_3,train,87,0.554140127388535,0.63949835896492,0.7098436,True
20260917,Bearing1_3,train,88,0.5605095541401274,0.6599919617176055,0.7917813,True
20260917,Bearing1_3,train,89,0.5668789808917197,0.6864712655544281,0.8073413,True
20260917,Bearing1_3,train,90,0.5732484076433121,0.7089805603027344,0.8245225,True
20260917,Bearing1_3,train,91,0.5796178343949044,0.7639353036880493,1.1489882,True
20260917,Bearing1_3,train,92,0.5859872611464968,0.823143196105957,1.2385982,True
20260917,Bearing1_3,train,93,0.5923566878980892,0.89511758685112,1.4064453,True
20260917,Bearing1_3,train,94,0.5987261146496815,0.9746239602565765,1.4836911,True
20260917,Bearing1_3,train,95,0.6050955414012739,1.0662227690219879,1.6141849,True
20260917,Bearing1_3,train,96,0.6114649681528662,1.1643011212348937,1.6176149,True
20260917,Bearing1_3,train,97,0.6178343949044586,1.2517891824245453,1.5847242,True
20260917,Bearing1_3,train,98,0.6242038216560509,1.3412075698375703,1.6859652,True
20260917,Bearing1_3,train,99,0.6305732484076433,1.4340935707092286,1.7362013,True
20260917,Bearing1_3,train,100,0.6369426751592356,1.5319772720336915,1.8033595,True
20260917,Bearing1_3,train,101,0.643312101910828,1.6052014708518982,1.8812302,True
20260917,Bearing1_3,train,102,0.6496815286624203,1.6817522764205932,2.0041063,True
20260917,Bearing1_3,train,103,0.6560509554140127,1.7463634014129639,2.0525565,True
20260917,Bearing1_3,train,104,0.6624203821656051,1.8107091546058656,2.1271486,True
20260917,Bearing1_3,train,105,0.6687898089171974,1.871375358104706,2.220847,True
20260917,Bearing1_3,train,106,0.6751592356687898,1.940630030632019,2.3101616,True
20260917,Bearing1_3,train,107,0.6815286624203821,2.027153468132019,2.4499586,True
20260917,Bearing1_3,train,108,0.6878980891719745,2.1069785952568054,2.4842165,True
20260917,Bearing1_3,train,109,0.6942675159235668,2.191347968578339,2.579895,True
20260917,Bearing1_3,train,110,0.7006369426751592,2.2787714838981628,2.6775947,True
20260917,Bearing1_3,train,111,0.7070063694267515,2.351568174362183,2.6091971,True
20260917,Bearing1_3,train,112,0.7133757961783439,2.4199387788772584,2.6878123,True
20260917,Bearing1_3,train,113,0.7197452229299363,2.492212653160095,2.7752953,True
20260917,Bearing1_3,train,114,0.7261146496815286,2.555914568901062,2.7641678,True
20260917,Bearing1_3,train,115,0.732484076433121,2.607336902618408,2.7350702,True
20260917,Bearing1_3,train,116,0.7388535031847133,2.6602893829345704,2.8396864,True
20260917,Bearing1_3,train,117,0.7452229299363057,2.701935124397278,2.866416,True
20260917,Bearing1_3,train,118,0.7515923566878981,2.7465469598770142,2.9303348,True
20260917,Bearing1_3,train,119,0.7579617834394905,2.791431427001953,3.0287397,True
20260917,Bearing1_3,train,120,0.7643312101910829,2.835347294807434,3.1167533,True
20260917,Bearing1_3,train,121,0.7707006369426752,2.8911502599716186,3.1672268,True
20260917,Bearing1_3,train,122,0.7770700636942676,2.949574661254883,3.2720563,True
20260917,Bearing1_3,train,123,0.7834394904458599,3.0127073526382446,3.4066222,True
20260917,Bearing1_3,train,124,0.7898089171974523,3.0873130559921265,3.5102248,True
20260917,Bearing1_3,train,125,0.7961783439490446,3.1664718627929687,3.5266583,True
20260917,Bearing1_3,train,126,0.802547770700637,3.2430885076522826,3.6058528,True
20260917,Bearing1_3,train,127,0.8089171974522293,3.3233605861663817,3.6691368,True
20260917,Bearing1_3,train,128,0.8152866242038217,3.409352922439575,3.7902582,True
20260917,Bearing1_3,train,129,0.821656050955414,3.495931339263916,3.8945239,True
20260917,Bearing1_3,train,130,0.8280254777070064,3.57739794254303,3.9314194,True
20260917,Bearing1_3,train,131,0.8343949044585988,3.6645453214645385,4.0387006,True
20260917,Bearing1_3,train,132,0.8407643312101911,3.749675750732422,4.1233606,True
20260917,Bearing1_3,train,133,0.8471337579617835,3.8287130117416384,4.196995,True
20260917,Bearing1_3,train,134,0.8535031847133758,3.9029977560043334,4.2530723,True
20260917,Bearing1_3,train,135,0.8598726114649682,3.9799240112304686,4.295921,True
20260917,Bearing1_3,train,136,0.8662420382165605,4.052590012550354,4.332513,True
20260917,Bearing1_3,train,137,0.8726114649681529,4.1218804836273195,4.3620415,True
20260917,Bearing1_3,train,138,0.8789808917197452,4.181498742103576,4.3864408,True
20260917,Bearing1_3,train,139,0.8853503184713376,4.232387971878052,4.403416,True
20260917,Bearing1_3,train,140,0.89171974522293,4.281095504760742,4.4184947,True
20260917,Bearing1_3,train,141,0.8980891719745223,4.320332288742065,4.4310684,True
20260917,Bearing1_3,train,142,0.9044585987261147,4.352257204055786,4.44261,True
20260917,Bearing1_3,train,143,0.910828025477707,4.377849435806274,4.452917,True
20260917,Bearing1_3,train,144,0.9171974522292994,4.39861741065979,4.460752,True
20260917,Bearing1_3,train,145,0.9235668789808917,4.416350221633911,4.473249,True
20260917,Bearing1_3,train,146,0.9299363057324841,4.431208705902099,4.4810977,True
20260917,Bearing1_3,train,147,0.9363057324840764,4.443698167800903,4.486936,True
20260917,Bearing1_3,train,148,0.9426751592356688,4.4544023990631105,4.493483,True
20260917,Bearing1_3,train,149,0.9490445859872612,4.464505434036255,4.5044465,True
20260917,Bearing1_3,train,150,0.9554140127388535,4.474000692367554,4.5134473,True
20260917,Bearing1_3,train,151,0.9617834394904459,4.482992315292359,4.5209846,True
20260917,Bearing1_3,train,152,0.9681528662420382,4.491513776779175,4.5278244,True
20260917,Bearing1_3,train,153,0.9745222929936306,4.499505519866943,4.5328345,True
20260917,Bearing1_3,train,154,0.9808917197452229,4.5071454524993895,4.5371513,True
20260917,Bearing1_3,train,155,0.9872611464968153,4.5138866901397705,4.5406613,True
20260917,Bearing1_3,train,156,0.9936305732484076,4.5201622486114506,4.5438533,True
20260917,Bearing1_3,train,157,1.0,4.526116895675659,4.5464826,True
20260917,Bearing1_4,validation,0,0.0,,0.61230636,False
20260917,Bearing1_4,validation,1,0.008264462809917356,,0.1795964,False
20260917,Bearing1_4,validation,2,0.01652892561983471,,0.07346616,False
20260917,Bearing1_4,validation,3,0.024793388429752067,,0.04857731,False
20260917,Bearing1_4,validation,4,0.03305785123966942,,0.025944214,False
20260917,Bearing1_4,validation,5,0.04132231404958678,,0.02360107,False
20260917,Bearing1_4,validation,6,0.049586776859504134,,0.040165313,False
20260917,Bearing1_4,validation,7,0.05785123966942149,,0.03177979,False
20260917,Bearing1_4,validation,8,0.06611570247933884,,0.07710058,False
20260917,Bearing1_4,validation,9,0.0743801652892562,,0.091906294,False
20260917,Bearing1_4,validation,10,0.08264462809917356,,0.11017911,False
20260917,Bearing1_4,validation,11,0.09090909090909091,,0.11157832,False
20260917,Bearing1_4,validation,12,0.09917355371900827,,0.12132898,False
20260917,Bearing1_4,validation,13,0.10743801652892562,,0.14872502,False
20260917,Bearing1_4,validation,14,0.11570247933884298,,0.1609242,False
20260917,Bearing1_4,validation,15,0.12396694214876033,0.1668384075164795,0.16683841,True
20260917,Bearing1_4,validation,16,0.1322314049586777,0.16882432252168655,0.17081024,True
20260917,Bearing1_4,validation,17,0.14049586776859505,0.17099847892920175,0.17534679,True
20260917,Bearing1_4,validation,18,0.1487603305785124,0.170237485319376,0.1679545,True
20260917,Bearing1_4,validation,19,0.15702479338842976,0.17064246535301208,0.17226239,True
20260917,Bearing1_4,validation,20,0.1652892561983471,0.17621606836716333,0.20408408,True
20260917,Bearing1_4,validation,21,0.17355371900826447,0.1763698628970555,0.17729263,True
20260917,Bearing1_4,validation,22,0.18181818181818182,0.18002327531576157,0.20559716,True
20260917,Bearing1_4,validation,23,0.19008264462809918,0.1821221129761802,0.19891281,True
20260917,Bearing1_4,validation,24,0.19834710743801653,0.1841844603419304,0.20274559,True
20260917,Bearing1_4,validation,25,0.2066115702479339,0.19054441303014755,0.23043793,True
20260917,Bearing1_4,validation,26,0.21487603305785125,0.1958075299859047,0.2234414,True
20260917,Bearing1_4,validation,27,0.2231404958677686,0.19964761435985565,0.21374764,True
20260917,Bearing1_4,validation,28,0.23140495867768596,0.20285226553678512,0.20000102,True
20260917,Bearing1_4,validation,29,0.2396694214876033,0.20237582921981812,0.16749802,True
20260917,Bearing1_4,validation,30,0.24793388429752067,0.1985086128115654,0.16541192,True
20260917,Bearing1_4,validation,31,0.256198347107438,0.19547795206308366,0.14698602,True
20260917,Bearing1_4,validation,32,0.2644628099173554,0.19193644374608992,0.17018208,True
20260917,Bearing1_4,validation,33,0.2727272727272727,0.18847401142120362,0.16428849,True
20260917,Bearing1_4,validation,34,0.2809917355371901,0.18401172906160354,0.15812276,True
20260917,Bearing1_4,validation,35,0.2892561983471074,0.17808036655187606,0.17112431,True
20260917,Bearing1_4,validation,36,0.2975206611570248,0.1703777939081192,0.14641568,True
20260917,Bearing1_4,validation,37,0.30578512396694213,0.16800384670495988,0.19000816,True
20260917,Bearing1_4,validation,38,0.3140495867768595,0.1696796417236328,0.21675897,True
20260917,Bearing1_4,validation,39,0.32231404958677684,0.17229119092226028,0.19361351,True
20260917,Bearing1_4,validation,40,0.3305785123966942,0.17477652430534363,0.19026525,True
20260917,Bearing1_4,validation,41,0.33884297520661155,0.17820422649383544,0.18126304,True
20260917,Bearing1_4,validation,42,0.34710743801652894,0.1764774426817894,0.15291424,True
20260917,Bearing1_4,validation,43,0.35537190082644626,0.1787361681461334,0.18687575,True
20260917,Bearing1_4,validation,44,0.36363636363636365,0.17928402721881867,0.16360135,True
20260917,Bearing1_4,validation,45,0.371900826446281,0.1794427067041397,0.1727111,True
20260917,Bearing1_4,validation,46,0.38016528925619836,0.1797608956694603,0.14959757,True
20260917,Bearing1_4,validation,47,0.3884297520661157,0.17396831810474395,0.13208239,True
20260917,Bearing1_4,validation,48,0.39669421487603307,0.1616500586271286,0.09357637,True
20260917,Bearing1_4,validation,49,0.4049586776859504,0.14902045875787734,0.067317516,True
20260917,Bearing1_4,validation,50,0.4132231404958678,0.13776418566703796,0.07770252,True
20260917,Bearing1_4,validation,51,0.4214876033057851,0.13065784350037574,0.11019962,True
20260917,Bearing1_4,validation,52,0.4297520661157025,0.12605178877711296,0.10685369,True
20260917,Bearing1_4,validation,53,0.4380165289256198,0.12391413226723672,0.16549918,True
20260917,Bearing1_4,validation,54,0.4462809917355372,0.12312150672078133,0.1556751,True
20260917,Bearing1_4,validation,55,0.45454545454545453,0.11835572794079781,0.12505332,True
20260917,Bearing1_4,validation,56,0.4628099173553719,0.12227819785475731,0.18882227,True
20260917,Bearing1_4,validation,57,0.47107438016528924,0.12791037037968636,0.18840411,True
20260917,Bearing1_4,validation,58,0.4793388429752066,0.13569950982928275,0.17146777,True
20260917,Bearing1_4,validation,59,0.48760330578512395,0.1459064655005932,0.16938707,True
20260917,Bearing1_4,validation,60,0.49586776859504134,0.15825940445065498,0.20123191,True
20260917,Bearing1_4,validation,61,0.5041322314049587,0.15905628651380538,0.11816844,True
20260917,Bearing1_4,validation,62,0.512396694214876,0.16218594312667847,0.13815026,True
20260917,Bearing1_4,validation,63,0.5206611570247934,0.16116665154695511,0.15530626,True
20260917,Bearing1_4,validation,64,0.5289256198347108,0.16296984404325485,0.17370702,True
20260917,Bearing1_4,validation,65,0.5371900826446281,0.17042195945978164,0.19957447,True
20260917,Bearing1_4,validation,66,0.5454545454545454,0.1720978856086731,0.20558153,True
20260917,Bearing1_4,validation,67,0.5537190082644629,0.17358753681182862,0.20330063,True
20260917,Bearing1_4,validation,68,0.5619834710743802,0.17776180654764176,0.21321046,True
20260917,Bearing1_4,validation,69,0.5702479338842975,0.1827965572476387,0.21973458,True
20260917,Bearing1_4,validation,70,0.5785123966942148,0.18597892820835113,0.23305562,True
20260917,Bearing1_4,validation,71,0.5867768595041323,0.19377434104681016,0.19612257,True
20260917,Bearing1_4,validation,72,0.5950413223140496,0.20252478569746019,0.2256547,True
20260917,Bearing1_4,validation,73,0.6033057851239669,0.20871507823467256,0.21720919,True
20260917,Bearing1_4,validation,74,0.6115702479338843,0.21856290251016616,0.27218527,True
20260917,Bearing1_4,validation,75,0.6198347107438017,0.2230016678571701,0.24396212,True
20260917,Bearing1_4,validation,76,0.628099173553719,0.2298704758286476,0.2742696,True
20260917,Bearing1_4,validation,77,0.6363636363636364,0.23693209141492844,0.27391678,True
20260917,Bearing1_4,validation,78,0.6446280991735537,0.24313469976186752,0.27523655,True
20260917,Bearing1_4,validation,79,0.6528925619834711,0.25379869490861895,0.32637453,True
20260917,Bearing1_4,validation,80,0.6611570247933884,0.2842224821448326,0.5372935,True
20260917,Bearing1_4,validation,81,0.6694214876033058,0.32640968561172484,0.6179946,True
20260917,Bearing1_4,validation,82,0.6776859504132231,0.37042309194803236,0.66578877,True
20260917,Bearing1_4,validation,83,0.6859504132231405,0.43356008976697924,0.84857917,True
20260917,Bearing1_4,validation,84,0.6942148760330579,0.5059172138571739,0.9957565,True
20260917,Bearing1_4,validation,85,0.7024793388429752,0.5914566546678544,1.0993565,True
20260917,Bearing1_4,validation,86,0.7107438016528925,0.6684525609016418,1.0442287,True
20260917,Bearing1_4,validation,87,0.71900826446281,0.7630466043949127,1.2198572,True
20260917,Bearing1_4,validation,88,0.7272727272727273,0.8659586668014526,1.3043572,True
20260917,Bearing1_4,validation,89,0.7355371900826446,0.9831200361251831,1.4979882,True
20260917,Bearing1_4,validation,90,0.743801652892562,1.0732057631015777,1.4381508,True
20260917,Bearing1_4,validation,91,0.7520661157024794,1.1431473255157472,1.3174102,True
20260917,Bearing1_4,validation,92,0.7603305785123967,1.2085019946098328,1.3193355,True
20260917,Bearing1_4,validation,93,0.768595041322314,1.2510907411575318,1.2744666,True
20260917,Bearing1_4,validation,94,0.7768595041322314,1.2727620124816894,1.2124692,True
20260917,Bearing1_4,validation,95,0.7851239669421488,1.272840178012848,1.1001382,True
20260917,Bearing1_4,validation,96,0.7933884297520661,1.2766872882843017,1.0826998,True
20260917,Bearing1_4,validation,97,0.8016528925619835,1.2660826802253724,1.1138111,True
20260917,Bearing1_4,validation,98,0.8099173553719008,1.2465182900428773,1.1087133,True
20260917,Bearing1_4,validation,99,0.8181818181818182,1.203042495250702,1.0632303,True
20260917,Bearing1_4,validation,100,0.8264462809917356,1.161418581008911,1.0219116,True
20260917,Bearing1_4,validation,101,0.8347107438016529,1.135024333000183,1.0534678,True
20260917,Bearing1_4,validation,102,0.8429752066115702,1.1040883183479309,1.0099753,True
20260917,Bearing1_4,validation,103,0.8512396694214877,1.0708868503570557,0.94245195,True
20260917,Bearing1_4,validation,104,0.859504132231405,1.0503851890563964,1.0074526,True
20260917,Bearing1_4,validation,105,0.8677685950413223,1.0391524255275726,0.98781055,True
20260917,Bearing1_4,validation,106,0.8760330578512396,1.0348542511463166,1.039718,True
20260917,Bearing1_4,validation,107,0.8842975206611571,1.0215046763420106,0.9803154,True
20260917,Bearing1_4,validation,108,0.8925619834710744,1.0019375324249267,0.91304183,True
20260917,Bearing1_4,validation,109,0.9008264462809917,0.9967630743980408,1.0114857,True
20260917,Bearing1_4,validation,110,0.9090909090909091,0.992186325788498,0.97614413,True
20260917,Bearing1_4,validation,111,0.9173553719008265,0.9861103415489196,0.9927079,True
20260917,Bearing1_4,validation,112,0.9256198347107438,0.9843537509441376,0.9924094,True
20260917,Bearing1_4,validation,113,0.9338842975206612,0.9839677095413208,0.93859154,True
20260917,Bearing1_4,validation,114,0.9421487603305785,0.9721992909908295,0.8897684,True
20260917,Bearing1_4,validation,115,0.9504132231404959,0.960921460390091,0.87503225,True
20260917,Bearing1_4,validation,116,0.9586776859504132,0.9453105926513672,0.88360935,True
20260917,Bearing1_4,validation,117,0.9669421487603306,0.9370281040668488,0.8974905,True
20260917,Bearing1_4,validation,118,0.9752066115702479,0.9385149955749512,0.92791075,True
20260917,Bearing1_4,validation,119,0.9834710743801653,0.9212701082229614,0.8390368,True
20260917,Bearing1_4,validation,120,0.9917355371900827,0.9214774429798126,0.9782175,True
20260917,Bearing1_4,validation,121,1.0,1.0112119913101196,1.8900534,True
20260917,Bearing1_5,holdout_test,0,0.0,,0.5810765,False
20260917,Bearing1_5,holdout_test,1,0.0196078431372549,,0.20918606,False
20260917,Bearing1_5,holdout_test,2,0.0392156862745098,,0.061740212,False
20260917,Bearing1_5,holdout_test,3,0.058823529411764705,,0.020386646,False
20260917,Bearing1_5,holdout_test,4,0.0784313725490196,,0.04124976,False
20260917,Bearing1_5,holdout_test,5,0.09803921568627451,,0.035976127,False
20260917,Bearing1_5,holdout_test,6,0.11764705882352941,,0.04309686,False
20260917,Bearing1_5,holdout_test,7,0.13725490196078433,,0.06631271,False
20260917,Bearing1_5,holdout_test,8,0.1568627450980392,,0.07836308,False
20260917,Bearing1_5,holdout_test,9,0.17647058823529413,,0.08545961,False
20260917,Bearing1_5,holdout_test,10,0.19607843137254902,,0.093979195,False
20260917,Bearing1_5,holdout_test,11,0.21568627450980393,,0.08587636,False
20260917,Bearing1_5,holdout_test,12,0.23529411764705882,,0.0978313,False
20260917,Bearing1_5,holdout_test,13,0.2549019607843137,,0.102965966,False
20260917,Bearing1_5,holdout_test,14,0.27450980392156865,,0.11093852,False
20260917,Bearing1_5,holdout_test,15,0.29411764705882354,0.09566082805395126,0.09566083,True
20260917,Bearing1_5,holdout_test,16,0.3137254901960784,0.09002431482076645,0.0843878,True
20260917,Bearing1_5,holdout_test,17,0.3333333333333333,0.08515485127766927,0.075415924,True
20260917,Bearing1_5,holdout_test,18,0.35294117647058826,0.08046969957649708,0.066414244,True
20260917,Bearing1_5,holdout_test,19,0.37254901960784315,0.0771930068731308,0.064086236,True
20260917,Bearing1_5,holdout_test,20,0.39215686274509803,0.0788663017253081,0.087232776,True
20260917,Bearing1_5,holdout_test,21,0.4117647058823529,0.0800748925123896,0.08732644,True
20260917,Bearing1_5,holdout_test,22,0.43137254901960786,0.08240867499262094,0.09874515,True
20260917,Bearing1_5,holdout_test,23,0.45098039215686275,0.0838703562815984,0.09556381,True
20260917,Bearing1_5,holdout_test,24,0.47058823529411764,0.085564623773098,0.10081303,True
20260917,Bearing1_5,holdout_test,25,0.49019607843137253,0.08693224638700485,0.109337054,True
20260917,Bearing1_5,holdout_test,26,0.5098039215686274,0.08989770188927651,0.11404236,True
20260917,Bearing1_5,holdout_test,27,0.5294117647058824,0.09128067269921303,0.08924563,True
20260917,Bearing1_5,holdout_test,28,0.5490196078431373,0.09304089471697807,0.084016465,True
20260917,Bearing1_5,holdout_test,29,0.5686274509803921,0.0918382067233324,0.052059356,True
20260917,Bearing1_5,holdout_test,30,0.5882352941176471,0.08715560138225556,0.040406723,True
20260917,Bearing1_5,holdout_test,31,0.6078431372549019,0.08179237507283688,0.033694174,True
20260917,Bearing1_5,holdout_test,32,0.6274509803921569,0.07481628712266683,0.028984273,True
20260917,Bearing1_5,holdout_test,33,0.6470588235294118,0.0720093360170722,0.067494296,True
20260917,Bearing1_5,holdout_test,34,0.6666666666666666,0.08963224198669195,0.2770421,True
20260917,Bearing1_5,holdout_test,35,0.6862745098039216,0.1280598459765315,0.4936131,True
20260917,Bearing1_5,holdout_test,36,0.7058823529411765,0.19759080838412046,0.809352,True
20260917,Bearing1_5,holdout_test,37,0.7254901960784313,0.2993795840069652,1.1071334,True
20260917,Bearing1_5,holdout_test,38,0.7450980392156863,0.4236660188063979,1.3268808,True
20260917,Bearing1_5,holdout_test,39,0.7647058823529411,0.5966261746361852,1.7816609,True
20260917,Bearing1_5,holdout_test,40,0.7843137254901961,0.8107928140088916,2.182073,True
20260917,Bearing1_5,holdout_test,41,0.803921568627451,1.0607635216787457,2.5334013,True
20260917,Bearing1_5,holdout_test,42,0.8235294117647058,1.3373295776546001,2.7946448,True
20260917,Bearing1_5,holdout_test,43,0.8431372549019608,1.6268185943365097,2.9623845,True
20260917,Bearing1_5,holdout_test,44,0.8627450980392157,1.9060936599969864,3.0697927,True
20260917,Bearing1_5,holdout_test,45,0.8823529411764706,2.171699196100235,3.1496685,True
20260917,Bearing1_5,holdout_test,46,0.9019607843137255,2.411616826057434,3.2085283,True
20260917,Bearing1_5,holdout_test,47,0.9215686274509803,2.625903511047363,3.2500002,True
20260917,Bearing1_5,holdout_test,48,0.9411764705882353,2.821570670604706,3.2835524,True
20260917,Bearing1_5,holdout_test,49,0.9607843137254902,2.974129319190979,3.3072474,True
20260917,Bearing1_5,holdout_test,50,0.9803921568627451,3.0901215791702272,3.3419957,True
20260917,Bearing1_5,holdout_test,51,1.0,3.174279975891113,3.3749852,True
20260918,Bearing1_1,train,0,0.0,,0.6625332,False
20260918,Bearing1_1,train,1,0.00819672131147541,,0.39346328,False
20260918,Bearing1_1,train,2,0.01639344262295082,,0.33724186,False
20260918,Bearing1_1,train,3,0.02459016393442623,,0.30661035,False
20260918,Bearing1_1,train,4,0.03278688524590164,,0.22835886,False
20260918,Bearing1_1,train,5,0.040983606557377046,,0.1619521,False
20260918,Bearing1_1,train,6,0.04918032786885246,,0.10644888,False
20260918,Bearing1_1,train,7,0.05737704918032787,,0.096218035,False
20260918,Bearing1_1,train,8,0.06557377049180328,,0.08538659,False
20260918,Bearing1_1,train,9,0.07377049180327869,,0.1103036,False
20260918,Bearing1_1,train,10,0.08196721311475409,,0.16094577,False
20260918,Bearing1_1,train,11,0.09016393442622951,,0.31836373,False
20260918,Bearing1_1,train,12,0.09836065573770492,,0.3564182,False
20260918,Bearing1_1,train,13,0.10655737704918032,,0.42988122,False
20260918,Bearing1_1,train,14,0.11475409836065574,,0.3952337,False
20260918,Bearing1_1,train,15,0.12295081967213115,0.4370426535606384,0.43704265,True
20260918,Bearing1_1,train,16,0.13114754098360656,0.4569184184074402,0.47679418,True
20260918,Bearing1_1,train,17,0.13934426229508196,0.4916145404179891,0.5610068,True
20260918,Bearing1_1,train,18,0.14754098360655737,0.5038029849529266,0.5403683,True
20260918,Bearing1_1,train,19,0.1557377049180328,0.5157762765884399,0.56366944,True
20260918,Bearing1_1,train,20,0.16393442622950818,0.5235463480154673,0.5623967,True
20260918,Bearing1_1,train,21,0.1721311475409836,0.5507913827896118,0.7142616,True
20260918,Bearing1_1,train,22,0.18032786885245902,0.5504783615469933,0.5482872,True
20260918,Bearing1_1,train,23,0.1885245901639344,0.5642725427945455,0.674626,True
20260918,Bearing1_1,train,24,0.19672131147540983,0.586185199022293,0.7833991,True
20260918,Bearing1_1,train,25,0.20491803278688525,0.6162163436412811,0.7373541,True
20260918,Bearing1_1,train,26,0.21311475409836064,0.6422164678573609,0.7367954,True
20260918,Bearing1_1,train,27,0.22131147540983606,0.6798167526721954,0.93700963,True
20260918,Bearing1_1,train,28,0.22950819672131148,0.7066125631332397,0.8083264,True
20260918,Bearing1_1,train,29,0.23770491803278687,0.7364569365978241,0.8621132,True
20260918,Bearing1_1,train,30,0.2459016393442623,0.7760935306549073,0.95876265,True
20260918,Bearing1_1,train,31,0.2540983606557377,0.7991194367408753,0.94452065,True
20260918,Bearing1_1,train,32,0.26229508196721313,0.8278410136699677,0.835503,True
20260918,Bearing1_1,train,33,0.27049180327868855,0.8471828401088715,0.86804426,True
20260918,Bearing1_1,train,34,0.2786885245901639,0.8767332613468171,1.0789033,True
20260918,Bearing1_1,train,35,0.28688524590163933,0.9181358695030213,1.1513802,True
20260918,Bearing1_1,train,36,0.29508196721311475,0.9358573317527771,0.91401005,True
20260918,Bearing1_1,train,37,0.30327868852459017,0.9486649930477142,1.0650862,True
20260918,Bearing1_1,train,38,0.3114754098360656,0.9649812340736389,0.97148883,True
20260918,Bearing1_1,train,39,0.319672131147541,0.9714896440505981,0.9271973,True
20260918,Bearing1_1,train,40,0.32786885245901637,0.995613431930542,1.2000005,True
20260918,Bearing1_1,train,41,0.3360655737704918,1.0038433611392974,1.02682,True
20260918,Bearing1_1,train,42,0.3442622950819672,1.0094215631484986,0.891285,True
20260918,Bearing1_1,train,43,0.3524590163934426,1.0014906585216523,0.7887352,True
20260918,Bearing1_1,train,44,0.36065573770491804,1.0004199206829072,1.0681959,True
20260918,Bearing1_1,train,45,0.36885245901639346,0.9783142447471619,0.9303234,True
20260918,Bearing1_1,train,46,0.3770491803278688,1.000872015953064,1.1395878,True
20260918,Bearing1_1,train,47,0.38524590163934425,1.0005393385887147,1.0617595,True
20260918,Bearing1_1,train,48,0.39344262295081966,0.9905725240707397,0.8718207,True
20260918,Bearing1_1,train,49,0.4016393442622951,0.9829789280891419,0.8512613,True
20260918,Bearing1_1,train,50,0.4098360655737705,0.960524958372116,0.9754608,True
20260918,Bearing1_1,train,51,0.4180327868852459,0.9434144914150238,0.8557153,True
20260918,Bearing1_1,train,52,0.4262295081967213,0.943563824892044,0.89277834,True
20260918,Bearing1_1,train,53,0.4344262295081967,0.9594615697860718,0.94771266,True
20260918,Bearing1_1,train,54,0.4426229508196721,0.9422462761402131,0.896043,True
20260918,Bearing1_1,train,55,0.45081967213114754,0.9455334067344665,0.9631947,True
20260918,Bearing1_1,train,56,0.45901639344262296,0.9356981635093689,1.0412353,True
20260918,Bearing1_1,train,57,0.4672131147540984,0.9229641735553742,0.9344196,True
20260918,Bearing1_1,train,58,0.47540983606557374,0.9301000654697418,0.9431796,True
20260918,Bearing1_1,train,59,0.48360655737704916,0.9395490050315857,0.9457507,True
20260918,Bearing1_1,train,60,0.4918032786885246,0.9350403249263763,0.930374,True
20260918,Bearing1_1,train,61,0.5,0.9495706975460052,1.001019,True
20260918,Bearing1_1,train,62,0.5081967213114754,0.9473838329315185,0.8709097,True
20260918,Bearing1_1,train,63,0.5163934426229508,0.9362365126609802,0.83623946,True
20260918,Bearing1_1,train,64,0.5245901639344263,0.9530995428562165,1.0646733,True
20260918,Bearing1_1,train,65,0.5327868852459017,0.9623847424983978,1.0560467,True
20260918,Bearing1_1,train,66,0.5409836065573771,0.9751987636089325,1.1693755,True
20260918,Bearing1_1,train,67,0.5491803278688525,0.9975196480751037,1.1576284,True
20260918,Bearing1_1,train,68,0.5573770491803278,1.021399688720703,1.18198,True
20260918,Bearing1_1,train,69,0.5655737704918032,1.0543843984603882,1.2755978,True
20260918,Bearing1_1,train,70,0.5737704918032787,1.1071937203407287,1.4584672,True
20260918,Bearing1_1,train,71,0.5819672131147541,1.1708933591842652,1.6380154,True
20260918,Bearing1_1,train,72,0.5901639344262295,1.2644705295562744,1.8066814,True
20260918,Bearing1_1,train,73,0.5983606557377049,1.3761273741722106,1.9528079,True
20260918,Bearing1_1,train,74,0.6065573770491803,1.4852676391601562,2.156076,True
20260918,Bearing1_1,train,75,0.6147540983606558,1.6249568939208985,2.4529393,True
20260918,Bearing1_1,train,76,0.6229508196721312,1.7594236731529236,2.5140433,True
20260918,Bearing1_1,train,77,0.6311475409836066,1.9248126029968262,2.8115177,True
20260918,Bearing1_1,train,78,0.639344262295082,2.131244695186615,3.246301,True
20260918,Bearing1_1,train,79,0.6475409836065574,2.354172480106354,3.5048757,True
20260918,Bearing1_1,train,80,0.6557377049180327,2.5753435015678408,3.6701775,True
20260918,Bearing1_1,train,81,0.6639344262295082,2.789119744300842,3.7757778,True
20260918,Bearing1_1,train,82,0.6721311475409836,2.993027400970459,3.845758,True
20260918,Bearing1_1,train,83,0.680327868852459,3.1877590656280517,3.9001245,True
20260918,Bearing1_1,train,84,0.6885245901639344,3.365879988670349,3.9372852,True
20260918,Bearing1_1,train,85,0.6967213114754098,3.5169747352600096,3.9638867,True
20260918,Bearing1_1,train,86,0.7049180327868853,3.6637983560562133,3.9822795,True
20260918,Bearing1_1,train,87,0.7131147540983607,3.7823997735977173,3.997532,True
20260918,Bearing1_1,train,88,0.7213114754098361,3.858655023574829,4.0088534,True
20260918,Bearing1_1,train,89,0.7295081967213115,3.9100452423095704,4.018778,True
20260918,Bearing1_1,train,90,0.7377049180327869,3.945736360549927,4.0270886,True
20260918,Bearing1_1,train,91,0.7459016393442623,3.971391296386719,4.032327,True
20260918,Bearing1_1,train,92,0.7540983606557377,3.9906875610351564,4.0387206,True
20260918,Bearing1_1,train,93,0.7622950819672131,4.00508131980896,4.044062,True
20260918,Bearing1_1,train,94,0.7704918032786885,4.016170763969422,4.0481796,True
20260918,Bearing1_1,train,95,0.7786885245901639,4.02498733997345,4.0520525,True
20260918,Bearing1_1,train,96,0.7868852459016393,4.032278108596802,4.055187,True
20260918,Bearing1_1,train,97,0.7950819672131147,4.03852334022522,4.059984,True
20260918,Bearing1_1,train,98,0.8032786885245902,4.043846702575683,4.062087,True
20260918,Bearing1_1,train,99,0.8114754098360656,4.048446178436279,4.0647726,True
20260918,Bearing1_1,train,100,0.819672131147541,4.052295255661011,4.0655794,True
20260918,Bearing1_1,train,101,0.8278688524590164,4.055822324752808,4.067598,True
20260918,Bearing1_1,train,102,0.8360655737704918,4.058901643753051,4.069514,True
20260918,Bearing1_1,train,103,0.8442622950819673,4.061669635772705,4.071742,True
20260918,Bearing1_1,train,104,0.8524590163934426,4.064140176773071,4.072885,True
20260918,Bearing1_1,train,105,0.860655737704918,4.06635217666626,4.0741725,True
20260918,Bearing1_1,train,106,0.8688524590163934,4.068251132965088,4.074177,True
20260918,Bearing1_1,train,107,0.8770491803278688,4.06978588104248,4.0753317,True
20260918,Bearing1_1,train,108,0.8852459016393442,4.071087074279785,4.075099,True
20260918,Bearing1_1,train,109,0.8934426229508197,4.07231969833374,4.077099,True
20260918,Bearing1_1,train,110,0.9016393442622951,4.073655605316162,4.0789385,True
20260918,Bearing1_1,train,111,0.9098360655737705,4.074922227859497,4.080264,True
20260918,Bearing1_1,train,112,0.9180327868852459,4.076227807998658,4.0825696,True
20260918,Bearing1_1,train,113,0.9262295081967213,4.077398347854614,4.0834475,True
20260918,Bearing1_1,train,114,0.9344262295081968,4.078692007064819,4.0858216,True
20260918,Bearing1_1,train,115,0.9426229508196722,4.080043697357178,4.0876894,True
20260918,Bearing1_1,train,116,0.9508196721311475,4.0814496040344235,4.088236,True
20260918,Bearing1_1,train,117,0.9590163934426229,4.082700300216675,4.0878386,True
20260918,Bearing1_1,train,118,0.9672131147540983,4.084130525588989,4.0894012,True
20260918,Bearing1_1,train,119,0.9754098360655737,4.085483741760254,4.090631,True
20260918,Bearing1_1,train,120,0.9836065573770492,4.086848211288452,4.092583,True
20260918,Bearing1_1,train,121,0.9918032786885246,4.088490533828735,4.0966873,True
20260918,Bearing1_1,train,122,1.0,4.091077041625977,4.1084347,True
20260918,Bearing1_2,train,0,0.0,,0.678612,False
20260918,Bearing1_2,train,1,0.00625,,0.20706046,False
20260918,Bearing1_2,train,2,0.0125,,0.046651945,False
20260918,Bearing1_2,train,3,0.01875,,0.057672314,False
20260918,Bearing1_2,train,4,0.025,,0.0780784,False
20260918,Bearing1_2,train,5,0.03125,,0.10051558,False
20260918,Bearing1_2,train,6,0.0375,,0.075975664,False
20260918,Bearing1_2,train,7,0.04375,,0.08071438,False
20260918,Bearing1_2,train,8,0.05,,0.09591335,False
20260918,Bearing1_2,train,9,0.05625,,0.07235058,False
20260918,Bearing1_2,train,10,0.0625,,0.07123747,False
20260918,Bearing1_2,train,11,0.06875,,0.07329309,False
20260918,Bearing1_2,train,12,0.075,,0.06875975,False
20260918,Bearing1_2,train,13,0.08125,,0.071267106,False
20260918,Bearing1_2,train,14,0.0875,,0.076600835,False
20260918,Bearing1_2,train,15,0.09375,0.08464041352272034,0.08464041,True
20260918,Bearing1_2,train,16,0.1,0.09880470857024193,0.112969,True
20260918,Bearing1_2,train,17,0.10625,0.10169446716705959,0.107473984,True
20260918,Bearing1_2,train,18,0.1125,0.10129651986062527,0.10010268,True
20260918,Bearing1_2,train,19,0.11875,0.10125529319047928,0.10109039,True
20260918,Bearing1_2,train,20,0.125,0.10419132808844249,0.1188715,True
20260918,Bearing1_2,train,21,0.13125,0.11221787120614733,0.16037713,True
20260918,Bearing1_2,train,22,0.1375,0.11382244899868965,0.1250545,True
20260918,Bearing1_2,train,23,0.14375,0.11142339640193516,0.092230976,True
20260918,Bearing1_2,train,24,0.15,0.10856065303087234,0.08279596,True
20260918,Bearing1_2,train,25,0.15625,0.10886614322662354,0.087695315,True
20260918,Bearing1_2,train,26,0.1625,0.10531709492206573,0.07747852,True
20260918,Bearing1_2,train,27,0.16875,0.10194398164749145,0.07374285,True
20260918,Bearing1_2,train,28,0.175,0.10025551766157151,0.08321804,True
20260918,Bearing1_2,train,29,0.18125,0.09899782836437225,0.08851349,True
20260918,Bearing1_2,train,30,0.1875,0.09509324580430985,0.07982568,True
20260918,Bearing1_2,train,31,0.19375,0.09730489104986191,0.18249358,True
20260918,Bearing1_2,train,32,0.2,0.10782938301563263,0.23029941,True
20260918,Bearing1_2,train,33,0.20625,0.11607024520635605,0.1746396,True
20260918,Bearing1_2,train,34,0.2125,0.12003062590956688,0.12239977,True
20260918,Bearing1_2,train,35,0.21875,0.12154008522629738,0.10278991,True
20260918,Bearing1_2,train,36,0.225,0.12299728170037269,0.092050485,True
20260918,Bearing1_2,train,37,0.23125,0.13902331069111823,0.23400314,True
20260918,Bearing1_2,train,38,0.2375,0.1782693810760975,0.47567874,True
20260918,Bearing1_2,train,39,0.24375,0.21920303776860237,0.49785006,True
20260918,Bearing1_2,train,40,0.25,0.2737553149461746,0.62534845,True
20260918,Bearing1_2,train,41,0.25625,0.2914446875452995,0.3593873,True
20260918,Bearing1_2,train,42,0.2625,0.31342870444059373,0.45013958,True
20260918,Bearing1_2,train,43,0.26875,0.37009080350399015,0.7412606,True
20260918,Bearing1_2,train,44,0.275,0.41491860821843146,0.5706778,True
20260918,Bearing1_2,train,45,0.28125,0.5268862999975681,1.2224668,True
20260918,Bearing1_2,train,46,0.2875,0.6825996026396751,1.6491835,True
20260918,Bearing1_2,train,47,0.29375,0.8223051697015762,1.6310588,True
20260918,Bearing1_2,train,48,0.3,0.8789020389318466,1.0416474,True
20260918,Bearing1_2,train,49,0.30625,0.9546301335096359,1.255131,True
20260918,Bearing1_2,train,50,0.3125,1.0713628381490707,1.7926755,True
20260918,Bearing1_2,train,51,0.31875,1.2223907172679902,1.8696661,True
20260918,Bearing1_2,train,52,0.325,1.3942718625068664,2.168951,True
20260918,Bearing1_2,train,53,0.33125,1.5536339342594148,2.3348813,True
20260918,Bearing1_2,train,54,0.3375,1.7207598209381103,2.2419367,True
20260918,Bearing1_2,train,55,0.34375,1.8587369322776794,2.602238,True
20260918,Bearing1_2,train,56,0.35,1.96599680185318,2.7217822,True
20260918,Bearing1_2,train,57,0.35625,2.100394678115845,2.9750376,True
20260918,Bearing1_2,train,58,0.3625,2.3162124872207643,3.1998255,True
20260918,Bearing1_2,train,59,0.36875,2.5217222452163695,3.3102286,True
20260918,Bearing1_2,train,60,0.375,2.687252998352051,3.447983,True
20260918,Bearing1_2,train,61,0.38125,2.8524144172668455,3.5212803,True
20260918,Bearing1_2,train,62,0.3875,3.0080283880233765,3.7250907,True
20260918,Bearing1_2,train,63,0.39375,3.162138557434082,3.875983,True
20260918,Bearing1_2,train,64,0.4,3.3364627838134764,3.985179,True
20260918,Bearing1_2,train,65,0.40625,3.482131600379944,4.058926,True
20260918,Bearing1_2,train,66,0.4125,3.6220699071884157,4.1211653,True
20260918,Bearing1_2,train,67,0.41875,3.741201090812683,4.1663494,True
20260918,Bearing1_2,train,68,0.425,3.841096878051758,4.1987834,True
20260918,Bearing1_2,train,69,0.43125,3.9319097280502318,4.218357,True
20260918,Bearing1_2,train,70,0.4375,4.0110540866851805,4.2394266,True
20260918,Bearing1_2,train,71,0.44375,4.083579874038696,4.246538,True
20260918,Bearing1_2,train,72,0.45,4.137160992622375,4.260902,True
20260918,Bearing1_2,train,73,0.45625,4.176757574081421,4.271949,True
20260918,Bearing1_2,train,74,0.4625,4.206693506240844,4.2845383,True
20260918,Bearing1_2,train,75,0.46875,4.2299152374267575,4.2911434,True
20260918,Bearing1_2,train,76,0.475,4.247545433044434,4.297467,True
20260918,Bearing1_2,train,77,0.48125,4.261163902282715,4.302534,True
20260918,Bearing1_2,train,78,0.4875,4.27236762046814,4.3108206,True
20260918,Bearing1_2,train,79,0.49375,4.282020235061646,4.314883,True
20260918,Bearing1_2,train,80,0.5,4.290440559387207,4.32363,True
20260918,Bearing1_2,train,81,0.50625,4.298849630355835,4.330629,True
20260918,Bearing1_2,train,82,0.5125,4.3060657501220705,4.333063,True
20260918,Bearing1_2,train,83,0.51875,4.312506008148193,4.3363514,True
20260918,Bearing1_2,train,84,0.525,4.318202257156372,4.3415008,True
20260918,Bearing1_2,train,85,0.53125,4.323368740081787,4.3428082,True
20260918,Bearing1_2,train,86,0.5375,4.328197050094604,4.3457503,True
20260918,Bearing1_2,train,87,0.54375,4.332700204849243,4.3475657,True
20260918,Bearing1_2,train,88,0.55,4.336290693283081,4.3467255,True
20260918,Bearing1_2,train,89,0.55625,4.33969087600708,4.348885,True
20260918,Bearing1_2,train,90,0.5625,4.342414903640747,4.35087,True
20260918,Bearing1_2,train,91,0.56875,4.3447624206542965,4.354104,True
20260918,Bearing1_2,train,92,0.575,4.347106409072876,4.356503,True
20260918,Bearing1_2,train,93,0.58125,4.349456644058227,4.3598537,True
20260918,Bearing1_2,train,94,0.5875,4.351526308059692,4.3621974,True
20260918,Bearing1_2,train,95,0.59375,4.3536652565002445,4.3641977,True
20260918,Bearing1_2,train,96,0.6,4.355631589889526,4.3654137,True
20260918,Bearing1_2,train,97,0.60625,4.3574888706207275,4.3661385,True
20260918,Bearing1_2,train,98,0.6125,4.359540557861328,4.3672423,True
20260918,Bearing1_2,train,99,0.61875,4.361436033248902,4.36784,True
20260918,Bearing1_2,train,100,0.625,4.363238859176636,4.3688984,True
20260918,Bearing1_2,train,101,0.63125,4.364876365661621,4.370479,True
20260918,Bearing1_2,train,102,0.6375,4.366455221176148,4.3722916,True
20260918,Bearing1_2,train,103,0.64375,4.367862510681152,4.3739266,True
20260918,Bearing1_2,train,104,0.65,4.369149923324585,4.3750715,True
20260918,Bearing1_2,train,105,0.65625,4.370277214050293,4.3754706,True
20260918,Bearing1_2,train,106,0.6625,4.371342182159424,4.3760633,True
20260918,Bearing1_2,train,107,0.66875,4.372388124465942,4.376598,True
20260918,Bearing1_2,train,108,0.675,4.373361825942993,4.3769794,True
20260918,Bearing1_2,train,109,0.68125,4.37428846359253,4.377106,True
20260918,Bearing1_2,train,110,0.6875,4.375130224227905,4.377316,True
20260918,Bearing1_2,train,111,0.69375,4.375782442092896,4.3770013,True
20260918,Bearing1_2,train,112,0.7,4.376266050338745,4.3771276,True
20260918,Bearing1_2,train,113,0.70625,4.376536273956299,4.376629,True
20260918,Bearing1_2,train,114,0.7125,4.376665449142456,4.3763633,True
20260918,Bearing1_2,train,115,0.71875,4.376774835586548,4.3765645,True
20260918,Bearing1_2,train,116,0.725,4.376829957962036,4.3766146,True
20260918,Bearing1_2,train,117,0.73125,4.3768393993377686,4.3766923,True
20260918,Bearing1_2,train,118,0.7375,4.376803827285767,4.3766236,True
20260918,Bearing1_2,train,119,0.74375,4.376784324645996,4.376911,True
20260918,Bearing1_2,train,120,0.75,4.376751899719238,4.3769917,True
20260918,Bearing1_2,train,121,0.75625,4.376799821853638,4.3774805,True
20260918,Bearing1_2,train,122,0.7625,4.376912307739258,4.3782525,True
20260918,Bearing1_2,train,123,0.76875,4.37714204788208,4.3789263,True
20260918,Bearing1_2,train,124,0.775,4.377441501617431,4.379358,True
20260918,Bearing1_2,train,125,0.78125,4.377747344970703,4.379623,True
20260918,Bearing1_2,train,126,0.7875,4.378116226196289,4.3803034,True
20260918,Bearing1_2,train,127,0.79375,4.37854790687561,4.381009,True
20260918,Bearing1_2,train,128,0.8,4.379039764404297,4.381542,True
20260918,Bearing1_2,train,129,0.80625,4.379549121856689,4.3820047,True
20260918,Bearing1_2,train,130,0.8125,4.380116939544678,4.38267,True
20260918,Bearing1_2,train,131,0.81875,4.380676126480102,4.3830724,True
20260918,Bearing1_2,train,132,0.825,4.381194019317627,4.3834314,True
20260918,Bearing1_2,train,133,0.83125,4.381709337234497,4.3840795,True
20260918,Bearing1_2,train,134,0.8375,4.382218217849731,4.3844466,True
20260918,Bearing1_2,train,135,0.84375,4.382749795913696,4.3849387,True
20260918,Bearing1_2,train,136,0.85,4.383267259597778,4.385478,True
20260918,Bearing1_2,train,137,0.85625,4.383744573593139,4.3857822,True
20260918,Bearing1_2,train,138,0.8625,4.384194278717041,4.3860393,True
20260918,Bearing1_2,train,139,0.86875,4.384606409072876,4.386126,True
20260918,Bearing1_2,train,140,0.875,4.384949445724487,4.3861003,True
20260918,Bearing1_2,train,141,0.88125,4.385238790512085,4.385966,True
20260918,Bearing1_2,train,142,0.8875,4.385483121871948,4.3858747,True
20260918,Bearing1_2,train,143,0.89375,4.385626649856567,4.3855147,True
20260918,Bearing1_2,train,144,0.9,4.38572211265564,4.3854012,True
20260918,Bearing1_2,train,145,0.90625,4.385811901092529,4.3858366,True
20260918,Bearing1_2,train,146,0.9125,4.385929298400879,4.386652,True
20260918,Bearing1_2,train,147,0.91875,4.386123704910278,4.3877263,True
20260918,Bearing1_2,train,148,0.925,4.386383199691773,4.388634,True
20260918,Bearing1_2,train,149,0.93125,4.386719703674316,4.389491,True
20260918,Bearing1_2,train,150,0.9375,4.387127923965454,4.3901825,True
20260918,Bearing1_2,train,151,0.94375,4.387637042999268,4.391057,True
20260918,Bearing1_2,train,152,0.95,4.388222074508667,4.391725,True
20260918,Bearing1_2,train,153,0.95625,4.388909769058228,4.3923917,True
20260918,Bearing1_2,train,154,0.9625,4.389663791656494,4.3929415,True
20260918,Bearing1_2,train,155,0.96875,4.390440464019775,4.3936033,True
20260918,Bearing1_2,train,156,0.975,4.391195249557495,4.3942,True
20260918,Bearing1_2,train,157,0.98125,4.391891670227051,4.3946905,True
20260918,Bearing1_2,train,158,0.9875,4.392575645446778,4.395474,True
20260918,Bearing1_2,train,159,0.99375,4.3932475566864015,4.39621,True
20260918,Bearing1_2,train,160,1.0,4.394043445587158,4.3981414,True
20260918,Bearing1_3,train,0,0.0,,0.6694796,False
20260918,Bearing1_3,train,1,0.006369426751592357,,0.23103666,False
20260918,Bearing1_3,train,2,0.012738853503184714,,0.10529593,False
20260918,Bearing1_3,train,3,0.01910828025477707,,0.08305136,False
20260918,Bearing1_3,train,4,0.025477707006369428,,0.07832306,False
20260918,Bearing1_3,train,5,0.03184713375796178,,0.072565876,False
20260918,Bearing1_3,train,6,0.03821656050955414,,0.08878182,False
20260918,Bearing1_3,train,7,0.044585987261146494,,0.067124315,False
20260918,Bearing1_3,train,8,0.050955414012738856,,0.06895136,False
20260918,Bearing1_3,train,9,0.05732484076433121,,0.07955056,False
20260918,Bearing1_3,train,10,0.06369426751592357,,0.072336115,False
20260918,Bearing1_3,train,11,0.07006369426751592,,0.08297635,False
20260918,Bearing1_3,train,12,0.07643312101910828,,0.08205418,False
20260918,Bearing1_3,train,13,0.08280254777070063,,0.09503123,False
20260918,Bearing1_3,train,14,0.08917197452229299,,0.06899559,False
20260918,Bearing1_3,train,15,0.09554140127388536,0.07035765051841736,0.07035765,True
20260918,Bearing1_3,train,16,0.10191082802547771,0.07091252878308296,0.07146741,True
20260918,Bearing1_3,train,17,0.10828025477707007,0.07166626552740733,0.07317374,True
20260918,Bearing1_3,train,18,0.11464968152866242,0.08143887855112553,0.11075672,True
20260918,Bearing1_3,train,19,0.12101910828025478,0.09091962426900864,0.1288426,True
20260918,Bearing1_3,train,20,0.12738853503184713,0.09903694316744804,0.13962354,True
20260918,Bearing1_3,train,21,0.1337579617834395,0.10379505902528763,0.13234375,True
20260918,Bearing1_3,train,22,0.14012738853503184,0.11140081007033587,0.16464107,True
20260918,Bearing1_3,train,23,0.1464968152866242,0.11879222012228435,0.1779235,True
20260918,Bearing1_3,train,24,0.15286624203821655,0.12093944177031517,0.14026444,True
20260918,Bearing1_3,train,25,0.1592356687898089,0.12733829990029336,0.13434623,True
20260918,Bearing1_3,train,26,0.16560509554140126,0.1328194871544838,0.12627928,True
20260918,Bearing1_3,train,27,0.17197452229299362,0.13959175422787667,0.14089641,True
20260918,Bearing1_3,train,28,0.17834394904458598,0.14216959923505784,0.13653517,True
20260918,Bearing1_3,train,29,0.18471337579617833,0.1436679482460022,0.1438261,True
20260918,Bearing1_3,train,30,0.1910828025477707,0.14144661277532578,0.11741018,True
20260918,Bearing1_3,train,31,0.19745222929936307,0.14235010743141174,0.1413787,True
20260918,Bearing1_3,train,32,0.20382165605095542,0.13885838091373442,0.1297238,True
20260918,Bearing1_3,train,33,0.21019108280254778,0.1312944084405899,0.102283776,True
20260918,Bearing1_3,train,34,0.21656050955414013,0.12660174146294595,0.09333777,True
20260918,Bearing1_3,train,35,0.2229299363057325,0.12348801121115685,0.10320893,True
20260918,Bearing1_3,train,36,0.22929936305732485,0.12171776667237282,0.108576834,True
20260918,Bearing1_3,train,37,0.2356687898089172,0.11484985500574112,0.07221729,True
20260918,Bearing1_3,train,38,0.24203821656050956,0.10749288871884347,0.062965505,True
20260918,Bearing1_3,train,39,0.2484076433121019,0.09862019829452037,0.055099193,True
20260918,Bearing1_3,train,40,0.25477707006369427,0.09328985549509525,0.064106755,True
20260918,Bearing1_3,train,41,0.2611464968152866,0.08720371834933757,0.08051733,True
20260918,Bearing1_3,train,42,0.267515923566879,0.08186603523790836,0.07634697,True
20260918,Bearing1_3,train,43,0.27388535031847133,0.07692825198173522,0.052905943,True
20260918,Bearing1_3,train,44,0.2802547770700637,0.07434871196746826,0.06754237,True
20260918,Bearing1_3,train,45,0.28662420382165604,0.07019941546022893,0.061715964,True
20260918,Bearing1_3,train,46,0.2929936305732484,0.06580021716654301,0.06458485,True
20260918,Bearing1_3,train,47,0.29936305732484075,0.06545899324119091,0.068805054,True
20260918,Bearing1_3,train,48,0.3057324840764331,0.06659594886004924,0.07433506,True
20260918,Bearing1_3,train,49,0.31210191082802546,0.07173947468400002,0.10653445,True
20260918,Bearing1_3,train,50,0.3184713375796178,0.07280462756752967,0.074758284,True
20260918,Bearing1_3,train,51,0.3248407643312102,0.07139418050646781,0.06641286,True
20260918,Bearing1_3,train,52,0.33121019108280253,0.06905895955860615,0.05299476,True
20260918,Bearing1_3,train,53,0.3375796178343949,0.06933692842721939,0.055685632,True
20260918,Bearing1_3,train,54,0.34394904458598724,0.06816686205565929,0.055841703,True
20260918,Bearing1_3,train,55,0.3503184713375796,0.06794354245066643,0.05948277,True
20260918,Bearing1_3,train,56,0.35668789808917195,0.0672459602355957,0.05760903,True
20260918,Bearing1_3,train,57,0.3630573248407643,0.06645410358905793,0.060886487,True
20260918,Bearing1_3,train,58,0.36942675159235666,0.07160054668784141,0.12579949,True
20260918,Bearing1_3,train,59,0.37579617834394907,0.08002156391739845,0.19074462,True
20260918,Bearing1_3,train,60,0.3821656050955414,0.09920124560594559,0.2665551,True
20260918,Bearing1_3,train,61,0.3885350318471338,0.11518532559275627,0.22625366,True
20260918,Bearing1_3,train,62,0.39490445859872614,0.13606633432209492,0.26180485,True
20260918,Bearing1_3,train,63,0.4012738853503185,0.15769809149205685,0.2720032,True
20260918,Bearing1_3,train,64,0.40764331210191085,0.17569866105914117,0.2358474,True
20260918,Bearing1_3,train,65,0.4140127388535032,0.1920847363770008,0.22334352,True
20260918,Bearing1_3,train,66,0.42038216560509556,0.2151603251695633,0.28836492,True
20260918,Bearing1_3,train,67,0.4267515923566879,0.24114249497652054,0.3207082,True
20260918,Bearing1_3,train,68,0.43312101910828027,0.2610930413007736,0.32530496,True
20260918,Bearing1_3,train,69,0.4394904458598726,0.276152266561985,0.34133688,True
20260918,Bearing1_3,train,70,0.445859872611465,0.28294861167669294,0.33451855,True
20260918,Bearing1_3,train,71,0.45222929936305734,0.3043864890933037,0.44063243,True
20260918,Bearing1_3,train,72,0.4585987261146497,0.3328168883919716,0.54610884,True
20260918,Bearing1_3,train,73,0.46496815286624205,0.3599351689219475,0.543186,True
20260918,Bearing1_3,train,74,0.4713375796178344,0.39549757838249205,0.5914715,True
20260918,Bearing1_3,train,75,0.47770700636942676,0.43485918939113616,0.61695963,True
20260918,Bearing1_3,train,76,0.4840764331210191,0.4716204941272736,0.65597796,True
20260918,Bearing1_3,train,77,0.49044585987261147,0.508861568570137,0.69311893,True
20260918,Bearing1_3,train,78,0.4968152866242038,0.5501817166805267,0.73850644,True
20260918,Bearing1_3,train,79,0.5031847133757962,0.584865739941597,0.6881771,True
20260918,Bearing1_3,train,80,0.5095541401273885,0.6265868514776229,0.75172967,True
20260918,Bearing1_3,train,81,0.5159235668789809,0.6574259221553802,0.74902314,True
20260918,Bearing1_3,train,82,0.5222929936305732,0.6830472886562348,0.8023225,True
20260918,Bearing1_3,train,83,0.5286624203821656,0.7135559380054474,0.8482725,True
20260918,Bearing1_3,train,84,0.535031847133758,0.7393272638320922,0.84918475,True
20260918,Bearing1_3,train,85,0.5414012738853503,0.7633870661258697,0.85755765,True
20260918,Bearing1_3,train,86,0.5477707006369427,0.7770867705345154,0.792975,True
20260918,Bearing1_3,train,87,0.554140127388535,0.7949170112609864,0.87142134,True
20260918,Bearing1_3,train,88,0.5605095541401274,0.8167604148387909,0.9569405,True
20260918,Bearing1_3,train,89,0.5668789808917197,0.8453091025352478,0.973664,True
20260918,Bearing1_3,train,90,0.5732484076433121,0.8681082129478455,0.9797208,True
20260918,Bearing1_3,train,91,0.5796178343949044,0.9227026760578155,1.2949678,True
20260918,Bearing1_3,train,92,0.5859872611464968,0.9792469918727875,1.3677657,True
20260918,Bearing1_3,train,93,0.5923566878980892,1.0458565711975099,1.5143683,True
20260918,Bearing1_3,train,94,0.5987261146496815,1.1168322324752809,1.5589414,True
20260918,Bearing1_3,train,95,0.6050955414012739,1.197873044013977,1.6679658,True
20260918,Bearing1_3,train,96,0.6114649681528662,1.2834093630313874,1.6483382,True
20260918,Bearing1_3,train,97,0.6178343949044586,1.3568439662456513,1.6057674,True
20260918,Bearing1_3,train,98,0.6242038216560509,1.4315261363983154,1.7037622,True
20260918,Bearing1_3,train,99,0.6305732484076433,1.5083586871623993,1.7419895,True
20260918,Bearing1_3,train,100,0.6369426751592356,1.5896677136421205,1.792811,True
20260918,Bearing1_3,train,101,0.643312101910828,1.6451404452323914,1.8496951,True
20260918,Bearing1_3,train,102,0.6496815286624203,1.703729224205017,1.9536535,True
20260918,Bearing1_3,train,103,0.6560509554140127,1.7503492712974549,1.9805688,True
20260918,Bearing1_3,train,104,0.6624203821656051,1.7982825875282287,2.0382745,True
20260918,Bearing1_3,train,105,0.6687898089171974,1.8424232244491576,2.1093721,True
20260918,Bearing1_3,train,106,0.6751592356687898,1.895009171962738,2.1741977,True
20260918,Bearing1_3,train,107,0.6815286624203821,1.9648062705993652,2.3037384,True
20260918,Bearing1_3,train,108,0.6878980891719745,2.0252244591712953,2.307944,True
20260918,Bearing1_3,train,109,0.6942675159235668,2.0906678676605224,2.3964236,True
20260918,Bearing1_3,train,110,0.7006369426751592,2.1593739867210386,2.4798722,True
20260918,Bearing1_3,train,111,0.7070063694267515,2.211610293388367,2.3720582,True
20260918,Bearing1_3,train,112,0.7133757961783439,2.2616314053535462,2.4538646,True
20260918,Bearing1_3,train,113,0.7197452229299363,2.3181627988815308,2.5458827,True
20260918,Bearing1_3,train,114,0.7261146496815286,2.3658156871795653,2.5148034,True
20260918,Bearing1_3,train,115,0.732484076433121,2.4019586086273192,2.4708014,True
20260918,Bearing1_3,train,116,0.7388535031847133,2.443879795074463,2.5934095,True
20260918,Bearing1_3,train,117,0.7452229299363057,2.4748275518417358,2.613216,True
20260918,Bearing1_3,train,118,0.7515923566878981,2.512346792221069,2.6831365,True
20260918,Bearing1_3,train,119,0.7579617834394905,2.551840829849243,2.791364,True
20260918,Bearing1_3,train,120,0.7643312101910829,2.591996121406555,2.8814251,True
20260918,Bearing1_3,train,121,0.7707006369426752,2.6477107048034667,2.929204,True
20260918,Bearing1_3,train,122,0.7770700636942676,2.7075819969177246,3.0525775,True
20260918,Bearing1_3,train,123,0.7834394904458599,2.773593783378601,3.2060006,True
20260918,Bearing1_3,train,124,0.7898089171974523,2.85383722782135,3.3172379,True
20260918,Bearing1_3,train,125,0.7961783439490446,2.9387508630752563,3.3199377,True
20260918,Bearing1_3,train,126,0.802547770700637,3.019756627082825,3.4034672,True
20260918,Bearing1_3,train,127,0.8089171974522293,3.1051641941070556,3.4672916,True
20260918,Bearing1_3,train,128,0.8152866242038217,3.197455310821533,3.6060476,True
20260918,Bearing1_3,train,129,0.821656050955414,3.2905429363250733,3.7222402,True
20260918,Bearing1_3,train,130,0.8280254777070064,3.378384232521057,3.759838,True
20260918,Bearing1_3,train,131,0.8343949044585988,3.4732983350753783,3.878345,True
20260918,Bearing1_3,train,132,0.8407643312101911,3.5648768663406374,3.9683628,True
20260918,Bearing1_3,train,133,0.8471337579617835,3.6488150119781495,4.045382,True
20260918,Bearing1_3,train,134,0.8535031847133758,3.7272493839263916,4.1015816,True
20260918,Bearing1_3,train,135,0.8598726114649682,3.8095691204071045,4.143135,True
20260918,Bearing1_3,train,136,0.8662420382165605,3.887039375305176,4.1781697,True
20260918,Bearing1_3,train,137,0.8726114649681529,3.9608510732650757,4.2054086,True
20260918,Bearing1_3,train,138,0.8789808917197452,4.022980427742004,4.227341,True
20260918,Bearing1_3,train,139,0.8853503184713376,4.074952030181885,4.241956,True
20260918,Bearing1_3,train,140,0.89171974522293,4.124461555480957,4.2549334,True
20260918,Bearing1_3,train,141,0.8980891719745223,4.163195180892944,4.2656813,True
20260918,Bearing1_3,train,142,0.9044585987261147,4.193845224380493,4.2748632,True
20260918,Bearing1_3,train,143,0.910828025477707,4.217646884918213,4.2833986,True
20260918,Bearing1_3,train,144,0.9171974522292994,4.236467552185059,4.2897882,True
20260918,Bearing1_3,train,145,0.9235668789808917,4.252195024490357,4.30041,True
20260918,Bearing1_3,train,146,0.9299363057324841,4.265045261383056,4.306672,True
20260918,Bearing1_3,train,147,0.9363057324840764,4.275648021697998,4.311436,True
20260918,Bearing1_3,train,148,0.9426751592356688,4.284615182876587,4.317013,True
20260918,Bearing1_3,train,149,0.9490445859872612,4.293086957931519,4.326674,True
20260918,Bearing1_3,train,150,0.9554140127388535,4.301043510437012,4.334499,True
20260918,Bearing1_3,train,151,0.9617834394904459,4.3085802555084225,4.3410487,True
20260918,Bearing1_3,train,152,0.9681528662420382,4.315792751312256,4.346988,True
20260918,Bearing1_3,train,153,0.9745222929936306,4.3225789070129395,4.35126,True
20260918,Bearing1_3,train,154,0.9808917197452229,4.329081964492798,4.354819,True
20260918,Bearing1_3,train,155,0.9872611464968153,4.3348180770874025,4.357771,True
20260918,Bearing1_3,train,156,0.9936305732484076,4.340200471878052,4.360496,True
20260918,Bearing1_3,train,157,1.0,4.34531717300415,4.362603,True
20260918,Bearing1_4,validation,0,0.0,,0.7311908,False
20260918,Bearing1_4,validation,1,0.008264462809917356,,0.21416299,False
20260918,Bearing1_4,validation,2,0.01652892561983471,,0.09999999,False
20260918,Bearing1_4,validation,3,0.024793388429752067,,0.11923091,False
20260918,Bearing1_4,validation,4,0.03305785123966942,,0.10180458,False
20260918,Bearing1_4,validation,5,0.04132231404958678,,0.08878011,False
20260918,Bearing1_4,validation,6,0.049586776859504134,,0.07385358,False
20260918,Bearing1_4,validation,7,0.05785123966942149,,0.08564326,False
20260918,Bearing1_4,validation,8,0.06611570247933884,,0.080714434,False
20260918,Bearing1_4,validation,9,0.0743801652892562,,0.09543056,False
20260918,Bearing1_4,validation,10,0.08264462809917356,,0.11580347,False
20260918,Bearing1_4,validation,11,0.09090909090909091,,0.12131021,False
20260918,Bearing1_4,validation,12,0.09917355371900827,,0.1316108,False
20260918,Bearing1_4,validation,13,0.10743801652892562,,0.16505305,False
20260918,Bearing1_4,validation,14,0.11570247933884298,,0.17871724,False
20260918,Bearing1_4,validation,15,0.12396694214876033,0.18642708659172058,0.18642709,True
20260918,Bearing1_4,validation,16,0.1322314049586777,0.1904767006635666,0.19452631,True
20260918,Bearing1_4,validation,17,0.14049586776859505,0.193627600868543,0.1999294,True
20260918,Bearing1_4,validation,18,0.1487603305785124,0.19334489107131958,0.19249676,True
20260918,Bearing1_4,validation,19,0.15702479338842976,0.19391070008277894,0.19617394,True
20260918,Bearing1_4,validation,20,0.1652892561983471,0.2009178251028061,0.23595345,True
20260918,Bearing1_4,validation,21,0.17355371900826447,0.20158605064664567,0.2055954,True
20260918,Bearing1_4,validation,22,0.18181818181818182,0.20619038119912148,0.2384207,True
20260918,Bearing1_4,validation,23,0.19008264462809918,0.20880234075917137,0.22969802,True
20260918,Bearing1_4,validation,24,0.19834710743801653,0.21138196736574172,0.2345986,True
20260918,Bearing1_4,validation,25,0.2066115702479339,0.21994531899690628,0.2720606,True
20260918,Bearing1_4,validation,26,0.21487603305785125,0.22677329629659654,0.2628061,True
20260918,Bearing1_4,validation,27,0.2231404958677686,0.23200728595256806,0.2522693,True
20260918,Bearing1_4,validation,28,0.23140495867768596,0.23609545677900315,0.23337847,True
20260918,Bearing1_4,validation,29,0.2396694214876033,0.23566276133060454,0.19184698,True
20260918,Bearing1_4,validation,30,0.24793388429752067,0.23099733591079713,0.1892992,True
20260918,Bearing1_4,validation,31,0.256198347107438,0.22693101167678834,0.16493216,True
20260918,Bearing1_4,validation,32,0.2644628099173554,0.2220128908753395,0.18923949,True
20260918,Bearing1_4,validation,33,0.2727272727272727,0.21756509840488433,0.18522009,True
20260918,Bearing1_4,validation,34,0.2809917355371901,0.2120214119553566,0.17916174,True
20260918,Bearing1_4,validation,35,0.2892561983471074,0.2042986273765564,0.19483276,True
20260918,Bearing1_4,validation,36,0.2975206611570248,0.19476087242364884,0.16742854,True
20260918,Bearing1_4,validation,37,0.30578512396694213,0.19122507572174072,0.21691133,True
20260918,Bearing1_4,validation,38,0.3140495867768595,0.19346997439861296,0.25582746,True
20260918,Bearing1_4,validation,39,0.32231404958677684,0.19718554615974426,0.2290027,True
20260918,Bearing1_4,validation,40,0.3305785123966942,0.20039816349744796,0.22142537,True
20260918,Bearing1_4,validation,41,0.33884297520661155,0.20505935102701187,0.21154404,True
20260918,Bearing1_4,validation,42,0.34710743801652894,0.2037768617272377,0.1764146,True
20260918,Bearing1_4,validation,43,0.35537190082644626,0.20672550797462463,0.21470656,True
20260918,Bearing1_4,validation,44,0.36363636363636365,0.2075166955590248,0.18707362,True
20260918,Bearing1_4,validation,45,0.371900826446281,0.20796253979206086,0.1992912,True
20260918,Bearing1_4,validation,46,0.38016528925619836,0.2083257868885994,0.17106101,True
20260918,Bearing1_4,validation,47,0.3884297520661157,0.20147310197353363,0.14838448,True
20260918,Bearing1_4,validation,48,0.39669421487603307,0.1862630233168602,0.10372667,True
20260918,Bearing1_4,validation,49,0.4049586776859504,0.17099175825715066,0.07629005,True
20260918,Bearing1_4,validation,50,0.4132231404958678,0.16297852471470833,0.14129303,True
20260918,Bearing1_4,validation,51,0.4214876033057851,0.1603865973651409,0.18562476,True
20260918,Bearing1_4,validation,52,0.4297520661157025,0.16101404651999474,0.18268909,True
20260918,Bearing1_4,validation,53,0.4380165289256198,0.1650626964867115,0.25519305,True
20260918,Bearing1_4,validation,54,0.4462809917355372,0.17079325541853904,0.24437921,True
20260918,Bearing1_4,validation,55,0.45454545454545453,0.17183592692017555,0.20971791,True
20260918,Bearing1_4,validation,56,0.4628099173553719,0.18348074927926064,0.28750923,True
20260918,Bearing1_4,validation,57,0.47107438016528924,0.1972477801144123,0.2860548,True
20260918,Bearing1_4,validation,58,0.4793388429752066,0.2137350969016552,0.26859984,True
20260918,Bearing1_4,validation,59,0.48760330578512395,0.23252863436937332,0.26422542,True
20260918,Bearing1_4,validation,60,0.49586776859504134,0.24878529012203215,0.3038596,True
20260918,Bearing1_4,validation,61,0.5041322314049587,0.25041276067495344,0.20189947,True
20260918,Bearing1_4,validation,62,0.512396694214876,0.2550895094871521,0.22945657,True
20260918,Bearing1_4,validation,63,0.5206611570247934,0.25432375222444537,0.24753548,True
20260918,Bearing1_4,validation,64,0.5289256198347108,0.2572634905576706,0.2737766,True
20260918,Bearing1_4,validation,65,0.5371900826446281,0.2670948222279549,0.30803123,True
20260918,Bearing1_4,validation,66,0.5454545454545454,0.2699084773659706,0.31564578,True
20260918,Bearing1_4,validation,67,0.5537190082644629,0.27217773348093033,0.30874735,True
20260918,Bearing1_4,validation,68,0.5619834710743802,0.27680451720952987,0.31486768,True
20260918,Bearing1_4,validation,69,0.5702479338842975,0.28314688950777056,0.32764915,True
20260918,Bearing1_4,validation,70,0.5785123966942148,0.2874353751540184,0.34674445,True
20260918,Bearing1_4,validation,71,0.5867768595041323,0.29678761810064314,0.2954219,True
20260918,Bearing1_4,validation,72,0.5950413223140496,0.30716529339551923,0.33323333,True
20260918,Bearing1_4,validation,73,0.6033057851239669,0.3149602621793747,0.32548517,True
20260918,Bearing1_4,validation,74,0.6115702479338843,0.32693769931793215,0.39355096,True
20260918,Bearing1_4,validation,75,0.6198347107438017,0.33156746029853823,0.35432884,True
20260918,Bearing1_4,validation,76,0.628099173553719,0.3395467072725296,0.39543825,True
20260918,Bearing1_4,validation,77,0.6363636363636364,0.3476923584938049,0.39020386,True
20260918,Bearing1_4,validation,78,0.6446280991735537,0.3557433605194092,0.3953777,True
20260918,Bearing1_4,validation,79,0.6528925619834711,0.36830606758594514,0.45327622,True
20260918,Bearing1_4,validation,80,0.6611570247933884,0.4027289092540741,0.69097286,True
20260918,Bearing1_4,validation,81,0.6694214876033058,0.4509782373905182,0.7779152,True
20260918,Bearing1_4,validation,82,0.6776859504132231,0.4997915416955948,0.82136637,True
20260918,Bearing1_4,validation,83,0.6859504132231405,0.5675581902265548,1.0031517,True
20260918,Bearing1_4,validation,84,0.6942148760330579,0.6418730020523071,1.1366991,True
20260918,Bearing1_4,validation,85,0.7024793388429752,0.7288248926401139,1.2238477,True
20260918,Bearing1_4,validation,86,0.7107438016528925,0.8045811742544174,1.1530011,True
20260918,Bearing1_4,validation,87,0.71900826446281,0.8971512258052826,1.3159044,True
20260918,Bearing1_4,validation,88,0.7272727272727273,0.9965765953063965,1.3896314,True
20260918,Bearing1_4,validation,89,0.7355371900826446,1.1073559939861297,1.5610702,True
20260918,Bearing1_4,validation,90,0.743801652892562,1.1865180730819702,1.4825937,True
20260918,Bearing1_4,validation,91,0.7520661157024794,1.2442269265651702,1.3550037,True
20260918,Bearing1_4,validation,92,0.7603305785123967,1.2989134788513184,1.3682319,True
20260918,Bearing1_4,validation,93,0.768595041322314,1.3327152848243713,1.3411697,True
20260918,Bearing1_4,validation,94,0.7768595041322314,1.3485156416893005,1.2947026,True
20260918,Bearing1_4,validation,95,0.7851239669421488,1.345945906639099,1.1981504,True
20260918,Bearing1_4,validation,96,0.7933884297520661,1.3492859125137329,1.1864011,True
20260918,Bearing1_4,validation,97,0.8016528925619835,1.3406835913658142,1.2298812,True
20260918,Bearing1_4,validation,98,0.8099173553719008,1.3238117933273315,1.2209134,True
20260918,Bearing1_4,validation,99,0.8181818181818182,1.2854962468147277,1.1779147,True
20260918,Bearing1_4,validation,100,0.8264462809917356,1.251376485824585,1.141396,True
20260918,Bearing1_4,validation,101,0.8347107438016529,1.2331544041633606,1.1727829,True
20260918,Bearing1_4,validation,102,0.8429752066115702,1.2100426197052,1.137114,True
20260918,Bearing1_4,validation,103,0.8512396694214877,1.1837425708770752,1.0781692,True
20260918,Bearing1_4,validation,104,0.859504132231405,1.1680347323417664,1.1376243,True
20260918,Bearing1_4,validation,105,0.8677685950413223,1.159162211418152,1.1094252,True
20260918,Bearing1_4,validation,106,0.8760330578512396,1.1569018602371215,1.1637976,True
20260918,Bearing1_4,validation,107,0.8842975206611571,1.14426509141922,1.1035135,True
20260918,Bearing1_4,validation,108,0.8925619834710744,1.1262376427650451,1.0406389,True
20260918,Bearing1_4,validation,109,0.9008264462809917,1.1231842279434203,1.1473806,True
20260918,Bearing1_4,validation,110,0.9090909090909091,1.1200340151786805,1.1098939,True
20260918,Bearing1_4,validation,111,0.9173553719008265,1.1151583075523377,1.1240258,True
20260918,Bearing1_4,validation,112,0.9256198347107438,1.1137197732925415,1.1227287,True
20260918,Bearing1_4,validation,113,0.9338842975206612,1.1125019073486329,1.0659906,True
20260918,Bearing1_4,validation,114,0.9421487603305785,1.1007088541984558,1.0196937,True
20260918,Bearing1_4,validation,115,0.9504132231404959,1.0913338780403137,1.0156754,True
20260918,Bearing1_4,validation,116,0.9586776859504132,1.0775928497314453,1.0263873,True
20260918,Bearing1_4,validation,117,0.9669421487603306,1.0718868851661683,1.0464538,True
20260918,Bearing1_4,validation,118,0.9752066115702479,1.075156044960022,1.0733305,True
20260918,Bearing1_4,validation,119,0.9834710743801653,1.059006440639496,0.98588455,True
20260918,Bearing1_4,validation,120,0.9917355371900827,1.059871757030487,1.1185471,True
20260918,Bearing1_4,validation,121,1.0,1.1771206498146056,2.2965147,True
20260918,Bearing1_5,holdout_test,0,0.0,,0.7240425,False
20260918,Bearing1_5,holdout_test,1,0.0196078431372549,,0.22528522,False
20260918,Bearing1_5,holdout_test,2,0.0392156862745098,,0.08419783,False
20260918,Bearing1_5,holdout_test,3,0.058823529411764705,,0.07120982,False
20260918,Bearing1_5,holdout_test,4,0.0784313725490196,,0.06439202,False
20260918,Bearing1_5,holdout_test,5,0.09803921568627451,,0.07453461,False
20260918,Bearing1_5,holdout_test,6,0.11764705882352941,,0.07579705,False
20260918,Bearing1_5,holdout_test,7,0.13725490196078433,,0.07867456,False
20260918,Bearing1_5,holdout_test,8,0.1568627450980392,,0.08786099,False
20260918,Bearing1_5,holdout_test,9,0.17647058823529413,,0.09523282,False
20260918,Bearing1_5,holdout_test,10,0.19607843137254902,,0.10010891,False
20260918,Bearing1_5,holdout_test,11,0.21568627450980393,,0.094167136,False
20260918,Bearing1_5,holdout_test,12,0.23529411764705882,,0.10379963,False
20260918,Bearing1_5,holdout_test,13,0.2549019607843137,,0.11211288,False
20260918,Bearing1_5,holdout_test,14,0.27450980392156865,,0.11903264,False
20260918,Bearing1_5,holdout_test,15,0.29411764705882354,0.10454262048006058,0.10454262,True
20260918,Bearing1_5,holdout_test,16,0.3137254901960784,0.09777987003326416,0.09101712,True
20260918,Bearing1_5,holdout_test,17,0.3333333333333333,0.09366662551959355,0.08544014,True
20260918,Bearing1_5,holdout_test,18,0.35294117647058826,0.08967082388699055,0.07768342,True
20260918,Bearing1_5,holdout_test,19,0.37254901960784315,0.08722429424524307,0.077438176,True
20260918,Bearing1_5,holdout_test,20,0.39215686274509803,0.08789898082613945,0.091272414,True
20260918,Bearing1_5,holdout_test,21,0.4117647058823529,0.08862382918596268,0.09297292,True
20260918,Bearing1_5,holdout_test,22,0.43137254901960786,0.09046370163559914,0.10334281,True
20260918,Bearing1_5,holdout_test,23,0.45098039215686275,0.09187349594301647,0.10315185,True
20260918,Bearing1_5,holdout_test,24,0.47058823529411764,0.09313060492277145,0.104444586,True
20260918,Bearing1_5,holdout_test,25,0.49019607843137253,0.09402928352355958,0.11352941,True
20260918,Bearing1_5,holdout_test,26,0.5098039215686274,0.09710199162364005,0.1217442,True
20260918,Bearing1_5,holdout_test,27,0.5294117647058824,0.09835824742913246,0.098002695,True
20260918,Bearing1_5,holdout_test,28,0.5490196078431373,0.10005122348666191,0.09461318,True
20260918,Bearing1_5,holdout_test,29,0.5686274509803921,0.10048491880297661,0.08177513,True
20260918,Bearing1_5,holdout_test,30,0.5882352941176471,0.09916453137993812,0.07806854,True
20260918,Bearing1_5,holdout_test,31,0.6078431372549019,0.09835826605558395,0.084910266,True
20260918,Bearing1_5,holdout_test,32,0.6274509803921569,0.097111726552248,0.090877414,True
20260918,Bearing1_5,holdout_test,33,0.6470588235294118,0.10308780372142792,0.16291262,True
20260918,Bearing1_5,holdout_test,34,0.6666666666666666,0.1351719953119755,0.4252865,True
20260918,Bearing1_5,holdout_test,35,0.6862745098039216,0.1926841214299202,0.68865067,True
20260918,Bearing1_5,holdout_test,36,0.7058823529411765,0.2831976681947708,1.0268797,True
20260918,Bearing1_5,holdout_test,37,0.7254901960784313,0.4040794618427753,1.3068206,True
20260918,Bearing1_5,holdout_test,38,0.7450980392156863,0.5428093336522579,1.4819119,True
20260918,Bearing1_5,holdout_test,39,0.7647058823529411,0.7235363207757473,1.889045,True
20260918,Bearing1_5,holdout_test,40,0.7843137254901961,0.9398769296705722,2.2414746,True
20260918,Bearing1_5,holdout_test,41,0.803921568627451,1.1859493538737298,2.5456345,True
20260918,Bearing1_5,holdout_test,42,0.8235294117647058,1.4537190601229668,2.7685745,True
20260918,Bearing1_5,holdout_test,43,0.8431372549019608,1.7264010816812516,2.8897328,True
20260918,Bearing1_5,holdout_test,44,0.8627450980392157,1.9794630706310272,2.9559064,True
20260918,Bearing1_5,holdout_test,45,0.8823529411764706,2.210852897167206,3.002549,True
20260918,Bearing1_5,holdout_test,46,0.9019607843137255,2.4115810871124266,3.0341616,True
20260918,Bearing1_5,holdout_test,47,0.9215686274509803,2.5860995769500734,3.0520055,True
20260918,Bearing1_5,holdout_test,48,0.9411764705882353,2.7447459936141967,3.068376,True
20260918,Bearing1_5,holdout_test,49,0.9607843137254902,2.8638920068740843,3.0805051,True
20260918,Bearing1_5,holdout_test,50,0.9803921568627451,2.950974869728088,3.1123033,True
20260918,Bearing1_5,holdout_test,51,1.0,3.0109993696212767,3.1458795,True
