arm,seed,bearing_id,step_id,level,distance_level,included_in_score
control,20260916,Bearing1_1,0,,,False
control,20260916,Bearing1_1,1,,,False
control,20260916,Bearing1_1,2,,,False
control,20260916,Bearing1_1,3,,,False
control,20260916,Bearing1_1,4,,,False
control,20260916,Bearing1_1,5,,,False
control,20260916,Bearing1_1,6,,,False
control,20260916,Bearing1_1,7,,,False
control,20260916,Bearing1_1,8,,,False
control,20260916,Bearing1_1,9,,,False
control,20260916,Bearing1_1,10,,,False
control,20260916,Bearing1_1,11,,,False
control,20260916,Bearing1_1,12,,,False
control,20260916,Bearing1_1,13,,,False
control,20260916,Bearing1_1,14,,,False
control,20260916,Bearing1_1,15,0.3427122235298157,1.5807108879089355,False
control,20260916,Bearing1_1,16,0.35895514488220215,1.6577584743499756,False
control,20260916,Bearing1_1,17,0.38539432485898334,1.7724541425704956,False
control,20260916,Bearing1_1,18,0.39134038239717484,1.791355013847351,False
control,20260916,Bearing1_1,19,0.39840357303619384,1.8241615295410156,False
control,20260916,Bearing1_1,20,0.4026031295458476,1.8423190116882324,False
control,20260916,Bearing1_1,21,0.42511247737067087,1.9324582815170288,False
control,20260916,Bearing1_1,22,0.4219626113772392,1.904271125793457,False
control,20260916,Bearing1_1,23,0.43363063865237766,1.955491542816162,False
control,20260916,Bearing1_1,24,0.4518311440944672,2.016653537750244,False
control,20260916,Bearing1_1,25,0.47240263819694517,2.0861611366271973,True
control,20260916,Bearing1_1,26,0.4908785581588745,2.1498563289642334,True
control,20260916,Bearing1_1,27,0.5222255736589432,2.2521233558654785,True
control,20260916,Bearing1_1,28,0.5417682558298111,2.3072562217712402,True
control,20260916,Bearing1_1,29,0.5662632644176483,2.38350248336792,True
control,20260916,Bearing1_1,30,0.6007640182971954,2.4891350269317627,True
control,20260916,Bearing1_1,31,0.6188403189182281,2.5230562686920166,True
control,20260916,Bearing1_1,32,0.6416324853897095,2.598602533340454,True
control,20260916,Bearing1_1,33,0.6555383026599884,2.630685806274414,True
control,20260916,Bearing1_1,34,0.6816408157348632,2.710963010787964,True
control,20260916,Bearing1_1,35,0.721232271194458,2.825164794921875,True
control,20260916,Bearing1_1,36,0.7336992502212525,2.8423752784729004,True
control,20260916,Bearing1_1,37,0.7456578075885772,2.8731236457824707,True
control,20260916,Bearing1_1,38,0.759104710817337,2.910956621170044,True
control,20260916,Bearing1_1,39,0.7631055533885955,2.9132370948791504,True
control,20260916,Bearing1_1,40,0.7870465338230133,2.988157033920288,True
control,20260916,Bearing1_1,41,0.7925939202308655,2.992945909500122,True
control,20260916,Bearing1_1,42,0.7969382166862488,3.006256341934204,True
control,20260916,Bearing1_1,43,0.7880152583122253,2.9723997116088867,True
control,20260916,Bearing1_1,44,0.7891117334365845,2.983635663986206,True
control,20260916,Bearing1_1,45,0.7664960026741028,2.9101014137268066,True
control,20260916,Bearing1_1,46,0.7923671543598175,3.008561849594116,True
control,20260916,Bearing1_1,47,0.7902010142803192,2.98543119430542,True
control,20260916,Bearing1_1,48,0.7809805274009705,2.957216739654541,True
control,20260916,Bearing1_1,49,0.774193263053894,2.942250967025757,True
control,20260916,Bearing1_1,50,0.7500986456871033,2.8719143867492676,True
control,20260916,Bearing1_1,51,0.7355617403984069,2.8390073776245117,True
control,20260916,Bearing1_1,52,0.7386272251605988,2.8607239723205566,True
control,20260916,Bearing1_1,53,0.7550112068653106,2.918579578399658,True
control,20260916,Bearing1_1,54,0.7343267977237702,2.838043689727783,True
control,20260916,Bearing1_1,55,0.7373127400875091,2.8651576042175293,True
control,20260916,Bearing1_1,56,0.726476788520813,2.830383777618408,True
control,20260916,Bearing1_1,57,0.7133644819259644,2.791140556335449,True
control,20260916,Bearing1_1,58,0.7228893041610718,2.8315210342407227,True
control,20260916,Bearing1_1,59,0.7328457117080689,2.8610920906066895,True
control,20260916,Bearing1_1,60,0.7293983042240143,2.8378734588623047,True
control,20260916,Bearing1_1,61,0.7437672197818757,2.890111207962036,True
control,20260916,Bearing1_1,62,0.739479374885559,2.860776662826538,True
control,20260916,Bearing1_1,63,0.7287539422512055,2.822263240814209,True
control,20260916,Bearing1_1,64,0.7474007964134216,2.8921995162963867,True
control,20260916,Bearing1_1,65,0.7566696047782898,2.905261993408203,True
control,20260916,Bearing1_1,66,0.7699092566967011,2.9361257553100586,True
control,20260916,Bearing1_1,67,0.7918776571750641,2.9966444969177246,True
control,20260916,Bearing1_1,68,0.8147908687591553,3.0515329837799072,True
control,20260916,Bearing1_1,69,0.8475472211837769,3.1310858726501465,True
control,20260916,Bearing1_1,70,0.9012564480304718,3.2682323455810547,True
control,20260916,Bearing1_1,71,0.9684146344661713,3.4203429222106934,True
control,20260916,Bearing1_1,72,1.0691393256187438,3.6565468311309814,True
control,20260916,Bearing1_1,73,1.1896420896053315,3.9176220893859863,True
control,20260916,Bearing1_1,74,1.310058057308197,4.141284465789795,True
control,20260916,Bearing1_1,75,1.4647060692310334,4.470841407775879,True
control,20260916,Bearing1_1,76,1.616668438911438,4.734234809875488,True
control,20260916,Bearing1_1,77,1.8009850442409516,5.116789817810059,True
control,20260916,Bearing1_1,78,2.020190346240997,5.714841365814209,True
control,20260916,Bearing1_1,79,2.2549283266067506,6.293141841888428,True
control,20260916,Bearing1_1,80,2.4868844985961913,6.830620765686035,True
control,20260916,Bearing1_1,81,2.71055862903595,7.326503753662109,True
control,20260916,Bearing1_1,82,2.922091507911682,7.793318271636963,True
control,20260916,Bearing1_1,83,3.1226486921310426,8.245183944702148,True
control,20260916,Bearing1_1,84,3.3042991876602175,8.652021408081055,True
control,20260916,Bearing1_1,85,3.457716464996338,8.983538627624512,True
control,20260916,Bearing1_1,86,3.6036044120788575,9.340927124023438,True
control,20260916,Bearing1_1,87,3.721989393234253,9.600300788879395,True
control,20260916,Bearing1_1,88,3.803735041618347,9.630768775939941,True
control,20260916,Bearing1_1,89,3.8613583564758303,9.660893440246582,True
control,20260916,Bearing1_1,90,3.9030577182769775,9.684713363647461,True
control,20260916,Bearing1_1,91,3.9341310024261475,9.707818984985352,True
control,20260916,Bearing1_1,92,3.958275008201599,9.734452247619629,True
control,20260916,Bearing1_1,93,3.976923966407776,9.750935554504395,True
control,20260916,Bearing1_1,94,3.991781163215637,9.766923904418945,True
control,20260916,Bearing1_1,95,4.003911805152893,9.78254508972168,True
control,20260916,Bearing1_1,96,4.014029264450073,9.799245834350586,True
control,20260916,Bearing1_1,97,4.022799777984619,9.816034317016602,True
control,20260916,Bearing1_1,98,4.030343556404114,9.830093383789062,True
control,20260916,Bearing1_1,99,4.036782312393188,9.842700958251953,True
control,20260916,Bearing1_1,100,4.042261743545533,9.852789878845215,True
control,20260916,Bearing1_1,101,4.047299385070801,9.866508483886719,True
control,20260916,Bearing1_1,102,4.051663827896118,9.876221656799316,True
control,20260916,Bearing1_1,103,4.055613231658936,9.885843276977539,True
control,20260916,Bearing1_1,104,4.059060001373291,9.894556045532227,True
control,20260916,Bearing1_1,105,4.062047529220581,9.902055740356445,True
control,20260916,Bearing1_1,106,4.064619827270508,9.906930923461914,True
control,20260916,Bearing1_1,107,4.066774225234985,9.911271095275879,True
control,20260916,Bearing1_1,108,4.06861891746521,9.916345596313477,True
control,20260916,Bearing1_1,109,4.070416688919067,9.922260284423828,True
control,20260916,Bearing1_1,110,4.072272491455078,9.92956829071045,True
control,20260916,Bearing1_1,111,4.073979282379151,9.93623161315918,True
control,20260916,Bearing1_1,112,4.075654077529907,9.942983627319336,True
control,20260916,Bearing1_1,113,4.077115297317505,9.94914436340332,True
control,20260916,Bearing1_1,114,4.078705596923828,9.957662582397461,True
control,20260916,Bearing1_1,115,4.080342435836792,9.966322898864746,True
control,20260916,Bearing1_1,116,4.081961679458618,9.976485252380371,True
control,20260916,Bearing1_1,117,4.083409023284912,9.981118202209473,True
control,20260916,Bearing1_1,118,4.08496584892273,9.990734100341797,True
control,20260916,Bearing1_1,119,4.0864501953125,9.998408317565918,True
control,20260916,Bearing1_1,120,4.087758207321167,10.007654190063477,True
control,20260916,Bearing1_1,121,4.0893043041229244,10.021825790405273,True
control,20260916,Bearing1_1,122,4.091656303405761,10.055891036987305,True
control,20260916,Bearing1_2,0,,,False
control,20260916,Bearing1_2,1,,,False
control,20260916,Bearing1_2,2,,,False
control,20260916,Bearing1_2,3,,,False
control,20260916,Bearing1_2,4,,,False
control,20260916,Bearing1_2,5,,,False
control,20260916,Bearing1_2,6,,,False
control,20260916,Bearing1_2,7,,,False
control,20260916,Bearing1_2,8,,,False
control,20260916,Bearing1_2,9,,,False
control,20260916,Bearing1_2,10,,,False
control,20260916,Bearing1_2,11,,,False
control,20260916,Bearing1_2,12,,,False
control,20260916,Bearing1_2,13,,,False
control,20260916,Bearing1_2,14,,,False
control,20260916,Bearing1_2,15,0.12596987187862396,0.28526145219802856,False
control,20260916,Bearing1_2,16,0.131286159157753,0.33863717317581177,False
control,20260916,Bearing1_2,17,0.13305546343326569,0.3369918167591095,False
control,20260916,Bearing1_2,18,0.1326834186911583,0.3128265142440796,False
control,20260916,Bearing1_2,19,0.13287669718265532,0.30707186460494995,False
control,20260916,Bearing1_2,20,0.1340766673286756,0.3245510160923004,False
control,20260916,Bearing1_2,21,0.13742136103766306,0.37369781732559204,False
control,20260916,Bearing1_2,22,0.13782391138374805,0.3691544830799103,False
control,20260916,Bearing1_2,23,0.13715577456686232,0.34606561064720154,False
control,20260916,Bearing1_2,24,0.13604011833667756,0.31720349192619324,False
control,20260916,Bearing1_2,25,0.13625514209270478,0.3088708519935608,True
control,20260916,Bearing1_2,26,0.13508334755897522,0.27766385674476624,True
control,20260916,Bearing1_2,27,0.13425278812646865,0.25814175605773926,True
control,20260916,Bearing1_2,28,0.1342312887310982,0.2535565495491028,True
control,20260916,Bearing1_2,29,0.13402021825313568,0.24510768055915833,True
control,20260916,Bearing1_2,30,0.1325945198535919,0.20635986328125,True
control,20260916,Bearing1_2,31,0.13363923728466034,0.22801204025745392,True
control,20260916,Bearing1_2,32,0.13849484473466872,0.2993956506252289,True
control,20260916,Bearing1_2,33,0.14058144837617875,0.3392033874988556,True
control,20260916,Bearing1_2,34,0.14057499766349793,0.35770612955093384,True
control,20260916,Bearing1_2,35,0.1399380825459957,0.3594352602958679,True
control,20260916,Bearing1_2,36,0.1401069663465023,0.3905980587005615,True
control,20260916,Bearing1_2,37,0.14814883545041085,0.48257318139076233,True
control,20260916,Bearing1_2,38,0.17324152514338492,0.6446975469589233,True
control,20260916,Bearing1_2,39,0.19814851209521295,0.7947391271591187,True
control,20260916,Bearing1_2,40,0.23347743973135948,1.0049968957901,True
control,20260916,Bearing1_2,41,0.24182784035801888,1.0200814008712769,True
control,20260916,Bearing1_2,42,0.25653769746422767,1.077039361000061,True
control,20260916,Bearing1_2,43,0.30086667761206626,1.2806894779205322,True
control,20260916,Bearing1_2,44,0.32937967255711553,1.4274730682373047,True
control,20260916,Bearing1_2,45,0.42871161103248595,1.8285572528839111,True
control,20260916,Bearing1_2,46,0.5683443590998649,2.2739763259887695,True
control,20260916,Bearing1_2,47,0.6965172499418258,2.6045987606048584,True
control,20260916,Bearing1_2,48,0.7418329954147339,2.6837680339813232,True
control,20260916,Bearing1_2,49,0.8133443295955658,2.902519702911377,True
control,20260916,Bearing1_2,50,0.9322901785373687,3.2194037437438965,True
control,20260916,Bearing1_2,51,1.0811887741088868,3.6053993701934814,True
control,20260916,Bearing1_2,52,1.2549773365259171,4.018645286560059,True
control,20260916,Bearing1_2,53,1.4223810881376266,4.352823734283447,True
control,20260916,Bearing1_2,54,1.6022448003292085,4.726384162902832,True
control,20260916,Bearing1_2,55,1.7480854213237762,4.978218078613281,True
control,20260916,Bearing1_2,56,1.8678923070430755,5.14933967590332,True
control,20260916,Bearing1_2,57,2.0161127984523772,5.449763774871826,True
control,20260916,Bearing1_2,58,2.2521312832832336,5.974964141845703,True
control,20260916,Bearing1_2,59,2.474539303779602,6.366019248962402,True
control,20260916,Bearing1_2,60,2.653287661075592,6.661942958831787,True
control,20260916,Bearing1_2,61,2.832476806640625,6.992440700531006,True
control,20260916,Bearing1_2,62,2.9976857900619507,7.457799434661865,True
control,20260916,Bearing1_2,63,3.158437728881836,7.982438087463379,True
control,20260916,Bearing1_2,64,3.3361138820648195,8.57821273803711,True
control,20260916,Bearing1_2,65,3.484426188468933,9.006579399108887,True
control,20260916,Bearing1_2,66,3.624187731742859,9.505128860473633,True
control,20260916,Bearing1_2,67,3.7432156801223755,9.911887168884277,True
control,20260916,Bearing1_2,68,3.8430845975875854,10.25728988647461,True
control,20260916,Bearing1_2,69,3.9323601722717285,10.588205337524414,True
control,20260916,Bearing1_2,70,4.009967470169068,10.897322654724121,True
control,20260916,Bearing1_2,71,4.080334997177124,11.176082611083984,True
control,20260916,Bearing1_2,72,4.1329406023025514,11.264795303344727,True
control,20260916,Bearing1_2,73,4.171767544746399,11.276509284973145,True
control,20260916,Bearing1_2,74,4.201309871673584,11.283068656921387,True
control,20260916,Bearing1_2,75,4.224462032318115,11.310616493225098,True
control,20260916,Bearing1_2,76,4.242189550399781,11.29084300994873,True
control,20260916,Bearing1_2,77,4.256128168106079,11.281370162963867,True
control,20260916,Bearing1_2,78,4.268166494369507,11.303449630737305,True
control,20260916,Bearing1_2,79,4.278742551803589,11.335153579711914,True
control,20260916,Bearing1_2,80,4.288671827316284,11.369216918945312,True
control,20260916,Bearing1_2,81,4.299225759506226,11.440157890319824,True
control,20260916,Bearing1_2,82,4.308238792419433,11.462969779968262,True
control,20260916,Bearing1_2,83,4.316277408599854,11.491144180297852,True
control,20260916,Bearing1_2,84,4.323532819747925,11.516018867492676,True
control,20260916,Bearing1_2,85,4.330174350738526,11.540294647216797,True
control,20260916,Bearing1_2,86,4.33647928237915,11.571761131286621,True
control,20260916,Bearing1_2,87,4.3423810482025145,11.600400924682617,True
control,20260916,Bearing1_2,88,4.346808862686157,11.59913444519043,True
control,20260916,Bearing1_2,89,4.351254224777222,11.621830940246582,True
control,20260916,Bearing1_2,90,4.354737710952759,11.619585037231445,True
control,20260916,Bearing1_2,91,4.357692527770996,11.624458312988281,True
control,20260916,Bearing1_2,92,4.3608733177185055,11.645147323608398,True
control,20260916,Bearing1_2,93,4.364221429824829,11.668278694152832,True
control,20260916,Bearing1_2,94,4.367069149017334,11.676806449890137,True
control,20260916,Bearing1_2,95,4.370135164260864,11.70338249206543,True
control,20260916,Bearing1_2,96,4.372914123535156,11.716262817382812,True
control,20260916,Bearing1_2,97,4.375536823272705,11.73249626159668,True
control,20260916,Bearing1_2,98,4.378565406799316,11.760726928710938,True
control,20260916,Bearing1_2,99,4.38131422996521,11.775721549987793,True
control,20260916,Bearing1_2,100,4.383908414840699,11.791133880615234,True
control,20260916,Bearing1_2,101,4.386281538009643,11.802267074584961,True
control,20260916,Bearing1_2,102,4.388644742965698,11.818540573120117,True
control,20260916,Bearing1_2,103,4.390690517425537,11.827544212341309,True
control,20260916,Bearing1_2,104,4.392546033859253,11.837911605834961,True
control,20260916,Bearing1_2,105,4.394262409210205,11.843536376953125,True
control,20260916,Bearing1_2,106,4.39584436416626,11.853008270263672,True
control,20260916,Bearing1_2,107,4.397419834136963,11.863164901733398,True
control,20260916,Bearing1_2,108,4.398933458328247,11.872108459472656,True
control,20260916,Bearing1_2,109,4.400381803512573,11.8804349899292,True
control,20260916,Bearing1_2,110,4.4017009258270265,11.887042999267578,True
control,20260916,Bearing1_2,111,4.402725696563721,11.887322425842285,True
control,20260916,Bearing1_2,112,4.403460454940796,11.884328842163086,True
control,20260916,Bearing1_2,113,4.40391993522644,11.877644538879395,True
control,20260916,Bearing1_2,114,4.404188823699951,11.870767593383789,True
control,20260916,Bearing1_2,115,4.4044617176055905,11.869571685791016,True
control,20260916,Bearing1_2,116,4.4047548294067385,11.867444038391113,True
control,20260916,Bearing1_2,117,4.4050047397613525,11.864994049072266,True
control,20260916,Bearing1_2,118,4.405116128921509,11.861859321594238,True
control,20260916,Bearing1_2,119,4.405269432067871,11.86170768737793,True
control,20260916,Bearing1_2,120,4.405407571792603,11.86067008972168,True
control,20260916,Bearing1_2,121,4.405675840377808,11.864751815795898,True
control,20260916,Bearing1_2,122,4.406033849716186,11.869241714477539,True
control,20260916,Bearing1_2,123,4.406577062606812,11.878317832946777,True
control,20260916,Bearing1_2,124,4.407237863540649,11.88790512084961,True
control,20260916,Bearing1_2,125,4.407940912246704,11.897150039672852,True
control,20260916,Bearing1_2,126,4.40864930152893,11.905263900756836,True
control,20260916,Bearing1_2,127,4.409381437301636,11.913225173950195,True
control,20260916,Bearing1_2,128,4.410247421264648,11.923460960388184,True
control,20260916,Bearing1_2,129,4.411096477508545,11.932615280151367,True
control,20260916,Bearing1_2,130,4.412011241912841,11.944245338439941,True
control,20260916,Bearing1_2,131,4.41289439201355,11.953592300415039,True
control,20260916,Bearing1_2,132,4.4137248516082765,11.962820053100586,True
control,20260916,Bearing1_2,133,4.414537382125855,11.971800804138184,True
control,20260916,Bearing1_2,134,4.415338945388794,11.978128433227539,True
control,20260916,Bearing1_2,135,4.416094207763672,11.984493255615234,True
control,20260916,Bearing1_2,136,4.416902351379394,11.993343353271484,True
control,20260916,Bearing1_2,137,4.417647743225098,12.00068473815918,True
control,20260916,Bearing1_2,138,4.41835503578186,12.006479263305664,True
control,20260916,Bearing1_2,139,4.419000959396362,12.010229110717773,True
control,20260916,Bearing1_2,140,4.419479036331177,12.011574745178223,True
control,20260916,Bearing1_2,141,4.419881010055542,12.011935234069824,True
control,20260916,Bearing1_2,142,4.4201959609985355,12.012174606323242,True
control,20260916,Bearing1_2,143,4.420339441299438,12.008977890014648,True
control,20260916,Bearing1_2,144,4.4204048156738285,12.008056640625,True
control,20260916,Bearing1_2,145,4.420444774627685,12.007669448852539,True
control,20260916,Bearing1_2,146,4.420552968978882,12.011397361755371,True
control,20260916,Bearing1_2,147,4.42081847190857,12.01823902130127,True
control,20260916,Bearing1_2,148,4.421128654479981,12.026178359985352,True
control,20260916,Bearing1_2,149,4.421550846099853,12.03605842590332,True
control,20260916,Bearing1_2,150,4.422172260284424,12.048206329345703,True
control,20260916,Bearing1_2,151,4.422887229919434,12.062789916992188,True
control,20260916,Bearing1_2,152,4.423727369308471,12.077611923217773,True
control,20260916,Bearing1_2,153,4.424727869033814,12.094331741333008,True
control,20260916,Bearing1_2,154,4.425847387313842,12.111272811889648,True
control,20260916,Bearing1_2,155,4.426973819732666,12.128435134887695,True
control,20260916,Bearing1_2,156,4.427976942062378,12.139823913574219,True
control,20260916,Bearing1_2,157,4.428926563262939,12.150111198425293,True
control,20260916,Bearing1_2,158,4.429846286773682,12.162088394165039,True
control,20260916,Bearing1_2,159,4.430755472183227,12.174339294433594,True
control,20260916,Bearing1_2,160,4.431857013702393,12.196332931518555,True
control,20260916,Bearing1_3,0,,,False
control,20260916,Bearing1_3,1,,,False
control,20260916,Bearing1_3,2,,,False
control,20260916,Bearing1_3,3,,,False
control,20260916,Bearing1_3,4,,,False
control,20260916,Bearing1_3,5,,,False
control,20260916,Bearing1_3,6,,,False
control,20260916,Bearing1_3,7,,,False
control,20260916,Bearing1_3,8,,,False
control,20260916,Bearing1_3,9,,,False
control,20260916,Bearing1_3,10,,,False
control,20260916,Bearing1_3,11,,,False
control,20260916,Bearing1_3,12,,,False
control,20260916,Bearing1_3,13,,,False
control,20260916,Bearing1_3,14,,,False
control,20260916,Bearing1_3,15,0.12347394227981567,0.09610585123300552,False
control,20260916,Bearing1_3,16,0.12425009906291962,0.0979515016078949,False
control,20260916,Bearing1_3,17,0.1249581774075826,0.11188552528619766,False
control,20260916,Bearing1_3,18,0.1292048804461956,0.19195203483104706,False
control,20260916,Bearing1_3,19,0.133917236328125,0.2496413290500641,False
control,20260916,Bearing1_3,20,0.13785084833701453,0.2976231276988983,False
control,20260916,Bearing1_3,21,0.1401799385036741,0.32334375381469727,False
control,20260916,Bearing1_3,22,0.14425857551395893,0.363003671169281,False
control,20260916,Bearing1_3,23,0.1479878822962443,0.39680683612823486,False
control,20260916,Bearing1_3,24,0.1492191419005394,0.40596818923950195,False
control,20260916,Bearing1_3,25,0.15250876247882844,0.44603413343429565,True
control,20260916,Bearing1_3,26,0.15570251941680907,0.48278871178627014,True
control,20260916,Bearing1_3,27,0.15947552472352983,0.5246332883834839,True
control,20260916,Bearing1_3,28,0.16159698367118835,0.5325088500976562,True
control,20260916,Bearing1_3,29,0.16310531347990037,0.5418086647987366,True
control,20260916,Bearing1_3,30,0.16287700831890106,0.5311185717582703,True
control,20260916,Bearing1_3,31,0.16427187621593475,0.5400959849357605,True
control,20260916,Bearing1_3,32,0.1629234880208969,0.5241339206695557,True
control,20260916,Bearing1_3,33,0.16023025363683702,0.49486055970191956,True
control,20260916,Bearing1_3,34,0.1589237004518509,0.48195284605026245,True
control,20260916,Bearing1_3,35,0.15855117738246918,0.4731990396976471,True
control,20260916,Bearing1_3,36,0.15851381421089172,0.4700429439544678,True
control,20260916,Bearing1_3,37,0.15650667548179625,0.43677911162376404,True
control,20260916,Bearing1_3,38,0.15442272275686264,0.40674981474876404,True
control,20260916,Bearing1_3,39,0.15165914893150328,0.3634348511695862,True
control,20260916,Bearing1_3,40,0.1502667933702469,0.3419404625892639,True
control,20260916,Bearing1_3,41,0.14795637130737305,0.31601279973983765,True
control,20260916,Bearing1_3,42,0.1466110661625862,0.29687851667404175,True
control,20260916,Bearing1_3,43,0.14556428790092468,0.27328991889953613,True
control,20260916,Bearing1_3,44,0.14533183127641677,0.26569926738739014,True
control,20260916,Bearing1_3,45,0.14441117495298386,0.24532660841941833,True
control,20260916,Bearing1_3,46,0.1429741933941841,0.22126677632331848,True
control,20260916,Bearing1_3,47,0.14315149188041687,0.22592201828956604,True
control,20260916,Bearing1_3,48,0.14337873458862305,0.23301632702350616,True
control,20260916,Bearing1_3,49,0.14479403495788573,0.2640635371208191,True
control,20260916,Bearing1_3,50,0.14524596631526948,0.26839303970336914,True
control,20260916,Bearing1_3,51,0.14502014517784118,0.260709673166275,True
control,20260916,Bearing1_3,52,0.14419083744287492,0.2409464418888092,True
control,20260916,Bearing1_3,53,0.14396639168262482,0.2398112565279007,True
control,20260916,Bearing1_3,54,0.14342261850833893,0.2243357002735138,True
control,20260916,Bearing1_3,55,0.1432560682296753,0.221642404794693,True
control,20260916,Bearing1_3,56,0.14288786202669143,0.21273675560951233,True
control,20260916,Bearing1_3,57,0.14230714738368988,0.20010140538215637,True
control,20260916,Bearing1_3,58,0.1442040517926216,0.2282659262418747,True
control,20260916,Bearing1_3,59,0.14809762686491013,0.2614142596721649,True
control,20260916,Bearing1_3,60,0.1572613000869751,0.33968767523765564,True
control,20260916,Bearing1_3,61,0.16371035128831862,0.39857912063598633,True
control,20260916,Bearing1_3,62,0.17310835868120195,0.49215373396873474,True
control,20260916,Bearing1_3,63,0.1829102009534836,0.5827553272247314,True
control,20260916,Bearing1_3,64,0.1904766395688057,0.6578611135482788,True
control,20260916,Bearing1_3,65,0.1969531551003456,0.7243267893791199,True
control,20260916,Bearing1_3,66,0.20802346467971802,0.8289670944213867,True
control,20260916,Bearing1_3,67,0.22098533660173417,0.9335963129997253,True
control,20260916,Bearing1_3,68,0.23199962824583054,0.9984180331230164,True
control,20260916,Bearing1_3,69,0.2403267115354538,1.043195366859436,True
control,20260916,Bearing1_3,70,0.24376350194215773,1.0598777532577515,True
control,20260916,Bearing1_3,71,0.2579003572463989,1.1402089595794678,True
control,20260916,Bearing1_3,72,0.27695934772491454,1.2273310422897339,True
control,20260916,Bearing1_3,73,0.2941426619887352,1.3009507656097412,True
control,20260916,Bearing1_3,74,0.31728119105100633,1.4089953899383545,True
control,20260916,Bearing1_3,75,0.3424792349338531,1.5256640911102295,True
control,20260916,Bearing1_3,76,0.36653611063957214,1.6214338541030884,True
control,20260916,Bearing1_3,77,0.3912419378757477,1.7220561504364014,True
control,20260916,Bearing1_3,78,0.41884114444255827,1.8324544429779053,True
control,20260916,Bearing1_3,79,0.44102667570114135,1.9202083349227905,True
control,20260916,Bearing1_3,80,0.469630965590477,2.035616397857666,True
control,20260916,Bearing1_3,81,0.4897854596376419,2.101930856704712,True
control,20260916,Bearing1_3,82,0.5072334438562394,2.1585476398468018,True
control,20260916,Bearing1_3,83,0.5295646876096726,2.2383193969726562,True
control,20260916,Bearing1_3,84,0.5474819064140319,2.294520378112793,True
control,20260916,Bearing1_3,85,0.5649332046508789,2.349029064178467,True
control,20260916,Bearing1_3,86,0.5727303326129913,2.369248390197754,True
control,20260916,Bearing1_3,87,0.586208701133728,2.4143004417419434,True
control,20260916,Bearing1_3,88,0.6041386663913727,2.468461275100708,True
control,20260916,Bearing1_3,89,0.6275838732719421,2.538818836212158,True
control,20260916,Bearing1_3,90,0.6459583520889283,2.5864131450653076,True
control,20260916,Bearing1_3,91,0.6990974724292756,2.746676206588745,True
control,20260916,Bearing1_3,92,0.751597785949707,2.876234292984009,True
control,20260916,Bearing1_3,93,0.816326481103897,3.0356686115264893,True
control,20260916,Bearing1_3,94,0.8862869560718536,3.198683738708496,True
control,20260916,Bearing1_3,95,0.9676767945289612,3.3865132331848145,True
control,20260916,Bearing1_3,96,1.0532028913497924,3.583500623703003,True
control,20260916,Bearing1_3,97,1.1255170404911041,3.7368850708007812,True
control,20260916,Bearing1_3,98,1.2012038290500642,3.903785228729248,True
control,20260916,Bearing1_3,99,1.2803823173046112,4.075682640075684,True
control,20260916,Bearing1_3,100,1.364796268939972,4.258383274078369,True
control,20260916,Bearing1_3,101,1.422296905517578,4.347109794616699,True
control,20260916,Bearing1_3,102,1.487977349758148,4.476720333099365,True
control,20260916,Bearing1_3,103,1.5415907859802247,4.564897060394287,True
control,20260916,Bearing1_3,104,1.5973242282867433,4.667638301849365,True
control,20260916,Bearing1_3,105,1.6494764685630798,4.75877046585083,True
control,20260916,Bearing1_3,106,1.7123453617095947,4.876858234405518,True
control,20260916,Bearing1_3,107,1.7944673418998718,5.0383100509643555,True
control,20260916,Bearing1_3,108,1.8679338455200196,5.149864673614502,True
control,20260916,Bearing1_3,109,1.9474785804748536,5.287394046783447,True
control,20260916,Bearing1_3,110,2.030855965614319,5.427834510803223,True
control,20260916,Bearing1_3,111,2.0985668420791628,5.514519691467285,True
control,20260916,Bearing1_3,112,2.1620827674865724,5.613099575042725,True
control,20260916,Bearing1_3,113,2.231287431716919,5.729248046875,True
control,20260916,Bearing1_3,114,2.2923508167266844,5.810099124908447,True
control,20260916,Bearing1_3,115,2.3412423849105837,5.86675500869751,True
control,20260916,Bearing1_3,116,2.392954969406128,5.954381465911865,True
control,20260916,Bearing1_3,117,2.4332276344299317,5.999567985534668,True
control,20260916,Bearing1_3,118,2.4781851768493652,6.0780415534973145,True
control,20260916,Bearing1_3,119,2.523902416229248,6.156569480895996,True
control,20260916,Bearing1_3,120,2.5695693731307983,6.23292875289917,True
control,20260916,Bearing1_3,121,2.629725980758667,6.352209568023682,True
control,20260916,Bearing1_3,122,2.6933501720428468,6.472907066345215,True
control,20260916,Bearing1_3,123,2.7621711015701296,6.619653224945068,True
control,20260916,Bearing1_3,124,2.843636465072632,6.802630424499512,True
control,20260916,Bearing1_3,125,2.9310075521469114,6.963197231292725,True
control,20260916,Bearing1_3,126,3.0152676105499268,7.124615669250488,True
control,20260916,Bearing1_3,127,3.1029725074768066,7.304739475250244,True
control,20260916,Bearing1_3,128,3.1958657264709474,7.54428768157959,True
control,20260916,Bearing1_3,129,3.2888522148132324,7.788665771484375,True
control,20260916,Bearing1_3,130,3.375702977180481,7.984171390533447,True
control,20260916,Bearing1_3,131,3.4681351661682127,8.312650680541992,True
control,20260916,Bearing1_3,132,3.5578914880752563,8.62797737121582,True
control,20260916,Bearing1_3,133,3.6410216331481933,8.949365615844727,True
control,20260916,Bearing1_3,134,3.71866352558136,9.263168334960938,True
control,20260916,Bearing1_3,135,3.798214912414551,9.609502792358398,True
control,20260916,Bearing1_3,136,3.873481583595276,9.92905044555664,True
control,20260916,Bearing1_3,137,3.9453295946121214,10.243814468383789,True
control,20260916,Bearing1_3,138,4.007252621650696,10.488104820251465,True
control,20260916,Bearing1_3,139,4.059835386276245,10.69282341003418,True
control,20260916,Bearing1_3,140,4.110120558738709,10.937886238098145,True
control,20260916,Bearing1_3,141,4.150150990486145,11.052925109863281,True
control,20260916,Bearing1_3,142,4.182552433013916,11.143269538879395,True
control,20260916,Bearing1_3,143,4.208092498779297,11.189435005187988,True
control,20260916,Bearing1_3,144,4.22846794128418,11.227783203125,True
control,20260916,Bearing1_3,145,4.246233081817627,11.289405822753906,True
control,20260916,Bearing1_3,146,4.260958862304688,11.326177597045898,True
control,20260916,Bearing1_3,147,4.2731915473937985,11.354498863220215,True
control,20260916,Bearing1_3,148,4.283706283569336,11.384079933166504,True
control,20260916,Bearing1_3,149,4.294397592544556,11.45596981048584,True
control,20260916,Bearing1_3,150,4.304696989059448,11.52641487121582,True
control,20260916,Bearing1_3,151,4.314577960968018,11.595991134643555,True
control,20260916,Bearing1_3,152,4.3240447521209715,11.667482376098633,True
control,20260916,Bearing1_3,153,4.332898855209351,11.73086929321289,True
control,20260916,Bearing1_3,154,4.341582727432251,11.797297477722168,True
control,20260916,Bearing1_3,155,4.34899206161499,11.838257789611816,True
control,20260916,Bearing1_3,156,4.356014442443848,11.889074325561523,True
control,20260916,Bearing1_3,157,4.362792873382569,11.943402290344238,True
control,20260916,Bearing1_4,0,,,False
control,20260916,Bearing1_4,1,,,False
control,20260916,Bearing1_4,2,,,False
control,20260916,Bearing1_4,3,,,False
control,20260916,Bearing1_4,4,,,False
control,20260916,Bearing1_4,5,,,False
control,20260916,Bearing1_4,6,,,False
control,20260916,Bearing1_4,7,,,False
control,20260916,Bearing1_4,8,,,False
control,20260916,Bearing1_4,9,,,False
control,20260916,Bearing1_4,10,,,False
control,20260916,Bearing1_4,11,,,False
control,20260916,Bearing1_4,12,,,False
control,20260916,Bearing1_4,13,,,False
control,20260916,Bearing1_4,14,,,False
control,20260916,Bearing1_4,15,0.17140454053878784,0.7088103294372559,False
control,20260916,Bearing1_4,16,0.17255782335996628,0.7214310169219971,False
control,20260916,Bearing1_4,17,0.17417537669340769,0.743253231048584,False
control,20260916,Bearing1_4,18,0.1742449440062046,0.7358604669570923,False
control,20260916,Bearing1_4,19,0.17482471466064453,0.739304780960083,False
control,20260916,Bearing1_4,20,0.17880359788735709,0.7860205173492432,False
control,20260916,Bearing1_4,21,0.1789720697062356,0.7796124815940857,False
control,20260916,Bearing1_4,22,0.18154104053974152,0.8102059364318848,False
control,20260916,Bearing1_4,23,0.18302996125486162,0.8232985138893127,False
control,20260916,Bearing1_4,24,0.18455324918031693,0.83753901720047,False
control,20260916,Bearing1_4,25,0.18923565596342087,0.8887463808059692,True
control,20260916,Bearing1_4,26,0.19315191805362703,0.9267333745956421,True
control,20260916,Bearing1_4,27,0.19591482430696489,0.951966404914856,True
control,20260916,Bearing1_4,28,0.1980589061975479,0.9738384485244751,True
control,20260916,Bearing1_4,29,0.1977642819285393,0.965939998626709,True
control,20260916,Bearing1_4,30,0.19528937190771103,0.9335775375366211,True
control,20260916,Bearing1_4,31,0.1936470627784729,0.9147068858146667,True
control,20260916,Bearing1_4,32,0.1916014790534973,0.8890458941459656,True
control,20260916,Bearing1_4,33,0.18965503424406052,0.8653548359870911,True
control,20260916,Bearing1_4,34,0.1869605377316475,0.8322417140007019,True
control,20260916,Bearing1_4,35,0.1831356793642044,0.7850996255874634,True
control,20260916,Bearing1_4,36,0.1784365579485893,0.7281469702720642,True
control,20260916,Bearing1_4,37,0.17717090249061584,0.7169775366783142,True
control,20260916,Bearing1_4,38,0.17861714214086533,0.7350538969039917,True
control,20260916,Bearing1_4,39,0.18068249076604842,0.7554903030395508,True
control,20260916,Bearing1_4,40,0.1825780987739563,0.7737849950790405,True
control,20260916,Bearing1_4,41,0.18501720875501632,0.7993320822715759,True
control,20260916,Bearing1_4,42,0.18444606959819793,0.783850908279419,True
control,20260916,Bearing1_4,43,0.18619740903377532,0.8042105436325073,True
control,20260916,Bearing1_4,44,0.18693383038043976,0.8071917295455933,True
control,20260916,Bearing1_4,45,0.1873324230313301,0.8089665174484253,True
control,20260916,Bearing1_4,46,0.1878367006778717,0.812219500541687,True
control,20260916,Bearing1_4,47,0.18485944867134094,0.7659511566162109,True
control,20260916,Bearing1_4,48,0.17871363312005997,0.675674557685852,True
control,20260916,Bearing1_4,49,0.17390967905521393,0.601828932762146,True
control,20260916,Bearing1_4,50,0.1732885494828224,0.5883620381355286,True
control,20260916,Bearing1_4,51,0.17484223693609238,0.5863317847251892,True
control,20260916,Bearing1_4,52,0.1776556611061096,0.6011521816253662,True
control,20260916,Bearing1_4,53,0.18258485198020935,0.6152285933494568,True
control,20260916,Bearing1_4,54,0.18775632232427597,0.6422220468521118,True
control,20260916,Bearing1_4,55,0.19030743688344956,0.6445112824440002,True
control,20260916,Bearing1_4,56,0.19864957183599471,0.7017807364463806,True
control,20260916,Bearing1_4,57,0.2072693258523941,0.7624011039733887,True
control,20260916,Bearing1_4,58,0.21599758565425872,0.8411428332328796,True
control,20260916,Bearing1_4,59,0.22480811178684235,0.9269609451293945,True
control,20260916,Bearing1_4,60,0.23219861090183258,0.9680719375610352,True
control,20260916,Bearing1_4,61,0.23174822628498076,0.959875762462616,True
control,20260916,Bearing1_4,62,0.23301150053739547,0.9746609926223755,True
control,20260916,Bearing1_4,63,0.23143686801195146,0.9666208028793335,True
control,20260916,Bearing1_4,64,0.2327605441212654,0.9760079383850098,True
control,20260916,Bearing1_4,65,0.23792156726121902,1.0105483531951904,True
control,20260916,Bearing1_4,66,0.23888700753450393,1.0093294382095337,True
control,20260916,Bearing1_4,67,0.23965564966201783,1.0155646800994873,True
control,20260916,Bearing1_4,68,0.24245754927396773,1.0318629741668701,True
control,20260916,Bearing1_4,69,0.2458452045917511,1.0514270067214966,True
control,20260916,Bearing1_4,70,0.24772704839706422,1.061556100845337,True
control,20260916,Bearing1_4,71,0.25243858695030214,1.0975370407104492,True
control,20260916,Bearing1_4,72,0.25842220336198807,1.1302193403244019,True
control,20260916,Bearing1_4,73,0.2623146429657936,1.1522597074508667,True
control,20260916,Bearing1_4,74,0.2691519170999527,1.1939268112182617,True
control,20260916,Bearing1_4,75,0.2713901370763779,1.2046382427215576,True
control,20260916,Bearing1_4,76,0.27600457668304446,1.2338099479675293,True
control,20260916,Bearing1_4,77,0.2811659753322601,1.258721113204956,True
control,20260916,Bearing1_4,78,0.2855408787727356,1.2809555530548096,True
control,20260916,Bearing1_4,79,0.29396821558475494,1.3216054439544678,True
control,20260916,Bearing1_4,80,0.321178537607193,1.4375393390655518,True
control,20260916,Bearing1_4,81,0.3571715623140335,1.5790953636169434,True
control,20260916,Bearing1_4,82,0.39334829747676847,1.71065354347229,True
control,20260916,Bearing1_4,83,0.448120978474617,1.9038406610488892,True
control,20260916,Bearing1_4,84,0.5105513960123063,2.093987226486206,True
control,20260916,Bearing1_4,85,0.5840910136699676,2.321211338043213,True
control,20260916,Bearing1_4,86,0.6467254281044006,2.5015010833740234,True
control,20260916,Bearing1_4,87,0.7282330423593522,2.747267246246338,True
control,20260916,Bearing1_4,88,0.816408371925354,2.9955759048461914,True
control,20260916,Bearing1_4,89,0.9193962574005127,3.27009916305542,True
control,20260916,Bearing1_4,90,0.9928618907928467,3.420185089111328,True
control,20260916,Bearing1_4,91,1.0472241938114166,3.535419464111328,True
control,20260916,Bearing1_4,92,1.0999244332313538,3.6597187519073486,True
control,20260916,Bearing1_4,93,1.130261904001236,3.7142512798309326,True
control,20260916,Bearing1_4,94,1.1423321127891541,3.729818820953369,True
control,20260916,Bearing1_4,95,1.1355816960334777,3.705462694168091,True
control,20260916,Bearing1_4,96,1.1370234727859496,3.7156035900115967,True
control,20260916,Bearing1_4,97,1.1243205726146699,3.6765060424804688,True
control,20260916,Bearing1_4,98,1.1042721092700958,3.630460262298584,True
control,20260916,Bearing1_4,99,1.0600433707237245,3.522688388824463,True
control,20260916,Bearing1_4,100,1.021779578924179,3.451220989227295,True
control,20260916,Bearing1_4,101,1.0012097299098968,3.4221482276916504,True
control,20260916,Bearing1_4,102,0.9747095882892609,3.3616557121276855,True
control,20260916,Bearing1_4,103,0.9462920129299164,3.298497438430786,True
control,20260916,Bearing1_4,104,0.9315490543842315,3.2771995067596436,True
control,20260916,Bearing1_4,105,0.9244199991226196,3.2642276287078857,True
control,20260916,Bearing1_4,106,0.9232513248920441,3.2639148235321045,True
control,20260916,Bearing1_4,107,0.9105347037315369,3.230133533477783,True
control,20260916,Bearing1_4,108,0.892087185382843,3.186040163040161,True
control,20260916,Bearing1_4,109,0.8900759816169739,3.1933584213256836,True
control,20260916,Bearing1_4,110,0.8870400130748749,3.1855530738830566,True
control,20260916,Bearing1_4,111,0.8820717036724091,3.1730644702911377,True
control,20260916,Bearing1_4,112,0.8813915014266968,3.17279052734375,True
control,20260916,Bearing1_4,113,0.8814081013202667,3.1737430095672607,True
control,20260916,Bearing1_4,114,0.8691963791847229,3.1373066902160645,True
control,20260916,Bearing1_4,115,0.8593316912651062,3.116856336593628,True
control,20260916,Bearing1_4,116,0.8447928726673126,3.0813190937042236,True
control,20260916,Bearing1_4,117,0.8390723168849945,3.0717363357543945,True
control,20260916,Bearing1_4,118,0.842844831943512,3.0862514972686768,True
control,20260916,Bearing1_4,119,0.8254568338394165,3.031668186187744,True
control,20260916,Bearing1_4,120,0.8283196985721588,3.053175210952759,True
control,20260916,Bearing1_4,121,0.9113220036029815,3.964373826980591,True
control,20260916,Bearing1_5,0,,,False
control,20260916,Bearing1_5,1,,,False
control,20260916,Bearing1_5,2,,,False
control,20260916,Bearing1_5,3,,,False
control,20260916,Bearing1_5,4,,,False
control,20260916,Bearing1_5,5,,,False
control,20260916,Bearing1_5,6,,,False
control,20260916,Bearing1_5,7,,,False
control,20260916,Bearing1_5,8,,,False
control,20260916,Bearing1_5,9,,,False
control,20260916,Bearing1_5,10,,,False
control,20260916,Bearing1_5,11,,,False
control,20260916,Bearing1_5,12,,,False
control,20260916,Bearing1_5,13,,,False
control,20260916,Bearing1_5,14,,,False
control,20260916,Bearing1_5,15,0.12867571413516998,0.24039682745933533,False
control,20260916,Bearing1_5,16,0.1281401589512825,0.21456581354141235,False
control,20260916,Bearing1_5,17,0.12794305384159088,0.18511275947093964,False
control,20260916,Bearing1_5,18,0.12746787443757057,0.1628047525882721,False
control,20260916,Bearing1_5,19,0.1273169755935669,0.14656177163124084,False
control,20260916,Bearing1_5,20,0.12791472176710764,0.1626031994819641,False
control,20260916,Bearing1_5,21,0.12843368308884756,0.17089197039604187,False
control,20260916,Bearing1_5,22,0.12919986434280872,0.1870369017124176,False
control,20260916,Bearing1_5,23,0.1295997036827935,0.19445426762104034,False
control,20260916,Bearing1_5,24,0.1301333039999008,0.2064647227525711,False
control,20260916,Bearing1_5,25,0.13096938729286195,0.2184201031923294,True
control,20260916,Bearing1_5,26,0.13226777464151382,0.23768582940101624,True
control,20260916,Bearing1_5,27,0.13253588676452638,0.24487194418907166,True
control,20260916,Bearing1_5,28,0.13264963477849961,0.2531399428844452,True
control,20260916,Bearing1_5,29,0.13194552809000015,0.25110000371932983,True
control,20260916,Bearing1_5,30,0.13087185621261596,0.23674461245536804,True
control,20260916,Bearing1_5,31,0.1295478366315365,0.22944529354572296,True
control,20260916,Bearing1_5,32,0.12789707854390145,0.21901337802410126,True
control,20260916,Bearing1_5,33,0.1291607402265072,0.25595250725746155,True
control,20260916,Bearing1_5,34,0.1467458002269268,0.3869186043739319,True
control,20260916,Bearing1_5,35,0.18291585817933081,0.5824579000473022,True
control,20260916,Bearing1_5,36,0.24847431406378745,0.8678755760192871,True
control,20260916,Bearing1_5,37,0.341080666333437,1.2316941022872925,True
control,20260916,Bearing1_5,38,0.451521759480238,1.6269619464874268,True
control,20260916,Bearing1_5,39,0.6071871437132359,2.1514694690704346,True
control,20260916,Bearing1_5,40,0.8000196181237698,2.7388739585876465,True
control,20260916,Bearing1_5,41,1.0260189116001128,3.379429578781128,True
control,20260916,Bearing1_5,42,1.2768003553152085,4.051156520843506,True
control,20260916,Bearing1_5,43,1.5405526548624038,4.6873779296875,True
control,20260916,Bearing1_5,44,1.7975035279989242,5.227301597595215,True
control,20260916,Bearing1_5,45,2.0424469292163847,5.704980850219727,True
control,20260916,Bearing1_5,46,2.2622345805168154,6.095523357391357,True
control,20260916,Bearing1_5,47,2.459006369113922,6.426583290100098,True
control,20260916,Bearing1_5,48,2.6406187891960142,6.730257987976074,True
control,20260916,Bearing1_5,49,2.7793020486831663,6.919267177581787,True
control,20260916,Bearing1_5,50,2.8834521532058717,7.054939270019531,True
control,20260916,Bearing1_5,51,2.957307815551758,7.141772270202637,True
ranking,20260916,Bearing1_1,0,,,False
ranking,20260916,Bearing1_1,1,,,False
ranking,20260916,Bearing1_1,2,,,False
ranking,20260916,Bearing1_1,3,,,False
ranking,20260916,Bearing1_1,4,,,False
ranking,20260916,Bearing1_1,5,,,False
ranking,20260916,Bearing1_1,6,,,False
ranking,20260916,Bearing1_1,7,,,False
ranking,20260916,Bearing1_1,8,,,False
ranking,20260916,Bearing1_1,9,,,False
ranking,20260916,Bearing1_1,10,,,False
ranking,20260916,Bearing1_1,11,,,False
ranking,20260916,Bearing1_1,12,,,False
ranking,20260916,Bearing1_1,13,,,False
ranking,20260916,Bearing1_1,14,,,False
ranking,20260916,Bearing1_1,15,0.34820714592933655,1.5807108879089355,False
ranking,20260916,Bearing1_1,16,0.36440032720565796,1.6577584743499756,False
ranking,20260916,Bearing1_1,17,0.39068453510602313,1.7724541425704956,False
ranking,20260916,Bearing1_1,18,0.3966027498245239,1.791355013847351,False
ranking,20260916,Bearing1_1,19,0.40362808108329773,1.8241615295410156,False
ranking,20260916,Bearing1_1,20,0.40779387454191846,1.8423190116882324,False
ranking,20260916,Bearing1_1,21,0.43018339787210735,1.9324582815170288,False
ranking,20260916,Bearing1_1,22,0.42702918872237206,1.904271125793457,False
ranking,20260916,Bearing1_1,23,0.4386323061254289,1.955491542816162,False
ranking,20260916,Bearing1_1,24,0.4567171365022659,2.016653537750244,False
ranking,20260916,Bearing1_1,25,0.4771175742149353,2.0861611366271973,True
ranking,20260916,Bearing1_1,26,0.4954344302415848,2.1498563289642334,True
ranking,20260916,Bearing1_1,27,0.5266465246677399,2.2521233558654785,True
ranking,20260916,Bearing1_1,28,0.5459607154130935,2.3072562217712402,True
ranking,20260916,Bearing1_1,29,0.5702680051326752,2.38350248336792,True
ranking,20260916,Bearing1_1,30,0.6045506596565247,2.4891350269317627,True
ranking,20260916,Bearing1_1,31,0.6224299073219299,2.5230562686920166,True
ranking,20260916,Bearing1_1,32,0.644963389635086,2.598602533340454,True
ranking,20260916,Bearing1_1,33,0.6586979627609253,2.630685806274414,True
ranking,20260916,Bearing1_1,34,0.6847186326980591,2.710963010787964,True
ranking,20260916,Bearing1_1,35,0.7241418242454529,2.825164794921875,True
ranking,20260916,Bearing1_1,36,0.7363769233226776,2.8423752784729004,True
ranking,20260916,Bearing1_1,37,0.7482350170612335,2.8731236457824707,True
ranking,20260916,Bearing1_1,38,0.7615518033504486,2.910956621170044,True
ranking,20260916,Bearing1_1,39,0.7654380440711975,2.9132370948791504,True
ranking,20260916,Bearing1_1,40,0.7894083321094513,2.988157033920288,True
ranking,20260916,Bearing1_1,41,0.7948357045650483,2.992945909500122,True
ranking,20260916,Bearing1_1,42,0.7991071939468384,3.006256341934204,True
ranking,20260916,Bearing1_1,43,0.790133136510849,2.9723997116088867,True
ranking,20260916,Bearing1_1,44,0.7912634253501892,2.983635663986206,True
ranking,20260916,Bearing1_1,45,0.768620103597641,2.9101014137268066,True
ranking,20260916,Bearing1_1,46,0.7946395218372345,3.008561849594116,True
ranking,20260916,Bearing1_1,47,0.7923502206802369,2.98543119430542,True
ranking,20260916,Bearing1_1,48,0.783131742477417,2.957216739654541,True
ranking,20260916,Bearing1_1,49,0.7763676106929779,2.942250967025757,True
ranking,20260916,Bearing1_1,50,0.7522202372550965,2.8719143867492676,True
ranking,20260916,Bearing1_1,51,0.7377975702285766,2.8390073776245117,True
ranking,20260916,Bearing1_1,52,0.7409628987312317,2.8607239723205566,True
ranking,20260916,Bearing1_1,53,0.7573708295822144,2.918579578399658,True
ranking,20260916,Bearing1_1,54,0.7365842521190643,2.838043689727783,True
ranking,20260916,Bearing1_1,55,0.7396530389785767,2.8651576042175293,True
ranking,20260916,Bearing1_1,56,0.7287680149078369,2.830383777618408,True
ranking,20260916,Bearing1_1,57,0.7157207310199738,2.791140556335449,True
ranking,20260916,Bearing1_1,58,0.7253221154212952,2.8315210342407227,True
ranking,20260916,Bearing1_1,59,0.7352808654308319,2.8610920906066895,True
ranking,20260916,Bearing1_1,60,0.7317996621131897,2.8378734588623047,True
ranking,20260916,Bearing1_1,61,0.7461712896823883,2.890111207962036,True
ranking,20260916,Bearing1_1,62,0.7418209791183472,2.860776662826538,True
ranking,20260916,Bearing1_1,63,0.7311025559902191,2.822263240814209,True
ranking,20260916,Bearing1_1,64,0.7498288631439209,2.8921995162963867,True
ranking,20260916,Bearing1_1,65,0.7590287566184998,2.905261993408203,True
ranking,20260916,Bearing1_1,66,0.7722472727298737,2.9361257553100586,True
ranking,20260916,Bearing1_1,67,0.7941467702388764,2.9966444969177246,True
ranking,20260916,Bearing1_1,68,0.8169619619846344,3.0515329837799072,True
ranking,20260916,Bearing1_1,69,0.8496396899223327,3.1310858726501465,True
ranking,20260916,Bearing1_1,70,0.903297221660614,3.2682323455810547,True
ranking,20260916,Bearing1_1,71,0.970359492301941,3.4203429222106934,True
ranking,20260916,Bearing1_1,72,1.0709713459014893,3.6565468311309814,True
ranking,20260916,Bearing1_1,73,1.191250729560852,3.9176220893859863,True
ranking,20260916,Bearing1_1,74,1.3112796127796174,4.141284465789795,True
ranking,20260916,Bearing1_1,75,1.4653704822063447,4.470841407775879,True
ranking,20260916,Bearing1_1,76,1.6168676793575287,4.734234809875488,True
ranking,20260916,Bearing1_1,77,1.8002570152282715,5.116789817810059,True
ranking,20260916,Bearing1_1,78,2.0174606323242186,5.714841365814209,True
ranking,20260916,Bearing1_1,79,2.2494916200637816,6.293141841888428,True
ranking,20260916,Bearing1_1,80,2.478259527683258,6.830620765686035,True
ranking,20260916,Bearing1_1,81,2.6984869122505186,7.326503753662109,True
ranking,20260916,Bearing1_1,82,2.9064517259597777,7.793318271636963,True
ranking,20260916,Bearing1_1,83,3.103419876098633,8.245183944702148,True
ranking,20260916,Bearing1_1,84,3.2815893650054933,8.652021408081055,True
ranking,20260916,Bearing1_1,85,3.4318808794021605,8.983538627624512,True
ranking,20260916,Bearing1_1,86,3.5746381759643553,9.340927124023438,True
ranking,20260916,Bearing1_1,87,3.6905956506729125,9.600300788879395,True
ranking,20260916,Bearing1_1,88,3.7711525201797484,9.630768775939941,True
ranking,20260916,Bearing1_1,89,3.828463077545166,9.660893440246582,True
ranking,20260916,Bearing1_1,90,3.870490050315857,9.684713363647461,True
ranking,20260916,Bearing1_1,91,3.902374005317688,9.707818984985352,True
ranking,20260916,Bearing1_1,92,3.927672243118286,9.734452247619629,True
ranking,20260916,Bearing1_1,93,3.947737145423889,9.750935554504395,True
ranking,20260916,Bearing1_1,94,3.964182448387146,9.766923904418945,True
ranking,20260916,Bearing1_1,95,3.9779895067214968,9.78254508972168,True
ranking,20260916,Bearing1_1,96,3.989823031425476,9.799245834350586,True
ranking,20260916,Bearing1_1,97,4.000292468070984,9.816034317016602,True
ranking,20260916,Bearing1_1,98,4.009502816200256,9.830093383789062,True
ranking,20260916,Bearing1_1,99,4.017547297477722,9.842700958251953,True
ranking,20260916,Bearing1_1,100,4.024579405784607,9.852789878845215,True
ranking,20260916,Bearing1_1,101,4.031092810630798,9.866508483886719,True
ranking,20260916,Bearing1_1,102,4.036857223510742,9.876221656799316,True
ranking,20260916,Bearing1_1,103,4.0421241283416744,9.885843276977539,True
ranking,20260916,Bearing1_1,104,4.046810245513916,9.894556045532227,True
ranking,20260916,Bearing1_1,105,4.050963068008423,9.902055740356445,True
ranking,20260916,Bearing1_1,106,4.054626178741455,9.906930923461914,True
ranking,20260916,Bearing1_1,107,4.057813596725464,9.911271095275879,True
ranking,20260916,Bearing1_1,108,4.06063027381897,9.916345596313477,True
ranking,20260916,Bearing1_1,109,4.063334655761719,9.922260284423828,True
ranking,20260916,Bearing1_1,110,4.066016054153442,9.92956829071045,True
ranking,20260916,Bearing1_1,111,4.068485832214355,9.93623161315918,True
ranking,20260916,Bearing1_1,112,4.070854568481446,9.942983627319336,True
ranking,20260916,Bearing1_1,113,4.072965526580811,9.94914436340332,True
ranking,20260916,Bearing1_1,114,4.075142765045166,9.957662582397461,True
ranking,20260916,Bearing1_1,115,4.077316808700561,9.966322898864746,True
ranking,20260916,Bearing1_1,116,4.079431581497192,9.976485252380371,True
ranking,20260916,Bearing1_1,117,4.081332349777222,9.981118202209473,True
ranking,20260916,Bearing1_1,118,4.083294916152954,9.990734100341797,True
ranking,20260916,Bearing1_1,119,4.085157489776611,9.998408317565918,True
ranking,20260916,Bearing1_1,120,4.086819267272949,10.007654190063477,True
ranking,20260916,Bearing1_1,121,4.088683080673218,10.021825790405273,True
ranking,20260916,Bearing1_1,122,4.091312408447266,10.055891036987305,True
ranking,20260916,Bearing1_2,0,,,False
ranking,20260916,Bearing1_2,1,,,False
ranking,20260916,Bearing1_2,2,,,False
ranking,20260916,Bearing1_2,3,,,False
ranking,20260916,Bearing1_2,4,,,False
ranking,20260916,Bearing1_2,5,,,False
ranking,20260916,Bearing1_2,6,,,False
ranking,20260916,Bearing1_2,7,,,False
ranking,20260916,Bearing1_2,8,,,False
ranking,20260916,Bearing1_2,9,,,False
ranking,20260916,Bearing1_2,10,,,False
ranking,20260916,Bearing1_2,11,,,False
ranking,20260916,Bearing1_2,12,,,False
ranking,20260916,Bearing1_2,13,,,False
ranking,20260916,Bearing1_2,14,,,False
ranking,20260916,Bearing1_2,15,0.13267800211906433,0.28526145219802856,False
ranking,20260916,Bearing1_2,16,0.13785713911056519,0.33863717317581177,False
ranking,20260916,Bearing1_2,17,0.13961544632911682,0.3369918167591095,False
ranking,20260916,Bearing1_2,18,0.13934480026364326,0.3128265142440796,False
ranking,20260916,Bearing1_2,19,0.1396025836467743,0.30707186460494995,False
ranking,20260916,Bearing1_2,20,0.14080925534168878,0.3245510160923004,False
ranking,20260916,Bearing1_2,21,0.14406429018293107,0.37369781732559204,False
ranking,20260916,Bearing1_2,22,0.14447801560163498,0.3691544830799103,False
ranking,20260916,Bearing1_2,23,0.1438742776711782,0.34606561064720154,False
ranking,20260916,Bearing1_2,24,0.14286253303289415,0.31720349192619324,False
ranking,20260916,Bearing1_2,25,0.14317826181650162,0.3088708519935608,True
ranking,20260916,Bearing1_2,26,0.1421716570854187,0.27766385674476624,True
ranking,20260916,Bearing1_2,27,0.14148021638393402,0.25814175605773926,True
ranking,20260916,Bearing1_2,28,0.14154566675424576,0.2535565495491028,True
ranking,20260916,Bearing1_2,29,0.14142240583896637,0.24510768055915833,True
ranking,20260916,Bearing1_2,30,0.14014870524406434,0.20635986328125,True
ranking,20260916,Bearing1_2,31,0.14121308028697968,0.22801204025745392,True
ranking,20260916,Bearing1_2,32,0.1459371864795685,0.2993956506252289,True
ranking,20260916,Bearing1_2,33,0.14792158156633378,0.3392033874988556,True
ranking,20260916,Bearing1_2,34,0.14786379635334015,0.35770612955093384,True
ranking,20260916,Bearing1_2,35,0.14719727635383606,0.3594352602958679,True
ranking,20260916,Bearing1_2,36,0.14731843024492264,0.3905980587005615,True
ranking,20260916,Bearing1_2,37,0.15512297302484512,0.48257318139076233,True
ranking,20260916,Bearing1_2,38,0.17984242588281632,0.6446975469589233,True
ranking,20260916,Bearing1_2,39,0.20437450855970382,0.7947391271591187,True
ranking,20260916,Bearing1_2,40,0.23924875259399414,1.0049968957901,True
ranking,20260916,Bearing1_2,41,0.24753123968839646,1.0200814008712769,True
ranking,20260916,Bearing1_2,42,0.2621648445725441,1.077039361000061,True
ranking,20260916,Bearing1_2,43,0.30624081790447233,1.2806894779205322,True
ranking,20260916,Bearing1_2,44,0.3343944251537323,1.4274730682373047,True
ranking,20260916,Bearing1_2,45,0.433646896481514,1.8285572528839111,True
ranking,20260916,Bearing1_2,46,0.5728725671768189,2.2739763259887695,True
ranking,20260916,Bearing1_2,47,0.7005948305130005,2.6045987606048584,True
ranking,20260916,Bearing1_2,48,0.7453486889600753,2.6837680339813232,True
ranking,20260916,Bearing1_2,49,0.8166183739900589,2.902519702911377,True
ranking,20260916,Bearing1_2,50,0.9354523450136185,3.2194037437438965,True
ranking,20260916,Bearing1_2,51,1.0838909685611724,3.6053993701934814,True
ranking,20260916,Bearing1_2,52,1.257138305902481,4.018645286560059,True
ranking,20260916,Bearing1_2,53,1.4240403652191163,4.352823734283447,True
ranking,20260916,Bearing1_2,54,1.603552222251892,4.726384162902832,True
ranking,20260916,Bearing1_2,55,1.7481069087982177,4.978218078613281,True
ranking,20260916,Bearing1_2,56,1.8669913053512572,5.14933967590332,True
ranking,20260916,Bearing1_2,57,2.0141016125679014,5.449763774871826,True
ranking,20260916,Bearing1_2,58,2.2488884568214416,5.974964141845703,True
ranking,20260916,Bearing1_2,59,2.469734489917755,6.366019248962402,True
ranking,20260916,Bearing1_2,60,2.646660661697388,6.661942958831787,True
ranking,20260916,Bearing1_2,61,2.824228358268738,6.992440700531006,True
ranking,20260916,Bearing1_2,62,2.9874775409698486,7.457799434661865,True
ranking,20260916,Bearing1_2,63,3.145928478240967,7.982438087463379,True
ranking,20260916,Bearing1_2,64,3.320849370956421,8.57821273803711,True
ranking,20260916,Bearing1_2,65,3.466830539703369,9.006579399108887,True
ranking,20260916,Bearing1_2,66,3.604000616073608,9.505128860473633,True
ranking,20260916,Bearing1_2,67,3.7207388401031496,9.911887168884277,True
ranking,20260916,Bearing1_2,68,3.8186166763305662,10.25728988647461,True
ranking,20260916,Bearing1_2,69,3.9058926105499268,10.588205337524414,True
ranking,20260916,Bearing1_2,70,3.9816389799118044,10.897322654724121,True
ranking,20260916,Bearing1_2,71,4.050174760818481,11.176082611083984,True
ranking,20260916,Bearing1_2,72,4.101493310928345,11.264795303344727,True
ranking,20260916,Bearing1_2,73,4.139492702484131,11.276509284973145,True
ranking,20260916,Bearing1_2,74,4.168561410903931,11.283068656921387,True
ranking,20260916,Bearing1_2,75,4.191534185409546,11.310616493225098,True
ranking,20260916,Bearing1_2,76,4.209369087219239,11.29084300994873,True
ranking,20260916,Bearing1_2,77,4.2236395359039305,11.281370162963867,True
ranking,20260916,Bearing1_2,78,4.236154317855835,11.303449630737305,True
ranking,20260916,Bearing1_2,79,4.247315216064453,11.335153579711914,True
ranking,20260916,Bearing1_2,80,4.25791072845459,11.369216918945312,True
ranking,20260916,Bearing1_2,81,4.269124221801758,11.440157890319824,True
ranking,20260916,Bearing1_2,82,4.2788553714752195,11.462969779968262,True
ranking,20260916,Bearing1_2,83,4.287628173828125,11.491144180297852,True
ranking,20260916,Bearing1_2,84,4.295631217956543,11.516018867492676,True
ranking,20260916,Bearing1_2,85,4.303020763397217,11.540294647216797,True
ranking,20260916,Bearing1_2,86,4.31006269454956,11.571761131286621,True
ranking,20260916,Bearing1_2,87,4.316683340072632,11.600400924682617,True
ranking,20260916,Bearing1_2,88,4.32185468673706,11.59913444519043,True
ranking,20260916,Bearing1_2,89,4.327017164230346,11.621830940246582,True
ranking,20260916,Bearing1_2,90,4.331226396560669,11.619585037231445,True
ranking,20260916,Bearing1_2,91,4.334895133972168,11.624458312988281,True
ranking,20260916,Bearing1_2,92,4.338757085800171,11.645147323608398,True
ranking,20260916,Bearing1_2,93,4.342754125595093,11.668278694152832,True
ranking,20260916,Bearing1_2,94,4.346240615844726,11.676806449890137,True
ranking,20260916,Bearing1_2,95,4.3499127388000485,11.70338249206543,True
ranking,20260916,Bearing1_2,96,4.3532778263092045,11.716262817382812,True
ranking,20260916,Bearing1_2,97,4.356467247009277,11.73249626159668,True
ranking,20260916,Bearing1_2,98,4.360018157958985,11.760726928710938,True
ranking,20260916,Bearing1_2,99,4.363275051116943,11.775721549987793,True
ranking,20260916,Bearing1_2,100,4.3663583278656,11.791133880615234,True
ranking,20260916,Bearing1_2,101,4.369206476211548,11.802267074584961,True
ranking,20260916,Bearing1_2,102,4.372026777267456,11.818540573120117,True
ranking,20260916,Bearing1_2,103,4.374521493911743,11.827544212341309,True
ranking,20260916,Bearing1_2,104,4.376814460754394,11.837911605834961,True
ranking,20260916,Bearing1_2,105,4.378959798812867,11.843536376953125,True
ranking,20260916,Bearing1_2,106,4.380957841873169,11.853008270263672,True
ranking,20260916,Bearing1_2,107,4.382936811447143,11.863164901733398,True
ranking,20260916,Bearing1_2,108,4.384844732284546,11.872108459472656,True
ranking,20260916,Bearing1_2,109,4.38667516708374,11.8804349899292,True
ranking,20260916,Bearing1_2,110,4.388370132446289,11.887042999267578,True
ranking,20260916,Bearing1_2,111,4.389771747589111,11.887322425842285,True
ranking,20260916,Bearing1_2,112,4.390878963470459,11.884328842163086,True
ranking,20260916,Bearing1_2,113,4.3917125225067135,11.877644538879395,True
ranking,20260916,Bearing1_2,114,4.392351531982422,11.870767593383789,True
ranking,20260916,Bearing1_2,115,4.392982912063599,11.869571685791016,True
ranking,20260916,Bearing1_2,116,4.393629550933838,11.867444038391113,True
ranking,20260916,Bearing1_2,117,4.394224786758423,11.864994049072266,True
ranking,20260916,Bearing1_2,118,4.394678211212158,11.861859321594238,True
ranking,20260916,Bearing1_2,119,4.395165205001831,11.86170768737793,True
ranking,20260916,Bearing1_2,120,4.395630598068237,11.86067008972168,True
ranking,20260916,Bearing1_2,121,4.396213102340698,11.864751815795898,True
ranking,20260916,Bearing1_2,122,4.396873188018799,11.869241714477539,True
ranking,20260916,Bearing1_2,123,4.397704601287842,11.878317832946777,True
ranking,20260916,Bearing1_2,124,4.398644256591797,11.88790512084961,True
ranking,20260916,Bearing1_2,125,4.399625253677368,11.897150039672852,True
ranking,20260916,Bearing1_2,126,4.400594854354859,11.905263900756836,True
ranking,20260916,Bearing1_2,127,4.4015744686126705,11.913225173950195,True
ranking,20260916,Bearing1_2,128,4.402676010131836,11.923460960388184,True
ranking,20260916,Bearing1_2,129,4.403752946853638,11.932615280151367,True
ranking,20260916,Bearing1_2,130,4.404884672164917,11.944245338439941,True
ranking,20260916,Bearing1_2,131,4.405980062484741,11.953592300415039,True
ranking,20260916,Bearing1_2,132,4.407023525238037,11.962820053100586,True
ranking,20260916,Bearing1_2,133,4.408042764663696,11.971800804138184,True
ranking,20260916,Bearing1_2,134,4.409043979644776,11.978128433227539,True
ranking,20260916,Bearing1_2,135,4.409986925125122,11.984493255615234,True
ranking,20260916,Bearing1_2,136,4.410984134674072,11.993343353271484,True
ranking,20260916,Bearing1_2,137,4.411917638778687,12.00068473815918,True
ranking,20260916,Bearing1_2,138,4.412809181213379,12.006479263305664,True
ranking,20260916,Bearing1_2,139,4.413634967803955,12.010229110717773,True
ranking,20260916,Bearing1_2,140,4.414293098449707,12.011574745178223,True
ranking,20260916,Bearing1_2,141,4.414873170852661,12.011935234069824,True
ranking,20260916,Bearing1_2,142,4.4153636455535885,12.012174606323242,True
ranking,20260916,Bearing1_2,143,4.415684652328491,12.008977890014648,True
ranking,20260916,Bearing1_2,144,4.415926599502564,12.008056640625,True
ranking,20260916,Bearing1_2,145,4.416138792037964,12.007669448852539,True
ranking,20260916,Bearing1_2,146,4.416416978836059,12.011397361755371,True
ranking,20260916,Bearing1_2,147,4.416845083236694,12.01823902130127,True
ranking,20260916,Bearing1_2,148,4.417312669754028,12.026178359985352,True
ranking,20260916,Bearing1_2,149,4.417885684967041,12.03605842590332,True
ranking,20260916,Bearing1_2,150,4.418651533126831,12.048206329345703,True
ranking,20260916,Bearing1_2,151,4.4195027351379395,12.062789916992188,True
ranking,20260916,Bearing1_2,152,4.420472955703735,12.077611923217773,True
ranking,20260916,Bearing1_2,153,4.421593904495239,12.094331741333008,True
ranking,20260916,Bearing1_2,154,4.422828197479248,12.111272811889648,True
ranking,20260916,Bearing1_2,155,4.424069452285766,12.128435134887695,True
ranking,20260916,Bearing1_2,156,4.425182294845581,12.139823913574219,True
ranking,20260916,Bearing1_2,157,4.426243782043457,12.150111198425293,True
ranking,20260916,Bearing1_2,158,4.42727313041687,12.162088394165039,True
ranking,20260916,Bearing1_2,159,4.428291177749633,12.174339294433594,True
ranking,20260916,Bearing1_2,160,4.42949333190918,12.196332931518555,True
ranking,20260916,Bearing1_3,0,,,False
ranking,20260916,Bearing1_3,1,,,False
ranking,20260916,Bearing1_3,2,,,False
ranking,20260916,Bearing1_3,3,,,False
ranking,20260916,Bearing1_3,4,,,False
ranking,20260916,Bearing1_3,5,,,False
ranking,20260916,Bearing1_3,6,,,False
ranking,20260916,Bearing1_3,7,,,False
ranking,20260916,Bearing1_3,8,,,False
ranking,20260916,Bearing1_3,9,,,False
ranking,20260916,Bearing1_3,10,,,False
ranking,20260916,Bearing1_3,11,,,False
ranking,20260916,Bearing1_3,12,,,False
ranking,20260916,Bearing1_3,13,,,False
ranking,20260916,Bearing1_3,14,,,False
ranking,20260916,Bearing1_3,15,0.1307756006717682,0.09610585123300552,False
ranking,20260916,Bearing1_3,16,0.13173063844442368,0.0979515016078949,False
ranking,20260916,Bearing1_3,17,0.1326062927643458,0.11188552528619766,False
ranking,20260916,Bearing1_3,18,0.13685115054249763,0.19195203483104706,False
ranking,20260916,Bearing1_3,19,0.14153886139392852,0.2496413290500641,False
ranking,20260916,Bearing1_3,20,0.14547533293565115,0.2976231276988983,False
ranking,20260916,Bearing1_3,21,0.14786027797630855,0.32334375381469727,False
ranking,20260916,Bearing1_3,22,0.1519166585057974,0.363003671169281,False
ranking,20260916,Bearing1_3,23,0.1556294709444046,0.39680683612823486,False
ranking,20260916,Bearing1_3,24,0.15692910104990004,0.40596818923950195,False
ranking,20260916,Bearing1_3,25,0.1603483110666275,0.44603413343429565,True
ranking,20260916,Bearing1_3,26,0.16363998949527742,0.48278871178627014,True
ranking,20260916,Bearing1_3,27,0.1674551397562027,0.5246332883834839,True
ranking,20260916,Bearing1_3,28,0.1696653336286545,0.5325088500976562,True
ranking,20260916,Bearing1_3,29,0.17126312106847763,0.5418086647987366,True
ranking,20260916,Bearing1_3,30,0.17117579132318497,0.5311185717582703,True
ranking,20260916,Bearing1_3,31,0.17262032479047776,0.5400959849357605,True
ranking,20260916,Bearing1_3,32,0.17141206562519073,0.5241339206695557,True
ranking,20260916,Bearing1_3,33,0.16889716386795045,0.49486055970191956,True
ranking,20260916,Bearing1_3,34,0.1677032843232155,0.48195284605026245,True
ranking,20260916,Bearing1_3,35,0.1673835277557373,0.4731990396976471,True
ranking,20260916,Bearing1_3,36,0.16737471222877504,0.4700429439544678,True
ranking,20260916,Bearing1_3,37,0.16547961831092833,0.43677911162376404,True
ranking,20260916,Bearing1_3,38,0.16349957883358002,0.40674981474876404,True
ranking,20260916,Bearing1_3,39,0.16085235029459,0.3634348511695862,True
ranking,20260916,Bearing1_3,40,0.1595047175884247,0.3419404625892639,True
ranking,20260916,Bearing1_3,41,0.15727338790893555,0.31601279973983765,True
ranking,20260916,Bearing1_3,42,0.15596350580453872,0.29687851667404175,True
ranking,20260916,Bearing1_3,43,0.15493932962417603,0.27328991889953613,True
ranking,20260916,Bearing1_3,44,0.15469134449958802,0.26569926738739014,True
ranking,20260916,Bearing1_3,45,0.15379440933465957,0.24532660841941833,True
ranking,20260916,Bearing1_3,46,0.15240578204393387,0.22126677632331848,True
ranking,20260916,Bearing1_3,47,0.15255479961633683,0.22592201828956604,True
ranking,20260916,Bearing1_3,48,0.1527606651186943,0.23301632702350616,True
ranking,20260916,Bearing1_3,49,0.15411132723093032,0.2640635371208191,True
ranking,20260916,Bearing1_3,50,0.15455209463834763,0.26839303970336914,True
ranking,20260916,Bearing1_3,51,0.1543496862053871,0.260709673166275,True
ranking,20260916,Bearing1_3,52,0.15356745570898056,0.2409464418888092,True
ranking,20260916,Bearing1_3,53,0.1533487394452095,0.2398112565279007,True
ranking,20260916,Bearing1_3,54,0.15281670689582824,0.2243357002735138,True
ranking,20260916,Bearing1_3,55,0.1526387244462967,0.221642404794693,True
ranking,20260916,Bearing1_3,56,0.15227248519659042,0.21273675560951233,True
ranking,20260916,Bearing1_3,57,0.1516985446214676,0.20010140538215637,True
ranking,20260916,Bearing1_3,58,0.15349553376436234,0.2282659262418747,True
ranking,20260916,Bearing1_3,59,0.15724093168973924,0.2614142596721649,True
ranking,20260916,Bearing1_3,60,0.166115964949131,0.33968767523765564,True
ranking,20260916,Bearing1_3,61,0.17235219925642015,0.39857912063598633,True
ranking,20260916,Bearing1_3,62,0.18146521747112274,0.49215373396873474,True
ranking,20260916,Bearing1_3,63,0.19099389016628265,0.5827553272247314,True
ranking,20260916,Bearing1_3,64,0.19836635142564774,0.6578611135482788,True
ranking,20260916,Bearing1_3,65,0.20469273775815963,0.7243267893791199,True
ranking,20260916,Bearing1_3,66,0.21548930555582047,0.8289670944213867,True
ranking,20260916,Bearing1_3,67,0.22815417051315307,0.9335963129997253,True
ranking,20260916,Bearing1_3,68,0.23896303921937942,0.9984180331230164,True
ranking,20260916,Bearing1_3,69,0.24717236310243607,1.043195366859436,True
ranking,20260916,Bearing1_3,70,0.25059750229120253,1.0598777532577515,True
ranking,20260916,Bearing1_3,71,0.26452251970767976,1.1402089595794678,True
ranking,20260916,Bearing1_3,72,0.2833497509360313,1.2273310422897339,True
ranking,20260916,Bearing1_3,73,0.30030045807361605,1.3009507656097412,True
ranking,20260916,Bearing1_3,74,0.3231093779206276,1.4089953899383545,True
ranking,20260916,Bearing1_3,75,0.3479208707809448,1.5256640911102295,True
ranking,20260916,Bearing1_3,76,0.3716676652431488,1.6214338541030884,True
ranking,20260916,Bearing1_3,77,0.39607133269309996,1.7220561504364014,True
ranking,20260916,Bearing1_3,78,0.4233460068702698,1.8324544429779053,True
ranking,20260916,Bearing1_3,79,0.44520172476768494,1.9202083349227905,True
ranking,20260916,Bearing1_3,80,0.4734612315893173,2.035616397857666,True
ranking,20260916,Bearing1_3,81,0.49335598051548,2.101930856704712,True
ranking,20260916,Bearing1_3,82,0.5106094658374787,2.1585476398468018,True
ranking,20260916,Bearing1_3,83,0.532728397846222,2.2383193969726562,True
ranking,20260916,Bearing1_3,84,0.5504493147134781,2.294520378112793,True
ranking,20260916,Bearing1_3,85,0.5677256882190704,2.349029064178467,True
ranking,20260916,Bearing1_3,86,0.5753729581832886,2.369248390197754,True
ranking,20260916,Bearing1_3,87,0.5887523531913758,2.4143004417419434,True
ranking,20260916,Bearing1_3,88,0.6065886616706848,2.468461275100708,True
ranking,20260916,Bearing1_3,89,0.6299162089824677,2.538818836212158,True
ranking,20260916,Bearing1_3,90,0.6481626331806183,2.5864131450653076,True
ranking,20260916,Bearing1_3,91,0.7013177752494812,2.746676206588745,True
ranking,20260916,Bearing1_3,92,0.7536395907402038,2.876234292984009,True
ranking,20260916,Bearing1_3,93,0.8182373940944672,3.0356686115264893,True
ranking,20260916,Bearing1_3,94,0.8879961669445038,3.198683738708496,True
ranking,20260916,Bearing1_3,95,0.9692005634307861,3.3865132331848145,True
ranking,20260916,Bearing1_3,96,1.0544635832309723,3.583500623703003,True
ranking,20260916,Bearing1_3,97,1.1264586865901947,3.7368850708007812,True
ranking,20260916,Bearing1_3,98,1.201896345615387,3.903785228729248,True
ranking,20260916,Bearing1_3,99,1.2808341681957245,4.075682640075684,True
ranking,20260916,Bearing1_3,100,1.3650207996368409,4.258383274078369,True
ranking,20260916,Bearing1_3,101,1.4221683621406556,4.347109794616699,True
ranking,20260916,Bearing1_3,102,1.4876938104629516,4.476720333099365,True
ranking,20260916,Bearing1_3,103,1.541114342212677,4.564897060394287,True
ranking,20260916,Bearing1_3,104,1.5967298865318298,4.667638301849365,True
ranking,20260916,Bearing1_3,105,1.648745858669281,4.75877046585083,True
ranking,20260916,Bearing1_3,106,1.7115525722503662,4.876858234405518,True
ranking,20260916,Bearing1_3,107,1.7935808181762696,5.0383100509643555,True
ranking,20260916,Bearing1_3,108,1.8669900059700013,5.149864673614502,True
ranking,20260916,Bearing1_3,109,1.9464290738105774,5.287394046783447,True
ranking,20260916,Bearing1_3,110,2.029674994945526,5.427834510803223,True
ranking,20260916,Bearing1_3,111,2.097454011440277,5.514519691467285,True
ranking,20260916,Bearing1_3,112,2.160899889469147,5.613099575042725,True
ranking,20260916,Bearing1_3,113,2.229985463619232,5.729248046875,True
ranking,20260916,Bearing1_3,114,2.291080188751221,5.810099124908447,True
ranking,20260916,Bearing1_3,115,2.3400904655456545,5.86675500869751,True
ranking,20260916,Bearing1_3,116,2.391718888282776,5.954381465911865,True
ranking,20260916,Bearing1_3,117,2.4320428371429443,5.999567985534668,True
ranking,20260916,Bearing1_3,118,2.476905655860901,6.0780415534973145,True
ranking,20260916,Bearing1_3,119,2.5224747180938722,6.156569480895996,True
ranking,20260916,Bearing1_3,120,2.567947506904602,6.23292875289917,True
ranking,20260916,Bearing1_3,121,2.6277700901031493,6.352209568023682,True
ranking,20260916,Bearing1_3,122,2.691038966178894,6.472907066345215,True
ranking,20260916,Bearing1_3,123,2.7592868328094484,6.619653224945068,True
ranking,20260916,Bearing1_3,124,2.8398855924606323,6.802630424499512,True
ranking,20260916,Bearing1_3,125,2.9265318155288695,6.963197231292725,True
ranking,20260916,Bearing1_3,126,3.01020770072937,7.124615669250488,True
ranking,20260916,Bearing1_3,127,3.097218465805054,7.304739475250244,True
ranking,20260916,Bearing1_3,128,3.189164900779724,7.54428768157959,True
ranking,20260916,Bearing1_3,129,3.2810380935668944,7.788665771484375,True
ranking,20260916,Bearing1_3,130,3.366837430000305,7.984171390533447,True
ranking,20260916,Bearing1_3,131,3.4578487873077393,8.312650680541992,True
ranking,20260916,Bearing1_3,132,3.546100354194641,8.62797737121582,True
ranking,20260916,Bearing1_3,133,3.627772259712219,8.949365615844727,True
ranking,20260916,Bearing1_3,134,3.7039448976516725,9.263168334960938,True
ranking,20260916,Bearing1_3,135,3.7816893339157103,9.609502792358398,True
ranking,20260916,Bearing1_3,136,3.855120134353638,9.92905044555664,True
ranking,20260916,Bearing1_3,137,3.925109076499939,10.243814468383789,True
ranking,20260916,Bearing1_3,138,3.985455369949341,10.488104820251465,True
ranking,20260916,Bearing1_3,139,4.036764693260193,10.69282341003418,True
ranking,20260916,Bearing1_3,140,4.085809564590454,10.937886238098145,True
ranking,20260916,Bearing1_3,141,4.124955344200134,11.052925109863281,True
ranking,20260916,Bearing1_3,142,4.156769895553589,11.143269538879395,True
ranking,20260916,Bearing1_3,143,4.182011222839355,11.189435005187988,True
ranking,20260916,Bearing1_3,144,4.20232834815979,11.227783203125,True
ranking,20260916,Bearing1_3,145,4.220194864273071,11.289405822753906,True
ranking,20260916,Bearing1_3,146,4.235189199447632,11.326177597045898,True
ranking,20260916,Bearing1_3,147,4.247821044921875,11.354498863220215,True
ranking,20260916,Bearing1_3,148,4.258828592300415,11.384079933166504,True
ranking,20260916,Bearing1_3,149,4.2700423240661625,11.45596981048584,True
ranking,20260916,Bearing1_3,150,4.280890560150146,11.52641487121582,True
ranking,20260916,Bearing1_3,151,4.291330242156983,11.595991134643555,True
ranking,20260916,Bearing1_3,152,4.301354885101318,11.667482376098633,True
ranking,20260916,Bearing1_3,153,4.310763216018676,11.73086929321289,True
ranking,20260916,Bearing1_3,154,4.319983911514282,11.797297477722168,True
ranking,20260916,Bearing1_3,155,4.327942991256714,11.838257789611816,True
ranking,20260916,Bearing1_3,156,4.335498332977295,11.889074325561523,True
ranking,20260916,Bearing1_3,157,4.342793655395508,11.943402290344238,True
ranking,20260916,Bearing1_4,0,,,False
ranking,20260916,Bearing1_4,1,,,False
ranking,20260916,Bearing1_4,2,,,False
ranking,20260916,Bearing1_4,3,,,False
ranking,20260916,Bearing1_4,4,,,False
ranking,20260916,Bearing1_4,5,,,False
ranking,20260916,Bearing1_4,6,,,False
ranking,20260916,Bearing1_4,7,,,False
ranking,20260916,Bearing1_4,8,,,False
ranking,20260916,Bearing1_4,9,,,False
ranking,20260916,Bearing1_4,10,,,False
ranking,20260916,Bearing1_4,11,,,False
ranking,20260916,Bearing1_4,12,,,False
ranking,20260916,Bearing1_4,13,,,False
ranking,20260916,Bearing1_4,14,,,False
ranking,20260916,Bearing1_4,15,0.17464220523834229,0.7088103294372559,False
ranking,20260916,Bearing1_4,16,0.17588337510824203,0.7214310169219971,False
ranking,20260916,Bearing1_4,17,0.17754343648751578,0.743253231048584,False
ranking,20260916,Bearing1_4,18,0.17766183987259865,0.7358604669570923,False
ranking,20260916,Bearing1_4,19,0.17828768789768218,0.739304780960083,False
ranking,20260916,Bearing1_4,20,0.18226443976163864,0.7860205173492432,False
ranking,20260916,Bearing1_4,21,0.1824714754308973,0.7796124815940857,False
ranking,20260916,Bearing1_4,22,0.18503267131745815,0.8102059364318848,False
ranking,20260916,Bearing1_4,23,0.18651974366770852,0.8232985138893127,False
ranking,20260916,Bearing1_4,24,0.18803559690713884,0.83753901720047,False
ranking,20260916,Bearing1_4,25,0.19271416068077088,0.8887463808059692,True
ranking,20260916,Bearing1_4,26,0.19660790115594864,0.9267333745956421,True
ranking,20260916,Bearing1_4,27,0.19934743791818618,0.951966404914856,True
ranking,20260916,Bearing1_4,28,0.20146486312150955,0.9738384485244751,True
ranking,20260916,Bearing1_4,29,0.20117271989583968,0.965939998626709,True
ranking,20260916,Bearing1_4,30,0.1987304702401161,0.9335775375366211,True
ranking,20260916,Bearing1_4,31,0.19712672829627992,0.9147068858146667,True
ranking,20260916,Bearing1_4,32,0.19512658417224885,0.8890458941459656,True
ranking,20260916,Bearing1_4,33,0.19323811829090118,0.8653548359870911,True
ranking,20260916,Bearing1_4,34,0.19062864333391188,0.8322417140007019,True
ranking,20260916,Bearing1_4,35,0.18689821362495423,0.7850996255874634,True
ranking,20260916,Bearing1_4,36,0.18232907205820084,0.7281469702720642,True
ranking,20260916,Bearing1_4,37,0.18114648759365082,0.7169775366783142,True
ranking,20260916,Bearing1_4,38,0.18263792097568513,0.7350538969039917,True
ranking,20260916,Bearing1_4,39,0.18471969962120055,0.7554903030395508,True
ranking,20260916,Bearing1_4,40,0.1866169899702072,0.7737849950790405,True
ranking,20260916,Bearing1_4,41,0.1890321522951126,0.7993320822715759,True
ranking,20260916,Bearing1_4,42,0.18848876655101776,0.783850908279419,True
ranking,20260916,Bearing1_4,43,0.19023349583148957,0.8042105436325073,True
ranking,20260916,Bearing1_4,44,0.19097328186035156,0.8071917295455933,True
ranking,20260916,Bearing1_4,45,0.1913842648267746,0.8089665174484253,True
ranking,20260916,Bearing1_4,46,0.19190111607313157,0.812219500541687,True
ranking,20260916,Bearing1_4,47,0.18900802880525588,0.7659511566162109,True
ranking,20260916,Bearing1_4,48,0.1830395594239235,0.675674557685852,True
ranking,20260916,Bearing1_4,49,0.1784381851553917,0.601828932762146,True
ranking,20260916,Bearing1_4,50,0.1779799073934555,0.5883620381355286,True
ranking,20260916,Bearing1_4,51,0.17970480173826217,0.5863317847251892,True
ranking,20260916,Bearing1_4,52,0.18271151036024094,0.6011521816253662,True
ranking,20260916,Bearing1_4,53,0.18780872374773025,0.6152285933494568,True
ranking,20260916,Bearing1_4,54,0.1931697189807892,0.6422220468521118,True
ranking,20260916,Bearing1_4,55,0.19598617851734162,0.6445112824440002,True
ranking,20260916,Bearing1_4,56,0.20447491109371185,0.7017807364463806,True
ranking,20260916,Bearing1_4,57,0.21323380023241043,0.7624011039733887,True
ranking,20260916,Bearing1_4,58,0.22207035422325133,0.8411428332328796,True
ranking,20260916,Bearing1_4,59,0.23096135705709459,0.9269609451293945,True
ranking,20260916,Bearing1_4,60,0.2384281039237976,0.9680719375610352,True
ranking,20260916,Bearing1_4,61,0.23818962126970292,0.959875762462616,True
ranking,20260916,Bearing1_4,62,0.23956552445888518,0.9746609926223755,True
ranking,20260916,Bearing1_4,63,0.23811117559671402,0.9666208028793335,True
ranking,20260916,Bearing1_4,64,0.2394653305411339,0.9760079383850098,True
ranking,20260916,Bearing1_4,65,0.24455215483903886,1.0105483531951904,True
ranking,20260916,Bearing1_4,66,0.24552476555109023,1.0093294382095337,True
ranking,20260916,Bearing1_4,67,0.24629322439432144,1.0155646800994873,True
ranking,20260916,Bearing1_4,68,0.2490485668182373,1.0318629741668701,True
ranking,20260916,Bearing1_4,69,0.25237411707639695,1.0514270067214966,True
ranking,20260916,Bearing1_4,70,0.2542256698012352,1.061556100845337,True
ranking,20260916,Bearing1_4,71,0.258815161883831,1.0975370407104492,True
ranking,20260916,Bearing1_4,72,0.26467307060956957,1.1302193403244019,True
ranking,20260916,Bearing1_4,73,0.26848632991313937,1.1522597074508667,True
ranking,20260916,Bearing1_4,74,0.27521419823169707,1.1939268112182617,True
ranking,20260916,Bearing1_4,75,0.2774107962846756,1.2046382427215576,True
ranking,20260916,Bearing1_4,76,0.28195122480392454,1.2338099479675293,True
ranking,20260916,Bearing1_4,77,0.28702756464481355,1.258721113204956,True
ranking,20260916,Bearing1_4,78,0.29133249819278717,1.2809555530548096,True
ranking,20260916,Bearing1_4,79,0.2996492236852646,1.3216054439544678,True
ranking,20260916,Bearing1_4,80,0.32667376697063444,1.4375393390655518,True
ranking,20260916,Bearing1_4,81,0.3623527765274048,1.5790953636169434,True
ranking,20260916,Bearing1_4,82,0.3982359111309052,1.71065354347229,True
ranking,20260916,Bearing1_4,83,0.4527022033929825,1.9038406610488892,True
ranking,20260916,Bearing1_4,84,0.5148209214210511,2.093987226486206,True
ranking,20260916,Bearing1_4,85,0.5879641950130463,2.321211338043213,True
ranking,20260916,Bearing1_4,86,0.6501562833786011,2.5015010833740234,True
ranking,20260916,Bearing1_4,87,0.7313097298145295,2.747267246246338,True
ranking,20260916,Bearing1_4,88,0.8190554261207581,2.9955759048461914,True
ranking,20260916,Bearing1_4,89,0.9216917991638184,3.27009916305542,True
ranking,20260916,Bearing1_4,90,0.9947718143463135,3.420185089111328,True
ranking,20260916,Bearing1_4,91,1.0487647294998168,3.535419464111328,True
ranking,20260916,Bearing1_4,92,1.101174956560135,3.6597187519073486,True
ranking,20260916,Bearing1_4,93,1.1312038242816924,3.7142512798309326,True
ranking,20260916,Bearing1_4,94,1.1430440604686738,3.729818820953369,True
ranking,20260916,Bearing1_4,95,1.1361063838005065,3.705462694168091,True
ranking,20260916,Bearing1_4,96,1.137500023841858,3.7156035900115967,True
ranking,20260916,Bearing1_4,97,1.124696296453476,3.6765060424804688,True
ranking,20260916,Bearing1_4,98,1.1046025454998016,3.630460262298584,True
ranking,20260916,Bearing1_4,99,1.0602896571159364,3.522688388824463,True
ranking,20260916,Bearing1_4,100,1.0220769941806793,3.451220989227295,True
ranking,20260916,Bearing1_4,101,1.001644241809845,3.4221482276916504,True
ranking,20260916,Bearing1_4,102,0.9752050101757049,3.3616557121276855,True
ranking,20260916,Bearing1_4,103,0.9468719720840454,3.298497438430786,True
ranking,20260916,Bearing1_4,104,0.9322680652141571,3.2771995067596436,True
ranking,20260916,Bearing1_4,105,0.9252405226230621,3.2642276287078857,True
ranking,20260916,Bearing1_4,106,0.9241538166999816,3.2639148235321045,True
ranking,20260916,Bearing1_4,107,0.9114230811595917,3.230133533477783,True
ranking,20260916,Bearing1_4,108,0.8929931163787842,3.186040163040161,True
ranking,20260916,Bearing1_4,109,0.8910880565643311,3.1933584213256836,True
ranking,20260916,Bearing1_4,110,0.8880824983119965,3.1855530738830566,True
ranking,20260916,Bearing1_4,111,0.8831361770629883,3.1730644702911377,True
ranking,20260916,Bearing1_4,112,0.882492583990097,3.17279052734375,True
ranking,20260916,Bearing1_4,113,0.8825257182121277,3.1737430095672607,True
ranking,20260916,Bearing1_4,114,0.870284628868103,3.1373066902160645,True
ranking,20260916,Bearing1_4,115,0.8604520618915558,3.116856336593628,True
ranking,20260916,Bearing1_4,116,0.845920181274414,3.0813190937042236,True
ranking,20260916,Bearing1_4,117,0.8402720868587494,3.0717363357543945,True
ranking,20260916,Bearing1_4,118,0.8441035389900208,3.0862514972686768,True
ranking,20260916,Bearing1_4,119,0.8266679346561432,3.031668186187744,True
ranking,20260916,Bearing1_4,120,0.8296350955963134,3.053175210952759,True
ranking,20260916,Bearing1_4,121,0.9131216645240784,3.964373826980591,True
ranking,20260916,Bearing1_5,0,,,False
ranking,20260916,Bearing1_5,1,,,False
ranking,20260916,Bearing1_5,2,,,False
ranking,20260916,Bearing1_5,3,,,False
ranking,20260916,Bearing1_5,4,,,False
ranking,20260916,Bearing1_5,5,,,False
ranking,20260916,Bearing1_5,6,,,False
ranking,20260916,Bearing1_5,7,,,False
ranking,20260916,Bearing1_5,8,,,False
ranking,20260916,Bearing1_5,9,,,False
ranking,20260916,Bearing1_5,10,,,False
ranking,20260916,Bearing1_5,11,,,False
ranking,20260916,Bearing1_5,12,,,False
ranking,20260916,Bearing1_5,13,,,False
ranking,20260916,Bearing1_5,14,,,False
ranking,20260916,Bearing1_5,15,0.13326336443424225,0.24039682745933533,False
ranking,20260916,Bearing1_5,16,0.1329353079199791,0.21456581354141235,False
ranking,20260916,Bearing1_5,17,0.13292847573757172,0.18511275947093964,False
ranking,20260916,Bearing1_5,18,0.1326661966741085,0.1628047525882721,False
ranking,20260916,Bearing1_5,19,0.1327013462781906,0.14656177163124084,False
ranking,20260916,Bearing1_5,20,0.13342752556006113,0.1626031994819641,False
ranking,20260916,Bearing1_5,21,0.13404967103685653,0.17089197039604187,False
ranking,20260916,Bearing1_5,22,0.13488384522497654,0.1870369017124176,False
ranking,20260916,Bearing1_5,23,0.13534951706727347,0.19445426762104034,False
ranking,20260916,Bearing1_5,24,0.1359255477786064,0.2064647227525711,False
ranking,20260916,Bearing1_5,25,0.13690899461507797,0.2184201031923294,True
ranking,20260916,Bearing1_5,26,0.13829280138015748,0.23768582940101624,True
ranking,20260916,Bearing1_5,27,0.13865740299224855,0.24487194418907166,True
ranking,20260916,Bearing1_5,28,0.13883908689022065,0.2531399428844452,True
ranking,20260916,Bearing1_5,29,0.1382281318306923,0.25110000371932983,True
ranking,20260916,Bearing1_5,30,0.13725766390562058,0.23674461245536804,True
ranking,20260916,Bearing1_5,31,0.13605323880910875,0.22944529354572296,True
ranking,20260916,Bearing1_5,32,0.1345436230301857,0.21901337802410126,True
ranking,20260916,Bearing1_5,33,0.13584549278020858,0.25595250725746155,True
ranking,20260916,Bearing1_5,34,0.1532262906432152,0.3869186043739319,True
ranking,20260916,Bearing1_5,35,0.1891166239976883,0.5824579000473022,True
ranking,20260916,Bearing1_5,36,0.2544059678912163,0.8678755760192871,True
ranking,20260916,Bearing1_5,37,0.34663244634866713,1.2316941022872925,True
ranking,20260916,Bearing1_5,38,0.4565777316689491,1.6269619464874268,True
ranking,20260916,Bearing1_5,39,0.6116899579763413,2.1514694690704346,True
ranking,20260916,Bearing1_5,40,0.803743363916874,2.7388739585876465,True
ranking,20260916,Bearing1_5,41,1.0286701306700707,3.379429578781128,True
ranking,20260916,Bearing1_5,42,1.2781766414642335,4.051156520843506,True
ranking,20260916,Bearing1_5,43,1.5407340109348298,4.6873779296875,True
ranking,20260916,Bearing1_5,44,1.7968116581439972,5.227301597595215,True
ranking,20260916,Bearing1_5,45,2.041044849157333,5.704980850219727,True
ranking,20260916,Bearing1_5,46,2.260224962234497,6.095523357391357,True
ranking,20260916,Bearing1_5,47,2.4565375685691833,6.426583290100098,True
ranking,20260916,Bearing1_5,48,2.63785058259964,6.730257987976074,True
ranking,20260916,Bearing1_5,49,2.776306080818176,6.919267177581787,True
ranking,20260916,Bearing1_5,50,2.8804598569869997,7.054939270019531,True
ranking,20260916,Bearing1_5,51,2.954597496986389,7.141772270202637,True
control,20260917,Bearing1_1,0,,,False
control,20260917,Bearing1_1,1,,,False
control,20260917,Bearing1_1,2,,,False
control,20260917,Bearing1_1,3,,,False
control,20260917,Bearing1_1,4,,,False
control,20260917,Bearing1_1,5,,,False
control,20260917,Bearing1_1,6,,,False
control,20260917,Bearing1_1,7,,,False
control,20260917,Bearing1_1,8,,,False
control,20260917,Bearing1_1,9,,,False
control,20260917,Bearing1_1,10,,,False
control,20260917,Bearing1_1,11,,,False
control,20260917,Bearing1_1,12,,,False
control,20260917,Bearing1_1,13,,,False
control,20260917,Bearing1_1,14,,,False
control,20260917,Bearing1_1,15,0.3215997815132141,1.5807108879089355,False
control,20260917,Bearing1_1,16,0.3417368680238724,1.6577584743499756,False
control,20260917,Bearing1_1,17,0.3732275466124217,1.7724541425704956,False
control,20260917,Bearing1_1,18,0.3839813396334648,1.791355013847351,False
control,20260917,Bearing1_1,19,0.39463770389556885,1.8241615295410156,False
control,20260917,Bearing1_1,20,0.40192611515522003,1.8423190116882324,False
control,20260917,Bearing1_1,21,0.42743941290037973,1.9324582815170288,False
control,20260917,Bearing1_1,22,0.4277081564068794,1.904271125793457,False
control,20260917,Bearing1_1,23,0.44122063451343113,1.955491542816162,False
control,20260917,Bearing1_1,24,0.46209505796432493,2.016653537750244,False
control,20260917,Bearing1_1,25,0.48904078602790835,2.0861611366271973,True
control,20260917,Bearing1_1,26,0.5132370501756668,2.1498563289642334,True
control,20260917,Bearing1_1,27,0.5488300710916519,2.2521233558654785,True
control,20260917,Bearing1_1,28,0.5747292369604111,2.3072562217712402,True
control,20260917,Bearing1_1,29,0.6044367790222168,2.38350248336792,True
control,20260917,Bearing1_1,30,0.6444833606481553,2.4891350269317627,True
control,20260917,Bearing1_1,31,0.6689991623163223,2.5230562686920166,True
control,20260917,Bearing1_1,32,0.6972349464893342,2.598602533340454,True
control,20260917,Bearing1_1,33,0.7158663868904114,2.630685806274414,True
control,20260917,Bearing1_1,34,0.7444204092025757,2.710963010787964,True
control,20260917,Bearing1_1,35,0.7889967679977417,2.825164794921875,True
control,20260917,Bearing1_1,36,0.8086562275886535,2.8423752784729004,True
control,20260917,Bearing1_1,37,0.8256707429885864,2.8731236457824707,True
control,20260917,Bearing1_1,38,0.842688113451004,2.910956621170044,True
control,20260917,Bearing1_1,39,0.8500810623168945,2.9132370948791504,True
control,20260917,Bearing1_1,40,0.8741218984127045,2.988157033920288,True
control,20260917,Bearing1_1,41,0.8834028482437134,2.992945909500122,True
control,20260917,Bearing1_1,42,0.8904409110546112,3.006256341934204,True
control,20260917,Bearing1_1,43,0.8833097755908966,2.9723997116088867,True
control,20260917,Bearing1_1,44,0.8846526205539703,2.983635663986206,True
control,20260917,Bearing1_1,45,0.8631886541843414,2.9101014137268066,True
control,20260917,Bearing1_1,46,0.8850024342536926,3.008561849594116,True
control,20260917,Bearing1_1,47,0.8851936876773834,2.98543119430542,True
control,20260917,Bearing1_1,48,0.8765161275863648,2.957216739654541,True
control,20260917,Bearing1_1,49,0.868803471326828,2.942250967025757,True
control,20260917,Bearing1_1,50,0.8445518732070922,2.8719143867492676,True
control,20260917,Bearing1_1,51,0.8263745546340943,2.8390073776245117,True
control,20260917,Bearing1_1,52,0.825879430770874,2.8607239723205566,True
control,20260917,Bearing1_1,53,0.8408989071846008,2.918579578399658,True
control,20260917,Bearing1_1,54,0.8222924709320069,2.838043689727783,True
control,20260917,Bearing1_1,55,0.8220664501190186,2.8651576042175293,True
control,20260917,Bearing1_1,56,0.8116591989994049,2.830383777618408,True
control,20260917,Bearing1_1,57,0.7967604517936706,2.791140556335449,True
control,20260917,Bearing1_1,58,0.8040594518184662,2.8315210342407227,True
control,20260917,Bearing1_1,59,0.8142199456691742,2.8610920906066895,True
control,20260917,Bearing1_1,60,0.8130494832992554,2.8378734588623047,True
control,20260917,Bearing1_1,61,0.8271880567073822,2.890111207962036,True
control,20260917,Bearing1_1,62,0.8248727858066559,2.860776662826538,True
control,20260917,Bearing1_1,63,0.8146916627883911,2.822263240814209,True
control,20260917,Bearing1_1,64,0.8309787213802338,2.8921995162963867,True
control,20260917,Bearing1_1,65,0.8425323486328125,2.905261993408203,True
control,20260917,Bearing1_1,66,0.8574537217617035,2.9361257553100586,True
control,20260917,Bearing1_1,67,0.881325113773346,2.9966444969177246,True
control,20260917,Bearing1_1,68,0.9075670957565307,3.0515329837799072,True
control,20260917,Bearing1_1,69,0.9435799777507782,3.1310858726501465,True
control,20260917,Bearing1_1,70,1.0000095665454865,3.2682323455810547,True
control,20260917,Bearing1_1,71,1.0718949437141418,3.4203429222106934,True
control,20260917,Bearing1_1,72,1.1779779374599457,3.6565468311309814,True
control,20260917,Bearing1_1,73,1.3071138322353364,3.9176220893859863,True
control,20260917,Bearing1_1,74,1.4383396565914155,4.141284465789795,True
control,20260917,Bearing1_1,75,1.5997668623924255,4.470841407775879,True
control,20260917,Bearing1_1,76,1.7594298481941224,4.734234809875488,True
control,20260917,Bearing1_1,77,1.948818850517273,5.116789817810059,True
control,20260917,Bearing1_1,78,2.171290946006775,5.714841365814209,True
control,20260917,Bearing1_1,79,2.408519375324249,6.293141841888428,True
control,20260917,Bearing1_1,80,2.6430715799331663,6.830620765686035,True
control,20260917,Bearing1_1,81,2.8685622334480287,7.326503753662109,True
control,20260917,Bearing1_1,82,3.080623006820679,7.793318271636963,True
control,20260917,Bearing1_1,83,3.2805287837982178,8.245183944702148,True
control,20260917,Bearing1_1,84,3.462063026428223,8.652021408081055,True
control,20260917,Bearing1_1,85,3.61628258228302,8.983538627624512,True
control,20260917,Bearing1_1,86,3.762347936630249,9.340927124023438,True
control,20260917,Bearing1_1,87,3.88203341960907,9.600300788879395,True
control,20260917,Bearing1_1,88,3.966513514518738,9.630768775939941,True
control,20260917,Bearing1_1,89,4.028019142150879,9.660893440246582,True
control,20260917,Bearing1_1,90,4.073990845680237,9.684713363647461,True
control,20260917,Bearing1_1,91,4.109286570549012,9.707818984985352,True
control,20260917,Bearing1_1,92,4.137271451950073,9.734452247619629,True
control,20260917,Bearing1_1,93,4.159412479400634,9.750935554504395,True
control,20260917,Bearing1_1,94,4.177260446548462,9.766923904418945,True
control,20260917,Bearing1_1,95,4.192007446289063,9.78254508972168,True
control,20260917,Bearing1_1,96,4.204374551773071,9.799245834350586,True
control,20260917,Bearing1_1,97,4.215027332305908,9.816034317016602,True
control,20260917,Bearing1_1,98,4.2241661071777346,9.830093383789062,True
control,20260917,Bearing1_1,99,4.23203558921814,9.842700958251953,True
control,20260917,Bearing1_1,100,4.238673686981201,9.852789878845215,True
control,20260917,Bearing1_1,101,4.244617128372193,9.866508483886719,True
control,20260917,Bearing1_1,102,4.2497718334198,9.876221656799316,True
control,20260917,Bearing1_1,103,4.254338693618775,9.885843276977539,True
control,20260917,Bearing1_1,104,4.258336019515991,9.894556045532227,True
control,20260917,Bearing1_1,105,4.261776971817016,9.902055740356445,True
control,20260917,Bearing1_1,106,4.264744853973388,9.906930923461914,True
control,20260917,Bearing1_1,107,4.2672279357910154,9.911271095275879,True
control,20260917,Bearing1_1,108,4.269355154037475,9.916345596313477,True
control,20260917,Bearing1_1,109,4.271297979354858,9.922260284423828,True
control,20260917,Bearing1_1,110,4.273312044143677,9.92956829071045,True
control,20260917,Bearing1_1,111,4.275141906738281,9.93623161315918,True
control,20260917,Bearing1_1,112,4.276921033859253,9.942983627319336,True
control,20260917,Bearing1_1,113,4.278507137298584,9.94914436340332,True
control,20260917,Bearing1_1,114,4.280190181732178,9.957662582397461,True
control,20260917,Bearing1_1,115,4.281838035583496,9.966322898864746,True
control,20260917,Bearing1_1,116,4.283484268188476,9.976485252380371,True
control,20260917,Bearing1_1,117,4.284953546524048,9.981118202209473,True
control,20260917,Bearing1_1,118,4.286538887023926,9.990734100341797,True
control,20260917,Bearing1_1,119,4.288036775588989,9.998408317565918,True
control,20260917,Bearing1_1,120,4.289396190643311,10.007654190063477,True
control,20260917,Bearing1_1,121,4.290978860855103,10.021825790405273,True
control,20260917,Bearing1_1,122,4.293316841125488,10.055891036987305,True
control,20260917,Bearing1_2,0,,,False
control,20260917,Bearing1_2,1,,,False
control,20260917,Bearing1_2,2,,,False
control,20260917,Bearing1_2,3,,,False
control,20260917,Bearing1_2,4,,,False
control,20260917,Bearing1_2,5,,,False
control,20260917,Bearing1_2,6,,,False
control,20260917,Bearing1_2,7,,,False
control,20260917,Bearing1_2,8,,,False
control,20260917,Bearing1_2,9,,,False
control,20260917,Bearing1_2,10,,,False
control,20260917,Bearing1_2,11,,,False
control,20260917,Bearing1_2,12,,,False
control,20260917,Bearing1_2,13,,,False
control,20260917,Bearing1_2,14,,,False
control,20260917,Bearing1_2,15,0.07576745748519897,0.28526145219802856,False
control,20260917,Bearing1_2,16,0.08860218897461891,0.33863717317581177,False
control,20260917,Bearing1_2,17,0.09065568447113037,0.3369918167591095,False
control,20260917,Bearing1_2,18,0.0890560932457447,0.3128265142440796,False
control,20260917,Bearing1_2,19,0.08865383714437484,0.30707186460494995,False
control,20260917,Bearing1_2,20,0.0913948764403661,0.3245510160923004,False
control,20260917,Bearing1_2,21,0.09833602607250214,0.37369781732559204,False
control,20260917,Bearing1_2,22,0.0991606879979372,0.3691544830799103,False
control,20260917,Bearing1_2,23,0.09638713383012348,0.34606561064720154,False
control,20260917,Bearing1_2,24,0.0922884151339531,0.31720349192619324,False
control,20260917,Bearing1_2,25,0.09182744696736336,0.3088708519935608,True
control,20260917,Bearing1_2,26,0.08539536856114864,0.27766385674476624,True
control,20260917,Bearing1_2,27,0.08168071359395981,0.25814175605773926,True
control,20260917,Bearing1_2,28,0.0803392544388771,0.2535565495491028,True
control,20260917,Bearing1_2,29,0.07902058735489845,0.24510768055915833,True
control,20260917,Bearing1_2,30,0.07357061728835106,0.20635986328125,True
control,20260917,Bearing1_2,31,0.0753433458507061,0.22801204025745392,True
control,20260917,Bearing1_2,32,0.0841520108282566,0.2993956506252289,True
control,20260917,Bearing1_2,33,0.09094029068946838,0.3392033874988556,True
control,20260917,Bearing1_2,34,0.09457986205816268,0.35770612955093384,True
control,20260917,Bearing1_2,35,0.09534519091248513,0.3594352602958679,True
control,20260917,Bearing1_2,36,0.09377191551029682,0.3905980587005615,True
control,20260917,Bearing1_2,37,0.10303235426545143,0.48257318139076233,True
control,20260917,Bearing1_2,38,0.1311750255525112,0.6446975469589233,True
control,20260917,Bearing1_2,39,0.16117056235671043,0.7947391271591187,True
control,20260917,Bearing1_2,40,0.2044006109237671,1.0049968957901,True
control,20260917,Bearing1_2,41,0.21446773260831833,1.0200814008712769,True
control,20260917,Bearing1_2,42,0.22848256826400756,1.077039361000061,True
control,20260917,Bearing1_2,43,0.27433341145515444,1.2806894779205322,True
control,20260917,Bearing1_2,44,0.3097388856112957,1.4274730682373047,True
control,20260917,Bearing1_2,45,0.4130223967134953,1.8285572528839111,True
control,20260917,Bearing1_2,46,0.5677408218383789,2.2739763259887695,True
control,20260917,Bearing1_2,47,0.7153615474700927,2.6045987606048584,True
control,20260917,Bearing1_2,48,0.7847046464681625,2.6837680339813232,True
control,20260917,Bearing1_2,49,0.8714555352926254,2.902519702911377,True
control,20260917,Bearing1_2,50,1.0016070812940598,3.2194037437438965,True
control,20260917,Bearing1_2,51,1.1664456754922867,3.6053993701934814,True
control,20260917,Bearing1_2,52,1.3566284745931625,4.018645286560059,True
control,20260917,Bearing1_2,53,1.5412280708551407,4.352823734283447,True
control,20260917,Bearing1_2,54,1.7388615012168884,4.726384162902832,True
control,20260917,Bearing1_2,55,1.9044602751731872,4.978218078613281,True
control,20260917,Bearing1_2,56,2.0385791778564455,5.14933967590332,True
control,20260917,Bearing1_2,57,2.191171944141388,5.449763774871826,True
control,20260917,Bearing1_2,58,2.4229300022125244,5.974964141845703,True
control,20260917,Bearing1_2,59,2.647001039981842,6.366019248962402,True
control,20260917,Bearing1_2,60,2.830055856704712,6.661942958831787,True
control,20260917,Bearing1_2,61,3.008648657798767,6.992440700531006,True
control,20260917,Bearing1_2,62,3.172401714324951,7.457799434661865,True
control,20260917,Bearing1_2,63,3.3286049604415893,7.982438087463379,True
control,20260917,Bearing1_2,64,3.4976386070251464,8.57821273803711,True
control,20260917,Bearing1_2,65,3.639656925201416,9.006579399108887,True
control,20260917,Bearing1_2,66,3.773888349533081,9.505128860473633,True
control,20260917,Bearing1_2,67,3.888727068901062,9.911887168884277,True
control,20260917,Bearing1_2,68,3.9860775470733643,10.25728988647461,True
control,20260917,Bearing1_2,69,4.073986196517945,10.588205337524414,True
control,20260917,Bearing1_2,70,4.151122140884399,10.897322654724121,True
control,20260917,Bearing1_2,71,4.22157723903656,11.176082611083984,True
control,20260917,Bearing1_2,72,4.275831890106201,11.264795303344727,True
control,20260917,Bearing1_2,73,4.317910385131836,11.276509284973145,True
control,20260917,Bearing1_2,74,4.351139926910401,11.283068656921387,True
control,20260917,Bearing1_2,75,4.377764081954956,11.310616493225098,True
control,20260917,Bearing1_2,76,4.398827409744262,11.29084300994873,True
control,20260917,Bearing1_2,77,4.415727996826172,11.281370162963867,True
control,20260917,Bearing1_2,78,4.43004789352417,11.303449630737305,True
control,20260917,Bearing1_2,79,4.442493915557861,11.335153579711914,True
control,20260917,Bearing1_2,80,4.453436851501465,11.369216918945312,True
control,20260917,Bearing1_2,81,4.464111375808716,11.440157890319824,True
control,20260917,Bearing1_2,82,4.47332911491394,11.462969779968262,True
control,20260917,Bearing1_2,83,4.481528234481812,11.491144180297852,True
control,20260917,Bearing1_2,84,4.488793420791626,11.516018867492676,True
control,20260917,Bearing1_2,85,4.49530873298645,11.540294647216797,True
control,20260917,Bearing1_2,86,4.501313543319702,11.571761131286621,True
control,20260917,Bearing1_2,87,4.506858062744141,11.600400924682617,True
control,20260917,Bearing1_2,88,4.511328554153442,11.59913444519043,True
control,20260917,Bearing1_2,89,4.5154876708984375,11.621830940246582,True
control,20260917,Bearing1_2,90,4.518887948989868,11.619585037231445,True
control,20260917,Bearing1_2,91,4.521824693679809,11.624458312988281,True
control,20260917,Bearing1_2,92,4.524716520309449,11.645147323608398,True
control,20260917,Bearing1_2,93,4.527561473846435,11.668278694152832,True
control,20260917,Bearing1_2,94,4.530066967010498,11.676806449890137,True
control,20260917,Bearing1_2,95,4.532625150680542,11.70338249206543,True
control,20260917,Bearing1_2,96,4.534974193572998,11.716262817382812,True
control,20260917,Bearing1_2,97,4.537171792984009,11.73249626159668,True
control,20260917,Bearing1_2,98,4.539541387557984,11.760726928710938,True
control,20260917,Bearing1_2,99,4.541736316680908,11.775721549987793,True
control,20260917,Bearing1_2,100,4.54379711151123,11.791133880615234,True
control,20260917,Bearing1_2,101,4.545672464370727,11.802267074584961,True
control,20260917,Bearing1_2,102,4.547461748123169,11.818540573120117,True
control,20260917,Bearing1_2,103,4.549052906036377,11.827544212341309,True
control,20260917,Bearing1_2,104,4.550508880615235,11.837911605834961,True
control,20260917,Bearing1_2,105,4.551791715621948,11.843536376953125,True
control,20260917,Bearing1_2,106,4.55298924446106,11.853008270263672,True
control,20260917,Bearing1_2,107,4.554151725769043,11.863164901733398,True
control,20260917,Bearing1_2,108,4.555252265930176,11.872108459472656,True
control,20260917,Bearing1_2,109,4.556300830841065,11.8804349899292,True
control,20260917,Bearing1_2,110,4.557251882553101,11.887042999267578,True
control,20260917,Bearing1_2,111,4.558010053634644,11.887322425842285,True
control,20260917,Bearing1_2,112,4.558585548400879,11.884328842163086,True
control,20260917,Bearing1_2,113,4.558952474594117,11.877644538879395,True
control,20260917,Bearing1_2,114,4.559162712097168,11.870767593383789,True
control,20260917,Bearing1_2,115,4.55934419631958,11.869571685791016,True
control,20260917,Bearing1_2,116,4.559467935562134,11.867444038391113,True
control,20260917,Bearing1_2,117,4.559540700912476,11.864994049072266,True
control,20260917,Bearing1_2,118,4.559541177749634,11.861859321594238,True
control,20260917,Bearing1_2,119,4.559550762176514,11.86170768737793,True
control,20260917,Bearing1_2,120,4.559547328948975,11.86067008972168,True
control,20260917,Bearing1_2,121,4.559625959396362,11.864751815795898,True
control,20260917,Bearing1_2,122,4.559769773483277,11.869241714477539,True
control,20260917,Bearing1_2,123,4.56003098487854,11.878317832946777,True
control,20260917,Bearing1_2,124,4.560366296768189,11.88790512084961,True
control,20260917,Bearing1_2,125,4.560727071762085,11.897150039672852,True
control,20260917,Bearing1_2,126,4.561165142059326,11.905263900756836,True
control,20260917,Bearing1_2,127,4.561654472351075,11.913225173950195,True
control,20260917,Bearing1_2,128,4.5622210025787355,11.923460960388184,True
control,20260917,Bearing1_2,129,4.562807893753051,11.932615280151367,True
control,20260917,Bearing1_2,130,4.5634613037109375,11.944245338439941,True
control,20260917,Bearing1_2,131,4.564111852645874,11.953592300415039,True
control,20260917,Bearing1_2,132,4.564731740951538,11.962820053100586,True
control,20260917,Bearing1_2,133,4.565338182449341,11.971800804138184,True
control,20260917,Bearing1_2,134,4.565924024581909,11.978128433227539,True
control,20260917,Bearing1_2,135,4.566520547866821,11.984493255615234,True
control,20260917,Bearing1_2,136,4.567089319229126,11.993343353271484,True
control,20260917,Bearing1_2,137,4.567631244659424,12.00068473815918,True
control,20260917,Bearing1_2,138,4.568140935897827,12.006479263305664,True
control,20260917,Bearing1_2,139,4.568609619140625,12.010229110717773,True
control,20260917,Bearing1_2,140,4.568990468978882,12.011574745178223,True
control,20260917,Bearing1_2,141,4.56929578781128,12.011935234069824,True
control,20260917,Bearing1_2,142,4.569545316696167,12.012174606323242,True
control,20260917,Bearing1_2,143,4.5696944236755375,12.008977890014648,True
control,20260917,Bearing1_2,144,4.5697980403900145,12.008056640625,True
control,20260917,Bearing1_2,145,4.569870042800903,12.007669448852539,True
control,20260917,Bearing1_2,146,4.569973039627075,12.011397361755371,True
control,20260917,Bearing1_2,147,4.570143365859986,12.01823902130127,True
control,20260917,Bearing1_2,148,4.570370483398437,12.026178359985352,True
control,20260917,Bearing1_2,149,4.570675945281982,12.03605842590332,True
control,20260917,Bearing1_2,150,4.571075773239135,12.048206329345703,True
control,20260917,Bearing1_2,151,4.571580028533935,12.062789916992188,True
control,20260917,Bearing1_2,152,4.572172594070435,12.077611923217773,True
control,20260917,Bearing1_2,153,4.572873735427857,12.094331741333008,True
control,20260917,Bearing1_2,154,4.573641109466553,12.111272811889648,True
control,20260917,Bearing1_2,155,4.574445962905884,12.128435134887695,True
control,20260917,Bearing1_2,156,4.57523193359375,12.139823913574219,True
control,20260917,Bearing1_2,157,4.575975370407105,12.150111198425293,True
control,20260917,Bearing1_2,158,4.576710033416748,12.162088394165039,True
control,20260917,Bearing1_2,159,4.5774329662322994,12.174339294433594,True
control,20260917,Bearing1_2,160,4.578260374069214,12.196332931518555,True
control,20260917,Bearing1_3,0,,,False
control,20260917,Bearing1_3,1,,,False
control,20260917,Bearing1_3,2,,,False
control,20260917,Bearing1_3,3,,,False
control,20260917,Bearing1_3,4,,,False
control,20260917,Bearing1_3,5,,,False
control,20260917,Bearing1_3,6,,,False
control,20260917,Bearing1_3,7,,,False
control,20260917,Bearing1_3,8,,,False
control,20260917,Bearing1_3,9,,,False
control,20260917,Bearing1_3,10,,,False
control,20260917,Bearing1_3,11,,,False
control,20260917,Bearing1_3,12,,,False
control,20260917,Bearing1_3,13,,,False
control,20260917,Bearing1_3,14,,,False
control,20260917,Bearing1_3,15,0.02556939609348774,0.09610585123300552,False
control,20260917,Bearing1_3,16,0.025625448673963547,0.0979515016078949,False
control,20260917,Bearing1_3,17,0.023728445793191593,0.11188552528619766,False
control,20260917,Bearing1_3,18,0.028868427965790033,0.19195203483104706,False
control,20260917,Bearing1_3,19,0.035658418014645574,0.2496413290500641,False
control,20260917,Bearing1_3,20,0.04180150261769692,0.2976231276988983,False
control,20260917,Bearing1_3,21,0.04496365386460509,0.32334375381469727,False
control,20260917,Bearing1_3,22,0.05100142792798579,0.363003671169281,False
control,20260917,Bearing1_3,23,0.05672652874555853,0.39680683612823486,False
control,20260917,Bearing1_3,24,0.058307319320738314,0.40596818923950195,False
control,20260917,Bearing1_3,25,0.06230577677488327,0.44603413343429565,True
control,20260917,Bearing1_3,26,0.06584335509687662,0.48278871178627014,True
control,20260917,Bearing1_3,27,0.07131804823875428,0.5246332883834839,True
control,20260917,Bearing1_3,28,0.07409190833568573,0.5325088500976562,True
control,20260917,Bearing1_3,29,0.07553675174713134,0.5418086647987366,True
control,20260917,Bearing1_3,30,0.07381781600415707,0.5311185717582703,True
control,20260917,Bearing1_3,31,0.07511355467140675,0.5400959849357605,True
control,20260917,Bearing1_3,32,0.07230124659836293,0.5241339206695557,True
control,20260917,Bearing1_3,33,0.0662451483309269,0.49486055970191956,True
control,20260917,Bearing1_3,34,0.06267226003110409,0.48195284605026245,True
control,20260917,Bearing1_3,35,0.060667159780859944,0.4731990396976471,True
control,20260917,Bearing1_3,36,0.059690074622631074,0.4700429439544678,True
control,20260917,Bearing1_3,37,0.05418126136064529,0.43677911162376404,True
control,20260917,Bearing1_3,38,0.04846280086785555,0.40674981474876404,True
control,20260917,Bearing1_3,39,0.042585881799459456,0.3634348511695862,True
control,20260917,Bearing1_3,40,0.03871384803205728,0.3419404625892639,True
control,20260917,Bearing1_3,41,0.03343205861747265,0.31601279973983765,True
control,20260917,Bearing1_3,42,0.029116586595773698,0.29687851667404175,True
control,20260917,Bearing1_3,43,0.026748304814100267,0.27328991889953613,True
control,20260917,Bearing1_3,44,0.02486873958259821,0.26569926738739014,True
control,20260917,Bearing1_3,45,0.021882531605660914,0.24532660841941833,True
control,20260917,Bearing1_3,46,0.01823193309828639,0.22126677632331848,True
control,20260917,Bearing1_3,47,0.018151637632399797,0.22592201828956604,True
control,20260917,Bearing1_3,48,0.018701356556266546,0.23301632702350616,True
control,20260917,Bearing1_3,49,0.02146434420719743,0.2640635371208191,True
control,20260917,Bearing1_3,50,0.02198336096480489,0.26839303970336914,True
control,20260917,Bearing1_3,51,0.02113306038081646,0.260709673166275,True
control,20260917,Bearing1_3,52,0.02138059549033642,0.2409464418888092,True
control,20260917,Bearing1_3,53,0.022167052514851092,0.2398112565279007,True
control,20260917,Bearing1_3,54,0.02307159937918186,0.2243357002735138,True
control,20260917,Bearing1_3,55,0.023814880289137363,0.221642404794693,True
control,20260917,Bearing1_3,56,0.025909894052892922,0.21273675560951233,True
control,20260917,Bearing1_3,57,0.026687868777662514,0.20010140538215637,True
control,20260917,Bearing1_3,58,0.030939381290227174,0.2282659262418747,True
control,20260917,Bearing1_3,59,0.037914931494742635,0.2614142596721649,True
control,20260917,Bearing1_3,60,0.05359229324385524,0.33968767523765564,True
control,20260917,Bearing1_3,61,0.06656565312296152,0.39857912063598633,True
control,20260917,Bearing1_3,62,0.08196127694100142,0.49215373396873474,True
control,20260917,Bearing1_3,63,0.09811431802809238,0.5827553272247314,True
control,20260917,Bearing1_3,64,0.11132956929504871,0.6578611135482788,True
control,20260917,Bearing1_3,65,0.12377440128475428,0.7243267893791199,True
control,20260917,Bearing1_3,66,0.14031841401010753,0.8289670944213867,True
control,20260917,Bearing1_3,67,0.16048168987035752,0.9335963129997253,True
control,20260917,Bearing1_3,68,0.17789833322167398,0.9984180331230164,True
control,20260917,Bearing1_3,69,0.19049594253301622,1.043195366859436,True
control,20260917,Bearing1_3,70,0.19649140685796737,1.0598777532577515,True
control,20260917,Bearing1_3,71,0.21468640714883805,1.1402089595794678,True
control,20260917,Bearing1_3,72,0.23832185566425323,1.2273310422897339,True
control,20260917,Bearing1_3,73,0.2608020544052124,1.3009507656097412,True
control,20260917,Bearing1_3,74,0.29052072763442993,1.4089953899383545,True
control,20260917,Bearing1_3,75,0.32352616637945175,1.5256640911102295,True
control,20260917,Bearing1_3,76,0.3549268200993538,1.6214338541030884,True
control,20260917,Bearing1_3,77,0.3869717285037041,1.7220561504364014,True
control,20260917,Bearing1_3,78,0.4219541445374489,1.8324544429779053,True
control,20260917,Bearing1_3,79,0.45202305912971497,1.9202083349227905,True
control,20260917,Bearing1_3,80,0.4881134480237961,2.035616397857666,True
control,20260917,Bearing1_3,81,0.5153318643569946,2.101930856704712,True
control,20260917,Bearing1_3,82,0.5385063827037812,2.1585476398468018,True
control,20260917,Bearing1_3,83,0.5659284681081772,2.2383193969726562,True
control,20260917,Bearing1_3,84,0.58915174305439,2.294520378112793,True
control,20260917,Bearing1_3,85,0.6112137794494629,2.349029064178467,True
control,20260917,Bearing1_3,86,0.6233791887760163,2.369248390197754,True
control,20260917,Bearing1_3,87,0.63949835896492,2.4143004417419434,True
control,20260917,Bearing1_3,88,0.6599919617176055,2.468461275100708,True
control,20260917,Bearing1_3,89,0.6864712655544281,2.538818836212158,True
control,20260917,Bearing1_3,90,0.7089805603027344,2.5864131450653076,True
control,20260917,Bearing1_3,91,0.7639353036880493,2.746676206588745,True
control,20260917,Bearing1_3,92,0.823143196105957,2.876234292984009,True
control,20260917,Bearing1_3,93,0.89511758685112,3.0356686115264893,True
control,20260917,Bearing1_3,94,0.9746239602565765,3.198683738708496,True
control,20260917,Bearing1_3,95,1.0662227690219879,3.3865132331848145,True
control,20260917,Bearing1_3,96,1.1643011212348937,3.583500623703003,True
control,20260917,Bearing1_3,97,1.2517891824245453,3.7368850708007812,True
control,20260917,Bearing1_3,98,1.3412075698375703,3.903785228729248,True
control,20260917,Bearing1_3,99,1.4340935707092286,4.075682640075684,True
control,20260917,Bearing1_3,100,1.5319772720336915,4.258383274078369,True
control,20260917,Bearing1_3,101,1.6052014708518982,4.347109794616699,True
control,20260917,Bearing1_3,102,1.6817522764205932,4.476720333099365,True
control,20260917,Bearing1_3,103,1.7463634014129639,4.564897060394287,True
control,20260917,Bearing1_3,104,1.8107091546058656,4.667638301849365,True
control,20260917,Bearing1_3,105,1.871375358104706,4.75877046585083,True
control,20260917,Bearing1_3,106,1.940630030632019,4.876858234405518,True
control,20260917,Bearing1_3,107,2.027153468132019,5.0383100509643555,True
control,20260917,Bearing1_3,108,2.1069785952568054,5.149864673614502,True
control,20260917,Bearing1_3,109,2.191347968578339,5.287394046783447,True
control,20260917,Bearing1_3,110,2.2787714838981628,5.427834510803223,True
control,20260917,Bearing1_3,111,2.351568174362183,5.514519691467285,True
control,20260917,Bearing1_3,112,2.4199387788772584,5.613099575042725,True
control,20260917,Bearing1_3,113,2.492212653160095,5.729248046875,True
control,20260917,Bearing1_3,114,2.555914568901062,5.810099124908447,True
control,20260917,Bearing1_3,115,2.607336902618408,5.86675500869751,True
control,20260917,Bearing1_3,116,2.6602893829345704,5.954381465911865,True
control,20260917,Bearing1_3,117,2.701935124397278,5.999567985534668,True
control,20260917,Bearing1_3,118,2.7465469598770142,6.0780415534973145,True
control,20260917,Bearing1_3,119,2.791431427001953,6.156569480895996,True
control,20260917,Bearing1_3,120,2.835347294807434,6.23292875289917,True
control,20260917,Bearing1_3,121,2.8911502599716186,6.352209568023682,True
control,20260917,Bearing1_3,122,2.949574661254883,6.472907066345215,True
control,20260917,Bearing1_3,123,3.0127073526382446,6.619653224945068,True
control,20260917,Bearing1_3,124,3.0873130559921265,6.802630424499512,True
control,20260917,Bearing1_3,125,3.1664718627929687,6.963197231292725,True
control,20260917,Bearing1_3,126,3.2430885076522826,7.124615669250488,True
control,20260917,Bearing1_3,127,3.3233605861663817,7.304739475250244,True
control,20260917,Bearing1_3,128,3.409352922439575,7.54428768157959,True
control,20260917,Bearing1_3,129,3.495931339263916,7.788665771484375,True
control,20260917,Bearing1_3,130,3.57739794254303,7.984171390533447,True
control,20260917,Bearing1_3,131,3.6645453214645385,8.312650680541992,True
control,20260917,Bearing1_3,132,3.749675750732422,8.62797737121582,True
control,20260917,Bearing1_3,133,3.8287130117416384,8.949365615844727,True
control,20260917,Bearing1_3,134,3.9029977560043334,9.263168334960938,True
control,20260917,Bearing1_3,135,3.9799240112304686,9.609502792358398,True
control,20260917,Bearing1_3,136,4.052590012550354,9.92905044555664,True
control,20260917,Bearing1_3,137,4.1218804836273195,10.243814468383789,True
control,20260917,Bearing1_3,138,4.181498742103576,10.488104820251465,True
control,20260917,Bearing1_3,139,4.232387971878052,10.69282341003418,True
control,20260917,Bearing1_3,140,4.281095504760742,10.937886238098145,True
control,20260917,Bearing1_3,141,4.320332288742065,11.052925109863281,True
control,20260917,Bearing1_3,142,4.352257204055786,11.143269538879395,True
control,20260917,Bearing1_3,143,4.377849435806274,11.189435005187988,True
control,20260917,Bearing1_3,144,4.39861741065979,11.227783203125,True
control,20260917,Bearing1_3,145,4.416350221633911,11.289405822753906,True
control,20260917,Bearing1_3,146,4.431208705902099,11.326177597045898,True
control,20260917,Bearing1_3,147,4.443698167800903,11.354498863220215,True
control,20260917,Bearing1_3,148,4.4544023990631105,11.384079933166504,True
control,20260917,Bearing1_3,149,4.464505434036255,11.45596981048584,True
control,20260917,Bearing1_3,150,4.474000692367554,11.52641487121582,True
control,20260917,Bearing1_3,151,4.482992315292359,11.595991134643555,True
control,20260917,Bearing1_3,152,4.491513776779175,11.667482376098633,True
control,20260917,Bearing1_3,153,4.499505519866943,11.73086929321289,True
control,20260917,Bearing1_3,154,4.5071454524993895,11.797297477722168,True
control,20260917,Bearing1_3,155,4.5138866901397705,11.838257789611816,True
control,20260917,Bearing1_3,156,4.5201622486114506,11.889074325561523,True
control,20260917,Bearing1_3,157,4.526116895675659,11.943402290344238,True
control,20260917,Bearing1_4,0,,,False
control,20260917,Bearing1_4,1,,,False
control,20260917,Bearing1_4,2,,,False
control,20260917,Bearing1_4,3,,,False
control,20260917,Bearing1_4,4,,,False
control,20260917,Bearing1_4,5,,,False
control,20260917,Bearing1_4,6,,,False
control,20260917,Bearing1_4,7,,,False
control,20260917,Bearing1_4,8,,,False
control,20260917,Bearing1_4,9,,,False
control,20260917,Bearing1_4,10,,,False
control,20260917,Bearing1_4,11,,,False
control,20260917,Bearing1_4,12,,,False
control,20260917,Bearing1_4,13,,,False
control,20260917,Bearing1_4,14,,,False
control,20260917,Bearing1_4,15,0.1668384075164795,0.7088103294372559,False
control,20260917,Bearing1_4,16,0.16882432252168655,0.7214310169219971,False
control,20260917,Bearing1_4,17,0.17099847892920175,0.743253231048584,False
control,20260917,Bearing1_4,18,0.170237485319376,0.7358604669570923,False
control,20260917,Bearing1_4,19,0.17064246535301208,0.739304780960083,False
control,20260917,Bearing1_4,20,0.17621606836716333,0.7860205173492432,False
control,20260917,Bearing1_4,21,0.1763698628970555,0.7796124815940857,False
control,20260917,Bearing1_4,22,0.18002327531576157,0.8102059364318848,False
control,20260917,Bearing1_4,23,0.1821221129761802,0.8232985138893127,False
control,20260917,Bearing1_4,24,0.1841844603419304,0.83753901720047,False
control,20260917,Bearing1_4,25,0.19054441303014755,0.8887463808059692,True
control,20260917,Bearing1_4,26,0.1958075299859047,0.9267333745956421,True
control,20260917,Bearing1_4,27,0.19964761435985565,0.951966404914856,True
control,20260917,Bearing1_4,28,0.20285226553678512,0.9738384485244751,True
control,20260917,Bearing1_4,29,0.20237582921981812,0.965939998626709,True
control,20260917,Bearing1_4,30,0.1985086128115654,0.9335775375366211,True
control,20260917,Bearing1_4,31,0.19547795206308366,0.9147068858146667,True
control,20260917,Bearing1_4,32,0.19193644374608992,0.8890458941459656,True
control,20260917,Bearing1_4,33,0.18847401142120362,0.8653548359870911,True
control,20260917,Bearing1_4,34,0.18401172906160354,0.8322417140007019,True
control,20260917,Bearing1_4,35,0.17808036655187606,0.7850996255874634,True
control,20260917,Bearing1_4,36,0.1703777939081192,0.7281469702720642,True
control,20260917,Bearing1_4,37,0.16800384670495988,0.7169775366783142,True
control,20260917,Bearing1_4,38,0.1696796417236328,0.7350538969039917,True
control,20260917,Bearing1_4,39,0.17229119092226028,0.7554903030395508,True
control,20260917,Bearing1_4,40,0.17477652430534363,0.7737849950790405,True
control,20260917,Bearing1_4,41,0.17820422649383544,0.7993320822715759,True
control,20260917,Bearing1_4,42,0.1764774426817894,0.783850908279419,True
control,20260917,Bearing1_4,43,0.1787361681461334,0.8042105436325073,True
control,20260917,Bearing1_4,44,0.17928402721881867,0.8071917295455933,True
control,20260917,Bearing1_4,45,0.1794427067041397,0.8089665174484253,True
control,20260917,Bearing1_4,46,0.1797608956694603,0.812219500541687,True
control,20260917,Bearing1_4,47,0.17396831810474395,0.7659511566162109,True
control,20260917,Bearing1_4,48,0.1616500586271286,0.675674557685852,True
control,20260917,Bearing1_4,49,0.14902045875787734,0.601828932762146,True
control,20260917,Bearing1_4,50,0.13776418566703796,0.5883620381355286,True
control,20260917,Bearing1_4,51,0.13065784350037574,0.5863317847251892,True
control,20260917,Bearing1_4,52,0.12605178877711296,0.6011521816253662,True
control,20260917,Bearing1_4,53,0.12391413226723672,0.6152285933494568,True
control,20260917,Bearing1_4,54,0.12312150672078133,0.6422220468521118,True
control,20260917,Bearing1_4,55,0.11835572794079781,0.6445112824440002,True
control,20260917,Bearing1_4,56,0.12227819785475731,0.7017807364463806,True
control,20260917,Bearing1_4,57,0.12791037037968636,0.7624011039733887,True
control,20260917,Bearing1_4,58,0.13569950982928275,0.8411428332328796,True
control,20260917,Bearing1_4,59,0.1459064655005932,0.9269609451293945,True
control,20260917,Bearing1_4,60,0.15825940445065498,0.9680719375610352,True
control,20260917,Bearing1_4,61,0.15905628651380538,0.959875762462616,True
control,20260917,Bearing1_4,62,0.16218594312667847,0.9746609926223755,True
control,20260917,Bearing1_4,63,0.16116665154695511,0.9666208028793335,True
control,20260917,Bearing1_4,64,0.16296984404325485,0.9760079383850098,True
control,20260917,Bearing1_4,65,0.17042195945978164,1.0105483531951904,True
control,20260917,Bearing1_4,66,0.1720978856086731,1.0093294382095337,True
control,20260917,Bearing1_4,67,0.17358753681182862,1.0155646800994873,True
control,20260917,Bearing1_4,68,0.17776180654764176,1.0318629741668701,True
control,20260917,Bearing1_4,69,0.1827965572476387,1.0514270067214966,True
control,20260917,Bearing1_4,70,0.18597892820835113,1.061556100845337,True
control,20260917,Bearing1_4,71,0.19377434104681016,1.0975370407104492,True
control,20260917,Bearing1_4,72,0.20252478569746019,1.1302193403244019,True
control,20260917,Bearing1_4,73,0.20871507823467256,1.1522597074508667,True
control,20260917,Bearing1_4,74,0.21856290251016616,1.1939268112182617,True
control,20260917,Bearing1_4,75,0.2230016678571701,1.2046382427215576,True
control,20260917,Bearing1_4,76,0.2298704758286476,1.2338099479675293,True
control,20260917,Bearing1_4,77,0.23693209141492844,1.258721113204956,True
control,20260917,Bearing1_4,78,0.24313469976186752,1.2809555530548096,True
control,20260917,Bearing1_4,79,0.25379869490861895,1.3216054439544678,True
control,20260917,Bearing1_4,80,0.2842224821448326,1.4375393390655518,True
control,20260917,Bearing1_4,81,0.32640968561172484,1.5790953636169434,True
control,20260917,Bearing1_4,82,0.37042309194803236,1.71065354347229,True
control,20260917,Bearing1_4,83,0.43356008976697924,1.9038406610488892,True
control,20260917,Bearing1_4,84,0.5059172138571739,2.093987226486206,True
control,20260917,Bearing1_4,85,0.5914566546678544,2.321211338043213,True
control,20260917,Bearing1_4,86,0.6684525609016418,2.5015010833740234,True
control,20260917,Bearing1_4,87,0.7630466043949127,2.747267246246338,True
control,20260917,Bearing1_4,88,0.8659586668014526,2.9955759048461914,True
control,20260917,Bearing1_4,89,0.9831200361251831,3.27009916305542,True
control,20260917,Bearing1_4,90,1.0732057631015777,3.420185089111328,True
control,20260917,Bearing1_4,91,1.1431473255157472,3.535419464111328,True
control,20260917,Bearing1_4,92,1.2085019946098328,3.6597187519073486,True
control,20260917,Bearing1_4,93,1.2510907411575318,3.7142512798309326,True
control,20260917,Bearing1_4,94,1.2727620124816894,3.729818820953369,True
control,20260917,Bearing1_4,95,1.272840178012848,3.705462694168091,True
control,20260917,Bearing1_4,96,1.2766872882843017,3.7156035900115967,True
control,20260917,Bearing1_4,97,1.2660826802253724,3.6765060424804688,True
control,20260917,Bearing1_4,98,1.2465182900428773,3.630460262298584,True
control,20260917,Bearing1_4,99,1.203042495250702,3.522688388824463,True
control,20260917,Bearing1_4,100,1.161418581008911,3.451220989227295,True
control,20260917,Bearing1_4,101,1.135024333000183,3.4221482276916504,True
control,20260917,Bearing1_4,102,1.1040883183479309,3.3616557121276855,True
control,20260917,Bearing1_4,103,1.0708868503570557,3.298497438430786,True
control,20260917,Bearing1_4,104,1.0503851890563964,3.2771995067596436,True
control,20260917,Bearing1_4,105,1.0391524255275726,3.2642276287078857,True
control,20260917,Bearing1_4,106,1.0348542511463166,3.2639148235321045,True
control,20260917,Bearing1_4,107,1.0215046763420106,3.230133533477783,True
control,20260917,Bearing1_4,108,1.0019375324249267,3.186040163040161,True
control,20260917,Bearing1_4,109,0.9967630743980408,3.1933584213256836,True
control,20260917,Bearing1_4,110,0.992186325788498,3.1855530738830566,True
control,20260917,Bearing1_4,111,0.9861103415489196,3.1730644702911377,True
control,20260917,Bearing1_4,112,0.9843537509441376,3.17279052734375,True
control,20260917,Bearing1_4,113,0.9839677095413208,3.1737430095672607,True
control,20260917,Bearing1_4,114,0.9721992909908295,3.1373066902160645,True
control,20260917,Bearing1_4,115,0.960921460390091,3.116856336593628,True
control,20260917,Bearing1_4,116,0.9453105926513672,3.0813190937042236,True
control,20260917,Bearing1_4,117,0.9370281040668488,3.0717363357543945,True
control,20260917,Bearing1_4,118,0.9385149955749512,3.0862514972686768,True
control,20260917,Bearing1_4,119,0.9212701082229614,3.031668186187744,True
control,20260917,Bearing1_4,120,0.9214774429798126,3.053175210952759,True
control,20260917,Bearing1_4,121,1.0112119913101196,3.964373826980591,True
control,20260917,Bearing1_5,0,,,False
control,20260917,Bearing1_5,1,,,False
control,20260917,Bearing1_5,2,,,False
control,20260917,Bearing1_5,3,,,False
control,20260917,Bearing1_5,4,,,False
control,20260917,Bearing1_5,5,,,False
control,20260917,Bearing1_5,6,,,False
control,20260917,Bearing1_5,7,,,False
control,20260917,Bearing1_5,8,,,False
control,20260917,Bearing1_5,9,,,False
control,20260917,Bearing1_5,10,,,False
control,20260917,Bearing1_5,11,,,False
control,20260917,Bearing1_5,12,,,False
control,20260917,Bearing1_5,13,,,False
control,20260917,Bearing1_5,14,,,False
control,20260917,Bearing1_5,15,0.09566082805395126,0.24039682745933533,False
control,20260917,Bearing1_5,16,0.09002431482076645,0.21456581354141235,False
control,20260917,Bearing1_5,17,0.08515485127766927,0.18511275947093964,False
control,20260917,Bearing1_5,18,0.08046969957649708,0.1628047525882721,False
control,20260917,Bearing1_5,19,0.0771930068731308,0.14656177163124084,False
control,20260917,Bearing1_5,20,0.0788663017253081,0.1626031994819641,False
control,20260917,Bearing1_5,21,0.0800748925123896,0.17089197039604187,False
control,20260917,Bearing1_5,22,0.08240867499262094,0.1870369017124176,False
control,20260917,Bearing1_5,23,0.0838703562815984,0.19445426762104034,False
control,20260917,Bearing1_5,24,0.085564623773098,0.2064647227525711,False
control,20260917,Bearing1_5,25,0.08693224638700485,0.2184201031923294,True
control,20260917,Bearing1_5,26,0.08989770188927651,0.23768582940101624,True
control,20260917,Bearing1_5,27,0.09128067269921303,0.24487194418907166,True
control,20260917,Bearing1_5,28,0.09304089471697807,0.2531399428844452,True
control,20260917,Bearing1_5,29,0.0918382067233324,0.25110000371932983,True
control,20260917,Bearing1_5,30,0.08715560138225556,0.23674461245536804,True
control,20260917,Bearing1_5,31,0.08179237507283688,0.22944529354572296,True
control,20260917,Bearing1_5,32,0.07481628712266683,0.21901337802410126,True
control,20260917,Bearing1_5,33,0.0720093360170722,0.25595250725746155,True
control,20260917,Bearing1_5,34,0.08963224198669195,0.3869186043739319,True
control,20260917,Bearing1_5,35,0.1280598459765315,0.5824579000473022,True
control,20260917,Bearing1_5,36,0.19759080838412046,0.8678755760192871,True
control,20260917,Bearing1_5,37,0.2993795840069652,1.2316941022872925,True
control,20260917,Bearing1_5,38,0.4236660188063979,1.6269619464874268,True
control,20260917,Bearing1_5,39,0.5966261746361852,2.1514694690704346,True
control,20260917,Bearing1_5,40,0.8107928140088916,2.7388739585876465,True
control,20260917,Bearing1_5,41,1.0607635216787457,3.379429578781128,True
control,20260917,Bearing1_5,42,1.3373295776546001,4.051156520843506,True
control,20260917,Bearing1_5,43,1.6268185943365097,4.6873779296875,True
control,20260917,Bearing1_5,44,1.9060936599969864,5.227301597595215,True
control,20260917,Bearing1_5,45,2.171699196100235,5.704980850219727,True
control,20260917,Bearing1_5,46,2.411616826057434,6.095523357391357,True
control,20260917,Bearing1_5,47,2.625903511047363,6.426583290100098,True
control,20260917,Bearing1_5,48,2.821570670604706,6.730257987976074,True
control,20260917,Bearing1_5,49,2.974129319190979,6.919267177581787,True
control,20260917,Bearing1_5,50,3.0901215791702272,7.054939270019531,True
control,20260917,Bearing1_5,51,3.174279975891113,7.141772270202637,True
ranking,20260917,Bearing1_1,0,,,False
ranking,20260917,Bearing1_1,1,,,False
ranking,20260917,Bearing1_1,2,,,False
ranking,20260917,Bearing1_1,3,,,False
ranking,20260917,Bearing1_1,4,,,False
ranking,20260917,Bearing1_1,5,,,False
ranking,20260917,Bearing1_1,6,,,False
ranking,20260917,Bearing1_1,7,,,False
ranking,20260917,Bearing1_1,8,,,False
ranking,20260917,Bearing1_1,9,,,False
ranking,20260917,Bearing1_1,10,,,False
ranking,20260917,Bearing1_1,11,,,False
ranking,20260917,Bearing1_1,12,,,False
ranking,20260917,Bearing1_1,13,,,False
ranking,20260917,Bearing1_1,14,,,False
ranking,20260917,Bearing1_1,15,0.3198354244232178,1.5807108879089355,False
ranking,20260917,Bearing1_1,16,0.3400138169527054,1.6577584743499756,False
ranking,20260917,Bearing1_1,17,0.3714669545491536,1.7724541425704956,False
ranking,20260917,Bearing1_1,18,0.38226085901260376,1.791355013847351,False
ranking,20260917,Bearing1_1,19,0.3929013252258301,1.8241615295410156,False
ranking,20260917,Bearing1_1,20,0.400195653239886,1.8423190116882324,False
ranking,20260917,Bearing1_1,21,0.42564853174345835,1.9324582815170288,False
ranking,20260917,Bearing1_1,22,0.4259744994342327,1.904271125793457,False
ranking,20260917,Bearing1_1,23,0.4394540952311622,1.955491542816162,False
ranking,20260917,Bearing1_1,24,0.46030263006687167,2.016653537750244,False
ranking,20260917,Bearing1_1,25,0.4872646540403366,2.0861611366271973,True
ranking,20260917,Bearing1_1,26,0.5114334225654602,2.1498563289642334,True
ranking,20260917,Bearing1_1,27,0.5469927877187729,2.2521233558654785,True
ranking,20260917,Bearing1_1,28,0.572907629609108,2.3072562217712402,True
ranking,20260917,Bearing1_1,29,0.6025826066732407,2.38350248336792,True
ranking,20260917,Bearing1_1,30,0.6425789535045624,2.4891350269317627,True
ranking,20260917,Bearing1_1,31,0.6671219110488892,2.5230562686920166,True
ranking,20260917,Bearing1_1,32,0.6953202188014984,2.598602533340454,True
ranking,20260917,Bearing1_1,33,0.713941240310669,2.630685806274414,True
ranking,20260917,Bearing1_1,34,0.7424817681312561,2.710963010787964,True
ranking,20260917,Bearing1_1,35,0.7870225250720978,2.825164794921875,True
ranking,20260917,Bearing1_1,36,0.8067691147327423,2.8423752784729004,True
ranking,20260917,Bearing1_1,37,0.8237760901451111,2.8731236457824707,True
ranking,20260917,Bearing1_1,38,0.8407775342464447,2.910956621170044,True
ranking,20260917,Bearing1_1,39,0.848174101114273,2.9132370948791504,True
ranking,20260917,Bearing1_1,40,0.8722139477729798,2.988157033920288,True
ranking,20260917,Bearing1_1,41,0.8815557897090912,2.992945909500122,True
ranking,20260917,Bearing1_1,42,0.8885991632938385,3.006256341934204,True
ranking,20260917,Bearing1_1,43,0.8814890801906585,2.9723997116088867,True
ranking,20260917,Bearing1_1,44,0.882811862230301,2.983635663986206,True
ranking,20260917,Bearing1_1,45,0.8613970220088959,2.9101014137268066,True
ranking,20260917,Bearing1_1,46,0.8831290245056153,3.008561849594116,True
ranking,20260917,Bearing1_1,47,0.8833950281143188,2.98543119430542,True
ranking,20260917,Bearing1_1,48,0.8747352063655853,2.957216739654541,True
ranking,20260917,Bearing1_1,49,0.8670053064823151,2.942250967025757,True
ranking,20260917,Bearing1_1,50,0.8427490830421448,2.8719143867492676,True
ranking,20260917,Bearing1_1,51,0.8245153248310089,2.8390073776245117,True
ranking,20260917,Bearing1_1,52,0.8239689707756043,2.8607239723205566,True
ranking,20260917,Bearing1_1,53,0.8389882206916809,2.918579578399658,True
ranking,20260917,Bearing1_1,54,0.8204263746738434,2.838043689727783,True
ranking,20260917,Bearing1_1,55,0.8201325833797455,2.8651576042175293,True
ranking,20260917,Bearing1_1,56,0.8097094237804413,2.830383777618408,True
ranking,20260917,Bearing1_1,57,0.7947835564613343,2.791140556335449,True
ranking,20260917,Bearing1_1,58,0.8020170271396637,2.8315210342407227,True
ranking,20260917,Bearing1_1,59,0.812201201915741,2.8610920906066895,True
ranking,20260917,Bearing1_1,60,0.8110384583473206,2.8378734588623047,True
ranking,20260917,Bearing1_1,61,0.8251511514186859,2.890111207962036,True
ranking,20260917,Bearing1_1,62,0.8228653967380524,2.860776662826538,True
ranking,20260917,Bearing1_1,63,0.8126669943332672,2.822263240814209,True
ranking,20260917,Bearing1_1,64,0.8289370357990264,2.8921995162963867,True
ranking,20260917,Bearing1_1,65,0.8405202388763428,2.905261993408203,True
ranking,20260917,Bearing1_1,66,0.8554477691650391,2.9361257553100586,True
ranking,20260917,Bearing1_1,67,0.8793283522129058,2.9966444969177246,True
ranking,20260917,Bearing1_1,68,0.9055965721607209,3.0515329837799072,True
ranking,20260917,Bearing1_1,69,0.9416086733341217,3.1310858726501465,True
ranking,20260917,Bearing1_1,70,0.998062252998352,3.2682323455810547,True
ranking,20260917,Bearing1_1,71,1.0700005888938904,3.4203429222106934,True
ranking,20260917,Bearing1_1,72,1.1760990738868713,3.6565468311309814,True
ranking,20260917,Bearing1_1,73,1.305260145664215,3.9176220893859863,True
ranking,20260917,Bearing1_1,74,1.4364386022090911,4.141284465789795,True
ranking,20260917,Bearing1_1,75,1.5976071119308473,4.470841407775879,True
ranking,20260917,Bearing1_1,76,1.756986391544342,4.734234809875488,True
ranking,20260917,Bearing1_1,77,1.9457353591918944,5.116789817810059,True
ranking,20260917,Bearing1_1,78,2.1670153379440307,5.714841365814209,True
ranking,20260917,Bearing1_1,79,2.402498388290405,6.293141841888428,True
ranking,20260917,Bearing1_1,80,2.6348632097244264,6.830620765686035,True
ranking,20260917,Bearing1_1,81,2.8578632354736326,7.326503753662109,True
ranking,20260917,Bearing1_1,82,3.0673202514648437,7.793318271636963,True
ranking,20260917,Bearing1_1,83,3.264594078063965,8.245183944702148,True
ranking,20260917,Bearing1_1,84,3.443602776527405,8.652021408081055,True
ranking,20260917,Bearing1_1,85,3.595568037033081,8.983538627624512,True
ranking,20260917,Bearing1_1,86,3.7395427227020264,9.340927124023438,True
ranking,20260917,Bearing1_1,87,3.857605981826782,9.600300788879395,True
ranking,20260917,Bearing1_1,88,3.941184401512146,9.630768775939941,True
ranking,20260917,Bearing1_1,89,4.002521967887878,9.660893440246582,True
ranking,20260917,Bearing1_1,90,4.048914003372192,9.684713363647461,True
ranking,20260917,Bearing1_1,91,4.08505642414093,9.707818984985352,True
ranking,20260917,Bearing1_1,92,4.11416642665863,9.734452247619629,True
ranking,20260917,Bearing1_1,93,4.137615585327149,9.750935554504395,True
ranking,20260917,Bearing1_1,94,4.156872320175171,9.766923904418945,True
ranking,20260917,Bearing1_1,95,4.1730695247650145,9.78254508972168,True
ranking,20260917,Bearing1_1,96,4.18688645362854,9.799245834350586,True
ranking,20260917,Bearing1_1,97,4.198951673507691,9.816034317016602,True
ranking,20260917,Bearing1_1,98,4.209455251693726,9.830093383789062,True
ranking,20260917,Bearing1_1,99,4.2186298847198485,9.842700958251953,True
ranking,20260917,Bearing1_1,100,4.22651162147522,9.852789878845215,True
ranking,20260917,Bearing1_1,101,4.233620071411133,9.866508483886719,True
ranking,20260917,Bearing1_1,102,4.23986701965332,9.876221656799316,True
ranking,20260917,Bearing1_1,103,4.245451021194458,9.885843276977539,True
ranking,20260917,Bearing1_1,104,4.25039644241333,9.894556045532227,True
ranking,20260917,Bearing1_1,105,4.254718685150147,9.902055740356445,True
ranking,20260917,Bearing1_1,106,4.258503484725952,9.906930923461914,True
ranking,20260917,Bearing1_1,107,4.261746406555176,9.911271095275879,True
ranking,20260917,Bearing1_1,108,4.264575862884522,9.916345596313477,True
ranking,20260917,Bearing1_1,109,4.26716046333313,9.922260284423828,True
ranking,20260917,Bearing1_1,110,4.269754076004029,9.92956829071045,True
ranking,20260917,Bearing1_1,111,4.272112894058227,9.93623161315918,True
ranking,20260917,Bearing1_1,112,4.27437014579773,9.942983627319336,True
ranking,20260917,Bearing1_1,113,4.276396036148071,9.94914436340332,True
ranking,20260917,Bearing1_1,114,4.278471517562866,9.957662582397461,True
ranking,20260917,Bearing1_1,115,4.280473423004151,9.966322898864746,True
ranking,20260917,Bearing1_1,116,4.282438564300537,9.976485252380371,True
ranking,20260917,Bearing1_1,117,4.2841967105865475,9.981118202209473,True
ranking,20260917,Bearing1_1,118,4.286037826538086,9.990734100341797,True
ranking,20260917,Bearing1_1,119,4.287767028808593,9.998408317565918,True
ranking,20260917,Bearing1_1,120,4.289339971542359,10.007654190063477,True
ranking,20260917,Bearing1_1,121,4.291107606887818,10.021825790405273,True
ranking,20260917,Bearing1_1,122,4.293590450286866,10.055891036987305,True
ranking,20260917,Bearing1_2,0,,,False
ranking,20260917,Bearing1_2,1,,,False
ranking,20260917,Bearing1_2,2,,,False
ranking,20260917,Bearing1_2,3,,,False
ranking,20260917,Bearing1_2,4,,,False
ranking,20260917,Bearing1_2,5,,,False
ranking,20260917,Bearing1_2,6,,,False
ranking,20260917,Bearing1_2,7,,,False
ranking,20260917,Bearing1_2,8,,,False
ranking,20260917,Bearing1_2,9,,,False
ranking,20260917,Bearing1_2,10,,,False
ranking,20260917,Bearing1_2,11,,,False
ranking,20260917,Bearing1_2,12,,,False
ranking,20260917,Bearing1_2,13,,,False
ranking,20260917,Bearing1_2,14,,,False
ranking,20260917,Bearing1_2,15,0.07654228061437607,0.28526145219802856,False
ranking,20260917,Bearing1_2,16,0.08938535675406456,0.33863717317581177,False
ranking,20260917,Bearing1_2,17,0.09146252274513245,0.3369918167591095,False
ranking,20260917,Bearing1_2,18,0.08985680527985096,0.3128265142440796,False
ranking,20260917,Bearing1_2,19,0.08946669101715088,0.30707186460494995,False
ranking,20260917,Bearing1_2,20,0.09220773975054423,0.3245510160923004,False
ranking,20260917,Bearing1_2,21,0.09913516044616699,0.37369781732559204,False
ranking,20260917,Bearing1_2,22,0.09995376039296389,0.3691544830799103,False
ranking,20260917,Bearing1_2,23,0.09717569251855214,0.34606561064720154,False
ranking,20260917,Bearing1_2,24,0.09305907897651196,0.31720349192619324,False
ranking,20260917,Bearing1_2,25,0.09260011352598667,0.3088708519935608,True
ranking,20260917,Bearing1_2,26,0.0861228559166193,0.27766385674476624,True
ranking,20260917,Bearing1_2,27,0.08240694999694824,0.25814175605773926,True
ranking,20260917,Bearing1_2,28,0.08106655180454254,0.2535565495491028,True
ranking,20260917,Bearing1_2,29,0.07974079400300979,0.24510768055915833,True
ranking,20260917,Bearing1_2,30,0.0742788515985012,0.20635986328125,True
ranking,20260917,Bearing1_2,31,0.07603086903691292,0.22801204025745392,True
ranking,20260917,Bearing1_2,32,0.08482067286968231,0.2993956506252289,True
ranking,20260917,Bearing1_2,33,0.0916032113134861,0.3392033874988556,True
ranking,20260917,Bearing1_2,34,0.09524996541440486,0.35770612955093384,True
ranking,20260917,Bearing1_2,35,0.09601020030677318,0.3594352602958679,True
ranking,20260917,Bearing1_2,36,0.09415043741464615,0.3905980587005615,True
ranking,20260917,Bearing1_2,37,0.10315979681909085,0.48257318139076233,True
ranking,20260917,Bearing1_2,38,0.1310173649340868,0.6446975469589233,True
ranking,20260917,Bearing1_2,39,0.16078116111457347,0.7947391271591187,True
ranking,20260917,Bearing1_2,40,0.20375908948481083,1.0049968957901,True
ranking,20260917,Bearing1_2,41,0.21369833536446095,1.0200814008712769,True
ranking,20260917,Bearing1_2,42,0.22747021801769735,1.077039361000061,True
ranking,20260917,Bearing1_2,43,0.27303365506231786,1.2806894779205322,True
ranking,20260917,Bearing1_2,44,0.30827205069363117,1.4274730682373047,True
ranking,20260917,Bearing1_2,45,0.41142489202320576,1.8285572528839111,True
ranking,20260917,Bearing1_2,46,0.56649701744318,2.2739763259887695,True
ranking,20260917,Bearing1_2,47,0.7143699616193772,2.6045987606048584,True
ranking,20260917,Bearing1_2,48,0.7842154979705811,2.6837680339813232,True
ranking,20260917,Bearing1_2,49,0.8710351169109345,2.902519702911377,True
ranking,20260917,Bearing1_2,50,1.001310122013092,3.2194037437438965,True
ranking,20260917,Bearing1_2,51,1.1661841183900834,3.6053993701934814,True
ranking,20260917,Bearing1_2,52,1.3563789308071137,4.018645286560059,True
ranking,20260917,Bearing1_2,53,1.5409080386161804,4.352823734283447,True
ranking,20260917,Bearing1_2,54,1.7384830474853517,4.726384162902832,True
ranking,20260917,Bearing1_2,55,1.903641140460968,4.978218078613281,True
ranking,20260917,Bearing1_2,56,2.037035036087036,5.14933967590332,True
ranking,20260917,Bearing1_2,57,2.1885847449302673,5.449763774871826,True
ranking,20260917,Bearing1_2,58,2.4187328696250914,5.974964141845703,True
ranking,20260917,Bearing1_2,59,2.641406261920929,6.366019248962402,True
ranking,20260917,Bearing1_2,60,2.8228389263153075,6.661942958831787,True
ranking,20260917,Bearing1_2,61,2.9997391223907472,6.992440700531006,True
ranking,20260917,Bearing1_2,62,3.1616242647171022,7.457799434661865,True
ranking,20260917,Bearing1_2,63,3.3157896518707277,7.982438087463379,True
ranking,20260917,Bearing1_2,64,3.482413983345032,8.57821273803711,True
ranking,20260917,Bearing1_2,65,3.622202515602112,9.006579399108887,True
ranking,20260917,Bearing1_2,66,3.754214572906494,9.505128860473633,True
ranking,20260917,Bearing1_2,67,3.8671098709106446,9.911887168884277,True
ranking,20260917,Bearing1_2,68,3.96287362575531,10.25728988647461,True
ranking,20260917,Bearing1_2,69,4.049428272247314,10.588205337524414,True
ranking,20260917,Bearing1_2,70,4.125480198860169,10.897322654724121,True
ranking,20260917,Bearing1_2,71,4.195031356811524,11.176082611083984,True
ranking,20260917,Bearing1_2,72,4.248793363571167,11.264795303344727,True
ranking,20260917,Bearing1_2,73,4.290773582458496,11.276509284973145,True
ranking,20260917,Bearing1_2,74,4.324248313903809,11.283068656921387,True
ranking,20260917,Bearing1_2,75,4.3513952732086185,11.310616493225098,True
ranking,20260917,Bearing1_2,76,4.373212671279907,11.29084300994873,True
ranking,20260917,Bearing1_2,77,4.391040372848511,11.281370162963867,True
ranking,20260917,Bearing1_2,78,4.406383037567139,11.303449630737305,True
ranking,20260917,Bearing1_2,79,4.419893550872803,11.335153579711914,True
ranking,20260917,Bearing1_2,80,4.431914138793945,11.369216918945312,True
ranking,20260917,Bearing1_2,81,4.443619918823242,11.440157890319824,True
ranking,20260917,Bearing1_2,82,4.453859901428222,11.462969779968262,True
ranking,20260917,Bearing1_2,83,4.463058614730835,11.491144180297852,True
ranking,20260917,Bearing1_2,84,4.471295499801636,11.516018867492676,True
ranking,20260917,Bearing1_2,85,4.47874960899353,11.540294647216797,True
ranking,20260917,Bearing1_2,86,4.48565444946289,11.571761131286621,True
ranking,20260917,Bearing1_2,87,4.492058897018433,11.600400924682617,True
ranking,20260917,Bearing1_2,88,4.497375440597534,11.59913444519043,True
ranking,20260917,Bearing1_2,89,4.502343940734863,11.621830940246582,True
ranking,20260917,Bearing1_2,90,4.506532049179077,11.619585037231445,True
ranking,20260917,Bearing1_2,91,4.51023006439209,11.624458312988281,True
ranking,20260917,Bearing1_2,92,4.513842582702637,11.645147323608398,True
ranking,20260917,Bearing1_2,93,4.517365217208862,11.668278694152832,True
ranking,20260917,Bearing1_2,94,4.5205179214477536,11.676806449890137,True
ranking,20260917,Bearing1_2,95,4.523682498931885,11.70338249206543,True
ranking,20260917,Bearing1_2,96,4.526606321334839,11.716262817382812,True
ranking,20260917,Bearing1_2,97,4.529347324371338,11.73249626159668,True
ranking,20260917,Bearing1_2,98,4.532217741012573,11.760726928710938,True
ranking,20260917,Bearing1_2,99,4.534884071350097,11.775721549987793,True
ranking,20260917,Bearing1_2,100,4.537390041351318,11.791133880615234,True
ranking,20260917,Bearing1_2,101,4.539688491821289,11.802267074584961,True
ranking,20260917,Bearing1_2,102,4.5418764591217045,11.818540573120117,True
ranking,20260917,Bearing1_2,103,4.543848609924316,11.827544212341309,True
ranking,20260917,Bearing1_2,104,4.545668029785157,11.837911605834961,True
ranking,20260917,Bearing1_2,105,4.547297573089599,11.843536376953125,True
ranking,20260917,Bearing1_2,106,4.548823738098145,11.853008270263672,True
ranking,20260917,Bearing1_2,107,4.550297498703003,11.863164901733398,True
ranking,20260917,Bearing1_2,108,4.5516925811767575,11.872108459472656,True
ranking,20260917,Bearing1_2,109,4.553018617630005,11.8804349899292,True
ranking,20260917,Bearing1_2,110,4.5542340755462645,11.887042999267578,True
ranking,20260917,Bearing1_2,111,4.555246448516845,11.887322425842285,True
ranking,20260917,Bearing1_2,112,4.55606780052185,11.884328842163086,True
ranking,20260917,Bearing1_2,113,4.556673955917359,11.877644538879395,True
ranking,20260917,Bearing1_2,114,4.5571154117584225,11.870767593383789,True
ranking,20260917,Bearing1_2,115,4.5575169086456295,11.869571685791016,True
ranking,20260917,Bearing1_2,116,4.55784969329834,11.867444038391113,True
ranking,20260917,Bearing1_2,117,4.5581199645996096,11.864994049072266,True
ranking,20260917,Bearing1_2,118,4.558309555053711,11.861859321594238,True
ranking,20260917,Bearing1_2,119,4.558497905731201,11.86170768737793,True
ranking,20260917,Bearing1_2,120,4.558662796020508,11.86067008972168,True
ranking,20260917,Bearing1_2,121,4.558897256851196,11.864751815795898,True
ranking,20260917,Bearing1_2,122,4.559183979034424,11.869241714477539,True
ranking,20260917,Bearing1_2,123,4.559575176239013,11.878317832946777,True
ranking,20260917,Bearing1_2,124,4.560028505325318,11.88790512084961,True
ranking,20260917,Bearing1_2,125,4.560498666763306,11.897150039672852,True
ranking,20260917,Bearing1_2,126,4.561036157608032,11.905263900756836,True
ranking,20260917,Bearing1_2,127,4.56161470413208,11.913225173950195,True
ranking,20260917,Bearing1_2,128,4.562261152267456,11.923460960388184,True
ranking,20260917,Bearing1_2,129,4.562921142578125,11.932615280151367,True
ranking,20260917,Bearing1_2,130,4.563640165328979,11.944245338439941,True
ranking,20260917,Bearing1_2,131,4.564350938796997,11.953592300415039,True
ranking,20260917,Bearing1_2,132,4.565027809143066,11.962820053100586,True
ranking,20260917,Bearing1_2,133,4.56568660736084,11.971800804138184,True
ranking,20260917,Bearing1_2,134,4.566321468353271,11.978128433227539,True
ranking,20260917,Bearing1_2,135,4.56696310043335,11.984493255615234,True
ranking,20260917,Bearing1_2,136,4.567574977874756,11.993343353271484,True
ranking,20260917,Bearing1_2,137,4.568159294128418,12.00068473815918,True
ranking,20260917,Bearing1_2,138,4.568708658218384,12.006479263305664,True
ranking,20260917,Bearing1_2,139,4.569215536117554,12.010229110717773,True
ranking,20260917,Bearing1_2,140,4.5696351528167725,12.011574745178223,True
ranking,20260917,Bearing1_2,141,4.569979286193847,12.011935234069824,True
ranking,20260917,Bearing1_2,142,4.5702681064605715,12.012174606323242,True
ranking,20260917,Bearing1_2,143,4.570458316802979,12.008977890014648,True
ranking,20260917,Bearing1_2,144,4.570603561401367,12.008056640625,True
ranking,20260917,Bearing1_2,145,4.57071623802185,12.007669448852539,True
ranking,20260917,Bearing1_2,146,4.570857858657837,12.011397361755371,True
ranking,20260917,Bearing1_2,147,4.57106294631958,12.01823902130127,True
ranking,20260917,Bearing1_2,148,4.571321868896485,12.026178359985352,True
ranking,20260917,Bearing1_2,149,4.571654272079468,12.03605842590332,True
ranking,20260917,Bearing1_2,150,4.572075366973877,12.048206329345703,True
ranking,20260917,Bearing1_2,151,4.572595548629761,12.062789916992188,True
ranking,20260917,Bearing1_2,152,4.573198318481445,12.077611923217773,True
ranking,20260917,Bearing1_2,153,4.5739044666290285,12.094331741333008,True
ranking,20260917,Bearing1_2,154,4.5746721744537355,12.111272811889648,True
ranking,20260917,Bearing1_2,155,4.5754753112792965,12.128435134887695,True
ranking,20260917,Bearing1_2,156,4.576258897781372,12.139823913574219,True
ranking,20260917,Bearing1_2,157,4.576999950408935,12.150111198425293,True
ranking,20260917,Bearing1_2,158,4.577731943130493,12.162088394165039,True
ranking,20260917,Bearing1_2,159,4.5784525871276855,12.174339294433594,True
ranking,20260917,Bearing1_2,160,4.579275035858155,12.196332931518555,True
ranking,20260917,Bearing1_3,0,,,False
ranking,20260917,Bearing1_3,1,,,False
ranking,20260917,Bearing1_3,2,,,False
ranking,20260917,Bearing1_3,3,,,False
ranking,20260917,Bearing1_3,4,,,False
ranking,20260917,Bearing1_3,5,,,False
ranking,20260917,Bearing1_3,6,,,False
ranking,20260917,Bearing1_3,7,,,False
ranking,20260917,Bearing1_3,8,,,False
ranking,20260917,Bearing1_3,9,,,False
ranking,20260917,Bearing1_3,10,,,False
ranking,20260917,Bearing1_3,11,,,False
ranking,20260917,Bearing1_3,12,,,False
ranking,20260917,Bearing1_3,13,,,False
ranking,20260917,Bearing1_3,14,,,False
ranking,20260917,Bearing1_3,15,0.02627430111169815,0.09610585123300552,False
ranking,20260917,Bearing1_3,16,0.02628549002110958,0.0979515016078949,False
ranking,20260917,Bearing1_3,17,0.024268689875801403,0.11188552528619766,False
ranking,20260917,Bearing1_3,18,0.028856531251221895,0.19195203483104706,False
ranking,20260917,Bearing1_3,19,0.035381149128079416,0.2496413290500641,False
ranking,20260917,Bearing1_3,20,0.041366660657028355,0.2976231276988983,False
ranking,20260917,Bearing1_3,21,0.044427157778825076,0.32334375381469727,False
ranking,20260917,Bearing1_3,22,0.050355033250525594,0.363003671169281,False
ranking,20260917,Bearing1_3,23,0.05600757089753946,0.39680683612823486,False
ranking,20260917,Bearing1_3,24,0.057545840926468375,0.40596818923950195,False
ranking,20260917,Bearing1_3,25,0.06135016698390246,0.44603413343429565,True
ranking,20260917,Bearing1_3,26,0.06470123808830977,0.48278871178627014,True
ranking,20260917,Bearing1_3,27,0.07001446783542634,0.5246332883834839,True
ranking,20260917,Bearing1_3,28,0.07282285019755363,0.5325088500976562,True
ranking,20260917,Bearing1_3,29,0.07427945956587792,0.5418086647987366,True
ranking,20260917,Bearing1_3,30,0.0725676953792572,0.5311185717582703,True
ranking,20260917,Bearing1_3,31,0.07384259775280952,0.5400959849357605,True
ranking,20260917,Bearing1_3,32,0.07105056792497635,0.5241339206695557,True
ranking,20260917,Bearing1_3,33,0.06502357199788093,0.49486055970191956,True
ranking,20260917,Bearing1_3,34,0.06145128719508648,0.48195284605026245,True
ranking,20260917,Bearing1_3,35,0.05945512242615223,0.4731990396976471,True
ranking,20260917,Bearing1_3,36,0.05848131515085697,0.4700429439544678,True
ranking,20260917,Bearing1_3,37,0.0530497157946229,0.43677911162376404,True
ranking,20260917,Bearing1_3,38,0.04741078792139888,0.40674981474876404,True
ranking,20260917,Bearing1_3,39,0.04172522453591228,0.3634348511695862,True
ranking,20260917,Bearing1_3,40,0.03797401050105691,0.3419404625892639,True
ranking,20260917,Bearing1_3,41,0.032733533438295125,0.31601279973983765,True
ranking,20260917,Bearing1_3,42,0.028441571909934283,0.29687851667404175,True
ranking,20260917,Bearing1_3,43,0.02624007249251008,0.27328991889953613,True
ranking,20260917,Bearing1_3,44,0.02438920857384801,0.26569926738739014,True
ranking,20260917,Bearing1_3,45,0.021479856688529253,0.24532660841941833,True
ranking,20260917,Bearing1_3,46,0.01794407460838556,0.22126677632331848,True
ranking,20260917,Bearing1_3,47,0.017855264805257322,0.22592201828956604,True
ranking,20260917,Bearing1_3,48,0.018366604577749968,0.23301632702350616,True
ranking,20260917,Bearing1_3,49,0.020921090524643658,0.2640635371208191,True
ranking,20260917,Bearing1_3,50,0.02134625455364585,0.26839303970336914,True
ranking,20260917,Bearing1_3,51,0.02055870173498988,0.260709673166275,True
ranking,20260917,Bearing1_3,52,0.02098496360704303,0.2409464418888092,True
ranking,20260917,Bearing1_3,53,0.0217889248393476,0.2398112565279007,True
ranking,20260917,Bearing1_3,54,0.022859639767557383,0.2243357002735138,True
ranking,20260917,Bearing1_3,55,0.02373343938961625,0.221642404794693,True
ranking,20260917,Bearing1_3,56,0.02592240571975708,0.21273675560951233,True
ranking,20260917,Bearing1_3,57,0.02684403583407402,0.20010140538215637,True
ranking,20260917,Bearing1_3,58,0.031009751372039318,0.2282659262418747,True
ranking,20260917,Bearing1_3,59,0.037972149811685084,0.2614142596721649,True
ranking,20260917,Bearing1_3,60,0.05357378460466862,0.33968767523765564,True
ranking,20260917,Bearing1_3,61,0.06645748931914568,0.39857912063598633,True
ranking,20260917,Bearing1_3,62,0.08162347488105297,0.49215373396873474,True
ranking,20260917,Bearing1_3,63,0.09754318855702877,0.5827553272247314,True
ranking,20260917,Bearing1_3,64,0.1105468476191163,0.6578611135482788,True
ranking,20260917,Bearing1_3,65,0.12275694850832224,0.7243267893791199,True
ranking,20260917,Bearing1_3,66,0.13906371202319862,0.8289670944213867,True
ranking,20260917,Bearing1_3,67,0.15898771844804288,0.9335963129997253,True
ranking,20260917,Bearing1_3,68,0.17643094733357428,0.9984180331230164,True
ranking,20260917,Bearing1_3,69,0.18902675807476044,1.043195366859436,True
ranking,20260917,Bearing1_3,70,0.19503406137228013,1.0598777532577515,True
ranking,20260917,Bearing1_3,71,0.21317170262336732,1.1402089595794678,True
ranking,20260917,Bearing1_3,72,0.23677770793437958,1.2273310422897339,True
ranking,20260917,Bearing1_3,73,0.25923513770103457,1.3009507656097412,True
ranking,20260917,Bearing1_3,74,0.28890386670827867,1.4089953899383545,True
ranking,20260917,Bearing1_3,75,0.32186931669712066,1.5256640911102295,True
ranking,20260917,Bearing1_3,76,0.3532318890094757,1.6214338541030884,True
ranking,20260917,Bearing1_3,77,0.38524138927459717,1.7220561504364014,True
ranking,20260917,Bearing1_3,78,0.4201814293861389,1.8324544429779053,True
ranking,20260917,Bearing1_3,79,0.45023505240678785,1.9202083349227905,True
ranking,20260917,Bearing1_3,80,0.4862648695707321,2.035616397857666,True
ranking,20260917,Bearing1_3,81,0.5134657502174378,2.101930856704712,True
ranking,20260917,Bearing1_3,82,0.5366115510463715,2.1585476398468018,True
ranking,20260917,Bearing1_3,83,0.5640070796012878,2.2383193969726562,True
ranking,20260917,Bearing1_3,84,0.5872115939855576,2.294520378112793,True
ranking,20260917,Bearing1_3,85,0.6092590808868408,2.349029064178467,True
ranking,20260917,Bearing1_3,86,0.6214273869991302,2.369248390197754,True
ranking,20260917,Bearing1_3,87,0.6375294089317322,2.4143004417419434,True
ranking,20260917,Bearing1_3,88,0.6580077767372131,2.468461275100708,True
ranking,20260917,Bearing1_3,89,0.6844555735588074,2.538818836212158,True
ranking,20260917,Bearing1_3,90,0.7069766819477081,2.5864131450653076,True
ranking,20260917,Bearing1_3,91,0.7618862450122833,2.746676206588745,True
ranking,20260917,Bearing1_3,92,0.8211297810077667,2.876234292984009,True
ranking,20260917,Bearing1_3,93,0.8931238532066346,3.0356686115264893,True
ranking,20260917,Bearing1_3,94,0.9726786315441132,3.198683738708496,True
ranking,20260917,Bearing1_3,95,1.0643024623394013,3.3865132331848145,True
ranking,20260917,Bearing1_3,96,1.1624370992183686,3.583500623703003,True
ranking,20260917,Bearing1_3,97,1.250024390220642,3.7368850708007812,True
ranking,20260917,Bearing1_3,98,1.3394844472408294,3.903785228729248,True
ranking,20260917,Bearing1_3,99,1.4324167788028717,4.075682640075684,True
ranking,20260917,Bearing1_3,100,1.5303496956825255,4.258383274078369,True
ranking,20260917,Bearing1_3,101,1.6036589384078979,4.347109794616699,True
ranking,20260917,Bearing1_3,102,1.680206263065338,4.476720333099365,True
ranking,20260917,Bearing1_3,103,1.7448587536811828,4.564897060394287,True
ranking,20260917,Bearing1_3,104,1.809216320514679,4.667638301849365,True
ranking,20260917,Bearing1_3,105,1.8698984861373902,4.75877046585083,True
ranking,20260917,Bearing1_3,106,1.9391122579574585,4.876858234405518,True
ranking,20260917,Bearing1_3,107,2.0255093932151795,5.0383100509643555,True
ranking,20260917,Bearing1_3,108,2.105317032337189,5.149864673614502,True
ranking,20260917,Bearing1_3,109,2.1896249055862427,5.287394046783447,True
ranking,20260917,Bearing1_3,110,2.2769365549087524,5.427834510803223,True
ranking,20260917,Bearing1_3,111,2.349839186668396,5.514519691467285,True
ranking,20260917,Bearing1_3,112,2.4182684898376463,5.613099575042725,True
ranking,20260917,Bearing1_3,113,2.490500807762146,5.729248046875,True
ranking,20260917,Bearing1_3,114,2.554276633262634,5.810099124908447,True
ranking,20260917,Bearing1_3,115,2.605901336669922,5.86675500869751,True
ranking,20260917,Bearing1_3,116,2.658937764167786,5.954381465911865,True
ranking,20260917,Bearing1_3,117,2.700757884979248,5.999567985534668,True
ranking,20260917,Bearing1_3,118,2.7454196929931642,6.0780415534973145,True
ranking,20260917,Bearing1_3,119,2.790266752243042,6.156569480895996,True
ranking,20260917,Bearing1_3,120,2.834088587760925,6.23292875289917,True
ranking,20260917,Bearing1_3,121,2.889572286605835,6.352209568023682,True
ranking,20260917,Bearing1_3,122,2.9475874423980715,6.472907066345215,True
ranking,20260917,Bearing1_3,123,3.0101365089416503,6.619653224945068,True
ranking,20260917,Bearing1_3,124,3.083879852294922,6.802630424499512,True
ranking,20260917,Bearing1_3,125,3.1621440172195436,6.963197231292725,True
ranking,20260917,Bearing1_3,126,3.237904262542725,7.124615669250488,True
ranking,20260917,Bearing1_3,127,3.3172507524490356,7.304739475250244,True
ranking,20260917,Bearing1_3,128,3.4021645545959474,7.54428768157959,True
ranking,20260917,Bearing1_3,129,3.487586760520935,7.788665771484375,True
ranking,20260917,Bearing1_3,130,3.5680068016052244,7.984171390533447,True
ranking,20260917,Bearing1_3,131,3.6539159059524535,8.312650680541992,True
ranking,20260917,Bearing1_3,132,3.7377947330474854,8.62797737121582,True
ranking,20260917,Bearing1_3,133,3.8156742572784426,8.949365615844727,True
ranking,20260917,Bearing1_3,134,3.888873028755188,9.263168334960938,True
ranking,20260917,Bearing1_3,135,3.964590334892273,9.609502792358398,True
ranking,20260917,Bearing1_3,136,4.036125016212464,9.92905044555664,True
ranking,20260917,Bearing1_3,137,4.1043425559997555,10.243814468383789,True
ranking,20260917,Bearing1_3,138,4.163146567344666,10.488104820251465,True
ranking,20260917,Bearing1_3,139,4.2134828805923465,10.69282341003418,True
ranking,20260917,Bearing1_3,140,4.261704301834106,10.937886238098145,True
ranking,20260917,Bearing1_3,141,4.3007396221160885,11.052925109863281,True
ranking,20260917,Bearing1_3,142,4.332715940475464,11.143269538879395,True
ranking,20260917,Bearing1_3,143,4.358588027954101,11.189435005187988,True
ranking,20260917,Bearing1_3,144,4.379818534851074,11.227783203125,True
ranking,20260917,Bearing1_3,145,4.398123025894165,11.289405822753906,True
ranking,20260917,Bearing1_3,146,4.413646602630616,11.326177597045898,True
ranking,20260917,Bearing1_3,147,4.42686824798584,11.354498863220215,True
ranking,20260917,Bearing1_3,148,4.43834080696106,11.384079933166504,True
ranking,20260917,Bearing1_3,149,4.44919981956482,11.45596981048584,True
ranking,20260917,Bearing1_3,150,4.459429693222046,11.52641487121582,True
ranking,20260917,Bearing1_3,151,4.4691260814666744,11.595991134643555,True
ranking,20260917,Bearing1_3,152,4.478318738937378,11.667482376098633,True
ranking,20260917,Bearing1_3,153,4.486950778961182,11.73086929321289,True
ranking,20260917,Bearing1_3,154,4.495194768905639,11.797297477722168,True
ranking,20260917,Bearing1_3,155,4.5025286197662355,11.838257789611816,True
ranking,20260917,Bearing1_3,156,4.50937328338623,11.889074325561523,True
ranking,20260917,Bearing1_3,157,4.515870571136475,11.943402290344238,True
ranking,20260917,Bearing1_4,0,,,False
ranking,20260917,Bearing1_4,1,,,False
ranking,20260917,Bearing1_4,2,,,False
ranking,20260917,Bearing1_4,3,,,False
ranking,20260917,Bearing1_4,4,,,False
ranking,20260917,Bearing1_4,5,,,False
ranking,20260917,Bearing1_4,6,,,False
ranking,20260917,Bearing1_4,7,,,False
ranking,20260917,Bearing1_4,8,,,False
ranking,20260917,Bearing1_4,9,,,False
ranking,20260917,Bearing1_4,10,,,False
ranking,20260917,Bearing1_4,11,,,False
ranking,20260917,Bearing1_4,12,,,False
ranking,20260917,Bearing1_4,13,,,False
ranking,20260917,Bearing1_4,14,,,False
ranking,20260917,Bearing1_4,15,0.16743849217891693,0.7088103294372559,False
ranking,20260917,Bearing1_4,16,0.169413760304451,0.7214310169219971,False
ranking,20260917,Bearing1_4,17,0.17159441113471985,0.743253231048584,False
ranking,20260917,Bearing1_4,18,0.1708340346813202,0.7358604669570923,False
ranking,20260917,Bearing1_4,19,0.17124225795269013,0.739304780960083,False
ranking,20260917,Bearing1_4,20,0.17679870873689651,0.7860205173492432,False
ranking,20260917,Bearing1_4,21,0.17695531036172593,0.7796124815940857,False
ranking,20260917,Bearing1_4,22,0.18059884198009968,0.8102059364318848,False
ranking,20260917,Bearing1_4,23,0.18269615206453535,0.8232985138893127,False
ranking,20260917,Bearing1_4,24,0.18475568890571595,0.83753901720047,False
ranking,20260917,Bearing1_4,25,0.1911006048321724,0.8887463808059692,True
ranking,20260917,Bearing1_4,26,0.19635684043169022,0.9267333745956421,True
ranking,20260917,Bearing1_4,27,0.20018962323665618,0.951966404914856,True
ranking,20260917,Bearing1_4,28,0.2033904567360878,0.9738384485244751,True
ranking,20260917,Bearing1_4,29,0.20291423797607422,0.965939998626709,True
ranking,20260917,Bearing1_4,30,0.19905658066272736,0.9335775375366211,True
ranking,20260917,Bearing1_4,31,0.19603158086538314,0.9147068858146667,True
ranking,20260917,Bearing1_4,32,0.19250003397464752,0.8890458941459656,True
ranking,20260917,Bearing1_4,33,0.18904360830783845,0.8653548359870911,True
ranking,20260917,Bearing1_4,34,0.18458635360002518,0.8322417140007019,True
ranking,20260917,Bearing1_4,35,0.17866787314414978,0.7850996255874634,True
ranking,20260917,Bearing1_4,36,0.17097771912813187,0.7281469702720642,True
ranking,20260917,Bearing1_4,37,0.16860563158988953,0.7169775366783142,True
ranking,20260917,Bearing1_4,38,0.17027173787355424,0.7350538969039917,True
ranking,20260917,Bearing1_4,39,0.17287732511758805,0.7554903030395508,True
ranking,20260917,Bearing1_4,40,0.17536343038082122,0.7737849950790405,True
ranking,20260917,Bearing1_4,41,0.17878297865390777,0.7993320822715759,True
ranking,20260917,Bearing1_4,42,0.17706234902143478,0.783850908279419,True
ranking,20260917,Bearing1_4,43,0.1793119952082634,0.8042105436325073,True
ranking,20260917,Bearing1_4,44,0.17986452281475068,0.8071917295455933,True
ranking,20260917,Bearing1_4,45,0.18002458214759826,0.8089665174484253,True
ranking,20260917,Bearing1_4,46,0.1803428515791893,0.812219500541687,True
ranking,20260917,Bearing1_4,47,0.17456467300653458,0.7659511566162109,True
ranking,20260917,Bearing1_4,48,0.16226962804794312,0.675674557685852,True
ranking,20260917,Bearing1_4,49,0.14965155050158502,0.601828932762146,True
ranking,20260917,Bearing1_4,50,0.1381431393325329,0.5883620381355286,True
ranking,20260917,Bearing1_4,51,0.13083465844392778,0.5863317847251892,True
ranking,20260917,Bearing1_4,52,0.1260519117116928,0.6011521816253662,True
ranking,20260917,Bearing1_4,53,0.12370084226131439,0.6152285933494568,True
ranking,20260917,Bearing1_4,54,0.12271148860454559,0.6422220468521118,True
ranking,20260917,Bearing1_4,55,0.11776609867811202,0.6445112824440002,True
ranking,20260917,Bearing1_4,56,0.12145450711250305,0.7017807364463806,True
ranking,20260917,Bearing1_4,57,0.1268730193376541,0.7624011039733887,True
ranking,20260917,Bearing1_4,58,0.13445917665958404,0.8411428332328796,True
ranking,20260917,Bearing1_4,59,0.14445983842015267,0.9269609451293945,True
ranking,20260917,Bearing1_4,60,0.15684923753142357,0.9680719375610352,True
ranking,20260917,Bearing1_4,61,0.15768190026283263,0.959875762462616,True
ranking,20260917,Bearing1_4,62,0.16077701598405839,0.9746609926223755,True
ranking,20260917,Bearing1_4,63,0.15976780354976655,0.9666208028793335,True
ranking,20260917,Bearing1_4,64,0.16155711114406585,0.9760079383850098,True
ranking,20260917,Bearing1_4,65,0.16897192150354384,1.0105483531951904,True
ranking,20260917,Bearing1_4,66,0.1706758588552475,1.0093294382095337,True
ranking,20260917,Bearing1_4,67,0.17216722369194032,1.0155646800994873,True
ranking,20260917,Bearing1_4,68,0.17632089108228682,1.0318629741668701,True
ranking,20260917,Bearing1_4,69,0.18134208470582963,1.0514270067214966,True
ranking,20260917,Bearing1_4,70,0.18452487289905548,1.061556100845337,True
ranking,20260917,Bearing1_4,71,0.19229873418807983,1.0975370407104492,True
ranking,20260917,Bearing1_4,72,0.20103544592857361,1.1302193403244019,True
ranking,20260917,Bearing1_4,73,0.20723643004894257,1.1522597074508667,True
ranking,20260917,Bearing1_4,74,0.21706270426511765,1.1939268112182617,True
ranking,20260917,Bearing1_4,75,0.22151692807674409,1.2046382427215576,True
ranking,20260917,Bearing1_4,76,0.2283717378973961,1.2338099479675293,True
ranking,20260917,Bearing1_4,77,0.23541893512010575,1.258721113204956,True
ranking,20260917,Bearing1_4,78,0.24161863774061204,1.2809555530548096,True
ranking,20260917,Bearing1_4,79,0.25225946456193926,1.3216054439544678,True
ranking,20260917,Bearing1_4,80,0.2826445996761322,1.4375393390655518,True
ranking,20260917,Bearing1_4,81,0.3247958704829216,1.5790953636169434,True
ranking,20260917,Bearing1_4,82,0.36879528909921644,1.71065354347229,True
ranking,20260917,Bearing1_4,83,0.43187480270862577,1.9038406610488892,True
ranking,20260917,Bearing1_4,84,0.5042186558246613,2.093987226486206,True
ranking,20260917,Bearing1_4,85,0.5897533357143402,2.321211338043213,True
ranking,20260917,Bearing1_4,86,0.6667787283658981,2.5015010833740234,True
ranking,20260917,Bearing1_4,87,0.7613478392362595,2.747267246246338,True
ranking,20260917,Bearing1_4,88,0.8642541706562042,2.9955759048461914,True
ranking,20260917,Bearing1_4,89,0.981430858373642,3.27009916305542,True
ranking,20260917,Bearing1_4,90,1.0716185092926025,3.420185089111328,True
ranking,20260917,Bearing1_4,91,1.1416358530521393,3.535419464111328,True
ranking,20260917,Bearing1_4,92,1.2070051372051238,3.6597187519073486,True
ranking,20260917,Bearing1_4,93,1.2496192276477813,3.7142512798309326,True
ranking,20260917,Bearing1_4,94,1.2712894320487975,3.729818820953369,True
ranking,20260917,Bearing1_4,95,1.2713476300239563,3.705462694168091,True
ranking,20260917,Bearing1_4,96,1.275113308429718,3.7156035900115967,True
ranking,20260917,Bearing1_4,97,1.2644762992858887,3.6765060424804688,True
ranking,20260917,Bearing1_4,98,1.244876456260681,3.630460262298584,True
ranking,20260917,Bearing1_4,99,1.201371955871582,3.522688388824463,True
ranking,20260917,Bearing1_4,100,1.1596426486968994,3.451220989227295,True
ranking,20260917,Bearing1_4,101,1.1331360936164856,3.4221482276916504,True
ranking,20260917,Bearing1_4,102,1.1021689534187318,3.3616557121276855,True
ranking,20260917,Bearing1_4,103,1.0689476609230042,3.298497438430786,True
ranking,20260917,Bearing1_4,104,1.0484086275100708,3.2771995067596436,True
ranking,20260917,Bearing1_4,105,1.0371469676494598,3.2642276287078857,True
ranking,20260917,Bearing1_4,106,1.032849246263504,3.2639148235321045,True
ranking,20260917,Bearing1_4,107,1.0195419549942017,3.230133533477783,True
ranking,20260917,Bearing1_4,108,0.9999879479408265,3.186040163040161,True
ranking,20260917,Bearing1_4,109,0.9947719097137451,3.1933584213256836,True
ranking,20260917,Bearing1_4,110,0.9902088940143585,3.1855530738830566,True
ranking,20260917,Bearing1_4,111,0.9841412961483001,3.1730644702911377,True
ranking,20260917,Bearing1_4,112,0.9823749363422394,3.17279052734375,True
ranking,20260917,Bearing1_4,113,0.9819990932941437,3.1737430095672607,True
ranking,20260917,Bearing1_4,114,0.9702496469020844,3.1373066902160645,True
ranking,20260917,Bearing1_4,115,0.958959424495697,3.116856336593628,True
ranking,20260917,Bearing1_4,116,0.9433455407619477,3.0813190937042236,True
ranking,20260917,Bearing1_4,117,0.9350289821624755,3.0717363357543945,True
ranking,20260917,Bearing1_4,118,0.9365044236183167,3.0862514972686768,True
ranking,20260917,Bearing1_4,119,0.9193232715129852,3.031668186187744,True
ranking,20260917,Bearing1_4,120,0.9194950699806214,3.053175210952759,True
ranking,20260917,Bearing1_4,121,1.0123809576034546,3.964373826980591,True
ranking,20260917,Bearing1_5,0,,,False
ranking,20260917,Bearing1_5,1,,,False
ranking,20260917,Bearing1_5,2,,,False
ranking,20260917,Bearing1_5,3,,,False
ranking,20260917,Bearing1_5,4,,,False
ranking,20260917,Bearing1_5,5,,,False
ranking,20260917,Bearing1_5,6,,,False
ranking,20260917,Bearing1_5,7,,,False
ranking,20260917,Bearing1_5,8,,,False
ranking,20260917,Bearing1_5,9,,,False
ranking,20260917,Bearing1_5,10,,,False
ranking,20260917,Bearing1_5,11,,,False
ranking,20260917,Bearing1_5,12,,,False
ranking,20260917,Bearing1_5,13,,,False
ranking,20260917,Bearing1_5,14,,,False
ranking,20260917,Bearing1_5,15,0.09642140567302704,0.24039682745933533,False
ranking,20260917,Bearing1_5,16,0.09076818078756332,0.21456581354141235,False
ranking,20260917,Bearing1_5,17,0.08587915698687236,0.18511275947093964,False
ranking,20260917,Bearing1_5,18,0.08118894509971142,0.1628047525882721,False
ranking,20260917,Bearing1_5,19,0.07789528220891953,0.14656177163124084,False
ranking,20260917,Bearing1_5,20,0.07957783589760463,0.1626031994819641,False
ranking,20260917,Bearing1_5,21,0.08078598869698388,0.17089197039604187,False
ranking,20260917,Bearing1_5,22,0.083122618496418,0.1870369017124176,False
ranking,20260917,Bearing1_5,23,0.0845820779601733,0.19445426762104034,False
ranking,20260917,Bearing1_5,24,0.0862799733877182,0.2064647227525711,False
ranking,20260917,Bearing1_5,25,0.08764607012271881,0.2184201031923294,True
ranking,20260917,Bearing1_5,26,0.09060602933168412,0.23768582940101624,True
ranking,20260917,Bearing1_5,27,0.09198645725846291,0.24487194418907166,True
ranking,20260917,Bearing1_5,28,0.09374388754367828,0.2531399428844452,True
ranking,20260917,Bearing1_5,29,0.09251805432140828,0.25110000371932983,True
ranking,20260917,Bearing1_5,30,0.08778133615851402,0.23674461245536804,True
ranking,20260917,Bearing1_5,31,0.08236120864748955,0.22944529354572296,True
ranking,20260917,Bearing1_5,32,0.07528280504047871,0.21901337802410126,True
ranking,20260917,Bearing1_5,33,0.072200583294034,0.25595250725746155,True
ranking,20260917,Bearing1_5,34,0.08947056792676449,0.3869186043739319,True
ranking,20260917,Bearing1_5,35,0.12754497341811658,0.5824579000473022,True
ranking,20260917,Bearing1_5,36,0.19673922024667262,0.8678755760192871,True
ranking,20260917,Bearing1_5,37,0.29824273474514484,1.2316941022872925,True
ranking,20260917,Bearing1_5,38,0.422300073876977,1.6269619464874268,True
ranking,20260917,Bearing1_5,39,0.5951024785637855,2.1514694690704346,True
ranking,20260917,Bearing1_5,40,0.8090963143855333,2.7388739585876465,True
ranking,20260917,Bearing1_5,41,1.0586987625807525,3.379429578781128,True
ranking,20260917,Bearing1_5,42,1.33467011526227,4.051156520843506,True
ranking,20260917,Bearing1_5,43,1.6235552430152893,4.6873779296875,True
ranking,20260917,Bearing1_5,44,1.9022177934646607,5.227301597595215,True
ranking,20260917,Bearing1_5,45,2.167201417684555,5.704980850219727,True
ranking,20260917,Bearing1_5,46,2.406528949737549,6.095523357391357,True
ranking,20260917,Bearing1_5,47,2.620261347293854,6.426583290100098,True
ranking,20260917,Bearing1_5,48,2.8154160737991334,6.730257987976074,True
ranking,20260917,Bearing1_5,49,2.967536211013794,6.919267177581787,True
ranking,20260917,Bearing1_5,50,3.0831981897354126,7.054939270019531,True
ranking,20260917,Bearing1_5,51,3.167296552658081,7.141772270202637,True
control,20260918,Bearing1_1,0,,,False
control,20260918,Bearing1_1,1,,,False
control,20260918,Bearing1_1,2,,,False
control,20260918,Bearing1_1,3,,,False
control,20260918,Bearing1_1,4,,,False
control,20260918,Bearing1_1,5,,,False
control,20260918,Bearing1_1,6,,,False
control,20260918,Bearing1_1,7,,,False
control,20260918,Bearing1_1,8,,,False
control,20260918,Bearing1_1,9,,,False
control,20260918,Bearing1_1,10,,,False
control,20260918,Bearing1_1,11,,,False
control,20260918,Bearing1_1,12,,,False
control,20260918,Bearing1_1,13,,,False
control,20260918,Bearing1_1,14,,,False
control,20260918,Bearing1_1,15,0.4370426535606384,1.5807108879089355,False
control,20260918,Bearing1_1,16,0.4569184184074402,1.6577584743499756,False
control,20260918,Bearing1_1,17,0.4916145404179891,1.7724541425704956,False
control,20260918,Bearing1_1,18,0.5038029849529266,1.791355013847351,False
control,20260918,Bearing1_1,19,0.5157762765884399,1.8241615295410156,False
control,20260918,Bearing1_1,20,0.5235463480154673,1.8423190116882324,False
control,20260918,Bearing1_1,21,0.5507913827896118,1.9324582815170288,False
control,20260918,Bearing1_1,22,0.5504783615469933,1.904271125793457,False
control,20260918,Bearing1_1,23,0.5642725427945455,1.955491542816162,False
control,20260918,Bearing1_1,24,0.586185199022293,2.016653537750244,False
control,20260918,Bearing1_1,25,0.6162163436412811,2.0861611366271973,True
control,20260918,Bearing1_1,26,0.6422164678573609,2.1498563289642334,True
control,20260918,Bearing1_1,27,0.6798167526721954,2.2521233558654785,True
control,20260918,Bearing1_1,28,0.7066125631332397,2.3072562217712402,True
control,20260918,Bearing1_1,29,0.7364569365978241,2.38350248336792,True
control,20260918,Bearing1_1,30,0.7760935306549073,2.4891350269317627,True
control,20260918,Bearing1_1,31,0.7991194367408753,2.5230562686920166,True
control,20260918,Bearing1_1,32,0.8278410136699677,2.598602533340454,True
control,20260918,Bearing1_1,33,0.8471828401088715,2.630685806274414,True
control,20260918,Bearing1_1,34,0.8767332613468171,2.710963010787964,True
control,20260918,Bearing1_1,35,0.9181358695030213,2.825164794921875,True
control,20260918,Bearing1_1,36,0.9358573317527771,2.8423752784729004,True
control,20260918,Bearing1_1,37,0.9486649930477142,2.8731236457824707,True
control,20260918,Bearing1_1,38,0.9649812340736389,2.910956621170044,True
control,20260918,Bearing1_1,39,0.9714896440505981,2.9132370948791504,True
control,20260918,Bearing1_1,40,0.995613431930542,2.988157033920288,True
control,20260918,Bearing1_1,41,1.0038433611392974,2.992945909500122,True
control,20260918,Bearing1_1,42,1.0094215631484986,3.006256341934204,True
control,20260918,Bearing1_1,43,1.0014906585216523,2.9723997116088867,True
control,20260918,Bearing1_1,44,1.0004199206829072,2.983635663986206,True
control,20260918,Bearing1_1,45,0.9783142447471619,2.9101014137268066,True
control,20260918,Bearing1_1,46,1.000872015953064,3.008561849594116,True
control,20260918,Bearing1_1,47,1.0005393385887147,2.98543119430542,True
control,20260918,Bearing1_1,48,0.9905725240707397,2.957216739654541,True
control,20260918,Bearing1_1,49,0.9829789280891419,2.942250967025757,True
control,20260918,Bearing1_1,50,0.960524958372116,2.8719143867492676,True
control,20260918,Bearing1_1,51,0.9434144914150238,2.8390073776245117,True
control,20260918,Bearing1_1,52,0.943563824892044,2.8607239723205566,True
control,20260918,Bearing1_1,53,0.9594615697860718,2.918579578399658,True
control,20260918,Bearing1_1,54,0.9422462761402131,2.838043689727783,True
control,20260918,Bearing1_1,55,0.9455334067344665,2.8651576042175293,True
control,20260918,Bearing1_1,56,0.9356981635093689,2.830383777618408,True
control,20260918,Bearing1_1,57,0.9229641735553742,2.791140556335449,True
control,20260918,Bearing1_1,58,0.9301000654697418,2.8315210342407227,True
control,20260918,Bearing1_1,59,0.9395490050315857,2.8610920906066895,True
control,20260918,Bearing1_1,60,0.9350403249263763,2.8378734588623047,True
control,20260918,Bearing1_1,61,0.9495706975460052,2.890111207962036,True
control,20260918,Bearing1_1,62,0.9473838329315185,2.860776662826538,True
control,20260918,Bearing1_1,63,0.9362365126609802,2.822263240814209,True
control,20260918,Bearing1_1,64,0.9530995428562165,2.8921995162963867,True
control,20260918,Bearing1_1,65,0.9623847424983978,2.905261993408203,True
control,20260918,Bearing1_1,66,0.9751987636089325,2.9361257553100586,True
control,20260918,Bearing1_1,67,0.9975196480751037,2.9966444969177246,True
control,20260918,Bearing1_1,68,1.021399688720703,3.0515329837799072,True
control,20260918,Bearing1_1,69,1.0543843984603882,3.1310858726501465,True
control,20260918,Bearing1_1,70,1.1071937203407287,3.2682323455810547,True
control,20260918,Bearing1_1,71,1.1708933591842652,3.4203429222106934,True
control,20260918,Bearing1_1,72,1.2644705295562744,3.6565468311309814,True
control,20260918,Bearing1_1,73,1.3761273741722106,3.9176220893859863,True
control,20260918,Bearing1_1,74,1.4852676391601562,4.141284465789795,True
control,20260918,Bearing1_1,75,1.6249568939208985,4.470841407775879,True
control,20260918,Bearing1_1,76,1.7594236731529236,4.734234809875488,True
control,20260918,Bearing1_1,77,1.9248126029968262,5.116789817810059,True
control,20260918,Bearing1_1,78,2.131244695186615,5.714841365814209,True
control,20260918,Bearing1_1,79,2.354172480106354,6.293141841888428,True
control,20260918,Bearing1_1,80,2.5753435015678408,6.830620765686035,True
control,20260918,Bearing1_1,81,2.789119744300842,7.326503753662109,True
control,20260918,Bearing1_1,82,2.993027400970459,7.793318271636963,True
control,20260918,Bearing1_1,83,3.1877590656280517,8.245183944702148,True
control,20260918,Bearing1_1,84,3.365879988670349,8.652021408081055,True
control,20260918,Bearing1_1,85,3.5169747352600096,8.983538627624512,True
control,20260918,Bearing1_1,86,3.6637983560562133,9.340927124023438,True
control,20260918,Bearing1_1,87,3.7823997735977173,9.600300788879395,True
control,20260918,Bearing1_1,88,3.858655023574829,9.630768775939941,True
control,20260918,Bearing1_1,89,3.9100452423095704,9.660893440246582,True
control,20260918,Bearing1_1,90,3.945736360549927,9.684713363647461,True
control,20260918,Bearing1_1,91,3.971391296386719,9.707818984985352,True
control,20260918,Bearing1_1,92,3.9906875610351564,9.734452247619629,True
control,20260918,Bearing1_1,93,4.00508131980896,9.750935554504395,True
control,20260918,Bearing1_1,94,4.016170763969422,9.766923904418945,True
control,20260918,Bearing1_1,95,4.02498733997345,9.78254508972168,True
control,20260918,Bearing1_1,96,4.032278108596802,9.799245834350586,True
control,20260918,Bearing1_1,97,4.03852334022522,9.816034317016602,True
control,20260918,Bearing1_1,98,4.043846702575683,9.830093383789062,True
control,20260918,Bearing1_1,99,4.048446178436279,9.842700958251953,True
control,20260918,Bearing1_1,100,4.052295255661011,9.852789878845215,True
control,20260918,Bearing1_1,101,4.055822324752808,9.866508483886719,True
control,20260918,Bearing1_1,102,4.058901643753051,9.876221656799316,True
control,20260918,Bearing1_1,103,4.061669635772705,9.885843276977539,True
control,20260918,Bearing1_1,104,4.064140176773071,9.894556045532227,True
control,20260918,Bearing1_1,105,4.06635217666626,9.902055740356445,True
control,20260918,Bearing1_1,106,4.068251132965088,9.906930923461914,True
control,20260918,Bearing1_1,107,4.06978588104248,9.911271095275879,True
control,20260918,Bearing1_1,108,4.071087074279785,9.916345596313477,True
control,20260918,Bearing1_1,109,4.07231969833374,9.922260284423828,True
control,20260918,Bearing1_1,110,4.073655605316162,9.92956829071045,True
control,20260918,Bearing1_1,111,4.074922227859497,9.93623161315918,True
control,20260918,Bearing1_1,112,4.076227807998658,9.942983627319336,True
control,20260918,Bearing1_1,113,4.077398347854614,9.94914436340332,True
control,20260918,Bearing1_1,114,4.078692007064819,9.957662582397461,True
control,20260918,Bearing1_1,115,4.080043697357178,9.966322898864746,True
control,20260918,Bearing1_1,116,4.0814496040344235,9.976485252380371,True
control,20260918,Bearing1_1,117,4.082700300216675,9.981118202209473,True
control,20260918,Bearing1_1,118,4.084130525588989,9.990734100341797,True
control,20260918,Bearing1_1,119,4.085483741760254,9.998408317565918,True
control,20260918,Bearing1_1,120,4.086848211288452,10.007654190063477,True
control,20260918,Bearing1_1,121,4.088490533828735,10.021825790405273,True
control,20260918,Bearing1_1,122,4.091077041625977,10.055891036987305,True
control,20260918,Bearing1_2,0,,,False
control,20260918,Bearing1_2,1,,,False
control,20260918,Bearing1_2,2,,,False
control,20260918,Bearing1_2,3,,,False
control,20260918,Bearing1_2,4,,,False
control,20260918,Bearing1_2,5,,,False
control,20260918,Bearing1_2,6,,,False
control,20260918,Bearing1_2,7,,,False
control,20260918,Bearing1_2,8,,,False
control,20260918,Bearing1_2,9,,,False
control,20260918,Bearing1_2,10,,,False
control,20260918,Bearing1_2,11,,,False
control,20260918,Bearing1_2,12,,,False
control,20260918,Bearing1_2,13,,,False
control,20260918,Bearing1_2,14,,,False
control,20260918,Bearing1_2,15,0.08464041352272034,0.28526145219802856,False
control,20260918,Bearing1_2,16,0.09880470857024193,0.33863717317581177,False
control,20260918,Bearing1_2,17,0.10169446716705959,0.3369918167591095,False
control,20260918,Bearing1_2,18,0.10129651986062527,0.3128265142440796,False
control,20260918,Bearing1_2,19,0.10125529319047928,0.30707186460494995,False
control,20260918,Bearing1_2,20,0.10419132808844249,0.3245510160923004,False
control,20260918,Bearing1_2,21,0.11221787120614733,0.37369781732559204,False
control,20260918,Bearing1_2,22,0.11382244899868965,0.3691544830799103,False
control,20260918,Bearing1_2,23,0.11142339640193516,0.34606561064720154,False
control,20260918,Bearing1_2,24,0.10856065303087234,0.31720349192619324,False
control,20260918,Bearing1_2,25,0.10886614322662354,0.3088708519935608,True
control,20260918,Bearing1_2,26,0.10531709492206573,0.27766385674476624,True
control,20260918,Bearing1_2,27,0.10194398164749145,0.25814175605773926,True
control,20260918,Bearing1_2,28,0.10025551766157151,0.2535565495491028,True
control,20260918,Bearing1_2,29,0.09899782836437225,0.24510768055915833,True
control,20260918,Bearing1_2,30,0.09509324580430985,0.20635986328125,True
control,20260918,Bearing1_2,31,0.09730489104986191,0.22801204025745392,True
control,20260918,Bearing1_2,32,0.10782938301563263,0.2993956506252289,True
control,20260918,Bearing1_2,33,0.11607024520635605,0.3392033874988556,True
control,20260918,Bearing1_2,34,0.12003062590956688,0.35770612955093384,True
control,20260918,Bearing1_2,35,0.12154008522629738,0.3594352602958679,True
control,20260918,Bearing1_2,36,0.12299728170037269,0.3905980587005615,True
control,20260918,Bearing1_2,37,0.13902331069111823,0.48257318139076233,True
control,20260918,Bearing1_2,38,0.1782693810760975,0.6446975469589233,True
control,20260918,Bearing1_2,39,0.21920303776860237,0.7947391271591187,True
control,20260918,Bearing1_2,40,0.2737553149461746,1.0049968957901,True
control,20260918,Bearing1_2,41,0.2914446875452995,1.0200814008712769,True
control,20260918,Bearing1_2,42,0.31342870444059373,1.077039361000061,True
control,20260918,Bearing1_2,43,0.37009080350399015,1.2806894779205322,True
control,20260918,Bearing1_2,44,0.41491860821843146,1.4274730682373047,True
control,20260918,Bearing1_2,45,0.5268862999975681,1.8285572528839111,True
control,20260918,Bearing1_2,46,0.6825996026396751,2.2739763259887695,True
control,20260918,Bearing1_2,47,0.8223051697015762,2.6045987606048584,True
control,20260918,Bearing1_2,48,0.8789020389318466,2.6837680339813232,True
control,20260918,Bearing1_2,49,0.9546301335096359,2.902519702911377,True
control,20260918,Bearing1_2,50,1.0713628381490707,3.2194037437438965,True
control,20260918,Bearing1_2,51,1.2223907172679902,3.6053993701934814,True
control,20260918,Bearing1_2,52,1.3942718625068664,4.018645286560059,True
control,20260918,Bearing1_2,53,1.5536339342594148,4.352823734283447,True
control,20260918,Bearing1_2,54,1.7207598209381103,4.726384162902832,True
control,20260918,Bearing1_2,55,1.8587369322776794,4.978218078613281,True
control,20260918,Bearing1_2,56,1.96599680185318,5.14933967590332,True
control,20260918,Bearing1_2,57,2.100394678115845,5.449763774871826,True
control,20260918,Bearing1_2,58,2.3162124872207643,5.974964141845703,True
control,20260918,Bearing1_2,59,2.5217222452163695,6.366019248962402,True
control,20260918,Bearing1_2,60,2.687252998352051,6.661942958831787,True
control,20260918,Bearing1_2,61,2.8524144172668455,6.992440700531006,True
control,20260918,Bearing1_2,62,3.0080283880233765,7.457799434661865,True
control,20260918,Bearing1_2,63,3.162138557434082,7.982438087463379,True
control,20260918,Bearing1_2,64,3.3364627838134764,8.57821273803711,True
control,20260918,Bearing1_2,65,3.482131600379944,9.006579399108887,True
control,20260918,Bearing1_2,66,3.6220699071884157,9.505128860473633,True
control,20260918,Bearing1_2,67,3.741201090812683,9.911887168884277,True
control,20260918,Bearing1_2,68,3.841096878051758,10.25728988647461,True
control,20260918,Bearing1_2,69,3.9319097280502318,10.588205337524414,True
control,20260918,Bearing1_2,70,4.0110540866851805,10.897322654724121,True
control,20260918,Bearing1_2,71,4.083579874038696,11.176082611083984,True
control,20260918,Bearing1_2,72,4.137160992622375,11.264795303344727,True
control,20260918,Bearing1_2,73,4.176757574081421,11.276509284973145,True
control,20260918,Bearing1_2,74,4.206693506240844,11.283068656921387,True
control,20260918,Bearing1_2,75,4.2299152374267575,11.310616493225098,True
control,20260918,Bearing1_2,76,4.247545433044434,11.29084300994873,True
control,20260918,Bearing1_2,77,4.261163902282715,11.281370162963867,True
control,20260918,Bearing1_2,78,4.27236762046814,11.303449630737305,True
control,20260918,Bearing1_2,79,4.282020235061646,11.335153579711914,True
control,20260918,Bearing1_2,80,4.290440559387207,11.369216918945312,True
control,20260918,Bearing1_2,81,4.298849630355835,11.440157890319824,True
control,20260918,Bearing1_2,82,4.3060657501220705,11.462969779968262,True
control,20260918,Bearing1_2,83,4.312506008148193,11.491144180297852,True
control,20260918,Bearing1_2,84,4.318202257156372,11.516018867492676,True
control,20260918,Bearing1_2,85,4.323368740081787,11.540294647216797,True
control,20260918,Bearing1_2,86,4.328197050094604,11.571761131286621,True
control,20260918,Bearing1_2,87,4.332700204849243,11.600400924682617,True
control,20260918,Bearing1_2,88,4.336290693283081,11.59913444519043,True
control,20260918,Bearing1_2,89,4.33969087600708,11.621830940246582,True
control,20260918,Bearing1_2,90,4.342414903640747,11.619585037231445,True
control,20260918,Bearing1_2,91,4.3447624206542965,11.624458312988281,True
control,20260918,Bearing1_2,92,4.347106409072876,11.645147323608398,True
control,20260918,Bearing1_2,93,4.349456644058227,11.668278694152832,True
control,20260918,Bearing1_2,94,4.351526308059692,11.676806449890137,True
control,20260918,Bearing1_2,95,4.3536652565002445,11.70338249206543,True
control,20260918,Bearing1_2,96,4.355631589889526,11.716262817382812,True
control,20260918,Bearing1_2,97,4.3574888706207275,11.73249626159668,True
control,20260918,Bearing1_2,98,4.359540557861328,11.760726928710938,True
control,20260918,Bearing1_2,99,4.361436033248902,11.775721549987793,True
control,20260918,Bearing1_2,100,4.363238859176636,11.791133880615234,True
control,20260918,Bearing1_2,101,4.364876365661621,11.802267074584961,True
control,20260918,Bearing1_2,102,4.366455221176148,11.818540573120117,True
control,20260918,Bearing1_2,103,4.367862510681152,11.827544212341309,True
control,20260918,Bearing1_2,104,4.369149923324585,11.837911605834961,True
control,20260918,Bearing1_2,105,4.370277214050293,11.843536376953125,True
control,20260918,Bearing1_2,106,4.371342182159424,11.853008270263672,True
control,20260918,Bearing1_2,107,4.372388124465942,11.863164901733398,True
control,20260918,Bearing1_2,108,4.373361825942993,11.872108459472656,True
control,20260918,Bearing1_2,109,4.37428846359253,11.8804349899292,True
control,20260918,Bearing1_2,110,4.375130224227905,11.887042999267578,True
control,20260918,Bearing1_2,111,4.375782442092896,11.887322425842285,True
control,20260918,Bearing1_2,112,4.376266050338745,11.884328842163086,True
control,20260918,Bearing1_2,113,4.376536273956299,11.877644538879395,True
control,20260918,Bearing1_2,114,4.376665449142456,11.870767593383789,True
control,20260918,Bearing1_2,115,4.376774835586548,11.869571685791016,True
control,20260918,Bearing1_2,116,4.376829957962036,11.867444038391113,True
control,20260918,Bearing1_2,117,4.3768393993377686,11.864994049072266,True
control,20260918,Bearing1_2,118,4.376803827285767,11.861859321594238,True
control,20260918,Bearing1_2,119,4.376784324645996,11.86170768737793,True
control,20260918,Bearing1_2,120,4.376751899719238,11.86067008972168,True
control,20260918,Bearing1_2,121,4.376799821853638,11.864751815795898,True
control,20260918,Bearing1_2,122,4.376912307739258,11.869241714477539,True
control,20260918,Bearing1_2,123,4.37714204788208,11.878317832946777,True
control,20260918,Bearing1_2,124,4.377441501617431,11.88790512084961,True
control,20260918,Bearing1_2,125,4.377747344970703,11.897150039672852,True
control,20260918,Bearing1_2,126,4.378116226196289,11.905263900756836,True
control,20260918,Bearing1_2,127,4.37854790687561,11.913225173950195,True
control,20260918,Bearing1_2,128,4.379039764404297,11.923460960388184,True
control,20260918,Bearing1_2,129,4.379549121856689,11.932615280151367,True
control,20260918,Bearing1_2,130,4.380116939544678,11.944245338439941,True
control,20260918,Bearing1_2,131,4.380676126480102,11.953592300415039,True
control,20260918,Bearing1_2,132,4.381194019317627,11.962820053100586,True
control,20260918,Bearing1_2,133,4.381709337234497,11.971800804138184,True
control,20260918,Bearing1_2,134,4.382218217849731,11.978128433227539,True
control,20260918,Bearing1_2,135,4.382749795913696,11.984493255615234,True
control,20260918,Bearing1_2,136,4.383267259597778,11.993343353271484,True
control,20260918,Bearing1_2,137,4.383744573593139,12.00068473815918,True
control,20260918,Bearing1_2,138,4.384194278717041,12.006479263305664,True
control,20260918,Bearing1_2,139,4.384606409072876,12.010229110717773,True
control,20260918,Bearing1_2,140,4.384949445724487,12.011574745178223,True
control,20260918,Bearing1_2,141,4.385238790512085,12.011935234069824,True
control,20260918,Bearing1_2,142,4.385483121871948,12.012174606323242,True
control,20260918,Bearing1_2,143,4.385626649856567,12.008977890014648,True
control,20260918,Bearing1_2,144,4.38572211265564,12.008056640625,True
control,20260918,Bearing1_2,145,4.385811901092529,12.007669448852539,True
control,20260918,Bearing1_2,146,4.385929298400879,12.011397361755371,True
control,20260918,Bearing1_2,147,4.386123704910278,12.01823902130127,True
control,20260918,Bearing1_2,148,4.386383199691773,12.026178359985352,True
control,20260918,Bearing1_2,149,4.386719703674316,12.03605842590332,True
control,20260918,Bearing1_2,150,4.387127923965454,12.048206329345703,True
control,20260918,Bearing1_2,151,4.387637042999268,12.062789916992188,True
control,20260918,Bearing1_2,152,4.388222074508667,12.077611923217773,True
control,20260918,Bearing1_2,153,4.388909769058228,12.094331741333008,True
control,20260918,Bearing1_2,154,4.389663791656494,12.111272811889648,True
control,20260918,Bearing1_2,155,4.390440464019775,12.128435134887695,True
control,20260918,Bearing1_2,156,4.391195249557495,12.139823913574219,True
control,20260918,Bearing1_2,157,4.391891670227051,12.150111198425293,True
control,20260918,Bearing1_2,158,4.392575645446778,12.162088394165039,True
control,20260918,Bearing1_2,159,4.3932475566864015,12.174339294433594,True
control,20260918,Bearing1_2,160,4.394043445587158,12.196332931518555,True
control,20260918,Bearing1_3,0,,,False
control,20260918,Bearing1_3,1,,,False
control,20260918,Bearing1_3,2,,,False
control,20260918,Bearing1_3,3,,,False
control,20260918,Bearing1_3,4,,,False
control,20260918,Bearing1_3,5,,,False
control,20260918,Bearing1_3,6,,,False
control,20260918,Bearing1_3,7,,,False
control,20260918,Bearing1_3,8,,,False
control,20260918,Bearing1_3,9,,,False
control,20260918,Bearing1_3,10,,,False
control,20260918,Bearing1_3,11,,,False
control,20260918,Bearing1_3,12,,,False
control,20260918,Bearing1_3,13,,,False
control,20260918,Bearing1_3,14,,,False
control,20260918,Bearing1_3,15,0.07035765051841736,0.09610585123300552,False
control,20260918,Bearing1_3,16,0.07091252878308296,0.0979515016078949,False
control,20260918,Bearing1_3,17,0.07166626552740733,0.11188552528619766,False
control,20260918,Bearing1_3,18,0.08143887855112553,0.19195203483104706,False
control,20260918,Bearing1_3,19,0.09091962426900864,0.2496413290500641,False
control,20260918,Bearing1_3,20,0.09903694316744804,0.2976231276988983,False
control,20260918,Bearing1_3,21,0.10379505902528763,0.32334375381469727,False
control,20260918,Bearing1_3,22,0.11140081007033587,0.363003671169281,False
control,20260918,Bearing1_3,23,0.11879222012228435,0.39680683612823486,False
control,20260918,Bearing1_3,24,0.12093944177031517,0.40596818923950195,False
control,20260918,Bearing1_3,25,0.12733829990029336,0.44603413343429565,True
control,20260918,Bearing1_3,26,0.1328194871544838,0.48278871178627014,True
control,20260918,Bearing1_3,27,0.13959175422787667,0.5246332883834839,True
control,20260918,Bearing1_3,28,0.14216959923505784,0.5325088500976562,True
control,20260918,Bearing1_3,29,0.1436679482460022,0.5418086647987366,True
control,20260918,Bearing1_3,30,0.14144661277532578,0.5311185717582703,True
control,20260918,Bearing1_3,31,0.14235010743141174,0.5400959849357605,True
control,20260918,Bearing1_3,32,0.13885838091373442,0.5241339206695557,True
control,20260918,Bearing1_3,33,0.1312944084405899,0.49486055970191956,True
control,20260918,Bearing1_3,34,0.12660174146294595,0.48195284605026245,True
control,20260918,Bearing1_3,35,0.12348801121115685,0.4731990396976471,True
control,20260918,Bearing1_3,36,0.12171776667237282,0.4700429439544678,True
control,20260918,Bearing1_3,37,0.11484985500574112,0.43677911162376404,True
control,20260918,Bearing1_3,38,0.10749288871884347,0.40674981474876404,True
control,20260918,Bearing1_3,39,0.09862019829452037,0.3634348511695862,True
control,20260918,Bearing1_3,40,0.09328985549509525,0.3419404625892639,True
control,20260918,Bearing1_3,41,0.08720371834933757,0.31601279973983765,True
control,20260918,Bearing1_3,42,0.08186603523790836,0.29687851667404175,True
control,20260918,Bearing1_3,43,0.07692825198173522,0.27328991889953613,True
control,20260918,Bearing1_3,44,0.07434871196746826,0.26569926738739014,True
control,20260918,Bearing1_3,45,0.07019941546022893,0.24532660841941833,True
control,20260918,Bearing1_3,46,0.06580021716654301,0.22126677632331848,True
control,20260918,Bearing1_3,47,0.06545899324119091,0.22592201828956604,True
control,20260918,Bearing1_3,48,0.06659594886004924,0.23301632702350616,True
control,20260918,Bearing1_3,49,0.07173947468400002,0.2640635371208191,True
control,20260918,Bearing1_3,50,0.07280462756752967,0.26839303970336914,True
control,20260918,Bearing1_3,51,0.07139418050646781,0.260709673166275,True
control,20260918,Bearing1_3,52,0.06905895955860615,0.2409464418888092,True
control,20260918,Bearing1_3,53,0.06933692842721939,0.2398112565279007,True
control,20260918,Bearing1_3,54,0.06816686205565929,0.2243357002735138,True
control,20260918,Bearing1_3,55,0.06794354245066643,0.221642404794693,True
control,20260918,Bearing1_3,56,0.0672459602355957,0.21273675560951233,True
control,20260918,Bearing1_3,57,0.06645410358905793,0.20010140538215637,True
control,20260918,Bearing1_3,58,0.07160054668784141,0.2282659262418747,True
control,20260918,Bearing1_3,59,0.08002156391739845,0.2614142596721649,True
control,20260918,Bearing1_3,60,0.09920124560594559,0.33968767523765564,True
control,20260918,Bearing1_3,61,0.11518532559275627,0.39857912063598633,True
control,20260918,Bearing1_3,62,0.13606633432209492,0.49215373396873474,True
control,20260918,Bearing1_3,63,0.15769809149205685,0.5827553272247314,True
control,20260918,Bearing1_3,64,0.17569866105914117,0.6578611135482788,True
control,20260918,Bearing1_3,65,0.1920847363770008,0.7243267893791199,True
control,20260918,Bearing1_3,66,0.2151603251695633,0.8289670944213867,True
control,20260918,Bearing1_3,67,0.24114249497652054,0.9335963129997253,True
control,20260918,Bearing1_3,68,0.2610930413007736,0.9984180331230164,True
control,20260918,Bearing1_3,69,0.276152266561985,1.043195366859436,True
control,20260918,Bearing1_3,70,0.28294861167669294,1.0598777532577515,True
control,20260918,Bearing1_3,71,0.3043864890933037,1.1402089595794678,True
control,20260918,Bearing1_3,72,0.3328168883919716,1.2273310422897339,True
control,20260918,Bearing1_3,73,0.3599351689219475,1.3009507656097412,True
control,20260918,Bearing1_3,74,0.39549757838249205,1.4089953899383545,True
control,20260918,Bearing1_3,75,0.43485918939113616,1.5256640911102295,True
control,20260918,Bearing1_3,76,0.4716204941272736,1.6214338541030884,True
control,20260918,Bearing1_3,77,0.508861568570137,1.7220561504364014,True
control,20260918,Bearing1_3,78,0.5501817166805267,1.8324544429779053,True
control,20260918,Bearing1_3,79,0.584865739941597,1.9202083349227905,True
control,20260918,Bearing1_3,80,0.6265868514776229,2.035616397857666,True
control,20260918,Bearing1_3,81,0.6574259221553802,2.101930856704712,True
control,20260918,Bearing1_3,82,0.6830472886562348,2.1585476398468018,True
control,20260918,Bearing1_3,83,0.7135559380054474,2.2383193969726562,True
control,20260918,Bearing1_3,84,0.7393272638320922,2.294520378112793,True
control,20260918,Bearing1_3,85,0.7633870661258697,2.349029064178467,True
control,20260918,Bearing1_3,86,0.7770867705345154,2.369248390197754,True
control,20260918,Bearing1_3,87,0.7949170112609864,2.4143004417419434,True
control,20260918,Bearing1_3,88,0.8167604148387909,2.468461275100708,True
control,20260918,Bearing1_3,89,0.8453091025352478,2.538818836212158,True
control,20260918,Bearing1_3,90,0.8681082129478455,2.5864131450653076,True
control,20260918,Bearing1_3,91,0.9227026760578155,2.746676206588745,True
control,20260918,Bearing1_3,92,0.9792469918727875,2.876234292984009,True
control,20260918,Bearing1_3,93,1.0458565711975099,3.0356686115264893,True
control,20260918,Bearing1_3,94,1.1168322324752809,3.198683738708496,True
control,20260918,Bearing1_3,95,1.197873044013977,3.3865132331848145,True
control,20260918,Bearing1_3,96,1.2834093630313874,3.583500623703003,True
control,20260918,Bearing1_3,97,1.3568439662456513,3.7368850708007812,True
control,20260918,Bearing1_3,98,1.4315261363983154,3.903785228729248,True
control,20260918,Bearing1_3,99,1.5083586871623993,4.075682640075684,True
control,20260918,Bearing1_3,100,1.5896677136421205,4.258383274078369,True
control,20260918,Bearing1_3,101,1.6451404452323914,4.347109794616699,True
control,20260918,Bearing1_3,102,1.703729224205017,4.476720333099365,True
control,20260918,Bearing1_3,103,1.7503492712974549,4.564897060394287,True
control,20260918,Bearing1_3,104,1.7982825875282287,4.667638301849365,True
control,20260918,Bearing1_3,105,1.8424232244491576,4.75877046585083,True
control,20260918,Bearing1_3,106,1.895009171962738,4.876858234405518,True
control,20260918,Bearing1_3,107,1.9648062705993652,5.0383100509643555,True
control,20260918,Bearing1_3,108,2.0252244591712953,5.149864673614502,True
control,20260918,Bearing1_3,109,2.0906678676605224,5.287394046783447,True
control,20260918,Bearing1_3,110,2.1593739867210386,5.427834510803223,True
control,20260918,Bearing1_3,111,2.211610293388367,5.514519691467285,True
control,20260918,Bearing1_3,112,2.2616314053535462,5.613099575042725,True
control,20260918,Bearing1_3,113,2.3181627988815308,5.729248046875,True
control,20260918,Bearing1_3,114,2.3658156871795653,5.810099124908447,True
control,20260918,Bearing1_3,115,2.4019586086273192,5.86675500869751,True
control,20260918,Bearing1_3,116,2.443879795074463,5.954381465911865,True
control,20260918,Bearing1_3,117,2.4748275518417358,5.999567985534668,True
control,20260918,Bearing1_3,118,2.512346792221069,6.0780415534973145,True
control,20260918,Bearing1_3,119,2.551840829849243,6.156569480895996,True
control,20260918,Bearing1_3,120,2.591996121406555,6.23292875289917,True
control,20260918,Bearing1_3,121,2.6477107048034667,6.352209568023682,True
control,20260918,Bearing1_3,122,2.7075819969177246,6.472907066345215,True
control,20260918,Bearing1_3,123,2.773593783378601,6.619653224945068,True
control,20260918,Bearing1_3,124,2.85383722782135,6.802630424499512,True
control,20260918,Bearing1_3,125,2.9387508630752563,6.963197231292725,True
control,20260918,Bearing1_3,126,3.019756627082825,7.124615669250488,True
control,20260918,Bearing1_3,127,3.1051641941070556,7.304739475250244,True
control,20260918,Bearing1_3,128,3.197455310821533,7.54428768157959,True
control,20260918,Bearing1_3,129,3.2905429363250733,7.788665771484375,True
control,20260918,Bearing1_3,130,3.378384232521057,7.984171390533447,True
control,20260918,Bearing1_3,131,3.4732983350753783,8.312650680541992,True
control,20260918,Bearing1_3,132,3.5648768663406374,8.62797737121582,True
control,20260918,Bearing1_3,133,3.6488150119781495,8.949365615844727,True
control,20260918,Bearing1_3,134,3.7272493839263916,9.263168334960938,True
control,20260918,Bearing1_3,135,3.8095691204071045,9.609502792358398,True
control,20260918,Bearing1_3,136,3.887039375305176,9.92905044555664,True
control,20260918,Bearing1_3,137,3.9608510732650757,10.243814468383789,True
control,20260918,Bearing1_3,138,4.022980427742004,10.488104820251465,True
control,20260918,Bearing1_3,139,4.074952030181885,10.69282341003418,True
control,20260918,Bearing1_3,140,4.124461555480957,10.937886238098145,True
control,20260918,Bearing1_3,141,4.163195180892944,11.052925109863281,True
control,20260918,Bearing1_3,142,4.193845224380493,11.143269538879395,True
control,20260918,Bearing1_3,143,4.217646884918213,11.189435005187988,True
control,20260918,Bearing1_3,144,4.236467552185059,11.227783203125,True
control,20260918,Bearing1_3,145,4.252195024490357,11.289405822753906,True
control,20260918,Bearing1_3,146,4.265045261383056,11.326177597045898,True
control,20260918,Bearing1_3,147,4.275648021697998,11.354498863220215,True
control,20260918,Bearing1_3,148,4.284615182876587,11.384079933166504,True
control,20260918,Bearing1_3,149,4.293086957931519,11.45596981048584,True
control,20260918,Bearing1_3,150,4.301043510437012,11.52641487121582,True
control,20260918,Bearing1_3,151,4.3085802555084225,11.595991134643555,True
control,20260918,Bearing1_3,152,4.315792751312256,11.667482376098633,True
control,20260918,Bearing1_3,153,4.3225789070129395,11.73086929321289,True
control,20260918,Bearing1_3,154,4.329081964492798,11.797297477722168,True
control,20260918,Bearing1_3,155,4.3348180770874025,11.838257789611816,True
control,20260918,Bearing1_3,156,4.340200471878052,11.889074325561523,True
control,20260918,Bearing1_3,157,4.34531717300415,11.943402290344238,True
control,20260918,Bearing1_4,0,,,False
control,20260918,Bearing1_4,1,,,False
control,20260918,Bearing1_4,2,,,False
control,20260918,Bearing1_4,3,,,False
control,20260918,Bearing1_4,4,,,False
control,20260918,Bearing1_4,5,,,False
control,20260918,Bearing1_4,6,,,False
control,20260918,Bearing1_4,7,,,False
control,20260918,Bearing1_4,8,,,False
control,20260918,Bearing1_4,9,,,False
control,20260918,Bearing1_4,10,,,False
control,20260918,Bearing1_4,11,,,False
control,20260918,Bearing1_4,12,,,False
control,20260918,Bearing1_4,13,,,False
control,20260918,Bearing1_4,14,,,False
control,20260918,Bearing1_4,15,0.18642708659172058,0.7088103294372559,False
control,20260918,Bearing1_4,16,0.1904767006635666,0.7214310169219971,False
control,20260918,Bearing1_4,17,0.193627600868543,0.743253231048584,False
control,20260918,Bearing1_4,18,0.19334489107131958,0.7358604669570923,False
control,20260918,Bearing1_4,19,0.19391070008277894,0.739304780960083,False
control,20260918,Bearing1_4,20,0.2009178251028061,0.7860205173492432,False
control,20260918,Bearing1_4,21,0.20158605064664567,0.7796124815940857,False
control,20260918,Bearing1_4,22,0.20619038119912148,0.8102059364318848,False
control,20260918,Bearing1_4,23,0.20880234075917137,0.8232985138893127,False
control,20260918,Bearing1_4,24,0.21138196736574172,0.83753901720047,False
control,20260918,Bearing1_4,25,0.21994531899690628,0.8887463808059692,True
control,20260918,Bearing1_4,26,0.22677329629659654,0.9267333745956421,True
control,20260918,Bearing1_4,27,0.23200728595256806,0.951966404914856,True
control,20260918,Bearing1_4,28,0.23609545677900315,0.9738384485244751,True
control,20260918,Bearing1_4,29,0.23566276133060454,0.965939998626709,True
control,20260918,Bearing1_4,30,0.23099733591079713,0.9335775375366211,True
control,20260918,Bearing1_4,31,0.22693101167678834,0.9147068858146667,True
control,20260918,Bearing1_4,32,0.2220128908753395,0.8890458941459656,True
control,20260918,Bearing1_4,33,0.21756509840488433,0.8653548359870911,True
control,20260918,Bearing1_4,34,0.2120214119553566,0.8322417140007019,True
control,20260918,Bearing1_4,35,0.2042986273765564,0.7850996255874634,True
control,20260918,Bearing1_4,36,0.19476087242364884,0.7281469702720642,True
control,20260918,Bearing1_4,37,0.19122507572174072,0.7169775366783142,True
control,20260918,Bearing1_4,38,0.19346997439861296,0.7350538969039917,True
control,20260918,Bearing1_4,39,0.19718554615974426,0.7554903030395508,True
control,20260918,Bearing1_4,40,0.20039816349744796,0.7737849950790405,True
control,20260918,Bearing1_4,41,0.20505935102701187,0.7993320822715759,True
control,20260918,Bearing1_4,42,0.2037768617272377,0.783850908279419,True
control,20260918,Bearing1_4,43,0.20672550797462463,0.8042105436325073,True
control,20260918,Bearing1_4,44,0.2075166955590248,0.8071917295455933,True
control,20260918,Bearing1_4,45,0.20796253979206086,0.8089665174484253,True
control,20260918,Bearing1_4,46,0.2083257868885994,0.812219500541687,True
control,20260918,Bearing1_4,47,0.20147310197353363,0.7659511566162109,True
control,20260918,Bearing1_4,48,0.1862630233168602,0.675674557685852,True
control,20260918,Bearing1_4,49,0.17099175825715066,0.601828932762146,True
control,20260918,Bearing1_4,50,0.16297852471470833,0.5883620381355286,True
control,20260918,Bearing1_4,51,0.1603865973651409,0.5863317847251892,True
control,20260918,Bearing1_4,52,0.16101404651999474,0.6011521816253662,True
control,20260918,Bearing1_4,53,0.1650626964867115,0.6152285933494568,True
control,20260918,Bearing1_4,54,0.17079325541853904,0.6422220468521118,True
control,20260918,Bearing1_4,55,0.17183592692017555,0.6445112824440002,True
control,20260918,Bearing1_4,56,0.18348074927926064,0.7017807364463806,True
control,20260918,Bearing1_4,57,0.1972477801144123,0.7624011039733887,True
control,20260918,Bearing1_4,58,0.2137350969016552,0.8411428332328796,True
control,20260918,Bearing1_4,59,0.23252863436937332,0.9269609451293945,True
control,20260918,Bearing1_4,60,0.24878529012203215,0.9680719375610352,True
control,20260918,Bearing1_4,61,0.25041276067495344,0.959875762462616,True
control,20260918,Bearing1_4,62,0.2550895094871521,0.9746609926223755,True
control,20260918,Bearing1_4,63,0.25432375222444537,0.9666208028793335,True
control,20260918,Bearing1_4,64,0.2572634905576706,0.9760079383850098,True
control,20260918,Bearing1_4,65,0.2670948222279549,1.0105483531951904,True
control,20260918,Bearing1_4,66,0.2699084773659706,1.0093294382095337,True
control,20260918,Bearing1_4,67,0.27217773348093033,1.0155646800994873,True
control,20260918,Bearing1_4,68,0.27680451720952987,1.0318629741668701,True
control,20260918,Bearing1_4,69,0.28314688950777056,1.0514270067214966,True
control,20260918,Bearing1_4,70,0.2874353751540184,1.061556100845337,True
control,20260918,Bearing1_4,71,0.29678761810064314,1.0975370407104492,True
control,20260918,Bearing1_4,72,0.30716529339551923,1.1302193403244019,True
control,20260918,Bearing1_4,73,0.3149602621793747,1.1522597074508667,True
control,20260918,Bearing1_4,74,0.32693769931793215,1.1939268112182617,True
control,20260918,Bearing1_4,75,0.33156746029853823,1.2046382427215576,True
control,20260918,Bearing1_4,76,0.3395467072725296,1.2338099479675293,True
control,20260918,Bearing1_4,77,0.3476923584938049,1.258721113204956,True
control,20260918,Bearing1_4,78,0.3557433605194092,1.2809555530548096,True
control,20260918,Bearing1_4,79,0.36830606758594514,1.3216054439544678,True
control,20260918,Bearing1_4,80,0.4027289092540741,1.4375393390655518,True
control,20260918,Bearing1_4,81,0.4509782373905182,1.5790953636169434,True
control,20260918,Bearing1_4,82,0.4997915416955948,1.71065354347229,True
control,20260918,Bearing1_4,83,0.5675581902265548,1.9038406610488892,True
control,20260918,Bearing1_4,84,0.6418730020523071,2.093987226486206,True
control,20260918,Bearing1_4,85,0.7288248926401139,2.321211338043213,True
control,20260918,Bearing1_4,86,0.8045811742544174,2.5015010833740234,True
control,20260918,Bearing1_4,87,0.8971512258052826,2.747267246246338,True
control,20260918,Bearing1_4,88,0.9965765953063965,2.9955759048461914,True
control,20260918,Bearing1_4,89,1.1073559939861297,3.27009916305542,True
control,20260918,Bearing1_4,90,1.1865180730819702,3.420185089111328,True
control,20260918,Bearing1_4,91,1.2442269265651702,3.535419464111328,True
control,20260918,Bearing1_4,92,1.2989134788513184,3.6597187519073486,True
control,20260918,Bearing1_4,93,1.3327152848243713,3.7142512798309326,True
control,20260918,Bearing1_4,94,1.3485156416893005,3.729818820953369,True
control,20260918,Bearing1_4,95,1.345945906639099,3.705462694168091,True
control,20260918,Bearing1_4,96,1.3492859125137329,3.7156035900115967,True
control,20260918,Bearing1_4,97,1.3406835913658142,3.6765060424804688,True
control,20260918,Bearing1_4,98,1.3238117933273315,3.630460262298584,True
control,20260918,Bearing1_4,99,1.2854962468147277,3.522688388824463,True
control,20260918,Bearing1_4,100,1.251376485824585,3.451220989227295,True
control,20260918,Bearing1_4,101,1.2331544041633606,3.4221482276916504,True
control,20260918,Bearing1_4,102,1.2100426197052,3.3616557121276855,True
control,20260918,Bearing1_4,103,1.1837425708770752,3.298497438430786,True
control,20260918,Bearing1_4,104,1.1680347323417664,3.2771995067596436,True
control,20260918,Bearing1_4,105,1.159162211418152,3.2642276287078857,True
control,20260918,Bearing1_4,106,1.1569018602371215,3.2639148235321045,True
control,20260918,Bearing1_4,107,1.14426509141922,3.230133533477783,True
control,20260918,Bearing1_4,108,1.1262376427650451,3.186040163040161,True
control,20260918,Bearing1_4,109,1.1231842279434203,3.1933584213256836,True
control,20260918,Bearing1_4,110,1.1200340151786805,3.1855530738830566,True
control,20260918,Bearing1_4,111,1.1151583075523377,3.1730644702911377,True
control,20260918,Bearing1_4,112,1.1137197732925415,3.17279052734375,True
control,20260918,Bearing1_4,113,1.1125019073486329,3.1737430095672607,True
control,20260918,Bearing1_4,114,1.1007088541984558,3.1373066902160645,True
control,20260918,Bearing1_4,115,1.0913338780403137,3.116856336593628,True
control,20260918,Bearing1_4,116,1.0775928497314453,3.0813190937042236,True
control,20260918,Bearing1_4,117,1.0718868851661683,3.0717363357543945,True
control,20260918,Bearing1_4,118,1.075156044960022,3.0862514972686768,True
control,20260918,Bearing1_4,119,1.059006440639496,3.031668186187744,True
control,20260918,Bearing1_4,120,1.059871757030487,3.053175210952759,True
control,20260918,Bearing1_4,121,1.1771206498146056,3.964373826980591,True
control,20260918,Bearing1_5,0,,,False
control,20260918,Bearing1_5,1,,,False
control,20260918,Bearing1_5,2,,,False
control,20260918,Bearing1_5,3,,,False
control,20260918,Bearing1_5,4,,,False
control,20260918,Bearing1_5,5,,,False
control,20260918,Bearing1_5,6,,,False
control,20260918,Bearing1_5,7,,,False
control,20260918,Bearing1_5,8,,,False
control,20260918,Bearing1_5,9,,,False
control,20260918,Bearing1_5,10,,,False
control,20260918,Bearing1_5,11,,,False
control,20260918,Bearing1_5,12,,,False
control,20260918,Bearing1_5,13,,,False
control,20260918,Bearing1_5,14,,,False
control,20260918,Bearing1_5,15,0.10454262048006058,0.24039682745933533,False
control,20260918,Bearing1_5,16,0.09777987003326416,0.21456581354141235,False
control,20260918,Bearing1_5,17,0.09366662551959355,0.18511275947093964,False
control,20260918,Bearing1_5,18,0.08967082388699055,0.1628047525882721,False
control,20260918,Bearing1_5,19,0.08722429424524307,0.14656177163124084,False
control,20260918,Bearing1_5,20,0.08789898082613945,0.1626031994819641,False
control,20260918,Bearing1_5,21,0.08862382918596268,0.17089197039604187,False
control,20260918,Bearing1_5,22,0.09046370163559914,0.1870369017124176,False
control,20260918,Bearing1_5,23,0.09187349594301647,0.19445426762104034,False
control,20260918,Bearing1_5,24,0.09313060492277145,0.2064647227525711,False
control,20260918,Bearing1_5,25,0.09402928352355958,0.2184201031923294,True
control,20260918,Bearing1_5,26,0.09710199162364005,0.23768582940101624,True
control,20260918,Bearing1_5,27,0.09835824742913246,0.24487194418907166,True
control,20260918,Bearing1_5,28,0.10005122348666191,0.2531399428844452,True
control,20260918,Bearing1_5,29,0.10048491880297661,0.25110000371932983,True
control,20260918,Bearing1_5,30,0.09916453137993812,0.23674461245536804,True
control,20260918,Bearing1_5,31,0.09835826605558395,0.22944529354572296,True
control,20260918,Bearing1_5,32,0.097111726552248,0.21901337802410126,True
control,20260918,Bearing1_5,33,0.10308780372142792,0.25595250725746155,True
control,20260918,Bearing1_5,34,0.1351719953119755,0.3869186043739319,True
control,20260918,Bearing1_5,35,0.1926841214299202,0.5824579000473022,True
control,20260918,Bearing1_5,36,0.2831976681947708,0.8678755760192871,True
control,20260918,Bearing1_5,37,0.4040794618427753,1.2316941022872925,True
control,20260918,Bearing1_5,38,0.5428093336522579,1.6269619464874268,True
control,20260918,Bearing1_5,39,0.7235363207757473,2.1514694690704346,True
control,20260918,Bearing1_5,40,0.9398769296705722,2.7388739585876465,True
control,20260918,Bearing1_5,41,1.1859493538737298,3.379429578781128,True
control,20260918,Bearing1_5,42,1.4537190601229668,4.051156520843506,True
control,20260918,Bearing1_5,43,1.7264010816812516,4.6873779296875,True
control,20260918,Bearing1_5,44,1.9794630706310272,5.227301597595215,True
control,20260918,Bearing1_5,45,2.210852897167206,5.704980850219727,True
control,20260918,Bearing1_5,46,2.4115810871124266,6.095523357391357,True
control,20260918,Bearing1_5,47,2.5860995769500734,6.426583290100098,True
control,20260918,Bearing1_5,48,2.7447459936141967,6.730257987976074,True
control,20260918,Bearing1_5,49,2.8638920068740843,6.919267177581787,True
control,20260918,Bearing1_5,50,2.950974869728088,7.054939270019531,True
control,20260918,Bearing1_5,51,3.0109993696212767,7.141772270202637,True
ranking,20260918,Bearing1_1,0,,,False
ranking,20260918,Bearing1_1,1,,,False
ranking,20260918,Bearing1_1,2,,,False
ranking,20260918,Bearing1_1,3,,,False
ranking,20260918,Bearing1_1,4,,,False
ranking,20260918,Bearing1_1,5,,,False
ranking,20260918,Bearing1_1,6,,,False
ranking,20260918,Bearing1_1,7,,,False
ranking,20260918,Bearing1_1,8,,,False
ranking,20260918,Bearing1_1,9,,,False
ranking,20260918,Bearing1_1,10,,,False
ranking,20260918,Bearing1_1,11,,,False
ranking,20260918,Bearing1_1,12,,,False
ranking,20260918,Bearing1_1,13,,,False
ranking,20260918,Bearing1_1,14,,,False
ranking,20260918,Bearing1_1,15,0.4310019016265869,1.5807108879089355,False
ranking,20260918,Bearing1_1,16,0.4510308504104614,1.6577584743499756,False
ranking,20260918,Bearing1_1,17,0.4858407974243164,1.7724541425704956,False
ranking,20260918,Bearing1_1,18,0.49817126989364624,1.791355013847351,False
ranking,20260918,Bearing1_1,19,0.5101756095886231,1.8241615295410156,False
ranking,20260918,Bearing1_1,20,0.5179922878742218,1.8423190116882324,False
ranking,20260918,Bearing1_1,21,0.5451610428946358,1.9324582815170288,False
ranking,20260918,Bearing1_1,22,0.5450185686349869,1.904271125793457,False
ranking,20260918,Bearing1_1,23,0.5586379501554701,1.955491542816162,False
ranking,20260918,Bearing1_1,24,0.580515843629837,2.016653537750244,False
ranking,20260918,Bearing1_1,25,0.6106227993965149,2.0861611366271973,True
ranking,20260918,Bearing1_1,26,0.6365821123123169,2.1498563289642334,True
ranking,20260918,Bearing1_1,27,0.6740926265716553,2.2521233558654785,True
ranking,20260918,Bearing1_1,28,0.700926148891449,2.3072562217712402,True
ranking,20260918,Bearing1_1,29,0.7306548297405243,2.38350248336792,True
ranking,20260918,Bearing1_1,30,0.770153933763504,2.4891350269317627,True
ranking,20260918,Bearing1_1,31,0.7932057738304138,2.5230562686920166,True
ranking,20260918,Bearing1_1,32,0.8218076407909394,2.598602533340454,True
ranking,20260918,Bearing1_1,33,0.841211587190628,2.630685806274414,True
ranking,20260918,Bearing1_1,34,0.8707519054412842,2.710963010787964,True
ranking,20260918,Bearing1_1,35,0.9121379792690277,2.825164794921875,True
ranking,20260918,Bearing1_1,36,0.9300685524940491,2.8423752784729004,True
ranking,20260918,Bearing1_1,37,0.9427521347999572,2.8731236457824707,True
ranking,20260918,Bearing1_1,38,0.9590028464794159,2.910956621170044,True
ranking,20260918,Bearing1_1,39,0.96557257771492,2.9132370948791504,True
ranking,20260918,Bearing1_1,40,0.9896707177162171,2.988157033920288,True
ranking,20260918,Bearing1_1,41,0.9980310440063477,2.992945909500122,True
ranking,20260918,Bearing1_1,42,1.003574925661087,3.006256341934204,True
ranking,20260918,Bearing1_1,43,0.9957110702991485,2.9723997116088867,True
ranking,20260918,Bearing1_1,44,0.9945742785930634,2.983635663986206,True
ranking,20260918,Bearing1_1,45,0.9725743293762207,2.9101014137268066,True
ranking,20260918,Bearing1_1,46,0.9948324739933014,3.008561849594116,True
ranking,20260918,Bearing1_1,47,0.994711285829544,2.98543119430542,True
ranking,20260918,Bearing1_1,48,0.9848018527030945,2.957216739654541,True
ranking,20260918,Bearing1_1,49,0.9771736681461334,2.942250967025757,True
ranking,20260918,Bearing1_1,50,0.9547757983207703,2.8719143867492676,True
ranking,20260918,Bearing1_1,51,0.9376563429832458,2.8390073776245117,True
ranking,20260918,Bearing1_1,52,0.9377441823482513,2.8607239723205566,True
ranking,20260918,Bearing1_1,53,0.9536517322063446,2.918579578399658,True
ranking,20260918,Bearing1_1,54,0.9366076290607452,2.838043689727783,True
ranking,20260918,Bearing1_1,55,0.9397418916225433,2.8651576042175293,True
ranking,20260918,Bearing1_1,56,0.9300124228000641,2.830383777618408,True
ranking,20260918,Bearing1_1,57,0.9173289716243744,2.791140556335449,True
ranking,20260918,Bearing1_1,58,0.9242895066738128,2.8315210342407227,True
ranking,20260918,Bearing1_1,59,0.9337787330150604,2.8610920906066895,True
ranking,20260918,Bearing1_1,60,0.9293443560600281,2.8378734588623047,True
ranking,20260918,Bearing1_1,61,0.9437170326709747,2.890111207962036,True
ranking,20260918,Bearing1_1,62,0.9417142331600189,2.860776662826538,True
ranking,20260918,Bearing1_1,63,0.9305348217487335,2.822263240814209,True
ranking,20260918,Bearing1_1,64,0.9472737371921539,2.8921995162963867,True
ranking,20260918,Bearing1_1,65,0.9566455245018005,2.905261993408203,True
ranking,20260918,Bearing1_1,66,0.9694232940673828,2.9361257553100586,True
ranking,20260918,Bearing1_1,67,0.9916801214218139,2.9966444969177246,True
ranking,20260918,Bearing1_1,68,1.0156028866767883,3.0515329837799072,True
ranking,20260918,Bearing1_1,69,1.0485618352890014,3.1310858726501465,True
ranking,20260918,Bearing1_1,70,1.1013117790222169,3.2682323455810547,True
ranking,20260918,Bearing1_1,71,1.1650522530078888,3.4203429222106934,True
ranking,20260918,Bearing1_1,72,1.2585274219512939,3.6565468311309814,True
ranking,20260918,Bearing1_1,73,1.3702608942985535,3.9176220893859863,True
ranking,20260918,Bearing1_1,74,1.479528284072876,4.141284465789795,True
ranking,20260918,Bearing1_1,75,1.619176459312439,4.470841407775879,True
ranking,20260918,Bearing1_1,76,1.7539388537406921,4.734234809875488,True
ranking,20260918,Bearing1_1,77,1.9193521976470946,5.116789817810059,True
ranking,20260918,Bearing1_1,78,2.1253557324409487,5.714841365814209,True
ranking,20260918,Bearing1_1,79,2.3473977923393248,6.293141841888428,True
ranking,20260918,Bearing1_1,80,2.5673197984695433,6.830620765686035,True
ranking,20260918,Bearing1_1,81,2.7795241117477416,7.326503753662109,True
ranking,20260918,Bearing1_1,82,2.981676256656647,7.793318271636963,True
ranking,20260918,Bearing1_1,83,3.174532175064087,8.245183944702148,True
ranking,20260918,Bearing1_1,84,3.35074303150177,8.652021408081055,True
ranking,20260918,Bearing1_1,85,3.5000115871429442,8.983538627624512,True
ranking,20260918,Bearing1_1,86,3.644883918762207,9.340927124023438,True
ranking,20260918,Bearing1_1,87,3.7618503093719484,9.600300788879395,True
ranking,20260918,Bearing1_1,88,3.837103343009949,9.630768775939941,True
ranking,20260918,Bearing1_1,89,3.888092517852783,9.660893440246582,True
ranking,20260918,Bearing1_1,90,3.923893427848816,9.684713363647461,True
ranking,20260918,Bearing1_1,91,3.9500788927078245,9.707818984985352,True
ranking,20260918,Bearing1_1,92,3.970217394828796,9.734452247619629,True
ranking,20260918,Bearing1_1,93,3.9856749296188356,9.750935554504395,True
ranking,20260918,Bearing1_1,94,3.9979790925979612,9.766923904418945,True
ranking,20260918,Bearing1_1,95,4.008095932006836,9.78254508972168,True
ranking,20260918,Bearing1_1,96,4.016728949546814,9.799245834350586,True
ranking,20260918,Bearing1_1,97,4.024312376976013,9.816034317016602,True
ranking,20260918,Bearing1_1,98,4.030950760841369,9.830093383789062,True
ranking,20260918,Bearing1_1,99,4.036817169189453,9.842700958251953,True
ranking,20260918,Bearing1_1,100,4.0418901443481445,9.852789878845215,True
ranking,20260918,Bearing1_1,101,4.046588802337647,9.866508483886719,True
ranking,20260918,Bearing1_1,102,4.050776052474975,9.876221656799316,True
ranking,20260918,Bearing1_1,103,4.05458517074585,9.885843276977539,True
ranking,20260918,Bearing1_1,104,4.058033752441406,9.894556045532227,True
ranking,20260918,Bearing1_1,105,4.061164140701294,9.902055740356445,True
ranking,20260918,Bearing1_1,106,4.0639200687408445,9.906930923461914,True
ranking,20260918,Bearing1_1,107,4.066271209716797,9.911271095275879,True
ranking,20260918,Bearing1_1,108,4.068343162536621,9.916345596313477,True
ranking,20260918,Bearing1_1,109,4.07029128074646,9.922260284423828,True
ranking,20260918,Bearing1_1,110,4.072283220291138,9.92956829071045,True
ranking,20260918,Bearing1_1,111,4.074155473709107,9.93623161315918,True
ranking,20260918,Bearing1_1,112,4.0760105609893795,9.942983627319336,True
ranking,20260918,Bearing1_1,113,4.077697896957398,9.94914436340332,True
ranking,20260918,Bearing1_1,114,4.079458475112915,9.957662582397461,True
ranking,20260918,Bearing1_1,115,4.081234312057495,9.966322898864746,True
ranking,20260918,Bearing1_1,116,4.083031272888183,9.976485252380371,True
ranking,20260918,Bearing1_1,117,4.084627389907837,9.981118202209473,True
ranking,20260918,Bearing1_1,118,4.0863659381866455,9.990734100341797,True
ranking,20260918,Bearing1_1,119,4.088007020950317,9.998408317565918,True
ranking,20260918,Bearing1_1,120,4.089633274078369,10.007654190063477,True
ranking,20260918,Bearing1_1,121,4.091510438919068,10.021825790405273,True
ranking,20260918,Bearing1_1,122,4.0943104267120365,10.055891036987305,True
ranking,20260918,Bearing1_2,0,,,False
ranking,20260918,Bearing1_2,1,,,False
ranking,20260918,Bearing1_2,2,,,False
ranking,20260918,Bearing1_2,3,,,False
ranking,20260918,Bearing1_2,4,,,False
ranking,20260918,Bearing1_2,5,,,False
ranking,20260918,Bearing1_2,6,,,False
ranking,20260918,Bearing1_2,7,,,False
ranking,20260918,Bearing1_2,8,,,False
ranking,20260918,Bearing1_2,9,,,False
ranking,20260918,Bearing1_2,10,,,False
ranking,20260918,Bearing1_2,11,,,False
ranking,20260918,Bearing1_2,12,,,False
ranking,20260918,Bearing1_2,13,,,False
ranking,20260918,Bearing1_2,14,,,False
ranking,20260918,Bearing1_2,15,0.07832913100719452,0.28526145219802856,False
ranking,20260918,Bearing1_2,16,0.09411952272057533,0.33863717317581177,False
ranking,20260918,Bearing1_2,17,0.0973304808139801,0.3369918167591095,False
ranking,20260918,Bearing1_2,18,0.09680799394845963,0.3128265142440796,False
ranking,20260918,Bearing1_2,19,0.09658513963222504,0.30707186460494995,False
ranking,20260918,Bearing1_2,20,0.09971776480476062,0.3245510160923004,False
ranking,20260918,Bearing1_2,21,0.1082538589835167,0.37369781732559204,False
ranking,20260918,Bearing1_2,22,0.11002289317548275,0.3691544830799103,False
ranking,20260918,Bearing1_2,23,0.10725367317597072,0.34606561064720154,False
ranking,20260918,Bearing1_2,24,0.10378831028938293,0.31720349192619324,False
ranking,20260918,Bearing1_2,25,0.10382105335593224,0.3088708519935608,True
ranking,20260918,Bearing1_2,26,0.09935038611292839,0.27766385674476624,True
ranking,20260918,Bearing1_2,27,0.09522108510136604,0.25814175605773926,True
ranking,20260918,Bearing1_2,28,0.09328435212373734,0.2535565495491028,True
ranking,20260918,Bearing1_2,29,0.0918976180255413,0.24510768055915833,True
ranking,20260918,Bearing1_2,30,0.08735579550266266,0.20635986328125,True
ranking,20260918,Bearing1_2,31,0.08963694721460343,0.22801204025745392,True
ranking,20260918,Bearing1_2,32,0.1005716048181057,0.2993956506252289,True
ranking,20260918,Bearing1_2,33,0.10948310047388077,0.3392033874988556,True
ranking,20260918,Bearing1_2,34,0.11398272067308426,0.35770612955093384,True
ranking,20260918,Bearing1_2,35,0.11569075435400009,0.3594352602958679,True
ranking,20260918,Bearing1_2,36,0.11717222705483436,0.3905980587005615,True
ranking,20260918,Bearing1_2,37,0.1335817590355873,0.48257318139076233,True
ranking,20260918,Bearing1_2,38,0.17289992943406104,0.6446975469589233,True
ranking,20260918,Bearing1_2,39,0.21381203085184097,0.7947391271591187,True
ranking,20260918,Bearing1_2,40,0.26860771477222445,1.0049968957901,True
ranking,20260918,Bearing1_2,41,0.28582486510276794,1.0200814008712769,True
ranking,20260918,Bearing1_2,42,0.30692330449819566,1.077039361000061,True
ranking,20260918,Bearing1_2,43,0.3628785029053688,1.2806894779205322,True
ranking,20260918,Bearing1_2,44,0.4076512731611729,1.4274730682373047,True
ranking,20260918,Bearing1_2,45,0.5194725751876831,1.8285572528839111,True
ranking,20260918,Bearing1_2,46,0.6757098510861397,2.2739763259887695,True
ranking,20260918,Bearing1_2,47,0.815631628036499,2.6045987606048584,True
ranking,20260918,Bearing1_2,48,0.8727166920900344,2.6837680339813232,True
ranking,20260918,Bearing1_2,49,0.9482110500335693,2.902519702911377,True
ranking,20260918,Bearing1_2,50,1.0649872481822968,3.2194037437438965,True
ranking,20260918,Bearing1_2,51,1.2160799205303192,3.6053993701934814,True
ranking,20260918,Bearing1_2,52,1.388139432668686,4.018645286560059,True
ranking,20260918,Bearing1_2,53,1.5477632641792298,4.352823734283447,True
ranking,20260918,Bearing1_2,54,1.715283703804016,4.726384162902832,True
ranking,20260918,Bearing1_2,55,1.8535994052886964,4.978218078613281,True
ranking,20260918,Bearing1_2,56,1.9610126733779907,5.14933967590332,True
ranking,20260918,Bearing1_2,57,2.095213532447815,5.449763774871826,True
ranking,20260918,Bearing1_2,58,2.31025230884552,5.974964141845703,True
ranking,20260918,Bearing1_2,59,2.5156628012657167,6.366019248962402,True
ranking,20260918,Bearing1_2,60,2.680768311023712,6.661942958831787,True
ranking,20260918,Bearing1_2,61,2.845227527618408,6.992440700531006,True
ranking,20260918,Bearing1_2,62,3.0001171350479128,7.457799434661865,True
ranking,20260918,Bearing1_2,63,3.153120493888855,7.982438087463379,True
ranking,20260918,Bearing1_2,64,3.3255932092666627,8.57821273803711,True
ranking,20260918,Bearing1_2,65,3.4693652391433716,9.006579399108887,True
ranking,20260918,Bearing1_2,66,3.607091522216797,9.505128860473633,True
ranking,20260918,Bearing1_2,67,3.723910093307495,9.911887168884277,True
ranking,20260918,Bearing1_2,68,3.821475887298584,10.25728988647461,True
ranking,20260918,Bearing1_2,69,3.90986647605896,10.588205337524414,True
ranking,20260918,Bearing1_2,70,3.9865815162658693,10.897322654724121,True
ranking,20260918,Bearing1_2,71,4.0566445112228395,11.176082611083984,True
ranking,20260918,Bearing1_2,72,4.107911610603333,11.264795303344727,True
ranking,20260918,Bearing1_2,73,4.1455257654190065,11.276509284973145,True
ranking,20260918,Bearing1_2,74,4.173907041549683,11.283068656921387,True
ranking,20260918,Bearing1_2,75,4.196040630340576,11.310616493225098,True
ranking,20260918,Bearing1_2,76,4.212979888916015,11.29084300994873,True
ranking,20260918,Bearing1_2,77,4.226293420791626,11.281370162963867,True
ranking,20260918,Bearing1_2,78,4.237520980834961,11.303449630737305,True
ranking,20260918,Bearing1_2,79,4.247457361221313,11.335153579711914,True
ranking,20260918,Bearing1_2,80,4.256353712081909,11.369216918945312,True
ranking,20260918,Bearing1_2,81,4.265358924865723,11.440157890319824,True
ranking,20260918,Bearing1_2,82,4.2732625007629395,11.462969779968262,True
ranking,20260918,Bearing1_2,83,4.28046178817749,11.491144180297852,True
ranking,20260918,Bearing1_2,84,4.286979007720947,11.516018867492676,True
ranking,20260918,Bearing1_2,85,4.293011474609375,11.540294647216797,True
ranking,20260918,Bearing1_2,86,4.298739242553711,11.571761131286621,True
ranking,20260918,Bearing1_2,87,4.304159116744995,11.600400924682617,True
ranking,20260918,Bearing1_2,88,4.308698225021362,11.59913444519043,True
ranking,20260918,Bearing1_2,89,4.313056182861328,11.621830940246582,True
ranking,20260918,Bearing1_2,90,4.316756010055542,11.619585037231445,True
ranking,20260918,Bearing1_2,91,4.320091819763183,11.624458312988281,True
ranking,20260918,Bearing1_2,92,4.323423528671265,11.645147323608398,True
ranking,20260918,Bearing1_2,93,4.326746654510498,11.668278694152832,True
ranking,20260918,Bearing1_2,94,4.329776000976563,11.676806449890137,True
ranking,20260918,Bearing1_2,95,4.3328581809997555,11.70338249206543,True
ranking,20260918,Bearing1_2,96,4.335741567611694,11.716262817382812,True
ranking,20260918,Bearing1_2,97,4.338493776321411,11.73249626159668,True
ranking,20260918,Bearing1_2,98,4.3413981914520265,11.760726928710938,True
ranking,20260918,Bearing1_2,99,4.344118118286133,11.775721549987793,True
ranking,20260918,Bearing1_2,100,4.346715927124023,11.791133880615234,True
ranking,20260918,Bearing1_2,101,4.349120616912842,11.802267074584961,True
ranking,20260918,Bearing1_2,102,4.3514447689056395,11.818540573120117,True
ranking,20260918,Bearing1_2,103,4.353577041625977,11.827544212341309,True
ranking,20260918,Bearing1_2,104,4.355571031570435,11.837911605834961,True
ranking,20260918,Bearing1_2,105,4.357387447357178,11.843536376953125,True
ranking,20260918,Bearing1_2,106,4.359121942520142,11.853008270263672,True
ranking,20260918,Bearing1_2,107,4.360814094543457,11.863164901733398,True
ranking,20260918,Bearing1_2,108,4.362416744232178,11.872108459472656,True
ranking,20260918,Bearing1_2,109,4.363950443267822,11.8804349899292,True
ranking,20260918,Bearing1_2,110,4.365378904342651,11.887042999267578,True
ranking,20260918,Bearing1_2,111,4.366607809066773,11.887322425842285,True
ranking,20260918,Bearing1_2,112,4.367652845382691,11.884328842163086,True
ranking,20260918,Bearing1_2,113,4.368477725982666,11.877644538879395,True
ranking,20260918,Bearing1_2,114,4.3691541194915775,11.870767593383789,True
ranking,20260918,Bearing1_2,115,4.369798946380615,11.869571685791016,True
ranking,20260918,Bearing1_2,116,4.37038288116455,11.867444038391113,True
ranking,20260918,Bearing1_2,117,4.37091064453125,11.864994049072266,True
ranking,20260918,Bearing1_2,118,4.371380949020386,11.861859321594238,True
ranking,20260918,Bearing1_2,119,4.371850824356079,11.86170768737793,True
ranking,20260918,Bearing1_2,120,4.372293710708618,11.86067008972168,True
ranking,20260918,Bearing1_2,121,4.3727967739105225,11.864751815795898,True
ranking,20260918,Bearing1_2,122,4.373343563079834,11.869241714477539,True
ranking,20260918,Bearing1_2,123,4.373984861373901,11.878317832946777,True
ranking,20260918,Bearing1_2,124,4.374674606323242,11.88790512084961,True
ranking,20260918,Bearing1_2,125,4.37535662651062,11.897150039672852,True
ranking,20260918,Bearing1_2,126,4.376069831848144,11.905263900756836,True
ranking,20260918,Bearing1_2,127,4.376817798614502,11.913225173950195,True
ranking,20260918,Bearing1_2,128,4.37760443687439,11.923460960388184,True
ranking,20260918,Bearing1_2,129,4.378391313552856,11.932615280151367,True
ranking,20260918,Bearing1_2,130,4.37921724319458,11.944245338439941,True
ranking,20260918,Bearing1_2,131,4.380019998550415,11.953592300415039,True
ranking,20260918,Bearing1_2,132,4.380773830413818,11.962820053100586,True
ranking,20260918,Bearing1_2,133,4.381509256362915,11.971800804138184,True
ranking,20260918,Bearing1_2,134,4.382219982147217,11.978128433227539,True
ranking,20260918,Bearing1_2,135,4.382932472229004,11.984493255615234,True
ranking,20260918,Bearing1_2,136,4.383626270294189,11.993343353271484,True
ranking,20260918,Bearing1_2,137,4.384273386001587,12.00068473815918,True
ranking,20260918,Bearing1_2,138,4.384884214401245,12.006479263305664,True
ranking,20260918,Bearing1_2,139,4.385447645187378,12.010229110717773,True
ranking,20260918,Bearing1_2,140,4.385935878753662,12.011574745178223,True
ranking,20260918,Bearing1_2,141,4.386365270614624,12.011935234069824,True
ranking,20260918,Bearing1_2,142,4.386746263504028,12.012174606323242,True
ranking,20260918,Bearing1_2,143,4.387029027938842,12.008977890014648,True
ranking,20260918,Bearing1_2,144,4.387266397476196,12.008056640625,True
ranking,20260918,Bearing1_2,145,4.387494468688965,12.007669448852539,True
ranking,20260918,Bearing1_2,146,4.387750053405762,12.011397361755371,True
ranking,20260918,Bearing1_2,147,4.388077116012573,12.01823902130127,True
ranking,20260918,Bearing1_2,148,4.388461875915527,12.026178359985352,True
ranking,20260918,Bearing1_2,149,4.3889154434204105,12.03605842590332,True
ranking,20260918,Bearing1_2,150,4.389433717727661,12.048206329345703,True
ranking,20260918,Bearing1_2,151,4.390041542053223,12.062789916992188,True
ranking,20260918,Bearing1_2,152,4.3907139778137205,12.077611923217773,True
ranking,20260918,Bearing1_2,153,4.3914735317230225,12.094331741333008,True
ranking,20260918,Bearing1_2,154,4.392285680770874,12.111272811889648,True
ranking,20260918,Bearing1_2,155,4.393114995956421,12.128435134887695,True
ranking,20260918,Bearing1_2,156,4.393909502029419,12.139823913574219,True
ranking,20260918,Bearing1_2,157,4.394641637802124,12.150111198425293,True
ranking,20260918,Bearing1_2,158,4.395357084274292,12.162088394165039,True
ranking,20260918,Bearing1_2,159,4.396056270599365,12.174339294433594,True
ranking,20260918,Bearing1_2,160,4.3968699932098385,12.196332931518555,True
ranking,20260918,Bearing1_3,0,,,False
ranking,20260918,Bearing1_3,1,,,False
ranking,20260918,Bearing1_3,2,,,False
ranking,20260918,Bearing1_3,3,,,False
ranking,20260918,Bearing1_3,4,,,False
ranking,20260918,Bearing1_3,5,,,False
ranking,20260918,Bearing1_3,6,,,False
ranking,20260918,Bearing1_3,7,,,False
ranking,20260918,Bearing1_3,8,,,False
ranking,20260918,Bearing1_3,9,,,False
ranking,20260918,Bearing1_3,10,,,False
ranking,20260918,Bearing1_3,11,,,False
ranking,20260918,Bearing1_3,12,,,False
ranking,20260918,Bearing1_3,13,,,False
ranking,20260918,Bearing1_3,14,,,False
ranking,20260918,Bearing1_3,15,0.05750776082277298,0.09610585123300552,False
ranking,20260918,Bearing1_3,16,0.05793311819434166,0.0979515016078949,False
ranking,20260918,Bearing1_3,17,0.058596634616454445,0.11188552528619766,False
ranking,20260918,Bearing1_3,18,0.06901269126683474,0.19195203483104706,False
ranking,20260918,Bearing1_3,19,0.07904194965958596,0.2496413290500641,False
ranking,20260918,Bearing1_3,20,0.08763105981051922,0.2976231276988983,False
ranking,20260918,Bearing1_3,21,0.09274592623114586,0.32334375381469727,False
ranking,20260918,Bearing1_3,22,0.10074405604973435,0.363003671169281,False
ranking,20260918,Bearing1_3,23,0.10848549712035391,0.39680683612823486,False
ranking,20260918,Bearing1_3,24,0.11088578291237354,0.40596818923950195,False
ranking,20260918,Bearing1_3,25,0.11777576915919781,0.44603413343429565,True
ranking,20260918,Bearing1_3,26,0.12377640642225743,0.48278871178627014,True
ranking,20260918,Bearing1_3,27,0.1310997873544693,0.5246332883834839,True
ranking,20260918,Bearing1_3,28,0.1339806593954563,0.5325088500976562,True
ranking,20260918,Bearing1_3,29,0.13573150262236594,0.5418086647987366,True
ranking,20260918,Bearing1_3,30,0.13363849818706514,0.5311185717582703,True
ranking,20260918,Bearing1_3,31,0.13471159487962722,0.5400959849357605,True
ranking,20260918,Bearing1_3,32,0.1312633566558361,0.5241339206695557,True
ranking,20260918,Bearing1_3,33,0.12366793826222419,0.49486055970191956,True
ranking,20260918,Bearing1_3,34,0.11891472712159157,0.48195284605026245,True
ranking,20260918,Bearing1_3,35,0.11576071381568909,0.4731990396976471,True
ranking,20260918,Bearing1_3,36,0.11398005858063698,0.4700429439544678,True
ranking,20260918,Bearing1_3,37,0.10699774473905563,0.43677911162376404,True
ranking,20260918,Bearing1_3,38,0.09954393804073333,0.40674981474876404,True
ranking,20260918,Bearing1_3,39,0.09054464474320412,0.3634348511695862,True
ranking,20260918,Bearing1_3,40,0.08507432863116264,0.3419404625892639,True
ranking,20260918,Bearing1_3,41,0.07876685559749604,0.31601279973983765,True
ranking,20260918,Bearing1_3,42,0.07325101345777511,0.29687851667404175,True
ranking,20260918,Bearing1_3,43,0.0682846661657095,0.27328991889953613,True
ranking,20260918,Bearing1_3,44,0.06567825041711331,0.26569926738739014,True
ranking,20260918,Bearing1_3,45,0.061459319293498994,0.24532660841941833,True
ranking,20260918,Bearing1_3,46,0.05694529637694359,0.22126677632331848,True
ranking,20260918,Bearing1_3,47,0.05658930130302906,0.22592201828956604,True
ranking,20260918,Bearing1_3,48,0.057653399929404256,0.23301632702350616,True
ranking,20260918,Bearing1_3,49,0.06283450163900853,0.2640635371208191,True
ranking,20260918,Bearing1_3,50,0.06394590251147747,0.26839303970336914,True
ranking,20260918,Bearing1_3,51,0.0625695064663887,0.260709673166275,True
ranking,20260918,Bearing1_3,52,0.060316433757543565,0.2409464418888092,True
ranking,20260918,Bearing1_3,53,0.060564639046788216,0.2398112565279007,True
ranking,20260918,Bearing1_3,54,0.05936122462153435,0.2243357002735138,True
ranking,20260918,Bearing1_3,55,0.05912349186837673,0.221642404794693,True
ranking,20260918,Bearing1_3,56,0.058588771522045134,0.21273675560951233,True
ranking,20260918,Bearing1_3,57,0.057746779173612595,0.20010140538215637,True
ranking,20260918,Bearing1_3,58,0.06302236467599868,0.2282659262418747,True
ranking,20260918,Bearing1_3,59,0.0715554341673851,0.2614142596721649,True
ranking,20260918,Bearing1_3,60,0.09097234159708023,0.33968767523765564,True
ranking,20260918,Bearing1_3,61,0.1072788868099451,0.39857912063598633,True
ranking,20260918,Bearing1_3,62,0.1283905018121004,0.49215373396873474,True
ranking,20260918,Bearing1_3,63,0.15031274370849132,0.5827553272247314,True
ranking,20260918,Bearing1_3,64,0.16871249452233314,0.6578611135482788,True
ranking,20260918,Bearing1_3,65,0.1854771874845028,0.7243267893791199,True
ranking,20260918,Bearing1_3,66,0.20875691287219525,0.8289670944213867,True
ranking,20260918,Bearing1_3,67,0.23518023937940596,0.9335963129997253,True
ranking,20260918,Bearing1_3,68,0.2554022744297981,0.9984180331230164,True
ranking,20260918,Bearing1_3,69,0.2706334039568901,1.043195366859436,True
ranking,20260918,Bearing1_3,70,0.2775472864508629,1.0598777532577515,True
ranking,20260918,Bearing1_3,71,0.2990162387490273,1.1402089595794678,True
ranking,20260918,Bearing1_3,72,0.3274977430701256,1.2273310422897339,True
ranking,20260918,Bearing1_3,73,0.35461403876543046,1.3009507656097412,True
ranking,20260918,Bearing1_3,74,0.3900439292192459,1.4089953899383545,True
ranking,20260918,Bearing1_3,75,0.42932879030704496,1.5256640911102295,True
ranking,20260918,Bearing1_3,76,0.46602683067321776,1.6214338541030884,True
ranking,20260918,Bearing1_3,77,0.5031268030405045,1.7220561504364014,True
ranking,20260918,Bearing1_3,78,0.5443023592233658,1.8324544429779053,True
ranking,20260918,Bearing1_3,79,0.5788828432559967,1.9202083349227905,True
ranking,20260918,Bearing1_3,80,0.6204215586185455,2.035616397857666,True
ranking,20260918,Bearing1_3,81,0.6511649310588836,2.101930856704712,True
ranking,20260918,Bearing1_3,82,0.6766490519046784,2.1585476398468018,True
ranking,20260918,Bearing1_3,83,0.7070172607898713,2.2383193969726562,True
ranking,20260918,Bearing1_3,84,0.7327420711517334,2.294520378112793,True
ranking,20260918,Bearing1_3,85,0.7567184865474701,2.349029064178467,True
ranking,20260918,Bearing1_3,86,0.7703608930110931,2.369248390197754,True
ranking,20260918,Bearing1_3,87,0.7881020426750183,2.4143004417419434,True
ranking,20260918,Bearing1_3,88,0.8098855137825012,2.468461275100708,True
ranking,20260918,Bearing1_3,89,0.8383639574050903,2.538818836212158,True
ranking,20260918,Bearing1_3,90,0.8611275851726532,2.5864131450653076,True
ranking,20260918,Bearing1_3,91,0.9155745506286621,2.746676206588745,True
ranking,20260918,Bearing1_3,92,0.9721466660499573,2.876234292984009,True
ranking,20260918,Bearing1_3,93,1.038700270652771,3.0356686115264893,True
ranking,20260918,Bearing1_3,94,1.1096373081207276,3.198683738708496,True
ranking,20260918,Bearing1_3,95,1.1906294465065002,3.3865132331848145,True
ranking,20260918,Bearing1_3,96,1.2761986672878265,3.583500623703003,True
ranking,20260918,Bearing1_3,97,1.3497872948646545,3.7368850708007812,True
ranking,20260918,Bearing1_3,98,1.4245684146881104,3.903785228729248,True
ranking,20260918,Bearing1_3,99,1.5015561699867248,4.075682640075684,True
ranking,20260918,Bearing1_3,100,1.5830841064453125,4.258383274078369,True
ranking,20260918,Bearing1_3,101,1.6388635396957398,4.347109794616699,True
ranking,20260918,Bearing1_3,102,1.6976387262344361,4.476720333099365,True
ranking,20260918,Bearing1_3,103,1.7446294665336608,4.564897060394287,True
ranking,20260918,Bearing1_3,104,1.7929431796073914,4.667638301849365,True
ranking,20260918,Bearing1_3,105,1.8375311493873596,4.75877046585083,True
ranking,20260918,Bearing1_3,106,1.8905029058456422,4.876858234405518,True
ranking,20260918,Bearing1_3,107,1.9606290102005004,5.0383100509643555,True
ranking,20260918,Bearing1_3,108,2.0215722918510437,5.149864673614502,True
ranking,20260918,Bearing1_3,109,2.0874714851379395,5.287394046783447,True
ranking,20260918,Bearing1_3,110,2.1566282868385316,5.427834510803223,True
ranking,20260918,Bearing1_3,111,2.2095860958099367,5.514519691467285,True
ranking,20260918,Bearing1_3,112,2.2602715253829957,5.613099575042725,True
ranking,20260918,Bearing1_3,113,2.3172765731811524,5.729248046875,True
ranking,20260918,Bearing1_3,114,2.365491271018982,5.810099124908447,True
ranking,20260918,Bearing1_3,115,2.4023147106170653,5.86675500869751,True
ranking,20260918,Bearing1_3,116,2.4447017431259157,5.954381465911865,True
ranking,20260918,Bearing1_3,117,2.476147937774658,5.999567985534668,True
ranking,20260918,Bearing1_3,118,2.513955760002136,6.0780415534973145,True
ranking,20260918,Bearing1_3,119,2.553631854057312,6.156569480895996,True
ranking,20260918,Bearing1_3,120,2.593872404098511,6.23292875289917,True
ranking,20260918,Bearing1_3,121,2.6494000911712647,6.352209568023682,True
ranking,20260918,Bearing1_3,122,2.70904541015625,6.472907066345215,True
ranking,20260918,Bearing1_3,123,2.7747040510177614,6.619653224945068,True
ranking,20260918,Bearing1_3,124,2.8543084144592283,6.802630424499512,True
ranking,20260918,Bearing1_3,125,2.9385103940963746,6.963197231292725,True
ranking,20260918,Bearing1_3,126,3.0189862728118895,7.124615669250488,True
ranking,20260918,Bearing1_3,127,3.103809285163879,7.304739475250244,True
ranking,20260918,Bearing1_3,128,3.1953738212585447,7.54428768157959,True
ranking,20260918,Bearing1_3,129,3.287547063827515,7.788665771484375,True
ranking,20260918,Bearing1_3,130,3.374410533905029,7.984171390533447,True
ranking,20260918,Bearing1_3,131,3.4681559801101685,8.312650680541992,True
ranking,20260918,Bearing1_3,132,3.5584034442901613,8.62797737121582,True
ranking,20260918,Bearing1_3,133,3.6409584045410157,8.949365615844727,True
ranking,20260918,Bearing1_3,134,3.7179054975509644,9.263168334960938,True
ranking,20260918,Bearing1_3,135,3.798428678512573,9.609502792358398,True
ranking,20260918,Bearing1_3,136,3.873893880844116,9.92905044555664,True
ranking,20260918,Bearing1_3,137,3.945573401451111,10.243814468383789,True
ranking,20260918,Bearing1_3,138,4.00564033985138,10.488104820251465,True
ranking,20260918,Bearing1_3,139,4.055752086639404,10.69282341003418,True
ranking,20260918,Bearing1_3,140,4.1034969091415405,10.937886238098145,True
ranking,20260918,Bearing1_3,141,4.140616178512573,11.052925109863281,True
ranking,20260918,Bearing1_3,142,4.169905376434326,11.143269538879395,True
ranking,20260918,Bearing1_3,143,4.192626333236694,11.189435005187988,True
ranking,20260918,Bearing1_3,144,4.210664892196656,11.227783203125,True
ranking,20260918,Bearing1_3,145,4.225867986679077,11.289405822753906,True
ranking,20260918,Bearing1_3,146,4.23842830657959,11.326177597045898,True
ranking,20260918,Bearing1_3,147,4.248946714401245,11.354498863220215,True
ranking,20260918,Bearing1_3,148,4.258001041412354,11.384079933166504,True
ranking,20260918,Bearing1_3,149,4.266689205169678,11.45596981048584,True
ranking,20260918,Bearing1_3,150,4.274946165084839,11.52641487121582,True
ranking,20260918,Bearing1_3,151,4.28283429145813,11.595991134643555,True
ranking,20260918,Bearing1_3,152,4.290427255630493,11.667482376098633,True
ranking,20260918,Bearing1_3,153,4.2976123809814455,11.73086929321289,True
ranking,20260918,Bearing1_3,154,4.304517984390259,11.797297477722168,True
ranking,20260918,Bearing1_3,155,4.310673379898072,11.838257789611816,True
ranking,20260918,Bearing1_3,156,4.316482782363892,11.889074325561523,True
ranking,20260918,Bearing1_3,157,4.322034549713135,11.943402290344238,True
ranking,20260918,Bearing1_4,0,,,False
ranking,20260918,Bearing1_4,1,,,False
ranking,20260918,Bearing1_4,2,,,False
ranking,20260918,Bearing1_4,3,,,False
ranking,20260918,Bearing1_4,4,,,False
ranking,20260918,Bearing1_4,5,,,False
ranking,20260918,Bearing1_4,6,,,False
ranking,20260918,Bearing1_4,7,,,False
ranking,20260918,Bearing1_4,8,,,False
ranking,20260918,Bearing1_4,9,,,False
ranking,20260918,Bearing1_4,10,,,False
ranking,20260918,Bearing1_4,11,,,False
ranking,20260918,Bearing1_4,12,,,False
ranking,20260918,Bearing1_4,13,,,False
ranking,20260918,Bearing1_4,14,,,False
ranking,20260918,Bearing1_4,15,0.1870185285806656,0.7088103294372559,False
ranking,20260918,Bearing1_4,16,0.19119812548160553,0.7214310169219971,False
ranking,20260918,Bearing1_4,17,0.1945076286792755,0.743253231048584,False
ranking,20260918,Bearing1_4,18,0.19434547051787376,0.7358604669570923,False
ranking,20260918,Bearing1_4,19,0.19498329758644103,0.739304780960083,False
ranking,20260918,Bearing1_4,20,0.20215706278880438,0.7860205173492432,False
ranking,20260918,Bearing1_4,21,0.2028181744473321,0.7796124815940857,False
ranking,20260918,Bearing1_4,22,0.20744412392377853,0.8102059364318848,False
ranking,20260918,Bearing1_4,23,0.21009837256537545,0.8232985138893127,False
ranking,20260918,Bearing1_4,24,0.21270959079265594,0.83753901720047,False
ranking,20260918,Bearing1_4,25,0.22144824415445327,0.8887463808059692,True
ranking,20260918,Bearing1_4,26,0.22839963734149932,0.9267333745956421,True
ranking,20260918,Bearing1_4,27,0.23368038535118102,0.951966404914856,True
ranking,20260918,Bearing1_4,28,0.23776000440120698,0.9738384485244751,True
ranking,20260918,Bearing1_4,29,0.23725098371505737,0.965939998626709,True
ranking,20260918,Bearing1_4,30,0.23246464729309083,0.9335775375366211,True
ranking,20260918,Bearing1_4,31,0.22831882387399674,0.9147068858146667,True
ranking,20260918,Bearing1_4,32,0.2233906403183937,0.8890458941459656,True
ranking,20260918,Bearing1_4,33,0.21891991198062896,0.8653548359870911,True
ranking,20260918,Bearing1_4,34,0.21330829411745073,0.8322417140007019,True
ranking,20260918,Bearing1_4,35,0.20547448545694352,0.7850996255874634,True
ranking,20260918,Bearing1_4,36,0.19581760615110397,0.7281469702720642,True
ranking,20260918,Bearing1_4,37,0.1923101618885994,0.7169775366783142,True
ranking,20260918,Bearing1_4,38,0.19470784962177276,0.7350538969039917,True
ranking,20260918,Bearing1_4,39,0.19859538078308106,0.7554903030395508,True
ranking,20260918,Bearing1_4,40,0.2019391432404518,0.7737849950790405,True
ranking,20260918,Bearing1_4,41,0.20679074823856353,0.7993320822715759,True
ranking,20260918,Bearing1_4,42,0.20561283230781555,0.783850908279419,True
ranking,20260918,Bearing1_4,43,0.20870479345321655,0.8042105436325073,True
ranking,20260918,Bearing1_4,44,0.2096054494380951,0.8071917295455933,True
ranking,20260918,Bearing1_4,45,0.2101340115070343,0.8089665174484253,True
ranking,20260918,Bearing1_4,46,0.21056617200374603,0.812219500541687,True
ranking,20260918,Bearing1_4,47,0.20360028892755508,0.7659511566162109,True
ranking,20260918,Bearing1_4,48,0.18798759207129478,0.675674557685852,True
ranking,20260918,Bearing1_4,49,0.17219844684004784,0.601828932762146,True
ranking,20260918,Bearing1_4,50,0.16330636218190192,0.5883620381355286,True
ranking,20260918,Bearing1_4,51,0.15987667664885521,0.5863317847251892,True
ranking,20260918,Bearing1_4,52,0.15973413810133935,0.6011521816253662,True
ranking,20260918,Bearing1_4,53,0.16294276788830758,0.6152285933494568,True
ranking,20260918,Bearing1_4,54,0.16796473786234856,0.6422220468521118,True
ranking,20260918,Bearing1_4,55,0.16837802305817604,0.6445112824440002,True
ranking,20260918,Bearing1_4,56,0.1793038733303547,0.7017807364463806,True
ranking,20260918,Bearing1_4,57,0.19249424561858178,0.7624011039733887,True
ranking,20260918,Bearing1_4,58,0.20863002687692642,0.8411428332328796,True
ranking,20260918,Bearing1_4,59,0.22720895409584047,0.9269609451293945,True
ranking,20260918,Bearing1_4,60,0.2436000421643257,0.9680719375610352,True
ranking,20260918,Bearing1_4,61,0.24545442461967468,0.959875762462616,True
ranking,20260918,Bearing1_4,62,0.25014764368534087,0.9746609926223755,True
ranking,20260918,Bearing1_4,63,0.2494407907128334,0.9666208028793335,True
ranking,20260918,Bearing1_4,64,0.25238866060972215,0.9760079383850098,True
ranking,20260918,Bearing1_4,65,0.26209390461444854,1.0105483531951904,True
ranking,20260918,Bearing1_4,66,0.2649611085653305,1.0093294382095337,True
ranking,20260918,Bearing1_4,67,0.2671767771244049,1.0155646800994873,True
ranking,20260918,Bearing1_4,68,0.2717587769031525,1.0318629741668701,True
ranking,20260918,Bearing1_4,69,0.27806520462036133,1.0514270067214966,True
ranking,20260918,Bearing1_4,70,0.2823363125324249,1.061556100845337,True
ranking,20260918,Bearing1_4,71,0.29158255457878113,1.0975370407104492,True
ranking,20260918,Bearing1_4,72,0.3019324496388435,1.1302193403244019,True
ranking,20260918,Bearing1_4,73,0.30969841182231905,1.1522597074508667,True
ranking,20260918,Bearing1_4,74,0.32160439193248747,1.1939268112182617,True
ranking,20260918,Bearing1_4,75,0.32630716264247894,1.2046382427215576,True
ranking,20260918,Bearing1_4,76,0.3342018574476242,1.2338099479675293,True
ranking,20260918,Bearing1_4,77,0.34237626791000364,1.258721113204956,True
ranking,20260918,Bearing1_4,78,0.350398114323616,1.2809555530548096,True
ranking,20260918,Bearing1_4,79,0.36291643679142,1.3216054439544678,True
ranking,20260918,Bearing1_4,80,0.39719058573246,1.4375393390655518,True
ranking,20260918,Bearing1_4,81,0.4452621579170227,1.5790953636169434,True
ranking,20260918,Bearing1_4,82,0.4939054846763611,1.71065354347229,True
ranking,20260918,Bearing1_4,83,0.5613878726959228,1.9038406610488892,True
ranking,20260918,Bearing1_4,84,0.6354635208845139,2.093987226486206,True
ranking,20260918,Bearing1_4,85,0.7220723032951355,2.321211338043213,True
ranking,20260918,Bearing1_4,86,0.797666335105896,2.5015010833740234,True
ranking,20260918,Bearing1_4,87,0.8898827075958252,2.747267246246338,True
ranking,20260918,Bearing1_4,88,0.9890988379716873,2.9955759048461914,True
ranking,20260918,Bearing1_4,89,1.0996760785579682,3.27009916305542,True
ranking,20260918,Bearing1_4,90,1.1789175271987915,3.420185089111328,True
ranking,20260918,Bearing1_4,91,1.2366549134254456,3.535419464111328,True
ranking,20260918,Bearing1_4,92,1.291347438097,3.6597187519073486,True
ranking,20260918,Bearing1_4,93,1.325326383113861,3.7142512798309326,True
ranking,20260918,Bearing1_4,94,1.3413206338882446,3.729818820953369,True
ranking,20260918,Bearing1_4,95,1.3389469742774964,3.705462694168091,True
ranking,20260918,Bearing1_4,96,1.3423645615577697,3.7156035900115967,True
ranking,20260918,Bearing1_4,97,1.3339464664459229,3.6765060424804688,True
ranking,20260918,Bearing1_4,98,1.3171458125114441,3.630460262298584,True
ranking,20260918,Bearing1_4,99,1.2789352655410766,3.522688388824463,True
ranking,20260918,Bearing1_4,100,1.2447416663169861,3.451220989227295,True
ranking,20260918,Bearing1_4,101,1.2264492869377137,3.4221482276916504,True
ranking,20260918,Bearing1_4,102,1.2033705830574035,3.3616557121276855,True
ranking,20260918,Bearing1_4,103,1.1770402431488036,3.298497438430786,True
ranking,20260918,Bearing1_4,104,1.1612094640731812,3.2771995067596436,True
ranking,20260918,Bearing1_4,105,1.1522555232048035,3.2642276287078857,True
ranking,20260918,Bearing1_4,106,1.149925208091736,3.2639148235321045,True
ranking,20260918,Bearing1_4,107,1.1372844099998474,3.230133533477783,True
ranking,20260918,Bearing1_4,108,1.1192646026611328,3.186040163040161,True
ranking,20260918,Bearing1_4,109,1.1161400914192199,3.1933584213256836,True
ranking,20260918,Bearing1_4,110,1.1129989624023438,3.1855530738830566,True
ranking,20260918,Bearing1_4,111,1.1080928683280944,3.1730644702911377,True
ranking,20260918,Bearing1_4,112,1.1066032767295837,3.17279052734375,True
ranking,20260918,Bearing1_4,113,1.1053397893905639,3.1737430095672607,True
ranking,20260918,Bearing1_4,114,1.093581449985504,3.1373066902160645,True
ranking,20260918,Bearing1_4,115,1.0842131853103638,3.116856336593628,True
ranking,20260918,Bearing1_4,116,1.0705169320106507,3.0813190937042236,True
ranking,20260918,Bearing1_4,117,1.0647919058799744,3.0717363357543945,True
ranking,20260918,Bearing1_4,118,1.0680137395858764,3.0862514972686768,True
ranking,20260918,Bearing1_4,119,1.0519496321678161,3.031668186187744,True
ranking,20260918,Bearing1_4,120,1.052702009677887,3.053175210952759,True
ranking,20260918,Bearing1_4,121,1.168682336807251,3.964373826980591,True
ranking,20260918,Bearing1_5,0,,,False
ranking,20260918,Bearing1_5,1,,,False
ranking,20260918,Bearing1_5,2,,,False
ranking,20260918,Bearing1_5,3,,,False
ranking,20260918,Bearing1_5,4,,,False
ranking,20260918,Bearing1_5,5,,,False
ranking,20260918,Bearing1_5,6,,,False
ranking,20260918,Bearing1_5,7,,,False
ranking,20260918,Bearing1_5,8,,,False
ranking,20260918,Bearing1_5,9,,,False
ranking,20260918,Bearing1_5,10,,,False
ranking,20260918,Bearing1_5,11,,,False
ranking,20260918,Bearing1_5,12,,,False
ranking,20260918,Bearing1_5,13,,,False
ranking,20260918,Bearing1_5,14,,,False
ranking,20260918,Bearing1_5,15,0.09973808377981186,0.24039682745933533,False
ranking,20260918,Bearing1_5,16,0.09228367730975151,0.21456581354141235,False
ranking,20260918,Bearing1_5,17,0.08778191357851028,0.18511275947093964,False
ranking,20260918,Bearing1_5,18,0.08327707648277283,0.1628047525882721,False
ranking,20260918,Bearing1_5,19,0.08057110458612442,0.14656177163124084,False
ranking,20260918,Bearing1_5,20,0.0814983993768692,0.1626031994819641,False
ranking,20260918,Bearing1_5,21,0.08243458718061447,0.17089197039604187,False
ranking,20260918,Bearing1_5,22,0.08458774257451296,0.1870369017124176,False
ranking,20260918,Bearing1_5,23,0.08621262013912201,0.19445426762104034,False
ranking,20260918,Bearing1_5,24,0.08765690177679061,0.2064647227525711,False
ranking,20260918,Bearing1_5,25,0.08875560685992241,0.2184201031923294,True
ranking,20260918,Bearing1_5,26,0.09219674542546272,0.23768582940101624,True
ranking,20260918,Bearing1_5,27,0.09365535080432892,0.24487194418907166,True
ranking,20260918,Bearing1_5,28,0.09556680172681808,0.2531399428844452,True
ranking,20260918,Bearing1_5,29,0.0958183079957962,0.25110000371932983,True
ranking,20260918,Bearing1_5,30,0.09378521516919136,0.23674461245536804,True
ranking,20260918,Bearing1_5,31,0.09230160713195801,0.22944529354572296,True
ranking,20260918,Bearing1_5,32,0.09021530672907829,0.21901337802410126,True
ranking,20260918,Bearing1_5,33,0.09570710062980652,0.25595250725746155,True
ranking,20260918,Bearing1_5,34,0.12759487628936766,0.3869186043739319,True
ranking,20260918,Bearing1_5,35,0.18477703034877777,0.5824579000473022,True
ranking,20260918,Bearing1_5,36,0.2748591139912605,0.8678755760192871,True
ranking,20260918,Bearing1_5,37,0.3954615704715252,1.2316941022872925,True
ranking,20260918,Bearing1_5,38,0.5339514970779419,1.6269619464874268,True
ranking,20260918,Bearing1_5,39,0.7146970994770527,2.1514694690704346,True
ranking,20260918,Bearing1_5,40,0.93131757453084,2.7388739585876465,True
ranking,20260918,Bearing1_5,41,1.1775973714888095,3.379429578781128,True
ranking,20260918,Bearing1_5,42,1.4456679776310921,4.051156520843506,True
ranking,20260918,Bearing1_5,43,1.7184466958045959,4.6873779296875,True
ranking,20260918,Bearing1_5,44,1.9714841306209565,5.227301597595215,True
ranking,20260918,Bearing1_5,45,2.2030712485313417,5.704980850219727,True
ranking,20260918,Bearing1_5,46,2.404239499568939,6.095523357391357,True
ranking,20260918,Bearing1_5,47,2.579384922981262,6.426583290100098,True
ranking,20260918,Bearing1_5,48,2.738826537132263,6.730257987976074,True
ranking,20260918,Bearing1_5,49,2.8589826822280884,6.919267177581787,True
ranking,20260918,Bearing1_5,50,2.9471391439437866,7.054939270019531,True
ranking,20260918,Bearing1_5,51,3.0082528591156006,7.141772270202637,True
