arm,seed,epoch,train_prediction_mse,train_ranking_loss,train_total_loss,validation_prediction_mse,gradient_norm
control,20260916,1,0.9120597243309021,0.021199628710746765,0.9120597243309021,0.8242915272712708,1.151660680770874
control,20260916,2,0.8993216156959534,0.021136900410056114,0.8993216156959534,0.8128713965415955,1.1471455097198486
control,20260916,3,0.8866226077079773,0.021076181903481483,0.8866226077079773,0.801502525806427,1.142390251159668
control,20260916,4,0.8739689588546753,0.021015914157032967,0.8739689588546753,0.7901865243911743,1.1373906135559082
control,20260916,5,0.8613665103912354,0.020956622436642647,0.8613665103912354,0.7789229154586792,1.1321665048599243
control,20260916,6,0.8488196730613708,0.020898662507534027,0.8488196730613708,0.7677106261253357,1.1267365217208862
control,20260916,7,0.8363324999809265,0.020841727033257484,0.8363324999809265,0.756549596786499,1.1211168766021729
control,20260916,8,0.823908269405365,0.02078869752585888,0.823908269405365,0.7454420924186707,1.1153217554092407
control,20260916,9,0.8115501403808594,0.02073885314166546,0.8115501403808594,0.7343906760215759,1.1093653440475464
control,20260916,10,0.7992603778839111,0.020692452788352966,0.7992603778839111,0.7233989834785461,1.1032609939575195
control,20260916,11,0.7870413064956665,0.020650330930948257,0.7870413064956665,0.7124713063240051,1.0970207452774048
control,20260916,12,0.7748949527740479,0.02060956135392189,0.7748949527740479,0.7016130685806274,1.0906546115875244
control,20260916,13,0.7628231048583984,0.020570171996951103,0.7628231048583984,0.6908299326896667,1.084169626235962
control,20260916,14,0.750827431678772,0.020532188937067986,0.750827431678772,0.6801276803016663,1.0775706768035889
control,20260916,15,0.7389099597930908,0.0204969123005867,0.7389099597930908,0.6695122122764587,1.0708608627319336
control,20260916,16,0.727072536945343,0.020464995875954628,0.727072536945343,0.6589889526367188,1.064042091369629
control,20260916,17,0.7153171300888062,0.020434437319636345,0.7153171300888062,0.6485627293586731,1.0571154356002808
control,20260916,18,0.7036458253860474,0.020405227318406105,0.7036458253860474,0.6382378339767456,1.0500825643539429
control,20260916,19,0.6920605897903442,0.020377708598971367,0.6920605897903442,0.6280182003974915,1.0429455041885376
control,20260916,20,0.6805636882781982,0.02035236358642578,0.6805636882781982,0.6179069876670837,1.0357071161270142
control,20260916,21,0.6691566705703735,0.020328208804130554,0.6691566705703735,0.6079071760177612,1.0283706188201904
control,20260916,22,0.6578413844108582,0.020305177196860313,0.6578413844108582,0.5980212092399597,1.0209403038024902
control,20260916,23,0.646619439125061,0.020286498591303825,0.646619439125061,0.5882506966590881,1.0134209394454956
control,20260916,24,0.6354921460151672,0.02026931196451187,0.6354921460151672,0.5785972476005554,1.0058175325393677
control,20260916,25,0.6244605779647827,0.020253216847777367,0.6244605779647827,0.5690627694129944,0.9981351494789124
control,20260916,26,0.6135267019271851,0.02023906819522381,0.6135267019271851,0.5596520304679871,0.9903804063796997
control,20260916,27,0.6026967167854309,0.02022594027221203,0.6026967167854309,0.5503686666488647,0.9825623631477356
control,20260916,28,0.5919753313064575,0.020213598385453224,0.5919753313064575,0.5412151217460632,0.9746901392936707
control,20260916,29,0.5813665986061096,0.02020341344177723,0.5813665986061096,0.5321929454803467,0.9667719602584839
control,20260916,30,0.5708735585212708,0.020195873454213142,0.5708735585212708,0.5233029723167419,0.958815336227417
control,20260916,31,0.5604987740516663,0.02018885873258114,0.5604987740516663,0.5145450234413147,0.950827419757843
control,20260916,32,0.5502442121505737,0.020182298496365547,0.5502442121505737,0.5059186816215515,0.9428141117095947
control,20260916,33,0.5401111841201782,0.020180068910121918,0.5401111841201782,0.49742284417152405,0.9347809553146362
control,20260916,34,0.5301007628440857,0.02018238790333271,0.5301007628440857,0.48905619978904724,0.9267323017120361
control,20260916,35,0.5202133655548096,0.020185425877571106,0.5202133655548096,0.48081693053245544,0.9186719655990601
control,20260916,36,0.5104494094848633,0.020188787952065468,0.5104494094848633,0.472703218460083,0.9106027483940125
control,20260916,37,0.5008087754249573,0.020195337012410164,0.5008087754249573,0.4647129476070404,0.9025269746780396
control,20260916,38,0.491291344165802,0.020204486325383186,0.491291344165802,0.4568442106246948,0.8944461941719055
control,20260916,39,0.4818968176841736,0.020214173942804337,0.4818968176841736,0.4490947425365448,0.8863611221313477
control,20260916,40,0.47262462973594666,0.020223284140229225,0.47262462973594666,0.44146281480789185,0.8782721161842346
control,20260916,41,0.46347448229789734,0.020232347771525383,0.46347448229789734,0.43394631147384644,0.8701791167259216
control,20260916,42,0.4544457495212555,0.020240699872374535,0.4544457495212555,0.42654359340667725,0.8620816469192505
control,20260916,43,0.44553789496421814,0.02024870552122593,0.44553789496421814,0.41925305128097534,0.8539785742759705
control,20260916,44,0.4367504119873047,0.02025778405368328,0.4367504119873047,0.4120733439922333,0.8458690643310547
control,20260916,45,0.4280829429626465,0.020265907049179077,0.4280829429626465,0.40500330924987793,0.8377517461776733
control,20260916,46,0.41953498125076294,0.02027309127151966,0.41953498125076294,0.39804187417030334,0.8296254873275757
control,20260916,47,0.4111061990261078,0.020279327407479286,0.4111061990261078,0.39118847250938416,0.8214887976646423
control,20260916,48,0.40279635787010193,0.02028467133641243,0.40279635787010193,0.3844422996044159,0.8133403062820435
control,20260916,49,0.3946053683757782,0.020289117470383644,0.3946053683757782,0.3778032660484314,0.8051789402961731
control,20260916,50,0.3865329921245575,0.02029271610081196,0.3865329921245575,0.37127092480659485,0.7970036268234253
control,20260916,51,0.37857919931411743,0.020295530557632446,0.37857919931411743,0.364845335483551,0.7888135313987732
control,20260916,52,0.3707441985607147,0.020297585055232048,0.3707441985607147,0.3585264980792999,0.7806082367897034
control,20260916,53,0.3630278706550598,0.020299362018704414,0.3630278706550598,0.35231462121009827,0.7723870873451233
control,20260916,54,0.35543036460876465,0.020300982519984245,0.35543036460876465,0.34620994329452515,0.7641502618789673
control,20260916,55,0.34795188903808594,0.0203019380569458,0.34795188903808594,0.3402126133441925,0.7558978796005249
control,20260916,56,0.3405926823616028,0.020302319899201393,0.3405926823616028,0.33432310819625854,0.7476305365562439
control,20260916,57,0.33335283398628235,0.02030220441520214,0.33335283398628235,0.3285415470600128,0.7393490076065063
control,20260916,58,0.3262324929237366,0.020301684737205505,0.3262324929237366,0.32286831736564636,0.7310543656349182
control,20260916,59,0.31923192739486694,0.020300814881920815,0.31923192739486694,0.31730347871780396,0.7227481603622437
control,20260916,60,0.312351256608963,0.02029971033334732,0.312351256608963,0.3118472397327423,0.7144320011138916
control,20260916,61,0.3055904805660248,0.020298456773161888,0.3055904805660248,0.3064996302127838,0.7061079144477844
control,20260916,62,0.2989497184753418,0.020297115668654442,0.2989497184753418,0.3012606203556061,0.6977779865264893
control,20260916,63,0.2924289107322693,0.0202957596629858,0.2924289107322693,0.29612997174263,0.6894447207450867
control,20260916,64,0.28602805733680725,0.02029447630047798,0.28602805733680725,0.2911074757575989,0.6811108589172363
control,20260916,65,0.279746949672699,0.020293330773711205,0.279746949672699,0.2861925959587097,0.6727792024612427
control,20260916,66,0.27358534932136536,0.020292392000555992,0.27358534932136536,0.2813848555088043,0.6644527316093445
control,20260916,67,0.2675429880619049,0.020291704684495926,0.2675429880619049,0.27668365836143494,0.6561346650123596
control,20260916,68,0.2616194188594818,0.020291343331336975,0.2616194188594818,0.27208805084228516,0.6478281617164612
control,20260916,69,0.25581419467926025,0.020291348919272423,0.25581419467926025,0.2675971984863281,0.6395368576049805
control,20260916,70,0.25012674927711487,0.020291758701205254,0.25012674927711487,0.2632099390029907,0.6312640309333801
control,20260916,71,0.24455644190311432,0.0202926117926836,0.24455644190311432,0.258925199508667,0.6230134963989258
control,20260916,72,0.23910248279571533,0.02029394917190075,0.23910248279571533,0.2547416090965271,0.6147885918617249
control,20260916,73,0.23376405239105225,0.02029578574001789,0.23376405239105225,0.2506577968597412,0.606593132019043
control,20260916,74,0.228540301322937,0.02029813826084137,0.228540301322937,0.24667224287986755,0.5984306335449219
control,20260916,75,0.22343017160892487,0.02030102349817753,0.22343017160892487,0.24278338253498077,0.5903047919273376
control,20260916,76,0.21843262016773224,0.02030443213880062,0.21843262016773224,0.2389894723892212,0.5822191834449768
control,20260916,77,0.21354644000530243,0.02030837908387184,0.21354644000530243,0.2352888286113739,0.5741773843765259
control,20260916,78,0.20877046883106232,0.020312845706939697,0.20877046883106232,0.23167955875396729,0.5661828517913818
control,20260916,79,0.20410341024398804,0.0203178022056818,0.20410341024398804,0.2281598299741745,0.5582389831542969
control,20260916,80,0.19954386353492737,0.02032325603067875,0.19954386353492737,0.22472770512104034,0.5503491759300232
control,20260916,81,0.19509044289588928,0.020329156890511513,0.19509044289588928,0.22138123214244843,0.5425165295600891
control,20260916,82,0.1907416731119156,0.020335471257567406,0.1907416731119156,0.21811836957931519,0.5347442626953125
control,20260916,83,0.18649601936340332,0.020342236384749413,0.18649601936340332,0.21493709087371826,0.5270353555679321
control,20260916,84,0.18235191702842712,0.020349612459540367,0.18235191702842712,0.2118353396654129,0.5193925499916077
control,20260916,85,0.1783076971769333,0.02035726048052311,0.1783076971769333,0.20881110429763794,0.5118186473846436
control,20260916,86,0.17436173558235168,0.02036513201892376,0.17436173558235168,0.20586223900318146,0.5043160915374756
control,20260916,87,0.1705123484134674,0.020373184233903885,0.1705123484134674,0.2029867023229599,0.4968874454498291
control,20260916,88,0.16675779223442078,0.020381344482302666,0.16675779223442078,0.2001824676990509,0.48953476548194885
control,20260916,89,0.16309630870819092,0.020389562472701073,0.16309630870819092,0.19744737446308136,0.48226022720336914
control,20260916,90,0.15952615439891815,0.020397773012518883,0.15952615439891815,0.19477948546409607,0.475065678358078
control,20260916,91,0.15604549646377563,0.02040594443678856,0.15604549646377563,0.1921767294406891,0.4679528474807739
control,20260916,92,0.1526525467634201,0.020413978025317192,0.1526525467634201,0.18963705003261566,0.46092334389686584
control,20260916,93,0.1493454873561859,0.020421849563717842,0.1493454873561859,0.18715858459472656,0.4539784789085388
control,20260916,94,0.1461225152015686,0.02042948640882969,0.1461225152015686,0.18473932147026062,0.44711941480636597
control,20260916,95,0.14298175275325775,0.020436855033040047,0.14298175275325775,0.18237733840942383,0.4403473436832428
control,20260916,96,0.13992144167423248,0.02044387347996235,0.13992144167423248,0.18007081747055054,0.4336630403995514
control,20260916,97,0.13693973422050476,0.020450502634048462,0.13693973422050476,0.17781785130500793,0.42706719040870667
control,20260916,98,0.13403481245040894,0.02045670710504055,0.13403481245040894,0.17561675608158112,0.42056038975715637
control,20260916,99,0.13120490312576294,0.020462436601519585,0.13120490312576294,0.17346574366092682,0.4141431748867035
control,20260916,100,0.1284482330083847,0.02046765573322773,0.1284482330083847,0.17136310040950775,0.4078156352043152
control,20260916,101,0.12576298415660858,0.020472340285778046,0.12576298415660858,0.1693071871995926,0.40157803893089294
control,20260916,102,0.12314750254154205,0.020476439967751503,0.12314750254154205,0.16729645431041718,0.3954303562641144
control,20260916,103,0.12059998512268066,0.020479923114180565,0.12059998512268066,0.16532929241657257,0.38937240839004517
control,20260916,104,0.1181187778711319,0.02048279158771038,0.1181187778711319,0.16340427100658417,0.38340407609939575
control,20260916,105,0.11570220440626144,0.02048499509692192,0.11570220440626144,0.16151995956897736,0.3775250017642975
control,20260916,106,0.11334861069917679,0.020486539229750633,0.11334861069917679,0.15967495739459991,0.3717347979545593
control,20260916,107,0.111056387424469,0.020487405359745026,0.111056387424469,0.1578679233789444,0.36603277921676636
control,20260916,108,0.10882395505905151,0.020488420501351357,0.10882395505905151,0.1560976654291153,0.36041855812072754
control,20260916,109,0.10664975643157959,0.020489566028118134,0.10664975643157959,0.15436285734176636,0.3548913300037384
control,20260916,110,0.10453227907419205,0.020490039139986038,0.10453227907419205,0.152662456035614,0.34945040941238403
control,20260916,111,0.1024700328707695,0.02048991248011589,0.1024700328707695,0.15099529922008514,0.3440949320793152
control,20260916,112,0.10046153515577316,0.020489128306508064,0.10046153515577316,0.1493603140115738,0.3388240337371826
control,20260916,113,0.098505400121212,0.020488092675805092,0.098505400121212,0.14775651693344116,0.3336368799209595
control,20260916,114,0.09660021215677261,0.02048654295504093,0.09660021215677261,0.14618298411369324,0.32853251695632935
control,20260916,115,0.09474462270736694,0.020484359934926033,0.09474462270736694,0.14463873207569122,0.3235098421573639
control,20260916,116,0.09293730556964874,0.02048158086836338,0.09293730556964874,0.14312300086021423,0.3185678720474243
control,20260916,117,0.09117696434259415,0.020478209480643272,0.09117696434259415,0.14163491129875183,0.3137056827545166
control,20260916,118,0.08946234732866287,0.02047424018383026,0.08946234732866287,0.14017370343208313,0.3089219629764557
control,20260916,119,0.08779221028089523,0.020469730719923973,0.08779221028089523,0.13873864710330963,0.30421581864356995
control,20260916,120,0.08616536855697632,0.020464643836021423,0.08616536855697632,0.13732905685901642,0.2995860278606415
control,20260916,121,0.08458065986633301,0.020459050312638283,0.08458065986633301,0.13594430685043335,0.29503142833709717
control,20260916,122,0.08303693681955338,0.020453058183193207,0.08303693681955338,0.1345837265253067,0.2905510365962982
control,20260916,123,0.08153311163187027,0.020446859300136566,0.08153311163187027,0.1332467794418335,0.28614360094070435
control,20260916,124,0.08006808906793594,0.020441027358174324,0.08006808906793594,0.13193286955356598,0.2818079888820648
control,20260916,125,0.07864083349704742,0.02043597213923931,0.07864083349704742,0.13064149022102356,0.2775430679321289
control,20260916,126,0.07725033164024353,0.02043129689991474,0.07725033164024353,0.12937214970588684,0.27334773540496826
control,20260916,127,0.07589556276798248,0.020426413044333458,0.07589556276798248,0.1281243860721588,0.26922082901000977
control,20260916,128,0.07457560300827026,0.02042229287326336,0.07457560300827026,0.12689773738384247,0.2651612162590027
control,20260916,129,0.07328949123620987,0.020417852327227592,0.07328949123620987,0.12569177150726318,0.2611677944660187
control,20260916,130,0.07203631848096848,0.020413124933838844,0.07203631848096848,0.12450612336397171,0.2572394907474518
control,20260916,131,0.07081519812345505,0.020408116281032562,0.07081519812345505,0.12334033846855164,0.25337520241737366
control,20260916,132,0.06962527334690094,0.02040281891822815,0.06962527334690094,0.12219412624835968,0.24957385659217834
control,20260916,133,0.0684657096862793,0.020397299900650978,0.0684657096862793,0.12106706202030182,0.24583441019058228
control,20260916,134,0.06733569502830505,0.020391514524817467,0.06733569502830505,0.11995886266231537,0.24215582013130188
control,20260916,135,0.06623443216085434,0.020385516807436943,0.06623443216085434,0.11886918544769287,0.23853713274002075
control,20260916,136,0.06516115367412567,0.02037954144179821,0.06516115367412567,0.11779769510030746,0.23497730493545532
control,20260916,137,0.06411512196063995,0.020374182611703873,0.06411512196063995,0.11674412339925766,0.231475368142128
control,20260916,138,0.06309560686349869,0.020368631929159164,0.06309560686349869,0.11570815742015839,0.22803041338920593
control,20260916,139,0.06210189685225487,0.02036288194358349,0.06210189685225487,0.11468950659036636,0.22464148700237274
control,20260916,140,0.061133310198783875,0.020357614383101463,0.061133310198783875,0.1136879101395607,0.2213076651096344
control,20260916,141,0.060189176350831985,0.02035272680222988,0.060189176350831985,0.11270307749509811,0.21802808344364166
control,20260916,142,0.059268854558467865,0.020347613841295242,0.059268854558467865,0.11173476278781891,0.21480189263820648
control,20260916,143,0.058371707797050476,0.020342307165265083,0.058371707797050476,0.1107826977968216,0.21162822842597961
control,20260916,144,0.05749712511897087,0.020336810499429703,0.05749712511897087,0.10984663665294647,0.2085062712430954
control,20260916,145,0.05664451792836189,0.020331090316176414,0.05664451792836189,0.10892631858587265,0.20543520152568817
control,20260916,146,0.05581327900290489,0.02032517082989216,0.05581327900290489,0.10802154242992401,0.20241427421569824
control,20260916,147,0.05500287190079689,0.02031903900206089,0.05500287190079689,0.10713199526071548,0.19944268465042114
control,20260916,148,0.05421272665262222,0.020312713459134102,0.05421272665262222,0.10625749826431274,0.1965196430683136
control,20260916,149,0.05344231426715851,0.02030722238123417,0.05344231426715851,0.1053977981209755,0.19364450871944427
control,20260916,150,0.052691105753183365,0.020301587879657745,0.052691105753183365,0.10455266386270523,0.1908164918422699
control,20260916,151,0.0519585907459259,0.020295707508921623,0.0519585907459259,0.10372185707092285,0.18803490698337555
control,20260916,152,0.05124428868293762,0.020290551707148552,0.05124428868293762,0.10290514677762985,0.18529903888702393
control,20260916,153,0.05054769292473793,0.02028518170118332,0.05054769292473793,0.10210233181715012,0.1826082170009613
control,20260916,154,0.04986834153532982,0.020279498770833015,0.04986834153532982,0.10131316632032394,0.17996174097061157
control,20260916,155,0.04920577630400658,0.02027355693280697,0.04920577630400658,0.10053743422031403,0.17735899984836578
control,20260916,156,0.048559531569480896,0.020267300307750702,0.048559531569480896,0.09977491945028305,0.17479930818080902
control,20260916,157,0.04792919382452965,0.020260756835341454,0.04792919382452965,0.09902537614107132,0.17228205502033234
control,20260916,158,0.047314319759607315,0.020253906026482582,0.047314319759607315,0.0982886329293251,0.1698065996170044
control,20260916,159,0.04671449959278107,0.02024674229323864,0.04671449959278107,0.09756442904472351,0.16737236082553864
control,20260916,160,0.046129316091537476,0.02023973874747753,0.046129316091537476,0.09685258567333221,0.16497865319252014
control,20260916,161,0.0455583892762661,0.020233241841197014,0.0455583892762661,0.09615286439657211,0.1626249998807907
control,20260916,162,0.0450013242661953,0.02022686041891575,0.0450013242661953,0.09546507149934769,0.16031071543693542
control,20260916,163,0.04445773735642433,0.020220153033733368,0.04445773735642433,0.09478896111249924,0.1580352783203125
control,20260916,164,0.04392727464437485,0.020213086158037186,0.04392727464437485,0.09412438422441483,0.15579809248447418
control,20260916,165,0.043409574776887894,0.02020568586885929,0.043409574776887894,0.09347108751535416,0.1535986065864563
control,20260916,166,0.04290428385138512,0.020197903737425804,0.04290428385138512,0.0928288921713829,0.15143628418445587
control,20260916,167,0.042411062866449356,0.0201897993683815,0.042411062866449356,0.09219758212566376,0.14931057393550873
control,20260916,168,0.04192958027124405,0.02018130011856556,0.04192958027124405,0.09157694876194,0.14722098410129547
control,20260916,169,0.04145951569080353,0.020172424614429474,0.04145951569080353,0.09096680581569672,0.14516696333885193
control,20260916,170,0.041000548750162125,0.02016395702958107,0.041000548750162125,0.09036695212125778,0.14314797520637512
control,20260916,171,0.040552377700805664,0.020155295729637146,0.040552377700805664,0.08977720141410828,0.14116352796554565
control,20260916,172,0.04011469706892967,0.020146258175373077,0.04011469706892967,0.08919733017683029,0.13921312987804413
control,20260916,173,0.039687223732471466,0.020136840641498566,0.039687223732471466,0.0886271670460701,0.13729630410671234
control,20260916,174,0.03926966339349747,0.0201270654797554,0.03926966339349747,0.08806657046079636,0.1354125291109085
control,20260916,175,0.038861747831106186,0.020116910338401794,0.038861747831106186,0.08751527220010757,0.133561372756958
control,20260916,176,0.038463201373815536,0.020106373354792595,0.038463201373815536,0.0869731605052948,0.13174234330654144
control,20260916,177,0.03807377070188522,0.0200954582542181,0.03807377070188522,0.08643999695777893,0.12995494902133942
control,20260916,178,0.037693191319704056,0.020084597170352936,0.037693191319704056,0.08591566234827042,0.1281987726688385
control,20260916,179,0.03732121363282204,0.02007388137280941,0.03732121363282204,0.08539991080760956,0.1264733523130417
control,20260916,180,0.03695760294795036,0.02006281167268753,0.03695760294795036,0.084892638027668,0.12477825582027435
control,20260916,181,0.03660210967063904,0.02005135454237461,0.03660210967063904,0.08439362794160843,0.1231129840016365
control,20260916,182,0.03625452518463135,0.020039504393935204,0.03625452518463135,0.0839027389883995,0.1214771717786789
control,20260916,183,0.03591460362076759,0.020027264952659607,0.03591460362076759,0.0834197998046875,0.11987034231424332
control,20260916,184,0.03558214008808136,0.02001461759209633,0.03558214008808136,0.08294465392827988,0.11829210817813873
control,20260916,185,0.03525692597031593,0.0200016051530838,0.03525692597031593,0.08247712254524231,0.11674200743436813
control,20260916,186,0.0349387489259243,0.019988173618912697,0.0349387489259243,0.08201707899570465,0.11521964520215988
control,20260916,187,0.03462740406394005,0.019974369555711746,0.03462740406394005,0.08156435936689377,0.11372460424900055
control,20260916,188,0.03432270511984825,0.019960269331932068,0.03432270511984825,0.08111879974603653,0.1122564822435379
control,20260916,189,0.03402446582913399,0.01994660310447216,0.03402446582913399,0.08068027347326279,0.11081487685441971
control,20260916,190,0.03373248875141144,0.019932560622692108,0.03373248875141144,0.08024861663579941,0.10939935594797134
control,20260916,191,0.03344660624861717,0.019918441772460938,0.03344660624861717,0.07982372492551804,0.10800954699516296
control,20260916,192,0.03316664695739746,0.01990410126745701,0.03316664695739746,0.07940540462732315,0.10664505511522293
control,20260916,193,0.03289243206381798,0.019889337942004204,0.03289243206381798,0.07899357378482819,0.10530548542737961
control,20260916,194,0.03262380510568619,0.019874174147844315,0.03262380510568619,0.0785880759358406,0.10399045795202255
control,20260916,195,0.03236060217022896,0.019858619198203087,0.03236060217022896,0.07818877696990967,0.10269955545663834
control,20260916,196,0.03210267052054405,0.019842704758048058,0.03210267052054405,0.07779555767774582,0.10143241286277771
control,20260916,197,0.03184986487030983,0.019826354458928108,0.03184986487030983,0.07740827649831772,0.10018866509199142
control,20260916,198,0.031602032482624054,0.019809627905488014,0.031602032482624054,0.0770268514752388,0.09896790981292725
control,20260916,199,0.03135903552174568,0.019792525097727776,0.03135903552174568,0.07665111124515533,0.09776979684829712
control,20260916,200,0.03112073987722397,0.019775019958615303,0.03112073987722397,0.07628098130226135,0.09659392386674881
control,20260916,201,0.030887005850672722,0.019758040085434914,0.030887005850672722,0.07591631263494492,0.09543992578983307
control,20260916,202,0.03065771423280239,0.019740713760256767,0.03065771423280239,0.07555703073740005,0.09430747479200363
control,20260916,203,0.030432725325226784,0.019723813980817795,0.030432725325226784,0.07520299404859543,0.09319612383842468
control,20260916,204,0.030211931094527245,0.01970711164176464,0.030211931094527245,0.07485411316156387,0.09210558980703354
control,20260916,205,0.029995208606123924,0.01969004236161709,0.029995208606123924,0.07451027631759644,0.09103544801473618
control,20260916,206,0.02978244423866272,0.01967262476682663,0.02978244423866272,0.07417136430740356,0.08998536318540573
control,20260916,207,0.029573529958724976,0.01965487189590931,0.029573529958724976,0.07383731007575989,0.08895499259233475
control,20260916,208,0.029368355870246887,0.019636793062090874,0.029368355870246887,0.07350799441337585,0.08794396370649338
control,20260916,209,0.029166821390390396,0.019618378952145576,0.029166821390390396,0.0731833353638649,0.08695193380117416
control,20260916,210,0.028968820348381996,0.019599653780460358,0.028968820348381996,0.07286321371793747,0.08597852289676666
control,20260916,211,0.028774261474609375,0.019580624997615814,0.028774261474609375,0.0725475549697876,0.0850234106183052
control,20260916,212,0.028583044186234474,0.01956208609044552,0.028583044186234474,0.07223627716302872,0.08408623188734055
control,20260916,213,0.02839508280158043,0.019543355330824852,0.02839508280158043,0.07192927598953247,0.08316665142774582
control,20260916,214,0.028210287913680077,0.01952431909739971,0.028210287913680077,0.07162646949291229,0.08226431161165237
control,20260916,215,0.028028571978211403,0.019505009055137634,0.028028571978211403,0.07132776826620102,0.08137889951467514
control,20260916,216,0.027849853038787842,0.01948544569313526,0.027849853038787842,0.07103309780359268,0.08051007986068726
control,20260916,217,0.027674051001667976,0.01946563646197319,0.027674051001667976,0.07074237614870071,0.07965749502182007
control,20260916,218,0.027501089498400688,0.01944558322429657,0.027501089498400688,0.07045552134513855,0.0788208395242691
control,20260916,219,0.02733089216053486,0.0194252897053957,0.02733089216053486,0.07017248123884201,0.0779997780919075
control,20260916,220,0.02716338261961937,0.019404804334044456,0.02716338261961937,0.06989312916994095,0.0771939679980278
control,20260916,221,0.02699849382042885,0.01938408426940441,0.02699849382042885,0.06961743533611298,0.07640310376882553
control,20260916,222,0.026836158707737923,0.019363192841410637,0.026836158707737923,0.06934531033039093,0.07562686502933502
control,20260916,223,0.02667631022632122,0.01934211514890194,0.02667631022632122,0.06907667964696884,0.0748649388551712
control,20260916,224,0.02651888318359852,0.019320877268910408,0.02651888318359852,0.06881147623062134,0.0741170346736908
control,20260916,225,0.02636381797492504,0.019299494102597237,0.02636381797492504,0.06854965537786484,0.07338280975818634
control,20260916,226,0.026211047545075417,0.019277984276413918,0.026211047545075417,0.06829112768173218,0.07266200333833694
control,20260916,227,0.026060521602630615,0.019257107749581337,0.026060521602630615,0.06803583353757858,0.07195428013801575
control,20260916,228,0.02591218426823616,0.019237404689192772,0.02591218426823616,0.06778372079133987,0.07125935703516006
control,20260916,229,0.025765972211956978,0.01921764947474003,0.025765972211956978,0.06753470003604889,0.07057695835828781
control,20260916,230,0.025621846318244934,0.01919780857861042,0.025621846318244934,0.06728873401880264,0.0699067935347557
control,20260916,231,0.025479745119810104,0.019177919253706932,0.025479745119810104,0.06704577803611755,0.06924857199192047
control,20260916,232,0.02533961832523346,0.01915794424712658,0.02533961832523346,0.06680575013160706,0.06860204041004181
control,20260916,233,0.025201428681612015,0.01913795806467533,0.025201428681612015,0.06656861305236816,0.06796690821647644
control,20260916,234,0.025065120309591293,0.01911791041493416,0.025065120309591293,0.06633428484201431,0.06734292209148407
control,20260916,235,0.024930648505687714,0.019097886979579926,0.024930648505687714,0.06610273569822311,0.06672979146242142
control,20260916,236,0.024797972291707993,0.01907784678041935,0.024797972291707993,0.06587392091751099,0.06612730026245117
control,20260916,237,0.024667052552103996,0.0190579891204834,0.024667052552103996,0.06564776599407196,0.06553518772125244
control,20260916,238,0.024537844583392143,0.019038544967770576,0.024537844583392143,0.06542423367500305,0.06495318561792374
control,20260916,239,0.024410312995314598,0.019019143655896187,0.024410312995314598,0.06520327925682068,0.06438108533620834
control,20260916,240,0.02428441122174263,0.018999818712472916,0.02428441122174263,0.06498485803604126,0.06381862610578537
control,20260916,241,0.02416010946035385,0.01898050308227539,0.02416010946035385,0.06476891785860062,0.0632656067609787
control,20260916,242,0.024037372320890427,0.018961533904075623,0.024037372320890427,0.06455540657043457,0.06272177398204803
control,20260916,243,0.023916156962513924,0.01894301176071167,0.023916156962513924,0.06434430181980133,0.06218692660331726
control,20260916,244,0.02379644475877285,0.018924612551927567,0.02379644475877285,0.06413554400205612,0.06166086345911026
control,20260916,245,0.023678183555603027,0.018906256183981895,0.023678183555603027,0.06392910331487656,0.061143357306718826
control,20260916,246,0.023561356589198112,0.018888071179389954,0.023561356589198112,0.06372492760419846,0.060634203255176544
control,20260916,247,0.02344592660665512,0.018869975581765175,0.02344592660665512,0.06352298706769943,0.060133207589387894
control,20260916,248,0.023331865668296814,0.018852004781365395,0.023331865668296814,0.06332322955131531,0.05964018777012825
control,20260916,249,0.023219143971800804,0.018834173679351807,0.023219143971800804,0.0631256252527237,0.0591549389064312
control,20260916,250,0.023107733577489853,0.01881648786365986,0.023107733577489853,0.0629301443696022,0.05867728963494301
control,20260916,251,0.02299760840833187,0.018799223005771637,0.02299760840833187,0.06273674964904785,0.05820706486701965
control,20260916,252,0.02288874238729477,0.01878242753446102,0.02288874238729477,0.06254540383815765,0.057744089514017105
control,20260916,253,0.02278110571205616,0.018765779212117195,0.02278110571205616,0.062356073409318924,0.05728819593787193
control,20260916,254,0.0226746816188097,0.018750078976154327,0.0226746816188097,0.06216870993375778,0.05683921277523041
control,20260916,255,0.022569438442587852,0.018734635785222054,0.022569438442587852,0.06198329105973244,0.056397002190351486
control,20260916,256,0.022465355694293976,0.018719349056482315,0.022465355694293976,0.06179980933666229,0.05596139281988144
control,20260916,257,0.02236241102218628,0.018704192712903023,0.02236241102218628,0.06161819398403168,0.05553225055336952
control,20260916,258,0.02226058579981327,0.018689187243580818,0.02226058579981327,0.06143844127655029,0.05510939285159111
control,20260916,259,0.02215985395014286,0.0186743326485157,0.02215985395014286,0.06126050651073456,0.054692719131708145
control,20260916,260,0.022060193121433258,0.018659600988030434,0.022060193121433258,0.06108436733484268,0.054282061755657196
control,20260916,261,0.02196158654987812,0.01864505000412464,0.02196158654987812,0.060910001397132874,0.05387730151414871
control,20260916,262,0.021864017471671104,0.018630636855959892,0.021864017471671104,0.060737382620573044,0.05347829312086105
control,20260916,263,0.02176745794713497,0.018616357818245888,0.02176745794713497,0.06056646257638931,0.05308492109179497
control,20260916,264,0.021671898663043976,0.018602244555950165,0.021671898663043976,0.06039722263813019,0.052697062492370605
control,20260916,265,0.021577320992946625,0.018588285893201828,0.021577320992946625,0.06022966280579567,0.05231458321213722
control,20260916,266,0.02148370072245598,0.01857447810471058,0.02148370072245598,0.06006372720003128,0.051937393844127655
control,20260916,267,0.02139102853834629,0.018560806289315224,0.02139102853834629,0.05989941582083702,0.05156533792614937
control,20260916,268,0.02129928022623062,0.018547305837273598,0.02129928022623062,0.05973668023943901,0.05119834840297699
control,20260916,269,0.021208446472883224,0.01853393204510212,0.021208446472883224,0.059575505554676056,0.05083627998828888
control,20260916,270,0.02111850678920746,0.018520718440413475,0.02111850678920746,0.05941588059067726,0.05047903582453728
control,20260916,271,0.02102944813668728,0.018507642671465874,0.02102944813668728,0.05925777181982994,0.050126511603593826
control,20260916,272,0.02094125933945179,0.018494734540581703,0.02094125933945179,0.059101153165102005,0.049778617918491364
control,20260916,273,0.02085391990840435,0.018481945618987083,0.02085391990840435,0.05894600972533226,0.04943525418639183
control,20260916,274,0.020767416805028915,0.018469324335455894,0.020767416805028915,0.058792319148778915,0.04909629002213478
control,20260916,275,0.02068173699080944,0.018456855788826942,0.02068173699080944,0.05864006653428078,0.048761676996946335
control,20260916,276,0.02059687301516533,0.018444515764713287,0.02059687301516533,0.058489225804805756,0.04843130335211754
control,20260916,277,0.02051280438899994,0.01843234896659851,0.02051280438899994,0.05833977460861206,0.04810508340597153
control,20260916,278,0.020429521799087524,0.018420323729515076,0.020429521799087524,0.0581916905939579,0.04778292775154114
control,20260916,279,0.020347008481621742,0.018408427014946938,0.020347008481621742,0.05804497376084328,0.04746473953127861
control,20260916,280,0.020265256986021996,0.01839694194495678,0.020265256986021996,0.057899583131074905,0.04715045914053917
control,20260916,281,0.020184257999062538,0.01838572695851326,0.020184257999062538,0.057755518704652786,0.046839989721775055
control,20260916,282,0.020103992894291878,0.01837465912103653,0.020103992894291878,0.05761275812983513,0.04653326794505119
control,20260916,283,0.020024457946419716,0.018363721668720245,0.020024457946419716,0.05747128278017044,0.04623018950223923
control,20260916,284,0.01994563639163971,0.0183529332280159,0.01994563639163971,0.05733106657862663,0.045930713415145874
control,20260916,285,0.019867518916726112,0.018342729657888412,0.019867518916726112,0.05719210207462311,0.045634739100933075
control,20260916,286,0.01979009620845318,0.018332811072468758,0.01979009620845318,0.05705436319112778,0.04534219577908516
control,20260916,287,0.01971335895359516,0.018323032185435295,0.01971335895359516,0.05691785737872124,0.04505303502082825
control,20260916,288,0.019637295976281166,0.018313394859433174,0.019637295976281166,0.056782547384500504,0.044767171144485474
control,20260916,289,0.019561901688575745,0.018303880468010902,0.019561901688575745,0.05664842948317528,0.044484540820121765
control,20260916,290,0.019487159326672554,0.01829451695084572,0.019487159326672554,0.05651548132300377,0.04420509561896324
control,20260916,291,0.019413063302636147,0.018285317346453667,0.019413063302636147,0.05638369172811508,0.04392874613404274
control,20260916,292,0.019339604303240776,0.01827622763812542,0.019339604303240776,0.05625305324792862,0.04365545138716698
control,20260916,293,0.019266773015260696,0.018267283216118813,0.019266773015260696,0.056123536080121994,0.043385136872529984
control,20260916,294,0.01919456571340561,0.0182584710419178,0.01919456571340561,0.05599513649940491,0.04311775416135788
control,20260916,295,0.019122963771224022,0.018249809741973877,0.019122963771224022,0.05586784705519676,0.04285324364900589
control,20260916,296,0.019051969051361084,0.01824166439473629,0.019051969051361084,0.05574164539575577,0.042591556906700134
control,20260916,297,0.01898156851530075,0.018233655020594597,0.01898156851530075,0.05561651289463043,0.04233262315392494
control,20260916,298,0.018911752849817276,0.018225789070129395,0.018911752849817276,0.055492449551820755,0.042076412588357925
control,20260916,299,0.01884252391755581,0.01821804977953434,0.01884252391755581,0.05536944046616554,0.041822854429483414
control,20260916,300,0.01877385936677456,0.018210459500551224,0.01877385936677456,0.05524745211005211,0.04157191142439842
ranking,20260916,1,0.9120597243309021,0.021199628710746765,0.9141796827316284,0.8242915272712708,1.152524471282959
ranking,20260916,2,0.8993216156959534,0.021136900410056114,0.9014353156089783,0.8128713369369507,1.1479970216751099
ranking,20260916,3,0.8866226673126221,0.021076172590255737,0.8887302875518799,0.8015024662017822,1.1432486772537231
ranking,20260916,4,0.8739690184593201,0.021015876904129982,0.8760706186294556,0.79018634557724,1.138252854347229
ranking,20260916,5,0.8613664507865906,0.02095656841993332,0.8634620904922485,0.7789226770401001,1.1330143213272095
ranking,20260916,6,0.8488195538520813,0.02089858055114746,0.850909411907196,0.7677101492881775,1.1275835037231445
ranking,20260916,7,0.8363322019577026,0.020841622725129128,0.838416337966919,0.7565492391586304,1.121949553489685
ranking,20260916,8,0.8239080309867859,0.02078854851424694,0.8259868621826172,0.7454416155815125,1.116127371788025
ranking,20260916,9,0.811549723148346,0.02073865756392479,0.8136236071586609,0.734390139579773,1.1101642847061157
ranking,20260916,10,0.7992599606513977,0.020692257210612297,0.8013291954994202,0.7233983278274536,1.103975772857666
ranking,20260916,11,0.7870408892631531,0.02065010741353035,0.7891058921813965,0.7124704122543335,1.097726583480835
ranking,20260916,12,0.7748944759368896,0.020609313622117043,0.7769554257392883,0.7016118764877319,1.0913500785827637
ranking,20260916,13,0.7628225684165955,0.020569907501339912,0.764879584312439,0.6908283233642578,1.0848536491394043
ranking,20260916,14,0.7508269548416138,0.0205319095402956,0.7528801560401917,0.6801256537437439,1.078242540359497
ranking,20260916,15,0.7389095425605774,0.0204965490847826,0.7409592270851135,0.6695098876953125,1.0714997053146362
ranking,20260916,16,0.7270721793174744,0.02046460099518299,0.7291186451911926,0.6589860916137695,1.0646685361862183
ranking,20260916,17,0.7153168320655823,0.020433997735381126,0.717360258102417,0.6485593318939209,1.0577290058135986
ranking,20260916,18,0.703645646572113,0.020404724404215813,0.705686092376709,0.63823401927948,1.0506832599639893
ranking,20260916,19,0.6920605301856995,0.02037716656923294,0.6940982341766357,0.6280137896537781,1.04350745677948
ranking,20260916,20,0.6805635690689087,0.020351743325591087,0.6825987696647644,0.6179020404815674,1.0362560749053955
ranking,20260916,21,0.6691567301750183,0.02032749354839325,0.6711894869804382,0.6079016327857971,1.0289067029953003
ranking,20260916,22,0.6578415632247925,0.020304378122091293,0.6598719954490662,0.5980148911476135,1.021463394165039
ranking,20260916,23,0.6466197371482849,0.0202853512018919,0.6486482620239258,0.5882437229156494,1.0139154195785522
ranking,20260916,24,0.6354925036430359,0.020267948508262634,0.6375192999839783,0.5785895586013794,1.006305456161499
ranking,20260916,25,0.6244608759880066,0.020251676440238953,0.62648606300354,0.5690540075302124,0.9986109733581543
ranking,20260916,26,0.6135269999504089,0.020237352699041367,0.6155507564544678,0.5596420764923096,0.9908219575881958
ranking,20260916,27,0.6026965379714966,0.020223982632160187,0.6047189235687256,0.5503572821617126,0.9829922318458557
ranking,20260916,28,0.5919743776321411,0.020211370661854744,0.5939955115318298,0.541202187538147,0.9751080870628357
ranking,20260916,29,0.581364631652832,0.02020047791302204,0.5833846926689148,0.5321783423423767,0.9671667218208313
ranking,20260916,30,0.5708706378936768,0.0201925877481699,0.5728899240493774,0.5232865214347839,0.9591994285583496
ranking,20260916,31,0.5604947209358215,0.020185187458992004,0.5625132322311401,0.5145267248153687,0.9512008428573608
ranking,20260916,32,0.5502389073371887,0.020178215578198433,0.55225670337677,0.5058984756469727,0.9431769251823425
ranking,20260916,33,0.5401046276092529,0.02017452009022236,0.5421220660209656,0.49740076065063477,0.935115396976471
ranking,20260916,34,0.5300928950309753,0.02017567679286003,0.5321104526519775,0.48903214931488037,0.9270597100257874
ranking,20260916,35,0.5202041268348694,0.020178038626909256,0.5222219228744507,0.4807908833026886,0.9189921021461487
ranking,20260916,36,0.5104387402534485,0.02018105424940586,0.5124568343162537,0.472675085067749,0.9109019041061401
ranking,20260916,37,0.5007967352867126,0.020185867324471474,0.502815306186676,0.46468275785446167,0.9028149843215942
ranking,20260916,38,0.49127787351608276,0.020192960277199745,0.49329715967178345,0.4568118155002594,0.8947322964668274
ranking,20260916,39,0.48188191652297974,0.02020149864256382,0.48390206694602966,0.4490601718425751,0.8866463303565979
ranking,20260916,40,0.472608357667923,0.02020946703851223,0.47462931275367737,0.4414258897304535,0.8785535097122192
ranking,20260916,41,0.4634566903114319,0.02021695487201214,0.46547839045524597,0.43390700221061707,0.8704596161842346
ranking,20260916,42,0.4544264078140259,0.02022402174770832,0.45644882321357727,0.42650172114372253,0.8623582720756531
ranking,20260916,43,0.4455169439315796,0.020230283960700035,0.4475399851799011,0.4192085266113281,0.8542515635490417
ranking,20260916,44,0.4367278218269348,0.02023732103407383,0.43875154852867126,0.41202598810195923,0.846138596534729
ranking,20260916,45,0.42805859446525574,0.020243952050805092,0.4300829768180847,0.4049530625343323,0.8380180597305298
ranking,20260916,46,0.4195088744163513,0.02024960331618786,0.42153382301330566,0.3979887068271637,0.8298884034156799
ranking,20260916,47,0.4110783040523529,0.020254282280802727,0.41310372948646545,0.3911322057247162,0.8217481374740601
ranking,20260916,48,0.402766615152359,0.02025802992284298,0.4047924280166626,0.384382963180542,0.8135960102081299
ranking,20260916,49,0.3945736885070801,0.020260870456695557,0.39659976959228516,0.3777407109737396,0.8054308295249939
ranking,20260916,50,0.38649943470954895,0.02026286907494068,0.38852572441101074,0.37120530009269714,0.7972514629364014
ranking,20260916,51,0.3785436749458313,0.020264076068997383,0.38057008385658264,0.3647765517234802,0.7890570759773254
ranking,20260916,52,0.370706707239151,0.0202645156532526,0.37273314595222473,0.3584546744823456,0.7808471322059631
ranking,20260916,53,0.3629884719848633,0.020264310762286186,0.365014910697937,0.35223984718322754,0.772621214389801
ranking,20260916,54,0.3553891181945801,0.020263494923710823,0.35741546750068665,0.3461322486400604,0.7643793225288391
ranking,20260916,55,0.3479088246822357,0.020262129604816437,0.34993502497673035,0.3401322066783905,0.7561264038085938
ranking,20260916,56,0.3405478000640869,0.020260868594050407,0.342573881149292,0.3342400789260864,0.747853696346283
ranking,20260916,57,0.33330631256103516,0.020259087905287743,0.3353322148323059,0.3284561038017273,0.7395669221878052
ranking,20260916,58,0.32618436217308044,0.020256903022527695,0.3282100558280945,0.3227805495262146,0.7312667965888977
ranking,20260916,59,0.31918224692344666,0.020254401490092278,0.3212076723575592,0.31721362471580505,0.722955048084259
ranking,20260916,60,0.3123001456260681,0.02025163732469082,0.3143253028392792,0.3117554485797882,0.7146332263946533
ranking,20260916,61,0.3055380582809448,0.02024875208735466,0.3075629472732544,0.30640608072280884,0.7063032984733582
ranking,20260916,62,0.29889607429504395,0.020245766267180443,0.30092066526412964,0.30116549134254456,0.6979677081108093
ranking,20260916,63,0.2923741638660431,0.020242808386683464,0.2943984568119049,0.29603350162506104,0.6896287202835083
ranking,20260916,64,0.28597232699394226,0.020239906385540962,0.2879963219165802,0.2910097539424896,0.6812890768051147
ranking,20260916,65,0.27969032526016235,0.0202371533960104,0.2817140519618988,0.28609392046928406,0.6729516983032227
ranking,20260916,66,0.27352795004844666,0.020234623923897743,0.2755514085292816,0.2812854051589966,0.6646195650100708
ranking,20260916,67,0.2674849033355713,0.020232347771525383,0.26950812339782715,0.2765835225582123,0.6562958359718323
ranking,20260916,68,0.2615607678890228,0.02023039199411869,0.26358380913734436,0.2719873785972595,0.6479840278625488
ranking,20260916,69,0.25575509667396545,0.020228805020451546,0.25777798891067505,0.26749616861343384,0.6396873593330383
ranking,20260916,70,0.25006726384162903,0.020227652043104172,0.2520900368690491,0.2631087005138397,0.6314094066619873
ranking,20260916,71,0.2444966584444046,0.020226940512657166,0.24651935696601868,0.25882381200790405,0.623153805732727
ranking,20260916,72,0.2390425056219101,0.02022670768201351,0.24106517434120178,0.2546401917934418,0.6149241924285889
ranking,20260916,73,0.23370395600795746,0.020226972177624702,0.23572665452957153,0.25055643916130066,0.6067240834236145
ranking,20260916,74,0.22848010063171387,0.020227758213877678,0.2305028736591339,0.24657094478607178,0.5985572934150696
ranking,20260916,75,0.22336994111537933,0.020229073241353035,0.22539284825325012,0.24268221855163574,0.5904273986816406
ranking,20260916,76,0.2183723896741867,0.020230891183018684,0.22039547562599182,0.2388884425163269,0.5823379158973694
ranking,20260916,77,0.21348625421524048,0.02023325301706791,0.2155095785856247,0.23518800735473633,0.5742926597595215
ranking,20260916,78,0.20871038734912872,0.020236117765307426,0.21073399484157562,0.23157891631126404,0.5662948489189148
ranking,20260916,79,0.20404338836669922,0.020239481702446938,0.20606733858585358,0.22805935144424438,0.5583480596542358
ranking,20260916,80,0.1994839906692505,0.02024330012500286,0.2015083134174347,0.22462737560272217,0.550455629825592
ranking,20260916,81,0.19503070414066315,0.020247571170330048,0.19705545902252197,0.22128097712993622,0.5426207780838013
ranking,20260916,82,0.19068202376365662,0.020252253860235214,0.19270725548267365,0.21801820397377014,0.5348466038703918
ranking,20260916,83,0.1864364892244339,0.02025728113949299,0.18846221268177032,0.2148369699716568,0.5271360874176025
ranking,20260916,84,0.18229247629642487,0.020262638106942177,0.18431873619556427,0.21173524856567383,0.5194920897483826
ranking,20260916,85,0.1782483607530594,0.020268281921744347,0.18027518689632416,0.2087109088897705,0.5119173526763916
ranking,20260916,86,0.17430248856544495,0.020274119451642036,0.17632989585399628,0.20576198399066925,0.5044143795967102
ranking,20260916,87,0.17045314610004425,0.020280128344893456,0.17248116433620453,0.20288629829883575,0.49698564410209656
ranking,20260916,88,0.1666986346244812,0.020286260172724724,0.16872726380825043,0.20008179545402527,0.4896332919597626
ranking,20260916,89,0.16303715109825134,0.02029244229197502,0.16506639122962952,0.19734644889831543,0.4823593497276306
ranking,20260916,90,0.1594669669866562,0.020298605784773827,0.1614968329668045,0.19467821717262268,0.4751657545566559
ranking,20260916,91,0.1559862196445465,0.020304860547184944,0.15801671147346497,0.19207502901554108,0.468051016330719
ranking,20260916,92,0.152593195438385,0.020311029627919197,0.15462429821491241,0.18953491747379303,0.46102312207221985
ranking,20260916,93,0.14928600192070007,0.020316964015364647,0.15131770074367523,0.18705587089061737,0.4540802836418152
ranking,20260916,94,0.14606286585330963,0.020322641357779503,0.14809513092041016,0.18463601171970367,0.44722363352775574
ranking,20260916,95,0.14292190968990326,0.02032814733684063,0.14495472609996796,0.18227341771125793,0.4404524862766266
ranking,20260916,96,0.13986138999462128,0.020333433523774147,0.14189472794532776,0.1799662560224533,0.4337710738182068
ranking,20260916,97,0.13687942922115326,0.02033836767077446,0.13891325891017914,0.17771264910697937,0.4271783232688904
ranking,20260916,98,0.13397425413131714,0.02034289948642254,0.13600854575634003,0.17551088333129883,0.4206748604774475
ranking,20260916,99,0.13114404678344727,0.020347001031041145,0.1331787407398224,0.17335917055606842,0.41426098346710205
ranking,20260916,100,0.12838707864284515,0.020350603386759758,0.13042214512825012,0.17125582695007324,0.4079369902610779
ranking,20260916,101,0.12570153176784515,0.020353717729449272,0.127736896276474,0.16919919848442078,0.4017030596733093
ranking,20260916,102,0.12308569997549057,0.020356271415948868,0.1251213252544403,0.16718776524066925,0.395559161901474
ranking,20260916,103,0.12053784728050232,0.020358243957161903,0.12257367372512817,0.16521990299224854,0.38950517773628235
ranking,20260916,104,0.11805631220340729,0.020359614863991737,0.12009227275848389,0.16329416632652283,0.3835408687591553
ranking,20260916,105,0.11563938111066818,0.020360365509986877,0.11767541617155075,0.16140912473201752,0.3776659071445465
ranking,20260916,106,0.11328545212745667,0.02036050148308277,0.11532150208950043,0.15956339240074158,0.3718763291835785
ranking,20260916,107,0.1109929010272026,0.020360806956887245,0.11302898079156876,0.15775565803050995,0.36617863178253174
ranking,20260916,108,0.10876013338565826,0.020360464230179787,0.11079618334770203,0.15598468482494354,0.360568642616272
ranking,20260916,109,0.10658565163612366,0.0203594621270895,0.10862159729003906,0.15424920618534088,0.3550487458705902
ranking,20260916,110,0.10446787625551224,0.020358046516776085,0.1065036803483963,0.15254810452461243,0.3496120572090149
ranking,20260916,111,0.10240534693002701,0.020355984568595886,0.10444094240665436,0.15088029205799103,0.34426090121269226
ranking,20260916,112,0.10039661824703217,0.020353296771645546,0.10243194550275803,0.14924465119838715,0.3389942944049835
ranking,20260916,113,0.0984402447938919,0.020350374281406403,0.10047528147697449,0.14764022827148438,0.3338070213794708
ranking,20260916,114,0.0965348556637764,0.02034689299762249,0.09856954216957092,0.14606605470180511,0.32870686054229736
ranking,20260916,115,0.0946791023015976,0.02034277655184269,0.09671337902545929,0.14452119171619415,0.32368847727775574
ranking,20260916,116,0.09287162125110626,0.020339040085673332,0.09490552544593811,0.1430048644542694,0.31874769926071167
ranking,20260916,117,0.09111117571592331,0.020335087552666664,0.09314468502998352,0.14151620864868164,0.3138895034790039
ranking,20260916,118,0.08939648419618607,0.02033180184662342,0.09142966568470001,0.14005455374717712,0.3091048002243042
ranking,20260916,119,0.08772633969783783,0.02032926306128502,0.08975926786661148,0.13861919939517975,0.3044022023677826
ranking,20260916,120,0.0860995501279831,0.020326310768723488,0.08813218027353287,0.13720935583114624,0.29977571964263916
ranking,20260916,121,0.08451493829488754,0.020322924479842186,0.08654723316431046,0.13582438230514526,0.29522430896759033
ranking,20260916,122,0.08297137171030045,0.020319130271673203,0.08500328660011292,0.13446368277072906,0.29074686765670776
ranking,20260916,123,0.08146772533655167,0.020314903929829597,0.08349921554327011,0.1331266164779663,0.2863422930240631
ranking,20260916,124,0.08000294119119644,0.020310668274760246,0.08203400671482086,0.1318126767873764,0.2820073962211609
ranking,20260916,125,0.07857595384120941,0.020306825637817383,0.08060663938522339,0.13052132725715637,0.2777450382709503
ranking,20260916,126,0.0771857500076294,0.020302629098296165,0.07921601086854935,0.12925204634666443,0.2735520899295807
ranking,20260916,127,0.0758313313126564,0.020298123359680176,0.07786114513874054,0.12800435721874237,0.26942750811576843
ranking,20260916,128,0.07451172918081284,0.02029324509203434,0.07654105126857758,0.1267777979373932,0.2653701603412628
ranking,20260916,129,0.07322599738836288,0.020288052037358284,0.07525480538606644,0.12557193636894226,0.2613789439201355
ranking,20260916,130,0.07197323441505432,0.020282531157135963,0.0740014910697937,0.12438633292913437,0.2574527859687805
ranking,20260916,131,0.07075252383947372,0.02027669921517372,0.07278019189834595,0.12322061508893967,0.2535906732082367
ranking,20260916,132,0.06956301629543304,0.020270779728889465,0.07159009575843811,0.12207446247339249,0.24978753924369812
ranking,20260916,133,0.06840388476848602,0.020265797153115273,0.0704304650425911,0.12094748020172119,0.24605008959770203
ranking,20260916,134,0.0672742947936058,0.020260533317923546,0.0693003460764885,0.11983931809663773,0.24237343668937683
ranking,20260916,135,0.06617346405982971,0.02025497891008854,0.06819896399974823,0.11874964833259583,0.23875661194324493
ranking,20260916,136,0.06510061770677567,0.02024916373193264,0.06712553650140762,0.11767818033695221,0.23519866168498993
ranking,20260916,137,0.06405499577522278,0.02024305798113346,0.06607930362224579,0.11662455648183823,0.23169858753681183
ranking,20260916,138,0.06303587555885315,0.02023722417652607,0.065059594810009,0.11558852344751358,0.22825101017951965
ranking,20260916,139,0.06204255670309067,0.020232122391462326,0.06406576931476593,0.11456982046365738,0.22486379742622375
ranking,20260916,140,0.06107436493039131,0.0202267337590456,0.0630970373749733,0.11356814205646515,0.2215316891670227
ranking,20260916,141,0.06013060361146927,0.02022109366953373,0.062152713537216187,0.11258319020271301,0.21825380623340607
ranking,20260916,142,0.0592106357216835,0.020216433331370354,0.06123227998614311,0.11161476373672485,0.21502470970153809
ranking,20260916,143,0.05831383541226387,0.020211638882756233,0.06033499911427498,0.11066257953643799,0.21185259521007538
ranking,20260916,144,0.05743958428502083,0.020206579938530922,0.059460241347551346,0.10972637683153152,0.20873214304447174
ranking,20260916,145,0.056587278842926025,0.020201364532113075,0.05860741436481476,0.10880591720342636,0.2056579887866974
ranking,20260916,146,0.0557563491165638,0.02019714005291462,0.057776063680648804,0.10790099948644638,0.2026383876800537
ranking,20260916,147,0.05494622886180878,0.020192617550492287,0.05696548894047737,0.1070113256573677,0.19966810941696167
ranking,20260916,148,0.0541563518345356,0.020187782123684883,0.05617513135075569,0.10613665729761124,0.19674639403820038
ranking,20260916,149,0.05338618531823158,0.020182596519589424,0.05540444329380989,0.10527674853801727,0.19387249648571014
ranking,20260916,150,0.05263519659638405,0.020177088677883148,0.05465290695428848,0.1044313833117485,0.19104577600955963
ranking,20260916,151,0.051902882754802704,0.020171256735920906,0.05392000824213028,0.10360028594732285,0.18826548755168915
ranking,20260916,152,0.05118873715400696,0.02016502059996128,0.05320524051785469,0.10278325527906418,0.18553100526332855
ranking,20260916,153,0.05049227178096771,0.020158464089035988,0.052508119493722916,0.1019800528883934,0.18284161388874054
ranking,20260916,154,0.04981301352381706,0.020152324810624123,0.05182824656367302,0.101190485060215,0.18019743263721466
ranking,20260916,155,0.04915051534771919,0.020145956426858902,0.05116511136293411,0.10041427612304688,0.17759615182876587
ranking,20260916,156,0.04850431904196739,0.020139221101999283,0.05051824077963829,0.09965124726295471,0.17503796517848969
ranking,20260916,157,0.047873981297016144,0.02013213373720646,0.049887195229530334,0.0989011749625206,0.17252223193645477
ranking,20260916,158,0.04725908115506172,0.02012464962899685,0.04927154630422592,0.09816381335258484,0.17004835605621338
ranking,20260916,159,0.046659205108881,0.02011679671704769,0.04867088422179222,0.09743896871805191,0.16761575639247894
ranking,20260916,160,0.04607393592596054,0.0201087798923254,0.048084814101457596,0.0967264398932457,0.16521918773651123
ranking,20260916,161,0.04550288990139961,0.02010216750204563,0.04751310497522354,0.09602603316307068,0.16286958754062653
ranking,20260916,162,0.044945694506168365,0.020095186308026314,0.04695521295070648,0.09533756226301193,0.16055695712566376
ranking,20260916,163,0.04440195485949516,0.020087813958525658,0.046410735696554184,0.09466073662042618,0.15828311443328857
ranking,20260916,164,0.04387131333351135,0.02008003182709217,0.045879315584897995,0.09399542212486267,0.15604755282402039
ranking,20260916,165,0.04335340857505798,0.0200718455016613,0.04536059498786926,0.09334138035774231,0.1538497358560562
ranking,20260916,166,0.0428478866815567,0.020063215866684914,0.04485420882701874,0.09269838780164719,0.1516890972852707
ranking,20260916,167,0.04235440865159035,0.020054146647453308,0.04435982182621956,0.09206625819206238,0.14956516027450562
ranking,20260916,168,0.041872650384902954,0.02004462480545044,0.04387711361050606,0.09144478291273117,0.14747744798660278
ranking,20260916,169,0.04140227660536766,0.020034627988934517,0.04340573772788048,0.09083376824855804,0.14542539417743683
ranking,20260916,170,0.0409429706633091,0.020024606958031654,0.04294542968273163,0.09023301303386688,0.1434083878993988
ranking,20260916,171,0.04049444571137428,0.02001471258699894,0.04249591752886772,0.08964233100414276,0.14142608642578125
ranking,20260916,172,0.040056388825178146,0.020004374906420708,0.04205682501196861,0.08906152844429016,0.1394778937101364
ranking,20260916,173,0.039628513157367706,0.019993560388684273,0.04162786900997162,0.08849042654037476,0.13756336271762848
ranking,20260916,174,0.03921053186058998,0.019982269033789635,0.04120875895023346,0.08792880177497864,0.13568201661109924
ranking,20260916,175,0.038802169263362885,0.019970444962382317,0.04079921543598175,0.08737650513648987,0.1338334083557129
ranking,20260916,176,0.03840316832065582,0.01995811052620411,0.0403989776968956,0.08683335036039352,0.1320170909166336
ranking,20260916,177,0.03801324591040611,0.019945232197642326,0.04000777006149292,0.0862991213798523,0.13023261725902557
ranking,20260916,178,0.037632156163454056,0.01993180625140667,0.03962533548474312,0.08577366173267365,0.12847954034805298
ranking,20260916,179,0.037259653210639954,0.019917776808142662,0.039251431822776794,0.08525681495666504,0.1267574280500412
ranking,20260916,180,0.03689549118280411,0.019904131069779396,0.03888590261340141,0.08474838733673096,0.1250651478767395
ranking,20260916,181,0.03653943911194801,0.019890062510967255,0.0385284461081028,0.08424823731184006,0.12340353429317474
ranking,20260916,182,0.036191269755363464,0.019875409081578255,0.038178808987140656,0.08375617116689682,0.12177149951457977
ranking,20260916,183,0.03585076704621315,0.019860176369547844,0.03783678635954857,0.08327202498912811,0.12016865611076355
ranking,20260916,184,0.035517703741788864,0.019844353199005127,0.037502139806747437,0.08279566466808319,0.11859456449747086
ranking,20260916,185,0.035191867500543594,0.01982789672911167,0.03717465698719025,0.08232691138982773,0.11704884469509125
ranking,20260916,186,0.03487306833267212,0.019810816273093224,0.036854151636362076,0.08186560869216919,0.11553109437227249
ranking,20260916,187,0.03456108644604683,0.019793063402175903,0.03654039278626442,0.08141160011291504,0.11404091864824295
ranking,20260916,188,0.0342557430267334,0.019774625077843666,0.03623320534825325,0.08096474409103394,0.11257791519165039
ranking,20260916,189,0.03395684435963631,0.019755497574806213,0.03593239560723305,0.08052489161491394,0.11114171892404556
ranking,20260916,190,0.03366420790553093,0.01973596028983593,0.03563780337572098,0.0800919160246849,0.10973072052001953
ranking,20260916,191,0.033377666026353836,0.019717490300536156,0.03534941375255585,0.07966567575931549,0.10834722965955734
ranking,20260916,192,0.033097051084041595,0.019699079915881157,0.035066958516836166,0.07924601435661316,0.10698855668306351
ranking,20260916,193,0.03282219171524048,0.019680263474583626,0.034790217876434326,0.07883284986019135,0.10564987361431122
ranking,20260916,194,0.03255293518304825,0.019661225378513336,0.03451905772089958,0.07842604070901871,0.10434067249298096
ranking,20260916,195,0.032289113849401474,0.01964152604341507,0.03425326570868492,0.07802543044090271,0.1030556857585907
ranking,20260916,196,0.03203057497739792,0.01962120644748211,0.033992696553468704,0.077630914747715,0.10179453343153
ranking,20260916,197,0.03177717700600624,0.019600192084908485,0.033737197518348694,0.07724234461784363,0.10055689513683319
ranking,20260916,198,0.031528767198324203,0.019578473642468452,0.03348661586642265,0.07685960829257965,0.09934240579605103
ranking,20260916,199,0.03128521144390106,0.019556058570742607,0.03324081748723984,0.07648258656263351,0.09815072268247604
ranking,20260916,200,0.031046368181705475,0.01953393779695034,0.032999761402606964,0.07611114531755447,0.09697995334863663
ranking,20260916,201,0.030812114477157593,0.01951155625283718,0.032763268798589706,0.07574521005153656,0.09582852572202682
ranking,20260916,202,0.030582323670387268,0.01948857121169567,0.03253117948770523,0.07538463920354843,0.09470275789499283
ranking,20260916,203,0.030356869101524353,0.019464893266558647,0.03230335935950279,0.07502933591604233,0.09359821677207947
ranking,20260916,204,0.030135629698634148,0.01944050006568432,0.032079678028821945,0.07467920333147049,0.09251458942890167
ranking,20260916,205,0.029918501153588295,0.019415386021137238,0.03186003863811493,0.07433409988880157,0.09145152568817139
ranking,20260916,206,0.02970535308122635,0.019389504566788673,0.0316443033516407,0.07399393618106842,0.09040869027376175
ranking,20260916,207,0.029496096074581146,0.019362924620509148,0.031432390213012695,0.07365860790014267,0.08938576281070709
ranking,20260916,208,0.029290607199072838,0.01933560147881508,0.031224166974425316,0.07332801818847656,0.08838240057229996
ranking,20260916,209,0.029088789597153664,0.01930752955377102,0.03101954236626625,0.07300207018852234,0.08739824593067169
ranking,20260916,210,0.028890542685985565,0.01927979476749897,0.030818521976470947,0.07268065214157104,0.08643245697021484
ranking,20260916,211,0.028695782646536827,0.019252298399806023,0.030621012672781944,0.0723637044429779,0.0854836031794548
ranking,20260916,212,0.02850440703332424,0.01922525465488434,0.030426932498812675,0.07205113023519516,0.08455432206392288
ranking,20260916,213,0.028316332027316093,0.019197704270482063,0.030236102640628815,0.07174283266067505,0.08364250510931015
ranking,20260916,214,0.02813146822154522,0.019169652834534645,0.0300484336912632,0.07143870741128922,0.08274787664413452
ranking,20260916,215,0.027949724346399307,0.019141070544719696,0.029863830655813217,0.07113869488239288,0.08187010139226913
ranking,20260916,216,0.027771025896072388,0.019112026318907738,0.029682228341698647,0.0708426982164383,0.08100885152816772
ranking,20260916,217,0.02759528160095215,0.019082512706518173,0.029503533616662025,0.07055062800645828,0.08016377687454224
ranking,20260916,218,0.027422422543168068,0.019052544608712196,0.029327677562832832,0.07026241719722748,0.07933460175991058
ranking,20260916,219,0.02725236676633358,0.01902211457490921,0.0291545782238245,0.06997799873352051,0.07852096855640411
ranking,20260916,220,0.027085041627287865,0.018991297110915184,0.02898417040705681,0.06969726830720901,0.07772254198789597
ranking,20260916,221,0.0269203819334507,0.018960094079375267,0.02881639078259468,0.06942017376422882,0.07693902403116226
ranking,20260916,222,0.026758313179016113,0.01892848312854767,0.02865116111934185,0.06914662569761276,0.07617007195949554
ranking,20260916,223,0.026598768308758736,0.01889658160507679,0.02848842740058899,0.06887656450271606,0.07541532814502716
ranking,20260916,224,0.026441682130098343,0.018864361569285393,0.028328118845820427,0.06860991567373276,0.07467448711395264
ranking,20260916,225,0.02628699131309986,0.018831873312592506,0.028170179575681686,0.06834662705659866,0.07394722104072571
ranking,20260916,226,0.026134638115763664,0.018800409510731697,0.02801467850804329,0.068086639046669,0.07323222607374191
ranking,20260916,227,0.02598455362021923,0.018769443035125732,0.027861498296260834,0.06782986968755722,0.07253075391054153
ranking,20260916,228,0.025836681947112083,0.01873847283422947,0.027710529044270515,0.06757625937461853,0.07184150069952011
ranking,20260916,229,0.025690965354442596,0.018707551062107086,0.027561720460653305,0.06732574850320816,0.07116420567035675
ranking,20260916,230,0.025547342374920845,0.0186768751591444,0.02741502970457077,0.06707831472158432,0.07049644738435745
ranking,20260916,231,0.025405770167708397,0.018646879121661186,0.02727045863866806,0.06683385372161865,0.06984203308820724
ranking,20260916,232,0.025266194716095924,0.018617017194628716,0.02712789550423622,0.06659232825040817,0.0691985934972763
ranking,20260916,233,0.02512856014072895,0.018587293103337288,0.026987290009856224,0.0663536861538887,0.06856588274240494
ranking,20260916,234,0.024992823600769043,0.01855771616101265,0.026848595589399338,0.06611786782741547,0.06794366985559464
ranking,20260916,235,0.024858931079506874,0.018528303131461143,0.026711761951446533,0.06588482856750488,0.06733166426420212
ranking,20260916,236,0.024726850911974907,0.018499048426747322,0.026576755568385124,0.06565451622009277,0.06672967225313187
ranking,20260916,237,0.024596519768238068,0.018469983711838722,0.026443518698215485,0.06542688608169556,0.0661374107003212
ranking,20260916,238,0.024467913433909416,0.01844114065170288,0.026312027126550674,0.06520187109708786,0.06555468589067459
ranking,20260916,239,0.024340979754924774,0.018412446603178978,0.026182224974036217,0.0649794414639473,0.06498124450445175
ranking,20260916,240,0.024215679615736008,0.01838398166000843,0.026054076850414276,0.06475955247879028,0.06441690772771835
ranking,20260916,241,0.02409198507666588,0.01835569739341736,0.025927554816007614,0.06454215198755264,0.06386146694421768
ranking,20260916,242,0.023969847708940506,0.018327629193663597,0.02580261044204235,0.06432720273733139,0.06331469863653183
ranking,20260916,243,0.023849239572882652,0.018301060423254967,0.025679346174001694,0.06411466002464294,0.06277526915073395
ranking,20260916,244,0.023730115965008736,0.01827494613826275,0.025557611137628555,0.06390450149774551,0.06224483624100685
ranking,20260916,245,0.02361243963241577,0.01824919320642948,0.025437358766794205,0.06369665265083313,0.061722129583358765
ranking,20260916,246,0.02349618263542652,0.01822379231452942,0.025318561121821404,0.06349111348390579,0.06120697408914566
ranking,20260916,247,0.023381317034363747,0.018198726698756218,0.025201190263032913,0.06328782439231873,0.06069927662611008
ranking,20260916,248,0.02326781116425991,0.018173949792981148,0.0250852070748806,0.06308674812316895,0.060198936611413956
ranking,20260916,249,0.023155640810728073,0.018149470910429955,0.024970587342977524,0.06288785487413406,0.05970580875873566
ranking,20260916,250,0.023044778034090996,0.01812560297548771,0.02485733851790428,0.0626910999417305,0.059217505156993866
ranking,20260916,251,0.022935200482606888,0.018102241680026054,0.024745425209403038,0.06249647215008736,0.05873844027519226
ranking,20260916,252,0.02282688394188881,0.018079103901982307,0.024634793400764465,0.06230391189455986,0.05826621130108833
ranking,20260916,253,0.022719798609614372,0.018056191504001617,0.024525417014956474,0.06211340054869652,0.057800740003585815
ranking,20260916,254,0.022613931447267532,0.018033461645245552,0.024417277425527573,0.061924904584884644,0.05734194815158844
ranking,20260916,255,0.0225092563778162,0.018010899424552917,0.024310346692800522,0.06173836812376976,0.056889742612838745
ranking,20260916,256,0.022405745461583138,0.017988473176956177,0.024204593151807785,0.06155379116535187,0.056444019079208374
ranking,20260916,257,0.02230338379740715,0.017966151237487793,0.02409999817609787,0.06137113645672798,0.05600471422076225
ranking,20260916,258,0.022202150896191597,0.01794392801821232,0.023996543139219284,0.06119035929441452,0.05557171627879143
ranking,20260916,259,0.022102028131484985,0.017921801656484604,0.023894207552075386,0.061011429876089096,0.055144939571619034
ranking,20260916,260,0.022002987563610077,0.017899716272950172,0.02379295974969864,0.06083434820175171,0.05472428351640701
ranking,20260916,261,0.021905021741986275,0.017877692356705666,0.023692790418863297,0.06065903604030609,0.0543096587061882
ranking,20260916,262,0.02180810272693634,0.017855724319815636,0.02359367534518242,0.06048550084233284,0.05390096828341484
ranking,20260916,263,0.02171221375465393,0.017833780497312546,0.023495592176914215,0.06031370535492897,0.05349809676408768
ranking,20260916,264,0.021617339923977852,0.01781187392771244,0.02339852787554264,0.0601436123251915,0.053100939840078354
ranking,20260916,265,0.021523460745811462,0.01779029704630375,0.023302489891648293,0.059975218027830124,0.05270833894610405
ranking,20260916,266,0.021430550143122673,0.01776956208050251,0.02320750616490841,0.05980847775936127,0.05232185497879982
ranking,20260916,267,0.02133859135210514,0.017749065533280373,0.023113498464226723,0.05964338034391403,0.051940347999334335
ranking,20260916,268,0.021247563883662224,0.017728717997670174,0.023020435124635696,0.059479888528585434,0.05156375840306282
ranking,20260916,269,0.021157462149858475,0.01770852319896221,0.02292831428349018,0.05931798368692398,0.0511920340359211
ranking,20260916,270,0.021068261936306953,0.01768851839005947,0.022837113589048386,0.05915763974189758,0.050822850316762924
ranking,20260916,271,0.020979957655072212,0.01766914315521717,0.022746872156858444,0.058998849242925644,0.050460636615753174
ranking,20260916,272,0.020892536267638206,0.017649885267019272,0.022657524794340134,0.05884157121181488,0.050103094428777695
ranking,20260916,273,0.020805981010198593,0.01763073541224003,0.02256905473768711,0.0586857870221138,0.04975013807415962
ranking,20260916,274,0.02072027325630188,0.017611661925911903,0.022481439635157585,0.05853147804737091,0.049401722848415375
ranking,20260916,275,0.020635413005948067,0.017592675983905792,0.022394681349396706,0.05837862566113472,0.049057796597480774
ranking,20260916,276,0.020551379770040512,0.017573831602931023,0.02230876311659813,0.05822720006108284,0.048711467534303665
ranking,20260916,277,0.02046816609799862,0.017555199563503265,0.022223686799407005,0.058077212423086166,0.04837625101208687
ranking,20260916,278,0.020385760813951492,0.01753658801317215,0.022139418870210648,0.05792863294482231,0.04804530367255211
ranking,20260916,279,0.020304149016737938,0.017517978325486183,0.02205594629049301,0.05778142437338829,0.04771854728460312
ranking,20260916,280,0.020223325118422508,0.017499350011348724,0.02197325974702835,0.057635579258203506,0.047395914793014526
ranking,20260916,281,0.02014327049255371,0.01748073473572731,0.021891344338655472,0.057491086423397064,0.04707735776901245
ranking,20260916,282,0.02006397396326065,0.0174621120095253,0.02181018516421318,0.05734790489077568,0.04676276817917824
ranking,20260916,283,0.019985424354672432,0.01744350790977478,0.02172977477312088,0.05720603093504906,0.0464521199464798
ranking,20260916,284,0.01990761235356331,0.017424872145056725,0.021650100126862526,0.0570654459297657,0.04614530876278877
ranking,20260916,285,0.019830528646707535,0.017406271770596504,0.02157115563750267,0.05692613124847412,0.04584229737520218
ranking,20260916,286,0.01975415274500847,0.017387649044394493,0.021492917090654373,0.056788064539432526,0.04554297775030136
ranking,20260916,287,0.019678480923175812,0.01736905239522457,0.021415386348962784,0.056651242077350616,0.04524727165699005
ranking,20260916,288,0.019603507593274117,0.017350492998957634,0.021338555961847305,0.05651563033461571,0.04495512694120407
ranking,20260916,289,0.019529210403561592,0.017331963405013084,0.021262407302856445,0.0563812218606472,0.04466642811894417
ranking,20260916,290,0.01945558562874794,0.01731344498693943,0.02118692919611931,0.05624799430370331,0.04438113793730736
ranking,20260916,291,0.019382620230317116,0.017294984310865402,0.021112117916345596,0.056115951389074326,0.044099144637584686
ranking,20260916,292,0.01931031048297882,0.017276575788855553,0.02103796787559986,0.055985044687986374,0.043820396065711975
ranking,20260916,293,0.019238637760281563,0.017258241772651672,0.02096446231007576,0.055855296552181244,0.04354478046298027
ranking,20260916,294,0.019167598336935043,0.017239971086382866,0.020891595631837845,0.055726662278175354,0.04327225312590599
ranking,20260916,295,0.019097184762358665,0.017222220078110695,0.02081940695643425,0.0555991493165493,0.043002136051654816
ranking,20260916,296,0.019027365371584892,0.017204998061060905,0.020747864618897438,0.055472735315561295,0.04273507371544838
ranking,20260916,297,0.018958142027258873,0.01718825288116932,0.02067696675658226,0.055347416549921036,0.042468391358852386
ranking,20260916,298,0.018889496102929115,0.017171917483210564,0.020606687292456627,0.05522317439317703,0.04220612347126007
ranking,20260916,299,0.018821433186531067,0.017155809327960014,0.020537015050649643,0.055099986493587494,0.041946232318878174
ranking,20260916,300,0.018753940239548683,0.017139961943030357,0.020467936992645264,0.05497787147760391,0.041688721626996994
control,20260917,1,0.9661510586738586,0.02020297385752201,0.9661510586738586,1.0469701290130615,1.2111592292785645
control,20260917,2,0.9537627696990967,0.02017616666853428,0.9537627696990967,1.0356605052947998,1.2034469842910767
control,20260917,3,0.9414680004119873,0.020152391865849495,0.9414680004119873,1.0244739055633545,1.195992350578308
control,20260917,4,0.9292618036270142,0.02013126201927662,0.9292618036270142,1.0133929252624512,1.1889654397964478
control,20260917,5,0.9171372056007385,0.02011306770145893,0.9171372056007385,1.0023850202560425,1.1824049949645996
control,20260917,6,0.9050852060317993,0.020098673179745674,0.9050852060317993,0.9914060235023499,1.1762702465057373
control,20260917,7,0.8930959105491638,0.020091230049729347,0.8930959105491638,0.9804065823554993,1.1704577207565308
control,20260917,8,0.8811558485031128,0.020086633041501045,0.8811558485031128,0.9693408012390137,1.164909839630127
control,20260917,9,0.8692485094070435,0.020082591101527214,0.8692485094070435,0.9581756591796875,1.1595869064331055
control,20260917,10,0.8573573231697083,0.02007930725812912,0.8573573231697083,0.9468969106674194,1.1544321775436401
control,20260917,11,0.8454699516296387,0.02008059434592724,0.8454699516296387,0.9355046153068542,1.1493695974349976
control,20260917,12,0.8335798382759094,0.0200896505266428,0.8335798382759094,0.9240064024925232,1.1443212032318115
control,20260917,13,0.8216840624809265,0.020098967477679253,0.8216840624809265,0.9124112725257874,1.1392208337783813
control,20260917,14,0.8097826242446899,0.020108142867684364,0.8097826242446899,0.9007288813591003,1.1340187788009644
control,20260917,15,0.7978771924972534,0.0201172586530447,0.7978771924972534,0.8889665007591248,1.1286802291870117
control,20260917,16,0.7859698534011841,0.020126281306147575,0.7859698534011841,0.8771306872367859,1.1231820583343506
control,20260917,17,0.7740630507469177,0.02014060877263546,0.7740630507469177,0.8652263879776001,1.117509365081787
control,20260917,18,0.7621596455574036,0.020155932754278183,0.7621596455574036,0.8532575368881226,1.1116530895233154
control,20260917,19,0.7502619624137878,0.020171361044049263,0.7502619624137878,0.8412278890609741,1.1056082248687744
control,20260917,20,0.7383729219436646,0.02018616907298565,0.7383729219436646,0.829140305519104,1.099372148513794
control,20260917,21,0.7264954447746277,0.020200250670313835,0.7264954447746277,0.816998302936554,1.0929440259933472
control,20260917,22,0.7146321535110474,0.020213475450873375,0.7146321535110474,0.8048051595687866,1.0863248109817505
control,20260917,23,0.7027860879898071,0.020226217806339264,0.7027860879898071,0.7925645709037781,1.0795156955718994
control,20260917,24,0.6909601092338562,0.0202398132532835,0.6909601092338562,0.7802812457084656,1.0725185871124268
control,20260917,25,0.679157555103302,0.0202524121850729,0.679157555103302,0.767960250377655,1.0653358697891235
control,20260917,26,0.6673818826675415,0.02026401273906231,0.6673818826675415,0.7556073665618896,1.0579700469970703
control,20260917,27,0.6556366086006165,0.020274624228477478,0.6556366086006165,0.7432292699813843,1.050424337387085
control,20260917,28,0.6439256072044373,0.020284265279769897,0.6439256072044373,0.7308334708213806,1.0427016019821167
control,20260917,29,0.6322531700134277,0.020292988047003746,0.6322531700134277,0.7184275984764099,1.0348056554794312
control,20260917,30,0.6206235289573669,0.020302515476942062,0.6206235289573669,0.7060200572013855,1.0267407894134521
control,20260917,31,0.6090413331985474,0.02031225524842739,0.6090413331985474,0.6936195492744446,1.018511414527893
control,20260917,32,0.597511351108551,0.020322462543845177,0.597511351108551,0.6812350153923035,1.0101228952407837
control,20260917,33,0.5860385298728943,0.02033194899559021,0.5860385298728943,0.6688756346702576,1.001580834388733
control,20260917,34,0.5746279954910278,0.0203408095985651,0.5746279954910278,0.6565564870834351,0.9928910136222839
control,20260917,35,0.5632903575897217,0.020349301397800446,0.5632903575897217,0.644293487071991,0.9840653538703918
control,20260917,36,0.5520369410514832,0.020357927307486534,0.5520369410514832,0.63210129737854,0.9751161932945251
control,20260917,37,0.5408781170845032,0.02036663144826889,0.5408781170845032,0.6199937462806702,0.9660563468933105
control,20260917,38,0.529823362827301,0.02037576399743557,0.529823362827301,0.6079836487770081,0.9568983316421509
control,20260917,39,0.5188817381858826,0.020384985953569412,0.5188817381858826,0.5960829257965088,0.947654664516449
control,20260917,40,0.5080611705780029,0.020394178107380867,0.5080611705780029,0.5843027234077454,0.9383371472358704
control,20260917,41,0.4973691701889038,0.02040405385196209,0.4973691701889038,0.5726529359817505,0.9289577603340149
control,20260917,42,0.48681238293647766,0.020414352416992188,0.48681238293647766,0.5611429810523987,0.9195273518562317
control,20260917,43,0.47639673948287964,0.020424745976924896,0.47639673948287964,0.549781084060669,0.9100566506385803
control,20260917,44,0.4661276042461395,0.020435309037566185,0.4661276042461395,0.5385749340057373,0.9005559086799622
control,20260917,45,0.45600974559783936,0.02044704183936119,0.45600974559783936,0.5275310277938843,0.8910346031188965
control,20260917,46,0.4460471570491791,0.020458949729800224,0.4460471570491791,0.5166552662849426,0.8815016746520996
control,20260917,47,0.4362431764602661,0.0204709954559803,0.4362431764602661,0.5059529542922974,0.8719655275344849
control,20260917,48,0.426600843667984,0.02048310823738575,0.426600843667984,0.4954281747341156,0.8624339699745178
control,20260917,49,0.41712236404418945,0.020495247095823288,0.41712236404418945,0.4850846230983734,0.8529142737388611
control,20260917,50,0.4078095555305481,0.020507341250777245,0.4078095555305481,0.47492516040802,0.8434130549430847
control,20260917,51,0.3986636698246002,0.02052338793873787,0.3986636698246002,0.4649520218372345,0.8339362740516663
control,20260917,52,0.38968560099601746,0.020539497956633568,0.38968560099601746,0.4551668167114258,0.8244895339012146
control,20260917,53,0.38087570667266846,0.020555326715111732,0.38087570667266846,0.4455704391002655,0.8150779604911804
control,20260917,54,0.3722341060638428,0.020570725202560425,0.3722341060638428,0.43616339564323425,0.8057061433792114
control,20260917,55,0.3637603521347046,0.02058563195168972,0.3637603521347046,0.42694562673568726,0.7963780164718628
control,20260917,56,0.3554539382457733,0.020599959418177605,0.3554539382457733,0.4179166555404663,0.7870973944664001
control,20260917,57,0.34731388092041016,0.020613618195056915,0.34731388092041016,0.40907546877861023,0.7778673768043518
control,20260917,58,0.3393389582633972,0.020626554265618324,0.3393389582633972,0.4004207253456116,0.7686911225318909
control,20260917,59,0.3315278887748718,0.020638713613152504,0.3315278887748718,0.39195090532302856,0.759570837020874
control,20260917,60,0.32387903332710266,0.02065005712211132,0.32387903332710266,0.38366395235061646,0.7505089044570923
control,20260917,61,0.3163906931877136,0.02066054195165634,0.3163906931877136,0.3755577802658081,0.7415072321891785
control,20260917,62,0.3090609014034271,0.02067015878856182,0.3090609014034271,0.3676299452781677,0.7325674295425415
control,20260917,63,0.3018878102302551,0.020678887143731117,0.3018878102302551,0.3598778545856476,0.7236908674240112
control,20260917,64,0.29486918449401855,0.020686740055680275,0.29486918449401855,0.35229891538619995,0.7148785591125488
control,20260917,65,0.28800293803215027,0.020693721249699593,0.28800293803215027,0.3448902368545532,0.706131637096405
control,20260917,66,0.2812868654727936,0.020699841901659966,0.2812868654727936,0.33764901757240295,0.6974507570266724
control,20260917,67,0.27471861243247986,0.020705128088593483,0.27471861243247986,0.3305722773075104,0.6888363361358643
control,20260917,68,0.26829591393470764,0.020709756761789322,0.26829591393470764,0.3236570656299591,0.6802889108657837
control,20260917,69,0.2620164752006531,0.020713819190859795,0.2620164752006531,0.3169004023075104,0.6718086004257202
control,20260917,70,0.25587788224220276,0.020717108622193336,0.25587788224220276,0.3102993667125702,0.6633957624435425
control,20260917,71,0.24987782537937164,0.020720122382044792,0.24987782537937164,0.30385100841522217,0.6550502777099609
control,20260917,72,0.2440139651298523,0.020724380388855934,0.2440139651298523,0.2975523769855499,0.6467720866203308
control,20260917,73,0.23828399181365967,0.020727967843413353,0.23828399181365967,0.2914007008075714,0.6385611891746521
control,20260917,74,0.23268556594848633,0.020730936899781227,0.23268556594848633,0.2853931486606598,0.6304171085357666
control,20260917,75,0.227216437458992,0.020733332261443138,0.227216437458992,0.2795270085334778,0.6223399043083191
control,20260917,76,0.22187431156635284,0.020735209807753563,0.22187431156635284,0.2737996578216553,0.6143292784690857
control,20260917,77,0.21665699779987335,0.0207365732640028,0.21665699779987335,0.2682085335254669,0.606384813785553
control,20260917,78,0.21156227588653564,0.020737502723932266,0.21156227588653564,0.26275110244750977,0.598506510257721
control,20260917,79,0.206588014960289,0.0207380224019289,0.206588014960289,0.2574250102043152,0.5906938314437866
control,20260917,80,0.2017320692539215,0.02073817513883114,0.2017320692539215,0.25222793221473694,0.58294677734375
control,20260917,81,0.19699235260486603,0.020738013088703156,0.19699235260486603,0.24715761840343475,0.575265109539032
control,20260917,82,0.1923668533563614,0.020737558603286743,0.1923668533563614,0.24221192300319672,0.5676485896110535
control,20260917,83,0.18785350024700165,0.020736901089549065,0.18785350024700165,0.23738867044448853,0.5600972175598145
control,20260917,84,0.18345029652118683,0.02073602005839348,0.18345029652118683,0.23268593847751617,0.5526109933853149
control,20260917,85,0.1791553497314453,0.02073497697710991,0.1791553497314453,0.2281016707420349,0.5451897978782654
control,20260917,86,0.17496664822101593,0.020733801648020744,0.17496664822101593,0.22363394498825073,0.5378336906433105
control,20260917,87,0.17088231444358826,0.020732561126351357,0.17088231444358826,0.21928086876869202,0.5305429697036743
control,20260917,88,0.1669004261493683,0.020731257274746895,0.1669004261493683,0.2150406390428543,0.5233176946640015
control,20260917,89,0.1630190908908844,0.02072991617023945,0.1630190908908844,0.2109113335609436,0.5161580443382263
control,20260917,90,0.15923650562763214,0.020728547126054764,0.15923650562763214,0.2068912386894226,0.5090643763542175
control,20260917,91,0.15555071830749512,0.02072841115295887,0.15555071830749512,0.2029784917831421,0.5020369291305542
control,20260917,92,0.15195991098880768,0.020729204639792442,0.15195991098880768,0.1991713047027588,0.4950762093067169
control,20260917,93,0.1484622359275818,0.020732540637254715,0.1484622359275818,0.19546784460544586,0.4881824553012848
control,20260917,94,0.1450558304786682,0.020736122503876686,0.1450558304786682,0.19186629354953766,0.481356143951416
control,20260917,95,0.14173881709575653,0.020739620551466942,0.14173881709575653,0.18836486339569092,0.47459760308265686
control,20260917,96,0.1385093480348587,0.0207429938018322,0.1385093480348587,0.18496163189411163,0.4679073691368103
control,20260917,97,0.1353655904531479,0.020746774971485138,0.1353655904531479,0.18165478110313416,0.46128565073013306
control,20260917,98,0.13230566680431366,0.020750660449266434,0.13230566680431366,0.1784423440694809,0.4547330439090729
control,20260917,99,0.1293277144432068,0.020754339173436165,0.1293277144432068,0.17532241344451904,0.44824978709220886
control,20260917,100,0.12642987072467804,0.020757777616381645,0.12642987072467804,0.172293022274971,0.44183626770973206
control,20260917,101,0.12361026555299759,0.020760929211974144,0.12361026555299759,0.16935217380523682,0.4354926645755768
control,20260917,102,0.12086709588766098,0.020763767883181572,0.12086709588766098,0.1664978712797165,0.42921945452690125
control,20260917,103,0.118198461830616,0.020766237750649452,0.118198461830616,0.16372808814048767,0.42301663756370544
control,20260917,104,0.11560259014368057,0.020768361166119576,0.11560259014368057,0.16104073822498322,0.4168844223022461
control,20260917,105,0.11307761818170547,0.020770002156496048,0.11307761818170547,0.15843376517295837,0.4108230173587799
control,20260917,106,0.11062175780534744,0.020771173760294914,0.11062175780534744,0.1559051126241684,0.40483230352401733
control,20260917,107,0.108233243227005,0.020771833136677742,0.108233243227005,0.15345270931720734,0.39891237020492554
control,20260917,108,0.1059102788567543,0.020772257819771767,0.1059102788567543,0.15107442438602448,0.39306315779685974
control,20260917,109,0.10365117341279984,0.020772315561771393,0.10365117341279984,0.14876823127269745,0.38728445768356323
control,20260917,110,0.10145419090986252,0.020771799609065056,0.10145419090986252,0.14653201401233673,0.3815761208534241
control,20260917,111,0.09931767731904984,0.02077203430235386,0.09931767731904984,0.14436376094818115,0.37593793869018555
control,20260917,112,0.09723998606204987,0.02077152580022812,0.09723998606204987,0.14226140081882477,0.37036964297294617
control,20260917,113,0.09521950781345367,0.020770376548171043,0.09521950781345367,0.1402229368686676,0.36487075686454773
control,20260917,114,0.09325466305017471,0.020768431946635246,0.09325466305017471,0.1382463574409485,0.35944101214408875
control,20260917,115,0.09134392440319061,0.020765775814652443,0.09134392440319061,0.1363297402858734,0.3540799617767334
control,20260917,116,0.0894857868552208,0.020762642845511436,0.0894857868552208,0.134471133351326,0.3487870991230011
control,20260917,117,0.08767878264188766,0.02076001837849617,0.08767878264188766,0.1326686441898346,0.3435618579387665
control,20260917,118,0.08592149615287781,0.020756669342517853,0.08592149615287781,0.1309204250574112,0.3384038507938385
control,20260917,119,0.0842125341296196,0.0207525622099638,0.0842125341296196,0.12922465801239014,0.33331239223480225
control,20260917,120,0.08255055546760559,0.020747700706124306,0.08255055546760559,0.12757956981658936,0.32828688621520996
control,20260917,121,0.08093424141407013,0.020742112770676613,0.08093424141407013,0.12598343193531036,0.32332679629325867
control,20260917,122,0.07936231791973114,0.020735757425427437,0.07936231791973114,0.12443461269140244,0.31843143701553345
control,20260917,123,0.07783354818820953,0.020728716626763344,0.07783354818820953,0.12293143570423126,0.31360024213790894
control,20260917,124,0.07634672522544861,0.02072092518210411,0.07634672522544861,0.1214722990989685,0.3088325560092926
control,20260917,125,0.07490070164203644,0.02071245387196541,0.07490070164203644,0.12005571275949478,0.30412769317626953
control,20260917,126,0.0734943374991417,0.020703298971056938,0.0734943374991417,0.11868016421794891,0.29948511719703674
control,20260917,127,0.07212653011083603,0.020693479105830193,0.07212653011083603,0.11734423786401749,0.2949041426181793
control,20260917,128,0.07079622149467468,0.020683003589510918,0.07079622149467468,0.11604651808738708,0.29038408398628235
control,20260917,129,0.06950237601995468,0.020673437044024467,0.06950237601995468,0.11478570848703384,0.28592443466186523
control,20260917,130,0.06824400275945663,0.02066398225724697,0.06824400275945663,0.1135605052113533,0.2815246284008026
control,20260917,131,0.06702011823654175,0.020653972402215004,0.06702011823654175,0.11236965656280518,0.27718397974967957
control,20260917,132,0.065829798579216,0.020644087344408035,0.065829798579216,0.11121196299791336,0.2729019820690155
control,20260917,133,0.06467210501432419,0.020636016502976418,0.06467210501432419,0.11008630692958832,0.26867809891700745
control,20260917,134,0.06354617327451706,0.020630115643143654,0.06354617327451706,0.1089915931224823,0.26451173424720764
control,20260917,135,0.062451139092445374,0.02062670700252056,0.062451139092445374,0.10792672634124756,0.26040250062942505
control,20260917,136,0.061386145651340485,0.020622864365577698,0.061386145651340485,0.10689070075750351,0.25634974241256714
control,20260917,137,0.06035040691494942,0.0206186231225729,0.06035040691494942,0.10588258504867554,0.25235310196876526
control,20260917,138,0.059343121945858,0.0206140223890543,0.059343121945858,0.10490139573812485,0.2484121173620224
control,20260917,139,0.05836351215839386,0.020608985796570778,0.05836351215839386,0.1039462611079216,0.24452632665634155
control,20260917,140,0.05741085484623909,0.02060355804860592,0.05741085484623909,0.10301630944013596,0.2406952977180481
control,20260917,141,0.0564844086766243,0.020597750321030617,0.0564844086766243,0.10211074352264404,0.2369186282157898
control,20260917,142,0.05558346211910248,0.02059154212474823,0.05558346211910248,0.101228728890419,0.233195960521698
control,20260917,143,0.05470733344554901,0.0205849576741457,0.05470733344554901,0.10036955028772354,0.2295268476009369
control,20260917,144,0.05385534465312958,0.020579269155859947,0.05385534465312958,0.09953244030475616,0.2259109914302826
control,20260917,145,0.053026847541332245,0.020574502646923065,0.053026847541332245,0.09871671348810196,0.22234800457954407
control,20260917,146,0.05222120136022568,0.020569290965795517,0.05222120136022568,0.09792166948318481,0.21883749961853027
control,20260917,147,0.051437776535749435,0.020563701167702675,0.051437776535749435,0.09714669734239578,0.21537914872169495
control,20260917,148,0.050675977021455765,0.020557714626193047,0.050675977021455765,0.09639114141464233,0.21197260916233063
control,20260917,149,0.049935195595026016,0.020551322028040886,0.049935195595026016,0.09565439075231552,0.20861753821372986
control,20260917,150,0.04921486973762512,0.020544512197375298,0.04921486973762512,0.09493586421012878,0.20531363785266876
control,20260917,151,0.048514414578676224,0.020537307485938072,0.048514414578676224,0.09423500299453735,0.2020605355501175
control,20260917,152,0.047833289951086044,0.020529666915535927,0.047833289951086044,0.09355124831199646,0.1988578885793686
control,20260917,153,0.047170937061309814,0.02052163891494274,0.047170937061309814,0.09288406372070312,0.19570530951023102
control,20260917,154,0.04652684926986694,0.020513182505965233,0.04652684926986694,0.09223296493291855,0.1926025003194809
control,20260917,155,0.04590049758553505,0.02050430327653885,0.04590049758553505,0.09159742295742035,0.18954908847808838
control,20260917,156,0.04529137536883354,0.020495016127824783,0.04529137536883354,0.09097695350646973,0.18654470145702362
control,20260917,157,0.04469899833202362,0.020485851913690567,0.04469899833202362,0.09037109464406967,0.18358896672725677
control,20260917,158,0.04412287101149559,0.02047678269445896,0.04412287101149559,0.08977939188480377,0.1806814819574356
control,20260917,159,0.04356252774596214,0.02046910859644413,0.04356252774596214,0.08920139074325562,0.17782191932201385
control,20260917,160,0.04301751032471657,0.02046101912856102,0.04301751032471657,0.08863668143749237,0.1750098168849945
control,20260917,161,0.04248736798763275,0.02045251987874508,0.04248736798763275,0.08808481693267822,0.17224480211734772
control,20260917,162,0.041971661150455475,0.02044479362666607,0.041971661150455475,0.08754542469978333,0.16952641308307648
control,20260917,163,0.041469965130090714,0.020436836406588554,0.041469965130090714,0.08701808750629425,0.16685427725315094
control,20260917,164,0.040981847792863846,0.020428499206900597,0.040981847792863846,0.08650238811969757,0.1642279028892517
control,20260917,165,0.040506914258003235,0.020419752225279808,0.040506914258003235,0.08599801361560822,0.16164687275886536
control,20260917,166,0.04004475101828575,0.020410602912306786,0.04004475101828575,0.08550456166267395,0.15911069512367249
control,20260917,167,0.03959498181939125,0.020401062443852425,0.03959498181939125,0.08502168953418732,0.15661892294883728
control,20260917,168,0.03915721923112869,0.020392773672938347,0.03915721923112869,0.08454905450344086,0.15417103469371796
control,20260917,169,0.03873110190033913,0.020385807380080223,0.03873110190033913,0.08408631384372711,0.1517665982246399
control,20260917,170,0.038316261023283005,0.02037842385470867,0.038316261023283005,0.08363314718008041,0.14940506219863892
control,20260917,171,0.03791234642267227,0.02037064917385578,0.03791234642267227,0.08318924903869629,0.14708594977855682
control,20260917,172,0.037519026547670364,0.020362505689263344,0.037519026547670364,0.08275430649518967,0.14480875432491302
control,20260917,173,0.03713595122098923,0.02035394310951233,0.03713595122098923,0.08232803642749786,0.14257295429706573
control,20260917,174,0.03676281124353409,0.020345008000731468,0.03676281124353409,0.08191012591123581,0.1403779834508896
control,20260917,175,0.03639928996562958,0.020335691049695015,0.03639928996562958,0.0815003290772438,0.13822335004806519
control,20260917,176,0.036045074462890625,0.02032775804400444,0.036045074462890625,0.08109834790229797,0.13610848784446716
control,20260917,177,0.03569987043738365,0.02031993865966797,0.03569987043738365,0.08070395141839981,0.13403290510177612
control,20260917,178,0.035363391041755676,0.020311715081334114,0.035363391041755676,0.08031687140464783,0.13199599087238312
control,20260917,179,0.035035356879234314,0.020304227247834206,0.035035356879234314,0.07993686944246292,0.12999725341796875
control,20260917,180,0.03471549600362778,0.020296676084399223,0.03471549600362778,0.07956370711326599,0.12803611159324646
control,20260917,181,0.034403543919324875,0.0202887374907732,0.034403543919324875,0.07919716835021973,0.12611204385757446
control,20260917,182,0.034099239856004715,0.02028045244514942,0.034099239856004715,0.07883702218532562,0.1242244765162468
control,20260917,183,0.0338023342192173,0.02027188055217266,0.0338023342192173,0.07848307490348816,0.1223728209733963
control,20260917,184,0.03351259604096413,0.02026413194835186,0.03351259604096413,0.07813511788845062,0.12055659294128418
control,20260917,185,0.03322979062795639,0.02025599591434002,0.03322979062795639,0.0777929499745369,0.11877520382404327
control,20260917,186,0.03295367956161499,0.020247502252459526,0.03295367956161499,0.07745638489723206,0.1170281171798706
control,20260917,187,0.03268405795097351,0.020238595083355904,0.03268405795097351,0.07712524384260178,0.1153147742152214
control,20260917,188,0.03242070972919464,0.02022944949567318,0.03242070972919464,0.07679936289787292,0.1136346384882927
control,20260917,189,0.032163430005311966,0.020220570266246796,0.032163430005311966,0.07647856324911118,0.1119871735572815
control,20260917,190,0.03191201761364937,0.02021133340895176,0.03191201761364937,0.07616269588470459,0.11037181317806244
control,20260917,191,0.031666290014982224,0.02020169608294964,0.031666290014982224,0.07585158199071884,0.10878807306289673
control,20260917,192,0.03142605349421501,0.020191842690110207,0.03142605349421501,0.07554511725902557,0.1072353720664978
control,20260917,193,0.031191131100058556,0.02018287219107151,0.031191131100058556,0.07524312287569046,0.10571321099996567
control,20260917,194,0.030961347743868828,0.02017386443912983,0.030961347743868828,0.07494546473026276,0.10422105342149734
control,20260917,195,0.030736545100808144,0.020166950300335884,0.030736545100808144,0.07465203106403351,0.10275837033987045
control,20260917,196,0.030516553670167923,0.020160438492894173,0.030516553670167923,0.07436269521713257,0.10132468491792679
control,20260917,197,0.03030121512711048,0.020153598859906197,0.03030121512711048,0.074077308177948,0.09991942346096039
control,20260917,198,0.03009038418531418,0.02014642208814621,0.03009038418531418,0.07379578053951263,0.09854215383529663
control,20260917,199,0.029883921146392822,0.020138900727033615,0.029883921146392822,0.07351801544427872,0.09719233959913254
control,20260917,200,0.029681678861379623,0.020131073892116547,0.029681678861379623,0.07324385643005371,0.0958695113658905
control,20260917,201,0.029483521357178688,0.020122915506362915,0.029483521357178688,0.07297325134277344,0.09457316249608994
control,20260917,202,0.02928932197391987,0.020114444196224213,0.02928932197391987,0.07270607352256775,0.09330280870199203
control,20260917,203,0.029098952189087868,0.020105646923184395,0.029098952189087868,0.07244224101305008,0.092057965695858
control,20260917,204,0.028912290930747986,0.020096562802791595,0.028912290930747986,0.07218165695667267,0.09083818644285202
control,20260917,205,0.02872922085225582,0.02008715458214283,0.02872922085225582,0.07192425429821014,0.08964300155639648
control,20260917,206,0.02854963392019272,0.020077461376786232,0.02854963392019272,0.07166991382837296,0.08847194164991379
control,20260917,207,0.028373412787914276,0.02006865106523037,0.028373412787914276,0.07141858339309692,0.08732454478740692
control,20260917,208,0.028200460597872734,0.020059645175933838,0.028200460597872734,0.07117017358541489,0.08620037883520126
control,20260917,209,0.028030669316649437,0.02005036547780037,0.028030669316649437,0.07092461735010147,0.0850989818572998
control,20260917,210,0.027863947674632072,0.020040806382894516,0.027863947674632072,0.07068184018135071,0.0840199813246727
control,20260917,211,0.027700193226337433,0.020031007006764412,0.027700193226337433,0.07044177502393723,0.08296285569667816
control,20260917,212,0.0275393296033144,0.020020926371216774,0.0275393296033144,0.07020435482263565,0.08192724734544754
control,20260917,213,0.027381256222724915,0.020010609179735184,0.027381256222724915,0.06996951252222061,0.08091268688440323
control,20260917,214,0.02722589112818241,0.02000003308057785,0.02722589112818241,0.06973719596862793,0.07991880178451538
control,20260917,215,0.02707315795123577,0.019989220425486565,0.02707315795123577,0.06950734555721283,0.07894514501094818
control,20260917,216,0.02692297473549843,0.019978171214461327,0.02692297473549843,0.06927990168333054,0.07799134403467178
control,20260917,217,0.026775268837809563,0.019966909661889076,0.026775268837809563,0.06905479729175568,0.07705700397491455
control,20260917,218,0.026629965752363205,0.019956061616539955,0.026629965752363205,0.06883200258016586,0.07614171504974365
control,20260917,219,0.026486994698643684,0.01994575373828411,0.026486994698643684,0.06861145794391632,0.07524511963129044
control,20260917,220,0.02634628862142563,0.0199352465569973,0.02634628862142563,0.06839310377836227,0.07436678558588028
control,20260917,221,0.026207782328128815,0.01992536336183548,0.026207782328128815,0.06817691028118134,0.07350637763738632
control,20260917,222,0.026071418076753616,0.019915591925382614,0.026071418076753616,0.06796281784772873,0.07266352325677872
control,20260917,223,0.025937119498848915,0.01990562677383423,0.025937119498848915,0.06775078922510147,0.07183784246444702
control,20260917,224,0.025804845616221428,0.019895514473319054,0.025804845616221428,0.06754077225923538,0.07102899998426437
control,20260917,225,0.02567453309893608,0.019885199144482613,0.02567453309893608,0.06733275949954987,0.07023663818836212
control,20260917,226,0.025546126067638397,0.019874731078743935,0.025546126067638397,0.06712667644023895,0.06946038454771042
control,20260917,227,0.025419574230909348,0.019864114001393318,0.025419574230909348,0.06692248582839966,0.0686999037861824
control,20260917,228,0.025294827297329903,0.019853346049785614,0.025294827297329903,0.06672016531229019,0.06795486807823181
control,20260917,229,0.025171833112835884,0.019842522218823433,0.025171833112835884,0.06651967763900757,0.06722494959831238
control,20260917,230,0.02505055069923401,0.01983203925192356,0.02505055069923401,0.06632097065448761,0.06650984287261963
control,20260917,231,0.0249309241771698,0.0198214054107666,0.0249309241771698,0.06612404435873032,0.06580916047096252
control,20260917,232,0.02481292374432087,0.019810637459158897,0.02481292374432087,0.06592883914709091,0.06512264162302017
control,20260917,233,0.02469649538397789,0.01979975961148739,0.02469649538397789,0.0657353326678276,0.0644499808549881
control,20260917,234,0.024581603705883026,0.01978876255452633,0.024581603705883026,0.06554349511861801,0.06379086524248123
control,20260917,235,0.024468207731842995,0.019777687266469002,0.024468207731842995,0.06535328924655914,0.0631449818611145
control,20260917,236,0.024356268346309662,0.019766515120863914,0.024356268346309662,0.06516470015048981,0.06251205503940582
control,20260917,237,0.024245750159025192,0.019755814224481583,0.024245750159025192,0.06497769802808762,0.061891764402389526
control,20260917,238,0.024136614054441452,0.01974540948867798,0.024136614054441452,0.06479225307703018,0.061283841729164124
control,20260917,239,0.024028833955526352,0.019734954461455345,0.024028833955526352,0.06460834294557571,0.060688044875860214
control,20260917,240,0.02392236888408661,0.01972438581287861,0.02392236888408661,0.06442592293024063,0.060104042291641235
control,20260917,241,0.023817189037799835,0.019713783636689186,0.023817189037799835,0.06424500793218613,0.05953160300850868
control,20260917,242,0.023713259026408195,0.01970311999320984,0.023713259026408195,0.06406554579734802,0.05897046998143196
control,20260917,243,0.023610558360815048,0.019692441448569298,0.023610558360815048,0.06388751417398453,0.05842036381363869
control,20260917,244,0.023509053513407707,0.019682634621858597,0.023509053513407707,0.06371091306209564,0.057881057262420654
control,20260917,245,0.023408716544508934,0.019672898575663567,0.023408716544508934,0.06353569775819778,0.05735228210687637
control,20260917,246,0.023309513926506042,0.019663130864501,0.023309513926506042,0.06336186081171036,0.05683378502726555
control,20260917,247,0.02321142889559269,0.019653335213661194,0.02321142889559269,0.06318935751914978,0.05632536858320236
control,20260917,248,0.02311442792415619,0.01964351162314415,0.02311442792415619,0.06301821768283844,0.05582677945494652
control,20260917,249,0.023018494248390198,0.019633665680885315,0.023018494248390198,0.06284838914871216,0.05533778294920921
control,20260917,250,0.022923599928617477,0.01962382160127163,0.022923599928617477,0.06267985701560974,0.054858144372701645
control,20260917,251,0.022829722613096237,0.019613945856690407,0.022829722613096237,0.06251261383295059,0.05438767373561859
control,20260917,252,0.022736838087439537,0.019604094326496124,0.022736838087439537,0.062346626073122025,0.053926147520542145
control,20260917,253,0.022644929587841034,0.019594227895140648,0.022644929587841034,0.06218189001083374,0.05347336456179619
control,20260917,254,0.02255396731197834,0.01958438567817211,0.02255396731197834,0.062018394470214844,0.05302909389138222
control,20260917,255,0.02246394380927086,0.01957457698881626,0.02246394380927086,0.061856117099523544,0.0525931715965271
control,20260917,256,0.022374829277396202,0.019564762711524963,0.022374829277396202,0.06169503554701805,0.05216537043452263
control,20260917,257,0.022286608815193176,0.019555015489459038,0.022286608815193176,0.06153514236211777,0.051745522767305374
control,20260917,258,0.02219926193356514,0.019545266404747963,0.02219926193356514,0.0613764263689518,0.05133341997861862
control,20260917,259,0.022112775593996048,0.019535712897777557,0.022112775593996048,0.06121887266635895,0.05092891305685043
control,20260917,260,0.02202712558209896,0.019526727497577667,0.02202712558209896,0.061062466353178024,0.0505317784845829
control,20260917,261,0.021942298859357834,0.01951780542731285,0.021942298859357834,0.06090719625353813,0.05014188215136528
control,20260917,262,0.021858282387256622,0.01950891502201557,0.021858282387256622,0.06075304374098778,0.04975901544094086
control,20260917,263,0.021775059401988983,0.01950009912252426,0.021775059401988983,0.06060000881552696,0.04938303679227829
control,20260917,264,0.021692607551813126,0.019491322338581085,0.021692607551813126,0.0604480542242527,0.04901377111673355
control,20260917,265,0.021610921248793602,0.019482595846056938,0.021610921248793602,0.06029720604419708,0.048651073127985
control,20260917,266,0.021529976278543472,0.019473949447274208,0.021529976278543472,0.060147423297166824,0.0482947863638401
control,20260917,267,0.021449768915772438,0.019465362653136253,0.021449768915772438,0.059998705983161926,0.04794473201036453
control,20260917,268,0.021370284259319305,0.01945684850215912,0.021370284259319305,0.05985104665160179,0.047600798308849335
control,20260917,269,0.021291501820087433,0.019448405131697655,0.021291501820087433,0.05970442295074463,0.047262825071811676
control,20260917,270,0.021213416010141373,0.019440030679106712,0.021213416010141373,0.05955882743000984,0.04693066328763962
control,20260917,271,0.02113601751625538,0.01943177357316017,0.02113601751625538,0.05941426753997803,0.04660417139530182
control,20260917,272,0.02105928398668766,0.01942358911037445,0.02105928398668766,0.059270720928907394,0.046283233910799026
control,20260917,273,0.02098320983350277,0.019415494054555893,0.02098320983350277,0.05912817269563675,0.04596769064664841
control,20260917,274,0.02090778388082981,0.01940748281776905,0.02090778388082981,0.0589866116642952,0.0456574372947216
control,20260917,275,0.020832998678088188,0.019399596378207207,0.020832998678088188,0.05884605646133423,0.04535236209630966
control,20260917,276,0.020758839324116707,0.01939178630709648,0.020758839324116707,0.05870647355914116,0.04505231976509094
control,20260917,277,0.02068529650568962,0.01938408985733986,0.02068529650568962,0.058567844331264496,0.044757179915905
control,20260917,278,0.020612355321645737,0.019376475363969803,0.020612355321645737,0.05843019112944603,0.04446682706475258
control,20260917,279,0.020540019497275352,0.019368989393115044,0.020540019497275352,0.058293480426073074,0.04418117180466652
control,20260917,280,0.020468268543481827,0.01936161331832409,0.020468268543481827,0.058157723397016525,0.04390007257461548
control,20260917,281,0.020397095009684563,0.019354775547981262,0.020397095009684563,0.058022890239953995,0.04362345114350319
control,20260917,282,0.020326491445302963,0.019348137080669403,0.020326491445302963,0.05788899213075638,0.043351173400878906
control,20260917,283,0.02025645226240158,0.01934163272380829,0.02025645226240158,0.05775602161884308,0.043083153665065765
control,20260917,284,0.02018696814775467,0.01933518424630165,0.02018696814775467,0.0576239712536335,0.04281928390264511
control,20260917,285,0.020118026062846184,0.01932888850569725,0.020118026062846184,0.05749280005693436,0.04255947843194008
control,20260917,286,0.020049622282385826,0.019322706386446953,0.020049622282385826,0.05736255273222923,0.04230361804366112
control,20260917,287,0.01998175121843815,0.019316602498292923,0.01998175121843815,0.05723320320248604,0.04205161705613136
control,20260917,288,0.019914401695132256,0.019310642033815384,0.019914401695132256,0.057104725390672684,0.04180339351296425
control,20260917,289,0.01984756626188755,0.019304797053337097,0.01984756626188755,0.05697713792324066,0.04155884310603142
control,20260917,290,0.019781244918704033,0.019299155101180077,0.019781244918704033,0.05685041472315788,0.04131787642836571
control,20260917,291,0.01971542276442051,0.0192938894033432,0.01971542276442051,0.056724559515714645,0.04108042269945145
control,20260917,292,0.01965009607374668,0.019288768991827965,0.01965009607374668,0.05659957975149155,0.040846407413482666
control,20260917,293,0.0195852592587471,0.019283747300505638,0.0195852592587471,0.0564754381775856,0.04061571881175041
control,20260917,294,0.01952090486884117,0.019278863444924355,0.01952090486884117,0.056352149695158005,0.04038830101490021
control,20260917,295,0.019457031041383743,0.01927407830953598,0.019457031041383743,0.056229714304208755,0.040164053440093994
control,20260917,296,0.019393624737858772,0.01926942728459835,0.019393624737858772,0.05610810965299606,0.039942916482686996
control,20260917,297,0.019330687820911407,0.019265061244368553,0.019330687820911407,0.05598733574151993,0.03972482308745384
control,20260917,298,0.019268209114670753,0.019261155277490616,0.019268209114670753,0.05586739629507065,0.03950967267155647
control,20260917,299,0.019206183031201363,0.019257357344031334,0.019206183031201363,0.055748261511325836,0.03929741680622101
control,20260917,300,0.019144611433148384,0.019253689795732498,0.019144611433148384,0.05562996491789818,0.039087988436222076
ranking,20260917,1,0.9661510586738586,0.02020297385752201,0.9681713581085205,1.046970009803772,1.211692452430725
ranking,20260917,2,0.9537628293037415,0.02017594687640667,0.9557804465293884,1.0356606245040894,1.2039722204208374
ranking,20260917,3,0.9414684176445007,0.020151672884821892,0.9434835910797119,1.0244739055633545,1.1965081691741943
ranking,20260917,4,0.929262638092041,0.020130103453993797,0.9312756657600403,1.0133920907974243,1.1894670724868774
ranking,20260917,5,0.9171385765075684,0.02011161483824253,0.9191497564315796,1.0023818016052246,1.1828747987747192
ranking,20260917,6,0.9050870537757874,0.020096851512789726,0.9070967435836792,0.9913977980613708,1.1766618490219116
ranking,20260917,7,0.8930975198745728,0.02008903957903385,0.8951064348220825,0.9803901314735413,1.1707743406295776
ranking,20260917,8,0.8811566233634949,0.020083850249648094,0.8831650018692017,0.9693129062652588,1.165208339691162
ranking,20260917,9,0.8692469000816345,0.02007904462516308,0.8712548017501831,0.9581345915794373,1.1598536968231201
ranking,20260917,10,0.8573523163795471,0.02007479965686798,0.8593598008155823,0.9468426704406738,1.154684066772461
ranking,20260917,11,0.8454606533050537,0.020074917003512383,0.8474681377410889,0.9354381561279297,1.1495180130004883
ranking,20260917,12,0.8335654735565186,0.02008199132978916,0.835573673248291,0.9239292740821838,1.1443676948547363
ranking,20260917,13,0.821664571762085,0.020089881494641304,0.8236735463142395,0.9123255610466003,1.139246940612793
ranking,20260917,14,0.8097580671310425,0.02009759470820427,0.8117678165435791,0.9006360173225403,1.1340237855911255
ranking,20260917,15,0.7978473901748657,0.020105188712477684,0.7998579144477844,0.8888681530952454,1.1286640167236328
ranking,20260917,16,0.7859349846839905,0.02011267840862274,0.7879462242126465,0.8770279288291931,1.1231452226638794
ranking,20260917,17,0.7740232348442078,0.02012534998357296,0.7760357856750488,0.8651202917098999,1.1173735857009888
ranking,20260917,18,0.762114942073822,0.02013912983238697,0.7641288638114929,0.8531492352485657,1.1114813089370728
ranking,20260917,19,0.7502126693725586,0.020153025165200233,0.7522279620170593,0.841117799282074,1.1054223775863647
ranking,20260917,20,0.7383192181587219,0.020166296511888504,0.7403358221054077,0.8290294408798218,1.0991743803024292
ranking,20260917,21,0.726437509059906,0.020178839564323425,0.7284553647041321,0.8168869018554688,1.0927361249923706
ranking,20260917,22,0.7145701050758362,0.02019055187702179,0.7165891528129578,0.8046936988830566,1.0861085653305054
ranking,20260917,23,0.702720046043396,0.020202036947011948,0.7047402262687683,0.792453408241272,1.0792820453643799
ranking,20260917,24,0.6908904910087585,0.020214200019836426,0.6929119229316711,0.7801706194877625,1.072279453277588
ranking,20260917,25,0.6790845394134521,0.020225398242473602,0.6811071038246155,0.7678501009941101,1.06509268283844
ranking,20260917,26,0.667305588722229,0.020235633477568626,0.6693291664123535,0.7554978132247925,1.0577237606048584
ranking,20260917,27,0.65555739402771,0.02024490386247635,0.6575818657875061,0.7431204915046692,1.0501759052276611
ranking,20260917,28,0.6438437104225159,0.02025320567190647,0.6458690166473389,0.7307252287864685,1.0424519777297974
ranking,20260917,29,0.6321687698364258,0.020260730758309364,0.6341948509216309,0.718319833278656,1.0345319509506226
ranking,20260917,30,0.6205369234085083,0.020268982276320457,0.6225638389587402,0.705912709236145,1.0264681577682495
ranking,20260917,31,0.6089527010917664,0.02027713507413864,0.6109803915023804,0.6935124397277832,1.0182185173034668
ranking,20260917,32,0.5974208116531372,0.020285969600081444,0.5994493961334229,0.6811280846595764,1.0098322629928589
ranking,20260917,33,0.5859464406967163,0.020293964073061943,0.5879758596420288,0.6687686443328857,1.0012927055358887
ranking,20260917,34,0.5745344758033752,0.020301243290305138,0.576564610004425,0.6564496159553528,0.9926057457923889
ranking,20260917,35,0.5631960034370422,0.020307958126068115,0.5652267932891846,0.6441868543624878,0.9837817549705505
ranking,20260917,36,0.551941990852356,0.02031470462679863,0.5539734363555908,0.631994903087616,0.9748350977897644
ranking,20260917,37,0.5407829284667969,0.020320948213338852,0.5428150296211243,0.6198875904083252,0.9657780528068542
ranking,20260917,38,0.5297284126281738,0.02032739482820034,0.5317611694335938,0.6078778505325317,0.9566240906715393
ranking,20260917,39,0.5187872052192688,0.020333949476480484,0.5208206176757812,0.5959775447845459,0.9473823308944702
ranking,20260917,40,0.5079673528671265,0.020340168848633766,0.5100013613700867,0.5841975808143616,0.9380669593811035
ranking,20260917,41,0.497276246547699,0.020346518605947495,0.4993109107017517,0.5725480914115906,0.9286864995956421
ranking,20260917,42,0.486720472574234,0.02035309188067913,0.4887557923793793,0.5610382556915283,0.9192582964897156
ranking,20260917,43,0.47630611062049866,0.020359398797154427,0.47834205627441406,0.5496766567230225,0.9097899794578552
ranking,20260917,44,0.46603837609291077,0.02036547102034092,0.4680749177932739,0.538470447063446,0.9002918601036072
ranking,20260917,45,0.4559219181537628,0.02037181332707405,0.4579590857028961,0.527426540851593,0.8907696008682251
ranking,20260917,46,0.44596076011657715,0.02037835866212845,0.447998583316803,0.516550600528717,0.881239652633667
ranking,20260917,47,0.43615832924842834,0.02038463018834591,0.4381967782974243,0.5058480501174927,0.8717069029808044
ranking,20260917,48,0.42651739716529846,0.020392002537846565,0.4285565912723541,0.4953227937221527,0.8621941804885864
ranking,20260917,49,0.41704028844833374,0.020401425659656525,0.4190804362297058,0.48497867584228516,0.8526776432991028
ranking,20260917,50,0.40772876143455505,0.020411236211657524,0.4097698926925659,0.4748184084892273,0.8431750535964966
ranking,20260917,51,0.3985840380191803,0.020421551540493965,0.40062618255615234,0.46484434604644775,0.8337021470069885
ranking,20260917,52,0.3896070718765259,0.020431576296687126,0.3916502296924591,0.45505809783935547,0.8242596387863159
ranking,20260917,53,0.3807981312274933,0.020441267639398575,0.3828422725200653,0.44546055793762207,0.8148523569107056
ranking,20260917,54,0.3721572756767273,0.020450616255402565,0.37420234084129333,0.43605223298072815,0.8054850101470947
ranking,20260917,55,0.36368420720100403,0.020459556952118874,0.3657301664352417,0.42683300375938416,0.7961615920066833
ranking,20260917,56,0.3553782105445862,0.020468035712838173,0.3574250042438507,0.4178024232387543,0.7868857383728027
ranking,20260917,57,0.3472383916378021,0.02047606371343136,0.3492859899997711,0.40895941853523254,0.7776607871055603
ranking,20260917,58,0.3392636179924011,0.020483581349253654,0.3413119614124298,0.40030285716056824,0.7684894800186157
ranking,20260917,59,0.3314524292945862,0.020490579307079315,0.3335014879703522,0.39183101058006287,0.7593742609024048
ranking,20260917,60,0.32380324602127075,0.0204970370978117,0.3258529603481293,0.3835419714450836,0.7503175139427185
ranking,20260917,61,0.3163144886493683,0.020502937957644463,0.3183647692203522,0.3754335343837738,0.7413209080696106
ranking,20260917,62,0.3089841306209564,0.020508306100964546,0.3110349476337433,0.3675033748149872,0.7323862314224243
ranking,20260917,63,0.30181020498275757,0.020513102412223816,0.303861528635025,0.35974881052970886,0.7235146760940552
ranking,20260917,64,0.2947906255722046,0.020517321303486824,0.2968423664569855,0.35216736793518066,0.7147074341773987
ranking,20260917,65,0.28792333602905273,0.02052099071443081,0.28997543454170227,0.3447561264038086,0.7059653997421265
ranking,20260917,66,0.28120604157447815,0.02052411623299122,0.28325846791267395,0.3375122547149658,0.6972892880439758
ranking,20260917,67,0.27463647723197937,0.02052808366715908,0.2766892910003662,0.3304327428340912,0.6886922717094421
ranking,20260917,68,0.26821237802505493,0.02053264155983925,0.2702656388282776,0.32351481914520264,0.6801491379737854
ranking,20260917,69,0.2619314193725586,0.020536771044135094,0.2639850974082947,0.31675538420677185,0.671673059463501
ranking,20260917,70,0.2557912766933441,0.020540447905659676,0.25784531235694885,0.3101515471935272,0.6632640361785889
ranking,20260917,71,0.24978962540626526,0.020543692633509636,0.25184398889541626,0.30370041728019714,0.6549223065376282
ranking,20260917,72,0.24392414093017578,0.020546501502394676,0.24597878754138947,0.2973990738391876,0.6466477513313293
ranking,20260917,73,0.23819249868392944,0.020548898726701736,0.24024738371372223,0.29124462604522705,0.6384401321411133
ranking,20260917,74,0.2325923591852188,0.020550889894366264,0.2346474528312683,0.2852345108985901,0.63029944896698
ranking,20260917,75,0.22712156176567078,0.020552514120936394,0.2291768193244934,0.2793658673763275,0.6222253441810608
ranking,20260917,76,0.2217777967453003,0.020553769543766975,0.22383317351341248,0.27363601326942444,0.6142177581787109
ranking,20260917,77,0.21655885875225067,0.020554685965180397,0.21861432492733002,0.26804259419441223,0.6062762141227722
ranking,20260917,78,0.21146255731582642,0.02055530436336994,0.21351808309555054,0.26258301734924316,0.5984006524085999
ranking,20260917,79,0.2064867466688156,0.020555634051561356,0.20854231715202332,0.25725486874580383,0.5905908346176147
ranking,20260917,80,0.20162935554981232,0.020555691793560982,0.20368492603302002,0.25205594301223755,0.582846462726593
ranking,20260917,81,0.1968882530927658,0.02055552788078785,0.19894380867481232,0.24698393046855927,0.5751673579216003
ranking,20260917,82,0.1922614425420761,0.0205551590770483,0.19431695342063904,0.24203671514987946,0.5675535202026367
ranking,20260917,83,0.18774688243865967,0.020554600283503532,0.189802348613739,0.2372121512889862,0.5600047707557678
ranking,20260917,84,0.1833426058292389,0.020553888753056526,0.18539799749851227,0.23250828683376312,0.5525211095809937
ranking,20260917,85,0.1790466159582138,0.020553067326545715,0.18110191822052002,0.22792309522628784,0.545102596282959
ranking,20260917,86,0.1748570203781128,0.020552266389131546,0.17691224813461304,0.22345468401908875,0.537757933139801
ranking,20260917,87,0.17077189683914185,0.020554594695568085,0.1728273630142212,0.2191011607646942,0.5304756164550781
ranking,20260917,88,0.16678936779499054,0.020558105781674385,0.16884517669677734,0.21486063301563263,0.5232526063919067
ranking,20260917,89,0.16290754079818726,0.020561592653393745,0.1649637073278427,0.21073131263256073,0.5160951018333435
ranking,20260917,90,0.15912458300590515,0.02056504413485527,0.16118109226226807,0.20671136677265167,0.5090036392211914
ranking,20260917,91,0.15543854236602783,0.0205684807151556,0.1574953943490982,0.202798992395401,0.5019783973693848
ranking,20260917,92,0.15184761583805084,0.020571840927004814,0.15390479564666748,0.19899235665798187,0.4950198531150818
ranking,20260917,93,0.14834992587566376,0.020575132220983505,0.15040743350982666,0.19528964161872864,0.4881284832954407
ranking,20260917,94,0.14494359493255615,0.020578352734446526,0.14700143039226532,0.19168902933597565,0.4813045561313629
ranking,20260917,95,0.1416267603635788,0.02058189921081066,0.14368495345115662,0.1881885975599289,0.47453880310058594
ranking,20260917,96,0.13839757442474365,0.020585844293236732,0.1404561549425125,0.18478655815124512,0.4678514897823334
ranking,20260917,97,0.13525418937206268,0.02058950811624527,0.1373131424188614,0.18148095905780792,0.4612331688404083
ranking,20260917,98,0.1321946680545807,0.020592886954545975,0.13425396382808685,0.1782699078321457,0.45468413829803467
ranking,20260917,99,0.1292172372341156,0.020595932379364967,0.13127683103084564,0.17515145242214203,0.44820481538772583
ranking,20260917,100,0.12631992995738983,0.02059880457818508,0.12837980687618256,0.17212356626987457,0.4417901635169983
ranking,20260917,101,0.12350094318389893,0.020601795986294746,0.12556111812591553,0.16918432712554932,0.43545132875442505
ranking,20260917,102,0.12075840681791306,0.020604325458407402,0.12281884253025055,0.16633164882659912,0.42918315529823303
ranking,20260917,103,0.1180904433131218,0.020606325939297676,0.12015107274055481,0.1635635495185852,0.42298585176467896
ranking,20260917,104,0.1154952421784401,0.02060881443321705,0.1175561249256134,0.16087792813777924,0.41686704754829407
ranking,20260917,105,0.11297097057104111,0.020611459389328957,0.11503211408853531,0.15827269852161407,0.4108114540576935
ranking,20260917,106,0.11051581799983978,0.02061360888183117,0.1125771775841713,0.15574580430984497,0.4048267900943756
ranking,20260917,107,0.10812802612781525,0.020615236833691597,0.11018954962491989,0.1532951444387436,0.3989131450653076
ranking,20260917,108,0.10580581426620483,0.02061629109084606,0.10786744207143784,0.1509186178445816,0.3930703401565552
ranking,20260917,109,0.10354744642972946,0.02061671018600464,0.10560911893844604,0.14861413836479187,0.3872982859611511
ranking,20260917,110,0.10135122388601303,0.020616482943296432,0.10341287404298782,0.14637964963912964,0.3815968632698059
ranking,20260917,111,0.09921544790267944,0.020616335794329643,0.10127708315849304,0.14421305060386658,0.37597036361694336
ranking,20260917,112,0.09713849425315857,0.020616432651877403,0.09920013695955276,0.14211231470108032,0.37041258811950684
ranking,20260917,113,0.09511877596378326,0.020615966990590096,0.09718037396669388,0.1400754600763321,0.3649207055568695
ranking,20260917,114,0.09315468370914459,0.02061484009027481,0.09521616995334625,0.1381004899740219,0.35949793457984924
ranking,20260917,115,0.09124469757080078,0.02061309479176998,0.09330600500106812,0.13618534803390503,0.354143887758255
ranking,20260917,116,0.08938731253147125,0.02061067335307598,0.09144838154315948,0.134328231215477,0.34885814785957336
ranking,20260917,117,0.08758106082677841,0.020607782527804375,0.08964183926582336,0.13252714276313782,0.34363630414009094
ranking,20260917,118,0.08582451939582825,0.020604226738214493,0.08788494020700455,0.13078024983406067,0.3384856581687927
ranking,20260917,119,0.08411628007888794,0.020599953830242157,0.08617627620697021,0.1290857493877411,0.33340173959732056
ranking,20260917,120,0.08245503157377243,0.02059491164982319,0.08451452106237411,0.12744185328483582,0.3283839821815491
ranking,20260917,121,0.08083940297365189,0.020589133724570274,0.08289831876754761,0.12584684789180756,0.32343167066574097
ranking,20260917,122,0.07926816493272781,0.020582623779773712,0.081326425075531,0.12429903447628021,0.3185442388057709
ranking,20260917,123,0.07774005085229874,0.02057536132633686,0.07979758828878403,0.12279679626226425,0.3137211799621582
ranking,20260917,124,0.07625386863946915,0.02056850865483284,0.07831072062253952,0.12133854627609253,0.3089630603790283
ranking,20260917,125,0.07480845600366592,0.02056133560836315,0.07686459273099899,0.11992274969816208,0.3042663335800171
ranking,20260917,126,0.07340268790721893,0.020553510636091232,0.07545804232358932,0.11854787915945053,0.29963189363479614
ranking,20260917,127,0.07203545421361923,0.02054506167769432,0.07408995926380157,0.11721257120370865,0.29505908489227295
ranking,20260917,128,0.07070570439100266,0.02053801901638508,0.07275950908660889,0.11591539531946182,0.2905499041080475
ranking,20260917,129,0.06941241770982742,0.020532166585326195,0.0714656338095665,0.1146550253033638,0.2860985994338989
ranking,20260917,130,0.06815461814403534,0.020527618005871773,0.070207379758358,0.11343014240264893,0.2817075252532959
ranking,20260917,131,0.0669313371181488,0.020524505525827408,0.0689837858080864,0.11223956197500229,0.27737364172935486
ranking,20260917,132,0.0657416358590126,0.02052096091210842,0.06779373437166214,0.11108208447694778,0.27309808135032654
ranking,20260917,133,0.06458459049463272,0.020516974851489067,0.06663628667593002,0.10995659232139587,0.2688802182674408
ranking,20260917,134,0.06345930695533752,0.0205125380307436,0.06551056355237961,0.10886196792125702,0.264719694852829
ranking,20260917,135,0.06236491724848747,0.020507656037807465,0.06441568583250046,0.10779719054698944,0.2606159746646881
ranking,20260917,136,0.06130058690905571,0.02050231583416462,0.06335081905126572,0.10676124691963196,0.25656867027282715
ranking,20260917,137,0.060265496373176575,0.020496519282460213,0.06231514737010002,0.10575317591428757,0.2525773048400879
ranking,20260917,138,0.05925885587930679,0.020490216091275215,0.0613078773021698,0.10477204620838165,0.24864144623279572
ranking,20260917,139,0.05827987939119339,0.020483454689383507,0.060328226536512375,0.10381698608398438,0.24476072192192078
ranking,20260917,140,0.057327836751937866,0.020476220175623894,0.05937545746564865,0.10288714617490768,0.24093472957611084
ranking,20260917,141,0.05640197545289993,0.020470881834626198,0.05844906345009804,0.10198166966438293,0.23716267943382263
ranking,20260917,142,0.05550163984298706,0.020465338602662086,0.057548172771930695,0.10109980404376984,0.23344656825065613
ranking,20260917,143,0.05462609976530075,0.020459448918700218,0.05667204409837723,0.1002408042550087,0.22978195548057556
ranking,20260917,144,0.05377470701932907,0.020453082397580147,0.05582001432776451,0.09940391033887863,0.22617046535015106
ranking,20260917,145,0.052946802228689194,0.020446283742785454,0.054991431534290314,0.09858843684196472,0.22261174023151398
ranking,20260917,146,0.05214172229170799,0.02043899893760681,0.054185621440410614,0.09779370576143265,0.21910549700260162
ranking,20260917,147,0.05135885998606682,0.02043125592172146,0.05340198427438736,0.09701909124851227,0.21565139293670654
ranking,20260917,148,0.050597600638866425,0.0204230435192585,0.052639905363321304,0.09626394510269165,0.21224914491176605
ranking,20260917,149,0.04985734447836876,0.020414305850863457,0.0518987737596035,0.09552764147520065,0.2088984102010727
ranking,20260917,150,0.049137506633996964,0.020405106246471405,0.051178015768527985,0.09480961412191391,0.20559893548488617
ranking,20260917,151,0.04843753203749657,0.020395928993821144,0.050477124750614166,0.09410931169986725,0.20235194265842438
ranking,20260917,152,0.0477568544447422,0.020387040451169014,0.04979555681347847,0.0934261754155159,0.19915379583835602
ranking,20260917,153,0.04709494113922119,0.020377730950713158,0.04913271591067314,0.09275966137647629,0.19600573182106018
ranking,20260917,154,0.04645126312971115,0.02036798559129238,0.048488061875104904,0.09210927039384842,0.19290752708911896
ranking,20260917,155,0.0458252988755703,0.020357739180326462,0.04786107316613197,0.09147447347640991,0.18985877931118011
ranking,20260917,156,0.04521654173731804,0.02034858614206314,0.04725139960646629,0.09085475653409958,0.18685676157474518
ranking,20260917,157,0.044624511152505875,0.02034020610153675,0.046658530831336975,0.09024970233440399,0.1839074045419693
ranking,20260917,158,0.044048745185136795,0.020332248881459236,0.04608197137713432,0.08965881913900375,0.18100428581237793
ranking,20260917,159,0.0434887558221817,0.020323894917964935,0.045521143823862076,0.08908165991306305,0.17814895510673523
ranking,20260917,160,0.042944084852933884,0.020315131172537804,0.04497559741139412,0.08851780742406845,0.17534099519252777
ranking,20260917,161,0.04241427779197693,0.02030591294169426,0.044444870203733444,0.08796679973602295,0.1725800633430481
ranking,20260917,162,0.04189889132976532,0.020296260714530945,0.043928518891334534,0.0874282568693161,0.1698657125234604
ranking,20260917,163,0.041397493332624435,0.020286167040467262,0.043426111340522766,0.08690176159143448,0.1671976000070572
ranking,20260917,164,0.040909674018621445,0.020275628194212914,0.04293723776936531,0.08638693392276764,0.16457532346248627
ranking,20260917,165,0.04043500870466232,0.020264942198991776,0.04246150329709053,0.08588338643312454,0.1619987189769745
ranking,20260917,166,0.03997310996055603,0.020255310460925102,0.041998639702796936,0.08539074659347534,0.15946348011493683
ranking,20260917,167,0.039523590356111526,0.02024591900408268,0.04154818132519722,0.08490867912769318,0.15697544813156128
ranking,20260917,168,0.03908608853816986,0.020236322656273842,0.04110972210764885,0.08443683385848999,0.154531791806221
ranking,20260917,169,0.03866022825241089,0.02022753469645977,0.04068298265337944,0.08397488296031952,0.15213067829608917
ranking,20260917,170,0.03824565187096596,0.02021835185587406,0.04026748612523079,0.0835224986076355,0.1497723013162613
ranking,20260917,171,0.03784199804067612,0.02020876295864582,0.039862874895334244,0.08307936042547226,0.14745618402957916
ranking,20260917,172,0.0374489352107048,0.020198743790388107,0.039468809962272644,0.08264516294002533,0.14518186450004578
ranking,20260917,173,0.03706611320376396,0.020188327878713608,0.03908494487404823,0.08221959322690964,0.14294885098934174
ranking,20260917,174,0.03669321537017822,0.02017746865749359,0.03871096298098564,0.08180239796638489,0.14075665175914764
ranking,20260917,175,0.036329928785562515,0.020167434588074684,0.03834667056798935,0.08139326423406601,0.13860131800174713
ranking,20260917,176,0.03597595915198326,0.02015717886388302,0.03799167647957802,0.0809919536113739,0.13648900389671326
ranking,20260917,177,0.035631000995635986,0.020146464928984642,0.037645649164915085,0.08059817552566528,0.13441583514213562
ranking,20260917,178,0.03529476374387741,0.020135434344410896,0.037308305501937866,0.08021169155836105,0.1323808878660202
ranking,20260917,179,0.03496697545051575,0.020124562084674835,0.03697943314909935,0.07983227074146271,0.1303844004869461
ranking,20260917,180,0.03464736044406891,0.020113227888941765,0.03665868192911148,0.07945968210697174,0.12842543423175812
ranking,20260917,181,0.034335650503635406,0.020101455971598625,0.036345794796943665,0.07909369468688965,0.12650352716445923
ranking,20260917,182,0.03403158858418465,0.020090756937861443,0.036040663719177246,0.07873409241437912,0.12461838126182556
ranking,20260917,183,0.033734943717718124,0.020082315430045128,0.03574317693710327,0.07838070392608643,0.12276498228311539
ranking,20260917,184,0.03344549238681793,0.02007373981177807,0.035452865064144135,0.07803330570459366,0.12095007300376892
ranking,20260917,185,0.03316298499703407,0.02006477676331997,0.035169463604688644,0.0776916965842247,0.1191696897149086
ranking,20260917,186,0.03288720175623894,0.020055485889315605,0.03489274904131889,0.07735567539930344,0.11742336302995682
ranking,20260917,187,0.03261791169643402,0.020045796409249306,0.03462249040603638,0.07702510058879852,0.11571056395769119
ranking,20260917,188,0.03235490620136261,0.020035745576024055,0.03435847908258438,0.07669976353645325,0.11403083801269531
ranking,20260917,189,0.03209798038005829,0.020025284960865974,0.03410051017999649,0.07637950032949448,0.11238372325897217
ranking,20260917,190,0.03184692934155464,0.02001444809138775,0.03384837508201599,0.07606418430805206,0.11076870560646057
ranking,20260917,191,0.03160156309604645,0.020003175362944603,0.03360188007354736,0.0757536068558693,0.10918528586626053
ranking,20260917,192,0.031361695379018784,0.019991522654891014,0.03336084634065628,0.07544764876365662,0.10763298720121384
ranking,20260917,193,0.031127145513892174,0.019979460164904594,0.03312509134411812,0.07514617592096329,0.10611133277416229
ranking,20260917,194,0.03089773654937744,0.01996743120253086,0.03289448097348213,0.07484903931617737,0.10461345314979553
ranking,20260917,195,0.030673319473862648,0.0199574064463377,0.0326690599322319,0.07455611974000931,0.10315020382404327
ranking,20260917,196,0.030453745275735855,0.019947316497564316,0.032448478043079376,0.07426731288433075,0.10171666741371155
ranking,20260917,197,0.030238840728998184,0.01993686705827713,0.03223252668976784,0.07398246973752975,0.10031145811080933
ranking,20260917,198,0.030028462409973145,0.019926004111766815,0.032021064311265945,0.07370147109031677,0.098934106528759
ranking,20260917,199,0.02982245944440365,0.019914766773581505,0.031813934445381165,0.07342423498630524,0.09758418053388596
ranking,20260917,200,0.029620693996548653,0.019903136417269707,0.03161100670695305,0.0731506496667862,0.09626123309135437
ranking,20260917,201,0.029423020780086517,0.01989109255373478,0.03141212835907936,0.0728805810213089,0.09496484696865082
ranking,20260917,202,0.029229316860437393,0.019878653809428215,0.0312171820551157,0.07261393964290619,0.09369456768035889
ranking,20260917,203,0.029039448127150536,0.01986580155789852,0.031026028096675873,0.0723506510257721,0.09244995564222336
ranking,20260917,204,0.028853295370936394,0.019853591918945312,0.030838655307888985,0.07209063321352005,0.09123004972934723
ranking,20260917,205,0.02867075242102146,0.0198416318744421,0.030654914677143097,0.0718337744474411,0.09003522992134094
ranking,20260917,206,0.028491688892245293,0.01982935704290867,0.030474625527858734,0.07158000767230988,0.08886455744504929
ranking,20260917,207,0.028316013514995575,0.019816916435956955,0.03029770590364933,0.07132924348115921,0.08771591633558273
ranking,20260917,208,0.028143618255853653,0.019805295392870903,0.030124148353934288,0.07108142971992493,0.08659207820892334
ranking,20260917,209,0.02797439880669117,0.019793426617980003,0.029953740537166595,0.07083647698163986,0.08549095690250397
ranking,20260917,210,0.027808260172605515,0.019781215116381645,0.029786381870508194,0.07059429585933685,0.08441221714019775
ranking,20260917,211,0.02764510177075863,0.019768716767430305,0.029621973633766174,0.07035482674837112,0.08335541933774948
ranking,20260917,212,0.02748483046889305,0.019755907356739044,0.029460420832037926,0.0701180100440979,0.0823201835155487
ranking,20260917,213,0.027327364310622215,0.0197428110986948,0.02930164523422718,0.06988377124071121,0.08130613714456558
ranking,20260917,214,0.02717261016368866,0.01972937025129795,0.02914554625749588,0.06965205073356628,0.08031289279460907
ranking,20260917,215,0.027020497247576714,0.019715601578354836,0.028992056846618652,0.06942277401685715,0.07934007793664932
ranking,20260917,216,0.026870936155319214,0.01970154605805874,0.028841091319918633,0.06919589638710022,0.07838726788759232
ranking,20260917,217,0.026723850518465042,0.01968715526163578,0.028692565858364105,0.06897135823965073,0.07745411247015
ranking,20260917,218,0.026579177007079124,0.01967243105173111,0.028546420857310295,0.06874911487102509,0.0765402764081955
ranking,20260917,219,0.026436833664774895,0.019657401368021965,0.028402574360370636,0.06852908432483673,0.07564530521631241
ranking,20260917,220,0.02629675902426243,0.01964203454554081,0.028260963037610054,0.06831123679876328,0.07476888597011566
ranking,20260917,221,0.02615888975560665,0.019627301022410393,0.028121620416641235,0.06809553503990173,0.07390820235013962
ranking,20260917,222,0.02602316252887249,0.019612586125731468,0.02798442170023918,0.06788194179534912,0.07306744903326035
ranking,20260917,223,0.025889523327350616,0.01959764026105404,0.027849286794662476,0.06767038255929947,0.07224392890930176
ranking,20260917,224,0.02575790509581566,0.019582783803343773,0.02771618403494358,0.06746083498001099,0.07143615186214447
ranking,20260917,225,0.025628261268138885,0.01956888660788536,0.02758515067398548,0.06725327670574188,0.07064583897590637
ranking,20260917,226,0.02550053596496582,0.01955478824675083,0.027456015348434448,0.06704763323068619,0.06987152993679047
ranking,20260917,227,0.025374675169587135,0.019540488719940186,0.027328724041581154,0.06684385985136032,0.06911288946866989
ranking,20260917,228,0.025250623002648354,0.019525999203324318,0.02720322273671627,0.06664195656776428,0.06836963444948196
ranking,20260917,229,0.025128336623311043,0.019511334598064423,0.027079470455646515,0.0664418563246727,0.06764145940542221
ranking,20260917,230,0.025007765740156174,0.019496744498610497,0.026957441121339798,0.06624353677034378,0.0669240653514862
ranking,20260917,231,0.024888863787055016,0.01948218233883381,0.02683708257973194,0.06604696810245514,0.06622505187988281
ranking,20260917,232,0.024771595373749733,0.0194674301892519,0.026718338951468468,0.0658521056175232,0.0655401274561882
ranking,20260917,233,0.024655908346176147,0.019452465698122978,0.0266011543571949,0.06565892696380615,0.06486900895833969
ranking,20260917,234,0.024541767314076424,0.01943729817867279,0.026485497131943703,0.06546739488840103,0.0642114207148552
ranking,20260917,235,0.02442912757396698,0.019421933218836784,0.026371320709586143,0.06527748703956604,0.06356712430715561
ranking,20260917,236,0.02431795373558998,0.019406339153647423,0.02625858783721924,0.06508917361497879,0.06293582171201706
ranking,20260917,237,0.024208208546042442,0.01939132623374462,0.02614734135568142,0.06490243226289749,0.06231427937746048
ranking,20260917,238,0.024099858477711678,0.01937645860016346,0.02603750489652157,0.06471724808216095,0.06170791760087013
ranking,20260917,239,0.023992866277694702,0.019361482933163643,0.02592901512980461,0.06453359127044678,0.06111355125904083
ranking,20260917,240,0.02388720028102398,0.019346386194229126,0.025821838527917862,0.06435143202543259,0.06053093448281288
ranking,20260917,241,0.023782825097441673,0.019331112504005432,0.025715935975313187,0.0641707330942154,0.059959832578897476
ranking,20260917,242,0.023679709061980247,0.01931571401655674,0.025611281394958496,0.0639915019273758,0.059400033205747604
ranking,20260917,243,0.023577822372317314,0.01930019073188305,0.025507841259241104,0.0638137087225914,0.05885130539536476
ranking,20260917,244,0.023477138951420784,0.019284525886178017,0.02540559135377407,0.06363730877637863,0.05831339955329895
ranking,20260917,245,0.02337762713432312,0.019268712028861046,0.02530449815094471,0.06346230953931808,0.05778610706329346
ranking,20260917,246,0.023279264569282532,0.0192532017827034,0.025204584002494812,0.06328868120908737,0.057267677038908005
ranking,20260917,247,0.023182019591331482,0.019238460808992386,0.02510586567223072,0.0631163939833641,0.05676066502928734
ranking,20260917,248,0.02308586984872818,0.019223658367991447,0.02500823512673378,0.06294546276330948,0.05626333877444267
ranking,20260917,249,0.022990791127085686,0.019208816811442375,0.02491167187690735,0.06277582794427872,0.05577550083398819
ranking,20260917,250,0.02289675548672676,0.01919388771057129,0.02481614425778389,0.06260750442743301,0.055296964943408966
ranking,20260917,251,0.022803746163845062,0.01917891763150692,0.02472163736820221,0.062440451234579086,0.054827556014060974
ranking,20260917,252,0.02271173521876335,0.019163893535733223,0.02462812513113022,0.062274668365716934,0.0543670579791069
ranking,20260917,253,0.02262069843709469,0.019148774445056915,0.02453557588160038,0.06211012974381447,0.05391533672809601
ranking,20260917,254,0.02253062278032303,0.019134094938635826,0.024444032460451126,0.061946820467710495,0.05346881225705147
ranking,20260917,255,0.022441482171416283,0.019119752570986748,0.024353457614779472,0.06178474426269531,0.0530337356030941
ranking,20260917,256,0.02235325612127781,0.019105397164821625,0.024263795465230942,0.06162387132644653,0.05260664224624634
ranking,20260917,257,0.022265931591391563,0.01909104362130165,0.024175036698579788,0.06146419048309326,0.052187371999025345
ranking,20260917,258,0.022179484367370605,0.019076650962233543,0.024087149649858475,0.0613056905567646,0.05177575722336769
ranking,20260917,259,0.02209389954805374,0.019062252715229988,0.024000125005841255,0.061148349195718765,0.051371682435274124
ranking,20260917,260,0.02200915850698948,0.019047854468226433,0.023913944140076637,0.06099216267466545,0.05097496137022972
ranking,20260917,261,0.021925244480371475,0.019033411517739296,0.02382858470082283,0.06083710491657257,0.050585441291332245
ranking,20260917,262,0.021842142567038536,0.019018935039639473,0.02374403551220894,0.060683175921440125,0.050203002989292145
ranking,20260917,263,0.02175983414053917,0.01900443620979786,0.02366027794778347,0.06053036078810692,0.04982750862836838
ranking,20260917,264,0.021678311750292778,0.01898992620408535,0.023577304556965828,0.06037863343954086,0.04945877566933632
ranking,20260917,265,0.021597551181912422,0.018975375220179558,0.023495089262723923,0.06022799387574196,0.049096666276454926
ranking,20260917,266,0.021517544984817505,0.01896080933511257,0.023413626477122307,0.06007843464612961,0.04874102771282196
ranking,20260917,267,0.021438276395201683,0.018946213647723198,0.023332897573709488,0.05992993339896202,0.04839172959327698
ranking,20260917,268,0.021359732374548912,0.018931610509753227,0.02325289323925972,0.059782493859529495,0.04804864525794983
ranking,20260917,269,0.021281905472278595,0.018916988745331764,0.023173604160547256,0.05963608995079994,0.04771161079406738
ranking,20260917,270,0.02120477333664894,0.018902333453297615,0.023095006123185158,0.05949071794748306,0.04738049954175949
ranking,20260917,271,0.02112833596765995,0.018887678161263466,0.02301710471510887,0.05934637412428856,0.04705516993999481
ranking,20260917,272,0.021052571013569832,0.018873007968068123,0.02293987199664116,0.05920303612947464,0.04673551023006439
ranking,20260917,273,0.020977476611733437,0.018858982250094414,0.022863375023007393,0.059060707688331604,0.04642004147171974
ranking,20260917,274,0.020903034135699272,0.01884523592889309,0.022787557914853096,0.05891937389969826,0.04611099138855934
ranking,20260917,275,0.020829232409596443,0.01883184351027012,0.02271241694688797,0.0587790384888649,0.04580340161919594
ranking,20260917,276,0.020756060257554054,0.01881885528564453,0.022637946531176567,0.05863969400525093,0.045503970235586166
ranking,20260917,277,0.02068350836634636,0.018805980682373047,0.022564105689525604,0.05850132927298546,0.04520907998085022
ranking,20260917,278,0.020611567422747612,0.01879321224987507,0.022490888833999634,0.05836392939090729,0.04491868615150452
ranking,20260917,279,0.020540228113532066,0.018780523911118507,0.022418281063437462,0.05822748318314552,0.04463273659348488
ranking,20260917,280,0.020469479262828827,0.01876792497932911,0.022346271201968193,0.05809200182557106,0.04435110464692116
ranking,20260917,281,0.020399315282702446,0.018755413591861725,0.022274857386946678,0.05795745179057121,0.04407375678420067
ranking,20260917,282,0.02032972127199173,0.018742982298135757,0.022204019129276276,0.057823847979307175,0.04380062222480774
ranking,20260917,283,0.02026069536805153,0.018730608746409416,0.022133756428956985,0.057691168040037155,0.043531619012355804
ranking,20260917,284,0.020192230120301247,0.018718332052230835,0.02206406369805336,0.057559411972761154,0.0432666651904583
ranking,20260917,285,0.020124314352869987,0.01870609261095524,0.021994924172759056,0.05742855742573738,0.043005701154470444
ranking,20260917,286,0.020056938752532005,0.01869392953813076,0.021926332265138626,0.057298630475997925,0.042748644948005676
ranking,20260917,287,0.01999010145664215,0.018681835383176804,0.02185828424990177,0.0571695901453495,0.04249541461467743
ranking,20260917,288,0.01992378942668438,0.01866978406906128,0.021790767088532448,0.05704144388437271,0.042245928198099136
ranking,20260917,289,0.01985800638794899,0.01865781471133232,0.021723788231611252,0.05691419541835785,0.04200013726949692
ranking,20260917,290,0.01979273185133934,0.018645895645022392,0.021657321602106094,0.056787822395563126,0.04175794869661331
ranking,20260917,291,0.01972796767950058,0.018634026870131493,0.021591370925307274,0.056662317365407944,0.041519299149513245
ranking,20260917,292,0.019663704559206963,0.018622253090143204,0.021525930613279343,0.056537698954343796,0.041284095495939255
ranking,20260917,293,0.01959994062781334,0.018610497936606407,0.021460991352796555,0.0564139261841774,0.04105229675769806
ranking,20260917,294,0.019536662846803665,0.018598830327391624,0.021396545693278313,0.056291013956069946,0.04082378000020981
ranking,20260917,295,0.01947387307882309,0.01858721859753132,0.021332595497369766,0.05616895481944084,0.040598493069410324
ranking,20260917,296,0.019411560148000717,0.018575672060251236,0.02126912772655487,0.056047748774290085,0.04037638381123543
ranking,20260917,297,0.01934971660375595,0.018564186990261078,0.02120613493025303,0.05592736974358559,0.04015731438994408
ranking,20260917,298,0.01928834244608879,0.018552785739302635,0.02114362083375454,0.055807825177907944,0.03994127735495567
ranking,20260917,299,0.01922743022441864,0.018541432917118073,0.021081574261188507,0.055689115077257156,0.03972817212343216
ranking,20260917,300,0.01916697435081005,0.01853018067777157,0.021019991487264633,0.05557122454047203,0.03951792046427727
control,20260918,1,1.024658203125,0.020761456340551376,1.024658203125,1.266768217086792,1.453964114189148
control,20260918,2,1.008556604385376,0.020689642056822777,1.008556604385376,1.2473578453063965,1.4394599199295044
control,20260918,3,0.9926086068153381,0.020618362352252007,0.9926086068153381,1.2281486988067627,1.424886703491211
control,20260918,4,0.9768169522285461,0.020547326654195786,0.9768169522285461,1.2091588973999023,1.4102576971054077
control,20260918,5,0.9611845016479492,0.020476434379816055,0.9611845016479492,1.1904072761535645,1.395587682723999
control,20260918,6,0.9457131624221802,0.02040611207485199,0.9457131624221802,1.1719027757644653,1.3808953762054443
control,20260918,7,0.9304043054580688,0.020336652174592018,0.9304043054580688,1.1536403894424438,1.366202473640442
control,20260918,8,0.9152588248252869,0.020268110558390617,0.9152588248252869,1.135608196258545,1.351526141166687
control,20260918,9,0.900277853012085,0.020200397819280624,0.900277853012085,1.1177949905395508,1.3368809223175049
control,20260918,10,0.8854619264602661,0.02013343572616577,0.8854619264602661,1.1001921892166138,1.3222802877426147
control,20260918,11,0.870811939239502,0.020067213103175163,0.870811939239502,1.0827950239181519,1.307736873626709
control,20260918,12,0.8563282489776611,0.020001860335469246,0.8563282489776611,1.0655999183654785,1.293263554573059
control,20260918,13,0.8420109748840332,0.01993752457201481,0.8420109748840332,1.0486046075820923,1.2788738012313843
control,20260918,14,0.8278602957725525,0.019874459132552147,0.8278602957725525,1.0318074226379395,1.2645807266235352
control,20260918,15,0.8138754367828369,0.019812865182757378,0.8138754367828369,1.0152060985565186,1.250396728515625
control,20260918,16,0.8000555634498596,0.019756698980927467,0.8000555634498596,0.9987983107566833,1.2363331317901611
control,20260918,17,0.7863996028900146,0.01970289833843708,0.7863996028900146,0.9825819730758667,1.2223988771438599
control,20260918,18,0.7729066610336304,0.019651494920253754,0.7729066610336304,0.9665542840957642,1.208600640296936
control,20260918,19,0.7595752477645874,0.019607583060860634,0.7595752477645874,0.9507126808166504,1.194942593574524
control,20260918,20,0.7464045286178589,0.019565895199775696,0.7464045286178589,0.9350546598434448,1.1814252138137817
control,20260918,21,0.7333937883377075,0.019526496529579163,0.7333937883377075,0.9195778965950012,1.1680471897125244
control,20260918,22,0.7205426692962646,0.019489407539367676,0.7205426692962646,0.9042805433273315,1.1548051834106445
control,20260918,23,0.7078513503074646,0.019457856193184853,0.7078513503074646,0.8891612887382507,1.1416947841644287
control,20260918,24,0.6953197121620178,0.01943019963800907,0.6953197121620178,0.8742188811302185,1.1287109851837158
control,20260918,25,0.6829487085342407,0.019404776394367218,0.6829487085342407,0.8594526648521423,1.115849256515503
control,20260918,26,0.6707386374473572,0.019382547587156296,0.6707386374473572,0.8448622226715088,1.1031051874160767
control,20260918,27,0.6586902737617493,0.019365819171071053,0.6586902737617493,0.8304478526115417,1.0904754400253296
control,20260918,28,0.6468044519424438,0.01935436762869358,0.6468044519424438,0.8162093758583069,1.0779576301574707
control,20260918,29,0.6350817680358887,0.019344866275787354,0.6350817680358887,0.8021475672721863,1.065549612045288
control,20260918,30,0.6235225796699524,0.019339395686984062,0.6235225796699524,0.7882623672485352,1.0532505512237549
control,20260918,31,0.6121274828910828,0.019337426871061325,0.6121274828910828,0.7745546102523804,1.0410600900650024
control,20260918,32,0.6008967161178589,0.019339000806212425,0.6008967161178589,0.7610248923301697,1.028978705406189
control,20260918,33,0.5898303985595703,0.019342754036188126,0.5898303985595703,0.7476738691329956,1.0170071125030518
control,20260918,34,0.5789283514022827,0.01934870518743992,0.5789283514022827,0.7345022559165955,1.0051467418670654
control,20260918,35,0.5681904554367065,0.019356844946742058,0.5681904554367065,0.721516489982605,0.993398904800415
control,20260918,36,0.5576211214065552,0.019369900226593018,0.5576211214065552,0.7087270617485046,0.9817711710929871
control,20260918,37,0.5472277998924255,0.019384128972887993,0.5472277998924255,0.6961421370506287,0.9702742099761963
control,20260918,38,0.5370157957077026,0.019399432465434074,0.5370157957077026,0.6837685108184814,0.9589177370071411
control,20260918,39,0.5269895195960999,0.019415734335780144,0.5269895195960999,0.6716111898422241,0.9477100968360901
control,20260918,40,0.5171515345573425,0.019432947039604187,0.5171515345573425,0.6596740484237671,0.9366584420204163
control,20260918,41,0.5075036883354187,0.019452841952443123,0.5075036883354187,0.6479597091674805,0.9257692694664001
control,20260918,42,0.4980468153953552,0.019476018846035004,0.4980468153953552,0.6364696621894836,0.9150474071502686
control,20260918,43,0.48878058791160583,0.019500460475683212,0.48878058791160583,0.6252045631408691,0.904496967792511
control,20260918,44,0.4797044098377228,0.019529158249497414,0.4797044098377228,0.6141641736030579,0.8941212892532349
control,20260918,45,0.47081664204597473,0.01955818012356758,0.47081664204597473,0.6033473014831543,0.8839223384857178
control,20260918,46,0.4621153473854065,0.019587425515055656,0.4621153473854065,0.5927523374557495,0.8739017248153687
control,20260918,47,0.4535980224609375,0.019616814330220222,0.4535980224609375,0.5823770761489868,0.8640598058700562
control,20260918,48,0.4452618956565857,0.01964622735977173,0.4452618956565857,0.5722187161445618,0.8543963432312012
control,20260918,49,0.4371037781238556,0.019678642973303795,0.4371037781238556,0.5622740387916565,0.8449106812477112
control,20260918,50,0.42912033200263977,0.01971164159476757,0.42912033200263977,0.5525394082069397,0.8356010317802429
control,20260918,51,0.4213079512119293,0.019744331017136574,0.4213079512119293,0.5430111885070801,0.826465368270874
control,20260918,52,0.413662850856781,0.019776955246925354,0.413662850856781,0.5336850881576538,0.8175013661384583
control,20260918,53,0.40618136525154114,0.01980905793607235,0.40618136525154114,0.5245570540428162,0.8087058067321777
control,20260918,54,0.3988594710826874,0.019840585067868233,0.3988594710826874,0.5156225562095642,0.8000752925872803
control,20260918,55,0.3916933238506317,0.019871393218636513,0.3916933238506317,0.5068771243095398,0.7916063666343689
control,20260918,56,0.3846789300441742,0.01990143582224846,0.3846789300441742,0.4983162581920624,0.7832948565483093
control,20260918,57,0.3778124749660492,0.019932245835661888,0.3778124749660492,0.48993533849716187,0.7751367688179016
control,20260918,58,0.3710900545120239,0.019962958991527557,0.3710900545120239,0.4817298948764801,0.7671277523040771
control,20260918,59,0.3645077645778656,0.019992483779788017,0.3645077645778656,0.473695307970047,0.7592633962631226
control,20260918,60,0.35806185007095337,0.02002079412341118,0.35806185007095337,0.4658271074295044,0.7515392303466797
control,20260918,61,0.3517487049102783,0.020047755911946297,0.3517487049102783,0.45812103152275085,0.7439507246017456
control,20260918,62,0.3455645740032196,0.02007332257926464,0.3455645740032196,0.45057255029678345,0.7364934086799622
control,20260918,63,0.33950597047805786,0.02009745128452778,0.33950597047805786,0.4431774616241455,0.7291628122329712
control,20260918,64,0.3335694372653961,0.020120056346058846,0.3335694372653961,0.4359317719936371,0.7219542860984802
control,20260918,65,0.32775163650512695,0.020141102373600006,0.32775163650512695,0.4288312792778015,0.7148635983467102
control,20260918,66,0.32204926013946533,0.02016056887805462,0.32204926013946533,0.4218721091747284,0.7078864574432373
control,20260918,67,0.31645914912223816,0.02017841301858425,0.31645914912223816,0.4150504469871521,0.7010185122489929
control,20260918,68,0.31097814440727234,0.0201946459710598,0.31097814440727234,0.40836256742477417,0.6942557692527771
control,20260918,69,0.3056033253669739,0.020209291949868202,0.3056033253669739,0.40180492401123047,0.6875939965248108
control,20260918,70,0.30033180117607117,0.02022234909236431,0.30033180117607117,0.395374059677124,0.6810295581817627
control,20260918,71,0.2951606512069702,0.02023388259112835,0.2951606512069702,0.3890666365623474,0.6745583415031433
control,20260918,72,0.2900872230529785,0.020243944600224495,0.2900872230529785,0.3828794062137604,0.6681768894195557
control,20260918,73,0.28510892391204834,0.02025260590016842,0.28510892391204834,0.3768092691898346,0.6618815064430237
control,20260918,74,0.28022313117980957,0.02025996893644333,0.28022313117980957,0.3708532154560089,0.6556687355041504
control,20260918,75,0.2754274606704712,0.02026611752808094,0.2754274606704712,0.36500832438468933,0.6495353579521179
control,20260918,76,0.2707194685935974,0.02027115412056446,0.2707194685935974,0.35927191376686096,0.6434780359268188
control,20260918,77,0.26609694957733154,0.020275184884667397,0.26609694957733154,0.35364118218421936,0.6374937891960144
control,20260918,78,0.2615576386451721,0.020278334617614746,0.2615576386451721,0.34811362624168396,0.631579577922821
control,20260918,79,0.2570994198322296,0.020281707867980003,0.2570994198322296,0.34268680214881897,0.6257325410842896
control,20260918,80,0.25272029638290405,0.02028440125286579,0.25272029638290405,0.3373582661151886,0.6199499368667603
control,20260918,81,0.24841830134391785,0.020287005230784416,0.24841830134391785,0.3321256935596466,0.6142292022705078
control,20260918,82,0.24419152736663818,0.02029113844037056,0.24419152736663818,0.32698702812194824,0.6085677146911621
control,20260918,83,0.2400381714105606,0.02029488980770111,0.2400381714105606,0.32193997502326965,0.6029632091522217
control,20260918,84,0.23595646023750305,0.020298343151807785,0.23595646023750305,0.316982626914978,0.5974133610725403
control,20260918,85,0.23194476962089539,0.020301522687077522,0.23194476962089539,0.312112957239151,0.5919159054756165
control,20260918,86,0.2280014604330063,0.020304476842284203,0.2280014604330063,0.30732908844947815,0.5864688754081726
control,20260918,87,0.22412504255771637,0.020307201892137527,0.22412504255771637,0.3026292622089386,0.5810703039169312
control,20260918,88,0.22031401097774506,0.020309725776314735,0.22031401097774506,0.2980117201805115,0.5757181644439697
control,20260918,89,0.21656692028045654,0.020312761887907982,0.21656692028045654,0.29347482323646545,0.5704108476638794
control,20260918,90,0.21288245916366577,0.02031767927110195,0.21288245916366577,0.2890169024467468,0.5651466250419617
control,20260918,91,0.20925931632518768,0.020322417840361595,0.20925931632518768,0.2846364974975586,0.5599238276481628
control,20260918,92,0.2056962102651596,0.020327536389231682,0.2056962102651596,0.2803320586681366,0.5547410845756531
control,20260918,93,0.202192023396492,0.0203323382884264,0.202192023396492,0.2761021852493286,0.5495969653129578
control,20260918,94,0.19874557852745056,0.02033681422472,0.19874557852745056,0.2719454765319824,0.5444900989532471
control,20260918,95,0.19535577297210693,0.020340969786047935,0.19535577297210693,0.26786065101623535,0.5394192337989807
control,20260918,96,0.19202157855033875,0.02034643106162548,0.19202157855033875,0.2638464868068695,0.5343831777572632
control,20260918,97,0.18874193727970123,0.020354220643639565,0.18874193727970123,0.25990164279937744,0.5293809175491333
control,20260918,98,0.18551596999168396,0.020361317321658134,0.18551596999168396,0.2560250759124756,0.5244113802909851
control,20260918,99,0.1823427379131317,0.020367680117487907,0.1823427379131317,0.25221550464630127,0.519473671913147
control,20260918,100,0.1792212873697281,0.02037331648170948,0.1792212873697281,0.24847190082073212,0.5145668983459473
control,20260918,101,0.176150843501091,0.02037823759019375,0.176150843501091,0.24479319155216217,0.5096901655197144
control,20260918,102,0.173130601644516,0.020382393151521683,0.173130601644516,0.24117833375930786,0.5048428177833557
control,20260918,103,0.1701597273349762,0.02038588933646679,0.1701597273349762,0.23762638866901398,0.500024139881134
control,20260918,104,0.16723747551441193,0.020388664677739143,0.16723747551441193,0.23413625359535217,0.4952334761619568
control,20260918,105,0.16436316072940826,0.020390672609210014,0.16436316072940826,0.23070712387561798,0.490470290184021
control,20260918,106,0.1615360975265503,0.020391901955008507,0.1615360975265503,0.2273380011320114,0.4857340157032013
control,20260918,107,0.15875555574893951,0.02039239928126335,0.15875555574893951,0.2240280658006668,0.48102426528930664
control,20260918,108,0.15602092444896698,0.020392119884490967,0.15602092444896698,0.22077631950378418,0.47634053230285645
control,20260918,109,0.15333159267902374,0.020391102880239487,0.15333159267902374,0.21758200228214264,0.47168242931365967
control,20260918,110,0.15068691968917847,0.020389368757605553,0.15068691968917847,0.21444422006607056,0.46704980731010437
control,20260918,111,0.1480863392353058,0.020386919379234314,0.1480863392353058,0.21136219799518585,0.4624422490596771
control,20260918,112,0.14552928507328033,0.020383762195706367,0.14552928507328033,0.20833510160446167,0.45785945653915405
control,20260918,113,0.14301517605781555,0.020379943773150444,0.14301517605781555,0.20536214113235474,0.45330139994621277
control,20260918,114,0.14054350554943085,0.020375439897179604,0.14054350554943085,0.20244251191616058,0.4487677812576294
control,20260918,115,0.13811370730400085,0.020370298996567726,0.13811370730400085,0.19957546889781952,0.44425860047340393
control,20260918,116,0.13572528958320618,0.02036454528570175,0.13572528958320618,0.19676026701927185,0.43977370858192444
control,20260918,117,0.13337776064872742,0.02035822719335556,0.13337776064872742,0.1939961016178131,0.4353131353855133
control,20260918,118,0.1310705840587616,0.020351378247141838,0.1310705840587616,0.191282257437706,0.43087679147720337
control,20260918,119,0.12880326807498932,0.02034398354589939,0.12880326807498932,0.18861795961856842,0.42646467685699463
control,20260918,120,0.12657538056373596,0.020336059853434563,0.12657538056373596,0.18600252270698547,0.422076940536499
control,20260918,121,0.12438639253377914,0.020327577367424965,0.12438639253377914,0.18343520164489746,0.41771361231803894
control,20260918,122,0.12223585695028305,0.020319262519478798,0.12223585695028305,0.18091528117656708,0.4133748412132263
control,20260918,123,0.12012331187725067,0.020313136279582977,0.12012331187725067,0.17844198644161224,0.4090607464313507
control,20260918,124,0.118048295378685,0.02030714973807335,0.118048295378685,0.17601469159126282,0.4047713577747345
control,20260918,125,0.11601031571626663,0.02030089497566223,0.11601031571626663,0.1736326366662979,0.4005070626735687
control,20260918,126,0.11400895565748215,0.02029441110789776,0.11400895565748215,0.1712951511144638,0.39626792073249817
control,20260918,127,0.11204373836517334,0.020287660881876945,0.11204373836517334,0.1690015196800232,0.39205417037010193
control,20260918,128,0.11011423170566559,0.020280666649341583,0.11011423170566559,0.16675105690956116,0.3878660798072815
control,20260918,129,0.10821997374296188,0.020273424685001373,0.10821997374296188,0.1645430475473404,0.3837038278579712
control,20260918,130,0.10636050999164581,0.020265953615307808,0.10636050999164581,0.16237685084342957,0.3795677423477173
control,20260918,131,0.10453540831804276,0.02025900036096573,0.10453540831804276,0.16025176644325256,0.3754580318927765
control,20260918,132,0.1027442067861557,0.02025364711880684,0.1027442067861557,0.15816712379455566,0.3713749945163727
control,20260918,133,0.10098646581172943,0.020248182117938995,0.10098646581172943,0.15612222254276276,0.36731892824172974
control,20260918,134,0.09926172345876694,0.020242521539330482,0.09926172345876694,0.1541164666414261,0.36329010128974915
control,20260918,135,0.0975695475935936,0.02023673988878727,0.0975695475935936,0.15214918553829193,0.3592888116836548
control,20260918,136,0.0959094986319542,0.020230812951922417,0.0959094986319542,0.15021967887878418,0.35531532764434814
control,20260918,137,0.09428112208843231,0.020224740728735924,0.09428112208843231,0.14832735061645508,0.3513699769973755
control,20260918,138,0.09268397837877274,0.020218512043356895,0.09268397837877274,0.1464715152978897,0.3474530577659607
control,20260918,139,0.09111761301755905,0.020212149247527122,0.09111761301755905,0.1446515917778015,0.3435647785663605
control,20260918,140,0.08958159387111664,0.02020709216594696,0.08958159387111664,0.14286692440509796,0.3397054672241211
control,20260918,141,0.08807546645402908,0.02020324394106865,0.08807546645402908,0.1411169022321701,0.33587539196014404
control,20260918,142,0.08659880608320236,0.020199697464704514,0.08659880608320236,0.1394009292125702,0.3320748209953308
control,20260918,143,0.08515115082263947,0.020197154954075813,0.08515115082263947,0.1377183496952057,0.3283040523529053
control,20260918,144,0.08373206853866577,0.02019498310983181,0.08373206853866577,0.13606861233711243,0.32456323504447937
control,20260918,145,0.08234113454818726,0.020192928612232208,0.08234113454818726,0.13445112109184265,0.3208526372909546
control,20260918,146,0.0809779092669487,0.020190780982375145,0.0809779092669487,0.1328652799129486,0.3171725571155548
control,20260918,147,0.0796419233083725,0.02018853835761547,0.0796419233083725,0.13131052255630493,0.3135231137275696
control,20260918,148,0.07833277434110641,0.02018783986568451,0.07833277434110641,0.12978629767894745,0.3099045157432556
control,20260918,149,0.07705003768205643,0.020187990739941597,0.07705003768205643,0.1282920241355896,0.3063170313835144
control,20260918,150,0.07579325884580612,0.020188039168715477,0.07579325884580612,0.1268271505832672,0.3027607500553131
control,20260918,151,0.07456202805042267,0.0201879870146513,0.07456202805042267,0.1253911405801773,0.29923582077026367
control,20260918,152,0.07335591316223145,0.020187845453619957,0.07335591316223145,0.1239834651350975,0.2957424223423004
control,20260918,153,0.07217450439929962,0.020187566056847572,0.07217450439929962,0.12260359525680542,0.2922806739807129
control,20260918,154,0.07101737707853317,0.020187171176075935,0.07101737707853317,0.12125098705291748,0.28885069489479065
control,20260918,155,0.06988411396741867,0.020187439396977425,0.06988411396741867,0.11992514878511429,0.28545254468917847
control,20260918,156,0.0687742829322815,0.020189078524708748,0.0687742829322815,0.11862558126449585,0.2820863723754883
control,20260918,157,0.0676875114440918,0.020190557464957237,0.0676875114440918,0.11735175549983978,0.2787521183490753
control,20260918,158,0.06662336736917496,0.02019190974533558,0.06662336736917496,0.11610320955514908,0.2754499912261963
control,20260918,159,0.06558144837617874,0.020193111151456833,0.06558144837617874,0.11487945169210434,0.27217990159988403
control,20260918,160,0.0645613744854927,0.020194195210933685,0.0645613744854927,0.11368001252412796,0.2689419686794281
control,20260918,161,0.06356273591518402,0.020196758210659027,0.06356273591518402,0.11250442266464233,0.2657361924648285
control,20260918,162,0.06258514523506165,0.020199425518512726,0.06258514523506165,0.11135221272706985,0.26256248354911804
control,20260918,163,0.06162821501493454,0.02020197920501232,0.06162821501493454,0.1102229505777359,0.25942090153694153
control,20260918,164,0.06069156527519226,0.020205076783895493,0.06069156527519226,0.10911615192890167,0.2563113868236542
control,20260918,165,0.05977480113506317,0.020208021625876427,0.05977480113506317,0.10803143680095673,0.2532339096069336
control,20260918,166,0.05887756124138832,0.020210810005664825,0.05887756124138832,0.10696829110383987,0.2501884400844574
control,20260918,167,0.05799947306513786,0.020213870331645012,0.05799947306513786,0.10592637211084366,0.24717485904693604
control,20260918,168,0.05714016035199165,0.0202170442789793,0.05714016035199165,0.10490521788597107,0.24419313669204712
control,20260918,169,0.05629926919937134,0.020220045000314713,0.05629926919937134,0.10390441864728928,0.2412431836128235
control,20260918,170,0.05547644570469856,0.020222896710038185,0.05547644570469856,0.10292357206344604,0.23832488059997559
control,20260918,171,0.05467132478952408,0.02022663876414299,0.05467132478952408,0.10196228325366974,0.23543816804885864
control,20260918,172,0.05388356372714043,0.02023058757185936,0.05388356372714043,0.10102016478776932,0.23258286714553833
control,20260918,173,0.05311281234025955,0.020234348252415657,0.05311281234025955,0.10009682923555374,0.22975890338420868
control,20260918,174,0.05235873907804489,0.020237954333424568,0.05235873907804489,0.09919188916683197,0.22696615755558014
control,20260918,175,0.051621004939079285,0.02024136669933796,0.051621004939079285,0.09830495715141296,0.22420445084571838
control,20260918,176,0.05089926719665527,0.02024458907544613,0.05089926719665527,0.09743569791316986,0.22147361934185028
control,20260918,177,0.050193220376968384,0.020247628912329674,0.050193220376968384,0.09658373892307281,0.21877357363700867
control,20260918,178,0.04950252175331116,0.0202504750341177,0.04950252175331116,0.09574871510267258,0.21610409021377563
control,20260918,179,0.04882687330245972,0.02025316096842289,0.04882687330245972,0.0949302613735199,0.21346504986286163
control,20260918,180,0.0481659434735775,0.020255649462342262,0.0481659434735775,0.0941280797123909,0.21085622906684875
control,20260918,181,0.047519441694021225,0.020257966592907906,0.047519441694021225,0.09334179759025574,0.20827749371528625
control,20260918,182,0.046887051314115524,0.020260121673345566,0.046887051314115524,0.09257108718156815,0.20572862029075623
control,20260918,183,0.04626848176121712,0.020262110978364944,0.04626848176121712,0.09181563556194305,0.20320941507816315
control,20260918,184,0.045663438737392426,0.02026456780731678,0.045663438737392426,0.09107508510351181,0.20071972906589508
control,20260918,185,0.04507162421941757,0.020266862586140633,0.04507162421941757,0.09034915268421173,0.19825930893421173
control,20260918,186,0.044492773711681366,0.02026897855103016,0.044492773711681366,0.08963751792907715,0.19582796096801758
control,20260918,187,0.04392658919095993,0.02027096040546894,0.04392658919095993,0.08893988281488419,0.1934254914522171
control,20260918,188,0.043372802436351776,0.020272761583328247,0.043372802436351776,0.08825593441724777,0.1910516619682312
control,20260918,189,0.042831141501665115,0.020274443551898003,0.042831141501665115,0.08758537471294403,0.18870627880096436
control,20260918,190,0.04230135306715965,0.02027633972465992,0.04230135306715965,0.08692793548107147,0.18638911843299866
control,20260918,191,0.041783154010772705,0.020278694108128548,0.041783154010772705,0.08628330379724503,0.1840999275445938
control,20260918,192,0.04127630591392517,0.020280901342630386,0.04127630591392517,0.0856512114405632,0.1818385124206543
control,20260918,193,0.040780551731586456,0.020282967016100883,0.040780551731586456,0.0850314125418663,0.179604634642601
control,20260918,194,0.040295641869306564,0.020284904167056084,0.040295641869306564,0.08442358672618866,0.17739807069301605
control,20260918,195,0.039821334183216095,0.020286710932850838,0.039821334183216095,0.08382751792669296,0.17521855235099792
control,20260918,196,0.039357397705316544,0.02028835192322731,0.039357397705316544,0.08324291557073593,0.1730658859014511
control,20260918,197,0.03890358656644821,0.020289897918701172,0.03890358656644821,0.08266953378915787,0.17093981802463531
control,20260918,198,0.03845968097448349,0.020291319116950035,0.03845968097448349,0.08210711926221848,0.16884012520313263
control,20260918,199,0.03802545368671417,0.020292965695261955,0.03802545368671417,0.08155544847249985,0.16676658391952515
control,20260918,200,0.03760068863630295,0.020294927060604095,0.03760068863630295,0.0810142457485199,0.16471891105175018
control,20260918,201,0.03718516230583191,0.020296772941946983,0.03718516230583191,0.08048330992460251,0.16269689798355103
control,20260918,202,0.03677865117788315,0.02029850333929062,0.03677865117788315,0.07996240258216858,0.16070029139518738
control,20260918,203,0.036380983889102936,0.02030014991760254,0.036380983889102936,0.07945127785205841,0.15872886776924133
control,20260918,204,0.035991914570331573,0.020301831886172295,0.035991914570331573,0.07894974946975708,0.1567823588848114
control,20260918,205,0.03561127558350563,0.02030380256474018,0.03561127558350563,0.07845756411552429,0.15486057102680206
control,20260918,206,0.03523885831236839,0.020305687561631203,0.03523885831236839,0.07797454297542572,0.15296325087547302
control,20260918,207,0.03487446904182434,0.020307471975684166,0.03487446904182434,0.07750046253204346,0.15109014511108398
control,20260918,208,0.03451792523264885,0.020309174433350563,0.03451792523264885,0.07703512161970139,0.14924103021621704
control,20260918,209,0.034169044345617294,0.020310794934630394,0.034169044345617294,0.07657831907272339,0.1474156528711319
control,20260918,210,0.03382764384150505,0.020312340930104256,0.03382764384150505,0.07612989097833633,0.14561378955841064
control,20260918,211,0.03349354863166809,0.02031382918357849,0.03349354863166809,0.07568959891796112,0.14383520185947418
control,20260918,212,0.033166587352752686,0.020315229892730713,0.033166587352752686,0.07525729387998581,0.1420796513557434
control,20260918,213,0.032846588641405106,0.020316576585173607,0.032846588641405106,0.07483277469873428,0.14034689962863922
control,20260918,214,0.03253339231014252,0.02031785622239113,0.03253339231014252,0.07441587746143341,0.1386367231607437
control,20260918,215,0.03222683444619179,0.020319079980254173,0.03222683444619179,0.07400641590356827,0.13694888353347778
control,20260918,216,0.031926751136779785,0.02032078430056572,0.031926751136779785,0.07360423356294632,0.13528312742710114
control,20260918,217,0.03163300082087517,0.02032243087887764,0.03163300082087517,0.07320917397737503,0.13363924622535706
control,20260918,218,0.0313454233109951,0.02032402716577053,0.0313454233109951,0.07282104343175888,0.13201700150966644
control,20260918,219,0.031063878908753395,0.020325565710663795,0.031063878908753395,0.07243970781564713,0.1304161697626114
control,20260918,220,0.03078821487724781,0.020327048376202583,0.03078821487724781,0.07206500321626663,0.1288365125656128
control,20260918,221,0.030518295243382454,0.020328521728515625,0.030518295243382454,0.07169679552316666,0.12727782130241394
control,20260918,222,0.030253982171416283,0.020329942926764488,0.030253982171416283,0.07133491337299347,0.12573984265327454
control,20260918,223,0.029995134100317955,0.02033131755888462,0.029995134100317955,0.07097922265529633,0.12422235310077667
control,20260918,224,0.02974163554608822,0.020332669839262962,0.02974163554608822,0.07062958925962448,0.12272513657808304
control,20260918,225,0.029493335634469986,0.02033397927880287,0.029493335634469986,0.07028588652610779,0.12124797701835632
control,20260918,226,0.0292501263320446,0.020335277542471886,0.0292501263320446,0.06994794309139252,0.11979063600301743
control,20260918,227,0.029011879116296768,0.020336532965302467,0.029011879116296768,0.0696156695485115,0.11835289001464844
control,20260918,228,0.028778471052646637,0.020337773486971855,0.028778471052646637,0.06928892433643341,0.11693453043699265
control,20260918,229,0.028549790382385254,0.020339002832770348,0.028549790382385254,0.06896756589412689,0.11553534865379333
control,20260918,230,0.028325717896223068,0.0203405674546957,0.028325717896223068,0.06865148991346359,0.11415509134531021
control,20260918,231,0.028106143698096275,0.02034214325249195,0.028106143698096275,0.06834058463573456,0.11279355734586716
control,20260918,232,0.02789095975458622,0.020343679934740067,0.02789095975458622,0.06803472340106964,0.11145057529211044
control,20260918,233,0.027680059894919395,0.02034522034227848,0.027680059894919395,0.06773379445075989,0.11012586206197739
control,20260918,234,0.02747333236038685,0.02034674771130085,0.02747333236038685,0.06743768602609634,0.10881925374269485
control,20260918,235,0.027270684018731117,0.020348234102129936,0.027270684018731117,0.06714629381895065,0.10753051191568375
control,20260918,236,0.027072018012404442,0.020349733531475067,0.027072018012404442,0.06685951352119446,0.10625946521759033
control,20260918,237,0.026877231895923615,0.020351193845272064,0.026877231895923615,0.0665772333741188,0.10500586777925491
control,20260918,238,0.026686228811740875,0.020352665334939957,0.026686228811740875,0.06629937887191772,0.10376952588558197
control,20260918,239,0.02649892494082451,0.020354121923446655,0.02649892494082451,0.06602582335472107,0.10255025327205658
control,20260918,240,0.026315221562981606,0.020355558022856712,0.026315221562981606,0.06575648486614227,0.10134782642126083
control,20260918,241,0.02613503858447075,0.020357001572847366,0.02613503858447075,0.06549127399921417,0.10016205161809921
control,20260918,242,0.02595827914774418,0.020358437672257423,0.02595827914774418,0.06523009389638901,0.0989927127957344
control,20260918,243,0.025784872472286224,0.02035987190902233,0.025784872472286224,0.06497286260128021,0.09783965349197388
control,20260918,244,0.025614729151129723,0.02036130428314209,0.025614729151129723,0.06471948325634003,0.09670264273881912
control,20260918,245,0.025447767227888107,0.020362699404358864,0.025447767227888107,0.06446988135576248,0.09558150917291641
control,20260918,246,0.025283921509981155,0.020364148542284966,0.025283921509981155,0.06422396004199982,0.09447604417800903
control,20260918,247,0.025123102590441704,0.020365562289953232,0.025123102590441704,0.06398166716098785,0.09338604658842087
control,20260918,248,0.02496524155139923,0.02036699838936329,0.02496524155139923,0.06374289840459824,0.09231133759021759
control,20260918,249,0.024810265749692917,0.020368417724967003,0.024810265749692917,0.06350759416818619,0.09125173836946487
control,20260918,250,0.02465810626745224,0.020369837060570717,0.02465810626745224,0.06327566504478455,0.0902070477604866
control,20260918,251,0.02450869046151638,0.02037126012146473,0.02450869046151638,0.06304705142974854,0.08917710185050964
control,20260918,252,0.024361958727240562,0.02037270925939083,0.024361958727240562,0.06282167881727219,0.08816169202327728
control,20260918,253,0.024217840284109116,0.020374147221446037,0.024217840284109116,0.06259947270154953,0.08716066181659698
control,20260918,254,0.024076269939541817,0.02037561498582363,0.024076269939541817,0.06238037347793579,0.08617382496595383
control,20260918,255,0.02393718995153904,0.02037704922258854,0.02393718995153904,0.0621643103659153,0.08520099520683289
control,20260918,256,0.02380053699016571,0.020378530025482178,0.02380053699016571,0.061951227486133575,0.08424199372529984
control,20260918,257,0.02366625890135765,0.020379992201924324,0.02366625890135765,0.06174105778336525,0.08329667896032333
control,20260918,258,0.02353428304195404,0.020381489768624306,0.02353428304195404,0.06153373047709465,0.08236484229564667
control,20260918,259,0.023404564708471298,0.020382976159453392,0.023404564708471298,0.0613291971385479,0.0814463272690773
control,20260918,260,0.023277046158909798,0.020384490489959717,0.023277046158909798,0.06112738698720932,0.08054094761610031
control,20260918,261,0.023151671513915062,0.020386021584272385,0.023151671513915062,0.060928259044885635,0.07964856177568436
control,20260918,262,0.02302839234471321,0.0203875545412302,0.02302839234471321,0.060731761157512665,0.0787690058350563
control,20260918,263,0.022907162085175514,0.020389094948768616,0.022907162085175514,0.06053781881928444,0.07790210098028183
control,20260918,264,0.022787921130657196,0.02039068192243576,0.022787921130657196,0.060346394777297974,0.07704769819974899
control,20260918,265,0.022670622915029526,0.02039225958287716,0.022670622915029526,0.06015743315219879,0.07620559632778168
control,20260918,266,0.022555222734808922,0.020393865182995796,0.022555222734808922,0.059970881789922714,0.07537569850683212
control,20260918,267,0.0224416796118021,0.020395474508404732,0.0224416796118021,0.05978669226169586,0.0745578184723854
control,20260918,268,0.022329943254590034,0.020397139713168144,0.022329943254590034,0.05960483103990555,0.07375179976224899
control,20260918,269,0.022219963371753693,0.02039879374206066,0.022219963371753693,0.059425223618745804,0.07295749336481094
control,20260918,270,0.022111710160970688,0.02040046826004982,0.022111710160970688,0.059247855097055435,0.07217475026845932
control,20260918,271,0.02200513705611229,0.02040218375623226,0.02200513705611229,0.05907265841960907,0.07140342146158218
control,20260918,272,0.021900203078985214,0.020404066890478134,0.021900203078985214,0.05889960378408432,0.0706433653831482
control,20260918,273,0.02179686538875103,0.020406030118465424,0.02179686538875103,0.05872863531112671,0.06989442557096481
control,20260918,274,0.0216950923204422,0.020408043637871742,0.0216950923204422,0.058559730648994446,0.0691564753651619
control,20260918,275,0.021594835445284843,0.020410047844052315,0.021594835445284843,0.05839282274246216,0.06842932850122452
control,20260918,276,0.021496068686246872,0.02041209302842617,0.021496068686246872,0.05822790041565895,0.06771289557218552
control,20260918,277,0.02139875292778015,0.020414145663380623,0.02139875292778015,0.05806490778923035,0.06700700521469116
control,20260918,278,0.021302850916981697,0.020416254177689552,0.021302850916981697,0.05790381133556366,0.06631153076887131
control,20260918,279,0.02120833285152912,0.02041836455464363,0.02120833285152912,0.05774457007646561,0.06562633812427521
control,20260918,280,0.02111516147851944,0.020420493558049202,0.02111516147851944,0.057587165385484695,0.06495126336812973
control,20260918,281,0.021023310720920563,0.02042265050113201,0.021023310720920563,0.05743154138326645,0.06428621709346771
control,20260918,282,0.020932741463184357,0.02042483724653721,0.020932741463184357,0.05727767199277878,0.06363102048635483
control,20260918,283,0.020843423902988434,0.020427053794264793,0.020843423902988434,0.057125531136989594,0.06298559159040451
control,20260918,284,0.020755333825945854,0.020429302006959915,0.020755333825945854,0.05697507783770561,0.062349770218133926
control,20260918,285,0.020668435841798782,0.020431583747267723,0.020668435841798782,0.05682627484202385,0.06172344088554382
control,20260918,286,0.02058270573616028,0.020433878526091576,0.02058270573616028,0.05667910724878311,0.061106499284505844
control,20260918,287,0.020498115569353104,0.020436229184269905,0.020498115569353104,0.05653352290391922,0.06049875169992447
control,20260918,288,0.02041463553905487,0.02043858915567398,0.02041463553905487,0.05638951063156128,0.059900153428316116
control,20260918,289,0.02033223584294319,0.020440997555851936,0.02033223584294319,0.056247033178806305,0.05931052193045616
control,20260918,290,0.020250899717211723,0.02044340968132019,0.020250899717211723,0.05610606074333191,0.05872977152466774
control,20260918,291,0.020170601084828377,0.02044588327407837,0.020170601084828377,0.055966567248106,0.05815776810050011
control,20260918,292,0.020091302692890167,0.02044837363064289,0.020091302692890167,0.0558285191655159,0.05759440362453461
control,20260918,293,0.020012997090816498,0.020450899377465248,0.020012997090816498,0.0556919127702713,0.05703956261277199
control,20260918,294,0.019935650750994682,0.02045346051454544,0.019935650750994682,0.05555669218301773,0.05649314075708389
control,20260918,295,0.019859248772263527,0.020456062629818916,0.019859248772263527,0.05542284622788429,0.05595501512289047
control,20260918,296,0.019783759489655495,0.02045869082212448,0.019783759489655495,0.05529036000370979,0.055425047874450684
control,20260918,297,0.019709168002009392,0.020461365580558777,0.019709168002009392,0.05515919625759125,0.05490315705537796
control,20260918,298,0.01963544823229313,0.020464057102799416,0.01963544823229313,0.05502931401133537,0.05438920482993126
control,20260918,299,0.01956258714199066,0.020466791465878487,0.01956258714199066,0.054900720715522766,0.05388312414288521
control,20260918,300,0.019490554928779602,0.02046956866979599,0.019490554928779602,0.05477337911725044,0.05338476225733757
ranking,20260918,1,1.024658203125,0.020761456340551376,1.0267343521118164,1.266775369644165,1.454091191291809
ranking,20260918,2,1.0085573196411133,0.020671384409070015,1.0106244087219238,1.247373104095459,1.4395639896392822
ranking,20260918,3,0.9926102161407471,0.02057756669819355,0.9946679472923279,1.2281725406646729,1.4249683618545532
ranking,20260918,4,0.9768195748329163,0.020481029525399208,0.9788676500320435,1.2091896533966064,1.4103180170059204
ranking,20260918,5,0.9611879587173462,0.020383814349770546,0.963226318359375,1.1904414892196655,1.3956254720687866
ranking,20260918,6,0.9457171559333801,0.020287008956074715,0.9477458596229553,1.17193603515625,1.380906343460083
ranking,20260918,7,0.9304088950157166,0.020191559568047523,0.9324280619621277,1.1536709070205688,1.3661799430847168
ranking,20260918,8,0.9152638912200928,0.020098144188523293,0.9172737002372742,1.135636806488037,1.3514689207077026
ranking,20260918,9,0.9002832770347595,0.020006991922855377,0.9022839665412903,1.1178232431411743,1.3367911577224731
ranking,20260918,10,0.8854675889015198,0.019918622449040413,0.8874594569206238,1.1002219915390015,1.322157859802246
ranking,20260918,11,0.8708176612854004,0.019832538440823555,0.872800886631012,1.0828272104263306,1.3075848817825317
ranking,20260918,12,0.8563339710235596,0.019748596474528313,0.8583088517189026,1.0656354427337646,1.2930828332901
ranking,20260918,13,0.8420165181159973,0.01966923661530018,0.8439834713935852,1.0486438274383545,1.278671383857727
ranking,20260918,14,0.8278655409812927,0.019597290083765984,0.8298252820968628,1.0318502187728882,1.2643579244613647
ranking,20260918,15,0.813880443572998,0.01953156292438507,0.8158336281776428,1.0152523517608643,1.2501474618911743
ranking,20260918,16,0.8000603914260864,0.019468186423182487,0.8020071983337402,0.998848021030426,1.2360581159591675
ranking,20260918,17,0.7864041924476624,0.01940716989338398,0.7883449196815491,0.9826343059539795,1.22209894657135
ranking,20260918,18,0.7729108333587646,0.01935447007417679,0.7748462557792664,0.9666089415550232,1.2082833051681519
ranking,20260918,19,0.7595791220664978,0.019304458051919937,0.7615095973014832,0.9507688283920288,1.1946028470993042
ranking,20260918,20,0.7464079856872559,0.01925688423216343,0.7483336925506592,0.9351115822792053,1.1810641288757324
ranking,20260918,21,0.7333966493606567,0.019213201478123665,0.7353179454803467,0.9196348190307617,1.167669653892517
ranking,20260918,22,0.7205449938774109,0.01917470619082451,0.7224624752998352,0.9043365120887756,1.1544086933135986
ranking,20260918,23,0.7078527808189392,0.019145352765917778,0.7097673416137695,0.8892148733139038,1.1412913799285889
ranking,20260918,24,0.6953204870223999,0.01912352629005909,0.6972328424453735,0.8742689490318298,1.1282962560653687
ranking,20260918,25,0.6829485297203064,0.019104676321148872,0.6848589777946472,0.8594980835914612,1.1154189109802246
ranking,20260918,26,0.6707375645637512,0.01908799447119236,0.6726463437080383,0.844901978969574,1.1026604175567627
ranking,20260918,27,0.6586881875991821,0.019073432311415672,0.6605955362319946,0.830480694770813,1.0900170803070068
ranking,20260918,28,0.646801233291626,0.019062183797359467,0.6487074494361877,0.8162344694137573,1.0774868726730347
ranking,20260918,29,0.6350770592689514,0.019053105264902115,0.6369823813438416,0.8021640181541443,1.065063714981079
ranking,20260918,30,0.6235164999961853,0.019046084955334663,0.6254211068153381,0.7882695198059082,1.0527530908584595
ranking,20260918,31,0.6121199131011963,0.019042136147618294,0.6140241026878357,0.7745518684387207,1.0405592918395996
ranking,20260918,32,0.6008874177932739,0.019043369218707085,0.6027917265892029,0.761012077331543,1.0284677743911743
ranking,20260918,33,0.5898192524909973,0.01904635690152645,0.5917238593101501,0.7476505637168884,1.0164865255355835
ranking,20260918,34,0.5789152383804321,0.019050993025302887,0.5808203220367432,0.7344685792922974,1.0046168565750122
ranking,20260918,35,0.5681753158569336,0.0190572589635849,0.5700810551643372,0.7214730978012085,0.9928600788116455
ranking,20260918,36,0.557604193687439,0.019065065309405327,0.5595107078552246,0.7086747884750366,0.981224000453949
ranking,20260918,37,0.5472092628479004,0.019076813012361526,0.5491169691085815,0.696081817150116,0.9697262048721313
ranking,20260918,38,0.5369960069656372,0.019094670191407204,0.5389055013656616,0.6837008595466614,0.958369791507721
ranking,20260918,39,0.5269684195518494,0.019115600734949112,0.5288800001144409,0.6715371608734131,0.9471554160118103
ranking,20260918,40,0.5171295404434204,0.01913764700293541,0.5190433263778687,0.659594714641571,0.9360974431037903
ranking,20260918,41,0.5074808597564697,0.01916070654988289,0.5093969106674194,0.6478757858276367,0.9252021908760071
ranking,20260918,42,0.49802324175834656,0.019187388941645622,0.49994197487831116,0.6363821029663086,0.9144819974899292
ranking,20260918,43,0.4887564182281494,0.019216284155845642,0.4906780421733856,0.6251142024993896,0.9039263129234314
ranking,20260918,44,0.479679673910141,0.019245805218815804,0.4816042482852936,0.6140716671943665,0.893545389175415
ranking,20260918,45,0.4707914888858795,0.019275834783911705,0.47271907329559326,0.6032534241676331,0.883341908454895
ranking,20260918,46,0.462089866399765,0.019306285306811333,0.4640204906463623,0.5926579236984253,0.8733167052268982
ranking,20260918,47,0.45357218384742737,0.019337045028805733,0.4555058777332306,0.582282543182373,0.8634705543518066
ranking,20260918,48,0.4452357888221741,0.019371172413229942,0.4471729099750519,0.5721244215965271,0.853811502456665
ranking,20260918,49,0.4370775520801544,0.019405527040362358,0.4390181005001068,0.5621802806854248,0.8443187475204468
ranking,20260918,50,0.42909395694732666,0.01944020949304104,0.4310379922389984,0.5524464249610901,0.8350068926811218
ranking,20260918,51,0.4212816059589386,0.01947466842830181,0.42322906851768494,0.5429189205169678,0.8258697986602783
ranking,20260918,52,0.4136366546154022,0.01950877346098423,0.41558754444122314,0.5335936546325684,0.8169048428535461
ranking,20260918,53,0.4061552584171295,0.019542470574378967,0.40810951590538025,0.5244662761688232,0.8081092834472656
ranking,20260918,54,0.39883360266685486,0.019575657323002815,0.4007911682128906,0.5155323147773743,0.7994797825813293
ranking,20260918,55,0.39166781306266785,0.019608205184340477,0.39362862706184387,0.5067873597145081,0.7910125851631165
ranking,20260918,56,0.38465383648872375,0.019640492275357246,0.38661789894104004,0.49822667241096497,0.7827135324478149
ranking,20260918,57,0.37778782844543457,0.019673367962241173,0.3797551691532135,0.48984572291374207,0.7745599150657654
ranking,20260918,58,0.37106597423553467,0.019705794751644135,0.37303656339645386,0.48163989186286926,0.766566276550293
ranking,20260918,59,0.36448436975479126,0.019737042486667633,0.36645808815956116,0.473604679107666,0.7587094306945801
ranking,20260918,60,0.3580392599105835,0.01976696588099003,0.36001595854759216,0.465735524892807,0.7509939670562744
ranking,20260918,61,0.3517269194126129,0.019795482978224754,0.3537064790725708,0.4580281674861908,0.7434155344963074
ranking,20260918,62,0.34554365277290344,0.019822491332888603,0.3475258946418762,0.4504781663417816,0.7359694242477417
ranking,20260918,63,0.3394860625267029,0.019847910851240158,0.341470867395401,0.4430813789367676,0.7286512851715088
ranking,20260918,64,0.3335506021976471,0.019871676340699196,0.33553776144981384,0.4358336329460144,0.7214563488960266
ranking,20260918,65,0.3277338743209839,0.01989368535578251,0.3297232389450073,0.4287310242652893,0.7143802642822266
ranking,20260918,66,0.32203254103660583,0.01991390623152256,0.32402393221855164,0.4217695891857147,0.7074186205863953
ranking,20260918,67,0.316443532705307,0.019932309165596962,0.31843677163124084,0.4149455428123474,0.7005668878555298
ranking,20260918,68,0.3109636902809143,0.019948871806263924,0.31295856833457947,0.40825533866882324,0.6938209533691406
ranking,20260918,69,0.30559003353118896,0.01996358297765255,0.3075864017009735,0.40169528126716614,0.6871765851974487
ranking,20260918,70,0.30031952261924744,0.01997644640505314,0.30231717228889465,0.3952620327472687,0.6806296706199646
ranking,20260918,71,0.29514947533607483,0.01998754031956196,0.2971482276916504,0.3889522850513458,0.6741761565208435
ranking,20260918,72,0.2900770902633667,0.019997410476207733,0.29207682609558105,0.38276273012161255,0.6677964329719543
ranking,20260918,73,0.28509974479675293,0.020005865022540092,0.28710034489631653,0.37669044733047485,0.6615180969238281
ranking,20260918,74,0.2802148461341858,0.020012833178043365,0.2822161316871643,0.37073230743408203,0.6553220748901367
ranking,20260918,75,0.2754199504852295,0.02001841552555561,0.2774218022823334,0.36488550901412964,0.6492049098014832
ranking,20260918,76,0.270712673664093,0.020022740587592125,0.2727149426937103,0.35914725065231323,0.6431632041931152
ranking,20260918,77,0.2660907804965973,0.020026100799441338,0.26809337735176086,0.3535149395465851,0.6371614336967468
ranking,20260918,78,0.26155197620391846,0.020030485466122627,0.26355502009391785,0.3479859530925751,0.6312604546546936
ranking,20260918,79,0.25709420442581177,0.020034098997712135,0.2590976059436798,0.34255775809288025,0.6254261136054993
ranking,20260918,80,0.25271540880203247,0.020037053152918816,0.2547191083431244,0.33722802996635437,0.6196553707122803
ranking,20260918,81,0.24841353297233582,0.020039428025484085,0.25041747093200684,0.33199435472488403,0.6139459609985352
ranking,20260918,82,0.24418680369853973,0.02004128135740757,0.24619093537330627,0.3268545866012573,0.6082951426506042
ranking,20260918,83,0.2400333136320114,0.020042719319462776,0.2420375794172287,0.32180652022361755,0.6027007699012756
ranking,20260918,84,0.23595137894153595,0.020044881850481033,0.23795586824417114,0.3168480694293976,0.597151517868042
ranking,20260918,85,0.23193931579589844,0.020049184560775757,0.23394423723220825,0.311977356672287,0.5916205048561096
ranking,20260918,86,0.22799549996852875,0.02005435712635517,0.23000094294548035,0.30719250440597534,0.5861802697181702
ranking,20260918,87,0.2241184562444687,0.020059453323483467,0.22612440586090088,0.30249157547950745,0.5807898640632629
ranking,20260918,88,0.22030667960643768,0.02006427012383938,0.22231310606002808,0.29787296056747437,0.5754456520080566
ranking,20260918,89,0.21655869483947754,0.020068777725100517,0.21856556832790375,0.29333484172821045,0.570145845413208
ranking,20260918,90,0.21287325024604797,0.02007308416068554,0.2148805558681488,0.2888757884502411,0.5648431777954102
ranking,20260918,91,0.20924896001815796,0.02007989026606083,0.2112569510936737,0.28449419140815735,0.5596279501914978
ranking,20260918,92,0.205684632062912,0.02008623443543911,0.20769324898719788,0.28018856048583984,0.5544525384902954
ranking,20260918,93,0.20217907428741455,0.020092099905014038,0.2041882872581482,0.2759574353694916,0.5493156313896179
ranking,20260918,94,0.19873112440109253,0.02009745128452778,0.20074087381362915,0.2717994451522827,0.5442157983779907
ranking,20260918,95,0.19533970952033997,0.020102955400943756,0.19735001027584076,0.267713338136673,0.5391085147857666
ranking,20260918,96,0.19200381636619568,0.02011040598154068,0.19401486217975616,0.26369795203208923,0.5340362787246704
ranking,20260918,97,0.1887223869562149,0.020118022337555885,0.19073419272899628,0.25975191593170166,0.5290422439575195
ranking,20260918,98,0.18549449741840363,0.0201246477663517,0.18750695884227753,0.2558741271495819,0.5240809321403503
ranking,20260918,99,0.18231923878192902,0.020130259916186333,0.18433226644992828,0.2520633935928345,0.5191513299942017
ranking,20260918,100,0.17919574677944183,0.020134858787059784,0.1812092363834381,0.24831847846508026,0.5142525434494019
ranking,20260918,101,0.17612306773662567,0.02013845182955265,0.1781369149684906,0.24463841319084167,0.5093838572502136
ranking,20260918,102,0.1731005311012268,0.020141078159213066,0.17511463165283203,0.24102209508419037,0.5045444965362549
ranking,20260918,103,0.17012722790241241,0.020142683759331703,0.17214149236679077,0.23746849596500397,0.4997337758541107
ranking,20260918,104,0.16720254719257355,0.020143356174230576,0.16921688616275787,0.23397663235664368,0.49495136737823486
ranking,20260918,105,0.16432565450668335,0.020143063738942146,0.1663399636745453,0.2305455058813095,0.49019619822502136
ranking,20260918,106,0.1614958941936493,0.020141802728176117,0.16351006925106049,0.22717420756816864,0.4854678511619568
ranking,20260918,107,0.15871264040470123,0.020139561966061592,0.16072659194469452,0.2238619178533554,0.48076602816581726
ranking,20260918,108,0.15597522258758545,0.020136384293437004,0.15798886120319366,0.22060775756835938,0.47609007358551025
ranking,20260918,109,0.1532830148935318,0.02013230323791504,0.15529625117778778,0.21741081774234772,0.4714396893978119
ranking,20260918,110,0.15063540637493134,0.02012738399207592,0.15264815092086792,0.2142704278230667,0.46681350469589233
ranking,20260918,111,0.14803186058998108,0.020121680572628975,0.1500440239906311,0.2111857384443283,0.4622131586074829
ranking,20260918,112,0.1454717367887497,0.020115189254283905,0.14748325943946838,0.20815595984458923,0.4576374590396881
ranking,20260918,113,0.14295455813407898,0.020107947289943695,0.14496535062789917,0.20518024265766144,0.453086256980896
ranking,20260918,114,0.14047975838184357,0.02010047622025013,0.14248980581760406,0.2022579163312912,0.4485589563846588
ranking,20260918,115,0.13804681599140167,0.020092390477657318,0.1400560587644577,0.19938820600509644,0.44405606389045715
ranking,20260918,116,0.1356552243232727,0.020083701238036156,0.1376635879278183,0.19657033681869507,0.43957725167274475
ranking,20260918,117,0.13330446183681488,0.02007438614964485,0.13531190156936646,0.19380353391170502,0.4351223111152649
ranking,20260918,118,0.13099408149719238,0.020064493641257286,0.13300053775310516,0.19108706712722778,0.4306913912296295
ranking,20260918,119,0.12872357666492462,0.020054010674357414,0.13072897493839264,0.1884201616048813,0.42628440260887146
ranking,20260918,120,0.1264924556016922,0.020043006166815758,0.12849675118923187,0.18580208718776703,0.4219013452529907
ranking,20260918,121,0.12430025637149811,0.020033132284879684,0.126303568482399,0.18323208391666412,0.4175882339477539
ranking,20260918,122,0.12214655429124832,0.02002488262951374,0.12414903938770294,0.18070946633815765,0.4132520854473114
ranking,20260918,123,0.12003090977668762,0.02001636102795601,0.1220325455069542,0.17823347449302673,0.4089401066303253
ranking,20260918,124,0.11795283854007721,0.02000756748020649,0.11995359510183334,0.17580346763134003,0.40465259552001953
ranking,20260918,125,0.11591187864542007,0.019998513162136078,0.11791172623634338,0.17341876029968262,0.4003896713256836
ranking,20260918,126,0.11390760540962219,0.019989194348454475,0.11590652167797089,0.1710786074399948,0.39615145325660706
ranking,20260918,127,0.11193957179784775,0.019979603588581085,0.11393753439188004,0.16878239810466766,0.39193829894065857
ranking,20260918,128,0.11000729352235794,0.019969750195741653,0.11200426518917084,0.16652941703796387,0.3877503275871277
ranking,20260918,129,0.10811035335063934,0.019960394129157066,0.11010639369487762,0.1643189638853073,0.38360562920570374
ranking,20260918,130,0.10624832659959793,0.019952377304434776,0.10824356228113174,0.16215045750141144,0.37946832180023193
ranking,20260918,131,0.10442075878381729,0.01994415931403637,0.10641517490148544,0.16002315282821655,0.3753570318222046
ranking,20260918,132,0.1026272177696228,0.019935758784413338,0.1046207919716835,0.15793640911579132,0.3712720274925232
ranking,20260918,133,0.10086723417043686,0.019927727058529854,0.10286000370979309,0.1558896005153656,0.36721837520599365
ranking,20260918,134,0.09914038330316544,0.019920185208320618,0.10113240033388138,0.15388208627700806,0.36318671703338623
ranking,20260918,135,0.09744621813297272,0.01991245523095131,0.09943746030330658,0.15191316604614258,0.35918229818344116
ranking,20260918,136,0.09578428417444229,0.019904563203454018,0.09777474403381348,0.14998219907283783,0.35520532727241516
ranking,20260918,137,0.09415414929389954,0.01989646442234516,0.09614379703998566,0.14808860421180725,0.35125622153282166
ranking,20260918,138,0.09255535900592804,0.019889095798134804,0.09454426914453506,0.14623166620731354,0.3473476469516754
ranking,20260918,139,0.09098748862743378,0.0198831707239151,0.09297580271959305,0.14441083371639252,0.3434546887874603
ranking,20260918,140,0.08945009857416153,0.019877063110470772,0.09143780171871185,0.14262546598911285,0.339590460062027
ranking,20260918,141,0.08794272691011429,0.019870955497026443,0.08992981910705566,0.1408749520778656,0.33575519919395447
ranking,20260918,142,0.08646493405103683,0.019865570589900017,0.08845148980617523,0.13915874063968658,0.3319484293460846
ranking,20260918,143,0.08501628786325455,0.019860567525029182,0.08700234442949295,0.1374761462211609,0.32817211747169495
ranking,20260918,144,0.08359632641077042,0.019855491816997528,0.08558187633752823,0.13582660257816315,0.3244256377220154
ranking,20260918,145,0.08220463246107101,0.019850363954901695,0.08418966829776764,0.1342094987630844,0.3207092583179474
ranking,20260918,146,0.08084073662757874,0.01984514109790325,0.08282525092363358,0.13262422382831573,0.31702324748039246
ranking,20260918,147,0.07950421422719955,0.019841700792312622,0.08148838579654694,0.13107021152973175,0.31337589025497437
ranking,20260918,148,0.07819464057683945,0.019838692620396614,0.08017850667238235,0.1295468807220459,0.3097509443759918
ranking,20260918,149,0.0769115760922432,0.01983555220067501,0.07889512926340103,0.1280536651611328,0.30615702271461487
ranking,20260918,150,0.07565461099147797,0.01983228698372841,0.07763783633708954,0.12659001350402832,0.30259427428245544
ranking,20260918,151,0.07442329823970795,0.01982889510691166,0.07640618830919266,0.12515535950660706,0.29906290769577026
ranking,20260918,152,0.07321721315383911,0.01982535608112812,0.07519974559545517,0.12374915927648544,0.29556307196617126
ranking,20260918,153,0.07203590124845505,0.01982162706553936,0.07401806116104126,0.12237083911895752,0.2920949459075928
ranking,20260918,154,0.07087897509336472,0.019817732274532318,0.07286074757575989,0.12101992219686508,0.28865858912467957
ranking,20260918,155,0.0697459951043129,0.019815709441900253,0.07172756642103195,0.11969588696956635,0.28525954484939575
ranking,20260918,156,0.06863657385110855,0.01981356181204319,0.0706179291009903,0.11839824169874191,0.2818869650363922
ranking,20260918,157,0.06755028665065765,0.019811207428574562,0.0695314109325409,0.1171264499425888,0.27854639291763306
ranking,20260918,158,0.06648672372102737,0.019808640703558922,0.06846758723258972,0.11588001996278763,0.2752380073070526
ranking,20260918,159,0.06544547528028488,0.019806424155831337,0.06742611527442932,0.11465846747159958,0.27196186780929565
ranking,20260918,160,0.06442613899707794,0.019804997369647026,0.06640663743019104,0.11346133798360825,0.2687218189239502
ranking,20260918,161,0.06342833489179611,0.019804297015070915,0.06540876626968384,0.11228812485933304,0.2655097544193268
ranking,20260918,162,0.06245165318250656,0.019803399220108986,0.06443199515342712,0.11113838851451874,0.2623298764228821
ranking,20260918,163,0.06149571016430855,0.019802313297986984,0.06347594410181046,0.11001166701316833,0.2591821253299713
ranking,20260918,164,0.06056011840701103,0.019801044836640358,0.06254022568464279,0.10890747606754303,0.25606653094291687
ranking,20260918,165,0.05964447185397148,0.019799547269940376,0.061624426394701004,0.1078253984451294,0.25298306345939636
ranking,20260918,166,0.05874842032790184,0.01979786343872547,0.06072820723056793,0.10676495730876923,0.24993164837360382
ranking,20260918,167,0.05787155404686928,0.019795916974544525,0.05985114723443985,0.10572575032711029,0.24691231548786163
ranking,20260918,168,0.057013534009456635,0.01979377306997776,0.058992911130189896,0.10470734536647797,0.24392496049404144
ranking,20260918,169,0.05617397278547287,0.019791387021541595,0.05815311148762703,0.10370931029319763,0.24096950888633728
ranking,20260918,170,0.05535251647233963,0.019789472222328186,0.05733146518468857,0.10273124277591705,0.23804832994937897
ranking,20260918,171,0.05454881489276886,0.019788019359111786,0.05652761831879616,0.10177275538444519,0.23515629768371582
ranking,20260918,172,0.0537625215947628,0.019786287099123,0.05574114993214607,0.1008334532380104,0.23229579627513885
ranking,20260918,173,0.052993278950452805,0.019784336909651756,0.054971713572740555,0.09991291910409927,0.2294667810201645
ranking,20260918,174,0.05224074795842171,0.019782118499279022,0.05421895906329155,0.09901078045368195,0.22666911780834198
ranking,20260918,175,0.05150458961725235,0.019779613241553307,0.053482551127672195,0.09812662750482559,0.22390267252922058
ranking,20260918,176,0.050784457474946976,0.019776899367570877,0.052762147039175034,0.09726013988256454,0.22116728127002716
ranking,20260918,177,0.05008004233241081,0.019774073734879494,0.05205744877457619,0.09641087055206299,0.2184630185365677
ranking,20260918,178,0.0493910051882267,0.019771497696638107,0.05136815458536148,0.09557852894067764,0.215789332985878
ranking,20260918,179,0.04871702566742897,0.019768711179494858,0.05069389566779137,0.09476270526647568,0.21314628422260284
ranking,20260918,180,0.04805780202150345,0.019765745848417282,0.050034377723932266,0.09396306425333023,0.21053366363048553
ranking,20260918,181,0.04741301387548447,0.019762538373470306,0.04938926920294762,0.09317927807569504,0.20795129239559174
ranking,20260918,182,0.04678235575556755,0.01975942775607109,0.04875829815864563,0.09241099655628204,0.20539827644824982
ranking,20260918,183,0.046165525913238525,0.019756801426410675,0.04814120754599571,0.09165788441896439,0.20287583768367767
ranking,20260918,184,0.04556223750114441,0.019754039123654366,0.04753763973712921,0.0909196138381958,0.20038308203220367
ranking,20260918,185,0.044972192496061325,0.01975163072347641,0.046947356313467026,0.09019587188959122,0.19791969656944275
ranking,20260918,186,0.04439510777592659,0.019749583676457405,0.046370066702365875,0.08948638290166855,0.19548554718494415
ranking,20260918,187,0.043830715119838715,0.019747348502278328,0.04580545052886009,0.08879079669713974,0.19308046996593475
ranking,20260918,188,0.043278731405735016,0.01974497176706791,0.04525322839617729,0.0881088450551033,0.19070418179035187
ranking,20260918,189,0.042738884687423706,0.01974242739379406,0.04471312835812569,0.08744022250175476,0.18835647404193878
ranking,20260918,190,0.042210910469293594,0.01973971165716648,0.04418488219380379,0.08678463846445084,0.18603715300559998
ranking,20260918,191,0.04169454053044319,0.019736826419830322,0.043668221682310104,0.08614182472229004,0.18374599516391754
ranking,20260918,192,0.0411895252764225,0.019733747467398643,0.04316290095448494,0.08551149070262909,0.18148280680179596
ranking,20260918,193,0.04069560393691063,0.01973050646483898,0.0426686555147171,0.0848933681845665,0.17924731969833374
ranking,20260918,194,0.04021253064274788,0.0197270680218935,0.042185235768556595,0.08428717404603958,0.17703938484191895
ranking,20260918,195,0.03974005579948425,0.019723456352949142,0.041712403297424316,0.08369268476963043,0.1748586744070053
ranking,20260918,196,0.03927795588970184,0.019720211625099182,0.04124997556209564,0.08310960233211517,0.17270506918430328
ranking,20260918,197,0.03882598876953125,0.019716860726475716,0.04079767316579819,0.0825376883149147,0.17057892680168152
ranking,20260918,198,0.03838391974568367,0.019714197143912315,0.040355339646339417,0.08197672665119171,0.16847850382328033
ranking,20260918,199,0.03795154392719269,0.019711382687091827,0.03992268070578575,0.08142644166946411,0.1664043515920639
ranking,20260918,200,0.0375286228954792,0.019708439707756042,0.03949946537613869,0.0808866024017334,0.16435620188713074
ranking,20260918,201,0.037114936858415604,0.019705340266227722,0.039085470139980316,0.08035698533058167,0.1623338758945465
ranking,20260918,202,0.03671027719974518,0.019702063873410225,0.038680482655763626,0.07983735203742981,0.1603371500968933
ranking,20260918,203,0.03631443530321121,0.019698701798915863,0.0382843054831028,0.07932747900485992,0.15836575627326965
ranking,20260918,204,0.03592721000313759,0.019695138558745384,0.03789672255516052,0.0788271576166153,0.15641947090625763
ranking,20260918,205,0.03554840013384819,0.019691435620188713,0.03751754388213158,0.07833614945411682,0.1544981151819229
ranking,20260918,206,0.0351778045296669,0.019687576219439507,0.03714656084775925,0.07785426080226898,0.15260139107704163
ranking,20260918,207,0.0348152257502079,0.019683554768562317,0.03678357973694801,0.07738128304481506,0.15072911977767944
ranking,20260918,208,0.034460488706827164,0.019679410383105278,0.03642842918634415,0.07691700011491776,0.14888103306293488
ranking,20260918,209,0.03411339595913887,0.01967509649693966,0.03608090430498123,0.07646122574806213,0.1470569223165512
ranking,20260918,210,0.03377377614378929,0.0196706373244524,0.035740841180086136,0.07601374387741089,0.14525654911994934
ranking,20260918,211,0.0334414467215538,0.019665999338030815,0.03540804609656334,0.07557441294193268,0.14347964525222778
ranking,20260918,212,0.03311624377965927,0.01966121606528759,0.035082366317510605,0.0751429945230484,0.14172601699829102
ranking,20260918,213,0.03279798850417137,0.019656267017126083,0.03476361557841301,0.07471930980682373,0.13999541103839874
ranking,20260918,214,0.03248652070760727,0.01965116523206234,0.03445163741707802,0.07430322468280792,0.13828758895397186
ranking,20260918,215,0.03218167647719383,0.019645901396870613,0.0341462679207325,0.07389450073242188,0.13660232722759247
ranking,20260918,216,0.03188329562544823,0.019640475511550903,0.03384734317660332,0.07349301874637604,0.13493934273719788
ranking,20260918,217,0.031591229140758514,0.019635165110230446,0.033554743975400925,0.0730985701084137,0.1332980990409851
ranking,20260918,218,0.03130532056093216,0.019630305469036102,0.03326835110783577,0.07271096855401993,0.13167788088321686
ranking,20260918,219,0.031025419011712074,0.01962587982416153,0.03298800811171532,0.07233007252216339,0.1300802379846573
ranking,20260918,220,0.03075137361884117,0.01962144859135151,0.03271351754665375,0.07195571810007095,0.12850384414196014
ranking,20260918,221,0.030483050271868706,0.01961698941886425,0.032444749027490616,0.07158777862787247,0.1269484907388687
ranking,20260918,222,0.030220314860343933,0.019612489268183708,0.03218156471848488,0.071226105093956,0.12541396915912628
ranking,20260918,223,0.029963020235300064,0.019607922062277794,0.0319238118827343,0.07087056338787079,0.12390002608299255
ranking,20260918,224,0.029711052775382996,0.019603261724114418,0.03167137876152992,0.07052100449800491,0.12240645289421082
ranking,20260918,225,0.029464274644851685,0.01959851197898388,0.03142412751913071,0.07017733156681061,0.12093302607536316
ranking,20260918,226,0.02922256477177143,0.019593670964241028,0.031181931495666504,0.06983938068151474,0.11947951465845108
ranking,20260918,227,0.02898579090833664,0.019588680937886238,0.03094465844333172,0.06950706988573074,0.11804568022489548
ranking,20260918,228,0.028753845021128654,0.01958354003727436,0.030712198466062546,0.06918025761842728,0.11663132160902023
ranking,20260918,229,0.028526615351438522,0.019578246399760246,0.030484439805150032,0.06885881721973419,0.11523623019456863
ranking,20260918,230,0.028303973376750946,0.019572788849473,0.03026125207543373,0.06854265183210373,0.11386017501354218
ranking,20260918,231,0.028085822239518166,0.019567152485251427,0.030042536556720734,0.06823163479566574,0.11250294744968414
ranking,20260918,232,0.027872050181031227,0.019561314955353737,0.029828181490302086,0.06792566180229187,0.11116434633731842
ranking,20260918,233,0.027662547305226326,0.019555311650037766,0.029618078842759132,0.06762461364269257,0.1098441407084465
ranking,20260918,234,0.027457213029265404,0.01954907365143299,0.029412120580673218,0.06732837855815887,0.10854213684797287
ranking,20260918,235,0.027255943045020103,0.019542621448636055,0.029210206121206284,0.06703687459230423,0.1072581484913826
ranking,20260918,236,0.02705865167081356,0.019535966217517853,0.029012247920036316,0.06674997508525848,0.10599192976951599
ranking,20260918,237,0.02686522714793682,0.01952907256782055,0.02881813421845436,0.06646756827831268,0.10474330931901932
ranking,20260918,238,0.02667558752000332,0.01952199451625347,0.02862778678536415,0.06618958711624146,0.10351210087537766
ranking,20260918,239,0.026489635929465294,0.019514665007591248,0.02844110317528248,0.06591588258743286,0.10229805111885071
ranking,20260918,240,0.026307284832000732,0.01950713060796261,0.02825799770653248,0.06564640253782272,0.10110100358724594
ranking,20260918,241,0.026128442957997322,0.01949937455356121,0.028078380972146988,0.0653810128569603,0.09992074966430664
ranking,20260918,242,0.025953032076358795,0.019491391256451607,0.02790217101573944,0.06511963903903961,0.09875708818435669
ranking,20260918,243,0.025780966505408287,0.019483231008052826,0.02772928960621357,0.06486218422651291,0.09760979562997818
ranking,20260918,244,0.025612156838178635,0.019474834203720093,0.027559639886021614,0.06460854411125183,0.09647867828607559
ranking,20260918,245,0.025446537882089615,0.019466260448098183,0.027393164113163948,0.064358651638031,0.0953635722398758
ranking,20260918,246,0.025284025818109512,0.019457658752799034,0.0272297915071249,0.06411238014698029,0.09426313638687134
ranking,20260918,247,0.025124546140432358,0.019449224695563316,0.027069468051195145,0.0638696476817131,0.09317932277917862
ranking,20260918,248,0.024968016892671585,0.019440671429038048,0.026912083849310875,0.06363039463758469,0.09211084991693497
ranking,20260918,249,0.02481437474489212,0.019432006403803825,0.026757575571537018,0.06339452415704727,0.09105754643678665
ranking,20260918,250,0.024663548916578293,0.01942324824631214,0.026605874300003052,0.06316196918487549,0.09001920372247696
ranking,20260918,251,0.024515464901924133,0.019414382055401802,0.02645690366625786,0.06293265521526337,0.08899562060832977
ranking,20260918,252,0.024370064958930016,0.019405422732234,0.02631060779094696,0.06270651519298553,0.08798658102750778
ranking,20260918,253,0.02422727830708027,0.019396387040615082,0.026166917756199837,0.06248348951339722,0.08699196577072144
ranking,20260918,254,0.024087045341730118,0.019387273117899895,0.026025772094726562,0.062263499945402145,0.08601151406764984
ranking,20260918,255,0.023949304595589638,0.01937810331583023,0.02588711492717266,0.06204651668667793,0.08504506200551987
ranking,20260918,256,0.023813994601368904,0.01936887390911579,0.025750882923603058,0.06183243915438652,0.08409243822097778
ranking,20260918,257,0.023681053891777992,0.019359620288014412,0.025617016479372978,0.061621230095624924,0.08315344154834747
ranking,20260918,258,0.023550422862172127,0.01935029961168766,0.025485452264547348,0.061412833631038666,0.08222787082195282
ranking,20260918,259,0.023422058671712875,0.01934102177619934,0.02535616047680378,0.06120716407895088,0.08131344616413116
ranking,20260918,260,0.02329588308930397,0.01933232881128788,0.025229115039110184,0.061004165560007095,0.08041418343782425
ranking,20260918,261,0.02317184768617153,0.019323768094182014,0.025104224681854248,0.06080380082130432,0.07952776551246643
ranking,20260918,262,0.02304990030825138,0.019315337762236595,0.024981433525681496,0.060606032609939575,0.07865405082702637
ranking,20260918,263,0.02292999066412449,0.01930706948041916,0.024860696867108345,0.060410793870687485,0.07779288291931152
ranking,20260918,264,0.022812070325016975,0.019298920407891273,0.024741962552070618,0.06021806597709656,0.07694408297538757
ranking,20260918,265,0.02269608899950981,0.019290925934910774,0.024625182151794434,0.06002779304981232,0.07610747963190079
ranking,20260918,266,0.022581998258829117,0.01928308978676796,0.024510307237505913,0.05983992666006088,0.07528292387723923
ranking,20260918,267,0.022469760850071907,0.019275421276688576,0.02439730241894722,0.05965445563197136,0.07447024434804916
ranking,20260918,268,0.022359320893883705,0.019267907366156578,0.024286111816763878,0.05947131663560867,0.07366928458213806
ranking,20260918,269,0.022250637412071228,0.019260568544268608,0.024176694452762604,0.05929047241806984,0.07287989556789398
ranking,20260918,270,0.02214367687702179,0.019253414124250412,0.02406901866197586,0.05911189690232277,0.07210194319486618
ranking,20260918,271,0.022038383409380913,0.01924644596874714,0.02396302856504917,0.05893554911017418,0.07133524864912033
ranking,20260918,272,0.021934719756245613,0.019239673390984535,0.02385868690907955,0.058761369436979294,0.0705796480178833
ranking,20260918,273,0.021832650527358055,0.019233090803027153,0.023755960166454315,0.058589350432157516,0.06983505189418793
ranking,20260918,274,0.021732134744524956,0.01922672428190708,0.02365480735898018,0.05841943249106407,0.06910128891468048
ranking,20260918,275,0.021633131429553032,0.01922057382762432,0.02355518937110901,0.05825158581137657,0.06837821006774902
ranking,20260918,276,0.021535608917474747,0.019214654341340065,0.023457074537873268,0.05808578059077263,0.0676657035946846
ranking,20260918,277,0.02143952064216137,0.019208982586860657,0.023360418155789375,0.05792196840047836,0.06696359813213348
ranking,20260918,278,0.02134483866393566,0.019203519448637962,0.023265190422534943,0.05776010826230049,0.06627178192138672
ranking,20260918,279,0.02125152200460434,0.01919832080602646,0.023171354085206985,0.05760016664862633,0.06559009104967117
ranking,20260918,280,0.021159542724490166,0.01919335313141346,0.023078877478837967,0.05744212865829468,0.06491843611001968
ranking,20260918,281,0.021068869158625603,0.019188644364476204,0.022987734526395798,0.05728592351078987,0.06425665318965912
ranking,20260918,282,0.020979464054107666,0.01918419450521469,0.022897884249687195,0.057131536304950714,0.06360463052988052
ranking,20260918,283,0.02089129574596882,0.019180016592144966,0.02280929684638977,0.056978922337293625,0.06296221911907196
ranking,20260918,284,0.02080433815717697,0.019176069647073746,0.022721944376826286,0.05682806670665741,0.06232933700084686
ranking,20260918,285,0.020718557760119438,0.01917237602174282,0.022635795176029205,0.05667891725897789,0.0617058090865612
ranking,20260918,286,0.02063392847776413,0.019168945029377937,0.02255082316696644,0.05653144791722298,0.06109151244163513
ranking,20260918,287,0.020550422370433807,0.019165782257914543,0.022467000409960747,0.05638562887907028,0.06048635020852089
ranking,20260918,288,0.020468004047870636,0.019162854179739952,0.022384289652109146,0.05624143406748772,0.05989019200205803
ranking,20260918,289,0.02038666047155857,0.019160190597176552,0.02230267971754074,0.056098822504282,0.059302918612957
ranking,20260918,290,0.020306356251239777,0.019157761707901955,0.022222131490707397,0.05595778301358223,0.05872439593076706
ranking,20260918,291,0.02022707462310791,0.019155576825141907,0.02214263193309307,0.05581826716661453,0.05815453082323074
ranking,20260918,292,0.020148782059550285,0.019153611734509468,0.022064143791794777,0.055680252611637115,0.05759318545460701
ranking,20260918,293,0.02007145620882511,0.019151879474520683,0.021986644715070724,0.05554373562335968,0.057040270417928696
ranking,20260918,294,0.019995078444480896,0.019150353968143463,0.021910114213824272,0.05540866032242775,0.05649564415216446
ranking,20260918,295,0.01991962641477585,0.019149050116539,0.02183453179895878,0.05527501553297043,0.05595923215150833
ranking,20260918,296,0.01984507590532303,0.01914793998003006,0.021759869530797005,0.05514277517795563,0.055430904030799866
ranking,20260918,297,0.019771406427025795,0.0191471129655838,0.021686118096113205,0.055011898279190063,0.05490781366825104
ranking,20260918,298,0.019698595628142357,0.019146515056490898,0.02161324769258499,0.05488236993551254,0.05439533293247223
ranking,20260918,299,0.019626621156930923,0.01914614997804165,0.021541235968470573,0.05475415289402008,0.05389062315225601
ranking,20260918,300,0.0195554681122303,0.019145997241139412,0.021470068022608757,0.05462723970413208,0.053393565118312836
