bearing_id,step_id,normalized_lifetime,health_score
Bearing3_1,0,0.0,-0.12548160552978516
Bearing3_1,1,0.00039416633819471815,0.17000317573547363
Bearing3_1,2,0.0007883326763894363,0.15522415935993195
Bearing3_1,3,0.0011824990145841545,0.11299347877502441
Bearing3_1,4,0.0015766653527788726,0.11906509101390839
Bearing3_1,5,0.001970831690973591,0.17520038783550262
Bearing3_1,6,0.002364998029168309,0.13544000685214996
Bearing3_1,7,0.0027591643673630273,0.1428043246269226
Bearing3_1,8,0.0031533307055577452,0.10494407266378403
Bearing3_1,9,0.0035474970437524636,0.08521108329296112
Bearing3_1,10,0.003941663381947182,0.12331023067235947
Bearing3_1,11,0.0043358297201418995,0.10551247745752335
Bearing3_1,12,0.004729996058336618,0.02367219887673855
Bearing3_1,13,0.005124162396531336,0.019127894192934036
Bearing3_1,14,0.005518328734726055,-0.05953250080347061
Bearing3_1,15,0.005912495072920773,-0.182112455368042
Bearing3_1,16,0.0063066614111154905,-0.3091789186000824
Bearing3_1,17,0.006700827749310209,-0.41829538345336914
Bearing3_1,18,0.007094994087504927,-0.5188472867012024
Bearing3_1,19,0.007489160425699646,-0.7014123201370239
Bearing3_1,20,0.007883326763894364,-0.9207738637924194
Bearing3_1,21,0.008277493102089082,-1.1569697856903076
Bearing3_1,22,0.008671659440283799,-1.299146294593811
Bearing3_1,23,0.009065825778478517,-1.5270782709121704
Bearing3_1,24,0.009459992116673236,-1.7614471912384033
Bearing3_1,25,0.009854158454867954,-2.0016372203826904
Bearing3_1,26,0.010248324793062672,-2.1088614463806152
Bearing3_1,27,0.01064249113125739,-2.3675670623779297
Bearing3_1,28,0.01103665746945211,-2.4922499656677246
Bearing3_1,29,0.011430823807646828,-2.420757293701172
Bearing3_1,30,0.011824990145841546,-2.2473464012145996
Bearing3_1,31,0.012219156484036263,-2.0177206993103027
Bearing3_1,32,0.012613322822230981,-1.7228832244873047
Bearing3_1,33,0.0130074891604257,-1.415015459060669
Bearing3_1,34,0.013401655498620418,-1.108339548110962
Bearing3_1,35,0.013795821836815136,-0.7099918127059937
Bearing3_1,36,0.014189988175009854,-0.3776819705963135
Bearing3_1,37,0.014584154513204573,0.06280307471752167
Bearing3_1,38,0.014978320851399291,0.41631025075912476
Bearing3_1,39,0.015372487189594008,0.6049832701683044
Bearing3_1,40,0.015766653527788728,0.7376022934913635
Bearing3_1,41,0.016160819865983445,0.850795567035675
Bearing3_1,42,0.016554986204178165,0.8709266781806946
Bearing3_1,43,0.01694915254237288,0.9237136840820312
Bearing3_1,44,0.017343318880567598,1.0165525674819946
Bearing3_1,45,0.017737485218762318,1.0342003107070923
Bearing3_1,46,0.018131651556957035,1.0559282302856445
Bearing3_1,47,0.018525817895151755,1.0738211870193481
Bearing3_1,48,0.01891998423334647,1.0805294513702393
Bearing3_1,49,0.01931415057154119,1.1272425651550293
Bearing3_1,50,0.019708316909735908,1.1548128128051758
Bearing3_1,51,0.02010248324793063,1.1388680934906006
Bearing3_1,52,0.020496649586125345,1.1311581134796143
Bearing3_1,53,0.02089081592432006,1.1178643703460693
Bearing3_1,54,0.02128498226251478,1.1471538543701172
Bearing3_1,55,0.0216791486007095,1.189827561378479
Bearing3_1,56,0.02207331493890422,1.1983550786972046
Bearing3_1,57,0.022467481277098935,1.1985794305801392
Bearing3_1,58,0.022861647615293655,1.1760151386260986
Bearing3_1,59,0.023255813953488372,1.1853853464126587
Bearing3_1,60,0.023649980291683092,1.170053243637085
Bearing3_1,61,0.02404414662987781,1.1753003597259521
Bearing3_1,62,0.024438312968072525,1.1936044692993164
Bearing3_1,63,0.024832479306267245,1.1917082071304321
Bearing3_1,64,0.025226645644461962,1.1592652797698975
Bearing3_1,65,0.025620811982656682,1.1684846878051758
Bearing3_1,66,0.0260149783208514,1.1641124486923218
Bearing3_1,67,0.02640914465904612,1.157925009727478
Bearing3_1,68,0.026803310997240835,1.1781284809112549
Bearing3_1,69,0.027197477335435555,1.1851356029510498
Bearing3_1,70,0.027591643673630272,1.178856611251831
Bearing3_1,71,0.02798581001182499,1.1339848041534424
Bearing3_1,72,0.02837997635001971,1.129436731338501
Bearing3_1,73,0.028774142688214426,1.1339731216430664
Bearing3_1,74,0.029168309026409146,1.1558910608291626
Bearing3_1,75,0.029562475364603862,1.1208164691925049
Bearing3_1,76,0.029956641702798582,1.1049915552139282
Bearing3_1,77,0.0303508080409933,1.1188617944717407
Bearing3_1,78,0.030744974379188016,1.083526849746704
Bearing3_1,79,0.031139140717382736,1.0518373250961304
Bearing3_1,80,0.031533307055577456,1.036446213722229
Bearing3_1,81,0.03192747339377217,1.0567617416381836
Bearing3_1,82,0.03232163973196689,1.0492401123046875
Bearing3_1,83,0.032715806070161606,1.0680954456329346
Bearing3_1,84,0.03310997240835633,1.071388602256775
Bearing3_1,85,0.033504138746551046,1.0651042461395264
Bearing3_1,86,0.03389830508474576,1.0505279302597046
Bearing3_1,87,0.03429247142294048,1.0270648002624512
Bearing3_1,88,0.034686637761135196,1.0577455759048462
Bearing3_1,89,0.03508080409932992,1.0652430057525635
Bearing3_1,90,0.035474970437524636,1.0708599090576172
Bearing3_1,91,0.03586913677571935,1.0732975006103516
Bearing3_1,92,0.03626330311391407,1.0884863138198853
Bearing3_1,93,0.03665746945210879,1.070768117904663
Bearing3_1,94,0.03705163579030351,1.0463228225708008
Bearing3_1,95,0.037445802128498226,1.0516951084136963
Bearing3_1,96,0.03783996846669294,1.0776450634002686
Bearing3_1,97,0.03823413480488766,1.112097144126892
Bearing3_1,98,0.03862830114308238,1.1027367115020752
Bearing3_1,99,0.0390224674812771,1.0761226415634155
Bearing3_1,100,0.039416633819471816,1.0632489919662476
Bearing3_1,101,0.03981080015766653,1.1060506105422974
Bearing3_1,102,0.04020496649586126,1.1173579692840576
Bearing3_1,103,0.04059913283405597,1.1036813259124756
Bearing3_1,104,0.04099329917225069,1.0576107501983643
Bearing3_1,105,0.041387465510445406,1.0363048315048218
Bearing3_1,106,0.04178163184864012,1.033291220664978
Bearing3_1,107,0.04217579818683485,1.001563310623169
Bearing3_1,108,0.04256996452502956,0.9841905832290649
Bearing3_1,109,0.04296413086322428,1.000963807106018
Bearing3_1,110,0.043358297201419,0.9470911026000977
Bearing3_1,111,0.04375246353961372,0.8576919436454773
Bearing3_1,112,0.04414662987780844,0.8128854632377625
Bearing3_1,113,0.04454079621600315,0.7897055745124817
Bearing3_1,114,0.04493496255419787,0.8454855680465698
Bearing3_1,115,0.04532912889239259,0.821063220500946
Bearing3_1,116,0.04572329523058731,0.7704669833183289
Bearing3_1,117,0.04611746156878203,0.7316537499427795
Bearing3_1,118,0.046511627906976744,0.7135435938835144
Bearing3_1,119,0.04690579424517146,0.7171232104301453
Bearing3_1,120,0.047299960583366184,0.7254151701927185
Bearing3_1,121,0.0476941269215609,0.7372673749923706
Bearing3_1,122,0.04808829325975562,0.7163898944854736
Bearing3_1,123,0.048482459597950334,0.7340335249900818
Bearing3_1,124,0.04887662593614505,0.6962345838546753
Bearing3_1,125,0.049270792274339774,0.6885620355606079
Bearing3_1,126,0.04966495861253449,0.69941246509552
Bearing3_1,127,0.05005912495072921,0.7022215127944946
Bearing3_1,128,0.050453291288923924,0.7404215931892395
Bearing3_1,129,0.05084745762711865,0.6940057277679443
Bearing3_1,130,0.051241623965313364,0.7160732746124268
Bearing3_1,131,0.05163579030350808,0.7300022840499878
Bearing3_1,132,0.0520299566417028,0.7315264940261841
Bearing3_1,133,0.052424122979897514,0.7001240849494934
Bearing3_1,134,0.05281828931809224,0.7058663368225098
Bearing3_1,135,0.053212455656286954,0.7095264196395874
Bearing3_1,136,0.05360662199448167,0.732376217842102
Bearing3_1,137,0.05400078833267639,0.7328423261642456
Bearing3_1,138,0.05439495467087111,0.7155847549438477
Bearing3_1,139,0.05478912100906583,0.7196856737136841
Bearing3_1,140,0.055183287347260544,0.7638645768165588
Bearing3_1,141,0.05557745368545526,0.7394701242446899
Bearing3_1,142,0.05597162002364998,0.7469701766967773
Bearing3_1,143,0.0563657863618447,0.7419012784957886
Bearing3_1,144,0.05675995270003942,0.755044162273407
Bearing3_1,145,0.057154119038234134,0.7782031297683716
Bearing3_1,146,0.05754828537642885,0.7387708425521851
Bearing3_1,147,0.057942451714623575,0.7548888325691223
Bearing3_1,148,0.05833661805281829,0.7650583982467651
Bearing3_1,149,0.05873078439101301,0.8016654849052429
Bearing3_1,150,0.059124950729207724,0.77849942445755
Bearing3_1,151,0.05951911706740244,0.826262354850769
Bearing3_1,152,0.059913283405597165,0.8277713656425476
Bearing3_1,153,0.06030744974379188,0.860622227191925
Bearing3_1,154,0.0607016160819866,0.8363767862319946
Bearing3_1,155,0.061095782420181315,0.8375232815742493
Bearing3_1,156,0.06148994875837603,0.8992722630500793
Bearing3_1,157,0.061884115096570755,0.9061886072158813
Bearing3_1,158,0.06227828143476547,0.8786017298698425
Bearing3_1,159,0.06267244777296019,0.8593159914016724
Bearing3_1,160,0.06306661411115491,0.8675531148910522
Bearing3_1,161,0.06346078044934962,0.8368101119995117
Bearing3_1,162,0.06385494678754434,0.8521469831466675
Bearing3_1,163,0.06424911312573907,0.8759589195251465
Bearing3_1,164,0.06464327946393378,0.8879434466362
Bearing3_1,165,0.0650374458021285,0.8796405792236328
Bearing3_1,166,0.06543161214032321,0.8598295450210571
Bearing3_1,167,0.06582577847851794,0.8590570688247681
Bearing3_1,168,0.06621994481671266,0.9018188714981079
Bearing3_1,169,0.06661411115490737,0.9224279522895813
Bearing3_1,170,0.06700827749310209,0.9115508794784546
Bearing3_1,171,0.0674024438312968,0.9402715563774109
Bearing3_1,172,0.06779661016949153,0.9593719244003296
Bearing3_1,173,0.06819077650768625,0.9014778137207031
Bearing3_1,174,0.06858494284588096,0.9029701352119446
Bearing3_1,175,0.06897910918407568,0.9076904058456421
Bearing3_1,176,0.06937327552227039,0.9164108037948608
Bearing3_1,177,0.06976744186046512,0.9254568219184875
Bearing3_1,178,0.07016160819865984,0.9171022176742554
Bearing3_1,179,0.07055577453685455,0.9310306310653687
Bearing3_1,180,0.07094994087504927,0.9313621520996094
Bearing3_1,181,0.071344107213244,0.9394636154174805
Bearing3_1,182,0.0717382735514387,0.9290059804916382
Bearing3_1,183,0.07213243988963343,0.9809794425964355
Bearing3_1,184,0.07252660622782814,0.9957731366157532
Bearing3_1,185,0.07292077256602286,0.9740846753120422
Bearing3_1,186,0.07331493890421759,0.9495137333869934
Bearing3_1,187,0.0737091052424123,0.9495750665664673
Bearing3_1,188,0.07410327158060702,0.9350940585136414
Bearing3_1,189,0.07449743791880173,0.9120367169380188
Bearing3_1,190,0.07489160425699645,0.9169197082519531
Bearing3_1,191,0.07528577059519118,0.9045839309692383
Bearing3_1,192,0.07567993693338589,0.8972246050834656
Bearing3_1,193,0.07607410327158061,0.8493412137031555
Bearing3_1,194,0.07646826960977532,0.8172591924667358
Bearing3_1,195,0.07686243594797004,0.8544822931289673
Bearing3_1,196,0.07725660228616477,0.884090781211853
Bearing3_1,197,0.07765076862435948,0.8711431622505188
Bearing3_1,198,0.0780449349625542,0.8851707577705383
Bearing3_1,199,0.07843910130074892,0.8810287714004517
Bearing3_1,200,0.07883326763894363,0.8603556752204895
Bearing3_1,201,0.07922743397713836,0.8285125494003296
Bearing3_1,202,0.07962160031533307,0.8346211314201355
Bearing3_1,203,0.08001576665352779,0.8527348637580872
Bearing3_1,204,0.08040993299172251,0.8915567398071289
Bearing3_1,205,0.08080409932991722,0.8914226293563843
Bearing3_1,206,0.08119826566811195,0.866195559501648
Bearing3_1,207,0.08159243200630666,0.8784494400024414
Bearing3_1,208,0.08198659834450138,0.8769229650497437
Bearing3_1,209,0.0823807646826961,0.8961107134819031
Bearing3_1,210,0.08277493102089081,0.9154133796691895
Bearing3_1,211,0.08316909735908554,0.9479690790176392
Bearing3_1,212,0.08356326369728025,0.9782918691635132
Bearing3_1,213,0.08395743003547497,1.0211124420166016
Bearing3_1,214,0.0843515963736697,1.022302269935608
Bearing3_1,215,0.0847457627118644,1.023345708847046
Bearing3_1,216,0.08513992905005913,1.0427497625350952
Bearing3_1,217,0.08553409538825384,1.050845742225647
Bearing3_1,218,0.08592826172644856,1.0503501892089844
Bearing3_1,219,0.08632242806464328,1.0333904027938843
Bearing3_1,220,0.086716594402838,1.0193897485733032
Bearing3_1,221,0.08711076074103272,1.0120569467544556
Bearing3_1,222,0.08750492707922744,0.9890096783638
Bearing3_1,223,0.08789909341742215,0.9655889272689819
Bearing3_1,224,0.08829325975561687,0.9369489550590515
Bearing3_1,225,0.08868742609381158,0.9194929003715515
Bearing3_1,226,0.0890815924320063,0.9318500757217407
Bearing3_1,227,0.08947575877020103,0.9181013107299805
Bearing3_1,228,0.08986992510839574,0.9195594787597656
Bearing3_1,229,0.09026409144659046,0.941070556640625
Bearing3_1,230,0.09065825778478517,0.9794732928276062
Bearing3_1,231,0.0910524241229799,0.9747483134269714
Bearing3_1,232,0.09144659046117462,0.957781195640564
Bearing3_1,233,0.09184075679936933,0.9609853625297546
Bearing3_1,234,0.09223492313756405,0.9991468191146851
Bearing3_1,235,0.09262908947575876,1.0192461013793945
Bearing3_1,236,0.09302325581395349,0.9985092282295227
Bearing3_1,237,0.09341742215214821,1.0171778202056885
Bearing3_1,238,0.09381158849034292,1.0204713344573975
Bearing3_1,239,0.09420575482853764,0.9871423840522766
Bearing3_1,240,0.09459992116673237,0.9720836877822876
Bearing3_1,241,0.09499408750492708,0.9838083386421204
Bearing3_1,242,0.0953882538431218,1.0029900074005127
Bearing3_1,243,0.09578242018131651,0.9852834939956665
Bearing3_1,244,0.09617658651951123,0.9530404806137085
Bearing3_1,245,0.09657075285770596,0.9849960207939148
Bearing3_1,246,0.09696491919590067,1.0097181797027588
Bearing3_1,247,0.09735908553409539,1.0070022344589233
Bearing3_1,248,0.0977532518722901,0.9669269323348999
Bearing3_1,249,0.09814741821048482,0.9641495943069458
Bearing3_1,250,0.09854158454867955,0.9633952975273132
Bearing3_1,251,0.09893575088687426,0.9548435211181641
Bearing3_1,252,0.09932991722506898,0.9430801272392273
Bearing3_1,253,0.09972408356326369,0.9375982284545898
Bearing3_1,254,0.10011824990145841,0.9610695838928223
Bearing3_1,255,0.10051241623965314,0.9004114866256714
Bearing3_1,256,0.10090658257784785,0.8821045756340027
Bearing3_1,257,0.10130074891604257,0.8788528442382812
Bearing3_1,258,0.1016949152542373,0.9368196725845337
Bearing3_1,259,0.102089081592432,0.9870609045028687
Bearing3_1,260,0.10248324793062673,0.9966983795166016
Bearing3_1,261,0.10287741426882144,1.0138181447982788
Bearing3_1,262,0.10327158060701616,1.0358327627182007
Bearing3_1,263,0.10366574694521088,1.0529199838638306
Bearing3_1,264,0.1040599132834056,1.063473105430603
Bearing3_1,265,0.10445407962160032,1.0941457748413086
Bearing3_1,266,0.10484824595979503,1.1412782669067383
Bearing3_1,267,0.10524241229798975,1.1424782276153564
Bearing3_1,268,0.10563657863618447,1.1367712020874023
Bearing3_1,269,0.10603074497437918,1.1348278522491455
Bearing3_1,270,0.10642491131257391,1.134134292602539
Bearing3_1,271,0.10681907765076862,1.1515499353408813
Bearing3_1,272,0.10721324398896334,1.1299095153808594
Bearing3_1,273,0.10760741032715807,1.122606873512268
Bearing3_1,274,0.10800157666535277,1.115682601928711
Bearing3_1,275,0.1083957430035475,1.1162097454071045
Bearing3_1,276,0.10878990934174222,1.088320016860962
Bearing3_1,277,0.10918407567993693,1.0513330698013306
Bearing3_1,278,0.10957824201813166,1.0368849039077759
Bearing3_1,279,0.10997240835632636,1.027562141418457
Bearing3_1,280,0.11036657469452109,0.9903726577758789
Bearing3_1,281,0.11076074103271581,0.9819896817207336
Bearing3_1,282,0.11115490737091052,1.0057309865951538
Bearing3_1,283,0.11154907370910525,1.0110523700714111
Bearing3_1,284,0.11194324004729996,0.998643696308136
Bearing3_1,285,0.11233740638549468,1.0078176259994507
Bearing3_1,286,0.1127315727236894,1.0086513757705688
Bearing3_1,287,0.11312573906188411,1.0596997737884521
Bearing3_1,288,0.11351990540007884,1.0922750234603882
Bearing3_1,289,0.11391407173827355,1.0683050155639648
Bearing3_1,290,0.11430823807646827,1.1246942281723022
Bearing3_1,291,0.11470240441466299,1.1144192218780518
Bearing3_1,292,0.1150965707528577,1.1135804653167725
Bearing3_1,293,0.11549073709105243,1.1634306907653809
Bearing3_1,294,0.11588490342924715,1.1895440816879272
Bearing3_1,295,0.11627906976744186,1.1662906408309937
Bearing3_1,296,0.11667323610563658,1.176539659500122
Bearing3_1,297,0.11706740244383129,1.1846755743026733
Bearing3_1,298,0.11746156878202602,1.1677595376968384
Bearing3_1,299,0.11785573512022074,1.1862598657608032
Bearing3_1,300,0.11824990145841545,1.183123230934143
Bearing3_1,301,0.11864406779661017,1.1679528951644897
Bearing3_1,302,0.11903823413480488,1.160430908203125
Bearing3_1,303,0.1194324004729996,1.1307426691055298
Bearing3_1,304,0.11982656681119433,1.1111280918121338
Bearing3_1,305,0.12022073314938904,1.151167869567871
Bearing3_1,306,0.12061489948758376,1.1292766332626343
Bearing3_1,307,0.12100906582577847,1.098808765411377
Bearing3_1,308,0.1214032321639732,1.0636874437332153
Bearing3_1,309,0.12179739850216792,1.0714972019195557
Bearing3_1,310,0.12219156484036263,1.0445970296859741
Bearing3_1,311,0.12258573117855735,1.087060570716858
Bearing3_1,312,0.12297989751675206,1.0851080417633057
Bearing3_1,313,0.12337406385494679,1.0660400390625
Bearing3_1,314,0.12376823019314151,1.0709006786346436
Bearing3_1,315,0.12416239653133622,1.0553617477416992
Bearing3_1,316,0.12455656286953094,1.0691816806793213
Bearing3_1,317,0.12495072920772567,1.0917909145355225
Bearing3_1,318,0.12534489554592038,1.09708571434021
Bearing3_1,319,0.1257390618841151,1.0968875885009766
Bearing3_1,320,0.12613322822230982,1.1197729110717773
Bearing3_1,321,0.12652739456050452,1.0531553030014038
Bearing3_1,322,0.12692156089869924,1.0399318933486938
Bearing3_1,323,0.12731572723689397,1.0281789302825928
Bearing3_1,324,0.1277098935750887,1.038648009300232
Bearing3_1,325,0.1281040599132834,1.0386871099472046
Bearing3_1,326,0.12849822625147814,1.0342724323272705
Bearing3_1,327,0.12889239258967283,1.026824712753296
Bearing3_1,328,0.12928655892786756,1.0500242710113525
Bearing3_1,329,0.12968072526606228,1.0311620235443115
Bearing3_1,330,0.130074891604257,0.9861530065536499
Bearing3_1,331,0.13046905794245173,1.012833833694458
Bearing3_1,332,0.13086322428064642,1.0173752307891846
Bearing3_1,333,0.13125739061884115,1.0382827520370483
Bearing3_1,334,0.13165155695703587,1.0385706424713135
Bearing3_1,335,0.1320457232952306,1.0136419534683228
Bearing3_1,336,0.13243988963342532,0.9857587814331055
Bearing3_1,337,0.13283405597162,0.9619302749633789
Bearing3_1,338,0.13322822230981474,0.9544264078140259
Bearing3_1,339,0.13362238864800946,0.9823640584945679
Bearing3_1,340,0.13401655498620418,1.0263773202896118
Bearing3_1,341,0.1344107213243989,1.0591129064559937
Bearing3_1,342,0.1348048876625936,1.0631080865859985
Bearing3_1,343,0.13519905400078833,1.0759904384613037
Bearing3_1,344,0.13559322033898305,1.0714164972305298
Bearing3_1,345,0.13598738667717777,1.084183931350708
Bearing3_1,346,0.1363815530153725,1.1108052730560303
Bearing3_1,347,0.1367757193535672,1.1491377353668213
Bearing3_1,348,0.13716988569176192,1.1558494567871094
Bearing3_1,349,0.13756405202995664,1.1451904773712158
Bearing3_1,350,0.13795821836815136,1.147607445716858
Bearing3_1,351,0.1383523847063461,1.1458914279937744
Bearing3_1,352,0.13874655104454078,1.1556384563446045
Bearing3_1,353,0.1391407173827355,1.1526609659194946
Bearing3_1,354,0.13953488372093023,1.1410967111587524
Bearing3_1,355,0.13992905005912495,1.1510579586029053
Bearing3_1,356,0.14032321639731968,1.1476370096206665
Bearing3_1,357,0.14071738273551437,1.1230493783950806
Bearing3_1,358,0.1411115490737091,1.1232960224151611
Bearing3_1,359,0.14150571541190382,1.1131536960601807
Bearing3_1,360,0.14189988175009854,1.1091415882110596
Bearing3_1,361,0.14229404808829327,1.113756537437439
Bearing3_1,362,0.142688214426488,1.1286790370941162
Bearing3_1,363,0.1430823807646827,1.1176280975341797
Bearing3_1,364,0.1434765471028774,1.1729291677474976
Bearing3_1,365,0.14387071344107213,1.1740747690200806
Bearing3_1,366,0.14426487977926686,1.1580841541290283
Bearing3_1,367,0.14465904611746158,1.1872224807739258
Bearing3_1,368,0.14505321245565628,1.195272445678711
Bearing3_1,369,0.145447378793851,1.199704885482788
Bearing3_1,370,0.14584154513204572,1.2133291959762573
Bearing3_1,371,0.14623571147024045,1.216546654701233
Bearing3_1,372,0.14662987780843517,1.1553056240081787
Bearing3_1,373,0.14702404414662987,1.1258544921875
Bearing3_1,374,0.1474182104848246,1.0709869861602783
Bearing3_1,375,0.14781237682301931,1.079129934310913
Bearing3_1,376,0.14820654316121404,1.0669618844985962
Bearing3_1,377,0.14860070949940876,1.0401315689086914
Bearing3_1,378,0.14899487583760346,1.0377614498138428
Bearing3_1,379,0.14938904217579818,1.0482170581817627
Bearing3_1,380,0.1497832085139929,1.0217187404632568
Bearing3_1,381,0.15017737485218763,0.9974161386489868
Bearing3_1,382,0.15057154119038235,1.0476045608520508
Bearing3_1,383,0.15096570752857705,1.0680770874023438
Bearing3_1,384,0.15135987386677177,1.0777180194854736
Bearing3_1,385,0.1517540402049665,1.0542590618133545
Bearing3_1,386,0.15214820654316122,1.0555400848388672
Bearing3_1,387,0.15254237288135594,1.0788437128067017
Bearing3_1,388,0.15293653921955064,1.0972959995269775
Bearing3_1,389,0.15333070555774536,1.1206144094467163
Bearing3_1,390,0.15372487189594009,1.1176687479019165
Bearing3_1,391,0.1541190382341348,1.1366790533065796
Bearing3_1,392,0.15451320457232953,1.128519058227539
Bearing3_1,393,0.15490737091052423,1.1314523220062256
Bearing3_1,394,0.15530153724871895,1.1453394889831543
Bearing3_1,395,0.15569570358691368,1.1811668872833252
Bearing3_1,396,0.1560898699251084,1.2052439451217651
Bearing3_1,397,0.15648403626330312,1.1963409185409546
Bearing3_1,398,0.15687820260149785,1.1795276403427124
Bearing3_1,399,0.15727236893969254,1.1983131170272827
Bearing3_1,400,0.15766653527788727,1.1735255718231201
Bearing3_1,401,0.158060701616082,1.167482614517212
Bearing3_1,402,0.1584548679542767,1.1859315633773804
Bearing3_1,403,0.15884903429247144,1.2165501117706299
Bearing3_1,404,0.15924320063066613,1.221575140953064
Bearing3_1,405,0.15963736696886086,1.2216596603393555
Bearing3_1,406,0.16003153330705558,1.2478210926055908
Bearing3_1,407,0.1604256996452503,1.2467246055603027
Bearing3_1,408,0.16081986598344503,1.261275053024292
Bearing3_1,409,0.16121403232163972,1.2058106660842896
Bearing3_1,410,0.16160819865983445,1.224985122680664
Bearing3_1,411,0.16200236499802917,1.218085527420044
Bearing3_1,412,0.1623965313362239,1.1966972351074219
Bearing3_1,413,0.16279069767441862,1.2093760967254639
Bearing3_1,414,0.1631848640126133,1.1917273998260498
Bearing3_1,415,0.16357903035080804,1.1479558944702148
Bearing3_1,416,0.16397319668900276,1.1280982494354248
Bearing3_1,417,0.16436736302719748,1.1665666103363037
Bearing3_1,418,0.1647615293653922,1.1544573307037354
Bearing3_1,419,0.1651556957035869,1.171743392944336
Bearing3_1,420,0.16554986204178163,1.1941972970962524
Bearing3_1,421,0.16594402837997635,1.2052040100097656
Bearing3_1,422,0.16633819471817107,1.2198377847671509
Bearing3_1,423,0.1667323610563658,1.203444480895996
Bearing3_1,424,0.1671265273945605,1.2312544584274292
Bearing3_1,425,0.16752069373275522,1.2191219329833984
Bearing3_1,426,0.16791486007094994,1.2145187854766846
Bearing3_1,427,0.16830902640914466,1.1903083324432373
Bearing3_1,428,0.1687031927473394,1.1906598806381226
Bearing3_1,429,0.16909735908553408,1.2003600597381592
Bearing3_1,430,0.1694915254237288,1.206875205039978
Bearing3_1,431,0.16988569176192353,1.2120739221572876
Bearing3_1,432,0.17027985810011825,1.2121288776397705
Bearing3_1,433,0.17067402443831298,1.2021992206573486
Bearing3_1,434,0.17106819077650767,1.1668624877929688
Bearing3_1,435,0.1714623571147024,1.2162739038467407
Bearing3_1,436,0.17185652345289712,1.2291761636734009
Bearing3_1,437,0.17225068979109184,1.1996371746063232
Bearing3_1,438,0.17264485612928657,1.2222716808319092
Bearing3_1,439,0.1730390224674813,1.2289106845855713
Bearing3_1,440,0.173433188805676,1.2672563791275024
Bearing3_1,441,0.1738273551438707,1.2734102010726929
Bearing3_1,442,0.17422152148206543,1.3101158142089844
Bearing3_1,443,0.17461568782026016,1.3192815780639648
Bearing3_1,444,0.17500985415845488,1.358494758605957
Bearing3_1,445,0.17540402049664958,1.3862844705581665
Bearing3_1,446,0.1757981868348443,1.4252731800079346
Bearing3_1,447,0.17619235317303902,1.468065857887268
Bearing3_1,448,0.17658651951123375,1.4791465997695923
Bearing3_1,449,0.17698068584942847,1.489029884338379
Bearing3_1,450,0.17737485218762317,1.4707558155059814
Bearing3_1,451,0.1777690185258179,1.4891000986099243
Bearing3_1,452,0.1781631848640126,1.4675836563110352
Bearing3_1,453,0.17855735120220734,1.4759435653686523
Bearing3_1,454,0.17895151754040206,1.5021631717681885
Bearing3_1,455,0.17934568387859676,1.486028790473938
Bearing3_1,456,0.17973985021679148,1.4351698160171509
Bearing3_1,457,0.1801340165549862,1.4206222295761108
Bearing3_1,458,0.18052818289318093,1.397991418838501
Bearing3_1,459,0.18092234923137565,1.3734673261642456
Bearing3_1,460,0.18131651556957035,1.3793179988861084
Bearing3_1,461,0.18171068190776507,1.3415361642837524
Bearing3_1,462,0.1821048482459598,1.3239820003509521
Bearing3_1,463,0.18249901458415452,1.3204034566879272
Bearing3_1,464,0.18289318092234924,1.2998692989349365
Bearing3_1,465,0.18328734726054394,1.3014023303985596
Bearing3_1,466,0.18368151359873866,1.3293893337249756
Bearing3_1,467,0.18407567993693338,1.3368120193481445
Bearing3_1,468,0.1844698462751281,1.3143413066864014
Bearing3_1,469,0.18486401261332283,1.3429880142211914
Bearing3_1,470,0.18525817895151753,1.330246925354004
Bearing3_1,471,0.18565234528971225,1.3330180644989014
Bearing3_1,472,0.18604651162790697,1.3589353561401367
Bearing3_1,473,0.1864406779661017,1.357619285583496
Bearing3_1,474,0.18683484430429642,1.356214165687561
Bearing3_1,475,0.18722901064249114,1.3385508060455322
Bearing3_1,476,0.18762317698068584,1.297644019126892
Bearing3_1,477,0.18801734331888056,1.3267799615859985
Bearing3_1,478,0.1884115096570753,1.3293325901031494
Bearing3_1,479,0.18880567599527,1.2964017391204834
Bearing3_1,480,0.18919984233346474,1.2955801486968994
Bearing3_1,481,0.18959400867165943,1.305457353591919
Bearing3_1,482,0.18998817500985415,1.2748069763183594
Bearing3_1,483,0.19038234134804888,1.277043104171753
Bearing3_1,484,0.1907765076862436,1.2654691934585571
Bearing3_1,485,0.19117067402443833,1.251426100730896
Bearing3_1,486,0.19156484036263302,1.292660117149353
Bearing3_1,487,0.19195900670082774,1.2712351083755493
Bearing3_1,488,0.19235317303902247,1.3090527057647705
Bearing3_1,489,0.1927473393772172,1.2949053049087524
Bearing3_1,490,0.19314150571541192,1.2749944925308228
Bearing3_1,491,0.1935356720536066,1.2813599109649658
Bearing3_1,492,0.19392983839180133,1.272775650024414
Bearing3_1,493,0.19432400472999606,1.2651927471160889
Bearing3_1,494,0.19471817106819078,1.2763159275054932
Bearing3_1,495,0.1951123374063855,1.2882156372070312
Bearing3_1,496,0.1955065037445802,1.2908979654312134
Bearing3_1,497,0.19590067008277492,1.2907485961914062
Bearing3_1,498,0.19629483642096965,1.2593181133270264
Bearing3_1,499,0.19668900275916437,1.3080416917800903
Bearing3_1,500,0.1970831690973591,1.2965139150619507
Bearing3_1,501,0.1974773354355538,1.28623366355896
Bearing3_1,502,0.19787150177374851,1.3058494329452515
Bearing3_1,503,0.19826566811194324,1.2877006530761719
Bearing3_1,504,0.19865983445013796,1.2508642673492432
Bearing3_1,505,0.19905400078833269,1.256806492805481
Bearing3_1,506,0.19944816712652738,1.2517465353012085
Bearing3_1,507,0.1998423334647221,1.2144485712051392
Bearing3_1,508,0.20023649980291683,1.207021713256836
Bearing3_1,509,0.20063066614111155,1.1750787496566772
Bearing3_1,510,0.20102483247930628,1.1919500827789307
Bearing3_1,511,0.20141899881750097,1.1867908239364624
Bearing3_1,512,0.2018131651556957,1.2024459838867188
Bearing3_1,513,0.20220733149389042,1.2312122583389282
Bearing3_1,514,0.20260149783208514,1.2545980215072632
Bearing3_1,515,0.20299566417027987,1.2426033020019531
Bearing3_1,516,0.2033898305084746,1.2293946743011475
Bearing3_1,517,0.20378399684666929,1.248297095298767
Bearing3_1,518,0.204178163184864,1.2812175750732422
Bearing3_1,519,0.20457232952305873,1.303415060043335
Bearing3_1,520,0.20496649586125346,1.3136407136917114
Bearing3_1,521,0.20536066219944818,1.3279666900634766
Bearing3_1,522,0.20575482853764288,1.3343085050582886
Bearing3_1,523,0.2061489948758376,1.300031065940857
Bearing3_1,524,0.20654316121403232,1.2899034023284912
Bearing3_1,525,0.20693732755222705,1.3146129846572876
Bearing3_1,526,0.20733149389042177,1.3023418188095093
Bearing3_1,527,0.20772566022861647,1.2920916080474854
Bearing3_1,528,0.2081198265668112,1.2640221118927002
Bearing3_1,529,0.2085139929050059,1.2656996250152588
Bearing3_1,530,0.20890815924320064,1.2331717014312744
Bearing3_1,531,0.20930232558139536,1.2075096368789673
Bearing3_1,532,0.20969649191959006,1.2150952816009521
Bearing3_1,533,0.21009065825778478,1.2185522317886353
Bearing3_1,534,0.2104848245959795,1.2181432247161865
Bearing3_1,535,0.21087899093417423,1.179377794265747
Bearing3_1,536,0.21127315727236895,1.2059614658355713
Bearing3_1,537,0.21166732361056365,1.2373212575912476
Bearing3_1,538,0.21206148994875837,1.2543480396270752
Bearing3_1,539,0.2124556562869531,1.23943293094635
Bearing3_1,540,0.21284982262514782,1.2603557109832764
Bearing3_1,541,0.21324398896334254,1.2922637462615967
Bearing3_1,542,0.21363815530153724,1.2890475988388062
Bearing3_1,543,0.21403232163973196,1.3043525218963623
Bearing3_1,544,0.21442648797792668,1.2814955711364746
Bearing3_1,545,0.2148206543161214,1.312591791152954
Bearing3_1,546,0.21521482065431613,1.3045692443847656
Bearing3_1,547,0.21560898699251083,1.2852742671966553
Bearing3_1,548,0.21600315333070555,1.2651236057281494
Bearing3_1,549,0.21639731966890027,1.2486847639083862
Bearing3_1,550,0.216791486007095,1.2611987590789795
Bearing3_1,551,0.21718565234528972,1.2270677089691162
Bearing3_1,552,0.21757981868348444,1.1986900568008423
Bearing3_1,553,0.21797398502167914,1.2293360233306885
Bearing3_1,554,0.21836815135987386,1.2632404565811157
Bearing3_1,555,0.2187623176980686,1.275758981704712
Bearing3_1,556,0.2191564840362633,1.2808653116226196
Bearing3_1,557,0.21955065037445803,1.2761447429656982
Bearing3_1,558,0.21994481671265273,1.3055111169815063
Bearing3_1,559,0.22033898305084745,1.3163732290267944
Bearing3_1,560,0.22073314938904218,1.3017390966415405
Bearing3_1,561,0.2211273157272369,1.353702187538147
Bearing3_1,562,0.22152148206543162,1.3722200393676758
Bearing3_1,563,0.22191564840362632,1.3540594577789307
Bearing3_1,564,0.22230981474182104,1.3510075807571411
Bearing3_1,565,0.22270398108001577,1.335985541343689
Bearing3_1,566,0.2230981474182105,1.34585440158844
Bearing3_1,567,0.22349231375640521,1.3691498041152954
Bearing3_1,568,0.2238864800945999,1.340728998184204
Bearing3_1,569,0.22428064643279463,1.3249938488006592
Bearing3_1,570,0.22467481277098936,1.3520023822784424
Bearing3_1,571,0.22506897910918408,1.304557204246521
Bearing3_1,572,0.2254631454473788,1.3029366731643677
Bearing3_1,573,0.2258573117855735,1.305812120437622
Bearing3_1,574,0.22625147812376822,1.3347011804580688
Bearing3_1,575,0.22664564446196295,1.3344841003417969
Bearing3_1,576,0.22703981080015767,1.3030611276626587
Bearing3_1,577,0.2274339771383524,1.3023550510406494
Bearing3_1,578,0.2278281434765471,1.295509696006775
Bearing3_1,579,0.22822230981474181,1.3099510669708252
Bearing3_1,580,0.22861647615293654,1.2654227018356323
Bearing3_1,581,0.22901064249113126,1.31277596950531
Bearing3_1,582,0.22940480882932598,1.3076117038726807
Bearing3_1,583,0.22979897516752068,1.2896579504013062
Bearing3_1,584,0.2301931415057154,1.2595415115356445
Bearing3_1,585,0.23058730784391013,1.239449143409729
Bearing3_1,586,0.23098147418210485,1.2554609775543213
Bearing3_1,587,0.23137564052029957,1.2643156051635742
Bearing3_1,588,0.2317698068584943,1.2990003824234009
Bearing3_1,589,0.232163973196689,1.3142635822296143
Bearing3_1,590,0.23255813953488372,1.341054916381836
Bearing3_1,591,0.23295230587307844,1.3270584344863892
Bearing3_1,592,0.23334647221127316,1.3131481409072876
Bearing3_1,593,0.2337406385494679,1.3353010416030884
Bearing3_1,594,0.23413480488766258,1.3418782949447632
Bearing3_1,595,0.2345289712258573,1.3395599126815796
Bearing3_1,596,0.23492313756405203,1.3544952869415283
Bearing3_1,597,0.23531730390224675,1.3169126510620117
Bearing3_1,598,0.23571147024044148,1.3118631839752197
Bearing3_1,599,0.23610563657863617,1.3223237991333008
Bearing3_1,600,0.2364998029168309,1.34015691280365
Bearing3_1,601,0.23689396925502562,1.3176759481430054
Bearing3_1,602,0.23728813559322035,1.3375569581985474
Bearing3_1,603,0.23768230193141507,1.3213779926300049
Bearing3_1,604,0.23807646826960976,1.3126535415649414
Bearing3_1,605,0.2384706346078045,1.3275060653686523
Bearing3_1,606,0.2388648009459992,1.3149244785308838
Bearing3_1,607,0.23925896728419394,1.32918381690979
Bearing3_1,608,0.23965313362238866,1.339778184890747
Bearing3_1,609,0.24004729996058335,1.3389745950698853
Bearing3_1,610,0.24044146629877808,1.3296949863433838
Bearing3_1,611,0.2408356326369728,1.343835473060608
Bearing3_1,612,0.24122979897516753,1.3027760982513428
Bearing3_1,613,0.24162396531336225,1.3197330236434937
Bearing3_1,614,0.24201813165155694,1.3216686248779297
Bearing3_1,615,0.24241229798975167,1.3093875646591187
Bearing3_1,616,0.2428064643279464,1.3108198642730713
Bearing3_1,617,0.24320063066614112,1.2912651300430298
Bearing3_1,618,0.24359479700433584,1.274749994277954
Bearing3_1,619,0.24398896334253053,1.2676794528961182
Bearing3_1,620,0.24438312968072526,1.2574303150177002
Bearing3_1,621,0.24477729601891998,1.2516553401947021
Bearing3_1,622,0.2451714623571147,1.2882410287857056
Bearing3_1,623,0.24556562869530943,1.275546669960022
Bearing3_1,624,0.24595979503350412,1.274000883102417
Bearing3_1,625,0.24635396137169885,1.3159923553466797
Bearing3_1,626,0.24674812770989357,1.3199520111083984
Bearing3_1,627,0.2471422940480883,1.3406202793121338
Bearing3_1,628,0.24753646038628302,1.3584403991699219
Bearing3_1,629,0.24793062672447774,1.3539981842041016
Bearing3_1,630,0.24832479306267244,1.3703508377075195
Bearing3_1,631,0.24871895940086716,1.393258810043335
Bearing3_1,632,0.24911312573906189,1.392369031906128
Bearing3_1,633,0.2495072920772566,1.3951387405395508
Bearing3_1,634,0.24990145841545133,1.414531946182251
Bearing3_1,635,0.25029562475364603,1.3930418491363525
Bearing3_1,636,0.25068979109184075,1.3864530324935913
Bearing3_1,637,0.2510839574300355,1.4035412073135376
Bearing3_1,638,0.2514781237682302,1.4045912027359009
Bearing3_1,639,0.2518722901064249,1.3895652294158936
Bearing3_1,640,0.25226645644461965,1.3851072788238525
Bearing3_1,641,0.25266062278281437,1.3475210666656494
Bearing3_1,642,0.25305478912100904,1.349287748336792
Bearing3_1,643,0.25344895545920376,1.3469527959823608
Bearing3_1,644,0.2538431217973985,1.3373644351959229
Bearing3_1,645,0.2542372881355932,1.3324863910675049
Bearing3_1,646,0.25463145447378793,1.3438228368759155
Bearing3_1,647,0.25502562081198266,1.3114745616912842
Bearing3_1,648,0.2554197871501774,1.2747242450714111
Bearing3_1,649,0.2558139534883721,1.3007179498672485
Bearing3_1,650,0.2562081198265668,1.2919765710830688
Bearing3_1,651,0.25660228616476155,1.3082672357559204
Bearing3_1,652,0.2569964525029563,1.3221479654312134
Bearing3_1,653,0.25739061884115094,1.3203023672103882
Bearing3_1,654,0.25778478517934567,1.3199609518051147
Bearing3_1,655,0.2581789515175404,1.2947826385498047
Bearing3_1,656,0.2585731178557351,1.2969096899032593
Bearing3_1,657,0.25896728419392984,1.3108139038085938
Bearing3_1,658,0.25936145053212456,1.2941811084747314
Bearing3_1,659,0.2597556168703193,1.2784759998321533
Bearing3_1,660,0.260149783208514,1.2926006317138672
Bearing3_1,661,0.26054394954670873,1.311218500137329
Bearing3_1,662,0.26093811588490345,1.2967760562896729
Bearing3_1,663,0.2613322822230981,1.3205842971801758
Bearing3_1,664,0.26172644856129285,1.3367860317230225
Bearing3_1,665,0.26212061489948757,1.3546298742294312
Bearing3_1,666,0.2625147812376823,1.363958716392517
Bearing3_1,667,0.262908947575877,1.3641334772109985
Bearing3_1,668,0.26330311391407174,1.418570876121521
Bearing3_1,669,0.26369728025226646,1.4250364303588867
Bearing3_1,670,0.2640914465904612,1.4196834564208984
Bearing3_1,671,0.2644856129286559,1.4027941226959229
Bearing3_1,672,0.26487977926685063,1.3879200220108032
Bearing3_1,673,0.2652739456050453,1.373474359512329
Bearing3_1,674,0.26566811194324,1.3739864826202393
Bearing3_1,675,0.26606227828143475,1.3873525857925415
Bearing3_1,676,0.2664564446196295,1.354426383972168
Bearing3_1,677,0.2668506109578242,1.3651546239852905
Bearing3_1,678,0.2672447772960189,1.3421070575714111
Bearing3_1,679,0.26763894363421364,1.3454078435897827
Bearing3_1,680,0.26803310997240837,1.3330771923065186
Bearing3_1,681,0.2684272763106031,1.3370002508163452
Bearing3_1,682,0.2688214426487978,1.360308051109314
Bearing3_1,683,0.26921560898699254,1.3417856693267822
Bearing3_1,684,0.2696097753251872,1.3299823999404907
Bearing3_1,685,0.27000394166338193,1.3387987613677979
Bearing3_1,686,0.27039810800157665,1.3502442836761475
Bearing3_1,687,0.2707922743397714,1.3644964694976807
Bearing3_1,688,0.2711864406779661,1.3899881839752197
Bearing3_1,689,0.2715806070161608,1.4089324474334717
Bearing3_1,690,0.27197477335435555,1.4108989238739014
Bearing3_1,691,0.27236893969255027,1.4068348407745361
Bearing3_1,692,0.272763106030745,1.397625207901001
Bearing3_1,693,0.2731572723689397,1.4309133291244507
Bearing3_1,694,0.2735514387071344,1.4435011148452759
Bearing3_1,695,0.2739456050453291,1.446746587753296
Bearing3_1,696,0.27433977138352383,1.470401406288147
Bearing3_1,697,0.27473393772171856,1.4603033065795898
Bearing3_1,698,0.2751281040599133,1.4444026947021484
Bearing3_1,699,0.275522270398108,1.4404914379119873
Bearing3_1,700,0.27591643673630273,1.4524974822998047
Bearing3_1,701,0.27631060307449745,1.4925498962402344
Bearing3_1,702,0.2767047694126922,1.5096139907836914
Bearing3_1,703,0.2770989357508869,1.515981912612915
Bearing3_1,704,0.27749310208908157,1.5121984481811523
Bearing3_1,705,0.2778872684272763,1.5243054628372192
Bearing3_1,706,0.278281434765471,1.5412604808807373
Bearing3_1,707,0.27867560110366574,1.5267620086669922
Bearing3_1,708,0.27906976744186046,1.5552829504013062
Bearing3_1,709,0.2794639337800552,1.5589005947113037
Bearing3_1,710,0.2798581001182499,1.5769240856170654
Bearing3_1,711,0.28025226645644463,1.5358288288116455
Bearing3_1,712,0.28064643279463936,1.511330008506775
Bearing3_1,713,0.2810405991328341,1.5291430950164795
Bearing3_1,714,0.28143476547102875,1.5241568088531494
Bearing3_1,715,0.28182893180922347,1.5173441171646118
Bearing3_1,716,0.2822230981474182,1.4623950719833374
Bearing3_1,717,0.2826172644856129,1.4658664464950562
Bearing3_1,718,0.28301143082380764,1.4330635070800781
Bearing3_1,719,0.28340559716200237,1.4326350688934326
Bearing3_1,720,0.2837997635001971,1.4306775331497192
Bearing3_1,721,0.2841939298383918,1.4455032348632812
Bearing3_1,722,0.28458809617658654,1.4564168453216553
Bearing3_1,723,0.28498226251478126,1.4464397430419922
Bearing3_1,724,0.285376428852976,1.442203402519226
Bearing3_1,725,0.28577059519117065,1.400442123413086
Bearing3_1,726,0.2861647615293654,1.4252187013626099
Bearing3_1,727,0.2865589278675601,1.428693413734436
Bearing3_1,728,0.2869530942057548,1.4451086521148682
Bearing3_1,729,0.28734726054394955,1.431499719619751
Bearing3_1,730,0.28774142688214427,1.4169880151748657
Bearing3_1,731,0.288135593220339,1.405395269393921
Bearing3_1,732,0.2885297595585337,1.3787981271743774
Bearing3_1,733,0.28892392589672844,1.3414968252182007
Bearing3_1,734,0.28931809223492316,1.354021668434143
Bearing3_1,735,0.28971225857311783,1.3759050369262695
Bearing3_1,736,0.29010642491131255,1.3688392639160156
Bearing3_1,737,0.2905005912495073,1.3562889099121094
Bearing3_1,738,0.290894757587702,1.369075059890747
Bearing3_1,739,0.2912889239258967,1.4101241827011108
Bearing3_1,740,0.29168309026409145,1.421421766281128
Bearing3_1,741,0.2920772566022862,1.4529314041137695
Bearing3_1,742,0.2924714229404809,1.4964962005615234
Bearing3_1,743,0.2928655892786756,1.5168135166168213
Bearing3_1,744,0.29325975561687034,1.5133121013641357
Bearing3_1,745,0.293653921955065,1.5436041355133057
Bearing3_1,746,0.29404808829325974,1.5662097930908203
Bearing3_1,747,0.29444225463145446,1.6088306903839111
Bearing3_1,748,0.2948364209696492,1.6174522638320923
Bearing3_1,749,0.2952305873078439,1.5908489227294922
Bearing3_1,750,0.29562475364603863,1.6071913242340088
Bearing3_1,751,0.29601891998423335,1.5956169366836548
Bearing3_1,752,0.2964130863224281,1.5959324836730957
Bearing3_1,753,0.2968072526606228,1.604591727256775
Bearing3_1,754,0.2972014189988175,1.5861313343048096
Bearing3_1,755,0.2975955853370122,1.5972023010253906
Bearing3_1,756,0.2979897516752069,1.5923067331314087
Bearing3_1,757,0.29838391801340164,1.5816551446914673
Bearing3_1,758,0.29877808435159636,1.5673701763153076
Bearing3_1,759,0.2991722506897911,1.5657460689544678
Bearing3_1,760,0.2995664170279858,1.532571792602539
Bearing3_1,761,0.29996058336618053,1.5302823781967163
Bearing3_1,762,0.30035474970437526,1.5351585149765015
Bearing3_1,763,0.30074891604257,1.5309271812438965
Bearing3_1,764,0.3011430823807647,1.5560691356658936
Bearing3_1,765,0.3015372487189594,1.5510070323944092
Bearing3_1,766,0.3019314150571541,1.5455958843231201
Bearing3_1,767,0.3023255813953488,1.5240271091461182
Bearing3_1,768,0.30271974773354354,1.518470048904419
Bearing3_1,769,0.30311391407173827,1.5104681253433228
Bearing3_1,770,0.303508080409933,1.536351203918457
Bearing3_1,771,0.3039022467481277,1.531378984451294
Bearing3_1,772,0.30429641308632244,1.517124891281128
Bearing3_1,773,0.30469057942451716,1.5147842168807983
Bearing3_1,774,0.3050847457627119,1.5203787088394165
Bearing3_1,775,0.3054789121009066,1.514143943786621
Bearing3_1,776,0.3058730784391013,1.5221421718597412
Bearing3_1,777,0.306267244777296,1.5486236810684204
Bearing3_1,778,0.3066614111154907,1.537677526473999
Bearing3_1,779,0.30705557745368545,1.5093367099761963
Bearing3_1,780,0.30744974379188017,1.500353217124939
Bearing3_1,781,0.3078439101300749,1.4900528192520142
Bearing3_1,782,0.3082380764682696,1.5152243375778198
Bearing3_1,783,0.30863224280646434,1.4820778369903564
Bearing3_1,784,0.30902640914465906,1.4578355550765991
Bearing3_1,785,0.3094205754828538,1.429075002670288
Bearing3_1,786,0.30981474182104846,1.4178600311279297
Bearing3_1,787,0.3102089081592432,1.3911945819854736
Bearing3_1,788,0.3106030744974379,1.408669114112854
Bearing3_1,789,0.3109972408356326,1.4573640823364258
Bearing3_1,790,0.31139140717382735,1.4450864791870117
Bearing3_1,791,0.3117855735120221,1.450171709060669
Bearing3_1,792,0.3121797398502168,1.4588276147842407
Bearing3_1,793,0.3125739061884115,1.4919732809066772
Bearing3_1,794,0.31296807252660624,1.4999425411224365
Bearing3_1,795,0.31336223886480097,1.5027881860733032
Bearing3_1,796,0.3137564052029957,1.5110785961151123
Bearing3_1,797,0.31415057154119036,1.530103087425232
Bearing3_1,798,0.3145447378793851,1.5158863067626953
Bearing3_1,799,0.3149389042175798,1.491779088973999
Bearing3_1,800,0.31533307055577453,1.4881350994110107
Bearing3_1,801,0.31572723689396925,1.5037657022476196
Bearing3_1,802,0.316121403232164,1.4448055028915405
Bearing3_1,803,0.3165155695703587,1.4538938999176025
Bearing3_1,804,0.3169097359085534,1.4404321908950806
Bearing3_1,805,0.31730390224674815,1.4500000476837158
Bearing3_1,806,0.31769806858494287,1.4449552297592163
Bearing3_1,807,0.31809223492313754,1.436152696609497
Bearing3_1,808,0.31848640126133226,1.4713695049285889
Bearing3_1,809,0.318880567599527,1.4850698709487915
Bearing3_1,810,0.3192747339377217,1.4959614276885986
Bearing3_1,811,0.31966890027591643,1.493700623512268
Bearing3_1,812,0.32006306661411116,1.553043007850647
Bearing3_1,813,0.3204572329523059,1.5505526065826416
Bearing3_1,814,0.3208513992905006,1.557620644569397
Bearing3_1,815,0.32124556562869533,1.5439302921295166
Bearing3_1,816,0.32163973196689005,1.5660213232040405
Bearing3_1,817,0.3220338983050847,1.5827683210372925
Bearing3_1,818,0.32242806464327944,1.578011155128479
Bearing3_1,819,0.32282223098147417,1.5808742046356201
Bearing3_1,820,0.3232163973196689,1.5951347351074219
Bearing3_1,821,0.3236105636578636,1.5988128185272217
Bearing3_1,822,0.32400472999605834,1.6106140613555908
Bearing3_1,823,0.32439889633425306,1.6112842559814453
Bearing3_1,824,0.3247930626724478,1.6296676397323608
Bearing3_1,825,0.3251872290106425,1.6494147777557373
Bearing3_1,826,0.32558139534883723,1.603867769241333
Bearing3_1,827,0.3259755616870319,1.6346893310546875
Bearing3_1,828,0.3263697280252266,1.6260902881622314
Bearing3_1,829,0.32676389436342135,1.6192619800567627
Bearing3_1,830,0.32715806070161607,1.6104978322982788
Bearing3_1,831,0.3275522270398108,1.6000627279281616
Bearing3_1,832,0.3279463933780055,1.5570725202560425
Bearing3_1,833,0.32834055971620024,1.5414249897003174
Bearing3_1,834,0.32873472605439497,1.5382968187332153
Bearing3_1,835,0.3291288923925897,1.534879446029663
Bearing3_1,836,0.3295230587307844,1.552526831626892
Bearing3_1,837,0.32991722506897914,1.520327091217041
Bearing3_1,838,0.3303113914071738,1.5102264881134033
Bearing3_1,839,0.33070555774536853,1.503927230834961
Bearing3_1,840,0.33109972408356325,1.4830518960952759
Bearing3_1,841,0.331493890421758,1.4851195812225342
Bearing3_1,842,0.3318880567599527,1.4955676794052124
Bearing3_1,843,0.3322822230981474,1.5074748992919922
Bearing3_1,844,0.33267638943634215,1.5135911703109741
Bearing3_1,845,0.33307055577453687,1.5274372100830078
Bearing3_1,846,0.3334647221127316,1.552704095840454
Bearing3_1,847,0.3338588884509263,1.5585161447525024
Bearing3_1,848,0.334253054789121,1.5603601932525635
Bearing3_1,849,0.3346472211273157,1.5749040842056274
Bearing3_1,850,0.33504138746551043,1.5945202112197876
Bearing3_1,851,0.33543555380370516,1.6005611419677734
Bearing3_1,852,0.3358297201418999,1.6135327816009521
Bearing3_1,853,0.3362238864800946,1.6159766912460327
Bearing3_1,854,0.3366180528182893,1.6098754405975342
Bearing3_1,855,0.33701221915648405,1.6065475940704346
Bearing3_1,856,0.3374063854946788,1.59622061252594
Bearing3_1,857,0.3378005518328735,1.6050227880477905
Bearing3_1,858,0.33819471817106816,1.6088463068008423
Bearing3_1,859,0.3385888845092629,1.6103274822235107
Bearing3_1,860,0.3389830508474576,1.6145737171173096
Bearing3_1,861,0.33937721718565234,1.6253347396850586
Bearing3_1,862,0.33977138352384706,1.626808524131775
Bearing3_1,863,0.3401655498620418,1.6466619968414307
Bearing3_1,864,0.3405597162002365,1.649782419204712
Bearing3_1,865,0.34095388253843123,1.6519787311553955
Bearing3_1,866,0.34134804887662595,1.6537386178970337
Bearing3_1,867,0.3417422152148207,1.6322828531265259
Bearing3_1,868,0.34213638155301535,1.6177680492401123
Bearing3_1,869,0.34253054789121007,1.6057580709457397
Bearing3_1,870,0.3429247142294048,1.5859581232070923
Bearing3_1,871,0.3433188805675995,1.579451560974121
Bearing3_1,872,0.34371304690579424,1.587437391281128
Bearing3_1,873,0.34410721324398896,1.5777868032455444
Bearing3_1,874,0.3445013795821837,1.6099052429199219
Bearing3_1,875,0.3448955459203784,1.6094272136688232
Bearing3_1,876,0.34528971225857313,1.5814449787139893
Bearing3_1,877,0.34568387859676786,1.5624322891235352
Bearing3_1,878,0.3460780449349626,1.5541369915008545
Bearing3_1,879,0.34647221127315725,1.5612596273422241
Bearing3_1,880,0.346866377611352,1.566565752029419
Bearing3_1,881,0.3472605439495467,1.5580552816390991
Bearing3_1,882,0.3476547102877414,1.5345232486724854
Bearing3_1,883,0.34804887662593614,1.5555024147033691
Bearing3_1,884,0.34844304296413087,1.5203182697296143
Bearing3_1,885,0.3488372093023256,1.5362489223480225
Bearing3_1,886,0.3492313756405203,1.5718082189559937
Bearing3_1,887,0.34962554197871504,1.6136270761489868
Bearing3_1,888,0.35001970831690976,1.610568642616272
Bearing3_1,889,0.35041387465510443,1.6272852420806885
Bearing3_1,890,0.35080804099329915,1.6498111486434937
Bearing3_1,891,0.3512022073314939,1.6254698038101196
Bearing3_1,892,0.3515963736696886,1.6195297241210938
Bearing3_1,893,0.3519905400078833,1.5907071828842163
Bearing3_1,894,0.35238470634607805,1.6019468307495117
Bearing3_1,895,0.35277887268427277,1.5729103088378906
Bearing3_1,896,0.3531730390224675,1.564013123512268
Bearing3_1,897,0.3535672053606622,1.5477874279022217
Bearing3_1,898,0.35396137169885694,1.5875345468521118
Bearing3_1,899,0.3543555380370516,1.580531120300293
Bearing3_1,900,0.35474970437524633,1.576931118965149
Bearing3_1,901,0.35514387071344106,1.6303030252456665
Bearing3_1,902,0.3555380370516358,1.645084023475647
Bearing3_1,903,0.3559322033898305,1.6402826309204102
Bearing3_1,904,0.3563263697280252,1.6364185810089111
Bearing3_1,905,0.35672053606621995,1.6537773609161377
Bearing3_1,906,0.3571147024044147,1.6600713729858398
Bearing3_1,907,0.3575088687426094,1.6752574443817139
Bearing3_1,908,0.3579030350808041,1.6860320568084717
Bearing3_1,909,0.35829720141899885,1.6854835748672485
Bearing3_1,910,0.3586913677571935,1.6599311828613281
Bearing3_1,911,0.35908553409538824,1.6592981815338135
Bearing3_1,912,0.35947970043358296,1.6545690298080444
Bearing3_1,913,0.3598738667717777,1.6666810512542725
Bearing3_1,914,0.3602680331099724,1.6775052547454834
Bearing3_1,915,0.36066219944816713,1.6845840215682983
Bearing3_1,916,0.36105636578636185,1.7189853191375732
Bearing3_1,917,0.3614505321245566,1.7280534505844116
Bearing3_1,918,0.3618446984627513,1.6866706609725952
Bearing3_1,919,0.362238864800946,1.645865797996521
Bearing3_1,920,0.3626330311391407,1.6479804515838623
Bearing3_1,921,0.3630271974773354,1.6359272003173828
Bearing3_1,922,0.36342136381553014,1.6237142086029053
Bearing3_1,923,0.36381553015372486,1.6213514804840088
Bearing3_1,924,0.3642096964919196,1.6085426807403564
Bearing3_1,925,0.3646038628301143,1.6080211400985718
Bearing3_1,926,0.36499802916830903,1.5834441184997559
Bearing3_1,927,0.36539219550650376,1.5711559057235718
Bearing3_1,928,0.3657863618446985,1.583174467086792
Bearing3_1,929,0.3661805281828932,1.612408995628357
Bearing3_1,930,0.3665746945210879,1.647949457168579
Bearing3_1,931,0.3669688608592826,1.6545360088348389
Bearing3_1,932,0.3673630271974773,1.670153021812439
Bearing3_1,933,0.36775719353567204,1.6773700714111328
Bearing3_1,934,0.36815135987386677,1.6825557947158813
Bearing3_1,935,0.3685455262120615,1.6833730936050415
Bearing3_1,936,0.3689396925502562,1.6962846517562866
Bearing3_1,937,0.36933385888845094,1.6951196193695068
Bearing3_1,938,0.36972802522664566,1.6967090368270874
Bearing3_1,939,0.3701221915648404,1.712355375289917
Bearing3_1,940,0.37051635790303505,1.7131026983261108
Bearing3_1,941,0.3709105242412298,1.7141977548599243
Bearing3_1,942,0.3713046905794245,1.704906702041626
Bearing3_1,943,0.3716988569176192,1.6944506168365479
Bearing3_1,944,0.37209302325581395,1.693280816078186
Bearing3_1,945,0.37248718959400867,1.6686303615570068
Bearing3_1,946,0.3728813559322034,1.644793152809143
Bearing3_1,947,0.3732755222703981,1.639657974243164
Bearing3_1,948,0.37366968860859284,1.6278011798858643
Bearing3_1,949,0.37406385494678757,1.6347122192382812
Bearing3_1,950,0.3744580212849823,1.6177279949188232
Bearing3_1,951,0.37485218762317696,1.5974047183990479
Bearing3_1,952,0.3752463539613717,1.6101219654083252
Bearing3_1,953,0.3756405202995664,1.6138489246368408
Bearing3_1,954,0.37603468663776113,1.5870120525360107
Bearing3_1,955,0.37642885297595585,1.595294713973999
Bearing3_1,956,0.3768230193141506,1.6044498682022095
Bearing3_1,957,0.3772171856523453,1.5816272497177124
Bearing3_1,958,0.37761135199054,1.5880718231201172
Bearing3_1,959,0.37800551832873475,1.5670158863067627
Bearing3_1,960,0.37839968466692947,1.5331653356552124
Bearing3_1,961,0.37879385100512414,1.5235084295272827
Bearing3_1,962,0.37918801734331886,1.4940917491912842
Bearing3_1,963,0.3795821836815136,1.4836888313293457
Bearing3_1,964,0.3799763500197083,1.4636892080307007
Bearing3_1,965,0.38037051635790303,1.4819986820220947
Bearing3_1,966,0.38076468269609776,1.461102843284607
Bearing3_1,967,0.3811588490342925,1.477052092552185
Bearing3_1,968,0.3815530153724872,1.4823700189590454
Bearing3_1,969,0.3819471817106819,1.482844591140747
Bearing3_1,970,0.38234134804887665,1.4919469356536865
Bearing3_1,971,0.3827355143870713,1.5061107873916626
Bearing3_1,972,0.38312968072526604,1.5078052282333374
Bearing3_1,973,0.38352384706346077,1.487849235534668
Bearing3_1,974,0.3839180134016555,1.539314866065979
Bearing3_1,975,0.3843121797398502,1.50508713722229
Bearing3_1,976,0.38470634607804494,1.5211222171783447
Bearing3_1,977,0.38510051241623966,1.512245774269104
Bearing3_1,978,0.3854946787544344,1.5146920680999756
Bearing3_1,979,0.3858888450926291,1.5213463306427002
Bearing3_1,980,0.38628301143082383,1.5617139339447021
Bearing3_1,981,0.3866771777690185,1.5588010549545288
Bearing3_1,982,0.3870713441072132,1.5514637231826782
Bearing3_1,983,0.38746551044540795,1.5652408599853516
Bearing3_1,984,0.38785967678360267,1.5325552225112915
Bearing3_1,985,0.3882538431217974,1.530574083328247
Bearing3_1,986,0.3886480094599921,1.49715256690979
Bearing3_1,987,0.38904217579818684,1.4981964826583862
Bearing3_1,988,0.38943634213638156,1.490443229675293
Bearing3_1,989,0.3898305084745763,1.4662116765975952
Bearing3_1,990,0.390224674812771,1.4084800481796265
Bearing3_1,991,0.39061884115096573,1.4003210067749023
Bearing3_1,992,0.3910130074891604,1.389153003692627
Bearing3_1,993,0.3914071738273551,1.3870214223861694
Bearing3_1,994,0.39180134016554985,1.385798692703247
Bearing3_1,995,0.3921955065037446,1.3828763961791992
Bearing3_1,996,0.3925896728419393,1.394429326057434
Bearing3_1,997,0.392983839180134,1.3922468423843384
Bearing3_1,998,0.39337800551832874,1.3676865100860596
Bearing3_1,999,0.39377217185652347,1.37734854221344
Bearing3_1,1000,0.3941663381947182,1.4042277336120605
Bearing3_1,1001,0.3945605045329129,1.3881980180740356
Bearing3_1,1002,0.3949546708711076,1.3897603750228882
Bearing3_1,1003,0.3953488372093023,1.3858604431152344
Bearing3_1,1004,0.39574300354749703,1.383103609085083
Bearing3_1,1005,0.39613716988569175,1.3982678651809692
Bearing3_1,1006,0.3965313362238865,1.396071195602417
Bearing3_1,1007,0.3969255025620812,1.3871068954467773
Bearing3_1,1008,0.3973196689002759,1.421175241470337
Bearing3_1,1009,0.39771383523847065,1.4246351718902588
Bearing3_1,1010,0.39810800157666537,1.4277722835540771
Bearing3_1,1011,0.3985021679148601,1.4195927381515503
Bearing3_1,1012,0.39889633425305476,1.4389492273330688
Bearing3_1,1013,0.3992905005912495,1.45305597782135
Bearing3_1,1014,0.3996846669294442,1.4865614175796509
Bearing3_1,1015,0.40007883326763893,1.4843876361846924
Bearing3_1,1016,0.40047299960583366,1.4841092824935913
Bearing3_1,1017,0.4008671659440284,1.4981778860092163
Bearing3_1,1018,0.4012613322822231,1.4871995449066162
Bearing3_1,1019,0.40165549862041783,1.466027855873108
Bearing3_1,1020,0.40204966495861255,1.4551336765289307
Bearing3_1,1021,0.4024438312968073,1.4830710887908936
Bearing3_1,1022,0.40283799763500194,1.4962117671966553
Bearing3_1,1023,0.40323216397319667,1.5114164352416992
Bearing3_1,1024,0.4036263303113914,1.4872957468032837
Bearing3_1,1025,0.4040204966495861,1.5036509037017822
Bearing3_1,1026,0.40441466298778084,1.4951369762420654
Bearing3_1,1027,0.40480882932597556,1.457786202430725
Bearing3_1,1028,0.4052029956641703,1.4394508600234985
Bearing3_1,1029,0.405597162002365,1.4493496417999268
Bearing3_1,1030,0.40599132834055973,1.4412437677383423
Bearing3_1,1031,0.40638549467875446,1.435593605041504
Bearing3_1,1032,0.4067796610169492,1.4171072244644165
Bearing3_1,1033,0.40717382735514385,1.4117714166641235
Bearing3_1,1034,0.40756799369333857,1.4120384454727173
Bearing3_1,1035,0.4079621600315333,1.3873608112335205
Bearing3_1,1036,0.408356326369728,1.3848148584365845
Bearing3_1,1037,0.40875049270792274,1.4072434902191162
Bearing3_1,1038,0.40914465904611746,1.406984567642212
Bearing3_1,1039,0.4095388253843122,1.3862073421478271
Bearing3_1,1040,0.4099329917225069,1.3952668905258179
Bearing3_1,1041,0.41032715806070164,1.3818145990371704
Bearing3_1,1042,0.41072132439889636,1.3947290182113647
Bearing3_1,1043,0.411115490737091,1.381828784942627
Bearing3_1,1044,0.41150965707528575,1.3760089874267578
Bearing3_1,1045,0.4119038234134805,1.3933649063110352
Bearing3_1,1046,0.4122979897516752,1.4097219705581665
Bearing3_1,1047,0.4126921560898699,1.4008541107177734
Bearing3_1,1048,0.41308632242806465,1.4013574123382568
Bearing3_1,1049,0.41348048876625937,1.4141231775283813
Bearing3_1,1050,0.4138746551044541,1.4087345600128174
Bearing3_1,1051,0.4142688214426488,1.3933522701263428
Bearing3_1,1052,0.41466298778084354,1.3792457580566406
Bearing3_1,1053,0.4150571541190382,1.3629577159881592
Bearing3_1,1054,0.41545132045723293,1.3872530460357666
Bearing3_1,1055,0.41584548679542765,1.3722620010375977
Bearing3_1,1056,0.4162396531336224,1.3555870056152344
Bearing3_1,1057,0.4166338194718171,1.37527334690094
Bearing3_1,1058,0.4170279858100118,1.3940660953521729
Bearing3_1,1059,0.41742215214820655,1.4151607751846313
Bearing3_1,1060,0.4178163184864013,1.425863265991211
Bearing3_1,1061,0.418210484824596,1.4656692743301392
Bearing3_1,1062,0.4186046511627907,1.468113660812378
Bearing3_1,1063,0.41899881750098544,1.47609543800354
Bearing3_1,1064,0.4193929838391801,1.4451534748077393
Bearing3_1,1065,0.41978715017737483,1.4521965980529785
Bearing3_1,1066,0.42018131651556956,1.4706016778945923
Bearing3_1,1067,0.4205754828537643,1.4671939611434937
Bearing3_1,1068,0.420969649191959,1.4512860774993896
Bearing3_1,1069,0.42136381553015373,1.4432010650634766
Bearing3_1,1070,0.42175798186834845,1.469036340713501
Bearing3_1,1071,0.4221521482065432,1.456398606300354
Bearing3_1,1072,0.4225463145447379,1.4566049575805664
Bearing3_1,1073,0.4229404808829326,1.4689531326293945
Bearing3_1,1074,0.4233346472211273,1.4857171773910522
Bearing3_1,1075,0.423728813559322,1.4886518716812134
Bearing3_1,1076,0.42412297989751674,1.498122215270996
Bearing3_1,1077,0.42451714623571146,1.499816656112671
Bearing3_1,1078,0.4249113125739062,1.5173262357711792
Bearing3_1,1079,0.4253054789121009,1.5389803647994995
Bearing3_1,1080,0.42569964525029563,1.5261141061782837
Bearing3_1,1081,0.42609381158849036,1.547080397605896
Bearing3_1,1082,0.4264879779266851,1.5514408349990845
Bearing3_1,1083,0.4268821442648798,1.5724166631698608
Bearing3_1,1084,0.42727631060307447,1.5981591939926147
Bearing3_1,1085,0.4276704769412692,1.6098072528839111
Bearing3_1,1086,0.4280646432794639,1.6432363986968994
Bearing3_1,1087,0.42845880961765864,1.6627905368804932
Bearing3_1,1088,0.42885297595585337,1.6783649921417236
Bearing3_1,1089,0.4292471422940481,1.6940540075302124
Bearing3_1,1090,0.4296413086322428,1.6987340450286865
Bearing3_1,1091,0.43003547497043754,1.7104346752166748
Bearing3_1,1092,0.43042964130863226,1.7346891164779663
Bearing3_1,1093,0.430823807646827,1.740598440170288
Bearing3_1,1094,0.43121797398502165,1.7247247695922852
Bearing3_1,1095,0.4316121403232164,1.7465553283691406
Bearing3_1,1096,0.4320063066614111,1.7325912714004517
Bearing3_1,1097,0.4324004729996058,1.7332931756973267
Bearing3_1,1098,0.43279463933780055,1.727961778640747
Bearing3_1,1099,0.43318880567599527,1.6896724700927734
Bearing3_1,1100,0.43358297201419,1.6788389682769775
Bearing3_1,1101,0.4339771383523847,1.6705071926116943
Bearing3_1,1102,0.43437130469057944,1.6713840961456299
Bearing3_1,1103,0.43476547102877416,1.6354799270629883
Bearing3_1,1104,0.4351596373669689,1.6399434804916382
Bearing3_1,1105,0.43555380370516356,1.5904935598373413
Bearing3_1,1106,0.4359479700433583,1.5636049509048462
Bearing3_1,1107,0.436342136381553,1.5713670253753662
Bearing3_1,1108,0.4367363027197477,1.5639642477035522
Bearing3_1,1109,0.43713046905794245,1.566135048866272
Bearing3_1,1110,0.4375246353961372,1.5804462432861328
Bearing3_1,1111,0.4379188017343319,1.5819178819656372
Bearing3_1,1112,0.4383129680725266,1.5792319774627686
Bearing3_1,1113,0.43870713441072134,1.5996644496917725
Bearing3_1,1114,0.43910130074891607,1.6078602075576782
Bearing3_1,1115,0.43949546708711074,1.6266428232192993
Bearing3_1,1116,0.43988963342530546,1.6157481670379639
Bearing3_1,1117,0.4402837997635002,1.6045475006103516
Bearing3_1,1118,0.4406779661016949,1.6149320602416992
Bearing3_1,1119,0.44107213243988963,1.614984154701233
Bearing3_1,1120,0.44146629877808435,1.6174886226654053
Bearing3_1,1121,0.4418604651162791,1.6203283071517944
Bearing3_1,1122,0.4422546314544738,1.6407177448272705
Bearing3_1,1123,0.4426487977926685,1.655285120010376
Bearing3_1,1124,0.44304296413086325,1.6618587970733643
Bearing3_1,1125,0.4434371304690579,1.6723737716674805
Bearing3_1,1126,0.44383129680725264,1.7063814401626587
Bearing3_1,1127,0.44422546314544736,1.7008947134017944
Bearing3_1,1128,0.4446196294836421,1.7132381200790405
Bearing3_1,1129,0.4450137958218368,1.739232063293457
Bearing3_1,1130,0.44540796216003153,1.7562923431396484
Bearing3_1,1131,0.44580212849822626,1.7455590963363647
Bearing3_1,1132,0.446196294836421,1.7356719970703125
Bearing3_1,1133,0.4465904611746157,1.7292053699493408
Bearing3_1,1134,0.44698462751281043,1.730334997177124
Bearing3_1,1135,0.4473787938510051,1.709049940109253
Bearing3_1,1136,0.4477729601891998,1.680528998374939
Bearing3_1,1137,0.44816712652739454,1.677130103111267
Bearing3_1,1138,0.44856129286558927,1.6860122680664062
Bearing3_1,1139,0.448955459203784,1.671710729598999
Bearing3_1,1140,0.4493496255419787,1.6351525783538818
Bearing3_1,1141,0.44974379188017344,1.628631830215454
Bearing3_1,1142,0.45013795821836816,1.6173579692840576
Bearing3_1,1143,0.4505321245565629,1.585484266281128
Bearing3_1,1144,0.4509262908947576,1.5516741275787354
Bearing3_1,1145,0.45132045723295233,1.5731366872787476
Bearing3_1,1146,0.451714623571147,1.584341049194336
Bearing3_1,1147,0.4521087899093417,1.5806450843811035
Bearing3_1,1148,0.45250295624753645,1.547307014465332
Bearing3_1,1149,0.45289712258573117,1.5488617420196533
Bearing3_1,1150,0.4532912889239259,1.5395543575286865
Bearing3_1,1151,0.4536854552621206,1.5362577438354492
Bearing3_1,1152,0.45407962160031534,1.5155092477798462
Bearing3_1,1153,0.45447378793851007,1.530443787574768
Bearing3_1,1154,0.4548679542767048,1.5348365306854248
Bearing3_1,1155,0.4552621206148995,1.5464842319488525
Bearing3_1,1156,0.4556562869530942,1.5465511083602905
Bearing3_1,1157,0.4560504532912889,1.559701919555664
Bearing3_1,1158,0.45644461962948363,1.58315110206604
Bearing3_1,1159,0.45683878596767835,1.5702364444732666
Bearing3_1,1160,0.4572329523058731,1.5849342346191406
Bearing3_1,1161,0.4576271186440678,1.5867507457733154
Bearing3_1,1162,0.4580212849822625,1.6040904521942139
Bearing3_1,1163,0.45841545132045725,1.5939359664916992
Bearing3_1,1164,0.45880961765865197,1.6032230854034424
Bearing3_1,1165,0.4592037839968467,1.5991554260253906
Bearing3_1,1166,0.45959795033504136,1.5920133590698242
Bearing3_1,1167,0.4599921166732361,1.5975267887115479
Bearing3_1,1168,0.4603862830114308,1.5984026193618774
Bearing3_1,1169,0.46078044934962553,1.6203832626342773
Bearing3_1,1170,0.46117461568782026,1.644329309463501
Bearing3_1,1171,0.461568782026015,1.6551662683486938
Bearing3_1,1172,0.4619629483642097,1.6557060480117798
Bearing3_1,1173,0.4623571147024044,1.6532007455825806
Bearing3_1,1174,0.46275128104059915,1.6620817184448242
Bearing3_1,1175,0.4631454473787939,1.6473100185394287
Bearing3_1,1176,0.4635396137169886,1.676954984664917
Bearing3_1,1177,0.46393378005518326,1.6722681522369385
Bearing3_1,1178,0.464327946393378,1.6530883312225342
Bearing3_1,1179,0.4647221127315727,1.652411699295044
Bearing3_1,1180,0.46511627906976744,1.623191475868225
Bearing3_1,1181,0.46551044540796216,1.6287686824798584
Bearing3_1,1182,0.4659046117461569,1.642335295677185
Bearing3_1,1183,0.4662987780843516,1.6506967544555664
Bearing3_1,1184,0.46669294442254633,1.6059865951538086
Bearing3_1,1185,0.46708711076074105,1.6119678020477295
Bearing3_1,1186,0.4674812770989358,1.5820095539093018
Bearing3_1,1187,0.46787544343713044,1.5702793598175049
Bearing3_1,1188,0.46826960977532517,1.592898964881897
Bearing3_1,1189,0.4686637761135199,1.5714168548583984
Bearing3_1,1190,0.4690579424517146,1.580116629600525
Bearing3_1,1191,0.46945210878990934,1.5631723403930664
Bearing3_1,1192,0.46984627512810406,1.5382280349731445
Bearing3_1,1193,0.4702404414662988,1.5400335788726807
Bearing3_1,1194,0.4706346078044935,1.5918127298355103
Bearing3_1,1195,0.47102877414268823,1.5931686162948608
Bearing3_1,1196,0.47142294048088296,1.5854203701019287
Bearing3_1,1197,0.4718171068190776,1.5863573551177979
Bearing3_1,1198,0.47221127315727235,1.5699656009674072
Bearing3_1,1199,0.4726054394954671,1.5536270141601562
Bearing3_1,1200,0.4729996058336618,1.5444656610488892
Bearing3_1,1201,0.4733937721718565,1.5612294673919678
Bearing3_1,1202,0.47378793851005124,1.547784447669983
Bearing3_1,1203,0.47418210484824597,1.5558052062988281
Bearing3_1,1204,0.4745762711864407,1.5467529296875
Bearing3_1,1205,0.4749704375246354,1.5353012084960938
Bearing3_1,1206,0.47536460386283014,1.5542576313018799
Bearing3_1,1207,0.4757587702010248,1.5560529232025146
Bearing3_1,1208,0.47615293653921953,1.5589815378189087
Bearing3_1,1209,0.47654710287741425,1.5823841094970703
Bearing3_1,1210,0.476941269215609,1.6022758483886719
Bearing3_1,1211,0.4773354355538037,1.5708088874816895
Bearing3_1,1212,0.4777296018919984,1.6022775173187256
Bearing3_1,1213,0.47812376823019315,1.5926367044448853
Bearing3_1,1214,0.47851793456838787,1.6010029315948486
Bearing3_1,1215,0.4789121009065826,1.6203422546386719
Bearing3_1,1216,0.4793062672447773,1.6052753925323486
Bearing3_1,1217,0.47970043358297204,1.618517518043518
Bearing3_1,1218,0.4800945999211667,1.6062291860580444
Bearing3_1,1219,0.48048876625936143,1.6288204193115234
Bearing3_1,1220,0.48088293259755616,1.6356143951416016
Bearing3_1,1221,0.4812770989357509,1.6579828262329102
Bearing3_1,1222,0.4816712652739456,1.6599174737930298
Bearing3_1,1223,0.4820654316121403,1.6672786474227905
Bearing3_1,1224,0.48245959795033505,1.638493299484253
Bearing3_1,1225,0.4828537642885298,1.6215490102767944
Bearing3_1,1226,0.4832479306267245,1.6302915811538696
Bearing3_1,1227,0.4836420969649192,1.6031090021133423
Bearing3_1,1228,0.4840362633031139,1.6084320545196533
Bearing3_1,1229,0.4844304296413086,1.5721333026885986
Bearing3_1,1230,0.48482459597950334,1.547353982925415
Bearing3_1,1231,0.48521876231769806,1.5332119464874268
Bearing3_1,1232,0.4856129286558928,1.5320708751678467
Bearing3_1,1233,0.4860070949940875,1.537610650062561
Bearing3_1,1234,0.48640126133228223,1.5691192150115967
Bearing3_1,1235,0.48679542767047695,1.574660062789917
Bearing3_1,1236,0.4871895940086717,1.5617326498031616
Bearing3_1,1237,0.4875837603468664,1.566171407699585
Bearing3_1,1238,0.48797792668506107,1.5504227876663208
Bearing3_1,1239,0.4883720930232558,1.5637887716293335
Bearing3_1,1240,0.4887662593614505,1.5601445436477661
Bearing3_1,1241,0.48916042569964524,1.5723004341125488
Bearing3_1,1242,0.48955459203783996,1.5463639497756958
Bearing3_1,1243,0.4899487583760347,1.5612916946411133
Bearing3_1,1244,0.4903429247142294,1.5430500507354736
Bearing3_1,1245,0.49073709105242413,1.5413074493408203
Bearing3_1,1246,0.49113125739061886,1.5473896265029907
Bearing3_1,1247,0.4915254237288136,1.545967698097229
Bearing3_1,1248,0.49191959006700825,1.5528758764266968
Bearing3_1,1249,0.492313756405203,1.5586788654327393
Bearing3_1,1250,0.4927079227433977,1.554817795753479
Bearing3_1,1251,0.4931020890815924,1.5418695211410522
Bearing3_1,1252,0.49349625541978714,1.5435093641281128
Bearing3_1,1253,0.49389042175798187,1.5193336009979248
Bearing3_1,1254,0.4942845880961766,1.5214961767196655
Bearing3_1,1255,0.4946787544343713,1.5413496494293213
Bearing3_1,1256,0.49507292077256604,1.563122034072876
Bearing3_1,1257,0.49546708711076076,1.5400031805038452
Bearing3_1,1258,0.4958612534489555,1.5528932809829712
Bearing3_1,1259,0.49625541978715015,1.5443674325942993
Bearing3_1,1260,0.4966495861253449,1.5557303428649902
Bearing3_1,1261,0.4970437524635396,1.5580904483795166
Bearing3_1,1262,0.4974379188017343,1.5621559619903564
Bearing3_1,1263,0.49783208513992905,1.5713138580322266
Bearing3_1,1264,0.49822625147812377,1.5619312524795532
Bearing3_1,1265,0.4986204178163185,1.5453952550888062
Bearing3_1,1266,0.4990145841545132,1.519309639930725
Bearing3_1,1267,0.49940875049270794,1.5451968908309937
Bearing3_1,1268,0.49980291683090267,1.5616334676742554
Bearing3_1,1269,0.5001970831690974,1.5606838464736938
Bearing3_1,1270,0.5005912495072921,1.571732759475708
Bearing3_1,1271,0.5009854158454868,1.5845458507537842
Bearing3_1,1272,0.5013795821836815,1.5650783777236938
Bearing3_1,1273,0.5017737485218763,1.5465304851531982
Bearing3_1,1274,0.502167914860071,1.5564634799957275
Bearing3_1,1275,0.5025620811982656,1.5583086013793945
Bearing3_1,1276,0.5029562475364604,1.5537625551223755
Bearing3_1,1277,0.5033504138746551,1.560624361038208
Bearing3_1,1278,0.5037445802128498,1.524911880493164
Bearing3_1,1279,0.5041387465510445,1.5353214740753174
Bearing3_1,1280,0.5045329128892393,1.5234930515289307
Bearing3_1,1281,0.504927079227434,1.5192553997039795
Bearing3_1,1282,0.5053212455656287,1.5363361835479736
Bearing3_1,1283,0.5057154119038234,1.5596773624420166
Bearing3_1,1284,0.5061095782420181,1.5766856670379639
Bearing3_1,1285,0.5065037445802129,1.5851935148239136
Bearing3_1,1286,0.5068979109184075,1.601828932762146
Bearing3_1,1287,0.5072920772566023,1.6348984241485596
Bearing3_1,1288,0.507686243594797,1.6633641719818115
Bearing3_1,1289,0.5080804099329918,1.6636282205581665
Bearing3_1,1290,0.5084745762711864,1.6779394149780273
Bearing3_1,1291,0.5088687426093812,1.7049131393432617
Bearing3_1,1292,0.5092629089475759,1.7245620489120483
Bearing3_1,1293,0.5096570752857706,1.7242584228515625
Bearing3_1,1294,0.5100512416239653,1.6997791528701782
Bearing3_1,1295,0.51044540796216,1.692407250404358
Bearing3_1,1296,0.5108395743003548,1.7027969360351562
Bearing3_1,1297,0.5112337406385494,1.6630417108535767
Bearing3_1,1298,0.5116279069767442,1.6567407846450806
Bearing3_1,1299,0.5120220733149389,1.6603282690048218
Bearing3_1,1300,0.5124162396531337,1.6566007137298584
Bearing3_1,1301,0.5128104059913283,1.6523072719573975
Bearing3_1,1302,0.5132045723295231,1.648180603981018
Bearing3_1,1303,0.5135987386677178,1.6617294549942017
Bearing3_1,1304,0.5139929050059125,1.6921112537384033
Bearing3_1,1305,0.5143870713441072,1.6667201519012451
Bearing3_1,1306,0.5147812376823019,1.6542860269546509
Bearing3_1,1307,0.5151754040204967,1.6536033153533936
Bearing3_1,1308,0.5155695703586913,1.633344054222107
Bearing3_1,1309,0.5159637366968861,1.6322565078735352
Bearing3_1,1310,0.5163579030350808,1.626125693321228
Bearing3_1,1311,0.5167520693732756,1.616310477256775
Bearing3_1,1312,0.5171462357114702,1.6162641048431396
Bearing3_1,1313,0.517540402049665,1.586350679397583
Bearing3_1,1314,0.5179345683878597,1.5673818588256836
Bearing3_1,1315,0.5183287347260543,1.5780729055404663
Bearing3_1,1316,0.5187229010642491,1.580505609512329
Bearing3_1,1317,0.5191170674024438,1.602808952331543
Bearing3_1,1318,0.5195112337406386,1.629625678062439
Bearing3_1,1319,0.5199054000788332,1.6097452640533447
Bearing3_1,1320,0.520299566417028,1.618941068649292
Bearing3_1,1321,0.5206937327552227,1.5924715995788574
Bearing3_1,1322,0.5210878990934175,1.5802873373031616
Bearing3_1,1323,0.5214820654316121,1.5666484832763672
Bearing3_1,1324,0.5218762317698069,1.554210901260376
Bearing3_1,1325,0.5222703981080016,1.5575453042984009
Bearing3_1,1326,0.5226645644461962,1.57449209690094
Bearing3_1,1327,0.523058730784391,1.56182062625885
Bearing3_1,1328,0.5234528971225857,1.5777504444122314
Bearing3_1,1329,0.5238470634607805,1.5769703388214111
Bearing3_1,1330,0.5242412297989751,1.5660148859024048
Bearing3_1,1331,0.5246353961371699,1.5913212299346924
Bearing3_1,1332,0.5250295624753646,1.5927244424819946
Bearing3_1,1333,0.5254237288135594,1.615642786026001
Bearing3_1,1334,0.525817895151754,1.6187855005264282
Bearing3_1,1335,0.5262120614899488,1.6043164730072021
Bearing3_1,1336,0.5266062278281435,1.592969536781311
Bearing3_1,1337,0.5270003941663381,1.6105148792266846
Bearing3_1,1338,0.5273945605045329,1.5727753639221191
Bearing3_1,1339,0.5277887268427276,1.596174716949463
Bearing3_1,1340,0.5281828931809224,1.6161792278289795
Bearing3_1,1341,0.528577059519117,1.602952241897583
Bearing3_1,1342,0.5289712258573118,1.5978507995605469
Bearing3_1,1343,0.5293653921955065,1.597054123878479
Bearing3_1,1344,0.5297595585337013,1.60910964012146
Bearing3_1,1345,0.5301537248718959,1.624659538269043
Bearing3_1,1346,0.5305478912100906,1.6221574544906616
Bearing3_1,1347,0.5309420575482854,1.602115273475647
Bearing3_1,1348,0.53133622388648,1.6009178161621094
Bearing3_1,1349,0.5317303902246748,1.580548882484436
Bearing3_1,1350,0.5321245565628695,1.5370784997940063
Bearing3_1,1351,0.5325187229010643,1.53951096534729
Bearing3_1,1352,0.532912889239259,1.5566127300262451
Bearing3_1,1353,0.5333070555774537,1.553044080734253
Bearing3_1,1354,0.5337012219156484,1.5585534572601318
Bearing3_1,1355,0.5340953882538432,1.5773489475250244
Bearing3_1,1356,0.5344895545920378,1.5732208490371704
Bearing3_1,1357,0.5348837209302325,1.576653242111206
Bearing3_1,1358,0.5352778872684273,1.5754495859146118
Bearing3_1,1359,0.535672053606622,1.5855062007904053
Bearing3_1,1360,0.5360662199448167,1.6045783758163452
Bearing3_1,1361,0.5364603862830114,1.594961166381836
Bearing3_1,1362,0.5368545526212062,1.5935113430023193
Bearing3_1,1363,0.5372487189594009,1.5845664739608765
Bearing3_1,1364,0.5376428852975956,1.5703397989273071
Bearing3_1,1365,0.5380370516357903,1.5578972101211548
Bearing3_1,1366,0.5384312179739851,1.5644567012786865
Bearing3_1,1367,0.5388253843121797,1.5689208507537842
Bearing3_1,1368,0.5392195506503744,1.5925737619400024
Bearing3_1,1369,0.5396137169885692,1.6000747680664062
Bearing3_1,1370,0.5400078833267639,1.623512864112854
Bearing3_1,1371,0.5404020496649586,1.6377756595611572
Bearing3_1,1372,0.5407962160031533,1.6294403076171875
Bearing3_1,1373,0.5411903823413481,1.6390537023544312
Bearing3_1,1374,0.5415845486795428,1.662013292312622
Bearing3_1,1375,0.5419787150177375,1.6613737344741821
Bearing3_1,1376,0.5423728813559322,1.6675726175308228
Bearing3_1,1377,0.5427670476941269,1.6698315143585205
Bearing3_1,1378,0.5431612140323216,1.6728971004486084
Bearing3_1,1379,0.5435553803705163,1.6611133813858032
Bearing3_1,1380,0.5439495467087111,1.6559131145477295
Bearing3_1,1381,0.5443437130469058,1.65529465675354
Bearing3_1,1382,0.5447378793851005,1.6490604877471924
Bearing3_1,1383,0.5451320457232952,1.640620231628418
Bearing3_1,1384,0.54552621206149,1.6161489486694336
Bearing3_1,1385,0.5459203783996847,1.6022697687149048
Bearing3_1,1386,0.5463145447378794,1.5777853727340698
Bearing3_1,1387,0.5467087110760741,1.578324317932129
Bearing3_1,1388,0.5471028774142688,1.577296257019043
Bearing3_1,1389,0.5474970437524636,1.5853294134140015
Bearing3_1,1390,0.5478912100906582,1.5688438415527344
Bearing3_1,1391,0.548285376428853,1.5795214176177979
Bearing3_1,1392,0.5486795427670477,1.5907764434814453
Bearing3_1,1393,0.5490737091052424,1.6057487726211548
Bearing3_1,1394,0.5494678754434371,1.5993454456329346
Bearing3_1,1395,0.5498620417816319,1.6148468255996704
Bearing3_1,1396,0.5502562081198266,1.6298164129257202
Bearing3_1,1397,0.5506503744580212,1.6211178302764893
Bearing3_1,1398,0.551044540796216,1.5964033603668213
Bearing3_1,1399,0.5514387071344107,1.5820484161376953
Bearing3_1,1400,0.5518328734726055,1.5733219385147095
Bearing3_1,1401,0.5522270398108001,1.5554521083831787
Bearing3_1,1402,0.5526212061489949,1.5722973346710205
Bearing3_1,1403,0.5530153724871896,1.5677300691604614
Bearing3_1,1404,0.5534095388253844,1.5832183361053467
Bearing3_1,1405,0.553803705163579,1.5758463144302368
Bearing3_1,1406,0.5541978715017738,1.5931971073150635
Bearing3_1,1407,0.5545920378399685,1.5884878635406494
Bearing3_1,1408,0.5549862041781631,1.5893285274505615
Bearing3_1,1409,0.5553803705163579,1.609450340270996
Bearing3_1,1410,0.5557745368545526,1.6148121356964111
Bearing3_1,1411,0.5561687031927474,1.6137136220932007
Bearing3_1,1412,0.556562869530942,1.5993714332580566
Bearing3_1,1413,0.5569570358691368,1.609001874923706
Bearing3_1,1414,0.5573512022073315,1.6095571517944336
Bearing3_1,1415,0.5577453685455263,1.6039317846298218
Bearing3_1,1416,0.5581395348837209,1.604736089706421
Bearing3_1,1417,0.5585337012219157,1.5866892337799072
Bearing3_1,1418,0.5589278675601104,1.5950288772583008
Bearing3_1,1419,0.559322033898305,1.5929616689682007
Bearing3_1,1420,0.5597162002364998,1.5951836109161377
Bearing3_1,1421,0.5601103665746945,1.6102298498153687
Bearing3_1,1422,0.5605045329128893,1.5875885486602783
Bearing3_1,1423,0.5608986992510839,1.5867857933044434
Bearing3_1,1424,0.5612928655892787,1.5750923156738281
Bearing3_1,1425,0.5616870319274734,1.5830167531967163
Bearing3_1,1426,0.5620811982656682,1.5612951517105103
Bearing3_1,1427,0.5624753646038628,1.5873287916183472
Bearing3_1,1428,0.5628695309420575,1.5832128524780273
Bearing3_1,1429,0.5632636972802523,1.5614076852798462
Bearing3_1,1430,0.5636578636184469,1.56154465675354
Bearing3_1,1431,0.5640520299566417,1.5208702087402344
Bearing3_1,1432,0.5644461962948364,1.5380204916000366
Bearing3_1,1433,0.5648403626330312,1.5364103317260742
Bearing3_1,1434,0.5652345289712258,1.529801368713379
Bearing3_1,1435,0.5656286953094206,1.5233207941055298
Bearing3_1,1436,0.5660228616476153,1.5103857517242432
Bearing3_1,1437,0.5664170279858101,1.486199140548706
Bearing3_1,1438,0.5668111943240047,1.4600422382354736
Bearing3_1,1439,0.5672053606621994,1.4719305038452148
Bearing3_1,1440,0.5675995270003942,1.4596469402313232
Bearing3_1,1441,0.5679936933385888,1.4759395122528076
Bearing3_1,1442,0.5683878596767836,1.4656511545181274
Bearing3_1,1443,0.5687820260149783,1.440251111984253
Bearing3_1,1444,0.5691761923531731,1.4375269412994385
Bearing3_1,1445,0.5695703586913677,1.4114629030227661
Bearing3_1,1446,0.5699645250295625,1.4128834009170532
Bearing3_1,1447,0.5703586913677572,1.4201418161392212
Bearing3_1,1448,0.570752857705952,1.4395910501480103
Bearing3_1,1449,0.5711470240441466,1.4246528148651123
Bearing3_1,1450,0.5715411903823413,1.4277334213256836
Bearing3_1,1451,0.5719353567205361,1.4155676364898682
Bearing3_1,1452,0.5723295230587307,1.3687889575958252
Bearing3_1,1453,0.5727236893969255,1.3862876892089844
Bearing3_1,1454,0.5731178557351202,1.3771392107009888
Bearing3_1,1455,0.573512022073315,1.3967552185058594
Bearing3_1,1456,0.5739061884115096,1.3983652591705322
Bearing3_1,1457,0.5743003547497044,1.402907133102417
Bearing3_1,1458,0.5746945210878991,1.4080932140350342
Bearing3_1,1459,0.5750886874260938,1.4229758977890015
Bearing3_1,1460,0.5754828537642885,1.4273383617401123
Bearing3_1,1461,0.5758770201024832,1.4423201084136963
Bearing3_1,1462,0.576271186440678,1.4943243265151978
Bearing3_1,1463,0.5766653527788727,1.4748436212539673
Bearing3_1,1464,0.5770595191170674,1.4756320714950562
Bearing3_1,1465,0.5774536854552621,1.4808788299560547
Bearing3_1,1466,0.5778478517934569,1.4838860034942627
Bearing3_1,1467,0.5782420181316515,1.482651710510254
Bearing3_1,1468,0.5786361844698463,1.46597421169281
Bearing3_1,1469,0.579030350808041,1.4521560668945312
Bearing3_1,1470,0.5794245171462357,1.4537652730941772
Bearing3_1,1471,0.5798186834844304,1.4497158527374268
Bearing3_1,1472,0.5802128498226251,1.483196496963501
Bearing3_1,1473,0.5806070161608199,1.4862060546875
Bearing3_1,1474,0.5810011824990146,1.5072097778320312
Bearing3_1,1475,0.5813953488372093,1.484417200088501
Bearing3_1,1476,0.581789515175404,1.4929282665252686
Bearing3_1,1477,0.5821836815135988,1.5085340738296509
Bearing3_1,1478,0.5825778478517935,1.5199062824249268
Bearing3_1,1479,0.5829720141899882,1.5543811321258545
Bearing3_1,1480,0.5833661805281829,1.5652225017547607
Bearing3_1,1481,0.5837603468663776,1.5869170427322388
Bearing3_1,1482,0.5841545132045723,1.5492870807647705
Bearing3_1,1483,0.584548679542767,1.56455397605896
Bearing3_1,1484,0.5849428458809618,1.5521810054779053
Bearing3_1,1485,0.5853370122191565,1.5886846780776978
Bearing3_1,1486,0.5857311785573512,1.5690810680389404
Bearing3_1,1487,0.5861253448955459,1.5531526803970337
Bearing3_1,1488,0.5865195112337407,1.5582408905029297
Bearing3_1,1489,0.5869136775719354,1.5141785144805908
Bearing3_1,1490,0.58730784391013,1.5068308115005493
Bearing3_1,1491,0.5877020102483248,1.4676704406738281
Bearing3_1,1492,0.5880961765865195,1.4527103900909424
Bearing3_1,1493,0.5884903429247142,1.433047890663147
Bearing3_1,1494,0.5888845092629089,1.4408904314041138
Bearing3_1,1495,0.5892786756011037,1.4169498682022095
Bearing3_1,1496,0.5896728419392984,1.4276416301727295
Bearing3_1,1497,0.5900670082774931,1.4153354167938232
Bearing3_1,1498,0.5904611746156878,1.4067676067352295
Bearing3_1,1499,0.5908553409538826,1.4306395053863525
Bearing3_1,1500,0.5912495072920773,1.4367139339447021
Bearing3_1,1501,0.5916436736302719,1.4531805515289307
Bearing3_1,1502,0.5920378399684667,1.4816465377807617
Bearing3_1,1503,0.5924320063066614,1.4823782444000244
Bearing3_1,1504,0.5928261726448562,1.4802370071411133
Bearing3_1,1505,0.5932203389830508,1.507001519203186
Bearing3_1,1506,0.5936145053212456,1.501230001449585
Bearing3_1,1507,0.5940086716594403,1.5216604471206665
Bearing3_1,1508,0.594402837997635,1.5145244598388672
Bearing3_1,1509,0.5947970043358297,1.4958906173706055
Bearing3_1,1510,0.5951911706740244,1.506474494934082
Bearing3_1,1511,0.5955853370122192,1.529362678527832
Bearing3_1,1512,0.5959795033504138,1.4802920818328857
Bearing3_1,1513,0.5963736696886086,1.4838263988494873
Bearing3_1,1514,0.5967678360268033,1.4854538440704346
Bearing3_1,1515,0.5971620023649981,1.4577767848968506
Bearing3_1,1516,0.5975561687031927,1.4706661701202393
Bearing3_1,1517,0.5979503350413875,1.4619297981262207
Bearing3_1,1518,0.5983445013795822,1.4719685316085815
Bearing3_1,1519,0.598738667717777,1.4917004108428955
Bearing3_1,1520,0.5991328340559716,1.4631025791168213
Bearing3_1,1521,0.5995270003941663,1.4384511709213257
Bearing3_1,1522,0.5999211667323611,1.496554970741272
Bearing3_1,1523,0.6003153330705557,1.4943598508834839
Bearing3_1,1524,0.6007094994087505,1.4975515604019165
Bearing3_1,1525,0.6011036657469452,1.5084545612335205
Bearing3_1,1526,0.60149783208514,1.5136858224868774
Bearing3_1,1527,0.6018919984233346,1.5180517435073853
Bearing3_1,1528,0.6022861647615294,1.5130027532577515
Bearing3_1,1529,0.6026803310997241,1.4981558322906494
Bearing3_1,1530,0.6030744974379189,1.5122196674346924
Bearing3_1,1531,0.6034686637761135,1.5218969583511353
Bearing3_1,1532,0.6038628301143082,1.4993185997009277
Bearing3_1,1533,0.604256996452503,1.5084272623062134
Bearing3_1,1534,0.6046511627906976,1.514752745628357
Bearing3_1,1535,0.6050453291288924,1.5035982131958008
Bearing3_1,1536,0.6054394954670871,1.5049749612808228
Bearing3_1,1537,0.6058336618052819,1.4864743947982788
Bearing3_1,1538,0.6062278281434765,1.4763861894607544
Bearing3_1,1539,0.6066219944816713,1.4823238849639893
Bearing3_1,1540,0.607016160819866,1.474068284034729
Bearing3_1,1541,0.6074103271580606,1.4708082675933838
Bearing3_1,1542,0.6078044934962554,1.4756450653076172
Bearing3_1,1543,0.6081986598344501,1.4704585075378418
Bearing3_1,1544,0.6085928261726449,1.4418623447418213
Bearing3_1,1545,0.6089869925108395,1.4462592601776123
Bearing3_1,1546,0.6093811588490343,1.446886658668518
Bearing3_1,1547,0.609775325187229,1.4540973901748657
Bearing3_1,1548,0.6101694915254238,1.468145728111267
Bearing3_1,1549,0.6105636578636184,1.457121729850769
Bearing3_1,1550,0.6109578242018132,1.4456456899642944
Bearing3_1,1551,0.6113519905400079,1.4528785943984985
Bearing3_1,1552,0.6117461568782026,1.4398456811904907
Bearing3_1,1553,0.6121403232163973,1.4415252208709717
Bearing3_1,1554,0.612534489554592,1.4532554149627686
Bearing3_1,1555,0.6129286558927868,1.4693052768707275
Bearing3_1,1556,0.6133228222309814,1.462862253189087
Bearing3_1,1557,0.6137169885691762,1.4723870754241943
Bearing3_1,1558,0.6141111549073709,1.4743337631225586
Bearing3_1,1559,0.6145053212455657,1.4708936214447021
Bearing3_1,1560,0.6148994875837603,1.4840911626815796
Bearing3_1,1561,0.6152936539219551,1.4626973867416382
Bearing3_1,1562,0.6156878202601498,1.4790384769439697
Bearing3_1,1563,0.6160819865983445,1.44088876247406
Bearing3_1,1564,0.6164761529365392,1.4439737796783447
Bearing3_1,1565,0.6168703192747339,1.447227120399475
Bearing3_1,1566,0.6172644856129287,1.4438568353652954
Bearing3_1,1567,0.6176586519511233,1.4383418560028076
Bearing3_1,1568,0.6180528182893181,1.4367023706436157
Bearing3_1,1569,0.6184469846275128,1.467740535736084
Bearing3_1,1570,0.6188411509657076,1.4580211639404297
Bearing3_1,1571,0.6192353173039022,1.472182273864746
Bearing3_1,1572,0.6196294836420969,1.4569652080535889
Bearing3_1,1573,0.6200236499802917,1.486107587814331
Bearing3_1,1574,0.6204178163184864,1.488905906677246
Bearing3_1,1575,0.6208119826566811,1.4653522968292236
Bearing3_1,1576,0.6212061489948758,1.444661021232605
Bearing3_1,1577,0.6216003153330706,1.4647343158721924
Bearing3_1,1578,0.6219944816712653,1.4522697925567627
Bearing3_1,1579,0.62238864800946,1.4319489002227783
Bearing3_1,1580,0.6227828143476547,1.4186468124389648
Bearing3_1,1581,0.6231769806858495,1.4103507995605469
Bearing3_1,1582,0.6235711470240441,1.4136292934417725
Bearing3_1,1583,0.6239653133622388,1.4137614965438843
Bearing3_1,1584,0.6243594797004336,1.4214575290679932
Bearing3_1,1585,0.6247536460386283,1.4175965785980225
Bearing3_1,1586,0.625147812376823,1.4303390979766846
Bearing3_1,1587,0.6255419787150177,1.4091688394546509
Bearing3_1,1588,0.6259361450532125,1.4353423118591309
Bearing3_1,1589,0.6263303113914072,1.4380714893341064
Bearing3_1,1590,0.6267244777296019,1.4574607610702515
Bearing3_1,1591,0.6271186440677966,1.4464465379714966
Bearing3_1,1592,0.6275128104059914,1.4372413158416748
Bearing3_1,1593,0.627906976744186,1.426944375038147
Bearing3_1,1594,0.6283011430823807,1.396738886833191
Bearing3_1,1595,0.6286953094205755,1.4014006853103638
Bearing3_1,1596,0.6290894757587702,1.4129842519760132
Bearing3_1,1597,0.629483642096965,1.400753140449524
Bearing3_1,1598,0.6298778084351596,1.35598886013031
Bearing3_1,1599,0.6302719747733544,1.3496119976043701
Bearing3_1,1600,0.6306661411115491,1.3375918865203857
Bearing3_1,1601,0.6310603074497438,1.3373887538909912
Bearing3_1,1602,0.6314544737879385,1.3437553644180298
Bearing3_1,1603,0.6318486401261332,1.3734779357910156
Bearing3_1,1604,0.632242806464328,1.4082151651382446
Bearing3_1,1605,0.6326369728025226,1.4154112339019775
Bearing3_1,1606,0.6330311391407174,1.4204447269439697
Bearing3_1,1607,0.6334253054789121,1.449816346168518
Bearing3_1,1608,0.6338194718171068,1.49482262134552
Bearing3_1,1609,0.6342136381553015,1.4902162551879883
Bearing3_1,1610,0.6346078044934963,1.5126445293426514
Bearing3_1,1611,0.635001970831691,1.5248905420303345
Bearing3_1,1612,0.6353961371698857,1.5535551309585571
Bearing3_1,1613,0.6357903035080804,1.529618263244629
Bearing3_1,1614,0.6361844698462751,1.5178492069244385
Bearing3_1,1615,0.6365786361844699,1.5369682312011719
Bearing3_1,1616,0.6369728025226645,1.5325063467025757
Bearing3_1,1617,0.6373669688608593,1.5391435623168945
Bearing3_1,1618,0.637761135199054,1.5153264999389648
Bearing3_1,1619,0.6381553015372488,1.522870421409607
Bearing3_1,1620,0.6385494678754434,1.5225894451141357
Bearing3_1,1621,0.6389436342136382,1.5196033716201782
Bearing3_1,1622,0.6393378005518329,1.4881155490875244
Bearing3_1,1623,0.6397319668900275,1.475751519203186
Bearing3_1,1624,0.6401261332282223,1.4970738887786865
Bearing3_1,1625,0.640520299566417,1.4964370727539062
Bearing3_1,1626,0.6409144659046118,1.4903455972671509
Bearing3_1,1627,0.6413086322428064,1.4728270769119263
Bearing3_1,1628,0.6417027985810012,1.4719747304916382
Bearing3_1,1629,0.6420969649191959,1.4752010107040405
Bearing3_1,1630,0.6424911312573907,1.477696418762207
Bearing3_1,1631,0.6428852975955853,1.4834520816802979
Bearing3_1,1632,0.6432794639337801,1.4575961828231812
Bearing3_1,1633,0.6436736302719748,1.4878616333007812
Bearing3_1,1634,0.6440677966101694,1.458164930343628
Bearing3_1,1635,0.6444619629483642,1.4217945337295532
Bearing3_1,1636,0.6448561292865589,1.4068248271942139
Bearing3_1,1637,0.6452502956247537,1.3839679956436157
Bearing3_1,1638,0.6456444619629483,1.3916399478912354
Bearing3_1,1639,0.6460386283011431,1.389605164527893
Bearing3_1,1640,0.6464327946393378,1.378845453262329
Bearing3_1,1641,0.6468269609775326,1.3576369285583496
Bearing3_1,1642,0.6472211273157272,1.37163507938385
Bearing3_1,1643,0.647615293653922,1.3623390197753906
Bearing3_1,1644,0.6480094599921167,1.364154577255249
Bearing3_1,1645,0.6484036263303113,1.3792777061462402
Bearing3_1,1646,0.6487977926685061,1.3770503997802734
Bearing3_1,1647,0.6491919590067008,1.3895232677459717
Bearing3_1,1648,0.6495861253448956,1.3642292022705078
Bearing3_1,1649,0.6499802916830902,1.334815263748169
Bearing3_1,1650,0.650374458021285,1.3246392011642456
Bearing3_1,1651,0.6507686243594797,1.332342505455017
Bearing3_1,1652,0.6511627906976745,1.3406121730804443
Bearing3_1,1653,0.6515569570358691,1.3108100891113281
Bearing3_1,1654,0.6519511233740638,1.2800124883651733
Bearing3_1,1655,0.6523452897122586,1.2884137630462646
Bearing3_1,1656,0.6527394560504532,1.2845439910888672
Bearing3_1,1657,0.653133622388648,1.2733490467071533
Bearing3_1,1658,0.6535277887268427,1.2899261713027954
Bearing3_1,1659,0.6539219550650375,1.3031295537948608
Bearing3_1,1660,0.6543161214032321,1.2818012237548828
Bearing3_1,1661,0.6547102877414269,1.2945226430892944
Bearing3_1,1662,0.6551044540796216,1.2934589385986328
Bearing3_1,1663,0.6554986204178164,1.3065534830093384
Bearing3_1,1664,0.655892786756011,1.3293882608413696
Bearing3_1,1665,0.6562869530942057,1.2848801612854004
Bearing3_1,1666,0.6566811194324005,1.2719213962554932
Bearing3_1,1667,0.6570752857705952,1.2806028127670288
Bearing3_1,1668,0.6574694521087899,1.273103952407837
Bearing3_1,1669,0.6578636184469846,1.2817986011505127
Bearing3_1,1670,0.6582577847851794,1.3103663921356201
Bearing3_1,1671,0.658651951123374,1.2938802242279053
Bearing3_1,1672,0.6590461174615688,1.2879873514175415
Bearing3_1,1673,0.6594402837997635,1.286463737487793
Bearing3_1,1674,0.6598344501379583,1.2975587844848633
Bearing3_1,1675,0.6602286164761529,1.326381802558899
Bearing3_1,1676,0.6606227828143476,1.3461179733276367
Bearing3_1,1677,0.6610169491525424,1.3413245677947998
Bearing3_1,1678,0.6614111154907371,1.3378124237060547
Bearing3_1,1679,0.6618052818289318,1.3371416330337524
Bearing3_1,1680,0.6621994481671265,1.3368955850601196
Bearing3_1,1681,0.6625936145053213,1.3602440357208252
Bearing3_1,1682,0.662987780843516,1.3593305349349976
Bearing3_1,1683,0.6633819471817107,1.3605725765228271
Bearing3_1,1684,0.6637761135199054,1.3518028259277344
Bearing3_1,1685,0.6641702798581001,1.3530298471450806
Bearing3_1,1686,0.6645644461962948,1.3413782119750977
Bearing3_1,1687,0.6649586125344895,1.3301010131835938
Bearing3_1,1688,0.6653527788726843,1.3420013189315796
Bearing3_1,1689,0.665746945210879,1.3332462310791016
Bearing3_1,1690,0.6661411115490737,1.330777883529663
Bearing3_1,1691,0.6665352778872684,1.3272188901901245
Bearing3_1,1692,0.6669294442254632,1.343279242515564
Bearing3_1,1693,0.6673236105636579,1.350401520729065
Bearing3_1,1694,0.6677177769018526,1.3678058385849
Bearing3_1,1695,0.6681119432400473,1.3711086511611938
Bearing3_1,1696,0.668506109578242,1.3933627605438232
Bearing3_1,1697,0.6689002759164367,1.4133195877075195
Bearing3_1,1698,0.6692944422546314,1.4089221954345703
Bearing3_1,1699,0.6696886085928262,1.4346354007720947
Bearing3_1,1700,0.6700827749310209,1.4670861959457397
Bearing3_1,1701,0.6704769412692156,1.462201714515686
Bearing3_1,1702,0.6708711076074103,1.4537017345428467
Bearing3_1,1703,0.6712652739456051,1.4687988758087158
Bearing3_1,1704,0.6716594402837998,1.4533519744873047
Bearing3_1,1705,0.6720536066219945,1.4448063373565674
Bearing3_1,1706,0.6724477729601892,1.4444503784179688
Bearing3_1,1707,0.6728419392983839,1.4651806354522705
Bearing3_1,1708,0.6732361056365787,1.5054525136947632
Bearing3_1,1709,0.6736302719747733,1.504755973815918
Bearing3_1,1710,0.6740244383129681,1.5066547393798828
Bearing3_1,1711,0.6744186046511628,1.5110738277435303
Bearing3_1,1712,0.6748127709893575,1.5312631130218506
Bearing3_1,1713,0.6752069373275522,1.5582866668701172
Bearing3_1,1714,0.675601103665747,1.5787713527679443
Bearing3_1,1715,0.6759952700039417,1.5870287418365479
Bearing3_1,1716,0.6763894363421363,1.584031105041504
Bearing3_1,1717,0.6767836026803311,1.5794029235839844
Bearing3_1,1718,0.6771777690185258,1.5588634014129639
Bearing3_1,1719,0.6775719353567206,1.5469839572906494
Bearing3_1,1720,0.6779661016949152,1.563846230506897
Bearing3_1,1721,0.67836026803311,1.590955138206482
Bearing3_1,1722,0.6787544343713047,1.5751428604125977
Bearing3_1,1723,0.6791486007094995,1.5581058263778687
Bearing3_1,1724,0.6795427670476941,1.547206997871399
Bearing3_1,1725,0.6799369333858889,1.5636682510375977
Bearing3_1,1726,0.6803310997240836,1.5879472494125366
Bearing3_1,1727,0.6807252660622782,1.5966473817825317
Bearing3_1,1728,0.681119432400473,1.6243301630020142
Bearing3_1,1729,0.6815135987386677,1.6450221538543701
Bearing3_1,1730,0.6819077650768625,1.6196553707122803
Bearing3_1,1731,0.6823019314150571,1.6033248901367188
Bearing3_1,1732,0.6826960977532519,1.619073510169983
Bearing3_1,1733,0.6830902640914466,1.624692678451538
Bearing3_1,1734,0.6834844304296414,1.617349624633789
Bearing3_1,1735,0.683878596767836,1.6152292490005493
Bearing3_1,1736,0.6842727631060307,1.5861152410507202
Bearing3_1,1737,0.6846669294442255,1.5814441442489624
Bearing3_1,1738,0.6850610957824201,1.5561230182647705
Bearing3_1,1739,0.6854552621206149,1.5360465049743652
Bearing3_1,1740,0.6858494284588096,1.5182136297225952
Bearing3_1,1741,0.6862435947970044,1.499354600906372
Bearing3_1,1742,0.686637761135199,1.4911096096038818
Bearing3_1,1743,0.6870319274733938,1.4826698303222656
Bearing3_1,1744,0.6874260938115885,1.4783051013946533
Bearing3_1,1745,0.6878202601497833,1.4777520895004272
Bearing3_1,1746,0.6882144264879779,1.4923661947250366
Bearing3_1,1747,0.6886085928261726,1.4900684356689453
Bearing3_1,1748,0.6890027591643674,1.4779423475265503
Bearing3_1,1749,0.689396925502562,1.4828389883041382
Bearing3_1,1750,0.6897910918407568,1.4902369976043701
Bearing3_1,1751,0.6901852581789515,1.4619306325912476
Bearing3_1,1752,0.6905794245171463,1.4616117477416992
Bearing3_1,1753,0.6909735908553409,1.4300349950790405
Bearing3_1,1754,0.6913677571935357,1.4356844425201416
Bearing3_1,1755,0.6917619235317304,1.436780333518982
Bearing3_1,1756,0.6921560898699252,1.4191852807998657
Bearing3_1,1757,0.6925502562081198,1.401172399520874
Bearing3_1,1758,0.6929444225463145,1.393678069114685
Bearing3_1,1759,0.6933385888845093,1.3900924921035767
Bearing3_1,1760,0.693732755222704,1.3767907619476318
Bearing3_1,1761,0.6941269215608987,1.405817985534668
Bearing3_1,1762,0.6945210878990934,1.4296989440917969
Bearing3_1,1763,0.6949152542372882,1.4454864263534546
Bearing3_1,1764,0.6953094205754828,1.4393717050552368
Bearing3_1,1765,0.6957035869136776,1.4442380666732788
Bearing3_1,1766,0.6960977532518723,1.4744383096694946
Bearing3_1,1767,0.696491919590067,1.4740244150161743
Bearing3_1,1768,0.6968860859282617,1.4988340139389038
Bearing3_1,1769,0.6972802522664564,1.4987189769744873
Bearing3_1,1770,0.6976744186046512,1.4992212057113647
Bearing3_1,1771,0.6980685849428458,1.5106585025787354
Bearing3_1,1772,0.6984627512810406,1.4996153116226196
Bearing3_1,1773,0.6988569176192353,1.5155060291290283
Bearing3_1,1774,0.6992510839574301,1.530592679977417
Bearing3_1,1775,0.6996452502956247,1.5185730457305908
Bearing3_1,1776,0.7000394166338195,1.5125901699066162
Bearing3_1,1777,0.7004335829720142,1.5303767919540405
Bearing3_1,1778,0.7008277493102089,1.5004048347473145
Bearing3_1,1779,0.7012219156484036,1.5209697484970093
Bearing3_1,1780,0.7016160819865983,1.5405290126800537
Bearing3_1,1781,0.7020102483247931,1.5326051712036133
Bearing3_1,1782,0.7024044146629878,1.5219650268554688
Bearing3_1,1783,0.7027985810011825,1.5266021490097046
Bearing3_1,1784,0.7031927473393772,1.526123285293579
Bearing3_1,1785,0.703586913677572,1.5228837728500366
Bearing3_1,1786,0.7039810800157666,1.5113211870193481
Bearing3_1,1787,0.7043752463539614,1.491389513015747
Bearing3_1,1788,0.7047694126921561,1.5193707942962646
Bearing3_1,1789,0.7051635790303508,1.4997036457061768
Bearing3_1,1790,0.7055577453685455,1.4828898906707764
Bearing3_1,1791,0.7059519117067402,1.4825881719589233
Bearing3_1,1792,0.706346078044935,1.4728972911834717
Bearing3_1,1793,0.7067402443831297,1.44656503200531
Bearing3_1,1794,0.7071344107213244,1.4252479076385498
Bearing3_1,1795,0.7075285770595191,1.4191837310791016
Bearing3_1,1796,0.7079227433977139,1.4079573154449463
Bearing3_1,1797,0.7083169097359086,1.4232409000396729
Bearing3_1,1798,0.7087110760741032,1.3961703777313232
Bearing3_1,1799,0.709105242412298,1.3961464166641235
Bearing3_1,1800,0.7094994087504927,1.3787015676498413
Bearing3_1,1801,0.7098935750886874,1.3962188959121704
Bearing3_1,1802,0.7102877414268821,1.383976936340332
Bearing3_1,1803,0.7106819077650769,1.4021323919296265
Bearing3_1,1804,0.7110760741032716,1.4255622625350952
Bearing3_1,1805,0.7114702404414663,1.4464502334594727
Bearing3_1,1806,0.711864406779661,1.4599806070327759
Bearing3_1,1807,0.7122585731178558,1.439542293548584
Bearing3_1,1808,0.7126527394560505,1.4531328678131104
Bearing3_1,1809,0.7130469057942451,1.4695279598236084
Bearing3_1,1810,0.7134410721324399,1.486316442489624
Bearing3_1,1811,0.7138352384706346,1.4703489542007446
Bearing3_1,1812,0.7142294048088293,1.4936224222183228
Bearing3_1,1813,0.714623571147024,1.4684699773788452
Bearing3_1,1814,0.7150177374852188,1.4515043497085571
Bearing3_1,1815,0.7154119038234135,1.428255319595337
Bearing3_1,1816,0.7158060701616082,1.4251682758331299
Bearing3_1,1817,0.7162002364998029,1.4383971691131592
Bearing3_1,1818,0.7165944028379977,1.450977087020874
Bearing3_1,1819,0.7169885691761924,1.4364515542984009
Bearing3_1,1820,0.717382735514387,1.442339301109314
Bearing3_1,1821,0.7177769018525818,1.4527379274368286
Bearing3_1,1822,0.7181710681907765,1.457902193069458
Bearing3_1,1823,0.7185652345289713,1.4872300624847412
Bearing3_1,1824,0.7189594008671659,1.498740553855896
Bearing3_1,1825,0.7193535672053607,1.504422903060913
Bearing3_1,1826,0.7197477335435554,1.5038560628890991
Bearing3_1,1827,0.7201418998817501,1.5218331813812256
Bearing3_1,1828,0.7205360662199448,1.5319137573242188
Bearing3_1,1829,0.7209302325581395,1.5341713428497314
Bearing3_1,1830,0.7213243988963343,1.517197847366333
Bearing3_1,1831,0.7217185652345289,1.5179212093353271
Bearing3_1,1832,0.7221127315727237,1.5125716924667358
Bearing3_1,1833,0.7225068979109184,1.4903671741485596
Bearing3_1,1834,0.7229010642491132,1.4840192794799805
Bearing3_1,1835,0.7232952305873078,1.4907286167144775
Bearing3_1,1836,0.7236893969255026,1.5021440982818604
Bearing3_1,1837,0.7240835632636973,1.465118646621704
Bearing3_1,1838,0.724477729601892,1.429399847984314
Bearing3_1,1839,0.7248718959400867,1.407214879989624
Bearing3_1,1840,0.7252660622782814,1.4302079677581787
Bearing3_1,1841,0.7256602286164762,1.4341846704483032
Bearing3_1,1842,0.7260543949546708,1.4436852931976318
Bearing3_1,1843,0.7264485612928656,1.4383065700531006
Bearing3_1,1844,0.7268427276310603,1.4512907266616821
Bearing3_1,1845,0.7272368939692551,1.4531641006469727
Bearing3_1,1846,0.7276310603074497,1.435494065284729
Bearing3_1,1847,0.7280252266456445,1.4513355493545532
Bearing3_1,1848,0.7284193929838392,1.48806631565094
Bearing3_1,1849,0.7288135593220338,1.507051706314087
Bearing3_1,1850,0.7292077256602286,1.5003942251205444
Bearing3_1,1851,0.7296018919984233,1.4888603687286377
Bearing3_1,1852,0.7299960583366181,1.4936482906341553
Bearing3_1,1853,0.7303902246748127,1.5258294343948364
Bearing3_1,1854,0.7307843910130075,1.5392296314239502
Bearing3_1,1855,0.7311785573512022,1.558485984802246
Bearing3_1,1856,0.731572723689397,1.5963455438613892
Bearing3_1,1857,0.7319668900275916,1.6226381063461304
Bearing3_1,1858,0.7323610563657864,1.6254403591156006
Bearing3_1,1859,0.7327552227039811,1.6244289875030518
Bearing3_1,1860,0.7331493890421757,1.6203075647354126
Bearing3_1,1861,0.7335435553803705,1.6090466976165771
Bearing3_1,1862,0.7339377217185652,1.5839345455169678
Bearing3_1,1863,0.73433188805676,1.5961635112762451
Bearing3_1,1864,0.7347260543949546,1.5896165370941162
Bearing3_1,1865,0.7351202207331494,1.5970449447631836
Bearing3_1,1866,0.7355143870713441,1.5838794708251953
Bearing3_1,1867,0.7359085534095389,1.566913366317749
Bearing3_1,1868,0.7363027197477335,1.5427701473236084
Bearing3_1,1869,0.7366968860859283,1.5632458925247192
Bearing3_1,1870,0.737091052424123,1.5686416625976562
Bearing3_1,1871,0.7374852187623177,1.570595383644104
Bearing3_1,1872,0.7378793851005124,1.5766687393188477
Bearing3_1,1873,0.7382735514387071,1.5480902194976807
Bearing3_1,1874,0.7386677177769019,1.5453386306762695
Bearing3_1,1875,0.7390618841150965,1.5168774127960205
Bearing3_1,1876,0.7394560504532913,1.52101731300354
Bearing3_1,1877,0.739850216791486,1.531900405883789
Bearing3_1,1878,0.7402443831296808,1.5587127208709717
Bearing3_1,1879,0.7406385494678754,1.5786993503570557
Bearing3_1,1880,0.7410327158060701,1.6004314422607422
Bearing3_1,1881,0.7414268821442649,1.6308311223983765
Bearing3_1,1882,0.7418210484824596,1.6704647541046143
Bearing3_1,1883,0.7422152148206543,1.6827192306518555
Bearing3_1,1884,0.742609381158849,1.6935806274414062
Bearing3_1,1885,0.7430035474970438,1.7303053140640259
Bearing3_1,1886,0.7433977138352384,1.738080620765686
Bearing3_1,1887,0.7437918801734332,1.7495012283325195
Bearing3_1,1888,0.7441860465116279,1.7517364025115967
Bearing3_1,1889,0.7445802128498227,1.732730507850647
Bearing3_1,1890,0.7449743791880173,1.7046515941619873
Bearing3_1,1891,0.745368545526212,1.6976912021636963
Bearing3_1,1892,0.7457627118644068,1.635433554649353
Bearing3_1,1893,0.7461568782026015,1.604391098022461
Bearing3_1,1894,0.7465510445407962,1.593743085861206
Bearing3_1,1895,0.7469452108789909,1.5648353099822998
Bearing3_1,1896,0.7473393772171857,1.5237213373184204
Bearing3_1,1897,0.7477335435553804,1.5166022777557373
Bearing3_1,1898,0.7481277098935751,1.5157783031463623
Bearing3_1,1899,0.7485218762317698,1.4648406505584717
Bearing3_1,1900,0.7489160425699646,1.4620702266693115
Bearing3_1,1901,0.7493102089081592,1.4531444311141968
Bearing3_1,1902,0.7497043752463539,1.4906173944473267
Bearing3_1,1903,0.7500985415845487,1.4998172521591187
Bearing3_1,1904,0.7504927079227434,1.4968894720077515
Bearing3_1,1905,0.7508868742609381,1.4654920101165771
Bearing3_1,1906,0.7512810405991328,1.4964189529418945
Bearing3_1,1907,0.7516752069373276,1.4967542886734009
Bearing3_1,1908,0.7520693732755223,1.4729946851730347
Bearing3_1,1909,0.752463539613717,1.5288270711898804
Bearing3_1,1910,0.7528577059519117,1.5725969076156616
Bearing3_1,1911,0.7532518722901064,1.5774154663085938
Bearing3_1,1912,0.7536460386283012,1.6010043621063232
Bearing3_1,1913,0.7540402049664958,1.6100860834121704
Bearing3_1,1914,0.7544343713046906,1.5936777591705322
Bearing3_1,1915,0.7548285376428853,1.6396806240081787
Bearing3_1,1916,0.75522270398108,1.6321970224380493
Bearing3_1,1917,0.7556168703192747,1.6284252405166626
Bearing3_1,1918,0.7560110366574695,1.6463876962661743
Bearing3_1,1919,0.7564052029956642,1.628970742225647
Bearing3_1,1920,0.7567993693338589,1.6226108074188232
Bearing3_1,1921,0.7571935356720536,1.6255947351455688
Bearing3_1,1922,0.7575877020102483,1.608933687210083
Bearing3_1,1923,0.757981868348443,1.6020805835723877
Bearing3_1,1924,0.7583760346866377,1.6230995655059814
Bearing3_1,1925,0.7587702010248325,1.6146526336669922
Bearing3_1,1926,0.7591643673630272,1.6326310634613037
Bearing3_1,1927,0.759558533701222,1.652143120765686
Bearing3_1,1928,0.7599527000394166,1.6530208587646484
Bearing3_1,1929,0.7603468663776114,1.6755380630493164
Bearing3_1,1930,0.7607410327158061,1.646822214126587
Bearing3_1,1931,0.7611351990540007,1.6233810186386108
Bearing3_1,1932,0.7615293653921955,1.600061058998108
Bearing3_1,1933,0.7619235317303902,1.5615514516830444
Bearing3_1,1934,0.762317698068585,1.532257080078125
Bearing3_1,1935,0.7627118644067796,1.5258336067199707
Bearing3_1,1936,0.7631060307449744,1.5064862966537476
Bearing3_1,1937,0.7635001970831691,1.4863519668579102
Bearing3_1,1938,0.7638943634213639,1.4581867456436157
Bearing3_1,1939,0.7642885297595585,1.4404786825180054
Bearing3_1,1940,0.7646826960977533,1.4380524158477783
Bearing3_1,1941,0.765076862435948,1.4538443088531494
Bearing3_1,1942,0.7654710287741426,1.4545459747314453
Bearing3_1,1943,0.7658651951123374,1.5311343669891357
Bearing3_1,1944,0.7662593614505321,1.5592886209487915
Bearing3_1,1945,0.7666535277887269,1.5516008138656616
Bearing3_1,1946,0.7670476941269215,1.572718858718872
Bearing3_1,1947,0.7674418604651163,1.5808509588241577
Bearing3_1,1948,0.767836026803311,1.5851558446884155
Bearing3_1,1949,0.7682301931415058,1.5893347263336182
Bearing3_1,1950,0.7686243594797004,1.5993623733520508
Bearing3_1,1951,0.7690185258178952,1.6048409938812256
Bearing3_1,1952,0.7694126921560899,1.6238257884979248
Bearing3_1,1953,0.7698068584942845,1.610256552696228
Bearing3_1,1954,0.7702010248324793,1.60422682762146
Bearing3_1,1955,0.770595191170674,1.5935004949569702
Bearing3_1,1956,0.7709893575088688,1.5855094194412231
Bearing3_1,1957,0.7713835238470634,1.5909736156463623
Bearing3_1,1958,0.7717776901852582,1.6078888177871704
Bearing3_1,1959,0.7721718565234529,1.602126121520996
Bearing3_1,1960,0.7725660228616477,1.5988401174545288
Bearing3_1,1961,0.7729601891998423,1.6022422313690186
Bearing3_1,1962,0.773354355538037,1.5932680368423462
Bearing3_1,1963,0.7737485218762318,1.5750796794891357
Bearing3_1,1964,0.7741426882144264,1.57355535030365
Bearing3_1,1965,0.7745368545526212,1.5920792818069458
Bearing3_1,1966,0.7749310208908159,1.5809587240219116
Bearing3_1,1967,0.7753251872290107,1.5691125392913818
Bearing3_1,1968,0.7757193535672053,1.5817463397979736
Bearing3_1,1969,0.7761135199054001,1.587109923362732
Bearing3_1,1970,0.7765076862435948,1.5827716588974
Bearing3_1,1971,0.7769018525817896,1.5692427158355713
Bearing3_1,1972,0.7772960189199842,1.5573396682739258
Bearing3_1,1973,0.7776901852581789,1.572002649307251
Bearing3_1,1974,0.7780843515963737,1.5846657752990723
Bearing3_1,1975,0.7784785179345683,1.5915772914886475
Bearing3_1,1976,0.7788726842727631,1.5886796712875366
Bearing3_1,1977,0.7792668506109578,1.57815682888031
Bearing3_1,1978,0.7796610169491526,1.5404781103134155
Bearing3_1,1979,0.7800551832873472,1.5313389301300049
Bearing3_1,1980,0.780449349625542,1.54953932762146
Bearing3_1,1981,0.7808435159637367,1.5423730611801147
Bearing3_1,1982,0.7812376823019315,1.5771726369857788
Bearing3_1,1983,0.7816318486401261,1.560497522354126
Bearing3_1,1984,0.7820260149783208,1.5640065670013428
Bearing3_1,1985,0.7824201813165156,1.555290937423706
Bearing3_1,1986,0.7828143476547103,1.556312918663025
Bearing3_1,1987,0.783208513992905,1.570264458656311
Bearing3_1,1988,0.7836026803310997,1.5763585567474365
Bearing3_1,1989,0.7839968466692945,1.5887657403945923
Bearing3_1,1990,0.7843910130074891,1.5556901693344116
Bearing3_1,1991,0.7847851793456839,1.560792326927185
Bearing3_1,1992,0.7851793456838786,1.521690011024475
Bearing3_1,1993,0.7855735120220733,1.534313440322876
Bearing3_1,1994,0.785967678360268,1.5306894779205322
Bearing3_1,1995,0.7863618446984627,1.5393617153167725
Bearing3_1,1996,0.7867560110366575,1.544687032699585
Bearing3_1,1997,0.7871501773748522,1.5256283283233643
Bearing3_1,1998,0.7875443437130469,1.538325309753418
Bearing3_1,1999,0.7879385100512416,1.5238817930221558
Bearing3_1,2000,0.7883326763894364,1.5121139287948608
Bearing3_1,2001,0.788726842727631,1.5221773386001587
Bearing3_1,2002,0.7891210090658258,1.540755271911621
Bearing3_1,2003,0.7895151754040205,1.5492452383041382
Bearing3_1,2004,0.7899093417422152,1.5377256870269775
Bearing3_1,2005,0.7903035080804099,1.52570378780365
Bearing3_1,2006,0.7906976744186046,1.5142240524291992
Bearing3_1,2007,0.7910918407567994,1.5020469427108765
Bearing3_1,2008,0.7914860070949941,1.5041000843048096
Bearing3_1,2009,0.7918801734331888,1.4890104532241821
Bearing3_1,2010,0.7922743397713835,1.536899209022522
Bearing3_1,2011,0.7926685061095783,1.528639793395996
Bearing3_1,2012,0.793062672447773,1.5259757041931152
Bearing3_1,2013,0.7934568387859677,1.5279574394226074
Bearing3_1,2014,0.7938510051241624,1.517000675201416
Bearing3_1,2015,0.7942451714623571,1.5163395404815674
Bearing3_1,2016,0.7946393378005518,1.5186188220977783
Bearing3_1,2017,0.7950335041387465,1.5289018154144287
Bearing3_1,2018,0.7954276704769413,1.5065269470214844
Bearing3_1,2019,0.795821836815136,1.541571021080017
Bearing3_1,2020,0.7962160031533307,1.5389349460601807
Bearing3_1,2021,0.7966101694915254,1.5306072235107422
Bearing3_1,2022,0.7970043358297202,1.5437967777252197
Bearing3_1,2023,0.7973985021679149,1.5480401515960693
Bearing3_1,2024,0.7977926685061095,1.5707652568817139
Bearing3_1,2025,0.7981868348443043,1.5873441696166992
Bearing3_1,2026,0.798581001182499,1.5771019458770752
Bearing3_1,2027,0.7989751675206938,1.6072862148284912
Bearing3_1,2028,0.7993693338588884,1.6410831212997437
Bearing3_1,2029,0.7997635001970832,1.6260179281234741
Bearing3_1,2030,0.8001576665352779,1.6160186529159546
Bearing3_1,2031,0.8005518328734726,1.6473767757415771
Bearing3_1,2032,0.8009459992116673,1.6465190649032593
Bearing3_1,2033,0.8013401655498621,1.628339409828186
Bearing3_1,2034,0.8017343318880568,1.6314220428466797
Bearing3_1,2035,0.8021284982262514,1.6171550750732422
Bearing3_1,2036,0.8025226645644462,1.6323354244232178
Bearing3_1,2037,0.8029168309026409,1.6261974573135376
Bearing3_1,2038,0.8033109972408357,1.611066460609436
Bearing3_1,2039,0.8037051635790303,1.631797432899475
Bearing3_1,2040,0.8040993299172251,1.652814507484436
Bearing3_1,2041,0.8044934962554198,1.6313846111297607
Bearing3_1,2042,0.8048876625936146,1.6106992959976196
Bearing3_1,2043,0.8052818289318092,1.6191974878311157
Bearing3_1,2044,0.8056759952700039,1.6004034280776978
Bearing3_1,2045,0.8060701616081987,1.6371333599090576
Bearing3_1,2046,0.8064643279463933,1.654144048690796
Bearing3_1,2047,0.8068584942845881,1.6279789209365845
Bearing3_1,2048,0.8072526606227828,1.6356103420257568
Bearing3_1,2049,0.8076468269609776,1.6340160369873047
Bearing3_1,2050,0.8080409932991722,1.6308521032333374
Bearing3_1,2051,0.808435159637367,1.6487386226654053
Bearing3_1,2052,0.8088293259755617,1.679073691368103
Bearing3_1,2053,0.8092234923137565,1.698897123336792
Bearing3_1,2054,0.8096176586519511,1.7212913036346436
Bearing3_1,2055,0.8100118249901458,1.693097710609436
Bearing3_1,2056,0.8104059913283406,1.6663440465927124
Bearing3_1,2057,0.8108001576665352,1.6672642230987549
Bearing3_1,2058,0.81119432400473,1.6703433990478516
Bearing3_1,2059,0.8115884903429247,1.6344693899154663
Bearing3_1,2060,0.8119826566811195,1.6175819635391235
Bearing3_1,2061,0.8123768230193141,1.5938775539398193
Bearing3_1,2062,0.8127709893575089,1.5746214389801025
Bearing3_1,2063,0.8131651556957036,1.5452535152435303
Bearing3_1,2064,0.8135593220338984,1.5410187244415283
Bearing3_1,2065,0.813953488372093,1.5393750667572021
Bearing3_1,2066,0.8143476547102877,1.5583528280258179
Bearing3_1,2067,0.8147418210484825,1.5812679529190063
Bearing3_1,2068,0.8151359873866771,1.5819088220596313
Bearing3_1,2069,0.8155301537248719,1.6216793060302734
Bearing3_1,2070,0.8159243200630666,1.6232855319976807
Bearing3_1,2071,0.8163184864012614,1.6133785247802734
Bearing3_1,2072,0.816712652739456,1.6153770685195923
Bearing3_1,2073,0.8171068190776508,1.6099522113800049
Bearing3_1,2074,0.8175009854158455,1.6098142862319946
Bearing3_1,2075,0.8178951517540402,1.613358736038208
Bearing3_1,2076,0.8182893180922349,1.5933096408843994
Bearing3_1,2077,0.8186834844304296,1.6043379306793213
Bearing3_1,2078,0.8190776507686244,1.585851788520813
Bearing3_1,2079,0.819471817106819,1.555479645729065
Bearing3_1,2080,0.8198659834450138,1.5471181869506836
Bearing3_1,2081,0.8202601497832085,1.5944781303405762
Bearing3_1,2082,0.8206543161214033,1.6137138605117798
Bearing3_1,2083,0.8210484824595979,1.640807867050171
Bearing3_1,2084,0.8214426487977927,1.649816870689392
Bearing3_1,2085,0.8218368151359874,1.6372562646865845
Bearing3_1,2086,0.822230981474182,1.6589515209197998
Bearing3_1,2087,0.8226251478123768,1.6386363506317139
Bearing3_1,2088,0.8230193141505715,1.6282438039779663
Bearing3_1,2089,0.8234134804887663,1.639123558998108
Bearing3_1,2090,0.823807646826961,1.6551567316055298
Bearing3_1,2091,0.8242018131651557,1.6369901895523071
Bearing3_1,2092,0.8245959795033504,1.6251471042633057
Bearing3_1,2093,0.8249901458415452,1.6161415576934814
Bearing3_1,2094,0.8253843121797398,1.5993530750274658
Bearing3_1,2095,0.8257784785179346,1.6396080255508423
Bearing3_1,2096,0.8261726448561293,1.6388318538665771
Bearing3_1,2097,0.826566811194324,1.6280161142349243
Bearing3_1,2098,0.8269609775325187,1.65415358543396
Bearing3_1,2099,0.8273551438707134,1.654176115989685
Bearing3_1,2100,0.8277493102089082,1.643424391746521
Bearing3_1,2101,0.8281434765471029,1.6412572860717773
Bearing3_1,2102,0.8285376428852976,1.6539102792739868
Bearing3_1,2103,0.8289318092234923,1.6562315225601196
Bearing3_1,2104,0.8293259755616871,1.6656105518341064
Bearing3_1,2105,0.8297201418998817,1.634242296218872
Bearing3_1,2106,0.8301143082380764,1.633077621459961
Bearing3_1,2107,0.8305084745762712,1.6671721935272217
Bearing3_1,2108,0.8309026409144659,1.6846565008163452
Bearing3_1,2109,0.8312968072526606,1.6745779514312744
Bearing3_1,2110,0.8316909735908553,1.6899597644805908
Bearing3_1,2111,0.8320851399290501,1.6958582401275635
Bearing3_1,2112,0.8324793062672448,1.6787198781967163
Bearing3_1,2113,0.8328734726054395,1.6467444896697998
Bearing3_1,2114,0.8332676389436342,1.6222543716430664
Bearing3_1,2115,0.833661805281829,1.627070426940918
Bearing3_1,2116,0.8340559716200237,1.6273285150527954
Bearing3_1,2117,0.8344501379582183,1.613783597946167
Bearing3_1,2118,0.8348443042964131,1.600508451461792
Bearing3_1,2119,0.8352384706346078,1.6153507232666016
Bearing3_1,2120,0.8356326369728025,1.5881290435791016
Bearing3_1,2121,0.8360268033109972,1.5932321548461914
Bearing3_1,2122,0.836420969649192,1.5955902338027954
Bearing3_1,2123,0.8368151359873867,1.6403529644012451
Bearing3_1,2124,0.8372093023255814,1.6359609365463257
Bearing3_1,2125,0.8376034686637761,1.6363626718521118
Bearing3_1,2126,0.8379976350019709,1.6135448217391968
Bearing3_1,2127,0.8383918013401656,1.615531325340271
Bearing3_1,2128,0.8387859676783602,1.5938241481781006
Bearing3_1,2129,0.839180134016555,1.6060030460357666
Bearing3_1,2130,0.8395743003547497,1.5979080200195312
Bearing3_1,2131,0.8399684666929444,1.5809049606323242
Bearing3_1,2132,0.8403626330311391,1.5811731815338135
Bearing3_1,2133,0.8407567993693339,1.567427635192871
Bearing3_1,2134,0.8411509657075286,1.5769293308258057
Bearing3_1,2135,0.8415451320457233,1.5743881464004517
Bearing3_1,2136,0.841939298383918,1.5654373168945312
Bearing3_1,2137,0.8423334647221127,1.560407042503357
Bearing3_1,2138,0.8427276310603075,1.5787065029144287
Bearing3_1,2139,0.8431217973985021,1.5708717107772827
Bearing3_1,2140,0.8435159637366969,1.5925838947296143
Bearing3_1,2141,0.8439101300748916,1.6089767217636108
Bearing3_1,2142,0.8443042964130864,1.634770154953003
Bearing3_1,2143,0.844698462751281,1.6359262466430664
Bearing3_1,2144,0.8450926290894758,1.6625820398330688
Bearing3_1,2145,0.8454867954276705,1.6529630422592163
Bearing3_1,2146,0.8458809617658652,1.683701515197754
Bearing3_1,2147,0.8462751281040599,1.6992775201797485
Bearing3_1,2148,0.8466692944422546,1.6900880336761475
Bearing3_1,2149,0.8470634607804494,1.6978511810302734
Bearing3_1,2150,0.847457627118644,1.7352759838104248
Bearing3_1,2151,0.8478517934568388,1.7378699779510498
Bearing3_1,2152,0.8482459597950335,1.7258859872817993
Bearing3_1,2153,0.8486401261332283,1.696040153503418
Bearing3_1,2154,0.8490342924714229,1.674168586730957
Bearing3_1,2155,0.8494284588096177,1.6664798259735107
Bearing3_1,2156,0.8498226251478124,1.638056993484497
Bearing3_1,2157,0.850216791486007,1.611557960510254
Bearing3_1,2158,0.8506109578242018,1.5996320247650146
Bearing3_1,2159,0.8510051241623965,1.582480788230896
Bearing3_1,2160,0.8513992905005913,1.541280746459961
Bearing3_1,2161,0.8517934568387859,1.52762770652771
Bearing3_1,2162,0.8521876231769807,1.4931957721710205
Bearing3_1,2163,0.8525817895151754,1.50399911403656
Bearing3_1,2164,0.8529759558533702,1.5351407527923584
Bearing3_1,2165,0.8533701221915648,1.5447880029678345
Bearing3_1,2166,0.8537642885297596,1.5750455856323242
Bearing3_1,2167,0.8541584548679543,1.5973268747329712
Bearing3_1,2168,0.8545526212061489,1.6123666763305664
Bearing3_1,2169,0.8549467875443437,1.6129772663116455
Bearing3_1,2170,0.8553409538825384,1.6101099252700806
Bearing3_1,2171,0.8557351202207332,1.612287163734436
Bearing3_1,2172,0.8561292865589278,1.642526388168335
Bearing3_1,2173,0.8565234528971226,1.6605825424194336
Bearing3_1,2174,0.8569176192353173,1.6505647897720337
Bearing3_1,2175,0.8573117855735121,1.6663014888763428
Bearing3_1,2176,0.8577059519117067,1.657167673110962
Bearing3_1,2177,0.8581001182499015,1.6303144693374634
Bearing3_1,2178,0.8584942845880962,1.617423415184021
Bearing3_1,2179,0.8588884509262908,1.6324859857559204
Bearing3_1,2180,0.8592826172644856,1.6372209787368774
Bearing3_1,2181,0.8596767836026803,1.6389780044555664
Bearing3_1,2182,0.8600709499408751,1.6246912479400635
Bearing3_1,2183,0.8604651162790697,1.6304924488067627
Bearing3_1,2184,0.8608592826172645,1.6164495944976807
Bearing3_1,2185,0.8612534489554592,1.604004144668579
Bearing3_1,2186,0.861647615293654,1.6005630493164062
Bearing3_1,2187,0.8620417816318486,1.5945936441421509
Bearing3_1,2188,0.8624359479700433,1.5852199792861938
Bearing3_1,2189,0.8628301143082381,1.5716232061386108
Bearing3_1,2190,0.8632242806464328,1.5559768676757812
Bearing3_1,2191,0.8636184469846275,1.5405309200286865
Bearing3_1,2192,0.8640126133228222,1.5352824926376343
Bearing3_1,2193,0.864406779661017,1.5064138174057007
Bearing3_1,2194,0.8648009459992116,1.502692699432373
Bearing3_1,2195,0.8651951123374064,1.5065323114395142
Bearing3_1,2196,0.8655892786756011,1.5084609985351562
Bearing3_1,2197,0.8659834450137959,1.5615379810333252
Bearing3_1,2198,0.8663776113519905,1.5740047693252563
Bearing3_1,2199,0.8667717776901852,1.5637277364730835
Bearing3_1,2200,0.86716594402838,1.5775436162948608
Bearing3_1,2201,0.8675601103665747,1.5766935348510742
Bearing3_1,2202,0.8679542767047694,1.5789681673049927
Bearing3_1,2203,0.8683484430429641,1.598968267440796
Bearing3_1,2204,0.8687426093811589,1.615808129310608
Bearing3_1,2205,0.8691367757193535,1.5994899272918701
Bearing3_1,2206,0.8695309420575483,1.562500238418579
Bearing3_1,2207,0.869925108395743,1.5117356777191162
Bearing3_1,2208,0.8703192747339378,1.4872150421142578
Bearing3_1,2209,0.8707134410721324,1.4977411031723022
Bearing3_1,2210,0.8711076074103271,1.5173513889312744
Bearing3_1,2211,0.8715017737485219,1.5088582038879395
Bearing3_1,2212,0.8718959400867166,1.5091180801391602
Bearing3_1,2213,0.8722901064249113,1.5224113464355469
Bearing3_1,2214,0.872684272763106,1.5129718780517578
Bearing3_1,2215,0.8730784391013008,1.5019490718841553
Bearing3_1,2216,0.8734726054394955,1.5419384241104126
Bearing3_1,2217,0.8738667717776902,1.5496246814727783
Bearing3_1,2218,0.8742609381158849,1.5610661506652832
Bearing3_1,2219,0.8746551044540796,1.564091444015503
Bearing3_1,2220,0.8750492707922743,1.5157747268676758
Bearing3_1,2221,0.875443437130469,1.539925217628479
Bearing3_1,2222,0.8758376034686638,1.5492035150527954
Bearing3_1,2223,0.8762317698068585,1.5374644994735718
Bearing3_1,2224,0.8766259361450532,1.5225744247436523
Bearing3_1,2225,0.8770201024832479,1.5409713983535767
Bearing3_1,2226,0.8774142688214427,1.5384845733642578
Bearing3_1,2227,0.8778084351596374,1.5173038244247437
Bearing3_1,2228,0.8782026014978321,1.512571096420288
Bearing3_1,2229,0.8785967678360268,1.5098263025283813
Bearing3_1,2230,0.8789909341742215,1.537114143371582
Bearing3_1,2231,0.8793851005124163,1.5324676036834717
Bearing3_1,2232,0.8797792668506109,1.5207189321517944
Bearing3_1,2233,0.8801734331888057,1.497369408607483
Bearing3_1,2234,0.8805675995270004,1.5099258422851562
Bearing3_1,2235,0.8809617658651951,1.5073754787445068
Bearing3_1,2236,0.8813559322033898,1.4711062908172607
Bearing3_1,2237,0.8817500985415846,1.4824119806289673
Bearing3_1,2238,0.8821442648797793,1.5011911392211914
Bearing3_1,2239,0.882538431217974,1.5068092346191406
Bearing3_1,2240,0.8829325975561687,1.5178781747817993
Bearing3_1,2241,0.8833267638943634,1.5209989547729492
Bearing3_1,2242,0.8837209302325582,1.5274903774261475
Bearing3_1,2243,0.8841150965707528,1.5675907135009766
Bearing3_1,2244,0.8845092629089476,1.5442769527435303
Bearing3_1,2245,0.8849034292471423,1.5317633152008057
Bearing3_1,2246,0.885297595585337,1.5597862005233765
Bearing3_1,2247,0.8856917619235317,1.5925500392913818
Bearing3_1,2248,0.8860859282617265,1.5798555612564087
Bearing3_1,2249,0.8864800945999212,1.5571227073669434
Bearing3_1,2250,0.8868742609381158,1.5391391515731812
Bearing3_1,2251,0.8872684272763106,1.5163424015045166
Bearing3_1,2252,0.8876625936145053,1.5143060684204102
Bearing3_1,2253,0.8880567599527001,1.4987890720367432
Bearing3_1,2254,0.8884509262908947,1.5132312774658203
Bearing3_1,2255,0.8888450926290895,1.530676245689392
Bearing3_1,2256,0.8892392589672842,1.5386466979980469
Bearing3_1,2257,0.889633425305479,1.517199158668518
Bearing3_1,2258,0.8900275916436736,1.5180037021636963
Bearing3_1,2259,0.8904217579818684,1.5106875896453857
Bearing3_1,2260,0.8908159243200631,1.5262514352798462
Bearing3_1,2261,0.8912100906582577,1.528217077255249
Bearing3_1,2262,0.8916042569964525,1.5213642120361328
Bearing3_1,2263,0.8919984233346472,1.4864168167114258
Bearing3_1,2264,0.892392589672842,1.4910815954208374
Bearing3_1,2265,0.8927867560110366,1.486575961112976
Bearing3_1,2266,0.8931809223492314,1.4687774181365967
Bearing3_1,2267,0.8935750886874261,1.4260343313217163
Bearing3_1,2268,0.8939692550256209,1.4616081714630127
Bearing3_1,2269,0.8943634213638155,1.4534742832183838
Bearing3_1,2270,0.8947575877020102,1.4315283298492432
Bearing3_1,2271,0.895151754040205,1.4280544519424438
Bearing3_1,2272,0.8955459203783996,1.408237099647522
Bearing3_1,2273,0.8959400867165944,1.442444086074829
Bearing3_1,2274,0.8963342530547891,1.4528725147247314
Bearing3_1,2275,0.8967284193929839,1.4330285787582397
Bearing3_1,2276,0.8971225857311785,1.421021819114685
Bearing3_1,2277,0.8975167520693733,1.4433866739273071
Bearing3_1,2278,0.897910918407568,1.4176963567733765
Bearing3_1,2279,0.8983050847457628,1.4332879781723022
Bearing3_1,2280,0.8986992510839574,1.424325942993164
Bearing3_1,2281,0.8990934174221521,1.4285789728164673
Bearing3_1,2282,0.8994875837603469,1.4473320245742798
Bearing3_1,2283,0.8998817500985415,1.4430267810821533
Bearing3_1,2284,0.9002759164367363,1.4121589660644531
Bearing3_1,2285,0.900670082774931,1.4106969833374023
Bearing3_1,2286,0.9010642491131258,1.4309155941009521
Bearing3_1,2287,0.9014584154513204,1.4577316045761108
Bearing3_1,2288,0.9018525817895152,1.4318208694458008
Bearing3_1,2289,0.9022467481277099,1.4438092708587646
Bearing3_1,2290,0.9026409144659047,1.4730535745620728
Bearing3_1,2291,0.9030350808040993,1.5037561655044556
Bearing3_1,2292,0.903429247142294,1.4980052709579468
Bearing3_1,2293,0.9038234134804888,1.4983659982681274
Bearing3_1,2294,0.9042175798186834,1.5149781703948975
Bearing3_1,2295,0.9046117461568782,1.5306689739227295
Bearing3_1,2296,0.9050059124950729,1.5050595998764038
Bearing3_1,2297,0.9054000788332677,1.4949843883514404
Bearing3_1,2298,0.9057942451714623,1.5234975814819336
Bearing3_1,2299,0.9061884115096571,1.492169737815857
Bearing3_1,2300,0.9065825778478518,1.4938856363296509
Bearing3_1,2301,0.9069767441860465,1.4573150873184204
Bearing3_1,2302,0.9073709105242412,1.4882447719573975
Bearing3_1,2303,0.9077650768624359,1.4765760898590088
Bearing3_1,2304,0.9081592432006307,1.4630537033081055
Bearing3_1,2305,0.9085534095388254,1.463471531867981
Bearing3_1,2306,0.9089475758770201,1.5023399591445923
Bearing3_1,2307,0.9093417422152148,1.5158212184906006
Bearing3_1,2308,0.9097359085534096,1.5233020782470703
Bearing3_1,2309,0.9101300748916042,1.5595703125
Bearing3_1,2310,0.910524241229799,1.5515248775482178
Bearing3_1,2311,0.9109184075679937,1.608787178993225
Bearing3_1,2312,0.9113125739061884,1.5933078527450562
Bearing3_1,2313,0.9117067402443831,1.6073362827301025
Bearing3_1,2314,0.9121009065825778,1.6147830486297607
Bearing3_1,2315,0.9124950729207726,1.6023361682891846
Bearing3_1,2316,0.9128892392589673,1.5868861675262451
Bearing3_1,2317,0.913283405597162,1.5893456935882568
Bearing3_1,2318,0.9136775719353567,1.5845435857772827
Bearing3_1,2319,0.9140717382735515,1.5745036602020264
Bearing3_1,2320,0.9144659046117461,1.5578972101211548
Bearing3_1,2321,0.9148600709499409,1.5269739627838135
Bearing3_1,2322,0.9152542372881356,1.5055736303329468
Bearing3_1,2323,0.9156484036263303,1.489922285079956
Bearing3_1,2324,0.916042569964525,1.5077451467514038
Bearing3_1,2325,0.9164367363027197,1.534708023071289
Bearing3_1,2326,0.9168309026409145,1.5396915674209595
Bearing3_1,2327,0.9172250689791092,1.5347957611083984
Bearing3_1,2328,0.9176192353173039,1.5331774950027466
Bearing3_1,2329,0.9180134016554986,1.5355507135391235
Bearing3_1,2330,0.9184075679936934,1.5573631525039673
Bearing3_1,2331,0.918801734331888,1.552379846572876
Bearing3_1,2332,0.9191959006700827,1.5496816635131836
Bearing3_1,2333,0.9195900670082775,1.5508686304092407
Bearing3_1,2334,0.9199842333464722,1.5007165670394897
Bearing3_1,2335,0.920378399684667,1.512926697731018
Bearing3_1,2336,0.9207725660228616,1.541298508644104
Bearing3_1,2337,0.9211667323610564,1.566494345664978
Bearing3_1,2338,0.9215608986992511,1.6057281494140625
Bearing3_1,2339,0.9219550650374458,1.6168644428253174
Bearing3_1,2340,0.9223492313756405,1.6457469463348389
Bearing3_1,2341,0.9227433977138353,1.6831090450286865
Bearing3_1,2342,0.92313756405203,1.7306709289550781
Bearing3_1,2343,0.9235317303902246,1.7857179641723633
Bearing3_1,2344,0.9239258967284194,1.8684368133544922
Bearing3_1,2345,0.9243200630666141,1.902642846107483
Bearing3_1,2346,0.9247142294048089,1.969341516494751
Bearing3_1,2347,0.9251083957430035,2.0150389671325684
Bearing3_1,2348,0.9255025620811983,2.0727622509002686
Bearing3_1,2349,0.925896728419393,2.125164270401001
Bearing3_1,2350,0.9262908947575877,2.156254291534424
Bearing3_1,2351,0.9266850610957824,2.1899924278259277
Bearing3_1,2352,0.9270792274339772,2.243603467941284
Bearing3_1,2353,0.9274733937721719,2.2996408939361572
Bearing3_1,2354,0.9278675601103665,2.314493417739868
Bearing3_1,2355,0.9282617264485613,2.3305225372314453
Bearing3_1,2356,0.928655892786756,2.3112144470214844
Bearing3_1,2357,0.9290500591249508,2.3280558586120605
Bearing3_1,2358,0.9294442254631454,2.3126115798950195
Bearing3_1,2359,0.9298383918013402,2.343757152557373
Bearing3_1,2360,0.9302325581395349,2.3707127571105957
Bearing3_1,2361,0.9306267244777296,2.3943161964416504
Bearing3_1,2362,0.9310208908159243,2.3875198364257812
Bearing3_1,2363,0.931415057154119,2.3561277389526367
Bearing3_1,2364,0.9318092234923138,2.388148069381714
Bearing3_1,2365,0.9322033898305084,2.410186767578125
Bearing3_1,2366,0.9325975561687032,2.422779083251953
Bearing3_1,2367,0.9329917225068979,2.407062530517578
Bearing3_1,2368,0.9333858888450927,2.4070253372192383
Bearing3_1,2369,0.9337800551832873,2.3988444805145264
Bearing3_1,2370,0.9341742215214821,2.3861184120178223
Bearing3_1,2371,0.9345683878596768,2.3686718940734863
Bearing3_1,2372,0.9349625541978716,2.4026331901550293
Bearing3_1,2373,0.9353567205360662,2.421030044555664
Bearing3_1,2374,0.9357508868742609,2.4442667961120605
Bearing3_1,2375,0.9361450532124557,2.4576141834259033
Bearing3_1,2376,0.9365392195506503,2.4926986694335938
Bearing3_1,2377,0.9369333858888451,2.5198287963867188
Bearing3_1,2378,0.9373275522270398,2.5635828971862793
Bearing3_1,2379,0.9377217185652346,2.6265923976898193
Bearing3_1,2380,0.9381158849034292,2.6792893409729004
Bearing3_1,2381,0.938510051241624,2.748548984527588
Bearing3_1,2382,0.9389042175798187,2.8185927867889404
Bearing3_1,2383,0.9392983839180133,2.9128708839416504
Bearing3_1,2384,0.9396925502562081,2.9680862426757812
Bearing3_1,2385,0.9400867165944028,3.0177407264709473
Bearing3_1,2386,0.9404808829325976,3.0666909217834473
Bearing3_1,2387,0.9408750492707922,3.15313720703125
Bearing3_1,2388,0.941269215608987,3.247332811355591
Bearing3_1,2389,0.9416633819471817,3.28242826461792
Bearing3_1,2390,0.9420575482853765,3.3746039867401123
Bearing3_1,2391,0.9424517146235711,3.4327399730682373
Bearing3_1,2392,0.9428458809617659,3.4920830726623535
Bearing3_1,2393,0.9432400472999606,3.497267961502075
Bearing3_1,2394,0.9436342136381553,3.561913251876831
Bearing3_1,2395,0.94402837997635,3.6715476512908936
Bearing3_1,2396,0.9444225463145447,3.725414752960205
Bearing3_1,2397,0.9448167126527395,3.787052631378174
Bearing3_1,2398,0.9452108789909341,3.8909049034118652
Bearing3_1,2399,0.9456050453291289,3.982757091522217
Bearing3_1,2400,0.9459992116673236,4.051816463470459
Bearing3_1,2401,0.9463933780055184,4.107845306396484
Bearing3_1,2402,0.946787544343713,4.16822624206543
Bearing3_1,2403,0.9471817106819078,4.277148246765137
Bearing3_1,2404,0.9475758770201025,4.299849510192871
Bearing3_1,2405,0.9479700433582972,4.303334712982178
Bearing3_1,2406,0.9483642096964919,4.349623203277588
Bearing3_1,2407,0.9487583760346866,4.4088640213012695
Bearing3_1,2408,0.9491525423728814,4.432972431182861
Bearing3_1,2409,0.949546708711076,4.471818447113037
Bearing3_1,2410,0.9499408750492708,4.521567344665527
Bearing3_1,2411,0.9503350413874655,4.583518028259277
Bearing3_1,2412,0.9507292077256603,4.63840389251709
Bearing3_1,2413,0.9511233740638549,4.686061382293701
Bearing3_1,2414,0.9515175404020496,4.7790937423706055
Bearing3_1,2415,0.9519117067402444,4.8695759773254395
Bearing3_1,2416,0.9523058730784391,4.96697473526001
Bearing3_1,2417,0.9527000394166338,5.018673419952393
Bearing3_1,2418,0.9530942057548285,5.09280252456665
Bearing3_1,2419,0.9534883720930233,5.181784152984619
Bearing3_1,2420,0.953882538431218,5.254026412963867
Bearing3_1,2421,0.9542767047694127,5.338430881500244
Bearing3_1,2422,0.9546708711076074,5.404448509216309
Bearing3_1,2423,0.9550650374458022,5.507591724395752
Bearing3_1,2424,0.9554592037839968,5.619317054748535
Bearing3_1,2425,0.9558533701221915,5.682008266448975
Bearing3_1,2426,0.9562475364603863,5.773915767669678
Bearing3_1,2427,0.956641702798581,5.836826324462891
Bearing3_1,2428,0.9570358691367757,5.8958659172058105
Bearing3_1,2429,0.9574300354749704,5.941295623779297
Bearing3_1,2430,0.9578242018131652,6.004454135894775
Bearing3_1,2431,0.9582183681513599,6.068217754364014
Bearing3_1,2432,0.9586125344895546,6.131343841552734
Bearing3_1,2433,0.9590067008277493,6.157741546630859
Bearing3_1,2434,0.9594008671659441,6.124402046203613
Bearing3_1,2435,0.9597950335041388,6.174095630645752
Bearing3_1,2436,0.9601891998423334,6.149603843688965
Bearing3_1,2437,0.9605833661805282,6.139868259429932
Bearing3_1,2438,0.9609775325187229,6.101168155670166
Bearing3_1,2439,0.9613716988569176,6.033973217010498
Bearing3_1,2440,0.9617658651951123,5.985953330993652
Bearing3_1,2441,0.9621600315333071,5.907137393951416
Bearing3_1,2442,0.9625541978715018,5.864250659942627
Bearing3_1,2443,0.9629483642096965,5.846522331237793
Bearing3_1,2444,0.9633425305478912,5.797740936279297
Bearing3_1,2445,0.9637366968860859,5.7115068435668945
Bearing3_1,2446,0.9641308632242807,5.702414512634277
Bearing3_1,2447,0.9645250295624753,5.756336688995361
Bearing3_1,2448,0.9649191959006701,5.780766487121582
Bearing3_1,2449,0.9653133622388648,5.851386070251465
Bearing3_1,2450,0.9657075285770595,5.8818182945251465
Bearing3_1,2451,0.9661016949152542,6.039570331573486
Bearing3_1,2452,0.966495861253449,6.155083656311035
Bearing3_1,2453,0.9668900275916437,6.307432651519775
Bearing3_1,2454,0.9672841939298384,6.565537929534912
Bearing3_1,2455,0.9676783602680331,6.775071620941162
Bearing3_1,2456,0.9680725266062278,7.029500484466553
Bearing3_1,2457,0.9684666929444226,7.212673187255859
Bearing3_1,2458,0.9688608592826172,7.437004089355469
Bearing3_1,2459,0.969255025620812,7.659517765045166
Bearing3_1,2460,0.9696491919590067,7.8940887451171875
Bearing3_1,2461,0.9700433582972015,8.06021785736084
Bearing3_1,2462,0.9704375246353961,8.266218185424805
Bearing3_1,2463,0.9708316909735909,8.461090087890625
Bearing3_1,2464,0.9712258573117856,8.834416389465332
Bearing3_1,2465,0.9716200236499803,9.283628463745117
Bearing3_1,2466,0.972014189988175,9.640830993652344
Bearing3_1,2467,0.9724083563263697,9.96574878692627
Bearing3_1,2468,0.9728025226645645,10.29650592803955
Bearing3_1,2469,0.9731966890027591,10.611562728881836
Bearing3_1,2470,0.9735908553409539,10.892614364624023
Bearing3_1,2471,0.9739850216791486,11.154420852661133
Bearing3_1,2472,0.9743791880173434,11.38054370880127
Bearing3_1,2473,0.974773354355538,11.514869689941406
Bearing3_1,2474,0.9751675206937328,11.4171142578125
Bearing3_1,2475,0.9755616870319275,11.286787986755371
Bearing3_1,2476,0.9759558533701221,11.193719863891602
Bearing3_1,2477,0.9763500197083169,11.123407363891602
Bearing3_1,2478,0.9767441860465116,11.0600004196167
Bearing3_1,2479,0.9771383523847064,11.1100492477417
Bearing3_1,2480,0.977532518722901,11.09550952911377
Bearing3_1,2481,0.9779266850610958,11.146651268005371
Bearing3_1,2482,0.9783208513992905,11.351353645324707
Bearing3_1,2483,0.9787150177374853,11.590906143188477
Bearing3_1,2484,0.9791091840756799,11.957895278930664
Bearing3_1,2485,0.9795033504138747,12.356754302978516
Bearing3_1,2486,0.9798975167520694,12.712040901184082
Bearing3_1,2487,0.980291683090264,13.093141555786133
Bearing3_1,2488,0.9806858494284588,13.433435440063477
Bearing3_1,2489,0.9810800157666535,13.73369312286377
Bearing3_1,2490,0.9814741821048483,14.127385139465332
Bearing3_1,2491,0.9818683484430429,14.45720100402832
Bearing3_1,2492,0.9822625147812377,14.611616134643555
Bearing3_1,2493,0.9826566811194324,14.891494750976562
Bearing3_1,2494,0.9830508474576272,15.02265453338623
Bearing3_1,2495,0.9834450137958218,15.065701484680176
Bearing3_1,2496,0.9838391801340165,15.15953540802002
Bearing3_1,2497,0.9842333464722113,15.225996017456055
Bearing3_1,2498,0.984627512810406,15.250801086425781
Bearing3_1,2499,0.9850216791486007,15.238433837890625
Bearing3_1,2500,0.9854158454867954,15.189979553222656
Bearing3_1,2501,0.9858100118249902,15.041216850280762
Bearing3_1,2502,0.9862041781631848,15.03361988067627
Bearing3_1,2503,0.9865983445013796,14.956324577331543
Bearing3_1,2504,0.9869925108395743,14.890851020812988
Bearing3_1,2505,0.9873866771777691,14.91467571258545
Bearing3_1,2506,0.9877808435159637,14.845651626586914
Bearing3_1,2507,0.9881750098541584,14.941096305847168
Bearing3_1,2508,0.9885691761923532,15.09503173828125
Bearing3_1,2509,0.9889633425305479,15.2499361038208
Bearing3_1,2510,0.9893575088687426,15.409991264343262
Bearing3_1,2511,0.9897516752069373,15.654626846313477
Bearing3_1,2512,0.9901458415451321,15.808743476867676
Bearing3_1,2513,0.9905400078833267,15.972314834594727
Bearing3_1,2514,0.9909341742215215,16.20990753173828
Bearing3_1,2515,0.9913283405597162,16.410335540771484
Bearing3_1,2516,0.991722506897911,16.754961013793945
Bearing3_1,2517,0.9921166732361056,17.019128799438477
Bearing3_1,2518,0.9925108395743003,17.3990535736084
Bearing3_1,2519,0.9929050059124951,17.742055892944336
Bearing3_1,2520,0.9932991722506898,18.083179473876953
Bearing3_1,2521,0.9936933385888845,18.490158081054688
Bearing3_1,2522,0.9940875049270792,18.8552303314209
Bearing3_1,2523,0.994481671265274,19.205005645751953
Bearing3_1,2524,0.9948758376034686,19.70380210876465
Bearing3_1,2525,0.9952700039416634,20.282983779907227
Bearing3_1,2526,0.9956641702798581,20.590423583984375
Bearing3_1,2527,0.9960583366180528,20.685447692871094
Bearing3_1,2528,0.9964525029562475,20.877552032470703
Bearing3_1,2529,0.9968466692944422,21.019100189208984
Bearing3_1,2530,0.997240835632637,21.297761917114258
Bearing3_1,2531,0.9976350019708317,21.730043411254883
Bearing3_1,2532,0.9980291683090264,22.20949935913086
Bearing3_1,2533,0.9984233346472211,22.72146987915039
Bearing3_1,2534,0.9988175009854159,23.072174072265625
Bearing3_1,2535,0.9992116673236106,23.54701805114746
Bearing3_1,2536,0.9996058336618053,24.365978240966797
Bearing3_1,2537,1.0,25.320781707763672
Bearing3_2,0,0.0,-0.8107349872589111
Bearing3_2,1,0.0004008016032064128,-0.9228777885437012
Bearing3_2,2,0.0008016032064128256,-1.1362602710723877
Bearing3_2,3,0.0012024048096192384,-0.6866359114646912
Bearing3_2,4,0.0016032064128256513,-0.7039580345153809
Bearing3_2,5,0.002004008016032064,-0.6930696368217468
Bearing3_2,6,0.002404809619238477,-0.7665000557899475
Bearing3_2,7,0.0028056112224448897,-0.5373281836509705
Bearing3_2,8,0.0032064128256513026,-0.6461510062217712
Bearing3_2,9,0.0036072144288577155,-0.2601190507411957
Bearing3_2,10,0.004008016032064128,-0.23668864369392395
Bearing3_2,11,0.004408817635270541,0.1117093563079834
Bearing3_2,12,0.004809619238476954,0.20518679916858673
Bearing3_2,13,0.0052104208416833666,0.18041732907295227
Bearing3_2,14,0.0056112224448897794,0.35197848081588745
Bearing3_2,15,0.006012024048096192,0.42744866013526917
Bearing3_2,16,0.006412825651302605,0.6603249907493591
Bearing3_2,17,0.006813627254509018,0.5178862810134888
Bearing3_2,18,0.007214428857715431,0.8407143354415894
Bearing3_2,19,0.007615230460921844,0.6593815088272095
Bearing3_2,20,0.008016032064128256,0.7460155487060547
Bearing3_2,21,0.008416833667334669,0.4226011335849762
Bearing3_2,22,0.008817635270541082,0.47549867630004883
Bearing3_2,23,0.009218436873747494,0.48759809136390686
Bearing3_2,24,0.009619238476953907,0.41044360399246216
Bearing3_2,25,0.01002004008016032,0.5491623878479004
Bearing3_2,26,0.010420841683366733,0.49270448088645935
Bearing3_2,27,0.010821643286573146,0.5449644327163696
Bearing3_2,28,0.011222444889779559,0.4139610230922699
Bearing3_2,29,0.011623246492985972,0.42583274841308594
Bearing3_2,30,0.012024048096192385,0.5106222629547119
Bearing3_2,31,0.012424849699398798,0.6995723247528076
Bearing3_2,32,0.01282565130260521,0.6444999575614929
Bearing3_2,33,0.013226452905811623,0.69941246509552
Bearing3_2,34,0.013627254509018036,0.855500340461731
Bearing3_2,35,0.014028056112224449,0.8551028966903687
Bearing3_2,36,0.014428857715430862,0.9994335174560547
Bearing3_2,37,0.014829659318637275,1.1652997732162476
Bearing3_2,38,0.015230460921843688,1.274066686630249
Bearing3_2,39,0.0156312625250501,1.2808196544647217
Bearing3_2,40,0.01603206412825651,1.3166415691375732
Bearing3_2,41,0.016432865731462926,1.4548723697662354
Bearing3_2,42,0.016833667334669337,1.5704095363616943
Bearing3_2,43,0.017234468937875752,1.7826454639434814
Bearing3_2,44,0.017635270541082163,1.853691816329956
Bearing3_2,45,0.018036072144288578,1.9854366779327393
Bearing3_2,46,0.01843687374749499,1.923973798751831
Bearing3_2,47,0.018837675350701404,2.0426087379455566
Bearing3_2,48,0.019238476953907815,2.0775856971740723
Bearing3_2,49,0.01963927855711423,1.9925047159194946
Bearing3_2,50,0.02004008016032064,1.8163912296295166
Bearing3_2,51,0.020440881763527055,2.200413465499878
Bearing3_2,52,0.020841683366733466,2.677109956741333
Bearing3_2,53,0.02124248496993988,2.441425085067749
Bearing3_2,54,0.021643286573146292,2.3396081924438477
Bearing3_2,55,0.022044088176352707,2.496593952178955
Bearing3_2,56,0.022444889779559118,2.636854887008667
Bearing3_2,57,0.022845691382765532,2.688532590866089
Bearing3_2,58,0.023246492985971944,2.863189697265625
Bearing3_2,59,0.023647294589178358,3.1234488487243652
Bearing3_2,60,0.02404809619238477,3.5395431518554688
Bearing3_2,61,0.024448897795591184,3.0715370178222656
Bearing3_2,62,0.024849699398797595,3.219878673553467
Bearing3_2,63,0.02525050100200401,3.185335874557495
Bearing3_2,64,0.02565130260521042,3.2540881633758545
Bearing3_2,65,0.026052104208416832,3.4451072216033936
Bearing3_2,66,0.026452905811623247,3.3435986042022705
Bearing3_2,67,0.026853707414829658,3.3094334602355957
Bearing3_2,68,0.027254509018036072,3.205937623977661
Bearing3_2,69,0.027655310621242483,3.4534504413604736
Bearing3_2,70,0.028056112224448898,3.371070384979248
Bearing3_2,71,0.02845691382765531,3.9954497814178467
Bearing3_2,72,0.028857715430861724,3.796926975250244
Bearing3_2,73,0.029258517034068135,4.327090263366699
Bearing3_2,74,0.02965931863727455,4.59494686126709
Bearing3_2,75,0.03006012024048096,4.667072772979736
Bearing3_2,76,0.030460921843687375,5.0998430252075195
Bearing3_2,77,0.030861723446893786,5.546623229980469
Bearing3_2,78,0.0312625250501002,5.992160797119141
Bearing3_2,79,0.031663326653306616,6.1860504150390625
Bearing3_2,80,0.03206412825651302,6.216950416564941
Bearing3_2,81,0.03246492985971944,6.066539764404297
Bearing3_2,82,0.03286573146292585,6.045095920562744
Bearing3_2,83,0.03326653306613227,6.662001132965088
Bearing3_2,84,0.033667334669338675,7.1181230545043945
Bearing3_2,85,0.03406813627254509,7.670449256896973
Bearing3_2,86,0.034468937875751504,8.100011825561523
Bearing3_2,87,0.03486973947895792,8.250672340393066
Bearing3_2,88,0.035270541082164326,8.483405113220215
Bearing3_2,89,0.03567134268537074,8.600830078125
Bearing3_2,90,0.036072144288577156,8.95036506652832
Bearing3_2,91,0.03647294589178357,9.127470970153809
Bearing3_2,92,0.03687374749498998,9.01304817199707
Bearing3_2,93,0.03727454909819639,8.237136840820312
Bearing3_2,94,0.03767535070140281,7.746584892272949
Bearing3_2,95,0.03807615230460922,6.558213710784912
Bearing3_2,96,0.03847695390781563,5.814673900604248
Bearing3_2,97,0.038877755511022044,5.003751277923584
Bearing3_2,98,0.03927855711422846,4.207563877105713
Bearing3_2,99,0.039679358717434866,3.398057460784912
Bearing3_2,100,0.04008016032064128,2.815861463546753
Bearing3_2,101,0.040480961923847696,2.072829484939575
Bearing3_2,102,0.04088176352705411,1.5841450691223145
Bearing3_2,103,0.04128256513026052,1.2633692026138306
Bearing3_2,104,0.04168336673346693,0.7684667706489563
Bearing3_2,105,0.04208416833667335,0.6737898588180542
Bearing3_2,106,0.04248496993987976,0.40312448143959045
Bearing3_2,107,0.04288577154308617,0.2883678078651428
Bearing3_2,108,0.043286573146292584,0.06496908515691757
Bearing3_2,109,0.043687374749499,-0.043796539306640625
Bearing3_2,110,0.04408817635270541,-0.16621577739715576
Bearing3_2,111,0.04448897795591182,-0.2151503562927246
Bearing3_2,112,0.044889779559118236,-0.13731403648853302
Bearing3_2,113,0.04529058116232465,-0.25300413370132446
Bearing3_2,114,0.045691382765531065,-0.2071819305419922
Bearing3_2,115,0.04609218436873747,0.5159856081008911
Bearing3_2,116,0.04649298597194389,0.7825737595558167
Bearing3_2,117,0.0468937875751503,0.8319547772407532
Bearing3_2,118,0.047294589178356716,0.8697130084037781
Bearing3_2,119,0.047695390781563124,0.8979280591011047
Bearing3_2,120,0.04809619238476954,1.0587371587753296
Bearing3_2,121,0.04849699398797595,0.9105321764945984
Bearing3_2,122,0.04889779559118237,0.9303442239761353
Bearing3_2,123,0.049298597194388775,1.0270271301269531
Bearing3_2,124,0.04969939879759519,0.9279074668884277
Bearing3_2,125,0.050100200400801605,0.267547070980072
Bearing3_2,126,0.05050100200400802,-0.17472097277641296
Bearing3_2,127,0.05090180360721443,-0.1646287441253662
Bearing3_2,128,0.05130260521042084,-0.23943328857421875
Bearing3_2,129,0.051703406813627256,-0.14556162059307098
Bearing3_2,130,0.052104208416833664,-0.2319795787334442
Bearing3_2,131,0.05250501002004008,-0.3640579581260681
Bearing3_2,132,0.05290581162324649,-0.270502507686615
Bearing3_2,133,0.05330661322645291,-0.7190454602241516
Bearing3_2,134,0.053707414829659315,-0.6568938493728638
Bearing3_2,135,0.05410821643286573,-0.8105889558792114
Bearing3_2,136,0.054509018036072145,-0.732790470123291
Bearing3_2,137,0.05490981963927856,-0.7300480604171753
Bearing3_2,138,0.05531062124248497,-0.5471059083938599
Bearing3_2,139,0.05571142284569138,-0.8664848208427429
Bearing3_2,140,0.056112224448897796,-0.9979689717292786
Bearing3_2,141,0.05651302605210421,-0.7496556043624878
Bearing3_2,142,0.05691382765531062,-0.7582637071609497
Bearing3_2,143,0.05731462925851703,-0.7494754791259766
Bearing3_2,144,0.05771543086172345,-0.8611305952072144
Bearing3_2,145,0.05811623246492986,-0.9084998369216919
Bearing3_2,146,0.05851703406813627,-1.0120035409927368
Bearing3_2,147,0.058917835671342685,-1.3563631772994995
Bearing3_2,148,0.0593186372745491,-1.5858395099639893
Bearing3_2,149,0.059719438877755514,-1.4680794477462769
Bearing3_2,150,0.06012024048096192,-1.5468391180038452
Bearing3_2,151,0.060521042084168336,-1.2661648988723755
Bearing3_2,152,0.06092184368737475,-0.9837902188301086
Bearing3_2,153,0.061322645290581165,-0.2885414659976959
Bearing3_2,154,0.06172344689378757,0.18728509545326233
Bearing3_2,155,0.06212424849699399,0.5457788705825806
Bearing3_2,156,0.0625250501002004,1.1470088958740234
Bearing3_2,157,0.06292585170340681,1.8710241317749023
Bearing3_2,158,0.06332665330661323,2.502246856689453
Bearing3_2,159,0.06372745490981964,3.284057140350342
Bearing3_2,160,0.06412825651302605,4.188561916351318
Bearing3_2,161,0.06452905811623247,4.757630825042725
Bearing3_2,162,0.06492985971943888,5.1359357833862305
Bearing3_2,163,0.06533066132264528,5.297274589538574
Bearing3_2,164,0.0657314629258517,5.480690956115723
Bearing3_2,165,0.06613226452905811,5.860456943511963
Bearing3_2,166,0.06653306613226453,6.308566093444824
Bearing3_2,167,0.06693386773547094,6.7073655128479
Bearing3_2,168,0.06733466933867735,7.515024662017822
Bearing3_2,169,0.06773547094188377,8.124269485473633
Bearing3_2,170,0.06813627254509018,8.304425239562988
Bearing3_2,171,0.06853707414829659,8.537424087524414
Bearing3_2,172,0.06893787575150301,8.788861274719238
Bearing3_2,173,0.06933867735470942,9.235551834106445
Bearing3_2,174,0.06973947895791584,10.009245872497559
Bearing3_2,175,0.07014028056112225,10.382818222045898
Bearing3_2,176,0.07054108216432865,10.485296249389648
Bearing3_2,177,0.07094188376753507,10.756599426269531
Bearing3_2,178,0.07134268537074148,10.53014087677002
Bearing3_2,179,0.07174348697394789,10.158357620239258
Bearing3_2,180,0.07214428857715431,9.908987045288086
Bearing3_2,181,0.07254509018036072,9.413995742797852
Bearing3_2,182,0.07294589178356714,8.8475341796875
Bearing3_2,183,0.07334669338677355,8.209123611450195
Bearing3_2,184,0.07374749498997996,7.016573905944824
Bearing3_2,185,0.07414829659318638,6.372567176818848
Bearing3_2,186,0.07454909819639279,5.635364055633545
Bearing3_2,187,0.07494989979959919,4.706359386444092
Bearing3_2,188,0.07535070140280561,3.719317674636841
Bearing3_2,189,0.07575150300601202,2.904963970184326
Bearing3_2,190,0.07615230460921844,2.3556416034698486
Bearing3_2,191,0.07655310621242485,1.8356927633285522
Bearing3_2,192,0.07695390781563126,1.4498077630996704
Bearing3_2,193,0.07735470941883768,0.9918555021286011
Bearing3_2,194,0.07775551102204409,1.0193870067596436
Bearing3_2,195,0.0781563126252505,0.5915738940238953
Bearing3_2,196,0.07855711422845692,0.40990886092185974
Bearing3_2,197,0.07895791583166333,0.21885065734386444
Bearing3_2,198,0.07935871743486973,0.09698145091533661
Bearing3_2,199,0.07975951903807615,0.2579067349433899
Bearing3_2,200,0.08016032064128256,0.145415261387825
Bearing3_2,201,0.08056112224448898,0.26067501306533813
Bearing3_2,202,0.08096192384769539,0.4039607644081116
Bearing3_2,203,0.0813627254509018,0.8254556655883789
Bearing3_2,204,0.08176352705410822,0.5686742663383484
Bearing3_2,205,0.08216432865731463,0.7271836400032043
Bearing3_2,206,0.08256513026052104,0.44353094696998596
Bearing3_2,207,0.08296593186372746,0.3813323676586151
Bearing3_2,208,0.08336673346693386,0.4336565136909485
Bearing3_2,209,0.08376753507014029,0.12114033848047256
Bearing3_2,210,0.0841683366733467,0.12399997562170029
Bearing3_2,211,0.0845691382765531,-0.05558300018310547
Bearing3_2,212,0.08496993987975952,-0.18439450860023499
Bearing3_2,213,0.08537074148296593,-0.5691784620285034
Bearing3_2,214,0.08577154308617234,-0.3802119493484497
Bearing3_2,215,0.08617234468937876,-0.556297779083252
Bearing3_2,216,0.08657314629258517,-0.33459219336509705
Bearing3_2,217,0.08697394789579159,-0.36162734031677246
Bearing3_2,218,0.087374749498998,-0.5497778654098511
Bearing3_2,219,0.0877755511022044,-0.5394824147224426
Bearing3_2,220,0.08817635270541083,-0.8778690099716187
Bearing3_2,221,0.08857715430861723,-1.3118091821670532
Bearing3_2,222,0.08897795591182364,-1.3527419567108154
Bearing3_2,223,0.08937875751503006,-1.3708832263946533
Bearing3_2,224,0.08977955911823647,-1.5891557931900024
Bearing3_2,225,0.09018036072144289,-1.4786368608474731
Bearing3_2,226,0.0905811623246493,-1.5286566019058228
Bearing3_2,227,0.09098196392785571,-1.578493356704712
Bearing3_2,228,0.09138276553106213,-1.395475149154663
Bearing3_2,229,0.09178356713426854,-1.596825361251831
Bearing3_2,230,0.09218436873747494,-1.3235869407653809
Bearing3_2,231,0.09258517034068137,-0.9851069450378418
Bearing3_2,232,0.09298597194388777,-1.2032021284103394
Bearing3_2,233,0.09338677354709418,-1.495551347732544
Bearing3_2,234,0.0937875751503006,-1.3610987663269043
Bearing3_2,235,0.09418837675350701,-1.4232208728790283
Bearing3_2,236,0.09458917835671343,-1.573555827140808
Bearing3_2,237,0.09498997995991984,-1.5751434564590454
Bearing3_2,238,0.09539078156312625,-1.6009724140167236
Bearing3_2,239,0.09579158316633267,-1.6142852306365967
Bearing3_2,240,0.09619238476953908,-1.7384496927261353
Bearing3_2,241,0.09659318637274548,-1.690537452697754
Bearing3_2,242,0.0969939879759519,-1.6005675792694092
Bearing3_2,243,0.09739478957915831,-1.196217656135559
Bearing3_2,244,0.09779559118236474,-1.150668740272522
Bearing3_2,245,0.09819639278557114,-1.1448256969451904
Bearing3_2,246,0.09859719438877755,-1.2012182474136353
Bearing3_2,247,0.09899799599198397,-1.0804593563079834
Bearing3_2,248,0.09939879759519038,-1.162253975868225
Bearing3_2,249,0.09979959919839679,-0.9471807479858398
Bearing3_2,250,0.10020040080160321,-0.9641006588935852
Bearing3_2,251,0.10060120240480962,-0.9029896855354309
Bearing3_2,252,0.10100200400801604,-0.9838517904281616
Bearing3_2,253,0.10140280561122245,-1.0306094884872437
Bearing3_2,254,0.10180360721442885,-1.2185099124908447
Bearing3_2,255,0.10220440881763528,-1.6010528802871704
Bearing3_2,256,0.10260521042084168,-1.3782906532287598
Bearing3_2,257,0.10300601202404809,-1.2956792116165161
Bearing3_2,258,0.10340681362725451,-1.264069676399231
Bearing3_2,259,0.10380761523046092,-1.1992160081863403
Bearing3_2,260,0.10420841683366733,-1.2498449087142944
Bearing3_2,261,0.10460921843687375,-1.518341302871704
Bearing3_2,262,0.10501002004008016,-1.1304203271865845
Bearing3_2,263,0.10541082164328658,-0.9923194646835327
Bearing3_2,264,0.10581162324649299,-1.0209896564483643
Bearing3_2,265,0.1062124248496994,-0.6769523024559021
Bearing3_2,266,0.10661322645290582,-0.6437981724739075
Bearing3_2,267,0.10701402805611222,-0.7521520853042603
Bearing3_2,268,0.10741482965931863,-0.7434527277946472
Bearing3_2,269,0.10781563126252505,-1.148010015487671
Bearing3_2,270,0.10821643286573146,-0.8218315839767456
Bearing3_2,271,0.10861723446893788,-0.4878155589103699
Bearing3_2,272,0.10901803607214429,-0.8394128084182739
Bearing3_2,273,0.1094188376753507,-1.0572316646575928
Bearing3_2,274,0.10981963927855712,-1.2197610139846802
Bearing3_2,275,0.11022044088176353,-1.3230273723602295
Bearing3_2,276,0.11062124248496993,-1.264435887336731
Bearing3_2,277,0.11102204408817636,-1.5343421697616577
Bearing3_2,278,0.11142284569138276,-1.416793942451477
Bearing3_2,279,0.11182364729458918,-0.9803178906440735
Bearing3_2,280,0.11222444889779559,-1.0576934814453125
Bearing3_2,281,0.112625250501002,-1.1845786571502686
Bearing3_2,282,0.11302605210420842,-1.0116453170776367
Bearing3_2,283,0.11342685370741483,-0.8283963203430176
Bearing3_2,284,0.11382765531062124,-0.5943811535835266
Bearing3_2,285,0.11422845691382766,-0.45844918489456177
Bearing3_2,286,0.11462925851703407,-0.4452204704284668
Bearing3_2,287,0.11503006012024049,-0.19627754390239716
Bearing3_2,288,0.1154308617234469,-0.3696058988571167
Bearing3_2,289,0.1158316633266533,-0.4810860753059387
Bearing3_2,290,0.11623246492985972,-0.6774908900260925
Bearing3_2,291,0.11663326653306613,-0.6143738627433777
Bearing3_2,292,0.11703406813627254,-0.6495046019554138
Bearing3_2,293,0.11743486973947896,-0.8368463516235352
Bearing3_2,294,0.11783567134268537,-0.9207078814506531
Bearing3_2,295,0.11823647294589178,-0.8620144128799438
Bearing3_2,296,0.1186372745490982,-0.8992215394973755
Bearing3_2,297,0.1190380761523046,-0.8171988725662231
Bearing3_2,298,0.11943887775551103,-0.6338046193122864
Bearing3_2,299,0.11983967935871744,-0.3997676372528076
Bearing3_2,300,0.12024048096192384,-0.45586806535720825
Bearing3_2,301,0.12064128256513026,-0.8054008483886719
Bearing3_2,302,0.12104208416833667,-0.8384159207344055
Bearing3_2,303,0.12144288577154308,-0.6375051736831665
Bearing3_2,304,0.1218436873747495,-0.3489019274711609
Bearing3_2,305,0.12224448897795591,-0.5589954257011414
Bearing3_2,306,0.12264529058116233,-0.8843904733657837
Bearing3_2,307,0.12304609218436874,-0.994626522064209
Bearing3_2,308,0.12344689378757515,-0.9962224960327148
Bearing3_2,309,0.12384769539078157,-1.2998275756835938
Bearing3_2,310,0.12424849699398798,-1.164086103439331
Bearing3_2,311,0.12464929859719438,-0.7727985978126526
Bearing3_2,312,0.1250501002004008,-0.9444602727890015
Bearing3_2,313,0.1254509018036072,-0.9782304763793945
Bearing3_2,314,0.12585170340681362,-1.2051935195922852
Bearing3_2,315,0.12625250501002003,-0.9750922322273254
Bearing3_2,316,0.12665330661322646,-1.0093635320663452
Bearing3_2,317,0.12705410821643287,-0.905014157295227
Bearing3_2,318,0.12745490981963928,-1.1353447437286377
Bearing3_2,319,0.12785571142284569,-0.9567302465438843
Bearing3_2,320,0.1282565130260521,-0.8940156698226929
Bearing3_2,321,0.12865731462925853,-1.005459189414978
Bearing3_2,322,0.12905811623246494,-0.7392147183418274
Bearing3_2,323,0.12945891783567134,-1.0908137559890747
Bearing3_2,324,0.12985971943887775,-1.071953535079956
Bearing3_2,325,0.13026052104208416,-1.1258652210235596
Bearing3_2,326,0.13066132264529057,-0.8819411396980286
Bearing3_2,327,0.131062124248497,-0.7774615287780762
Bearing3_2,328,0.1314629258517034,-0.502020001411438
Bearing3_2,329,0.13186372745490982,-0.43161672353744507
Bearing3_2,330,0.13226452905811623,-0.6143150329589844
Bearing3_2,331,0.13266533066132263,-0.4268084168434143
Bearing3_2,332,0.13306613226452907,-0.48682135343551636
Bearing3_2,333,0.13346693386773548,-0.3092584013938904
Bearing3_2,334,0.13386773547094188,-0.03487088531255722
Bearing3_2,335,0.1342685370741483,-0.08883833885192871
Bearing3_2,336,0.1346693386773547,-0.046334147453308105
Bearing3_2,337,0.13507014028056114,-0.21855393052101135
Bearing3_2,338,0.13547094188376754,-0.6682089567184448
Bearing3_2,339,0.13587174348697395,-0.7586081624031067
Bearing3_2,340,0.13627254509018036,-0.7085698246955872
Bearing3_2,341,0.13667334669338677,-1.1537303924560547
Bearing3_2,342,0.13707414829659317,-1.1220759153366089
Bearing3_2,343,0.1374749498997996,-1.2826058864593506
Bearing3_2,344,0.13787575150300602,-1.4157291650772095
Bearing3_2,345,0.13827655310621242,-1.3820524215698242
Bearing3_2,346,0.13867735470941883,-1.4499952793121338
Bearing3_2,347,0.13907815631262524,-1.4515830278396606
Bearing3_2,348,0.13947895791583168,-1.1383020877838135
Bearing3_2,349,0.13987975951903808,-1.3339965343475342
Bearing3_2,350,0.1402805611222445,-1.0914007425308228
Bearing3_2,351,0.1406813627254509,-0.7417079210281372
Bearing3_2,352,0.1410821643286573,-0.6992435455322266
Bearing3_2,353,0.14148296593186374,-0.6712409853935242
Bearing3_2,354,0.14188376753507015,-0.657549262046814
Bearing3_2,355,0.14228456913827656,-0.9182182550430298
Bearing3_2,356,0.14268537074148296,-1.1565346717834473
Bearing3_2,357,0.14308617234468937,-1.1714658737182617
Bearing3_2,358,0.14348697394789578,-1.2848970890045166
Bearing3_2,359,0.14388777555110221,-1.1614753007888794
Bearing3_2,360,0.14428857715430862,-1.3063620328903198
Bearing3_2,361,0.14468937875751503,-1.30876886844635
Bearing3_2,362,0.14509018036072144,-1.5006738901138306
Bearing3_2,363,0.14549098196392785,-1.330133080482483
Bearing3_2,364,0.14589178356713428,-1.5235482454299927
Bearing3_2,365,0.1462925851703407,-1.2590711116790771
Bearing3_2,366,0.1466933867735471,-0.9205420613288879
Bearing3_2,367,0.1470941883767535,-0.8852767944335938
Bearing3_2,368,0.1474949899799599,-0.6477840542793274
Bearing3_2,369,0.14789579158316632,-0.8029416799545288
Bearing3_2,370,0.14829659318637275,-0.7004082798957825
Bearing3_2,371,0.14869739478957916,-0.8015263676643372
Bearing3_2,372,0.14909819639278557,-0.826878547668457
Bearing3_2,373,0.14949899799599198,-0.5511034727096558
Bearing3_2,374,0.14989979959919839,-0.37863725423812866
Bearing3_2,375,0.15030060120240482,-0.22677481174468994
Bearing3_2,376,0.15070140280561123,-0.1336652785539627
Bearing3_2,377,0.15110220440881764,0.05371346324682236
Bearing3_2,378,0.15150300601202404,0.36115244030952454
Bearing3_2,379,0.15190380761523045,1.0707676410675049
Bearing3_2,380,0.1523046092184369,1.5657093524932861
Bearing3_2,381,0.1527054108216433,2.495588541030884
Bearing3_2,382,0.1531062124248497,3.367711305618286
Bearing3_2,383,0.1535070140280561,3.6918368339538574
Bearing3_2,384,0.15390781563126252,4.508273124694824
Bearing3_2,385,0.15430861723446893,5.146421432495117
Bearing3_2,386,0.15470941883767536,5.728304862976074
Bearing3_2,387,0.15511022044088177,6.141223907470703
Bearing3_2,388,0.15551102204408818,6.538311958312988
Bearing3_2,389,0.15591182364729458,6.880555152893066
Bearing3_2,390,0.156312625250501,7.075583457946777
Bearing3_2,391,0.15671342685370743,7.322572231292725
Bearing3_2,392,0.15711422845691383,7.784918785095215
Bearing3_2,393,0.15751503006012024,8.02003288269043
Bearing3_2,394,0.15791583166332665,7.981690406799316
Bearing3_2,395,0.15831663326653306,8.260570526123047
Bearing3_2,396,0.15871743486973947,8.067598342895508
Bearing3_2,397,0.1591182364729459,8.08973503112793
Bearing3_2,398,0.1595190380761523,7.997768402099609
Bearing3_2,399,0.15991983967935872,7.762238502502441
Bearing3_2,400,0.16032064128256512,7.573342323303223
Bearing3_2,401,0.16072144288577153,6.923336029052734
Bearing3_2,402,0.16112224448897797,6.386195659637451
Bearing3_2,403,0.16152304609218437,6.227967262268066
Bearing3_2,404,0.16192384769539078,5.956997871398926
Bearing3_2,405,0.1623246492985972,5.548112869262695
Bearing3_2,406,0.1627254509018036,5.585180759429932
Bearing3_2,407,0.16312625250501003,5.6791887283325195
Bearing3_2,408,0.16352705410821644,5.540925025939941
Bearing3_2,409,0.16392785571142285,5.480560302734375
Bearing3_2,410,0.16432865731462926,5.254544734954834
Bearing3_2,411,0.16472945891783566,5.396028995513916
Bearing3_2,412,0.16513026052104207,5.214755535125732
Bearing3_2,413,0.1655310621242485,4.897345542907715
Bearing3_2,414,0.16593186372745491,4.792628765106201
Bearing3_2,415,0.16633266533066132,4.480114936828613
Bearing3_2,416,0.16673346693386773,4.423473358154297
Bearing3_2,417,0.16713426853707414,4.232978820800781
Bearing3_2,418,0.16753507014028057,3.9090523719787598
Bearing3_2,419,0.16793587174348698,3.672980546951294
Bearing3_2,420,0.1683366733466934,3.622588634490967
Bearing3_2,421,0.1687374749498998,3.3975932598114014
Bearing3_2,422,0.1691382765531062,3.3400988578796387
Bearing3_2,423,0.1695390781563126,3.588191270828247
Bearing3_2,424,0.16993987975951905,3.6423192024230957
Bearing3_2,425,0.17034068136272545,3.8384437561035156
Bearing3_2,426,0.17074148296593186,3.8737709522247314
Bearing3_2,427,0.17114228456913827,3.6723532676696777
Bearing3_2,428,0.17154308617234468,4.010560989379883
Bearing3_2,429,0.1719438877755511,3.965555191040039
Bearing3_2,430,0.17234468937875752,3.9680798053741455
Bearing3_2,431,0.17274549098196393,4.128840446472168
Bearing3_2,432,0.17314629258517034,4.131680011749268
Bearing3_2,433,0.17354709418837674,4.073058128356934
Bearing3_2,434,0.17394789579158318,4.065447807312012
Bearing3_2,435,0.1743486973947896,4.315985202789307
Bearing3_2,436,0.174749498997996,4.207920074462891
Bearing3_2,437,0.1751503006012024,4.495938301086426
Bearing3_2,438,0.1755511022044088,4.45770788192749
Bearing3_2,439,0.17595190380761522,4.587261199951172
Bearing3_2,440,0.17635270541082165,4.447608470916748
Bearing3_2,441,0.17675350701402806,4.242790699005127
Bearing3_2,442,0.17715430861723447,4.077950477600098
Bearing3_2,443,0.17755511022044088,3.999636173248291
Bearing3_2,444,0.17795591182364728,4.142851829528809
Bearing3_2,445,0.17835671342685372,3.876455783843994
Bearing3_2,446,0.17875751503006013,3.971698760986328
Bearing3_2,447,0.17915831663326653,3.717036008834839
Bearing3_2,448,0.17955911823647294,3.576014280319214
Bearing3_2,449,0.17995991983967935,3.5696563720703125
Bearing3_2,450,0.18036072144288579,3.6693756580352783
Bearing3_2,451,0.1807615230460922,3.6959121227264404
Bearing3_2,452,0.1811623246492986,4.022625923156738
Bearing3_2,453,0.181563126252505,4.152626991271973
Bearing3_2,454,0.18196392785571142,3.874816417694092
Bearing3_2,455,0.18236472945891782,3.551922559738159
Bearing3_2,456,0.18276553106212426,3.5044288635253906
Bearing3_2,457,0.18316633266533067,3.4475340843200684
Bearing3_2,458,0.18356713426853707,3.5264892578125
Bearing3_2,459,0.18396793587174348,3.2467103004455566
Bearing3_2,460,0.1843687374749499,3.433457851409912
Bearing3_2,461,0.18476953907815633,3.4278805255889893
Bearing3_2,462,0.18517034068136273,3.187530517578125
Bearing3_2,463,0.18557114228456914,2.902235507965088
Bearing3_2,464,0.18597194388777555,2.9472975730895996
Bearing3_2,465,0.18637274549098196,3.1798110008239746
Bearing3_2,466,0.18677354709418836,3.08463716506958
Bearing3_2,467,0.1871743486973948,3.137342929840088
Bearing3_2,468,0.1875751503006012,2.9985735416412354
Bearing3_2,469,0.18797595190380761,3.1551339626312256
Bearing3_2,470,0.18837675350701402,3.4069113731384277
Bearing3_2,471,0.18877755511022043,3.3467888832092285
Bearing3_2,472,0.18917835671342687,3.4660472869873047
Bearing3_2,473,0.18957915831663327,3.3045310974121094
Bearing3_2,474,0.18997995991983968,3.1409964561462402
Bearing3_2,475,0.1903807615230461,3.0382652282714844
Bearing3_2,476,0.1907815631262525,2.9132399559020996
Bearing3_2,477,0.19118236472945893,2.801868438720703
Bearing3_2,478,0.19158316633266534,2.884127140045166
Bearing3_2,479,0.19198396793587175,2.755681037902832
Bearing3_2,480,0.19238476953907815,2.453871011734009
Bearing3_2,481,0.19278557114228456,2.174708843231201
Bearing3_2,482,0.19318637274549097,2.084725856781006
Bearing3_2,483,0.1935871743486974,2.2635509967803955
Bearing3_2,484,0.1939879759519038,2.2537155151367188
Bearing3_2,485,0.19438877755511022,2.0018324851989746
Bearing3_2,486,0.19478957915831663,1.8436329364776611
Bearing3_2,487,0.19519038076152304,2.0338752269744873
Bearing3_2,488,0.19559118236472947,2.060868263244629
Bearing3_2,489,0.19599198396793588,1.983076810836792
Bearing3_2,490,0.1963927855711423,1.979071855545044
Bearing3_2,491,0.1967935871743487,2.3358054161071777
Bearing3_2,492,0.1971943887775551,2.2388248443603516
Bearing3_2,493,0.1975951903807615,2.4411559104919434
Bearing3_2,494,0.19799599198396794,2.637474536895752
Bearing3_2,495,0.19839679358717435,2.77193021774292
Bearing3_2,496,0.19879759519038076,3.203212022781372
Bearing3_2,497,0.19919839679358717,2.669757127761841
Bearing3_2,498,0.19959919839679358,2.7766032218933105
Bearing3_2,499,0.2,2.977837324142456
Bearing3_2,500,0.20040080160320642,2.972240447998047
Bearing3_2,501,0.20080160320641283,2.8441002368927
Bearing3_2,502,0.20120240480961923,3.0603678226470947
Bearing3_2,503,0.20160320641282564,2.8321585655212402
Bearing3_2,504,0.20200400801603208,3.048409938812256
Bearing3_2,505,0.20240480961923848,3.4101269245147705
Bearing3_2,506,0.2028056112224449,3.494157314300537
Bearing3_2,507,0.2032064128256513,4.077056407928467
Bearing3_2,508,0.2036072144288577,4.06664514541626
Bearing3_2,509,0.20400801603206412,4.257678031921387
Bearing3_2,510,0.20440881763527055,4.126160621643066
Bearing3_2,511,0.20480961923847696,4.264438629150391
Bearing3_2,512,0.20521042084168337,4.283112525939941
Bearing3_2,513,0.20561122244488977,4.511801242828369
Bearing3_2,514,0.20601202404809618,4.4195451736450195
Bearing3_2,515,0.20641282565130262,4.4948296546936035
Bearing3_2,516,0.20681362725450902,4.260179042816162
Bearing3_2,517,0.20721442885771543,4.323610782623291
Bearing3_2,518,0.20761523046092184,4.072779655456543
Bearing3_2,519,0.20801603206412825,4.00106954574585
Bearing3_2,520,0.20841683366733466,4.005445957183838
Bearing3_2,521,0.2088176352705411,4.214622497558594
Bearing3_2,522,0.2092184368737475,4.542916297912598
Bearing3_2,523,0.2096192384769539,4.615133285522461
Bearing3_2,524,0.21002004008016031,4.416719436645508
Bearing3_2,525,0.21042084168336672,4.344249248504639
Bearing3_2,526,0.21082164328657316,4.369826316833496
Bearing3_2,527,0.21122244488977956,4.348321914672852
Bearing3_2,528,0.21162324649298597,4.367103099822998
Bearing3_2,529,0.21202404809619238,4.446572780609131
Bearing3_2,530,0.2124248496993988,4.521670341491699
Bearing3_2,531,0.21282565130260522,4.270182132720947
Bearing3_2,532,0.21322645290581163,3.9463272094726562
Bearing3_2,533,0.21362725450901804,3.7972159385681152
Bearing3_2,534,0.21402805611222445,4.029590129852295
Bearing3_2,535,0.21442885771543085,4.015379428863525
Bearing3_2,536,0.21482965931863726,4.080636978149414
Bearing3_2,537,0.2152304609218437,4.074489593505859
Bearing3_2,538,0.2156312625250501,4.104147911071777
Bearing3_2,539,0.2160320641282565,4.159764289855957
Bearing3_2,540,0.21643286573146292,4.311191082000732
Bearing3_2,541,0.21683366733466933,4.311610221862793
Bearing3_2,542,0.21723446893787576,4.307897090911865
Bearing3_2,543,0.21763527054108217,4.4029412269592285
Bearing3_2,544,0.21803607214428858,4.339295387268066
Bearing3_2,545,0.218436873747495,4.349948406219482
Bearing3_2,546,0.2188376753507014,4.31640625
Bearing3_2,547,0.21923847695390783,4.199599266052246
Bearing3_2,548,0.21963927855711424,4.215340614318848
Bearing3_2,549,0.22004008016032064,4.075778007507324
Bearing3_2,550,0.22044088176352705,4.0553741455078125
Bearing3_2,551,0.22084168336673346,4.0813798904418945
Bearing3_2,552,0.22124248496993987,4.0045576095581055
Bearing3_2,553,0.2216432865731463,3.678532123565674
Bearing3_2,554,0.2220440881763527,3.3176047801971436
Bearing3_2,555,0.22244488977955912,3.0017247200012207
Bearing3_2,556,0.22284569138276553,3.0581724643707275
Bearing3_2,557,0.22324649298597193,3.1733851432800293
Bearing3_2,558,0.22364729458917837,3.1529526710510254
Bearing3_2,559,0.22404809619238478,2.8301913738250732
Bearing3_2,560,0.22444889779559118,2.7726314067840576
Bearing3_2,561,0.2248496993987976,2.7858777046203613
Bearing3_2,562,0.225250501002004,2.764934539794922
Bearing3_2,563,0.2256513026052104,2.8772361278533936
Bearing3_2,564,0.22605210420841684,3.1511025428771973
Bearing3_2,565,0.22645290581162325,3.110304355621338
Bearing3_2,566,0.22685370741482966,2.8989768028259277
Bearing3_2,567,0.22725450901803607,2.813725233078003
Bearing3_2,568,0.22765531062124247,2.52923321723938
Bearing3_2,569,0.2280561122244489,2.741166830062866
Bearing3_2,570,0.22845691382765532,2.53169322013855
Bearing3_2,571,0.22885771543086172,2.1901261806488037
Bearing3_2,572,0.22925851703406813,2.133862018585205
Bearing3_2,573,0.22965931863727454,1.8777904510498047
Bearing3_2,574,0.23006012024048098,1.7629833221435547
Bearing3_2,575,0.23046092184368738,1.9697345495224
Bearing3_2,576,0.2308617234468938,2.085416078567505
Bearing3_2,577,0.2312625250501002,1.8030545711517334
Bearing3_2,578,0.2316633266533066,2.0118908882141113
Bearing3_2,579,0.232064128256513,1.8356800079345703
Bearing3_2,580,0.23246492985971945,2.0640735626220703
Bearing3_2,581,0.23286573146292586,2.2690017223358154
Bearing3_2,582,0.23326653306613226,2.1475510597229004
Bearing3_2,583,0.23366733466933867,2.4023067951202393
Bearing3_2,584,0.23406813627254508,2.317258358001709
Bearing3_2,585,0.23446893787575152,2.419546365737915
Bearing3_2,586,0.23486973947895792,2.6148815155029297
Bearing3_2,587,0.23527054108216433,2.7966041564941406
Bearing3_2,588,0.23567134268537074,2.866910696029663
Bearing3_2,589,0.23607214428857715,2.9181876182556152
Bearing3_2,590,0.23647294589178355,2.8209872245788574
Bearing3_2,591,0.23687374749499,2.9560067653656006
Bearing3_2,592,0.2372745490981964,3.0932421684265137
Bearing3_2,593,0.2376753507014028,3.2251136302948
Bearing3_2,594,0.2380761523046092,3.3566765785217285
Bearing3_2,595,0.23847695390781562,3.218918561935425
Bearing3_2,596,0.23887775551102206,2.965482473373413
Bearing3_2,597,0.23927855711422846,3.2874667644500732
Bearing3_2,598,0.23967935871743487,3.3822810649871826
Bearing3_2,599,0.24008016032064128,3.568690538406372
Bearing3_2,600,0.24048096192384769,3.6321773529052734
Bearing3_2,601,0.24088176352705412,3.719792127609253
Bearing3_2,602,0.24128256513026053,3.7647318840026855
Bearing3_2,603,0.24168336673346694,3.613713026046753
Bearing3_2,604,0.24208416833667334,3.7230687141418457
Bearing3_2,605,0.24248496993987975,3.7460029125213623
Bearing3_2,606,0.24288577154308616,3.729032039642334
Bearing3_2,607,0.2432865731462926,3.3441193103790283
Bearing3_2,608,0.243687374749499,3.287773609161377
Bearing3_2,609,0.2440881763527054,3.3386330604553223
Bearing3_2,610,0.24448897795591182,3.305706739425659
Bearing3_2,611,0.24488977955911823,2.893500566482544
Bearing3_2,612,0.24529058116232466,2.9652793407440186
Bearing3_2,613,0.24569138276553107,2.005131244659424
Bearing3_2,614,0.24609218436873748,1.8327773809432983
Bearing3_2,615,0.24649298597194388,1.9492069482803345
Bearing3_2,616,0.2468937875751503,1.9962600469589233
Bearing3_2,617,0.2472945891783567,2.1869733333587646
Bearing3_2,618,0.24769539078156314,2.1832797527313232
Bearing3_2,619,0.24809619238476954,2.0130534172058105
Bearing3_2,620,0.24849699398797595,1.9724371433258057
Bearing3_2,621,0.24889779559118236,2.400132656097412
Bearing3_2,622,0.24929859719438877,2.3709659576416016
Bearing3_2,623,0.2496993987975952,3.5448601245880127
Bearing3_2,624,0.2501002004008016,3.7825026512145996
Bearing3_2,625,0.250501002004008,3.8087902069091797
Bearing3_2,626,0.2509018036072144,3.9109489917755127
Bearing3_2,627,0.25130260521042086,3.8258979320526123
Bearing3_2,628,0.25170340681362724,3.9050509929656982
Bearing3_2,629,0.2521042084168337,4.230380535125732
Bearing3_2,630,0.25250501002004005,4.178947925567627
Bearing3_2,631,0.2529058116232465,4.005904197692871
Bearing3_2,632,0.2533066132264529,4.013215065002441
Bearing3_2,633,0.2537074148296593,3.92921781539917
Bearing3_2,634,0.25410821643286574,3.641273021697998
Bearing3_2,635,0.2545090180360721,3.6971046924591064
Bearing3_2,636,0.25490981963927856,3.62843656539917
Bearing3_2,637,0.255310621242485,3.636720657348633
Bearing3_2,638,0.25571142284569137,3.612473726272583
Bearing3_2,639,0.2561122244488978,3.3609604835510254
Bearing3_2,640,0.2565130260521042,3.541393995285034
Bearing3_2,641,0.2569138276553106,3.5965676307678223
Bearing3_2,642,0.25731462925851706,3.5183417797088623
Bearing3_2,643,0.25771543086172344,3.4025847911834717
Bearing3_2,644,0.2581162324649299,3.5054259300231934
Bearing3_2,645,0.25851703406813625,3.130605936050415
Bearing3_2,646,0.2589178356713427,2.872907876968384
Bearing3_2,647,0.2593186372745491,2.7626266479492188
Bearing3_2,648,0.2597194388777555,2.6251463890075684
Bearing3_2,649,0.26012024048096194,2.7358763217926025
Bearing3_2,650,0.2605210420841683,2.4323842525482178
Bearing3_2,651,0.26092184368737475,2.262742519378662
Bearing3_2,652,0.26132264529058113,2.232828140258789
Bearing3_2,653,0.26172344689378757,2.2494070529937744
Bearing3_2,654,0.262124248496994,2.187429189682007
Bearing3_2,655,0.2625250501002004,2.2760791778564453
Bearing3_2,656,0.2629258517034068,2.358349084854126
Bearing3_2,657,0.2633266533066132,2.368131637573242
Bearing3_2,658,0.26372745490981964,2.516817808151245
Bearing3_2,659,0.26412825651302607,2.3209896087646484
Bearing3_2,660,0.26452905811623245,2.421027898788452
Bearing3_2,661,0.2649298597194389,2.365290641784668
Bearing3_2,662,0.26533066132264527,2.3630287647247314
Bearing3_2,663,0.2657314629258517,2.54758358001709
Bearing3_2,664,0.26613226452905814,2.3280160427093506
Bearing3_2,665,0.2665330661322645,2.415797472000122
Bearing3_2,666,0.26693386773547095,2.6143317222595215
Bearing3_2,667,0.26733466933867733,2.4999146461486816
Bearing3_2,668,0.26773547094188377,2.112051248550415
Bearing3_2,669,0.2681362725450902,2.0565426349639893
Bearing3_2,670,0.2685370741482966,2.087176561355591
Bearing3_2,671,0.268937875751503,2.3096201419830322
Bearing3_2,672,0.2693386773547094,2.171459913253784
Bearing3_2,673,0.26973947895791583,2.234395980834961
Bearing3_2,674,0.27014028056112227,2.141746997833252
Bearing3_2,675,0.27054108216432865,2.0785539150238037
Bearing3_2,676,0.2709418837675351,2.128903865814209
Bearing3_2,677,0.27134268537074147,2.2989375591278076
Bearing3_2,678,0.2717434869739479,2.5751335620880127
Bearing3_2,679,0.27214428857715434,2.6794381141662598
Bearing3_2,680,0.2725450901803607,2.7646172046661377
Bearing3_2,681,0.27294589178356715,2.715041160583496
Bearing3_2,682,0.27334669338677353,2.9240925312042236
Bearing3_2,683,0.27374749498997997,2.642479658126831
Bearing3_2,684,0.27414829659318635,2.9136903285980225
Bearing3_2,685,0.2745490981963928,3.0237622261047363
Bearing3_2,686,0.2749498997995992,2.626535177230835
Bearing3_2,687,0.2753507014028056,2.494931697845459
Bearing3_2,688,0.27575150300601203,2.4976470470428467
Bearing3_2,689,0.2761523046092184,2.340334892272949
Bearing3_2,690,0.27655310621242485,2.267242908477783
Bearing3_2,691,0.2769539078156313,2.173032283782959
Bearing3_2,692,0.27735470941883766,1.9502031803131104
Bearing3_2,693,0.2777555110220441,2.0402276515960693
Bearing3_2,694,0.2781563126252505,2.0948967933654785
Bearing3_2,695,0.2785571142284569,1.6582924127578735
Bearing3_2,696,0.27895791583166335,1.9327952861785889
Bearing3_2,697,0.27935871743486973,2.018017292022705
Bearing3_2,698,0.27975951903807617,1.9983879327774048
Bearing3_2,699,0.28016032064128255,2.0442700386047363
Bearing3_2,700,0.280561122244489,1.9812781810760498
Bearing3_2,701,0.2809619238476954,1.9208810329437256
Bearing3_2,702,0.2813627254509018,2.117661952972412
Bearing3_2,703,0.28176352705410823,1.8766313791275024
Bearing3_2,704,0.2821643286573146,1.7649548053741455
Bearing3_2,705,0.28256513026052105,1.7842121124267578
Bearing3_2,706,0.2829659318637275,1.8190072774887085
Bearing3_2,707,0.28336673346693386,1.7087256908416748
Bearing3_2,708,0.2837675350701403,1.646490454673767
Bearing3_2,709,0.2841683366733467,1.6635005474090576
Bearing3_2,710,0.2845691382765531,1.5798310041427612
Bearing3_2,711,0.2849699398797595,1.6473947763442993
Bearing3_2,712,0.28537074148296593,1.5102002620697021
Bearing3_2,713,0.28577154308617236,1.632718801498413
Bearing3_2,714,0.28617234468937874,1.8094351291656494
Bearing3_2,715,0.2865731462925852,2.063274621963501
Bearing3_2,716,0.28697394789579156,2.1048107147216797
Bearing3_2,717,0.287374749498998,2.17431902885437
Bearing3_2,718,0.28777555110220443,2.0443475246429443
Bearing3_2,719,0.2881763527054108,2.2130024433135986
Bearing3_2,720,0.28857715430861725,2.4009780883789062
Bearing3_2,721,0.2889779559118236,2.40348482131958
Bearing3_2,722,0.28937875751503006,2.2759928703308105
Bearing3_2,723,0.2897795591182365,2.204463481903076
Bearing3_2,724,0.2901803607214429,1.992700219154358
Bearing3_2,725,0.2905811623246493,2.0442075729370117
Bearing3_2,726,0.2909819639278557,1.8096892833709717
Bearing3_2,727,0.2913827655310621,1.8549175262451172
Bearing3_2,728,0.29178356713426856,1.9979190826416016
Bearing3_2,729,0.29218436873747494,1.7072887420654297
Bearing3_2,730,0.2925851703406814,1.5959150791168213
Bearing3_2,731,0.29298597194388776,1.4999674558639526
Bearing3_2,732,0.2933867735470942,1.6784700155258179
Bearing3_2,733,0.29378757515030063,1.8694807291030884
Bearing3_2,734,0.294188376753507,1.8625075817108154
Bearing3_2,735,0.29458917835671344,1.6663777828216553
Bearing3_2,736,0.2949899799599198,1.6011686325073242
Bearing3_2,737,0.29539078156312626,1.5972696542739868
Bearing3_2,738,0.29579158316633264,1.2380601167678833
Bearing3_2,739,0.2961923847695391,1.1583584547042847
Bearing3_2,740,0.2965931863727455,1.0621190071105957
Bearing3_2,741,0.2969939879759519,1.1057904958724976
Bearing3_2,742,0.2973947895791583,0.7826564311981201
Bearing3_2,743,0.2977955911823647,0.7434124946594238
Bearing3_2,744,0.29819639278557114,0.9178854823112488
Bearing3_2,745,0.2985971943887776,1.0207254886627197
Bearing3_2,746,0.29899799599198396,0.7873595356941223
Bearing3_2,747,0.2993987975951904,0.7125879526138306
Bearing3_2,748,0.29979959919839677,0.9589167833328247
Bearing3_2,749,0.3002004008016032,1.2072948217391968
Bearing3_2,750,0.30060120240480964,1.1397289037704468
Bearing3_2,751,0.301002004008016,1.116445779800415
Bearing3_2,752,0.30140280561122246,1.2340664863586426
Bearing3_2,753,0.30180360721442884,1.1034986972808838
Bearing3_2,754,0.3022044088176353,0.9813901782035828
Bearing3_2,755,0.3026052104208417,0.9846435785293579
Bearing3_2,756,0.3030060120240481,1.3081992864608765
Bearing3_2,757,0.3034068136272545,1.236590027809143
Bearing3_2,758,0.3038076152304609,1.15513014793396
Bearing3_2,759,0.30420841683366734,1.0752516984939575
Bearing3_2,760,0.3046092184368738,1.1298993825912476
Bearing3_2,761,0.30501002004008015,0.844399631023407
Bearing3_2,762,0.3054108216432866,0.7539931535720825
Bearing3_2,763,0.30581162324649297,0.6400645971298218
Bearing3_2,764,0.3062124248496994,0.4217635989189148
Bearing3_2,765,0.3066132264529058,0.21968510746955872
Bearing3_2,766,0.3070140280561122,0.14576521515846252
Bearing3_2,767,0.30741482965931866,0.1648985892534256
Bearing3_2,768,0.30781563126252504,-0.1999969482421875
Bearing3_2,769,0.30821643286573147,-0.24576511979103088
Bearing3_2,770,0.30861723446893785,-0.34502893686294556
Bearing3_2,771,0.3090180360721443,-0.09608504921197891
Bearing3_2,772,0.3094188376753507,0.03364410251379013
Bearing3_2,773,0.3098196392785571,0.23144575953483582
Bearing3_2,774,0.31022044088176354,0.49064159393310547
Bearing3_2,775,0.3106212424849699,0.48695477843284607
Bearing3_2,776,0.31102204408817635,0.24638132750988007
Bearing3_2,777,0.3114228456913828,0.34924349188804626
Bearing3_2,778,0.31182364729458917,0.8216164708137512
Bearing3_2,779,0.3122244488977956,0.774056613445282
Bearing3_2,780,0.312625250501002,0.9474645853042603
Bearing3_2,781,0.3130260521042084,0.9481467008590698
Bearing3_2,782,0.31342685370741485,1.0504670143127441
Bearing3_2,783,0.31382765531062123,1.1691625118255615
Bearing3_2,784,0.31422845691382767,1.0658022165298462
Bearing3_2,785,0.31462925851703405,1.544628381729126
Bearing3_2,786,0.3150300601202405,1.9701366424560547
Bearing3_2,787,0.3154308617234469,1.7431081533432007
Bearing3_2,788,0.3158316633266533,1.6037038564682007
Bearing3_2,789,0.31623246492985974,1.7822997570037842
Bearing3_2,790,0.3166332665330661,1.990083932876587
Bearing3_2,791,0.31703406813627255,1.9920936822891235
Bearing3_2,792,0.31743486973947893,1.9029251337051392
Bearing3_2,793,0.31783567134268537,1.7033723592758179
Bearing3_2,794,0.3182364729458918,1.9315341711044312
Bearing3_2,795,0.3186372745490982,1.7725921869277954
Bearing3_2,796,0.3190380761523046,1.5955381393432617
Bearing3_2,797,0.319438877755511,1.6768773794174194
Bearing3_2,798,0.31983967935871743,1.985303282737732
Bearing3_2,799,0.32024048096192387,2.1179442405700684
Bearing3_2,800,0.32064128256513025,2.1187469959259033
Bearing3_2,801,0.3210420841683367,2.2282261848449707
Bearing3_2,802,0.32144288577154306,2.637343168258667
Bearing3_2,803,0.3218436873747495,2.5878243446350098
Bearing3_2,804,0.32224448897795593,2.5510857105255127
Bearing3_2,805,0.3226452905811623,2.5437610149383545
Bearing3_2,806,0.32304609218436875,2.8431856632232666
Bearing3_2,807,0.32344689378757513,2.9150092601776123
Bearing3_2,808,0.32384769539078156,2.9421703815460205
Bearing3_2,809,0.324248496993988,2.9542112350463867
Bearing3_2,810,0.3246492985971944,2.89508318901062
Bearing3_2,811,0.3250501002004008,2.9376988410949707
Bearing3_2,812,0.3254509018036072,2.820533037185669
Bearing3_2,813,0.32585170340681363,3.0693511962890625
Bearing3_2,814,0.32625250501002007,3.0742027759552
Bearing3_2,815,0.32665330661322645,3.096390962600708
Bearing3_2,816,0.3270541082164329,3.0396568775177
Bearing3_2,817,0.32745490981963926,3.2988617420196533
Bearing3_2,818,0.3278557114228457,3.2048068046569824
Bearing3_2,819,0.3282565130260521,2.8526558876037598
Bearing3_2,820,0.3286573146292585,2.8563411235809326
Bearing3_2,821,0.32905811623246495,2.985931873321533
Bearing3_2,822,0.3294589178356713,2.757399082183838
Bearing3_2,823,0.32985971943887776,2.7008461952209473
Bearing3_2,824,0.33026052104208414,2.789064884185791
Bearing3_2,825,0.3306613226452906,2.598923921585083
Bearing3_2,826,0.331062124248497,2.5202152729034424
Bearing3_2,827,0.3314629258517034,2.4302620887756348
Bearing3_2,828,0.33186372745490983,2.2595772743225098
Bearing3_2,829,0.3322645290581162,2.513484477996826
Bearing3_2,830,0.33266533066132264,2.521667003631592
Bearing3_2,831,0.3330661322645291,2.408876419067383
Bearing3_2,832,0.33346693386773546,2.2499618530273438
Bearing3_2,833,0.3338677354709419,2.2174854278564453
Bearing3_2,834,0.3342685370741483,1.9346660375595093
Bearing3_2,835,0.3346693386773547,1.8739643096923828
Bearing3_2,836,0.33507014028056115,1.9576416015625
Bearing3_2,837,0.3354709418837675,1.4838569164276123
Bearing3_2,838,0.33587174348697396,1.7295856475830078
Bearing3_2,839,0.33627254509018034,1.8155237436294556
Bearing3_2,840,0.3366733466933868,1.7060177326202393
Bearing3_2,841,0.3370741482965932,1.5961124897003174
Bearing3_2,842,0.3374749498997996,1.8858616352081299
Bearing3_2,843,0.337875751503006,1.7455265522003174
Bearing3_2,844,0.3382765531062124,1.9780060052871704
Bearing3_2,845,0.33867735470941884,2.215693235397339
Bearing3_2,846,0.3390781563126252,1.9537750482559204
Bearing3_2,847,0.33947895791583166,2.415459394454956
Bearing3_2,848,0.3398797595190381,2.160454273223877
Bearing3_2,849,0.3402805611222445,1.8609431982040405
Bearing3_2,850,0.3406813627254509,2.0074620246887207
Bearing3_2,851,0.3410821643286573,2.156184196472168
Bearing3_2,852,0.3414829659318637,1.9765856266021729
Bearing3_2,853,0.34188376753507016,2.386507749557495
Bearing3_2,854,0.34228456913827654,2.2854509353637695
Bearing3_2,855,0.342685370741483,2.2622382640838623
Bearing3_2,856,0.34308617234468936,2.3687264919281006
Bearing3_2,857,0.3434869739478958,2.352919101715088
Bearing3_2,858,0.3438877755511022,2.455015182495117
Bearing3_2,859,0.3442885771543086,2.6232166290283203
Bearing3_2,860,0.34468937875751504,2.5023155212402344
Bearing3_2,861,0.3450901803607214,2.4132697582244873
Bearing3_2,862,0.34549098196392786,2.3983120918273926
Bearing3_2,863,0.3458917835671343,2.110614776611328
Bearing3_2,864,0.34629258517034067,1.8291584253311157
Bearing3_2,865,0.3466933867735471,1.619052529335022
Bearing3_2,866,0.3470941883767535,1.466092586517334
Bearing3_2,867,0.3474949899799599,1.40845787525177
Bearing3_2,868,0.34789579158316636,1.3162555694580078
Bearing3_2,869,0.34829659318637274,1.207654595375061
Bearing3_2,870,0.3486973947895792,0.8617324829101562
Bearing3_2,871,0.34909819639278555,0.7292038202285767
Bearing3_2,872,0.349498997995992,0.622597336769104
Bearing3_2,873,0.3498997995991984,0.27582353353500366
Bearing3_2,874,0.3503006012024048,0.11959395557641983
Bearing3_2,875,0.35070140280561124,-0.03721144050359726
Bearing3_2,876,0.3511022044088176,0.0444689504802227
Bearing3_2,877,0.35150300601202406,-0.06096844747662544
Bearing3_2,878,0.35190380761523044,-0.06322982162237167
Bearing3_2,879,0.35230460921843687,-0.09076221287250519
Bearing3_2,880,0.3527054108216433,0.10108292102813721
Bearing3_2,881,0.3531062124248497,0.13385263085365295
Bearing3_2,882,0.3535070140280561,0.2618180215358734
Bearing3_2,883,0.3539078156312625,0.46271952986717224
Bearing3_2,884,0.35430861723446894,0.684380829334259
Bearing3_2,885,0.35470941883767537,0.5777190923690796
Bearing3_2,886,0.35511022044088175,0.3041822016239166
Bearing3_2,887,0.3555110220440882,0.24933679401874542
Bearing3_2,888,0.35591182364729457,0.06842441856861115
Bearing3_2,889,0.356312625250501,0.16996678709983826
Bearing3_2,890,0.35671342685370744,-0.032778479158878326
Bearing3_2,891,0.3571142284569138,-0.11047661304473877
Bearing3_2,892,0.35751503006012025,-0.1513536274433136
Bearing3_2,893,0.35791583166332663,-0.37259235978126526
Bearing3_2,894,0.35831663326653307,-0.4066229462623596
Bearing3_2,895,0.3587174348697395,0.011581850238144398
Bearing3_2,896,0.3591182364729459,0.32367831468582153
Bearing3_2,897,0.3595190380761523,0.33913031220436096
Bearing3_2,898,0.3599198396793587,0.4843320846557617
Bearing3_2,899,0.36032064128256514,0.1487138718366623
Bearing3_2,900,0.36072144288577157,0.26079678535461426
Bearing3_2,901,0.36112224448897795,0.13841772079467773
Bearing3_2,902,0.3615230460921844,0.048067640513181686
Bearing3_2,903,0.36192384769539077,0.16035886108875275
Bearing3_2,904,0.3623246492985972,-0.058422088623046875
Bearing3_2,905,0.3627254509018036,-0.337196409702301
Bearing3_2,906,0.36312625250501,-0.38032597303390503
Bearing3_2,907,0.36352705410821645,-0.3399774432182312
Bearing3_2,908,0.36392785571142283,-0.4020922780036926
Bearing3_2,909,0.36432865731462927,-0.29017627239227295
Bearing3_2,910,0.36472945891783565,-0.29703667759895325
Bearing3_2,911,0.3651302605210421,-0.11036572605371475
Bearing3_2,912,0.3655310621242485,0.22782519459724426
Bearing3_2,913,0.3659318637274549,0.2991281747817993
Bearing3_2,914,0.36633266533066133,0.7892991304397583
Bearing3_2,915,0.3667334669338677,1.0848671197891235
Bearing3_2,916,0.36713426853707415,0.9570261836051941
Bearing3_2,917,0.3675350701402806,0.9318876266479492
Bearing3_2,918,0.36793587174348696,1.1409759521484375
Bearing3_2,919,0.3683366733466934,1.3760573863983154
Bearing3_2,920,0.3687374749498998,1.5070159435272217
Bearing3_2,921,0.3691382765531062,1.7467544078826904
Bearing3_2,922,0.36953907815631265,2.3322174549102783
Bearing3_2,923,0.36993987975951903,4.016347408294678
Bearing3_2,924,0.37034068136272547,5.295294284820557
Bearing3_2,925,0.37074148296593185,6.428825378417969
Bearing3_2,926,0.3711422845691383,7.455935478210449
Bearing3_2,927,0.3715430861723447,8.61389446258545
Bearing3_2,928,0.3719438877755511,8.968338966369629
Bearing3_2,929,0.37234468937875753,9.752089500427246
Bearing3_2,930,0.3727454909819639,10.515222549438477
Bearing3_2,931,0.37314629258517035,11.39616584777832
Bearing3_2,932,0.3735470941883767,11.907419204711914
Bearing3_2,933,0.37394789579158316,11.449580192565918
Bearing3_2,934,0.3743486973947896,11.014957427978516
Bearing3_2,935,0.374749498997996,10.012777328491211
Bearing3_2,936,0.3751503006012024,10.067548751831055
Bearing3_2,937,0.3755511022044088,9.231866836547852
Bearing3_2,938,0.37595190380761523,9.474111557006836
Bearing3_2,939,0.37635270541082166,9.275646209716797
Bearing3_2,940,0.37675350701402804,9.704854965209961
Bearing3_2,941,0.3771543086172345,9.75803279876709
Bearing3_2,942,0.37755511022044086,10.286114692687988
Bearing3_2,943,0.3779559118236473,10.303937911987305
Bearing3_2,944,0.37835671342685373,10.403566360473633
Bearing3_2,945,0.3787575150300601,11.230962753295898
Bearing3_2,946,0.37915831663326655,11.855199813842773
Bearing3_2,947,0.3795591182364729,11.998822212219238
Bearing3_2,948,0.37995991983967936,12.428723335266113
Bearing3_2,949,0.3803607214428858,12.259275436401367
Bearing3_2,950,0.3807615230460922,11.516176223754883
Bearing3_2,951,0.3811623246492986,11.167673110961914
Bearing3_2,952,0.381563126252505,10.327110290527344
Bearing3_2,953,0.3819639278557114,10.069937705993652
Bearing3_2,954,0.38236472945891786,10.157859802246094
Bearing3_2,955,0.38276553106212424,9.485038757324219
Bearing3_2,956,0.3831663326653307,8.49353313446045
Bearing3_2,957,0.38356713426853706,8.606708526611328
Bearing3_2,958,0.3839679358717435,8.438478469848633
Bearing3_2,959,0.3843687374749499,8.88695240020752
Bearing3_2,960,0.3847695390781563,9.411226272583008
Bearing3_2,961,0.38517034068136274,9.604516983032227
Bearing3_2,962,0.3855711422845691,9.526650428771973
Bearing3_2,963,0.38597194388777556,9.471841812133789
Bearing3_2,964,0.38637274549098194,8.843016624450684
Bearing3_2,965,0.3867735470941884,9.278692245483398
Bearing3_2,966,0.3871743486973948,9.225549697875977
Bearing3_2,967,0.3875751503006012,9.332795143127441
Bearing3_2,968,0.3879759519038076,9.408967971801758
Bearing3_2,969,0.388376753507014,9.601560592651367
Bearing3_2,970,0.38877755511022044,9.74427604675293
Bearing3_2,971,0.3891783567134269,9.892541885375977
Bearing3_2,972,0.38957915831663326,9.936147689819336
Bearing3_2,973,0.3899799599198397,10.294296264648438
Bearing3_2,974,0.39038076152304607,10.591838836669922
Bearing3_2,975,0.3907815631262525,11.007936477661133
Bearing3_2,976,0.39118236472945894,10.982725143432617
Bearing3_2,977,0.3915831663326653,11.12267780303955
Bearing3_2,978,0.39198396793587176,10.66486930847168
Bearing3_2,979,0.39238476953907814,10.102706909179688
Bearing3_2,980,0.3927855711422846,10.125699043273926
Bearing3_2,981,0.393186372745491,10.249765396118164
Bearing3_2,982,0.3935871743486974,10.08442497253418
Bearing3_2,983,0.3939879759519038,9.384329795837402
Bearing3_2,984,0.3943887775551102,9.311834335327148
Bearing3_2,985,0.39478957915831664,8.246417045593262
Bearing3_2,986,0.395190380761523,8.048293113708496
Bearing3_2,987,0.39559118236472945,7.4963788986206055
Bearing3_2,988,0.3959919839679359,7.9675493240356445
Bearing3_2,989,0.39639278557114227,8.444109916687012
Bearing3_2,990,0.3967935871743487,8.428800582885742
Bearing3_2,991,0.3971943887775551,8.108804702758789
Bearing3_2,992,0.3975951903807615,7.573622703552246
Bearing3_2,993,0.39799599198396796,7.424283027648926
Bearing3_2,994,0.39839679358717434,6.76370906829834
Bearing3_2,995,0.39879759519038077,6.6359543800354
Bearing3_2,996,0.39919839679358715,6.919760227203369
Bearing3_2,997,0.3995991983967936,6.5835981369018555
Bearing3_2,998,0.4,5.663369655609131
Bearing3_2,999,0.4004008016032064,4.647509574890137
Bearing3_2,1000,0.40080160320641284,3.7609455585479736
Bearing3_2,1001,0.4012024048096192,3.245856761932373
Bearing3_2,1002,0.40160320641282565,3.996330738067627
Bearing3_2,1003,0.4020040080160321,3.9579169750213623
Bearing3_2,1004,0.40240480961923847,3.9428534507751465
Bearing3_2,1005,0.4028056112224449,4.1130475997924805
Bearing3_2,1006,0.4032064128256513,3.770885944366455
Bearing3_2,1007,0.4036072144288577,4.163466453552246
Bearing3_2,1008,0.40400801603206415,4.28707218170166
Bearing3_2,1009,0.40440881763527053,4.745816707611084
Bearing3_2,1010,0.40480961923847697,5.180177211761475
Bearing3_2,1011,0.40521042084168335,5.678586006164551
Bearing3_2,1012,0.4056112224448898,5.171865940093994
Bearing3_2,1013,0.40601202404809617,5.030146598815918
Bearing3_2,1014,0.4064128256513026,5.176608085632324
Bearing3_2,1015,0.40681362725450904,5.140757083892822
Bearing3_2,1016,0.4072144288577154,5.165457725524902
Bearing3_2,1017,0.40761523046092185,5.68850040435791
Bearing3_2,1018,0.40801603206412823,6.140172004699707
Bearing3_2,1019,0.40841683366733467,5.731629371643066
Bearing3_2,1020,0.4088176352705411,5.055903434753418
Bearing3_2,1021,0.4092184368737475,4.529119968414307
Bearing3_2,1022,0.4096192384769539,4.6775994300842285
Bearing3_2,1023,0.4100200400801603,5.41133975982666
Bearing3_2,1024,0.41042084168336673,6.18483304977417
Bearing3_2,1025,0.41082164328657317,7.431040287017822
Bearing3_2,1026,0.41122244488977955,8.280607223510742
Bearing3_2,1027,0.411623246492986,8.857196807861328
Bearing3_2,1028,0.41202404809619236,8.92175006866455
Bearing3_2,1029,0.4124248496993988,9.937485694885254
Bearing3_2,1030,0.41282565130260523,11.079981803894043
Bearing3_2,1031,0.4132264529058116,11.828327178955078
Bearing3_2,1032,0.41362725450901805,12.303207397460938
Bearing3_2,1033,0.41402805611222443,12.449870109558105
Bearing3_2,1034,0.41442885771543087,12.572687149047852
Bearing3_2,1035,0.4148296593186373,12.200900077819824
Bearing3_2,1036,0.4152304609218437,12.097436904907227
Bearing3_2,1037,0.4156312625250501,11.69896411895752
Bearing3_2,1038,0.4160320641282565,12.000553131103516
Bearing3_2,1039,0.41643286573146293,11.984743118286133
Bearing3_2,1040,0.4168336673346693,11.82311725616455
Bearing3_2,1041,0.41723446893787575,11.614946365356445
Bearing3_2,1042,0.4176352705410822,11.503789901733398
Bearing3_2,1043,0.41803607214428856,11.348250389099121
Bearing3_2,1044,0.418436873747495,11.282419204711914
Bearing3_2,1045,0.4188376753507014,11.510442733764648
Bearing3_2,1046,0.4192384769539078,11.747208595275879
Bearing3_2,1047,0.41963927855711425,11.92091178894043
Bearing3_2,1048,0.42004008016032063,12.104374885559082
Bearing3_2,1049,0.42044088176352706,12.211722373962402
Bearing3_2,1050,0.42084168336673344,12.402090072631836
Bearing3_2,1051,0.4212424849699399,12.5301513671875
Bearing3_2,1052,0.4216432865731463,12.779922485351562
Bearing3_2,1053,0.4220440881763527,13.020787239074707
Bearing3_2,1054,0.42244488977955913,13.19404125213623
Bearing3_2,1055,0.4228456913827655,13.12959098815918
Bearing3_2,1056,0.42324649298597194,13.153556823730469
Bearing3_2,1057,0.4236472945891784,13.240740776062012
Bearing3_2,1058,0.42404809619238476,13.368757247924805
Bearing3_2,1059,0.4244488977955912,13.451006889343262
Bearing3_2,1060,0.4248496993987976,13.426435470581055
Bearing3_2,1061,0.425250501002004,13.748613357543945
Bearing3_2,1062,0.42565130260521045,13.7254638671875
Bearing3_2,1063,0.4260521042084168,14.135162353515625
Bearing3_2,1064,0.42645290581162326,13.767187118530273
Bearing3_2,1065,0.42685370741482964,13.437349319458008
Bearing3_2,1066,0.4272545090180361,13.088155746459961
Bearing3_2,1067,0.4276553106212425,12.274911880493164
Bearing3_2,1068,0.4280561122244489,11.086323738098145
Bearing3_2,1069,0.42845691382765533,9.988668441772461
Bearing3_2,1070,0.4288577154308617,9.106307029724121
Bearing3_2,1071,0.42925851703406814,7.9972991943359375
Bearing3_2,1072,0.4296593186372745,7.493991851806641
Bearing3_2,1073,0.43006012024048096,6.991085052490234
Bearing3_2,1074,0.4304609218436874,7.260220527648926
Bearing3_2,1075,0.4308617234468938,7.5277533531188965
Bearing3_2,1076,0.4312625250501002,8.02773666381836
Bearing3_2,1077,0.4316633266533066,8.603158950805664
Bearing3_2,1078,0.432064128256513,9.270892143249512
Bearing3_2,1079,0.43246492985971946,9.940279960632324
Bearing3_2,1080,0.43286573146292584,10.691574096679688
Bearing3_2,1081,0.4332665330661323,11.440415382385254
Bearing3_2,1082,0.43366733466933866,11.734847068786621
Bearing3_2,1083,0.4340681362725451,11.770959854125977
Bearing3_2,1084,0.4344689378757515,11.79725456237793
Bearing3_2,1085,0.4348697394789579,11.735864639282227
Bearing3_2,1086,0.43527054108216434,11.37699031829834
Bearing3_2,1087,0.4356713426853707,11.564352035522461
Bearing3_2,1088,0.43607214428857716,11.80052375793457
Bearing3_2,1089,0.4364729458917836,12.078120231628418
Bearing3_2,1090,0.43687374749499,12.246726036071777
Bearing3_2,1091,0.4372745490981964,12.334637641906738
Bearing3_2,1092,0.4376753507014028,12.372919082641602
Bearing3_2,1093,0.4380761523046092,12.441308975219727
Bearing3_2,1094,0.43847695390781566,12.479433059692383
Bearing3_2,1095,0.43887775551102204,12.41748332977295
Bearing3_2,1096,0.4392785571142285,12.337077140808105
Bearing3_2,1097,0.43967935871743485,12.002835273742676
Bearing3_2,1098,0.4400801603206413,11.720003128051758
Bearing3_2,1099,0.44048096192384767,11.471171379089355
Bearing3_2,1100,0.4408817635270541,11.098413467407227
Bearing3_2,1101,0.44128256513026054,10.815408706665039
Bearing3_2,1102,0.4416833667334669,10.621164321899414
Bearing3_2,1103,0.44208416833667336,10.215394973754883
Bearing3_2,1104,0.44248496993987974,9.704160690307617
Bearing3_2,1105,0.44288577154308617,9.406458854675293
Bearing3_2,1106,0.4432865731462926,9.189221382141113
Bearing3_2,1107,0.443687374749499,9.328617095947266
Bearing3_2,1108,0.4440881763527054,9.5383882522583
Bearing3_2,1109,0.4444889779559118,9.588079452514648
Bearing3_2,1110,0.44488977955911824,9.919254302978516
Bearing3_2,1111,0.4452905811623247,10.274726867675781
Bearing3_2,1112,0.44569138276553105,10.514819145202637
Bearing3_2,1113,0.4460921843687375,10.953690528869629
Bearing3_2,1114,0.44649298597194387,11.778429985046387
Bearing3_2,1115,0.4468937875751503,12.268189430236816
Bearing3_2,1116,0.44729458917835674,12.651885032653809
Bearing3_2,1117,0.4476953907815631,12.929792404174805
Bearing3_2,1118,0.44809619238476955,13.125856399536133
Bearing3_2,1119,0.44849699398797593,13.371996879577637
Bearing3_2,1120,0.44889779559118237,13.429061889648438
Bearing3_2,1121,0.4492985971943888,13.419000625610352
Bearing3_2,1122,0.4496993987975952,13.513933181762695
Bearing3_2,1123,0.4501002004008016,13.45948600769043
Bearing3_2,1124,0.450501002004008,13.06110954284668
Bearing3_2,1125,0.45090180360721444,12.977978706359863
Bearing3_2,1126,0.4513026052104208,12.939027786254883
Bearing3_2,1127,0.45170340681362725,12.640968322753906
Bearing3_2,1128,0.4521042084168337,12.529108047485352
Bearing3_2,1129,0.45250501002004007,12.41898250579834
Bearing3_2,1130,0.4529058116232465,12.445135116577148
Bearing3_2,1131,0.4533066132264529,12.485105514526367
Bearing3_2,1132,0.4537074148296593,12.542000770568848
Bearing3_2,1133,0.45410821643286575,12.5811128616333
Bearing3_2,1134,0.45450901803607213,12.632784843444824
Bearing3_2,1135,0.45490981963927857,12.738946914672852
Bearing3_2,1136,0.45531062124248495,12.957659721374512
Bearing3_2,1137,0.4557114228456914,13.2013521194458
Bearing3_2,1138,0.4561122244488978,13.46142578125
Bearing3_2,1139,0.4565130260521042,13.361676216125488
Bearing3_2,1140,0.45691382765531063,13.213566780090332
Bearing3_2,1141,0.457314629258517,13.133232116699219
Bearing3_2,1142,0.45771543086172345,13.080690383911133
Bearing3_2,1143,0.4581162324649299,13.157716751098633
Bearing3_2,1144,0.45851703406813626,13.180763244628906
Bearing3_2,1145,0.4589178356713427,13.129864692687988
Bearing3_2,1146,0.4593186372745491,13.017515182495117
Bearing3_2,1147,0.4597194388777555,12.99340534210205
Bearing3_2,1148,0.46012024048096195,12.928807258605957
Bearing3_2,1149,0.46052104208416833,13.277481079101562
Bearing3_2,1150,0.46092184368737477,13.379730224609375
Bearing3_2,1151,0.46132264529058115,13.375814437866211
Bearing3_2,1152,0.4617234468937876,13.414825439453125
Bearing3_2,1153,0.46212424849699396,13.55482292175293
Bearing3_2,1154,0.4625250501002004,13.566644668579102
Bearing3_2,1155,0.46292585170340683,13.518518447875977
Bearing3_2,1156,0.4633266533066132,13.452682495117188
Bearing3_2,1157,0.46372745490981965,13.3280611038208
Bearing3_2,1158,0.464128256513026,13.138063430786133
Bearing3_2,1159,0.46452905811623246,12.800542831420898
Bearing3_2,1160,0.4649298597194389,12.57468032836914
Bearing3_2,1161,0.4653306613226453,12.321663856506348
Bearing3_2,1162,0.4657314629258517,12.04862117767334
Bearing3_2,1163,0.4661322645290581,11.781981468200684
Bearing3_2,1164,0.46653306613226453,11.757970809936523
Bearing3_2,1165,0.46693386773547096,11.610228538513184
Bearing3_2,1166,0.46733466933867734,11.532840728759766
Bearing3_2,1167,0.4677354709418838,11.515792846679688
Bearing3_2,1168,0.46813627254509016,11.494373321533203
Bearing3_2,1169,0.4685370741482966,11.6585111618042
Bearing3_2,1170,0.46893787575150303,11.837569236755371
Bearing3_2,1171,0.4693386773547094,11.97447395324707
Bearing3_2,1172,0.46973947895791585,11.946998596191406
Bearing3_2,1173,0.4701402805611222,11.779623031616211
Bearing3_2,1174,0.47054108216432866,11.559097290039062
Bearing3_2,1175,0.4709418837675351,11.530991554260254
Bearing3_2,1176,0.4713426853707415,11.386529922485352
Bearing3_2,1177,0.4717434869739479,11.119691848754883
Bearing3_2,1178,0.4721442885771543,10.926114082336426
Bearing3_2,1179,0.4725450901803607,10.698622703552246
Bearing3_2,1180,0.4729458917835671,10.524785995483398
Bearing3_2,1181,0.47334669338677354,10.462617874145508
Bearing3_2,1182,0.47374749498998,10.564544677734375
Bearing3_2,1183,0.47414829659318636,10.710328102111816
Bearing3_2,1184,0.4745490981963928,10.86139965057373
Bearing3_2,1185,0.4749498997995992,10.864419937133789
Bearing3_2,1186,0.4753507014028056,11.070047378540039
Bearing3_2,1187,0.47575150300601204,11.20586109161377
Bearing3_2,1188,0.4761523046092184,11.31824779510498
Bearing3_2,1189,0.47655310621242486,11.506940841674805
Bearing3_2,1190,0.47695390781563124,11.740466117858887
Bearing3_2,1191,0.4773547094188377,11.927108764648438
Bearing3_2,1192,0.4777555110220441,12.184921264648438
Bearing3_2,1193,0.4781563126252505,12.346749305725098
Bearing3_2,1194,0.4785571142284569,12.434398651123047
Bearing3_2,1195,0.4789579158316633,12.717802047729492
Bearing3_2,1196,0.47935871743486974,12.843301773071289
Bearing3_2,1197,0.4797595190380762,13.082717895507812
Bearing3_2,1198,0.48016032064128256,13.467195510864258
Bearing3_2,1199,0.480561122244489,13.613176345825195
Bearing3_2,1200,0.48096192384769537,13.749585151672363
Bearing3_2,1201,0.4813627254509018,13.666656494140625
Bearing3_2,1202,0.48176352705410824,13.540766716003418
Bearing3_2,1203,0.4821643286573146,13.63224983215332
Bearing3_2,1204,0.48256513026052106,13.687329292297363
Bearing3_2,1205,0.48296593186372744,13.646011352539062
Bearing3_2,1206,0.4833667334669339,13.712438583374023
Bearing3_2,1207,0.48376753507014025,13.526397705078125
Bearing3_2,1208,0.4841683366733467,13.05192756652832
Bearing3_2,1209,0.4845691382765531,13.000520706176758
Bearing3_2,1210,0.4849699398797595,12.954055786132812
Bearing3_2,1211,0.48537074148296594,13.039044380187988
Bearing3_2,1212,0.4857715430861723,13.11100959777832
Bearing3_2,1213,0.48617234468937875,12.882772445678711
Bearing3_2,1214,0.4865731462925852,12.82690715789795
Bearing3_2,1215,0.48697394789579157,12.644254684448242
Bearing3_2,1216,0.487374749498998,12.297087669372559
Bearing3_2,1217,0.4877755511022044,12.465166091918945
Bearing3_2,1218,0.4881763527054108,12.655327796936035
Bearing3_2,1219,0.48857715430861726,12.456544876098633
Bearing3_2,1220,0.48897795591182364,12.124371528625488
Bearing3_2,1221,0.48937875751503007,12.014890670776367
Bearing3_2,1222,0.48977955911823645,11.737648963928223
Bearing3_2,1223,0.4901803607214429,11.608012199401855
Bearing3_2,1224,0.4905811623246493,11.363290786743164
Bearing3_2,1225,0.4909819639278557,10.746749877929688
Bearing3_2,1226,0.49138276553106214,10.522146224975586
Bearing3_2,1227,0.4917835671342685,10.117986679077148
Bearing3_2,1228,0.49218436873747495,9.873637199401855
Bearing3_2,1229,0.4925851703406814,9.586146354675293
Bearing3_2,1230,0.49298597194388777,9.346548080444336
Bearing3_2,1231,0.4933867735470942,8.799856185913086
Bearing3_2,1232,0.4937875751503006,8.30836009979248
Bearing3_2,1233,0.494188376753507,7.877895355224609
Bearing3_2,1234,0.4945891783567134,7.327974796295166
Bearing3_2,1235,0.49498997995991983,7.404565334320068
Bearing3_2,1236,0.49539078156312627,7.113173484802246
Bearing3_2,1237,0.49579158316633265,6.7184906005859375
Bearing3_2,1238,0.4961923847695391,6.1968889236450195
Bearing3_2,1239,0.49659318637274547,5.870774269104004
Bearing3_2,1240,0.4969939879759519,5.74503755569458
Bearing3_2,1241,0.49739478957915834,5.789329528808594
Bearing3_2,1242,0.4977955911823647,5.9188947677612305
Bearing3_2,1243,0.49819639278557115,6.019776344299316
Bearing3_2,1244,0.49859719438877753,6.511845588684082
Bearing3_2,1245,0.49899799599198397,6.9053168296813965
Bearing3_2,1246,0.4993987975951904,7.228769779205322
Bearing3_2,1247,0.4997995991983968,7.557407379150391
Bearing3_2,1248,0.5002004008016032,7.937378883361816
Bearing3_2,1249,0.5006012024048097,8.170546531677246
Bearing3_2,1250,0.501002004008016,8.187915802001953
Bearing3_2,1251,0.5014028056112224,8.12982177734375
Bearing3_2,1252,0.5018036072144288,8.168078422546387
Bearing3_2,1253,0.5022044088176353,8.14813232421875
Bearing3_2,1254,0.5026052104208417,7.932980537414551
Bearing3_2,1255,0.503006012024048,7.6025285720825195
Bearing3_2,1256,0.5034068136272545,7.369688510894775
Bearing3_2,1257,0.5038076152304609,7.228665828704834
Bearing3_2,1258,0.5042084168336673,7.518858909606934
Bearing3_2,1259,0.5046092184368738,7.568518161773682
Bearing3_2,1260,0.5050100200400801,7.596829414367676
Bearing3_2,1261,0.5054108216432865,7.795219421386719
Bearing3_2,1262,0.505811623246493,7.933673858642578
Bearing3_2,1263,0.5062124248496994,8.316272735595703
Bearing3_2,1264,0.5066132264529059,8.66572380065918
Bearing3_2,1265,0.5070140280561122,9.079318046569824
Bearing3_2,1266,0.5074148296593186,9.711642265319824
Bearing3_2,1267,0.507815631262525,10.385805130004883
Bearing3_2,1268,0.5082164328657315,10.431699752807617
Bearing3_2,1269,0.5086172344689379,11.027640342712402
Bearing3_2,1270,0.5090180360721442,11.54786205291748
Bearing3_2,1271,0.5094188376753507,12.035921096801758
Bearing3_2,1272,0.5098196392785571,12.242955207824707
Bearing3_2,1273,0.5102204408817635,12.301215171813965
Bearing3_2,1274,0.51062124248497,12.108968734741211
Bearing3_2,1275,0.5110220440881763,12.196381568908691
Bearing3_2,1276,0.5114228456913827,11.769981384277344
Bearing3_2,1277,0.5118236472945892,11.298162460327148
Bearing3_2,1278,0.5122244488977956,11.091503143310547
Bearing3_2,1279,0.512625250501002,10.56453800201416
Bearing3_2,1280,0.5130260521042084,10.243484497070312
Bearing3_2,1281,0.5134268537074148,9.796045303344727
Bearing3_2,1282,0.5138276553106212,9.590455055236816
Bearing3_2,1283,0.5142284569138277,9.284379959106445
Bearing3_2,1284,0.5146292585170341,9.267580032348633
Bearing3_2,1285,0.5150300601202404,9.046760559082031
Bearing3_2,1286,0.5154308617234469,9.243698120117188
Bearing3_2,1287,0.5158316633266533,9.389059066772461
Bearing3_2,1288,0.5162324649298597,9.422746658325195
Bearing3_2,1289,0.5166332665330662,9.546026229858398
Bearing3_2,1290,0.5170340681362725,9.512600898742676
Bearing3_2,1291,0.5174348697394789,9.504294395446777
Bearing3_2,1292,0.5178356713426854,9.453775405883789
Bearing3_2,1293,0.5182364729458918,9.542301177978516
Bearing3_2,1294,0.5186372745490982,9.498262405395508
Bearing3_2,1295,0.5190380761523046,9.393739700317383
Bearing3_2,1296,0.519438877755511,9.174959182739258
Bearing3_2,1297,0.5198396793587174,9.017982482910156
Bearing3_2,1298,0.5202404809619239,8.878222465515137
Bearing3_2,1299,0.5206412825651303,8.816717147827148
Bearing3_2,1300,0.5210420841683366,8.871826171875
Bearing3_2,1301,0.5214428857715431,8.905118942260742
Bearing3_2,1302,0.5218436873747495,8.91435718536377
Bearing3_2,1303,0.522244488977956,8.856427192687988
Bearing3_2,1304,0.5226452905811623,8.830578804016113
Bearing3_2,1305,0.5230460921843687,8.732905387878418
Bearing3_2,1306,0.5234468937875751,8.602807998657227
Bearing3_2,1307,0.5238476953907816,8.515153884887695
Bearing3_2,1308,0.524248496993988,8.45231819152832
Bearing3_2,1309,0.5246492985971943,8.370473861694336
Bearing3_2,1310,0.5250501002004008,8.277671813964844
Bearing3_2,1311,0.5254509018036072,8.248023986816406
Bearing3_2,1312,0.5258517034068136,8.19031047821045
Bearing3_2,1313,0.5262525050100201,7.9371657371521
Bearing3_2,1314,0.5266533066132264,7.9809889793396
Bearing3_2,1315,0.5270541082164328,7.871087074279785
Bearing3_2,1316,0.5274549098196393,7.863268852233887
Bearing3_2,1317,0.5278557114228457,7.633932590484619
Bearing3_2,1318,0.5282565130260521,7.407524108886719
Bearing3_2,1319,0.5286573146292585,7.321314334869385
Bearing3_2,1320,0.5290581162324649,7.198831081390381
Bearing3_2,1321,0.5294589178356713,7.083254814147949
Bearing3_2,1322,0.5298597194388778,7.269883155822754
Bearing3_2,1323,0.5302605210420842,7.529130458831787
Bearing3_2,1324,0.5306613226452905,7.660403251647949
Bearing3_2,1325,0.531062124248497,7.99746561050415
Bearing3_2,1326,0.5314629258517034,8.18120002746582
Bearing3_2,1327,0.5318637274549098,8.827771186828613
Bearing3_2,1328,0.5322645290581163,9.49718952178955
Bearing3_2,1329,0.5326653306613226,10.070557594299316
Bearing3_2,1330,0.533066132264529,10.575339317321777
Bearing3_2,1331,0.5334669338677355,11.172231674194336
Bearing3_2,1332,0.5338677354709419,11.460432052612305
Bearing3_2,1333,0.5342685370741483,11.77868938446045
Bearing3_2,1334,0.5346693386773547,11.809678077697754
Bearing3_2,1335,0.5350701402805611,11.83948802947998
Bearing3_2,1336,0.5354709418837675,11.85092544555664
Bearing3_2,1337,0.535871743486974,11.514957427978516
Bearing3_2,1338,0.5362725450901804,11.352537155151367
Bearing3_2,1339,0.5366733466933867,10.9321870803833
Bearing3_2,1340,0.5370741482965932,10.518178939819336
Bearing3_2,1341,0.5374749498997996,9.908330917358398
Bearing3_2,1342,0.537875751503006,9.499303817749023
Bearing3_2,1343,0.5382765531062125,9.23580551147461
Bearing3_2,1344,0.5386773547094188,9.129039764404297
Bearing3_2,1345,0.5390781563126252,9.02984619140625
Bearing3_2,1346,0.5394789579158317,8.912485122680664
Bearing3_2,1347,0.5398797595190381,8.975497245788574
Bearing3_2,1348,0.5402805611222445,8.87708854675293
Bearing3_2,1349,0.5406813627254509,8.738632202148438
Bearing3_2,1350,0.5410821643286573,8.618371963500977
Bearing3_2,1351,0.5414829659318637,8.74455451965332
Bearing3_2,1352,0.5418837675350702,8.57245922088623
Bearing3_2,1353,0.5422845691382766,8.45130729675293
Bearing3_2,1354,0.5426853707414829,8.293198585510254
Bearing3_2,1355,0.5430861723446894,8.184083938598633
Bearing3_2,1356,0.5434869739478958,8.266450881958008
Bearing3_2,1357,0.5438877755511022,8.09264087677002
Bearing3_2,1358,0.5442885771543087,7.979657173156738
Bearing3_2,1359,0.544689378757515,8.027536392211914
Bearing3_2,1360,0.5450901803607214,8.17347240447998
Bearing3_2,1361,0.5454909819639279,8.050311088562012
Bearing3_2,1362,0.5458917835671343,8.181668281555176
Bearing3_2,1363,0.5462925851703406,8.055376052856445
Bearing3_2,1364,0.5466933867735471,8.096334457397461
Bearing3_2,1365,0.5470941883767535,8.145716667175293
Bearing3_2,1366,0.5474949899799599,8.245768547058105
Bearing3_2,1367,0.5478957915831664,8.55887222290039
Bearing3_2,1368,0.5482965931863727,8.669332504272461
Bearing3_2,1369,0.5486973947895791,8.909371376037598
Bearing3_2,1370,0.5490981963927856,9.025543212890625
Bearing3_2,1371,0.549498997995992,9.299579620361328
Bearing3_2,1372,0.5498997995991984,9.262025833129883
Bearing3_2,1373,0.5503006012024048,9.277311325073242
Bearing3_2,1374,0.5507014028056112,9.252985954284668
Bearing3_2,1375,0.5511022044088176,9.141249656677246
Bearing3_2,1376,0.5515030060120241,8.820623397827148
Bearing3_2,1377,0.5519038076152305,8.465601921081543
Bearing3_2,1378,0.5523046092184368,8.2433443069458
Bearing3_2,1379,0.5527054108216433,7.900839805603027
Bearing3_2,1380,0.5531062124248497,7.642458915710449
Bearing3_2,1381,0.5535070140280561,7.191839694976807
Bearing3_2,1382,0.5539078156312626,7.120165824890137
Bearing3_2,1383,0.5543086172344689,6.963594913482666
Bearing3_2,1384,0.5547094188376753,6.7415266036987305
Bearing3_2,1385,0.5551102204408818,6.549734592437744
Bearing3_2,1386,0.5555110220440882,6.5380449295043945
Bearing3_2,1387,0.5559118236472946,6.65874719619751
Bearing3_2,1388,0.556312625250501,6.771559238433838
Bearing3_2,1389,0.5567134268537074,6.9642181396484375
Bearing3_2,1390,0.5571142284569138,7.144728660583496
Bearing3_2,1391,0.5575150300601203,7.3770647048950195
Bearing3_2,1392,0.5579158316633267,7.317453861236572
Bearing3_2,1393,0.558316633266533,7.40017557144165
Bearing3_2,1394,0.5587174348697395,7.488587379455566
Bearing3_2,1395,0.5591182364729459,7.63823938369751
Bearing3_2,1396,0.5595190380761523,7.623282432556152
Bearing3_2,1397,0.5599198396793588,7.587049961090088
Bearing3_2,1398,0.5603206412825651,7.476958274841309
Bearing3_2,1399,0.5607214428857715,7.490843772888184
Bearing3_2,1400,0.561122244488978,7.562314033508301
Bearing3_2,1401,0.5615230460921844,7.757849216461182
Bearing3_2,1402,0.5619238476953908,8.1724271774292
Bearing3_2,1403,0.5623246492985972,8.638752937316895
Bearing3_2,1404,0.5627254509018036,9.095191955566406
Bearing3_2,1405,0.56312625250501,9.584498405456543
Bearing3_2,1406,0.5635270541082165,10.165536880493164
Bearing3_2,1407,0.5639278557114229,10.685970306396484
Bearing3_2,1408,0.5643286573146292,11.154516220092773
Bearing3_2,1409,0.5647294589178357,11.4046049118042
Bearing3_2,1410,0.5651302605210421,11.527530670166016
Bearing3_2,1411,0.5655310621242485,11.471342086791992
Bearing3_2,1412,0.565931863727455,11.365560531616211
Bearing3_2,1413,0.5663326653306613,11.116069793701172
Bearing3_2,1414,0.5667334669338677,10.834501266479492
Bearing3_2,1415,0.5671342685370742,10.831100463867188
Bearing3_2,1416,0.5675350701402806,10.502037048339844
Bearing3_2,1417,0.5679358717434869,9.933979988098145
Bearing3_2,1418,0.5683366733466934,9.508338928222656
Bearing3_2,1419,0.5687374749498998,8.98044204711914
Bearing3_2,1420,0.5691382765531062,8.616254806518555
Bearing3_2,1421,0.5695390781563127,8.375649452209473
Bearing3_2,1422,0.569939879759519,8.096976280212402
Bearing3_2,1423,0.5703406813627254,7.827877998352051
Bearing3_2,1424,0.5707414829659319,7.63855504989624
Bearing3_2,1425,0.5711422845691383,6.999011039733887
Bearing3_2,1426,0.5715430861723447,6.6998395919799805
Bearing3_2,1427,0.571943887775551,7.160322666168213
Bearing3_2,1428,0.5723446893787575,7.294908046722412
Bearing3_2,1429,0.5727454909819639,7.6321868896484375
Bearing3_2,1430,0.5731462925851704,7.742919921875
Bearing3_2,1431,0.5735470941883768,7.811890602111816
Bearing3_2,1432,0.5739478957915831,7.727512359619141
Bearing3_2,1433,0.5743486973947896,7.831944942474365
Bearing3_2,1434,0.574749498997996,7.775836944580078
Bearing3_2,1435,0.5751503006012024,7.869686126708984
Bearing3_2,1436,0.5755511022044089,7.847221374511719
Bearing3_2,1437,0.5759519038076152,7.2494330406188965
Bearing3_2,1438,0.5763527054108216,7.018180847167969
Bearing3_2,1439,0.576753507014028,6.63483190536499
Bearing3_2,1440,0.5771543086172345,6.445291042327881
Bearing3_2,1441,0.5775551102204409,6.170687198638916
Bearing3_2,1442,0.5779559118236473,6.217581272125244
Bearing3_2,1443,0.5783567134268537,5.991929054260254
Bearing3_2,1444,0.5787575150300601,5.989665508270264
Bearing3_2,1445,0.5791583166332666,6.055487155914307
Bearing3_2,1446,0.579559118236473,6.051892280578613
Bearing3_2,1447,0.5799599198396793,6.179930686950684
Bearing3_2,1448,0.5803607214428858,6.312089920043945
Bearing3_2,1449,0.5807615230460922,6.526564598083496
Bearing3_2,1450,0.5811623246492986,6.7790021896362305
Bearing3_2,1451,0.5815631262525051,7.225152492523193
Bearing3_2,1452,0.5819639278557114,7.325682640075684
Bearing3_2,1453,0.5823647294589178,7.858208656311035
Bearing3_2,1454,0.5827655310621243,8.35318660736084
Bearing3_2,1455,0.5831663326653307,8.733919143676758
Bearing3_2,1456,0.5835671342685371,9.327341079711914
Bearing3_2,1457,0.5839679358717434,9.636005401611328
Bearing3_2,1458,0.5843687374749499,9.74255657196045
Bearing3_2,1459,0.5847695390781563,9.732980728149414
Bearing3_2,1460,0.5851703406813628,9.641186714172363
Bearing3_2,1461,0.5855711422845692,9.522314071655273
Bearing3_2,1462,0.5859719438877755,9.317648887634277
Bearing3_2,1463,0.586372745490982,8.91203498840332
Bearing3_2,1464,0.5867735470941884,8.600213050842285
Bearing3_2,1465,0.5871743486973948,8.24576187133789
Bearing3_2,1466,0.5875751503006013,7.721916198730469
Bearing3_2,1467,0.5879759519038076,7.2949957847595215
Bearing3_2,1468,0.588376753507014,6.928011417388916
Bearing3_2,1469,0.5887775551102205,6.75002384185791
Bearing3_2,1470,0.5891783567134269,6.570184230804443
Bearing3_2,1471,0.5895791583166332,6.294300079345703
Bearing3_2,1472,0.5899799599198396,6.389647960662842
Bearing3_2,1473,0.5903807615230461,6.462613105773926
Bearing3_2,1474,0.5907815631262525,6.250298976898193
Bearing3_2,1475,0.591182364729459,6.19577693939209
Bearing3_2,1476,0.5915831663326653,6.2318434715271
Bearing3_2,1477,0.5919839679358717,6.337346076965332
Bearing3_2,1478,0.5923847695390781,6.4949750900268555
Bearing3_2,1479,0.5927855711422846,6.700093746185303
Bearing3_2,1480,0.593186372745491,7.036574363708496
Bearing3_2,1481,0.5935871743486973,7.528733730316162
Bearing3_2,1482,0.5939879759519038,7.958465576171875
Bearing3_2,1483,0.5943887775551102,8.319631576538086
Bearing3_2,1484,0.5947895791583167,8.91015911102295
Bearing3_2,1485,0.5951903807615231,9.32562255859375
Bearing3_2,1486,0.5955911823647294,9.883644104003906
Bearing3_2,1487,0.5959919839679358,10.37352180480957
Bearing3_2,1488,0.5963927855711423,10.834054946899414
Bearing3_2,1489,0.5967935871743487,11.030218124389648
Bearing3_2,1490,0.5971943887775552,10.954861640930176
Bearing3_2,1491,0.5975951903807615,10.794795989990234
Bearing3_2,1492,0.5979959919839679,10.442548751831055
Bearing3_2,1493,0.5983967935871743,10.177884101867676
Bearing3_2,1494,0.5987975951903808,9.874494552612305
Bearing3_2,1495,0.5991983967935872,9.51377010345459
Bearing3_2,1496,0.5995991983967935,9.375775337219238
Bearing3_2,1497,0.6,8.852221488952637
Bearing3_2,1498,0.6004008016032064,8.316558837890625
Bearing3_2,1499,0.6008016032064128,7.91080379486084
Bearing3_2,1500,0.6012024048096193,7.790389060974121
Bearing3_2,1501,0.6016032064128256,7.522670745849609
Bearing3_2,1502,0.602004008016032,7.509369850158691
Bearing3_2,1503,0.6024048096192385,7.206414699554443
Bearing3_2,1504,0.6028056112224449,6.944676876068115
Bearing3_2,1505,0.6032064128256514,6.834136009216309
Bearing3_2,1506,0.6036072144288577,6.251948356628418
Bearing3_2,1507,0.6040080160320641,6.114874362945557
Bearing3_2,1508,0.6044088176352705,6.53027868270874
Bearing3_2,1509,0.604809619238477,6.433863639831543
Bearing3_2,1510,0.6052104208416834,6.263889789581299
Bearing3_2,1511,0.6056112224448897,6.164322376251221
Bearing3_2,1512,0.6060120240480962,6.165740013122559
Bearing3_2,1513,0.6064128256513026,6.211601734161377
Bearing3_2,1514,0.606813627254509,6.244584083557129
Bearing3_2,1515,0.6072144288577155,6.255307197570801
Bearing3_2,1516,0.6076152304609218,6.492850303649902
Bearing3_2,1517,0.6080160320641282,6.646836757659912
Bearing3_2,1518,0.6084168336673347,6.519927978515625
Bearing3_2,1519,0.6088176352705411,6.981196403503418
Bearing3_2,1520,0.6092184368737475,7.271376132965088
Bearing3_2,1521,0.6096192384769539,7.75083065032959
Bearing3_2,1522,0.6100200400801603,7.971672058105469
Bearing3_2,1523,0.6104208416833667,8.325592041015625
Bearing3_2,1524,0.6108216432865732,8.544598579406738
Bearing3_2,1525,0.6112224448897795,9.190664291381836
Bearing3_2,1526,0.6116232464929859,9.122040748596191
Bearing3_2,1527,0.6120240480961924,9.065492630004883
Bearing3_2,1528,0.6124248496993988,8.605867385864258
Bearing3_2,1529,0.6128256513026052,8.182571411132812
Bearing3_2,1530,0.6132264529058116,7.773953437805176
Bearing3_2,1531,0.613627254509018,7.38112735748291
Bearing3_2,1532,0.6140280561122244,7.086061954498291
Bearing3_2,1533,0.6144288577154309,6.833382606506348
Bearing3_2,1534,0.6148296593186373,6.750274658203125
Bearing3_2,1535,0.6152304609218436,6.173331260681152
Bearing3_2,1536,0.6156312625250501,6.234402656555176
Bearing3_2,1537,0.6160320641282565,6.399096488952637
Bearing3_2,1538,0.6164328657314629,6.7953596115112305
Bearing3_2,1539,0.6168336673346694,7.265568733215332
Bearing3_2,1540,0.6172344689378757,7.8244123458862305
Bearing3_2,1541,0.6176352705410821,8.179933547973633
Bearing3_2,1542,0.6180360721442886,8.573341369628906
Bearing3_2,1543,0.618436873747495,8.938397407531738
Bearing3_2,1544,0.6188376753507014,9.372674942016602
Bearing3_2,1545,0.6192384769539078,9.883096694946289
Bearing3_2,1546,0.6196392785571142,10.527822494506836
Bearing3_2,1547,0.6200400801603206,10.918024063110352
Bearing3_2,1548,0.6204408817635271,11.535234451293945
Bearing3_2,1549,0.6208416833667335,11.83403491973877
Bearing3_2,1550,0.6212424849699398,11.822004318237305
Bearing3_2,1551,0.6216432865731463,12.065163612365723
Bearing3_2,1552,0.6220440881763527,11.917657852172852
Bearing3_2,1553,0.6224448897795591,11.667177200317383
Bearing3_2,1554,0.6228456913827656,11.12321662902832
Bearing3_2,1555,0.6232464929859719,10.839495658874512
Bearing3_2,1556,0.6236472945891783,10.067578315734863
Bearing3_2,1557,0.6240480961923848,9.447916984558105
Bearing3_2,1558,0.6244488977955912,8.766611099243164
Bearing3_2,1559,0.6248496993987976,8.112761497497559
Bearing3_2,1560,0.625250501002004,7.7261152267456055
Bearing3_2,1561,0.6256513026052104,7.246309757232666
Bearing3_2,1562,0.6260521042084168,7.131257057189941
Bearing3_2,1563,0.6264529058116233,7.042417049407959
Bearing3_2,1564,0.6268537074148297,7.095355033874512
Bearing3_2,1565,0.627254509018036,6.74591588973999
Bearing3_2,1566,0.6276553106212425,6.656693458557129
Bearing3_2,1567,0.6280561122244489,6.7251877784729
Bearing3_2,1568,0.6284569138276553,6.567662715911865
Bearing3_2,1569,0.6288577154308618,6.608710289001465
Bearing3_2,1570,0.6292585170340681,6.526629447937012
Bearing3_2,1571,0.6296593186372745,6.340113162994385
Bearing3_2,1572,0.630060120240481,6.651822090148926
Bearing3_2,1573,0.6304609218436874,6.6543145179748535
Bearing3_2,1574,0.6308617234468938,6.539671897888184
Bearing3_2,1575,0.6312625250501002,6.605319976806641
Bearing3_2,1576,0.6316633266533066,6.66101598739624
Bearing3_2,1577,0.632064128256513,6.539975643157959
Bearing3_2,1578,0.6324649298597195,6.431358337402344
Bearing3_2,1579,0.6328657314629259,6.272980690002441
Bearing3_2,1580,0.6332665330661322,6.333550453186035
Bearing3_2,1581,0.6336673346693387,6.500344276428223
Bearing3_2,1582,0.6340681362725451,6.054567337036133
Bearing3_2,1583,0.6344689378757515,6.0593791007995605
Bearing3_2,1584,0.6348697394789579,6.1457343101501465
Bearing3_2,1585,0.6352705410821643,6.011655330657959
Bearing3_2,1586,0.6356713426853707,5.8201141357421875
Bearing3_2,1587,0.6360721442885772,5.8345794677734375
Bearing3_2,1588,0.6364729458917836,5.948818206787109
Bearing3_2,1589,0.6368737474949899,5.7517194747924805
Bearing3_2,1590,0.6372745490981964,5.619075298309326
Bearing3_2,1591,0.6376753507014028,5.729041576385498
Bearing3_2,1592,0.6380761523046092,5.482110977172852
Bearing3_2,1593,0.6384769539078157,5.1666741371154785
Bearing3_2,1594,0.638877755511022,5.192466735839844
Bearing3_2,1595,0.6392785571142284,5.124837398529053
Bearing3_2,1596,0.6396793587174349,5.233163356781006
Bearing3_2,1597,0.6400801603206413,5.1653313636779785
Bearing3_2,1598,0.6404809619238477,4.989653587341309
Bearing3_2,1599,0.6408817635270541,5.175256252288818
Bearing3_2,1600,0.6412825651302605,5.3713459968566895
Bearing3_2,1601,0.6416833667334669,5.165500164031982
Bearing3_2,1602,0.6420841683366734,5.348031520843506
Bearing3_2,1603,0.6424849699398798,5.715579032897949
Bearing3_2,1604,0.6428857715430861,5.64810037612915
Bearing3_2,1605,0.6432865731462926,5.894214153289795
Bearing3_2,1606,0.643687374749499,6.007197380065918
Bearing3_2,1607,0.6440881763527054,6.071959495544434
Bearing3_2,1608,0.6444889779559119,6.015640735626221
Bearing3_2,1609,0.6448897795591182,5.994643211364746
Bearing3_2,1610,0.6452905811623246,5.767756462097168
Bearing3_2,1611,0.6456913827655311,5.791989326477051
Bearing3_2,1612,0.6460921843687375,5.564474582672119
Bearing3_2,1613,0.6464929859719439,5.225456237792969
Bearing3_2,1614,0.6468937875751503,5.13926362991333
Bearing3_2,1615,0.6472945891783567,5.007695198059082
Bearing3_2,1616,0.6476953907815631,4.892119884490967
Bearing3_2,1617,0.6480961923847696,4.938628196716309
Bearing3_2,1618,0.648496993987976,5.10162353515625
Bearing3_2,1619,0.6488977955911823,5.1026716232299805
Bearing3_2,1620,0.6492985971943888,5.383759498596191
Bearing3_2,1621,0.6496993987975952,5.533135890960693
Bearing3_2,1622,0.6501002004008016,5.88201379776001
Bearing3_2,1623,0.6505010020040081,5.904166221618652
Bearing3_2,1624,0.6509018036072144,5.819173336029053
Bearing3_2,1625,0.6513026052104208,5.7416791915893555
Bearing3_2,1626,0.6517034068136273,5.8329973220825195
Bearing3_2,1627,0.6521042084168337,5.776523590087891
Bearing3_2,1628,0.6525050100200401,5.642108917236328
Bearing3_2,1629,0.6529058116232465,5.611236572265625
Bearing3_2,1630,0.6533066132264529,5.3724565505981445
Bearing3_2,1631,0.6537074148296593,5.142426013946533
Bearing3_2,1632,0.6541082164328658,4.7525858879089355
Bearing3_2,1633,0.6545090180360722,4.7126288414001465
Bearing3_2,1634,0.6549098196392785,4.705061435699463
Bearing3_2,1635,0.655310621242485,4.601904392242432
Bearing3_2,1636,0.6557114228456914,4.35129451751709
Bearing3_2,1637,0.6561122244488978,4.266537666320801
Bearing3_2,1638,0.6565130260521042,4.2117109298706055
Bearing3_2,1639,0.6569138276553106,4.1004767417907715
Bearing3_2,1640,0.657314629258517,4.103448390960693
Bearing3_2,1641,0.6577154308617235,4.182295322418213
Bearing3_2,1642,0.6581162324649299,4.451094627380371
Bearing3_2,1643,0.6585170340681362,4.698394298553467
Bearing3_2,1644,0.6589178356713427,4.71943473815918
Bearing3_2,1645,0.6593186372745491,4.908883571624756
Bearing3_2,1646,0.6597194388777555,5.159095764160156
Bearing3_2,1647,0.660120240480962,5.1481757164001465
Bearing3_2,1648,0.6605210420841683,5.194389343261719
Bearing3_2,1649,0.6609218436873747,5.298468589782715
Bearing3_2,1650,0.6613226452905812,5.316762447357178
Bearing3_2,1651,0.6617234468937876,5.202689170837402
Bearing3_2,1652,0.662124248496994,5.133543014526367
Bearing3_2,1653,0.6625250501002004,4.920506477355957
Bearing3_2,1654,0.6629258517034068,4.822803497314453
Bearing3_2,1655,0.6633266533066132,4.746108531951904
Bearing3_2,1656,0.6637274549098197,4.691868782043457
Bearing3_2,1657,0.6641282565130261,4.6935577392578125
Bearing3_2,1658,0.6645290581162324,4.613252639770508
Bearing3_2,1659,0.6649298597194389,4.45451545715332
Bearing3_2,1660,0.6653306613226453,4.442460536956787
Bearing3_2,1661,0.6657314629258517,4.314987659454346
Bearing3_2,1662,0.6661322645290582,4.223694324493408
Bearing3_2,1663,0.6665330661322645,4.2103166580200195
Bearing3_2,1664,0.6669338677354709,4.2121686935424805
Bearing3_2,1665,0.6673346693386774,4.078329563140869
Bearing3_2,1666,0.6677354709418838,4.007070541381836
Bearing3_2,1667,0.6681362725450902,4.041463851928711
Bearing3_2,1668,0.6685370741482966,4.1393632888793945
Bearing3_2,1669,0.668937875751503,4.179912567138672
Bearing3_2,1670,0.6693386773547094,4.138576030731201
Bearing3_2,1671,0.6697394789579159,4.114840030670166
Bearing3_2,1672,0.6701402805611223,4.175229072570801
Bearing3_2,1673,0.6705410821643286,4.1979498863220215
Bearing3_2,1674,0.670941883767535,4.227183818817139
Bearing3_2,1675,0.6713426853707415,4.279483795166016
Bearing3_2,1676,0.6717434869739479,4.311554431915283
Bearing3_2,1677,0.6721442885771544,4.307865142822266
Bearing3_2,1678,0.6725450901803607,4.31466817855835
Bearing3_2,1679,0.6729458917835671,4.457312107086182
Bearing3_2,1680,0.6733466933867736,4.530218601226807
Bearing3_2,1681,0.67374749498998,4.578468322753906
Bearing3_2,1682,0.6741482965931864,4.544806957244873
Bearing3_2,1683,0.6745490981963927,4.748105525970459
Bearing3_2,1684,0.6749498997995992,4.910195350646973
Bearing3_2,1685,0.6753507014028056,4.966475009918213
Bearing3_2,1686,0.675751503006012,4.945441246032715
Bearing3_2,1687,0.6761523046092185,5.059113502502441
Bearing3_2,1688,0.6765531062124248,5.158641338348389
Bearing3_2,1689,0.6769539078156313,5.081447601318359
Bearing3_2,1690,0.6773547094188377,4.942839622497559
Bearing3_2,1691,0.6777555110220441,4.974642753601074
Bearing3_2,1692,0.6781563126252504,4.629312038421631
Bearing3_2,1693,0.6785571142284569,4.421271324157715
Bearing3_2,1694,0.6789579158316633,4.229915618896484
Bearing3_2,1695,0.6793587174348698,4.350393295288086
Bearing3_2,1696,0.6797595190380762,4.558376312255859
Bearing3_2,1697,0.6801603206412825,4.636407375335693
Bearing3_2,1698,0.680561122244489,4.747851371765137
Bearing3_2,1699,0.6809619238476954,4.99910831451416
Bearing3_2,1700,0.6813627254509018,5.342268943786621
Bearing3_2,1701,0.6817635270541083,5.841270923614502
Bearing3_2,1702,0.6821643286573146,6.604099273681641
Bearing3_2,1703,0.682565130260521,7.0249834060668945
Bearing3_2,1704,0.6829659318637274,7.4982452392578125
Bearing3_2,1705,0.6833667334669339,7.722240447998047
Bearing3_2,1706,0.6837675350701403,7.823554992675781
Bearing3_2,1707,0.6841683366733466,7.88738489151001
Bearing3_2,1708,0.6845691382765531,7.920489311218262
Bearing3_2,1709,0.6849699398797595,7.804663181304932
Bearing3_2,1710,0.685370741482966,7.681397438049316
Bearing3_2,1711,0.6857715430861724,7.232553958892822
Bearing3_2,1712,0.6861723446893787,6.9996185302734375
Bearing3_2,1713,0.6865731462925851,6.912684440612793
Bearing3_2,1714,0.6869739478957916,6.610716819763184
Bearing3_2,1715,0.687374749498998,6.584573268890381
Bearing3_2,1716,0.6877755511022045,6.459965705871582
Bearing3_2,1717,0.6881763527054108,6.484091281890869
Bearing3_2,1718,0.6885771543086172,6.566366672515869
Bearing3_2,1719,0.6889779559118236,6.62250280380249
Bearing3_2,1720,0.6893787575150301,6.574494361877441
Bearing3_2,1721,0.6897795591182365,7.244332790374756
Bearing3_2,1722,0.6901803607214428,6.968691349029541
Bearing3_2,1723,0.6905811623246493,6.5590338706970215
Bearing3_2,1724,0.6909819639278557,6.483988285064697
Bearing3_2,1725,0.6913827655310621,6.272418975830078
Bearing3_2,1726,0.6917835671342686,6.019772529602051
Bearing3_2,1727,0.6921843687374749,5.680245876312256
Bearing3_2,1728,0.6925851703406813,5.316135406494141
Bearing3_2,1729,0.6929859719438878,5.161562919616699
Bearing3_2,1730,0.6933867735470942,4.990811824798584
Bearing3_2,1731,0.6937875751503007,4.310749530792236
Bearing3_2,1732,0.694188376753507,4.475693702697754
Bearing3_2,1733,0.6945891783567134,4.6233930587768555
Bearing3_2,1734,0.6949899799599198,4.669260025024414
Bearing3_2,1735,0.6953907815631263,4.711491584777832
Bearing3_2,1736,0.6957915831663327,4.935633659362793
Bearing3_2,1737,0.696192384769539,5.0400896072387695
Bearing3_2,1738,0.6965931863727455,5.363949775695801
Bearing3_2,1739,0.6969939879759519,5.468174934387207
Bearing3_2,1740,0.6973947895791583,6.036342620849609
Bearing3_2,1741,0.6977955911823648,6.133123874664307
Bearing3_2,1742,0.6981963927855711,6.104103088378906
Bearing3_2,1743,0.6985971943887775,6.070080757141113
Bearing3_2,1744,0.698997995991984,6.0896501541137695
Bearing3_2,1745,0.6993987975951904,5.887063026428223
Bearing3_2,1746,0.6997995991983968,5.689156532287598
Bearing3_2,1747,0.7002004008016032,5.671038627624512
Bearing3_2,1748,0.7006012024048096,5.445730686187744
Bearing3_2,1749,0.701002004008016,5.2028422355651855
Bearing3_2,1750,0.7014028056112225,4.8229169845581055
Bearing3_2,1751,0.7018036072144288,4.802508354187012
Bearing3_2,1752,0.7022044088176352,4.6949381828308105
Bearing3_2,1753,0.7026052104208417,4.6451239585876465
Bearing3_2,1754,0.7030060120240481,4.760988712310791
Bearing3_2,1755,0.7034068136272545,4.806152820587158
Bearing3_2,1756,0.7038076152304609,4.765334129333496
Bearing3_2,1757,0.7042084168336673,4.66162109375
Bearing3_2,1758,0.7046092184368737,4.5995774269104
Bearing3_2,1759,0.7050100200400802,4.773411750793457
Bearing3_2,1760,0.7054108216432866,4.603936195373535
Bearing3_2,1761,0.7058116232464929,4.3991618156433105
Bearing3_2,1762,0.7062124248496994,4.460652828216553
Bearing3_2,1763,0.7066132264529058,4.410803318023682
Bearing3_2,1764,0.7070140280561122,4.261128902435303
Bearing3_2,1765,0.7074148296593187,4.1814069747924805
Bearing3_2,1766,0.707815631262525,4.2182111740112305
Bearing3_2,1767,0.7082164328657314,4.1800947189331055
Bearing3_2,1768,0.7086172344689379,4.0887250900268555
Bearing3_2,1769,0.7090180360721443,4.074091911315918
Bearing3_2,1770,0.7094188376753507,4.057421684265137
Bearing3_2,1771,0.7098196392785571,4.17533540725708
Bearing3_2,1772,0.7102204408817635,4.512424468994141
Bearing3_2,1773,0.7106212424849699,4.538540840148926
Bearing3_2,1774,0.7110220440881764,4.459731101989746
Bearing3_2,1775,0.7114228456913828,4.352806091308594
Bearing3_2,1776,0.7118236472945891,4.316679954528809
Bearing3_2,1777,0.7122244488977956,4.426468849182129
Bearing3_2,1778,0.712625250501002,4.391443729400635
Bearing3_2,1779,0.7130260521042084,4.427764892578125
Bearing3_2,1780,0.7134268537074149,4.520042419433594
Bearing3_2,1781,0.7138276553106212,4.674830913543701
Bearing3_2,1782,0.7142284569138276,4.353788375854492
Bearing3_2,1783,0.7146292585170341,4.475869655609131
Bearing3_2,1784,0.7150300601202405,4.821493625640869
Bearing3_2,1785,0.7154308617234469,4.954226016998291
Bearing3_2,1786,0.7158316633266533,4.999275207519531
Bearing3_2,1787,0.7162324649298597,5.080645561218262
Bearing3_2,1788,0.7166332665330661,5.218771934509277
Bearing3_2,1789,0.7170340681362726,5.061281681060791
Bearing3_2,1790,0.717434869739479,5.168325424194336
Bearing3_2,1791,0.7178356713426853,5.091904640197754
Bearing3_2,1792,0.7182364729458918,5.046239376068115
Bearing3_2,1793,0.7186372745490982,4.929932117462158
Bearing3_2,1794,0.7190380761523046,4.5430378913879395
Bearing3_2,1795,0.7194388777555111,4.560859680175781
Bearing3_2,1796,0.7198396793587174,4.642800807952881
Bearing3_2,1797,0.7202404809619238,4.722176551818848
Bearing3_2,1798,0.7206412825651303,4.48861837387085
Bearing3_2,1799,0.7210420841683367,4.514779090881348
Bearing3_2,1800,0.7214428857715431,4.430781364440918
Bearing3_2,1801,0.7218436873747495,4.423367977142334
Bearing3_2,1802,0.7222444889779559,4.435079574584961
Bearing3_2,1803,0.7226452905811623,4.621951580047607
Bearing3_2,1804,0.7230460921843688,4.578780174255371
Bearing3_2,1805,0.7234468937875751,4.637045860290527
Bearing3_2,1806,0.7238476953907815,4.463252544403076
Bearing3_2,1807,0.724248496993988,4.25646448135376
Bearing3_2,1808,0.7246492985971944,4.3578619956970215
Bearing3_2,1809,0.7250501002004008,4.391510963439941
Bearing3_2,1810,0.7254509018036072,4.267861843109131
Bearing3_2,1811,0.7258517034068136,4.196201324462891
Bearing3_2,1812,0.72625250501002,4.211845397949219
Bearing3_2,1813,0.7266533066132265,4.08535099029541
Bearing3_2,1814,0.7270541082164329,4.036923885345459
Bearing3_2,1815,0.7274549098196392,3.9953625202178955
Bearing3_2,1816,0.7278557114228457,3.9892914295196533
Bearing3_2,1817,0.7282565130260521,3.902996063232422
Bearing3_2,1818,0.7286573146292585,3.9928531646728516
Bearing3_2,1819,0.729058116232465,3.967454433441162
Bearing3_2,1820,0.7294589178356713,3.9121367931365967
Bearing3_2,1821,0.7298597194388777,3.966001510620117
Bearing3_2,1822,0.7302605210420842,3.9036293029785156
Bearing3_2,1823,0.7306613226452906,3.8572516441345215
Bearing3_2,1824,0.731062124248497,3.9765732288360596
Bearing3_2,1825,0.7314629258517034,3.941420316696167
Bearing3_2,1826,0.7318637274549098,4.080822944641113
Bearing3_2,1827,0.7322645290581162,4.189827919006348
Bearing3_2,1828,0.7326653306613227,4.1642560958862305
Bearing3_2,1829,0.7330661322645291,4.2112884521484375
Bearing3_2,1830,0.7334669338677354,4.280330657958984
Bearing3_2,1831,0.7338677354709419,4.110478401184082
Bearing3_2,1832,0.7342685370741483,4.103108882904053
Bearing3_2,1833,0.7346693386773547,3.9752280712127686
Bearing3_2,1834,0.7350701402805612,3.9258410930633545
Bearing3_2,1835,0.7354709418837675,3.832540512084961
Bearing3_2,1836,0.7358717434869739,3.726323366165161
Bearing3_2,1837,0.7362725450901804,3.600823163986206
Bearing3_2,1838,0.7366733466933868,3.5714237689971924
Bearing3_2,1839,0.7370741482965932,3.4932122230529785
Bearing3_2,1840,0.7374749498997996,3.646554470062256
Bearing3_2,1841,0.737875751503006,4.009456634521484
Bearing3_2,1842,0.7382765531062124,4.002369403839111
Bearing3_2,1843,0.7386773547094189,4.111920356750488
Bearing3_2,1844,0.7390781563126253,3.953275203704834
Bearing3_2,1845,0.7394789579158316,4.085500240325928
Bearing3_2,1846,0.7398797595190381,4.0634918212890625
Bearing3_2,1847,0.7402805611222445,4.134432792663574
Bearing3_2,1848,0.7406813627254509,4.168419361114502
Bearing3_2,1849,0.7410821643286574,4.051625728607178
Bearing3_2,1850,0.7414829659318637,3.8147521018981934
Bearing3_2,1851,0.7418837675350701,3.472489833831787
Bearing3_2,1852,0.7422845691382766,3.3342761993408203
Bearing3_2,1853,0.742685370741483,3.3526298999786377
Bearing3_2,1854,0.7430861723446894,3.584174394607544
Bearing3_2,1855,0.7434869739478958,3.5064778327941895
Bearing3_2,1856,0.7438877755511022,3.57898211479187
Bearing3_2,1857,0.7442885771543086,3.6275744438171387
Bearing3_2,1858,0.7446893787575151,3.545806884765625
Bearing3_2,1859,0.7450901803607214,3.633836030960083
Bearing3_2,1860,0.7454909819639278,3.6182785034179688
Bearing3_2,1861,0.7458917835671343,3.682842254638672
Bearing3_2,1862,0.7462925851703407,3.890259265899658
Bearing3_2,1863,0.7466933867735471,3.975801944732666
Bearing3_2,1864,0.7470941883767535,4.042706489562988
Bearing3_2,1865,0.7474949899799599,4.207886219024658
Bearing3_2,1866,0.7478957915831663,4.110832691192627
Bearing3_2,1867,0.7482965931863728,3.9943931102752686
Bearing3_2,1868,0.7486973947895792,4.0511932373046875
Bearing3_2,1869,0.7490981963927855,4.080817699432373
Bearing3_2,1870,0.749498997995992,4.0940985679626465
Bearing3_2,1871,0.7498997995991984,4.102995872497559
Bearing3_2,1872,0.7503006012024048,4.096546173095703
Bearing3_2,1873,0.7507014028056113,3.97733736038208
Bearing3_2,1874,0.7511022044088176,3.839642286300659
Bearing3_2,1875,0.751503006012024,3.71626353263855
Bearing3_2,1876,0.7519038076152305,3.778097629547119
Bearing3_2,1877,0.7523046092184369,3.845806837081909
Bearing3_2,1878,0.7527054108216433,3.7786765098571777
Bearing3_2,1879,0.7531062124248497,3.828219175338745
Bearing3_2,1880,0.7535070140280561,3.991835832595825
Bearing3_2,1881,0.7539078156312625,3.9379963874816895
Bearing3_2,1882,0.754308617234469,3.834420680999756
Bearing3_2,1883,0.7547094188376754,3.9099478721618652
Bearing3_2,1884,0.7551102204408817,3.908048629760742
Bearing3_2,1885,0.7555110220440882,3.7449374198913574
Bearing3_2,1886,0.7559118236472946,3.560668468475342
Bearing3_2,1887,0.756312625250501,3.5727150440216064
Bearing3_2,1888,0.7567134268537075,3.5094141960144043
Bearing3_2,1889,0.7571142284569138,3.338101625442505
Bearing3_2,1890,0.7575150300601202,3.2408862113952637
Bearing3_2,1891,0.7579158316633267,3.3199455738067627
Bearing3_2,1892,0.7583166332665331,3.3073058128356934
Bearing3_2,1893,0.7587174348697395,3.3040847778320312
Bearing3_2,1894,0.7591182364729459,3.2180016040802
Bearing3_2,1895,0.7595190380761523,3.329148054122925
Bearing3_2,1896,0.7599198396793587,3.3989341259002686
Bearing3_2,1897,0.7603206412825652,3.506042957305908
Bearing3_2,1898,0.7607214428857716,3.6236774921417236
Bearing3_2,1899,0.7611222444889779,3.718515396118164
Bearing3_2,1900,0.7615230460921844,3.6450538635253906
Bearing3_2,1901,0.7619238476953908,3.5076465606689453
Bearing3_2,1902,0.7623246492985972,3.5228404998779297
Bearing3_2,1903,0.7627254509018037,3.431957244873047
Bearing3_2,1904,0.76312625250501,3.500225067138672
Bearing3_2,1905,0.7635270541082164,3.5195934772491455
Bearing3_2,1906,0.7639278557114229,3.5550618171691895
Bearing3_2,1907,0.7643286573146293,4.074980735778809
Bearing3_2,1908,0.7647294589178357,4.081579685211182
Bearing3_2,1909,0.765130260521042,4.210900783538818
Bearing3_2,1910,0.7655310621242485,4.257007122039795
Bearing3_2,1911,0.7659318637274549,4.256343364715576
Bearing3_2,1912,0.7663326653306614,4.184523582458496
Bearing3_2,1913,0.7667334669338677,4.170590400695801
Bearing3_2,1914,0.7671342685370741,4.113382816314697
Bearing3_2,1915,0.7675350701402806,4.054635524749756
Bearing3_2,1916,0.767935871743487,4.071031093597412
Bearing3_2,1917,0.7683366733466934,3.3561673164367676
Bearing3_2,1918,0.7687374749498997,3.3799972534179688
Bearing3_2,1919,0.7691382765531062,3.254310131072998
Bearing3_2,1920,0.7695390781563126,3.2767109870910645
Bearing3_2,1921,0.769939879759519,3.3118324279785156
Bearing3_2,1922,0.7703406813627255,3.380419969558716
Bearing3_2,1923,0.7707414829659318,3.2194619178771973
Bearing3_2,1924,0.7711422845691382,3.2487845420837402
Bearing3_2,1925,0.7715430861723447,3.251382827758789
Bearing3_2,1926,0.7719438877755511,3.197319507598877
Bearing3_2,1927,0.7723446893787576,3.2005317211151123
Bearing3_2,1928,0.7727454909819639,3.085885524749756
Bearing3_2,1929,0.7731462925851703,2.963371992111206
Bearing3_2,1930,0.7735470941883767,3.0270352363586426
Bearing3_2,1931,0.7739478957915832,2.9636263847351074
Bearing3_2,1932,0.7743486973947896,2.9311399459838867
Bearing3_2,1933,0.774749498997996,3.1032135486602783
Bearing3_2,1934,0.7751503006012024,3.0444016456604004
Bearing3_2,1935,0.7755511022044088,3.8277831077575684
Bearing3_2,1936,0.7759519038076153,3.994105815887451
Bearing3_2,1937,0.7763527054108217,4.117776393890381
Bearing3_2,1938,0.776753507014028,4.318751335144043
Bearing3_2,1939,0.7771543086172344,4.480095863342285
Bearing3_2,1940,0.7775551102204409,4.450971603393555
Bearing3_2,1941,0.7779559118236473,4.617340087890625
Bearing3_2,1942,0.7783567134268538,4.765669822692871
Bearing3_2,1943,0.7787575150300601,4.712286949157715
Bearing3_2,1944,0.7791583166332665,4.628993511199951
Bearing3_2,1945,0.779559118236473,3.8248190879821777
Bearing3_2,1946,0.7799599198396794,3.690129518508911
Bearing3_2,1947,0.7803607214428858,3.5885233879089355
Bearing3_2,1948,0.7807615230460921,3.4562315940856934
Bearing3_2,1949,0.7811623246492986,3.394181728363037
Bearing3_2,1950,0.781563126252505,3.3039097785949707
Bearing3_2,1951,0.7819639278557114,3.099961996078491
Bearing3_2,1952,0.7823647294589179,2.9064955711364746
Bearing3_2,1953,0.7827655310621242,2.9015042781829834
Bearing3_2,1954,0.7831663326653306,2.954932689666748
Bearing3_2,1955,0.7835671342685371,3.482633113861084
Bearing3_2,1956,0.7839679358717435,3.400231122970581
Bearing3_2,1957,0.78436873747495,3.300971269607544
Bearing3_2,1958,0.7847695390781563,3.359286069869995
Bearing3_2,1959,0.7851703406813627,3.2370095252990723
Bearing3_2,1960,0.7855711422845691,3.1445870399475098
Bearing3_2,1961,0.7859719438877756,3.102221727371216
Bearing3_2,1962,0.786372745490982,3.096453905105591
Bearing3_2,1963,0.7867735470941883,3.074897050857544
Bearing3_2,1964,0.7871743486973948,3.1892991065979004
Bearing3_2,1965,0.7875751503006012,2.635909080505371
Bearing3_2,1966,0.7879759519038076,2.755659818649292
Bearing3_2,1967,0.7883767535070141,2.817723274230957
Bearing3_2,1968,0.7887775551102204,2.856147289276123
Bearing3_2,1969,0.7891783567134268,2.9608521461486816
Bearing3_2,1970,0.7895791583166333,3.1197667121887207
Bearing3_2,1971,0.7899799599198397,3.2822673320770264
Bearing3_2,1972,0.790380761523046,3.4401869773864746
Bearing3_2,1973,0.7907815631262525,3.30474853515625
Bearing3_2,1974,0.7911823647294589,3.172595977783203
Bearing3_2,1975,0.7915831663326653,3.3070614337921143
Bearing3_2,1976,0.7919839679358718,3.331641435623169
Bearing3_2,1977,0.7923847695390781,3.407306671142578
Bearing3_2,1978,0.7927855711422845,3.3433775901794434
Bearing3_2,1979,0.793186372745491,3.537477493286133
Bearing3_2,1980,0.7935871743486974,3.616999864578247
Bearing3_2,1981,0.7939879759519038,3.5609130859375
Bearing3_2,1982,0.7943887775551102,3.558880567550659
Bearing3_2,1983,0.7947895791583166,3.7816970348358154
Bearing3_2,1984,0.795190380761523,4.081582546234131
Bearing3_2,1985,0.7955911823647295,4.103098392486572
Bearing3_2,1986,0.7959919839679359,4.148030757904053
Bearing3_2,1987,0.7963927855711422,4.205225944519043
Bearing3_2,1988,0.7967935871743487,4.120794296264648
Bearing3_2,1989,0.7971943887775551,3.9556756019592285
Bearing3_2,1990,0.7975951903807615,3.7707762718200684
Bearing3_2,1991,0.797995991983968,3.767611265182495
Bearing3_2,1992,0.7983967935871743,3.710320234298706
Bearing3_2,1993,0.7987975951903807,3.7652649879455566
Bearing3_2,1994,0.7991983967935872,3.697531223297119
Bearing3_2,1995,0.7995991983967936,3.628203868865967
Bearing3_2,1996,0.8,3.665105104446411
Bearing3_2,1997,0.8004008016032064,3.6128032207489014
Bearing3_2,1998,0.8008016032064128,3.5427308082580566
Bearing3_2,1999,0.8012024048096192,3.711010694503784
Bearing3_2,2000,0.8016032064128257,3.817897319793701
Bearing3_2,2001,0.8020040080160321,3.7789440155029297
Bearing3_2,2002,0.8024048096192384,3.51654052734375
Bearing3_2,2003,0.8028056112224449,3.480778217315674
Bearing3_2,2004,0.8032064128256513,3.390429735183716
Bearing3_2,2005,0.8036072144288577,3.2004196643829346
Bearing3_2,2006,0.8040080160320642,2.971163511276245
Bearing3_2,2007,0.8044088176352705,2.90022873878479
Bearing3_2,2008,0.8048096192384769,3.005441904067993
Bearing3_2,2009,0.8052104208416834,2.721644878387451
Bearing3_2,2010,0.8056112224448898,2.6767690181732178
Bearing3_2,2011,0.8060120240480962,2.8262596130371094
Bearing3_2,2012,0.8064128256513026,2.9215385913848877
Bearing3_2,2013,0.806813627254509,2.8837637901306152
Bearing3_2,2014,0.8072144288577154,2.7882819175720215
Bearing3_2,2015,0.8076152304609219,2.8719496726989746
Bearing3_2,2016,0.8080160320641283,2.917233467102051
Bearing3_2,2017,0.8084168336673346,2.823416233062744
Bearing3_2,2018,0.8088176352705411,2.844460964202881
Bearing3_2,2019,0.8092184368737475,2.917073965072632
Bearing3_2,2020,0.8096192384769539,2.794828414916992
Bearing3_2,2021,0.8100200400801604,2.704319477081299
Bearing3_2,2022,0.8104208416833667,2.797900676727295
Bearing3_2,2023,0.8108216432865731,2.6427676677703857
Bearing3_2,2024,0.8112224448897796,2.5448050498962402
Bearing3_2,2025,0.811623246492986,2.6080756187438965
Bearing3_2,2026,0.8120240480961923,2.554111957550049
Bearing3_2,2027,0.8124248496993988,2.7669529914855957
Bearing3_2,2028,0.8128256513026052,2.764169454574585
Bearing3_2,2029,0.8132264529058116,2.865861654281616
Bearing3_2,2030,0.8136272545090181,2.932102680206299
Bearing3_2,2031,0.8140280561122244,2.916053295135498
Bearing3_2,2032,0.8144288577154308,2.9182333946228027
Bearing3_2,2033,0.8148296593186373,3.107278823852539
Bearing3_2,2034,0.8152304609218437,3.295591354370117
Bearing3_2,2035,0.8156312625250501,3.3675408363342285
Bearing3_2,2036,0.8160320641282565,3.5484390258789062
Bearing3_2,2037,0.8164328657314629,3.458784818649292
Bearing3_2,2038,0.8168336673346693,3.3837273120880127
Bearing3_2,2039,0.8172344689378758,3.3013908863067627
Bearing3_2,2040,0.8176352705410822,3.4489238262176514
Bearing3_2,2041,0.8180360721442885,3.5552430152893066
Bearing3_2,2042,0.818436873747495,3.74383807182312
Bearing3_2,2043,0.8188376753507014,3.9057507514953613
Bearing3_2,2044,0.8192384769539078,4.031525611877441
Bearing3_2,2045,0.8196392785571143,4.071872234344482
Bearing3_2,2046,0.8200400801603206,3.977761745452881
Bearing3_2,2047,0.820440881763527,4.012598514556885
Bearing3_2,2048,0.8208416833667335,4.090472221374512
Bearing3_2,2049,0.8212424849699399,4.132745742797852
Bearing3_2,2050,0.8216432865731463,3.9538376331329346
Bearing3_2,2051,0.8220440881763527,3.9521548748016357
Bearing3_2,2052,0.8224448897795591,3.8933486938476562
Bearing3_2,2053,0.8228456913827655,3.707573652267456
Bearing3_2,2054,0.823246492985972,3.555518388748169
Bearing3_2,2055,0.8236472945891784,3.8505661487579346
Bearing3_2,2056,0.8240480961923847,3.65753173828125
Bearing3_2,2057,0.8244488977955912,3.5036025047302246
Bearing3_2,2058,0.8248496993987976,3.448387622833252
Bearing3_2,2059,0.825250501002004,3.253457546234131
Bearing3_2,2060,0.8256513026052105,3.320951461791992
Bearing3_2,2061,0.8260521042084168,3.2123794555664062
Bearing3_2,2062,0.8264529058116232,3.1142330169677734
Bearing3_2,2063,0.8268537074148297,2.986473798751831
Bearing3_2,2064,0.8272545090180361,2.8780035972595215
Bearing3_2,2065,0.8276553106212425,2.495100736618042
Bearing3_2,2066,0.8280561122244489,2.778357982635498
Bearing3_2,2067,0.8284569138276553,2.8334388732910156
Bearing3_2,2068,0.8288577154308617,2.908459424972534
Bearing3_2,2069,0.8292585170340682,3.0270614624023438
Bearing3_2,2070,0.8296593186372746,3.123601198196411
Bearing3_2,2071,0.8300601202404809,3.164090633392334
Bearing3_2,2072,0.8304609218436874,3.3014965057373047
Bearing3_2,2073,0.8308617234468938,3.6059463024139404
Bearing3_2,2074,0.8312625250501002,3.805898666381836
Bearing3_2,2075,0.8316633266533067,4.083785533905029
Bearing3_2,2076,0.832064128256513,4.379563808441162
Bearing3_2,2077,0.8324649298597194,4.4892168045043945
Bearing3_2,2078,0.8328657314629259,4.4291276931762695
Bearing3_2,2079,0.8332665330661323,4.678747653961182
Bearing3_2,2080,0.8336673346693386,4.769321918487549
Bearing3_2,2081,0.8340681362725451,4.919207572937012
Bearing3_2,2082,0.8344689378757515,5.035996437072754
Bearing3_2,2083,0.8348697394789579,4.996370315551758
Bearing3_2,2084,0.8352705410821644,5.039921760559082
Bearing3_2,2085,0.8356713426853707,4.9560041427612305
Bearing3_2,2086,0.8360721442885771,4.606726169586182
Bearing3_2,2087,0.8364729458917836,4.698706150054932
Bearing3_2,2088,0.83687374749499,4.925414562225342
Bearing3_2,2089,0.8372745490981964,4.918302059173584
Bearing3_2,2090,0.8376753507014028,4.953875541687012
Bearing3_2,2091,0.8380761523046092,4.9653000831604
Bearing3_2,2092,0.8384769539078156,4.8979082107543945
Bearing3_2,2093,0.8388777555110221,4.976746559143066
Bearing3_2,2094,0.8392785571142285,4.998073577880859
Bearing3_2,2095,0.8396793587174348,4.9297709465026855
Bearing3_2,2096,0.8400801603206413,5.096729278564453
Bearing3_2,2097,0.8404809619238477,5.052156925201416
Bearing3_2,2098,0.8408817635270541,5.075902462005615
Bearing3_2,2099,0.8412825651302606,5.165364742279053
Bearing3_2,2100,0.8416833667334669,5.1977972984313965
Bearing3_2,2101,0.8420841683366733,5.208489418029785
Bearing3_2,2102,0.8424849699398798,5.151556968688965
Bearing3_2,2103,0.8428857715430862,5.126867771148682
Bearing3_2,2104,0.8432865731462926,5.2053327560424805
Bearing3_2,2105,0.843687374749499,5.215092658996582
Bearing3_2,2106,0.8440881763527054,5.323128700256348
Bearing3_2,2107,0.8444889779559118,5.3934221267700195
Bearing3_2,2108,0.8448897795591183,5.393328666687012
Bearing3_2,2109,0.8452905811623247,5.301084995269775
Bearing3_2,2110,0.845691382765531,5.323650360107422
Bearing3_2,2111,0.8460921843687375,5.451377868652344
Bearing3_2,2112,0.8464929859719439,5.4834465980529785
Bearing3_2,2113,0.8468937875751503,5.526288032531738
Bearing3_2,2114,0.8472945891783568,5.480531215667725
Bearing3_2,2115,0.8476953907815631,5.587481498718262
Bearing3_2,2116,0.8480961923847695,5.4957780838012695
Bearing3_2,2117,0.848496993987976,5.6042375564575195
Bearing3_2,2118,0.8488977955911824,5.4087419509887695
Bearing3_2,2119,0.8492985971943888,5.328742504119873
Bearing3_2,2120,0.8496993987975952,5.182713508605957
Bearing3_2,2121,0.8501002004008016,4.954154014587402
Bearing3_2,2122,0.850501002004008,4.9719038009643555
Bearing3_2,2123,0.8509018036072145,4.78929328918457
Bearing3_2,2124,0.8513026052104209,4.609030723571777
Bearing3_2,2125,0.8517034068136272,4.521521091461182
Bearing3_2,2126,0.8521042084168337,4.472219467163086
Bearing3_2,2127,0.8525050100200401,4.2359113693237305
Bearing3_2,2128,0.8529058116232465,4.3483147621154785
Bearing3_2,2129,0.853306613226453,4.308109283447266
Bearing3_2,2130,0.8537074148296593,4.1796441078186035
Bearing3_2,2131,0.8541082164328657,4.3048810958862305
Bearing3_2,2132,0.8545090180360722,4.263601779937744
Bearing3_2,2133,0.8549098196392786,4.325137138366699
Bearing3_2,2134,0.855310621242485,4.444096565246582
Bearing3_2,2135,0.8557114228456913,4.487839698791504
Bearing3_2,2136,0.8561122244488978,4.499105930328369
Bearing3_2,2137,0.8565130260521042,4.588301658630371
Bearing3_2,2138,0.8569138276553107,4.625840663909912
Bearing3_2,2139,0.857314629258517,4.675114631652832
Bearing3_2,2140,0.8577154308617234,4.717075347900391
Bearing3_2,2141,0.8581162324649299,4.721451759338379
Bearing3_2,2142,0.8585170340681363,4.701328754425049
Bearing3_2,2143,0.8589178356713427,4.716372489929199
Bearing3_2,2144,0.859318637274549,4.820557594299316
Bearing3_2,2145,0.8597194388777555,4.738638877868652
Bearing3_2,2146,0.8601202404809619,4.743011474609375
Bearing3_2,2147,0.8605210420841684,4.755624294281006
Bearing3_2,2148,0.8609218436873748,4.827776908874512
Bearing3_2,2149,0.8613226452905811,4.955863952636719
Bearing3_2,2150,0.8617234468937875,5.204408168792725
Bearing3_2,2151,0.862124248496994,5.279341220855713
Bearing3_2,2152,0.8625250501002004,5.533450126647949
Bearing3_2,2153,0.8629258517034069,5.687563896179199
Bearing3_2,2154,0.8633266533066132,5.717713832855225
Bearing3_2,2155,0.8637274549098196,5.881922245025635
Bearing3_2,2156,0.864128256513026,6.036262035369873
Bearing3_2,2157,0.8645290581162325,6.133830547332764
Bearing3_2,2158,0.8649298597194389,6.106593132019043
Bearing3_2,2159,0.8653306613226452,6.180997371673584
Bearing3_2,2160,0.8657314629258517,6.313685894012451
Bearing3_2,2161,0.8661322645290581,7.046832084655762
Bearing3_2,2162,0.8665330661322646,7.061034202575684
Bearing3_2,2163,0.866933867735471,7.006402492523193
Bearing3_2,2164,0.8673346693386773,7.392886161804199
Bearing3_2,2165,0.8677354709418837,7.628614902496338
Bearing3_2,2166,0.8681362725450902,7.691169738769531
Bearing3_2,2167,0.8685370741482966,7.525461673736572
Bearing3_2,2168,0.868937875751503,7.599139213562012
Bearing3_2,2169,0.8693386773547094,7.555629730224609
Bearing3_2,2170,0.8697394789579158,7.302660942077637
Bearing3_2,2171,0.8701402805611222,6.462583065032959
Bearing3_2,2172,0.8705410821643287,6.283059120178223
Bearing3_2,2173,0.8709418837675351,6.325229167938232
Bearing3_2,2174,0.8713426853707414,5.895249366760254
Bearing3_2,2175,0.8717434869739479,5.711672782897949
Bearing3_2,2176,0.8721442885771543,5.5740509033203125
Bearing3_2,2177,0.8725450901803607,5.949571132659912
Bearing3_2,2178,0.8729458917835672,6.3109130859375
Bearing3_2,2179,0.8733466933867735,6.687751770019531
Bearing3_2,2180,0.87374749498998,6.831671237945557
Bearing3_2,2181,0.8741482965931864,7.255673885345459
Bearing3_2,2182,0.8745490981963928,7.677502632141113
Bearing3_2,2183,0.8749498997995993,7.808226108551025
Bearing3_2,2184,0.8753507014028056,8.302284240722656
Bearing3_2,2185,0.875751503006012,8.492000579833984
Bearing3_2,2186,0.8761523046092184,8.628117561340332
Bearing3_2,2187,0.8765531062124249,8.935937881469727
Bearing3_2,2188,0.8769539078156313,9.679994583129883
Bearing3_2,2189,0.8773547094188376,10.21514892578125
Bearing3_2,2190,0.8777555110220441,10.394469261169434
Bearing3_2,2191,0.8781563126252505,10.590291023254395
Bearing3_2,2192,0.878557114228457,10.662626266479492
Bearing3_2,2193,0.8789579158316633,10.828330993652344
Bearing3_2,2194,0.8793587174348697,10.920515060424805
Bearing3_2,2195,0.8797595190380761,11.395442008972168
Bearing3_2,2196,0.8801603206412826,11.868486404418945
Bearing3_2,2197,0.880561122244489,11.734368324279785
Bearing3_2,2198,0.8809619238476953,10.8007173538208
Bearing3_2,2199,0.8813627254509018,10.44054126739502
Bearing3_2,2200,0.8817635270541082,10.805426597595215
Bearing3_2,2201,0.8821643286573146,10.823210716247559
Bearing3_2,2202,0.8825651302605211,10.7620267868042
Bearing3_2,2203,0.8829659318637274,10.79355239868164
Bearing3_2,2204,0.8833667334669338,10.853700637817383
Bearing3_2,2205,0.8837675350701403,11.2368745803833
Bearing3_2,2206,0.8841683366733467,11.091794967651367
Bearing3_2,2207,0.8845691382765531,11.245474815368652
Bearing3_2,2208,0.8849699398797595,12.43587875366211
Bearing3_2,2209,0.8853707414829659,13.243291854858398
Bearing3_2,2210,0.8857715430861723,14.235674858093262
Bearing3_2,2211,0.8861723446893788,13.670641899108887
Bearing3_2,2212,0.8865731462925852,13.813497543334961
Bearing3_2,2213,0.8869739478957915,14.417272567749023
Bearing3_2,2214,0.887374749498998,14.230133056640625
Bearing3_2,2215,0.8877755511022044,13.403047561645508
Bearing3_2,2216,0.8881763527054108,13.441975593566895
Bearing3_2,2217,0.8885771543086173,14.142194747924805
Bearing3_2,2218,0.8889779559118236,14.781938552856445
Bearing3_2,2219,0.88937875751503,15.957415580749512
Bearing3_2,2220,0.8897795591182365,15.858007431030273
Bearing3_2,2221,0.8901803607214429,16.738122940063477
Bearing3_2,2222,0.8905811623246493,17.794330596923828
Bearing3_2,2223,0.8909819639278557,18.179988861083984
Bearing3_2,2224,0.8913827655310621,19.056583404541016
Bearing3_2,2225,0.8917835671342685,20.510875701904297
Bearing3_2,2226,0.892184368737475,21.3155574798584
Bearing3_2,2227,0.8925851703406814,21.03077507019043
Bearing3_2,2228,0.8929859719438877,20.697864532470703
Bearing3_2,2229,0.8933867735470942,18.987531661987305
Bearing3_2,2230,0.8937875751503006,20.284587860107422
Bearing3_2,2231,0.894188376753507,20.8552188873291
Bearing3_2,2232,0.8945891783567135,20.450876235961914
Bearing3_2,2233,0.8949899799599198,20.072126388549805
Bearing3_2,2234,0.8953907815631262,20.575363159179688
Bearing3_2,2235,0.8957915831663327,20.122766494750977
Bearing3_2,2236,0.8961923847695391,20.57636833190918
Bearing3_2,2237,0.8965931863727455,20.795366287231445
Bearing3_2,2238,0.8969939879759519,20.22357940673828
Bearing3_2,2239,0.8973947895791583,20.300397872924805
Bearing3_2,2240,0.8977955911823647,18.856016159057617
Bearing3_2,2241,0.8981963927855712,18.475900650024414
Bearing3_2,2242,0.8985971943887776,18.852886199951172
Bearing3_2,2243,0.8989979959919839,19.732288360595703
Bearing3_2,2244,0.8993987975951904,20.265424728393555
Bearing3_2,2245,0.8997995991983968,20.82207489013672
Bearing3_2,2246,0.9002004008016032,21.053279876708984
Bearing3_2,2247,0.9006012024048096,21.757736206054688
Bearing3_2,2248,0.901002004008016,22.361440658569336
Bearing3_2,2249,0.9014028056112224,23.140377044677734
Bearing3_2,2250,0.9018036072144289,23.37209701538086
Bearing3_2,2251,0.9022044088176353,24.29984474182129
Bearing3_2,2252,0.9026052104208416,24.197641372680664
Bearing3_2,2253,0.9030060120240481,23.864091873168945
Bearing3_2,2254,0.9034068136272545,23.44367218017578
Bearing3_2,2255,0.9038076152304609,23.34075355529785
Bearing3_2,2256,0.9042084168336674,23.200531005859375
Bearing3_2,2257,0.9046092184368737,23.024089813232422
Bearing3_2,2258,0.9050100200400801,23.576583862304688
Bearing3_2,2259,0.9054108216432866,23.80948829650879
Bearing3_2,2260,0.905811623246493,24.04631233215332
Bearing3_2,2261,0.9062124248496994,24.22372055053711
Bearing3_2,2262,0.9066132264529058,24.526884078979492
Bearing3_2,2263,0.9070140280561122,24.351409912109375
Bearing3_2,2264,0.9074148296593186,24.59588050842285
Bearing3_2,2265,0.9078156312625251,25.644948959350586
Bearing3_2,2266,0.9082164328657315,25.153995513916016
Bearing3_2,2267,0.9086172344689378,24.909690856933594
Bearing3_2,2268,0.9090180360721443,24.083175659179688
Bearing3_2,2269,0.9094188376753507,23.9329891204834
Bearing3_2,2270,0.9098196392785571,23.738250732421875
Bearing3_2,2271,0.9102204408817636,23.265804290771484
Bearing3_2,2272,0.9106212424849699,24.422964096069336
Bearing3_2,2273,0.9110220440881763,25.31817054748535
Bearing3_2,2274,0.9114228456913828,24.943477630615234
Bearing3_2,2275,0.9118236472945892,24.06368637084961
Bearing3_2,2276,0.9122244488977956,24.733226776123047
Bearing3_2,2277,0.912625250501002,25.10662269592285
Bearing3_2,2278,0.9130260521042084,25.365463256835938
Bearing3_2,2279,0.9134268537074148,25.06656265258789
Bearing3_2,2280,0.9138276553106213,24.872467041015625
Bearing3_2,2281,0.9142284569138277,24.813806533813477
Bearing3_2,2282,0.914629258517034,23.42904281616211
Bearing3_2,2283,0.9150300601202405,23.6508731842041
Bearing3_2,2284,0.9154308617234469,24.531286239624023
Bearing3_2,2285,0.9158316633266533,23.808177947998047
Bearing3_2,2286,0.9162324649298598,23.17997169494629
Bearing3_2,2287,0.9166332665330661,22.561532974243164
Bearing3_2,2288,0.9170340681362725,23.580900192260742
Bearing3_2,2289,0.917434869739479,22.915790557861328
Bearing3_2,2290,0.9178356713426854,22.079082489013672
Bearing3_2,2291,0.9182364729458918,21.277408599853516
Bearing3_2,2292,0.9186372745490982,21.20707130432129
Bearing3_2,2293,0.9190380761523046,20.12786865234375
Bearing3_2,2294,0.919438877755511,18.872787475585938
Bearing3_2,2295,0.9198396793587175,19.112884521484375
Bearing3_2,2296,0.9202404809619239,18.826396942138672
Bearing3_2,2297,0.9206412825651302,18.881282806396484
Bearing3_2,2298,0.9210420841683367,17.300098419189453
Bearing3_2,2299,0.9214428857715431,17.910367965698242
Bearing3_2,2300,0.9218436873747495,18.82143783569336
Bearing3_2,2301,0.9222444889779559,19.217138290405273
Bearing3_2,2302,0.9226452905811623,19.193790435791016
Bearing3_2,2303,0.9230460921843687,18.700485229492188
Bearing3_2,2304,0.9234468937875752,18.419532775878906
Bearing3_2,2305,0.9238476953907816,17.6434268951416
Bearing3_2,2306,0.9242484969939879,17.260238647460938
Bearing3_2,2307,0.9246492985971944,16.330242156982422
Bearing3_2,2308,0.9250501002004008,15.448875427246094
Bearing3_2,2309,0.9254509018036072,14.446133613586426
Bearing3_2,2310,0.9258517034068137,12.753360748291016
Bearing3_2,2311,0.92625250501002,11.191282272338867
Bearing3_2,2312,0.9266533066132264,9.424165725708008
Bearing3_2,2313,0.9270541082164329,8.083253860473633
Bearing3_2,2314,0.9274549098196393,6.735610008239746
Bearing3_2,2315,0.9278557114228457,5.796050071716309
Bearing3_2,2316,0.928256513026052,4.782961845397949
Bearing3_2,2317,0.9286573146292585,4.07024621963501
Bearing3_2,2318,0.9290581162324649,3.4253997802734375
Bearing3_2,2319,0.9294589178356714,2.6441566944122314
Bearing3_2,2320,0.9298597194388778,2.533862352371216
Bearing3_2,2321,0.9302605210420841,2.6827313899993896
Bearing3_2,2322,0.9306613226452906,2.712489604949951
Bearing3_2,2323,0.931062124248497,2.9592299461364746
Bearing3_2,2324,0.9314629258517034,3.094271183013916
Bearing3_2,2325,0.9318637274549099,3.1826674938201904
Bearing3_2,2326,0.9322645290581162,3.337043046951294
Bearing3_2,2327,0.9326653306613226,3.52667236328125
Bearing3_2,2328,0.9330661322645291,4.6577558517456055
Bearing3_2,2329,0.9334669338677355,5.098896503448486
Bearing3_2,2330,0.9338677354709419,6.027970314025879
Bearing3_2,2331,0.9342685370741483,8.249582290649414
Bearing3_2,2332,0.9346693386773547,8.709268569946289
Bearing3_2,2333,0.9350701402805611,9.806136131286621
Bearing3_2,2334,0.9354709418837676,11.216516494750977
Bearing3_2,2335,0.935871743486974,12.610025405883789
Bearing3_2,2336,0.9362725450901803,13.66978645324707
Bearing3_2,2337,0.9366733466933868,14.699627876281738
Bearing3_2,2338,0.9370741482965932,14.822614669799805
Bearing3_2,2339,0.9374749498997996,17.497976303100586
Bearing3_2,2340,0.9378757515030061,19.143840789794922
Bearing3_2,2341,0.9382765531062124,17.5893497467041
Bearing3_2,2342,0.9386773547094188,17.256519317626953
Bearing3_2,2343,0.9390781563126253,17.114913940429688
Bearing3_2,2344,0.9394789579158317,15.129629135131836
Bearing3_2,2345,0.9398797595190381,13.929929733276367
Bearing3_2,2346,0.9402805611222445,12.49198055267334
Bearing3_2,2347,0.9406813627254509,13.100357055664062
Bearing3_2,2348,0.9410821643286573,12.476564407348633
Bearing3_2,2349,0.9414829659318638,9.144726753234863
Bearing3_2,2350,0.9418837675350702,7.145493507385254
Bearing3_2,2351,0.9422845691382765,7.590599060058594
Bearing3_2,2352,0.942685370741483,7.639420509338379
Bearing3_2,2353,0.9430861723446894,7.618589878082275
Bearing3_2,2354,0.9434869739478958,8.578653335571289
Bearing3_2,2355,0.9438877755511023,8.3768310546875
Bearing3_2,2356,0.9442885771543086,9.438426971435547
Bearing3_2,2357,0.944689378757515,8.236833572387695
Bearing3_2,2358,0.9450901803607215,7.2978644371032715
Bearing3_2,2359,0.9454909819639279,8.260543823242188
Bearing3_2,2360,0.9458917835671342,8.864150047302246
Bearing3_2,2361,0.9462925851703406,8.399153709411621
Bearing3_2,2362,0.9466933867735471,8.876873016357422
Bearing3_2,2363,0.9470941883767535,8.627031326293945
Bearing3_2,2364,0.94749498997996,8.727190017700195
Bearing3_2,2365,0.9478957915831663,9.851137161254883
Bearing3_2,2366,0.9482965931863727,9.557554244995117
Bearing3_2,2367,0.9486973947895792,9.552412033081055
Bearing3_2,2368,0.9490981963927856,10.967028617858887
Bearing3_2,2369,0.949498997995992,11.135377883911133
Bearing3_2,2370,0.9498997995991983,10.692591667175293
Bearing3_2,2371,0.9503006012024048,10.864608764648438
Bearing3_2,2372,0.9507014028056112,11.036240577697754
Bearing3_2,2373,0.9511022044088177,11.06379508972168
Bearing3_2,2374,0.9515030060120241,11.102368354797363
Bearing3_2,2375,0.9519038076152304,10.412294387817383
Bearing3_2,2376,0.9523046092184368,10.692004203796387
Bearing3_2,2377,0.9527054108216433,11.052220344543457
Bearing3_2,2378,0.9531062124248497,10.677694320678711
Bearing3_2,2379,0.9535070140280562,9.991925239562988
Bearing3_2,2380,0.9539078156312625,10.584693908691406
Bearing3_2,2381,0.9543086172344689,10.182809829711914
Bearing3_2,2382,0.9547094188376753,8.853004455566406
Bearing3_2,2383,0.9551102204408818,8.612131118774414
Bearing3_2,2384,0.9555110220440882,8.916962623596191
Bearing3_2,2385,0.9559118236472945,9.358782768249512
Bearing3_2,2386,0.956312625250501,9.341657638549805
Bearing3_2,2387,0.9567134268537074,9.009733200073242
Bearing3_2,2388,0.9571142284569139,8.977357864379883
Bearing3_2,2389,0.9575150300601203,9.568172454833984
Bearing3_2,2390,0.9579158316633266,8.72683334350586
Bearing3_2,2391,0.958316633266533,8.851760864257812
Bearing3_2,2392,0.9587174348697395,10.342325210571289
Bearing3_2,2393,0.9591182364729459,10.449663162231445
Bearing3_2,2394,0.9595190380761524,8.854879379272461
Bearing3_2,2395,0.9599198396793587,7.9853034019470215
Bearing3_2,2396,0.9603206412825651,7.844102382659912
Bearing3_2,2397,0.9607214428857715,8.044743537902832
Bearing3_2,2398,0.961122244488978,8.061819076538086
Bearing3_2,2399,0.9615230460921844,7.973287105560303
Bearing3_2,2400,0.9619238476953907,8.061139106750488
Bearing3_2,2401,0.9623246492985972,7.986419677734375
Bearing3_2,2402,0.9627254509018036,7.764707088470459
Bearing3_2,2403,0.96312625250501,7.634298801422119
Bearing3_2,2404,0.9635270541082165,8.840630531311035
Bearing3_2,2405,0.9639278557114228,9.205158233642578
Bearing3_2,2406,0.9643286573146292,9.472661972045898
Bearing3_2,2407,0.9647294589178357,9.248800277709961
Bearing3_2,2408,0.9651302605210421,8.949913024902344
Bearing3_2,2409,0.9655310621242486,8.545625686645508
Bearing3_2,2410,0.9659318637274549,8.34826946258545
Bearing3_2,2411,0.9663326653306613,8.002228736877441
Bearing3_2,2412,0.9667334669338677,7.838575839996338
Bearing3_2,2413,0.9671342685370742,7.739604949951172
Bearing3_2,2414,0.9675350701402805,7.807212829589844
Bearing3_2,2415,0.9679358717434869,7.791950225830078
Bearing3_2,2416,0.9683366733466934,7.781333923339844
Bearing3_2,2417,0.9687374749498998,7.548158168792725
Bearing3_2,2418,0.9691382765531062,7.654454708099365
Bearing3_2,2419,0.9695390781563126,7.6523237228393555
Bearing3_2,2420,0.969939879759519,7.451651573181152
Bearing3_2,2421,0.9703406813627254,7.4153852462768555
Bearing3_2,2422,0.9707414829659319,7.170612335205078
Bearing3_2,2423,0.9711422845691383,7.12667989730835
Bearing3_2,2424,0.9715430861723446,6.891279697418213
Bearing3_2,2425,0.9719438877755511,7.651309013366699
Bearing3_2,2426,0.9723446893787575,6.792369842529297
Bearing3_2,2427,0.972745490981964,7.1803083419799805
Bearing3_2,2428,0.9731462925851704,6.78583288192749
Bearing3_2,2429,0.9735470941883767,7.012152194976807
Bearing3_2,2430,0.9739478957915831,6.57382345199585
Bearing3_2,2431,0.9743486973947896,6.953848838806152
Bearing3_2,2432,0.974749498997996,7.453356742858887
Bearing3_2,2433,0.9751503006012024,7.715766906738281
Bearing3_2,2434,0.9755511022044088,7.982996940612793
Bearing3_2,2435,0.9759519038076152,6.589846611022949
Bearing3_2,2436,0.9763527054108216,7.147291660308838
Bearing3_2,2437,0.9767535070140281,6.336795330047607
Bearing3_2,2438,0.9771543086172345,7.221904754638672
Bearing3_2,2439,0.9775551102204408,6.680609226226807
Bearing3_2,2440,0.9779559118236473,7.668097019195557
Bearing3_2,2441,0.9783567134268537,6.702771186828613
Bearing3_2,2442,0.9787575150300601,5.535142421722412
Bearing3_2,2443,0.9791583166332666,4.430769920349121
Bearing3_2,2444,0.9795591182364729,3.0290398597717285
Bearing3_2,2445,0.9799599198396793,3.44474720954895
Bearing3_2,2446,0.9803607214428858,3.4885306358337402
Bearing3_2,2447,0.9807615230460922,4.546255588531494
Bearing3_2,2448,0.9811623246492986,4.889126777648926
Bearing3_2,2449,0.981563126252505,4.6185173988342285
Bearing3_2,2450,0.9819639278557114,3.9827868938446045
Bearing3_2,2451,0.9823647294589178,4.296873569488525
Bearing3_2,2452,0.9827655310621243,4.836875915527344
Bearing3_2,2453,0.9831663326653307,5.878941535949707
Bearing3_2,2454,0.983567134268537,7.5815558433532715
Bearing3_2,2455,0.9839679358717435,8.379926681518555
Bearing3_2,2456,0.9843687374749499,7.614845275878906
Bearing3_2,2457,0.9847695390781563,7.375026702880859
Bearing3_2,2458,0.9851703406813628,7.316324710845947
Bearing3_2,2459,0.9855711422845691,8.629586219787598
Bearing3_2,2460,0.9859719438877755,9.438321113586426
Bearing3_2,2461,0.986372745490982,10.315762519836426
Bearing3_2,2462,0.9867735470941884,11.765867233276367
Bearing3_2,2463,0.9871743486973948,11.01380443572998
Bearing3_2,2464,0.9875751503006012,10.159944534301758
Bearing3_2,2465,0.9879759519038076,9.385769844055176
Bearing3_2,2466,0.988376753507014,9.504758834838867
Bearing3_2,2467,0.9887775551102205,9.271432876586914
Bearing3_2,2468,0.9891783567134268,8.488903999328613
Bearing3_2,2469,0.9895791583166332,7.542288303375244
Bearing3_2,2470,0.9899799599198397,7.192835330963135
Bearing3_2,2471,0.9903807615230461,6.61316442489624
Bearing3_2,2472,0.9907815631262525,5.281463623046875
Bearing3_2,2473,0.9911823647294589,5.737274646759033
Bearing3_2,2474,0.9915831663326653,6.522014617919922
Bearing3_2,2475,0.9919839679358717,8.443272590637207
Bearing3_2,2476,0.9923847695390782,10.947020530700684
Bearing3_2,2477,0.9927855711422846,13.254470825195312
Bearing3_2,2478,0.9931863727454909,13.586540222167969
Bearing3_2,2479,0.9935871743486974,16.319683074951172
Bearing3_2,2480,0.9939879759519038,18.87589454650879
Bearing3_2,2481,0.9943887775551102,19.54572105407715
Bearing3_2,2482,0.9947895791583167,21.97600746154785
Bearing3_2,2483,0.995190380761523,24.237218856811523
Bearing3_2,2484,0.9955911823647294,25.316152572631836
Bearing3_2,2485,0.9959919839679359,24.838878631591797
Bearing3_2,2486,0.9963927855711423,24.398693084716797
Bearing3_2,2487,0.9967935871743487,23.365909576416016
Bearing3_2,2488,0.9971943887775551,24.949947357177734
Bearing3_2,2489,0.9975951903807615,24.065114974975586
Bearing3_2,2490,0.9979959919839679,22.833370208740234
Bearing3_2,2491,0.9983967935871744,24.05110740661621
Bearing3_2,2492,0.9987975951903808,23.959781646728516
Bearing3_2,2493,0.9991983967935871,22.257225036621094
Bearing3_2,2494,0.9995991983967936,22.70209503173828
Bearing3_2,2495,1.0,23.554149627685547
Bearing3_3,0,0.0,-0.031212806701660156
Bearing3_3,1,0.002702702702702703,0.16292524337768555
Bearing3_3,2,0.005405405405405406,-0.05685758590698242
Bearing3_3,3,0.008108108108108109,-0.4226524829864502
Bearing3_3,4,0.010810810810810811,-0.5002421140670776
Bearing3_3,5,0.013513513513513514,-0.43012046813964844
Bearing3_3,6,0.016216216216216217,-0.40381595492362976
Bearing3_3,7,0.01891891891891892,-0.45935946702957153
Bearing3_3,8,0.021621621621621623,-0.34975093603134155
Bearing3_3,9,0.024324324324324326,-0.26833176612854004
Bearing3_3,10,0.02702702702702703,-0.19563555717468262
Bearing3_3,11,0.02972972972972973,-0.1791834831237793
Bearing3_3,12,0.032432432432432434,-0.11390171200037003
Bearing3_3,13,0.03513513513513514,0.0884859561920166
Bearing3_3,14,0.03783783783783784,0.2501205503940582
Bearing3_3,15,0.04054054054054054,0.4102902412414551
Bearing3_3,16,0.043243243243243246,0.4902757704257965
Bearing3_3,17,0.04594594594594595,0.5729166269302368
Bearing3_3,18,0.04864864864864865,0.6259160041809082
Bearing3_3,19,0.051351351351351354,0.6475808620452881
Bearing3_3,20,0.05405405405405406,0.5811872482299805
Bearing3_3,21,0.05675675675675676,0.5506054162979126
Bearing3_3,22,0.05945945945945946,0.6140782237052917
Bearing3_3,23,0.062162162162162166,0.5722626447677612
Bearing3_3,24,0.06486486486486487,0.41996198892593384
Bearing3_3,25,0.06756756756756757,0.15273833274841309
Bearing3_3,26,0.07027027027027027,0.07943563163280487
Bearing3_3,27,0.07297297297297298,0.04748792573809624
Bearing3_3,28,0.07567567567567568,-0.07585129886865616
Bearing3_3,29,0.07837837837837838,-0.16052588820457458
Bearing3_3,30,0.08108108108108109,-0.20832248032093048
Bearing3_3,31,0.08378378378378379,-0.2267158031463623
Bearing3_3,32,0.08648648648648649,-0.3528713583946228
Bearing3_3,33,0.0891891891891892,-0.4417719841003418
Bearing3_3,34,0.0918918918918919,-0.411837637424469
Bearing3_3,35,0.0945945945945946,-0.3863987326622009
Bearing3_3,36,0.0972972972972973,-0.41215720772743225
Bearing3_3,37,0.1,-0.4660971164703369
Bearing3_3,38,0.10270270270270271,-0.5455049276351929
Bearing3_3,39,0.10540540540540541,-0.6459575891494751
Bearing3_3,40,0.10810810810810811,-0.6501384377479553
Bearing3_3,41,0.11081081081081082,-0.6391984820365906
Bearing3_3,42,0.11351351351351352,-0.6838980913162231
Bearing3_3,43,0.11621621621621622,-0.6406533122062683
Bearing3_3,44,0.11891891891891893,-0.7185783386230469
Bearing3_3,45,0.12162162162162163,-0.7277547121047974
Bearing3_3,46,0.12432432432432433,-0.8092983365058899
Bearing3_3,47,0.12702702702702703,-0.8345125317573547
Bearing3_3,48,0.12972972972972974,-0.8392933011054993
Bearing3_3,49,0.13243243243243244,-0.8292675018310547
Bearing3_3,50,0.13513513513513514,-0.9121344685554504
Bearing3_3,51,0.13783783783783785,-1.031511902809143
Bearing3_3,52,0.14054054054054055,-1.0344781875610352
Bearing3_3,53,0.14324324324324325,-1.1469523906707764
Bearing3_3,54,0.14594594594594595,-1.1607261896133423
Bearing3_3,55,0.14864864864864866,-1.158361792564392
Bearing3_3,56,0.15135135135135136,-1.1019548177719116
Bearing3_3,57,0.15405405405405406,-1.157158613204956
Bearing3_3,58,0.15675675675675677,-1.1460025310516357
Bearing3_3,59,0.15945945945945947,-1.0920259952545166
Bearing3_3,60,0.16216216216216217,-1.115865707397461
Bearing3_3,61,0.16486486486486487,-1.0874238014221191
Bearing3_3,62,0.16756756756756758,-1.1279388666152954
Bearing3_3,63,0.17027027027027028,-1.0979770421981812
Bearing3_3,64,0.17297297297297298,-1.096138596534729
Bearing3_3,65,0.17567567567567569,-1.1375354528427124
Bearing3_3,66,0.1783783783783784,-1.227621078491211
Bearing3_3,67,0.1810810810810811,-1.2099637985229492
Bearing3_3,68,0.1837837837837838,-1.3553030490875244
Bearing3_3,69,0.1864864864864865,-1.560415506362915
Bearing3_3,70,0.1891891891891892,-1.5700578689575195
Bearing3_3,71,0.1918918918918919,-1.6024935245513916
Bearing3_3,72,0.1945945945945946,-1.6847741603851318
Bearing3_3,73,0.1972972972972973,-1.7385890483856201
Bearing3_3,74,0.2,-1.7458312511444092
Bearing3_3,75,0.20270270270270271,-1.7318261861801147
Bearing3_3,76,0.20540540540540542,-1.6444644927978516
Bearing3_3,77,0.20810810810810812,-1.588738203048706
Bearing3_3,78,0.21081081081081082,-1.3967170715332031
Bearing3_3,79,0.21351351351351353,-1.2284202575683594
Bearing3_3,80,0.21621621621621623,-1.184504747390747
Bearing3_3,81,0.21891891891891893,-1.1905310153961182
Bearing3_3,82,0.22162162162162163,-1.0788094997406006
Bearing3_3,83,0.22432432432432434,-1.072964072227478
Bearing3_3,84,0.22702702702702704,-1.1006765365600586
Bearing3_3,85,0.22972972972972974,-1.1443217992782593
Bearing3_3,86,0.23243243243243245,-1.1659154891967773
Bearing3_3,87,0.23513513513513515,-1.1978470087051392
Bearing3_3,88,0.23783783783783785,-1.2496776580810547
Bearing3_3,89,0.24054054054054055,-1.3012721538543701
Bearing3_3,90,0.24324324324324326,-1.288646936416626
Bearing3_3,91,0.24594594594594596,-1.333756446838379
Bearing3_3,92,0.24864864864864866,-1.4470579624176025
Bearing3_3,93,0.25135135135135134,-1.467189073562622
Bearing3_3,94,0.25405405405405407,-1.4177796840667725
Bearing3_3,95,0.25675675675675674,-1.4593204259872437
Bearing3_3,96,0.2594594594594595,-1.5005661249160767
Bearing3_3,97,0.26216216216216215,-1.5158674716949463
Bearing3_3,98,0.2648648648648649,-1.5576412677764893
Bearing3_3,99,0.26756756756756755,-1.616387963294983
Bearing3_3,100,0.2702702702702703,-1.6588232517242432
Bearing3_3,101,0.27297297297297296,-1.706936240196228
Bearing3_3,102,0.2756756756756757,-1.633095145225525
Bearing3_3,103,0.27837837837837837,-1.6039918661117554
Bearing3_3,104,0.2810810810810811,-1.6833343505859375
Bearing3_3,105,0.28378378378378377,-1.6618856191635132
Bearing3_3,106,0.2864864864864865,-1.661205530166626
Bearing3_3,107,0.2891891891891892,-1.6955430507659912
Bearing3_3,108,0.2918918918918919,-1.7742376327514648
Bearing3_3,109,0.2945945945945946,-1.721178650856018
Bearing3_3,110,0.2972972972972973,-1.7759389877319336
Bearing3_3,111,0.3,-1.7860809564590454
Bearing3_3,112,0.3027027027027027,-1.849244475364685
Bearing3_3,113,0.3054054054054054,-1.9342231750488281
Bearing3_3,114,0.3081081081081081,-1.9272658824920654
Bearing3_3,115,0.3108108108108108,-2.007730007171631
Bearing3_3,116,0.31351351351351353,-2.090491533279419
Bearing3_3,117,0.3162162162162162,-2.1602044105529785
Bearing3_3,118,0.31891891891891894,-2.1165997982025146
Bearing3_3,119,0.3216216216216216,-2.1379613876342773
Bearing3_3,120,0.32432432432432434,-2.0704097747802734
Bearing3_3,121,0.327027027027027,-1.9542982578277588
Bearing3_3,122,0.32972972972972975,-1.8688424825668335
Bearing3_3,123,0.3324324324324324,-1.7215023040771484
Bearing3_3,124,0.33513513513513515,-1.7789980173110962
Bearing3_3,125,0.33783783783783783,-1.7332732677459717
Bearing3_3,126,0.34054054054054056,-1.7437899112701416
Bearing3_3,127,0.34324324324324323,-1.6341663599014282
Bearing3_3,128,0.34594594594594597,-1.6398597955703735
Bearing3_3,129,0.34864864864864864,-1.6186943054199219
Bearing3_3,130,0.35135135135135137,-1.6492946147918701
Bearing3_3,131,0.35405405405405405,-1.6754459142684937
Bearing3_3,132,0.3567567567567568,-1.8042436838150024
Bearing3_3,133,0.35945945945945945,-1.8938863277435303
Bearing3_3,134,0.3621621621621622,-1.8508377075195312
Bearing3_3,135,0.36486486486486486,-1.847937822341919
Bearing3_3,136,0.3675675675675676,-1.8400418758392334
Bearing3_3,137,0.37027027027027026,-1.9385932683944702
Bearing3_3,138,0.372972972972973,-1.9426523447036743
Bearing3_3,139,0.37567567567567567,-1.984042763710022
Bearing3_3,140,0.3783783783783784,-2.0396273136138916
Bearing3_3,141,0.3810810810810811,-2.153031826019287
Bearing3_3,142,0.3837837837837838,-2.103449583053589
Bearing3_3,143,0.3864864864864865,-2.187931537628174
Bearing3_3,144,0.3891891891891892,-2.1574835777282715
Bearing3_3,145,0.3918918918918919,-2.11454701423645
Bearing3_3,146,0.3945945945945946,-2.1389102935791016
Bearing3_3,147,0.3972972972972973,-2.1151139736175537
Bearing3_3,148,0.4,-2.116448163986206
Bearing3_3,149,0.4027027027027027,-2.2047133445739746
Bearing3_3,150,0.40540540540540543,-2.1876416206359863
Bearing3_3,151,0.4081081081081081,-2.1988556385040283
Bearing3_3,152,0.41081081081081083,-2.2911648750305176
Bearing3_3,153,0.4135135135135135,-2.283907413482666
Bearing3_3,154,0.41621621621621624,-2.394162893295288
Bearing3_3,155,0.4189189189189189,-2.455374240875244
Bearing3_3,156,0.42162162162162165,-2.4837288856506348
Bearing3_3,157,0.4243243243243243,-2.547550916671753
Bearing3_3,158,0.42702702702702705,-2.6192591190338135
Bearing3_3,159,0.4297297297297297,-2.6305692195892334
Bearing3_3,160,0.43243243243243246,-2.6610145568847656
Bearing3_3,161,0.43513513513513513,-2.7261900901794434
Bearing3_3,162,0.43783783783783786,-2.76839017868042
Bearing3_3,163,0.44054054054054054,-2.791219711303711
Bearing3_3,164,0.44324324324324327,-2.763896942138672
Bearing3_3,165,0.44594594594594594,-2.7915592193603516
Bearing3_3,166,0.4486486486486487,-2.780195951461792
Bearing3_3,167,0.45135135135135135,-2.7953639030456543
Bearing3_3,168,0.4540540540540541,-2.773516893386841
Bearing3_3,169,0.45675675675675675,-2.7088077068328857
Bearing3_3,170,0.4594594594594595,-2.7847182750701904
Bearing3_3,171,0.46216216216216216,-2.7578530311584473
Bearing3_3,172,0.4648648648648649,-2.719043016433716
Bearing3_3,173,0.46756756756756757,-2.702824115753174
Bearing3_3,174,0.4702702702702703,-2.768479347229004
Bearing3_3,175,0.47297297297297297,-2.784951686859131
Bearing3_3,176,0.4756756756756757,-2.7647199630737305
Bearing3_3,177,0.4783783783783784,-2.710428476333618
Bearing3_3,178,0.4810810810810811,-2.7869181632995605
Bearing3_3,179,0.4837837837837838,-2.812678575515747
Bearing3_3,180,0.4864864864864865,-2.79018497467041
Bearing3_3,181,0.4891891891891892,-2.781747817993164
Bearing3_3,182,0.4918918918918919,-2.7907462120056152
Bearing3_3,183,0.4945945945945946,-2.8385143280029297
Bearing3_3,184,0.4972972972972973,-2.843661308288574
Bearing3_3,185,0.5,-2.8332600593566895
Bearing3_3,186,0.5027027027027027,-2.9367780685424805
Bearing3_3,187,0.5054054054054054,-2.9974169731140137
Bearing3_3,188,0.5081081081081081,-3.0185773372650146
Bearing3_3,189,0.5108108108108108,-3.1099209785461426
Bearing3_3,190,0.5135135135135135,-3.0813584327697754
Bearing3_3,191,0.5162162162162162,-3.082353353500366
Bearing3_3,192,0.518918918918919,-3.065840482711792
Bearing3_3,193,0.5216216216216216,-3.0558133125305176
Bearing3_3,194,0.5243243243243243,-3.000692844390869
Bearing3_3,195,0.527027027027027,-2.9861557483673096
Bearing3_3,196,0.5297297297297298,-3.011078357696533
Bearing3_3,197,0.5324324324324324,-3.0202202796936035
Bearing3_3,198,0.5351351351351351,-3.0275118350982666
Bearing3_3,199,0.5378378378378378,-2.9051663875579834
Bearing3_3,200,0.5405405405405406,-2.898832082748413
Bearing3_3,201,0.5432432432432432,-2.945122241973877
Bearing3_3,202,0.5459459459459459,-2.9781057834625244
Bearing3_3,203,0.5486486486486486,-2.982740879058838
Bearing3_3,204,0.5513513513513514,-3.0852251052856445
Bearing3_3,205,0.5540540540540541,-3.178638458251953
Bearing3_3,206,0.5567567567567567,-3.1971335411071777
Bearing3_3,207,0.5594594594594594,-3.207942247390747
Bearing3_3,208,0.5621621621621622,-3.2382686138153076
Bearing3_3,209,0.5648648648648649,-3.335994005203247
Bearing3_3,210,0.5675675675675675,-3.451315402984619
Bearing3_3,211,0.5702702702702702,-3.47082257270813
Bearing3_3,212,0.572972972972973,-3.466989040374756
Bearing3_3,213,0.5756756756756757,-3.3920211791992188
Bearing3_3,214,0.5783783783783784,-3.2351131439208984
Bearing3_3,215,0.581081081081081,-3.1113991737365723
Bearing3_3,216,0.5837837837837838,-2.9937052726745605
Bearing3_3,217,0.5864864864864865,-2.9239046573638916
Bearing3_3,218,0.5891891891891892,-2.836714267730713
Bearing3_3,219,0.5918918918918918,-2.7819268703460693
Bearing3_3,220,0.5945945945945946,-2.6804299354553223
Bearing3_3,221,0.5972972972972973,-2.6912317276000977
Bearing3_3,222,0.6,-2.6275343894958496
Bearing3_3,223,0.6027027027027027,-2.6622257232666016
Bearing3_3,224,0.6054054054054054,-2.620011806488037
Bearing3_3,225,0.6081081081081081,-2.672900676727295
Bearing3_3,226,0.6108108108108108,-2.6837317943573
Bearing3_3,227,0.6135135135135135,-2.7240469455718994
Bearing3_3,228,0.6162162162162163,-2.768850088119507
Bearing3_3,229,0.6189189189189189,-2.801158905029297
Bearing3_3,230,0.6216216216216216,-2.831486225128174
Bearing3_3,231,0.6243243243243243,-2.7992119789123535
Bearing3_3,232,0.6270270270270271,-2.868452548980713
Bearing3_3,233,0.6297297297297297,-2.9278416633605957
Bearing3_3,234,0.6324324324324324,-2.8804211616516113
Bearing3_3,235,0.6351351351351351,-2.893866539001465
Bearing3_3,236,0.6378378378378379,-2.952807903289795
Bearing3_3,237,0.6405405405405405,-2.98183274269104
Bearing3_3,238,0.6432432432432432,-3.013997793197632
Bearing3_3,239,0.6459459459459459,-3.0203752517700195
Bearing3_3,240,0.6486486486486487,-3.046308755874634
Bearing3_3,241,0.6513513513513514,-3.0647811889648438
Bearing3_3,242,0.654054054054054,-3.1120409965515137
Bearing3_3,243,0.6567567567567567,-3.0915541648864746
Bearing3_3,244,0.6594594594594595,-3.2234528064727783
Bearing3_3,245,0.6621621621621622,-3.155731678009033
Bearing3_3,246,0.6648648648648648,-3.060692548751831
Bearing3_3,247,0.6675675675675675,-3.043870449066162
Bearing3_3,248,0.6702702702702703,-2.9185216426849365
Bearing3_3,249,0.672972972972973,-2.806720733642578
Bearing3_3,250,0.6756756756756757,-2.7572555541992188
Bearing3_3,251,0.6783783783783783,-2.6862540245056152
Bearing3_3,252,0.6810810810810811,-2.6673583984375
Bearing3_3,253,0.6837837837837838,-2.7435989379882812
Bearing3_3,254,0.6864864864864865,-2.7183494567871094
Bearing3_3,255,0.6891891891891891,-2.7958385944366455
Bearing3_3,256,0.6918918918918919,-2.8927412033081055
Bearing3_3,257,0.6945945945945946,-2.902585029602051
Bearing3_3,258,0.6972972972972973,-3.0329201221466064
Bearing3_3,259,0.7,-3.2133872509002686
Bearing3_3,260,0.7027027027027027,-3.200542449951172
Bearing3_3,261,0.7054054054054054,-3.1906650066375732
Bearing3_3,262,0.7081081081081081,-3.1678202152252197
Bearing3_3,263,0.7108108108108108,-3.099414348602295
Bearing3_3,264,0.7135135135135136,-3.175081491470337
Bearing3_3,265,0.7162162162162162,-3.2332053184509277
Bearing3_3,266,0.7189189189189189,-3.2022464275360107
Bearing3_3,267,0.7216216216216216,-3.230869770050049
Bearing3_3,268,0.7243243243243244,-3.2152256965637207
Bearing3_3,269,0.727027027027027,-3.11366605758667
Bearing3_3,270,0.7297297297297297,-3.205319881439209
Bearing3_3,271,0.7324324324324324,-3.2284553050994873
Bearing3_3,272,0.7351351351351352,-3.118828058242798
Bearing3_3,273,0.7378378378378379,-3.1467700004577637
Bearing3_3,274,0.7405405405405405,-3.1123154163360596
Bearing3_3,275,0.7432432432432432,-3.167893171310425
Bearing3_3,276,0.745945945945946,-3.1690757274627686
Bearing3_3,277,0.7486486486486487,-3.133690357208252
Bearing3_3,278,0.7513513513513513,-3.198352098464966
Bearing3_3,279,0.754054054054054,-3.2756729125976562
Bearing3_3,280,0.7567567567567568,-3.2704925537109375
Bearing3_3,281,0.7594594594594595,-3.270995616912842
Bearing3_3,282,0.7621621621621621,-3.3629963397979736
Bearing3_3,283,0.7648648648648648,-3.3663487434387207
Bearing3_3,284,0.7675675675675676,-3.4103477001190186
Bearing3_3,285,0.7702702702702703,-3.3035385608673096
Bearing3_3,286,0.772972972972973,-3.3666584491729736
Bearing3_3,287,0.7756756756756756,-3.361863374710083
Bearing3_3,288,0.7783783783783784,-3.2550628185272217
Bearing3_3,289,0.7810810810810811,-3.24833607673645
Bearing3_3,290,0.7837837837837838,-3.20007586479187
Bearing3_3,291,0.7864864864864864,-3.2853469848632812
Bearing3_3,292,0.7891891891891892,-3.277327060699463
Bearing3_3,293,0.7918918918918919,-3.1941440105438232
Bearing3_3,294,0.7945945945945946,-3.102360248565674
Bearing3_3,295,0.7972972972972973,-3.1011195182800293
Bearing3_3,296,0.8,-2.907106399536133
Bearing3_3,297,0.8027027027027027,-2.923452138900757
Bearing3_3,298,0.8054054054054054,-2.8124186992645264
Bearing3_3,299,0.8081081081081081,-2.6556315422058105
Bearing3_3,300,0.8108108108108109,-2.6090495586395264
Bearing3_3,301,0.8135135135135135,-2.533771276473999
Bearing3_3,302,0.8162162162162162,-2.5046706199645996
Bearing3_3,303,0.8189189189189189,-2.4607434272766113
Bearing3_3,304,0.8216216216216217,-2.4555511474609375
Bearing3_3,305,0.8243243243243243,-2.422636032104492
Bearing3_3,306,0.827027027027027,-2.5119919776916504
Bearing3_3,307,0.8297297297297297,-2.429081916809082
Bearing3_3,308,0.8324324324324325,-2.4841835498809814
Bearing3_3,309,0.8351351351351352,-2.641880512237549
Bearing3_3,310,0.8378378378378378,-2.758962869644165
Bearing3_3,311,0.8405405405405405,-2.709874391555786
Bearing3_3,312,0.8432432432432433,-2.6226797103881836
Bearing3_3,313,0.845945945945946,-2.563451051712036
Bearing3_3,314,0.8486486486486486,-2.565080165863037
Bearing3_3,315,0.8513513513513513,-2.474116325378418
Bearing3_3,316,0.8540540540540541,-2.4060981273651123
Bearing3_3,317,0.8567567567567568,-2.4209752082824707
Bearing3_3,318,0.8594594594594595,-2.3799068927764893
Bearing3_3,319,0.8621621621621621,-2.297422409057617
Bearing3_3,320,0.8648648648648649,-2.2295491695404053
Bearing3_3,321,0.8675675675675676,-2.2332797050476074
Bearing3_3,322,0.8702702702702703,-2.389862537384033
Bearing3_3,323,0.8729729729729729,-2.4873318672180176
Bearing3_3,324,0.8756756756756757,-2.4880757331848145
Bearing3_3,325,0.8783783783783784,-2.5964250564575195
Bearing3_3,326,0.8810810810810811,-2.685924768447876
Bearing3_3,327,0.8837837837837837,-2.683185338973999
Bearing3_3,328,0.8864864864864865,-2.7188949584960938
Bearing3_3,329,0.8891891891891892,-2.739114999771118
Bearing3_3,330,0.8918918918918919,-2.7336769104003906
Bearing3_3,331,0.8945945945945946,-2.8167052268981934
Bearing3_3,332,0.8972972972972973,-2.7754950523376465
Bearing3_3,333,0.9,-2.681173801422119
Bearing3_3,334,0.9027027027027027,-2.7953550815582275
Bearing3_3,335,0.9054054054054054,-2.912297010421753
Bearing3_3,336,0.9081081081081082,-2.938023328781128
Bearing3_3,337,0.9108108108108108,-3.093722105026245
Bearing3_3,338,0.9135135135135135,-3.1523942947387695
Bearing3_3,339,0.9162162162162162,-3.1323142051696777
Bearing3_3,340,0.918918918918919,-3.1097819805145264
Bearing3_3,341,0.9216216216216216,-3.2151851654052734
Bearing3_3,342,0.9243243243243243,-3.05440092086792
Bearing3_3,343,0.927027027027027,-2.7844178676605225
Bearing3_3,344,0.9297297297297298,-1.0166015625
Bearing3_3,345,0.9324324324324325,1.3919947147369385
Bearing3_3,346,0.9351351351351351,3.9835312366485596
Bearing3_3,347,0.9378378378378378,6.722452640533447
Bearing3_3,348,0.9405405405405406,9.487674713134766
Bearing3_3,349,0.9432432432432433,12.547175407409668
Bearing3_3,350,0.9459459459459459,15.457112312316895
Bearing3_3,351,0.9486486486486486,19.159351348876953
Bearing3_3,352,0.9513513513513514,22.854780197143555
Bearing3_3,353,0.9540540540540541,26.2242488861084
Bearing3_3,354,0.9567567567567568,28.538936614990234
Bearing3_3,355,0.9594594594594594,30.286800384521484
Bearing3_3,356,0.9621621621621622,31.721139907836914
Bearing3_3,357,0.9648648648648649,32.97582244873047
Bearing3_3,358,0.9675675675675676,34.05181121826172
Bearing3_3,359,0.9702702702702702,34.88113784790039
Bearing3_3,360,0.972972972972973,35.967018127441406
Bearing3_3,361,0.9756756756756757,36.57649230957031
Bearing3_3,362,0.9783783783783784,36.877647399902344
Bearing3_3,363,0.981081081081081,37.38032913208008
Bearing3_3,364,0.9837837837837838,37.66671371459961
Bearing3_3,365,0.9864864864864865,37.988136291503906
Bearing3_3,366,0.9891891891891892,38.35315704345703
Bearing3_3,367,0.9918918918918919,38.86530303955078
Bearing3_3,368,0.9945945945945946,39.44003677368164
Bearing3_3,369,0.9972972972972973,39.87944412231445
Bearing3_3,370,1.0,40.382240295410156
